Date,Open,High,Low,Close,Adj Close,Volume,Dividends,Stock Splits
1996-01-01 00:00:00+05:30,1.5149999856948853,1.5149999856948853,1.462499976158142,1.4900000095367432,1.149970293045044,700000,0.0,0.0
1996-01-02 00:00:00+05:30,1.4900000095367432,1.5125000476837158,1.475000023841858,1.4874999523162842,1.1480411291122437,824000,0.0,0.0
1996-01-03 00:00:00+05:30,1.4874999523162842,1.497499942779541,1.475000023841858,1.4924999475479126,1.1518999338150024,568000,0.0,0.0
1996-01-04 00:00:00+05:30,1.4924999475479126,1.4900000095367432,1.4700000286102295,1.4824999570846558,1.1441820859909058,564000,0.0,0.0
1996-01-05 00:00:00+05:30,1.4824999570846558,1.4900000095367432,1.475000023841858,1.4800000190734863,1.1422525644302368,378000,0.0,0.0
1996-01-08 00:00:00+05:30,1.4800000190734863,1.475000023841858,1.4550000429153442,1.462499976158142,1.1287461519241333,474000,0.0,0.0
1996-01-09 00:00:00+05:30,1.462499976158142,1.462499976158142,1.399999976158142,1.4149999618530273,1.092085838317871,966000,0.0,0.0
1996-01-10 00:00:00+05:30,1.4149999618530273,1.4325000047683716,1.4049999713897705,1.4199999570846558,1.0959450006484985,452000,0.0,0.0
1996-01-11 00:00:00+05:30,1.4199999570846558,1.440000057220459,1.399999976158142,1.4149999618530273,1.092085838317871,636000,0.0,0.0
1996-01-12 00:00:00+05:30,1.4149999618530273,1.4175000190734863,1.399999976158142,1.412500023841858,1.0901564359664917,862000,0.0,0.0
1996-01-15 00:00:00+05:30,1.412500023841858,1.4075000286102295,1.3875000476837158,1.3949999809265137,1.0766501426696777,362000,0.0,0.0
1996-01-16 00:00:00+05:30,1.3949999809265137,1.399999976158142,1.3700000047683716,1.3700000047683716,1.0573554039001465,716000,0.0,0.0
1996-01-17 00:00:00+05:30,1.3700000047683716,1.3975000381469727,1.315000057220459,1.3274999856948853,1.0245541334152222,858000,0.0,0.0
1996-01-18 00:00:00+05:30,1.3274999856948853,1.3274999856948853,1.2999999523162842,1.3200000524520874,1.018765926361084,660000,0.0,0.0
1996-01-19 00:00:00+05:30,1.3200000524520874,1.315000057220459,1.2675000429153442,1.277500033378601,0.9859647750854492,852000,0.0,0.0
1996-01-22 00:00:00+05:30,1.277500033378601,1.2949999570846558,1.2599999904632568,1.2725000381469727,0.9821056127548218,718000,0.0,0.0
1996-01-23 00:00:00+05:30,1.2725000381469727,1.2999999523162842,1.2549999952316284,1.2649999856948853,0.9763171672821045,798000,0.0,0.0
1996-01-24 00:00:00+05:30,1.2649999856948853,1.2649999856948853,1.225000023841858,1.2324999570846558,0.951233983039856,898000,0.0,0.0
1996-01-25 00:00:00+05:30,1.2324999570846558,1.225000023841858,1.2050000429153442,1.2174999713897705,0.9396570324897766,780000,0.0,0.0
1996-01-26 00:00:00+05:30,1.2174999713897705,1.2174999713897705,1.2174999713897705,1.2174999713897705,0.9396570324897766,0,0.0,0.0
1996-01-29 00:00:00+05:30,1.2174999713897705,1.247499942779541,1.1974999904632568,1.2424999475479126,0.9589517116546631,622000,0.0,0.0
1996-01-30 00:00:00+05:30,1.2424999475479126,1.274999976158142,1.2424999475479126,1.2599999904632568,0.9724584221839905,904000,0.0,0.0
1996-01-31 00:00:00+05:30,1.2599999904632568,1.3174999952316284,1.274999976158142,1.2949999570846558,0.9994709491729736,688000,0.0,0.0
1996-02-01 00:00:00+05:30,1.2949999570846558,1.399999976158142,1.2999999523162842,1.3899999856948853,1.0727914571762085,848000,0.0,0.0
1996-02-02 00:00:00+05:30,1.3899999856948853,1.497499942779541,1.399999976158142,1.4574999809265137,1.1248873472213745,1638000,0.0,0.0
1996-02-05 00:00:00+05:30,1.4574999809265137,1.5499999523162842,1.475000023841858,1.497499942779541,1.1557589769363403,1812000,0.0,0.0
1996-02-06 00:00:00+05:30,1.497499942779541,1.524999976158142,1.475000023841858,1.4874999523162842,1.1480411291122437,1776000,0.0,0.0
1996-02-07 00:00:00+05:30,1.4874999523162842,1.462499976158142,1.412500023841858,1.4325000047683716,1.1055926084518433,1172000,0.0,0.0
1996-02-08 00:00:00+05:30,1.4325000047683716,1.5750000476837158,1.4424999952316284,1.5225000381469727,1.175053596496582,1334000,0.0,0.0
1996-02-09 00:00:00+05:30,1.5225000381469727,1.8274999856948853,1.6749999523162842,1.8250000476837158,1.4085208177566528,3440000,0.0,0.0
1996-02-12 00:00:00+05:30,1.8250000476837158,1.8975000381469727,1.725000023841858,1.7549999952316284,1.3544957637786865,5702000,0.0,0.0
1996-02-13 00:00:00+05:30,1.7999999523162842,1.7999999523162842,1.662500023841858,1.725000023841858,1.3313416242599487,2902000,0.0,0.0
1996-02-14 00:00:00+05:30,1.725000023841858,1.899999976158142,1.7949999570846558,1.8550000190734863,1.431674838066101,4928000,0.0,0.0
1996-02-15 00:00:00+05:30,1.8550000190734863,1.8849999904632568,1.8350000381469727,1.8424999713897705,1.4220272302627563,2382000,0.0,0.0
1996-02-16 00:00:00+05:30,1.8424999713897705,1.837499976158142,1.7549999952316284,1.7799999713897705,1.37378990650177,2792000,0.0,0.0
1996-02-19 00:00:00+05:30,1.7799999713897705,1.8250000476837158,1.75,1.7575000524520874,1.3564249277114868,2594000,0.0,0.0
1996-02-20 00:00:00+05:30,1.7575000524520874,1.7575000524520874,1.652500033378601,1.6825000047683716,1.2985408306121826,2722000,0.0,0.0
1996-02-21 00:00:00+05:30,1.6825000047683716,1.6825000047683716,1.6825000047683716,1.6825000047683716,1.2985408306121826,0,0.0,0.0
1996-02-22 00:00:00+05:30,1.6825000047683716,1.7374999523162842,1.7000000476837158,1.712499976158142,1.321694254875183,1696000,0.0,0.0
1996-02-23 00:00:00+05:30,1.712499976158142,1.75,1.7000000476837158,1.7100000381469727,1.3197648525238037,1374000,0.0,0.0
1996-02-26 00:00:00+05:30,1.7100000381469727,1.7374999523162842,1.6875,1.6924999952316284,1.3062583208084106,1294000,0.0,0.0
1996-02-27 00:00:00+05:30,1.6950000524520874,1.712499976158142,1.649999976158142,1.6974999904632568,1.310117483139038,1682000,0.0,0.0
1996-02-28 00:00:00+05:30,1.6974999904632568,1.722499966621399,1.652500033378601,1.662500023841858,1.2831047773361206,844000,0.0,0.0
1996-02-29 00:00:00+05:30,1.649999976158142,1.649999976158142,1.5,1.5325000286102295,1.1827715635299683,2550000,0.0,0.0
1996-03-01 00:00:00+05:30,1.5325000286102295,1.5750000476837158,1.5,1.5549999475479126,1.2001372575759888,1464000,0.0,0.0
1996-03-04 00:00:00+05:30,1.5549999475479126,1.5499999523162842,1.524999976158142,1.5325000286102295,1.1827715635299683,1294000,0.0,0.0
1996-03-05 00:00:00+05:30,1.5325000286102295,1.5325000286102295,1.5325000286102295,1.5325000286102295,1.1827715635299683,0,0.0,0.0
1996-03-06 00:00:00+05:30,1.5325000286102295,1.5750000476837158,1.5399999618530273,1.5499999523162842,1.1962779760360718,720000,0.0,0.0
1996-03-07 00:00:00+05:30,1.5499999523162842,1.5750000476837158,1.5125000476837158,1.5299999713897705,1.1808422803878784,972000,0.0,0.0
1996-03-08 00:00:00+05:30,1.5299999713897705,1.534999966621399,1.5,1.524999976158142,1.17698335647583,774000,0.0,0.0
1996-03-11 00:00:00+05:30,1.524999976158142,1.5225000381469727,1.4874999523162842,1.497499942779541,1.1557589769363403,648000,0.0,0.0
1996-03-12 00:00:00+05:30,1.497499942779541,1.497499942779541,1.465000033378601,1.4774999618530273,1.1403231620788574,800000,0.0,0.0
1996-03-13 00:00:00+05:30,1.4774999618530273,1.5499999523162842,1.5,1.5399999618530273,1.1885603666305542,972000,0.0,0.0
1996-03-14 00:00:00+05:30,1.5399999618530273,1.5750000476837158,1.5225000381469727,1.534999966621399,1.1847010850906372,1058000,0.0,0.0
1996-03-15 00:00:00+05:30,1.5499999523162842,1.5499999523162842,1.5,1.5,1.1576881408691406,1614000,0.0,0.0
1996-03-18 00:00:00+05:30,1.5,1.5125000476837158,1.465000033378601,1.4924999475479126,1.1518999338150024,776000,0.0,0.0
1996-03-19 00:00:00+05:30,1.4924999475479126,1.5,1.4500000476837158,1.4774999618530273,1.1403231620788574,1234000,0.0,0.0
1996-03-20 00:00:00+05:30,1.4774999618530273,1.4774999618530273,1.4774999618530273,1.4774999618530273,1.1403231620788574,0,0.0,0.0
1996-03-21 00:00:00+05:30,1.4774999618530273,1.5075000524520874,1.475000023841858,1.502500057220459,1.1596177816390991,1286000,0.0,0.0
1996-03-22 00:00:00+05:30,1.502500057220459,1.5099999904632568,1.4674999713897705,1.497499942779541,1.1557589769363403,388000,0.0,0.0
1996-03-25 00:00:00+05:30,1.497499942779541,1.524999976158142,1.4900000095367432,1.5125000476837158,1.167335867881775,826000,0.0,0.0
1996-03-26 00:00:00+05:30,1.5125000476837158,1.5399999618530273,1.4900000095367432,1.5225000381469727,1.175053596496582,1286000,0.0,0.0
1996-03-27 00:00:00+05:30,1.5225000381469727,1.5549999475479126,1.5149999856948853,1.5499999523162842,1.1962779760360718,1590000,0.0,0.0
1996-03-28 00:00:00+05:30,1.5499999523162842,1.6375000476837158,1.565000057220459,1.6050000190734863,1.2387264966964722,2248000,0.0,0.0
1996-03-29 00:00:00+05:30,1.6050000190734863,1.6549999713897705,1.600000023841858,1.622499942779541,1.2522329092025757,2712000,0.0,0.0
1996-04-01 00:00:00+05:30,1.622499942779541,1.649999976158142,1.6200000047683716,1.6449999809265137,1.2695982456207275,1926000,0.0,0.0
1996-04-02 00:00:00+05:30,1.6449999809265137,1.725000023841858,1.6399999856948853,1.7000000476837158,1.312047004699707,3670000,0.0,0.0
1996-04-03 00:00:00+05:30,1.7000000476837158,1.7999999523162842,1.7000000476837158,1.7450000047683716,1.3467775583267212,4164000,0.0,0.0
1996-04-04 00:00:00+05:30,1.7450000047683716,1.7274999618530273,1.6749999523162842,1.7024999856948853,1.3139764070510864,2268000,0.0,0.0
1996-04-05 00:00:00+05:30,1.7024999856948853,1.7024999856948853,1.7024999856948853,1.7024999856948853,1.3139764070510864,0,0.0,0.0
1996-04-08 00:00:00+05:30,1.7024999856948853,1.7350000143051147,1.7050000429153442,1.725000023841858,1.3313416242599487,1850000,0.0,0.0
1996-04-09 00:00:00+05:30,1.725000023841858,1.7300000190734863,1.6775000095367432,1.6924999952316284,1.3062583208084106,2438000,0.0,0.0
1996-04-10 00:00:00+05:30,1.6924999952316284,1.7300000190734863,1.6200000047683716,1.6425000429153442,1.2676688432693481,1808000,0.0,0.0
1996-04-11 00:00:00+05:30,1.625,1.6699999570846558,1.625,1.6675000190734863,1.286963701248169,1262000,0.0,0.0
1996-04-12 00:00:00+05:30,1.6675000190734863,1.6924999952316284,1.6399999856948853,1.6749999523162842,1.2927519083023071,1128000,0.0,0.0
1996-04-15 00:00:00+05:30,1.7050000429153442,1.7274999618530273,1.6875,1.712499976158142,1.321694254875183,1976000,0.0,0.0
1996-04-16 00:00:00+05:30,1.7100000381469727,1.7174999713897705,1.6799999475479126,1.6875,1.3023993968963623,1566000,0.0,0.0
1996-04-17 00:00:00+05:30,1.6875,1.7625000476837158,1.712499976158142,1.752500057220459,1.352566123008728,3092000,0.0,0.0
1996-04-18 00:00:00+05:30,1.774999976158142,1.847499966621399,1.752500057220459,1.8274999856948853,1.4104502201080322,5412000,0.0,0.0
1996-04-19 00:00:00+05:30,1.850000023841858,2.012500047683716,1.8125,1.9225000143051147,1.483770728111267,12700000,0.0,0.0
1996-04-22 00:00:00+05:30,2.0,2.049999952316284,1.8524999618530273,1.8849999904632568,1.4548285007476807,11286000,0.0,0.0
1996-04-23 00:00:00+05:30,1.8849999904632568,1.8949999809265137,1.815000057220459,1.8550000190734863,1.431674838066101,6428000,0.0,0.0
1996-04-24 00:00:00+05:30,1.9474999904632568,2.0250000953674316,1.899999976158142,1.9225000143051147,1.483770728111267,10686000,0.0,0.0
1996-04-25 00:00:00+05:30,1.9500000476837158,1.9500000476837158,1.8049999475479126,1.8424999713897705,1.4220272302627563,6666000,0.0,0.0
1996-04-26 00:00:00+05:30,1.8424999713897705,1.8975000381469727,1.8125,1.850000023841858,1.427815556526184,4078000,0.0,0.0
1996-04-29 00:00:00+05:30,1.850000023841858,1.8674999475479126,1.8200000524520874,1.8424999713897705,1.4220272302627563,2700000,0.0,0.0
1996-04-30 00:00:00+05:30,1.8424999713897705,1.850000023841858,1.752500057220459,1.7725000381469727,1.3680018186569214,5402000,0.0,0.0
1996-05-01 00:00:00+05:30,1.7725000381469727,1.8875000476837158,1.8049999475479126,1.8125,1.3988734483718872,3324000,0.0,0.0
1996-05-02 00:00:00+05:30,1.840000033378601,1.840000033378601,1.7725000381469727,1.7825000286102295,1.3757197856903076,2340000,0.0,0.0
1996-05-03 00:00:00+05:30,1.7825000286102295,1.784999966621399,1.7450000047683716,1.75,1.3506367206573486,3558000,0.0,0.0
1996-05-06 00:00:00+05:30,1.75,1.75,1.6749999523162842,1.690000057220459,1.3043291568756104,2720000,0.0,0.0
1996-05-07 00:00:00+05:30,1.690000057220459,1.7200000286102295,1.6749999523162842,1.7074999809265137,1.3178355693817139,3642000,0.0,0.0
1996-05-08 00:00:00+05:30,1.600000023841858,1.75,1.600000023841858,1.7424999475479126,1.3448481559753418,3234000,0.0,0.0
1996-05-09 00:00:00+05:30,1.7424999475479126,1.747499942779541,1.690000057220459,1.7024999856948853,1.3139764070510864,2230000,0.0,0.0
1996-05-10 00:00:00+05:30,1.7024999856948853,1.6974999904632568,1.6200000047683716,1.6924999952316284,1.3062583208084106,2742000,0.0,0.0
1996-05-13 00:00:00+05:30,1.6924999952316284,1.712499976158142,1.6749999523162842,1.7100000381469727,1.3197648525238037,1424000,0.0,0.0
1996-05-14 00:00:00+05:30,1.7424999475479126,1.7424999475479126,1.6875,1.712499976158142,1.321694254875183,2384000,0.0,0.0
1996-05-15 00:00:00+05:30,1.712499976158142,1.75,1.7000000476837158,1.7400000095367432,1.3429186344146729,3216000,0.0,0.0
1996-05-16 00:00:00+05:30,1.7400000095367432,1.8350000381469727,1.7575000524520874,1.787500023841858,1.3795785903930664,5342000,0.0,0.0
1996-05-17 00:00:00+05:30,1.774999976158142,1.774999976158142,1.7374999523162842,1.7649999856948853,1.362213373184204,2770000,0.0,0.0
1996-05-20 00:00:00+05:30,1.7374999523162842,1.7400000095367432,1.7000000476837158,1.7024999856948853,1.3139764070510864,1866000,0.0,0.0
1996-05-21 00:00:00+05:30,1.7000000476837158,1.7000000476837158,1.662500023841858,1.6675000190734863,1.286963701248169,3288000,0.0,0.0
1996-05-22 00:00:00+05:30,1.6675000190734863,1.7100000381469727,1.684999942779541,1.6875,1.3023993968963623,1290000,0.0,0.0
1996-05-23 00:00:00+05:30,1.7000000476837158,1.7000000476837158,1.6675000190734863,1.6749999523162842,1.2927519083023071,722000,0.0,0.0
1996-05-24 00:00:00+05:30,1.6749999523162842,1.7000000476837158,1.6749999523162842,1.6924999952316284,1.3062583208084106,946000,0.0,0.0
1996-05-27 00:00:00+05:30,1.6924999952316284,1.6924999952316284,1.662500023841858,1.6699999570846558,1.2888929843902588,2724000,0.0,0.0
1996-05-28 00:00:00+05:30,1.6699999570846558,1.7000000476837158,1.649999976158142,1.6950000524520874,1.3081879615783691,2780000,0.0,0.0
1996-05-29 00:00:00+05:30,1.6950000524520874,1.725000023841858,1.6974999904632568,1.722499966621399,1.3294119834899902,2628000,0.0,0.0
1996-05-30 00:00:00+05:30,1.75,1.75,1.6875,1.7050000429153442,1.3159056901931763,1608000,0.0,0.0
1996-05-31 00:00:00+05:30,1.7050000429153442,1.715000033378601,1.684999942779541,1.7074999809265137,1.3178355693817139,972000,0.0,0.0
1996-06-03 00:00:00+05:30,1.7074999809265137,1.75,1.7074999809265137,1.725000023841858,1.3313416242599487,1532000,0.0,0.0
1996-06-04 00:00:00+05:30,1.725000023841858,1.7374999523162842,1.6875,1.7000000476837158,1.312047004699707,3396000,0.0,0.0
1996-06-05 00:00:00+05:30,1.7000000476837158,1.725000023841858,1.6950000524520874,1.7024999856948853,1.3139764070510864,874000,0.0,0.0
1996-06-06 00:00:00+05:30,1.722499966621399,1.7300000190734863,1.7024999856948853,1.7174999713897705,1.325553059577942,1244000,0.0,0.0
1996-06-07 00:00:00+05:30,1.7100000381469727,1.722499966621399,1.7024999856948853,1.7174999713897705,1.325553059577942,810000,0.0,0.0
1996-06-10 00:00:00+05:30,1.7324999570846558,1.7324999570846558,1.712499976158142,1.7200000286102295,1.32748281955719,1720000,0.0,0.0
1996-06-11 00:00:00+05:30,1.7350000143051147,1.7350000143051147,1.7000000476837158,1.715000033378601,1.3236238956451416,2108000,0.0,0.0
1996-06-12 00:00:00+05:30,1.725000023841858,1.7725000381469727,1.7200000286102295,1.7549999952316284,1.3544957637786865,3314000,0.0,0.0
1996-06-13 00:00:00+05:30,1.7549999952316284,1.940000057220459,1.75,1.9375,1.4953476190567017,14640000,0.0,0.0
1996-06-14 00:00:00+05:30,1.962499976158142,2.0850000381469727,1.962499976158142,2.0225000381469727,1.5609499216079712,18072000,0.0,0.0
1996-06-17 00:00:00+05:30,2.0250000953674316,2.065000057220459,1.9249999523162842,1.934999942779541,1.4934180974960327,13624000,0.0,0.0
1996-06-18 00:00:00+05:30,1.9249999523162842,1.9500000476837158,1.875,1.9149999618530273,1.4779822826385498,9416000,0.0,0.0
1996-06-19 00:00:00+05:30,1.9674999713897705,1.975000023841858,1.8875000476837158,1.899999976158142,1.4664053916931152,6844000,0.0,0.0
1996-06-20 00:00:00+05:30,1.875,1.899999976158142,1.850000023841858,1.8825000524520874,1.4528990983963013,5962000,0.0,0.0
1996-06-21 00:00:00+05:30,1.850000023841858,1.8825000524520874,1.8274999856948853,1.840000033378601,1.4200979471206665,4728000,0.0,0.0
1996-06-24 00:00:00+05:30,1.8550000190734863,1.8550000190734863,1.7999999523162842,1.8300000429153442,1.4123799800872803,3862000,0.0,0.0
1996-06-25 00:00:00+05:30,1.837499976158142,1.840000033378601,1.8049999475479126,1.8200000524520874,1.4046616554260254,8000000,0.0,0.0
1996-06-26 00:00:00+05:30,1.9249999523162842,2.012500047683716,1.9249999523162842,1.9574999809265137,1.5107835531234741,28122000,0.0,0.0
1996-06-27 00:00:00+05:30,1.9550000429153442,1.972499966621399,1.902500033378601,1.965000033378601,1.5165715217590332,15964000,0.0,0.0
1996-06-28 00:00:00+05:30,1.9800000190734863,2.0250000953674316,1.9550000429153442,1.9950000047683716,1.5397253036499023,29918000,0.0,0.0
1996-07-01 00:00:00+05:30,2.005000114440918,2.012500047683716,1.9375,1.9524999856948853,1.5069243907928467,22668000,0.0,0.0
1996-07-02 00:00:00+05:30,1.962499976158142,1.9900000095367432,1.9375,1.9474999904632568,1.5030652284622192,12078000,0.0,0.0
1996-07-03 00:00:00+05:30,1.9375,1.9500000476837158,1.9149999618530273,1.9275000095367432,1.4876298904418945,15710000,0.0,0.0
1996-07-04 00:00:00+05:30,1.9149999618530273,1.9550000429153442,1.8875000476837158,1.9299999475479126,1.4895590543746948,18954000,0.0,0.0
1996-07-05 00:00:00+05:30,1.9275000095367432,1.9550000429153442,1.9249999523162842,1.9275000095367432,1.4876298904418945,6138000,0.0,0.0
1996-07-08 00:00:00+05:30,1.965000033378601,1.965000033378601,1.9275000095367432,1.9375,1.4953476190567017,3854000,0.0,0.0
1996-07-09 00:00:00+05:30,1.9375,1.940000057220459,1.909999966621399,1.9175000190734863,1.4799121618270874,6828000,0.0,0.0
1996-07-10 00:00:00+05:30,1.9049999713897705,1.9249999523162842,1.8875000476837158,1.9149999618530273,1.4779822826385498,7834000,0.0,0.0
1996-07-11 00:00:00+05:30,1.912500023841858,1.9325000047683716,1.912500023841858,1.9149999618530273,1.4779822826385498,2592000,0.0,0.0
1996-07-12 00:00:00+05:30,1.9075000286102295,1.9199999570846558,1.8899999856948853,1.909999966621399,1.4741233587265015,2400000,0.0,0.0
1996-07-15 00:00:00+05:30,1.9049999713897705,1.9225000143051147,1.8875000476837158,1.9149999618530273,1.4779822826385498,5116000,0.0,0.0
1996-07-16 00:00:00+05:30,1.912500023841858,1.9375,1.8849999904632568,1.902500033378601,1.4683350324630737,6754000,0.0,0.0
1996-07-17 00:00:00+05:30,1.8975000381469727,1.899999976158142,1.809999942779541,1.8849999904632568,1.4548285007476807,11164000,0.0,0.0
1996-07-18 00:00:00+05:30,1.875,1.8975000381469727,1.8524999618530273,1.8700000047683716,1.4432514905929565,4170000,0.0,0.0
1996-07-19 00:00:00+05:30,1.875,1.8875000476837158,1.850000023841858,1.8799999952316284,1.4509693384170532,4696000,0.0,0.0
1996-07-22 00:00:00+05:30,1.912500023841858,1.912500023841858,1.8550000190734863,1.875,1.447110652923584,1726000,0.0,0.0
1996-07-23 00:00:00+05:30,1.877500057220459,1.877500057220459,1.8274999856948853,1.840000033378601,1.4200979471206665,7390000,0.0,0.0
1996-07-24 00:00:00+05:30,1.8300000429153442,1.8300000429153442,1.7374999523162842,1.809999942779541,1.3969441652297974,12120000,0.0,0.0
1996-07-25 00:00:00+05:30,1.7999999523162842,1.8250000476837158,1.7899999618530273,1.8049999475479126,1.39308500289917,5084000,0.0,0.0
1996-07-26 00:00:00+05:30,1.7899999618530273,1.8350000381469727,1.7825000286102295,1.815000057220459,1.4008033275604248,13278000,0.0,0.0
1996-07-29 00:00:00+05:30,1.8250000476837158,1.9225000143051147,1.8075000047683716,1.809999942779541,1.3969441652297974,8280000,0.0,0.0
1996-07-30 00:00:00+05:30,1.7999999523162842,1.7999999523162842,1.6449999809265137,1.7675000429153442,1.3641431331634521,24798000,0.0,0.0
1996-07-31 00:00:00+05:30,1.7300000190734863,1.774999976158142,1.6775000095367432,1.7599999904632568,1.3583542108535767,5940000,0.0,0.0
1996-08-01 00:00:00+05:30,1.774999976158142,1.784999966621399,1.75,1.774999976158142,1.3699315786361694,2194000,0.0,0.0
1996-08-02 00:00:00+05:30,1.8125,1.8125,1.7549999952316284,1.7925000190734863,1.3834381103515625,1644000,0.0,0.0
1996-08-05 00:00:00+05:30,1.774999976158142,1.850000023841858,1.774999976158142,1.8075000047683716,1.3950145244598389,2908000,0.0,0.0
1996-08-06 00:00:00+05:30,1.8025000095367432,1.899999976158142,1.8025000095367432,1.8875000476837158,1.4567581415176392,4700000,0.0,0.0
1996-08-07 00:00:00+05:30,1.850000023841858,1.872499942779541,1.8250000476837158,1.8424999713897705,1.4220272302627563,1362000,0.0,0.0
1996-08-08 00:00:00+05:30,1.850000023841858,1.8574999570846558,1.8250000476837158,1.8324999809265137,1.4143091440200806,742000,0.0,0.0
1996-08-09 00:00:00+05:30,1.8174999952316284,1.837499976158142,1.809999942779541,1.8174999952316284,1.4027326107025146,656000,0.0,0.0
1996-08-12 00:00:00+05:30,1.8274999856948853,1.8274999856948853,1.7999999523162842,1.8075000047683716,1.3950145244598389,1660000,0.0,0.0
1996-08-13 00:00:00+05:30,1.7999999523162842,1.8125,1.787500023841858,1.8025000095367432,1.3911559581756592,1678000,0.0,0.0
1996-08-14 00:00:00+05:30,1.8049999475479126,1.8075000047683716,1.774999976158142,1.7799999713897705,1.37378990650177,1310000,0.0,0.0
1996-08-15 00:00:00+05:30,1.7799999713897705,1.7799999713897705,1.7799999713897705,1.7799999713897705,1.37378990650177,0,0.0,0.0
1996-08-16 00:00:00+05:30,1.774999976158142,1.787500023841858,1.7649999856948853,1.7675000429153442,1.3641431331634521,604000,0.0,0.0
1996-08-19 00:00:00+05:30,1.8250000476837158,1.8250000476837158,1.7200000286102295,1.75,1.3506367206573486,1220000,0.0,0.0
1996-08-20 00:00:00+05:30,1.7350000143051147,1.7649999856948853,1.662500023841858,1.6749999523162842,1.2927519083023071,3964000,0.0,0.0
1996-08-21 00:00:00+05:30,1.725000023841858,1.7999999523162842,1.725000023841858,1.7549999952316284,1.3544957637786865,1570000,0.0,0.0
1996-08-22 00:00:00+05:30,1.774999976158142,1.7999999523162842,1.7400000095367432,1.747499942779541,1.348706603050232,976000,0.0,0.0
1996-08-23 00:00:00+05:30,1.7400000095367432,1.7575000524520874,1.7400000095367432,1.75,1.3506367206573486,1724000,0.0,0.0
1996-08-26 00:00:00+05:30,1.7549999952316284,1.774999976158142,1.747499942779541,1.7699999809265137,1.3660725355148315,2050000,0.0,0.0
1996-08-27 00:00:00+05:30,1.7599999904632568,1.8125,1.7575000524520874,1.7999999523162842,1.3892261981964111,1810000,0.0,0.0
1996-08-28 00:00:00+05:30,1.7899999618530273,1.8200000524520874,1.7899999618530273,1.815000057220459,1.4008033275604248,1598000,0.0,0.0
1996-08-29 00:00:00+05:30,1.7999999523162842,1.847499966621399,1.7975000143051147,1.8274999856948853,1.4104502201080322,1944000,0.0,0.0
1996-08-30 00:00:00+05:30,1.8025000095367432,1.847499966621399,1.8025000095367432,1.8424999713897705,1.4220272302627563,1114000,0.0,0.0
1996-09-02 00:00:00+05:30,1.850000023841858,1.8574999570846558,1.8274999856948853,1.8524999618530273,1.4297449588775635,906000,0.0,0.0
1996-09-03 00:00:00+05:30,1.8975000381469727,1.8975000381469727,1.7949999570846558,1.8200000524520874,1.4046616554260254,2128000,0.0,0.0
1996-09-04 00:00:00+05:30,1.7999999523162842,1.8300000429153442,1.7999999523162842,1.8274999856948853,1.4104502201080322,1492000,0.0,0.0
1996-09-05 00:00:00+05:30,1.837499976158142,1.8700000047683716,1.8324999809265137,1.850000023841858,1.427815556526184,2746000,0.0,0.0
1996-09-06 00:00:00+05:30,1.8450000286102295,1.8624999523162842,1.8324999809265137,1.8524999618530273,1.4297449588775635,1140000,0.0,0.0
1996-09-09 00:00:00+05:30,1.8600000143051147,1.8600000143051147,1.840000033378601,1.850000023841858,1.427815556526184,2472000,0.0,0.0
1996-09-10 00:00:00+05:30,1.8424999713897705,1.8624999523162842,1.8350000381469727,1.8600000143051147,1.4355336427688599,3004000,0.0,0.0
1996-09-11 00:00:00+05:30,1.8700000047683716,1.8700000047683716,1.8450000286102295,1.8624999523162842,1.4374632835388184,2326000,0.0,0.0
1996-09-12 00:00:00+05:30,1.850000023841858,1.8624999523162842,1.837499976158142,1.8574999570846558,1.43360435962677,1342000,0.0,0.0
1996-09-13 00:00:00+05:30,1.847499966621399,1.8700000047683716,1.847499966621399,1.8624999523162842,1.4374632835388184,616000,0.0,0.0
1996-09-16 00:00:00+05:30,1.8324999809265137,1.8700000047683716,1.8324999809265137,1.8574999570846558,1.43360435962677,1282000,0.0,0.0
1996-09-17 00:00:00+05:30,1.8600000143051147,1.899999976158142,1.850000023841858,1.8825000524520874,1.4528990983963013,1294000,0.0,0.0
1996-09-18 00:00:00+05:30,1.8624999523162842,1.872499942779541,1.850000023841858,1.8600000143051147,1.4355336427688599,826000,0.0,0.0
1996-09-19 00:00:00+05:30,1.8624999523162842,1.875,1.837499976158142,1.8424999713897705,1.4220272302627563,528000,0.0,0.0
1996-09-20 00:00:00+05:30,1.837499976158142,1.850000023841858,1.8174999952316284,1.8274999856948853,1.4104502201080322,564000,0.0,0.0
1996-09-23 00:00:00+05:30,1.8200000524520874,1.8300000429153442,1.787500023841858,1.8200000524520874,1.4046616554260254,1188000,0.0,0.0
1996-09-24 00:00:00+05:30,1.8049999475479126,1.8300000429153442,1.8025000095367432,1.8125,1.3988734483718872,1210000,0.0,0.0
1996-09-25 00:00:00+05:30,1.7799999713897705,1.8450000286102295,1.7799999713897705,1.815000057220459,1.4008033275604248,460000,0.0,0.0
1996-09-26 00:00:00+05:30,1.8049999475479126,1.8125,1.7975000143051147,1.8075000047683716,1.3950145244598389,644000,0.0,0.0
1996-09-27 00:00:00+05:30,1.8025000095367432,1.8250000476837158,1.7699999809265137,1.8025000095367432,1.3911559581756592,1810000,0.0,0.0
1996-09-30 00:00:00+05:30,1.7549999952316284,1.8025000095367432,1.7549999952316284,1.7899999618530273,1.381508231163025,828000,0.0,0.0
1996-10-01 00:00:00+05:30,1.7899999618530273,1.8450000286102295,1.7599999904632568,1.815000057220459,1.4008033275604248,2288000,0.0,0.0
1996-10-02 00:00:00+05:30,1.815000057220459,1.815000057220459,1.815000057220459,1.815000057220459,1.4008033275604248,0,0.0,0.0
1996-10-03 00:00:00+05:30,1.8424999713897705,1.8424999713897705,1.774999976158142,1.777500033378601,1.3718607425689697,1320000,0.0,0.0
1996-10-04 00:00:00+05:30,1.7549999952316284,1.8125,1.7549999952316284,1.7899999618530273,1.381508231163025,1614000,0.0,0.0
1996-10-07 00:00:00+05:30,1.7599999904632568,1.774999976158142,1.6749999523162842,1.725000023841858,1.3313416242599487,2570000,0.0,0.0
1996-10-08 00:00:00+05:30,1.652500033378601,1.7374999523162842,1.652500033378601,1.7024999856948853,1.3139764070510864,1570000,0.0,0.0
1996-10-09 00:00:00+05:30,1.784999966621399,1.784999966621399,1.6825000047683716,1.7274999618530273,1.3332710266113281,1328000,0.0,0.0
1996-10-10 00:00:00+05:30,1.7424999475479126,1.7625000476837158,1.725000023841858,1.752500057220459,1.352566123008728,794000,0.0,0.0
1996-10-11 00:00:00+05:30,1.7725000381469727,1.7999999523162842,1.7400000095367432,1.75,1.3506367206573486,420000,0.0,0.0
1996-10-14 00:00:00+05:30,1.75,1.75,1.715000033378601,1.722499966621399,1.3294119834899902,498000,0.0,0.0
1996-10-15 00:00:00+05:30,1.7100000381469727,1.7925000190734863,1.7000000476837158,1.7649999856948853,1.362213373184204,1206000,0.0,0.0
1996-10-16 00:00:00+05:30,1.7000000476837158,1.7949999570846558,1.7000000476837158,1.75,1.3506367206573486,600000,0.0,0.0
1996-10-17 00:00:00+05:30,1.7374999523162842,1.7625000476837158,1.7350000143051147,1.7575000524520874,1.3564249277114868,606000,0.0,0.0
1996-10-18 00:00:00+05:30,1.7625000476837158,1.7925000190734863,1.75,1.774999976158142,1.3699315786361694,2012000,0.0,0.0
1996-10-21 00:00:00+05:30,1.774999976158142,1.774999976158142,1.774999976158142,1.774999976158142,1.3699315786361694,0,0.0,0.0
1996-10-22 00:00:00+05:30,1.872499942779541,1.8975000381469727,1.8250000476837158,1.8700000047683716,1.4432514905929565,1718000,0.0,0.0
1996-10-23 00:00:00+05:30,1.9450000524520874,2.0,1.9049999713897705,1.962499976158142,1.5146424770355225,2168000,0.0,0.0
1996-10-24 00:00:00+05:30,1.9500000476837158,1.9700000286102295,1.8324999809265137,1.850000023841858,1.427815556526184,1642000,0.0,0.0
1996-10-25 00:00:00+05:30,1.840000033378601,1.8849999904632568,1.8324999809265137,1.8799999952316284,1.4509693384170532,594000,0.0,0.0
1996-10-28 00:00:00+05:30,1.8799999952316284,1.912500023841858,1.875,1.902500033378601,1.4683350324630737,1226000,0.0,0.0
1996-10-29 00:00:00+05:30,1.8849999904632568,1.934999942779541,1.8849999904632568,1.9149999618530273,1.4779822826385498,1556000,0.0,0.0
1996-10-30 00:00:00+05:30,1.9149999618530273,1.9149999618530273,1.9149999618530273,1.9149999618530273,1.4779822826385498,0,0.0,0.0
1996-10-31 00:00:00+05:30,1.912500023841858,1.9500000476837158,1.8424999713897705,1.8849999904632568,1.4548285007476807,1462000,0.0,0.0
1996-11-01 00:00:00+05:30,1.875,1.9199999570846558,1.875,1.9075000286102295,1.472193717956543,1244000,0.0,0.0
1996-11-04 00:00:00+05:30,1.8524999618530273,1.9249999523162842,1.8524999618530273,1.9175000190734863,1.4799121618270874,1388000,0.0,0.0
1996-11-05 00:00:00+05:30,1.909999966621399,1.9249999523162842,1.8875000476837158,1.9075000286102295,1.472193717956543,1142000,0.0,0.0
1996-11-06 00:00:00+05:30,1.8975000381469727,1.912500023841858,1.8600000143051147,1.9075000286102295,1.472193717956543,1194000,0.0,0.0
1996-11-07 00:00:00+05:30,1.8949999809265137,1.912500023841858,1.8949999809265137,1.899999976158142,1.4664053916931152,778000,0.0,0.0
1996-11-08 00:00:00+05:30,1.9049999713897705,1.9199999570846558,1.899999976158142,1.9075000286102295,1.472193717956543,488000,0.0,0.0
1996-11-11 00:00:00+05:30,1.934999942779541,1.9874999523162842,1.9249999523162842,1.9800000190734863,1.5281486511230469,894000,0.0,0.0
1996-11-12 00:00:00+05:30,1.9800000190734863,1.9800000190734863,1.9800000190734863,1.9800000190734863,1.5281486511230469,0,0.0,0.0
1996-11-13 00:00:00+05:30,1.962499976158142,2.0,1.9500000476837158,1.965000033378601,1.5165715217590332,1112000,0.0,0.0
1996-11-14 00:00:00+05:30,1.9700000286102295,1.9774999618530273,1.940000057220459,1.9500000476837158,1.5049948692321777,716000,0.0,0.0
1996-11-15 00:00:00+05:30,1.940000057220459,1.962499976158142,1.9325000047683716,1.9474999904632568,1.5030652284622192,444000,0.0,0.0
1996-11-18 00:00:00+05:30,1.9500000476837158,1.962499976158142,1.9299999475479126,1.940000057220459,1.4972766637802124,772000,0.0,0.0
1996-11-19 00:00:00+05:30,1.9424999952316284,1.9500000476837158,1.899999976158142,1.912500023841858,1.47605299949646,1064000,0.0,0.0
1996-11-20 00:00:00+05:30,1.8949999809265137,1.912500023841858,1.8875000476837158,1.902500033378601,1.4683350324630737,758000,0.0,0.0
1996-11-21 00:00:00+05:30,1.9249999523162842,1.9249999523162842,1.8949999809265137,1.902500033378601,1.4683350324630737,754000,0.0,0.0
1996-11-22 00:00:00+05:30,1.909999966621399,1.909999966621399,1.8975000381469727,1.902500033378601,1.4683350324630737,680000,0.0,0.0
1996-11-25 00:00:00+05:30,1.8975000381469727,1.940000057220459,1.8025000095367432,1.902500033378601,1.4683350324630737,2122000,0.0,0.0
1996-11-26 00:00:00+05:30,1.8949999809265137,1.912500023841858,1.8875000476837158,1.902500033378601,1.4683350324630737,812000,0.0,0.0
1996-11-27 00:00:00+05:30,1.899999976158142,1.899999976158142,1.8574999570846558,1.8899999856948853,1.4586873054504395,298000,0.0,0.0
1996-11-28 00:00:00+05:30,1.877500057220459,1.9075000286102295,1.872499942779541,1.902500033378601,1.4683350324630737,626000,0.0,0.0
1996-11-29 00:00:00+05:30,1.9500000476837158,1.9500000476837158,1.8899999856948853,1.899999976158142,1.4664053916931152,288000,0.0,0.0
1996-12-02 00:00:00+05:30,1.899999976158142,1.9049999713897705,1.8825000524520874,1.899999976158142,1.4664053916931152,496000,0.0,0.0
1996-12-03 00:00:00+05:30,1.8650000095367432,1.9075000286102295,1.8650000095367432,1.9049999713897705,1.470264196395874,1160000,0.0,0.0
1996-12-04 00:00:00+05:30,1.8524999618530273,1.872499942779541,1.8424999713897705,1.8574999570846558,1.43360435962677,710000,0.0,0.0
1996-12-05 00:00:00+05:30,1.850000023841858,1.8875000476837158,1.850000023841858,1.8700000047683716,1.4432514905929565,494000,0.0,0.0
1996-12-06 00:00:00+05:30,1.875,1.8949999809265137,1.8600000143051147,1.8650000095367432,1.4393928050994873,310000,0.0,0.0
1996-12-09 00:00:00+05:30,1.8700000047683716,1.8875000476837158,1.8524999618530273,1.8624999523162842,1.4374632835388184,346000,0.0,0.0
1996-12-10 00:00:00+05:30,1.8524999618530273,1.877500057220459,1.850000023841858,1.8674999475479126,1.4413217306137085,770000,0.0,0.0
1996-12-11 00:00:00+05:30,1.875,1.899999976158142,1.8700000047683716,1.8949999809265137,1.4625465869903564,762000,0.0,0.0
1996-12-12 00:00:00+05:30,1.912500023841858,1.9149999618530273,1.8650000095367432,1.8875000476837158,1.4567581415176392,826000,0.0,0.0
1996-12-13 00:00:00+05:30,1.8650000095367432,1.8949999809265137,1.8624999523162842,1.875,1.447110652923584,460000,0.0,0.0
1996-12-16 00:00:00+05:30,1.912500023841858,1.9199999570846558,1.877500057220459,1.9075000286102295,1.472193717956543,1052000,0.0,0.0
1996-12-17 00:00:00+05:30,1.902500033378601,1.9500000476837158,1.8925000429153442,1.9424999952316284,1.499206304550171,1272000,0.0,0.0
1996-12-18 00:00:00+05:30,1.975000023841858,1.975000023841858,1.9149999618530273,1.9249999523162842,1.4857001304626465,636000,0.0,0.0
1996-12-19 00:00:00+05:30,1.9249999523162842,1.9474999904632568,1.899999976158142,1.912500023841858,1.47605299949646,492000,0.0,0.0
1996-12-20 00:00:00+05:30,1.902500033378601,1.9474999904632568,1.902500033378601,1.9424999952316284,1.499206304550171,488000,0.0,0.0
1996-12-23 00:00:00+05:30,1.9500000476837158,1.965000033378601,1.9249999523162842,1.9600000381469727,1.512713074684143,846000,0.0,0.0
1996-12-24 00:00:00+05:30,1.962499976158142,1.997499942779541,1.9325000047683716,1.9774999618530273,1.5262194871902466,1192000,0.0,0.0
1996-12-25 00:00:00+05:30,1.9774999618530273,1.9774999618530273,1.9774999618530273,1.9774999618530273,1.5262194871902466,0,0.0,0.0
1996-12-26 00:00:00+05:30,2.0,2.0899999141693115,1.9874999523162842,2.047499895095825,1.5802446603775024,1148000,0.0,0.0
1996-12-27 00:00:00+05:30,2.047499895095825,2.047499895095825,2.047499895095825,2.047499895095825,1.5802446603775024,0,0.0,0.0
1996-12-30 00:00:00+05:30,2.047499895095825,2.047499895095825,2.047499895095825,2.047499895095825,1.5802446603775024,0,0.0,0.0
1996-12-31 00:00:00+05:30,2.049999952316284,2.0975000858306885,1.9500000476837158,1.9600000381469727,1.512713074684143,1786000,0.0,0.0
1997-01-01 00:00:00+05:30,2.069999933242798,2.0975000858306885,2.0250000953674316,2.0975000858306885,1.618834137916565,1784000,0.0,0.0
1997-01-02 00:00:00+05:30,2.125,2.1475000381469727,2.052500009536743,2.0625,1.5918214321136475,1992000,0.0,0.0
1997-01-03 00:00:00+05:30,2.072499990463257,2.0975000858306885,2.049999952316284,2.075000047683716,1.6014690399169922,992000,0.0,0.0
1997-01-06 00:00:00+05:30,2.0999999046325684,2.137500047683716,2.069999933242798,2.077500104904175,1.6033989191055298,1224000,0.0,0.0
1997-01-07 00:00:00+05:30,2.0625,2.117500066757202,2.0625,2.1050000190734863,1.6246230602264404,1928000,0.0,0.0
1997-01-08 00:00:00+05:30,2.125,2.1875,2.125,2.1649999618530273,1.6709303855895996,1920000,0.0,0.0
1997-01-09 00:00:00+05:30,2.1500000953674316,2.197499990463257,2.1500000953674316,2.180000066757202,1.6825071573257446,1800000,0.0,0.0
1997-01-10 00:00:00+05:30,2.2249999046325684,2.3324999809265137,2.2249999046325684,2.3324999809265137,1.8002055883407593,2990000,0.0,0.0
1997-01-13 00:00:00+05:30,2.427500009536743,2.427500009536743,2.2750000953674316,2.307499885559082,1.7809109687805176,2980000,0.0,0.0
1997-01-14 00:00:00+05:30,2.307499885559082,2.3475000858306885,2.262500047683716,2.302500009536743,1.7770518064498901,3316000,0.0,0.0
1997-01-15 00:00:00+05:30,2.325000047683716,2.4649999141693115,2.325000047683716,2.4649999141693115,1.902467966079712,6652000,0.0,0.0
1997-01-16 00:00:00+05:30,2.549999952316284,2.637500047683716,2.2925000190734863,2.3125,1.7847700119018555,6890000,0.0,0.0
1997-01-17 00:00:00+05:30,2.1875,2.4124999046325684,2.1875,2.309999942779541,1.7828401327133179,4386000,0.0,0.0
1997-01-20 00:00:00+05:30,2.2850000858306885,2.299999952316284,2.2074999809265137,2.2200000286102295,1.7133787870407104,2304000,0.0,0.0
1997-01-21 00:00:00+05:30,2.2200000286102295,2.2200000286102295,2.112499952316284,2.1475000381469727,1.657423973083496,4306000,0.0,0.0
1997-01-22 00:00:00+05:30,2.25,2.2850000858306885,2.174999952316284,2.2725000381469727,1.7538976669311523,2944000,0.0,0.0
1997-01-23 00:00:00+05:30,2.2725000381469727,2.2725000381469727,2.2725000381469727,2.2725000381469727,1.7538976669311523,0,0.0,0.0
1997-01-24 00:00:00+05:30,2.2725000381469727,2.2799999713897705,2.247499942779541,2.2725000381469727,1.7538976669311523,1830000,0.0,0.0
1997-01-27 00:00:00+05:30,2.2750000953674316,2.3550000190734863,2.2750000953674316,2.3450000286102295,1.8098530769348145,5444000,0.0,0.0
1997-01-28 00:00:00+05:30,2.3450000286102295,2.450000047683716,2.325000047683716,2.434999942779541,1.8793140649795532,5200000,0.0,0.0
1997-01-29 00:00:00+05:30,2.549999952316284,2.549999952316284,2.3350000381469727,2.3524999618530273,1.815641164779663,5428000,0.0,0.0
1997-01-30 00:00:00+05:30,2.3524999618530273,2.375,2.305000066757202,2.359999895095825,1.8214294910430908,2882000,0.0,0.0
1997-01-31 00:00:00+05:30,2.5,2.5,2.25,2.302500009536743,1.7770518064498901,3560000,0.0,0.0
1997-02-03 00:00:00+05:30,2.257499933242798,2.262500047683716,2.2049999237060547,2.2325000762939453,1.7230262756347656,3658000,0.0,0.0
1997-02-04 00:00:00+05:30,2.2149999141693115,2.317500114440918,2.2149999141693115,2.2799999713897705,1.7596864700317383,6714000,0.0,0.0
1997-02-05 00:00:00+05:30,2.369999885559082,2.375,2.2950000762939453,2.299999952316284,1.7751216888427734,2382000,0.0,0.0
1997-02-06 00:00:00+05:30,2.299999952316284,2.319999933242798,2.2799999713897705,2.309999942779541,1.7828401327133179,1178000,0.0,0.0
1997-02-07 00:00:00+05:30,2.2950000762939453,2.317500114440918,2.2899999618530273,2.299999952316284,1.7751216888427734,1298000,0.0,0.0
1997-02-10 00:00:00+05:30,2.2874999046325684,2.319999933242798,2.2874999046325684,2.307499885559082,1.7809109687805176,1378000,0.0,0.0
1997-02-11 00:00:00+05:30,2.299999952316284,2.362499952316284,2.299999952316284,2.3324999809265137,1.8002055883407593,2582000,0.0,0.0
1997-02-12 00:00:00+05:30,2.3499999046325684,2.372499942779541,2.325000047683716,2.365000009536743,1.8252886533737183,2436000,0.0,0.0
1997-02-13 00:00:00+05:30,2.3499999046325684,2.367500066757202,2.3375000953674316,2.3424999713897705,1.8079233169555664,1370000,0.0,0.0
1997-02-14 00:00:00+05:30,2.3499999046325684,2.3575000762939453,2.3375000953674316,2.3450000286102295,1.8098530769348145,1394000,0.0,0.0
1997-02-17 00:00:00+05:30,2.375,2.377500057220459,2.3399999141693115,2.3575000762939453,1.8195005655288696,1426000,0.0,0.0
1997-02-18 00:00:00+05:30,2.3450000286102295,2.3575000762939453,2.3125,2.322499990463257,1.7924875020980835,2090000,0.0,0.0
1997-02-19 00:00:00+05:30,2.3324999809265137,2.3499999046325684,2.325000047683716,2.3475000858306885,1.811782717704773,1378000,0.0,0.0
1997-02-20 00:00:00+05:30,2.3450000286102295,2.3450000286102295,2.299999952316284,2.302500009536743,1.7770518064498901,1478000,0.0,0.0
1997-02-21 00:00:00+05:30,2.297499895095825,2.322499990463257,2.200000047683716,2.2825000286102295,1.7616161108016968,1638000,0.0,0.0
1997-02-24 00:00:00+05:30,2.257499933242798,2.2950000762939453,2.2074999809265137,2.2300000190734863,1.7210969924926758,1514000,0.0,0.0
1997-02-25 00:00:00+05:30,2.2049999237060547,2.244999885559082,2.190000057220459,2.2249999046325684,1.7172378301620483,1860000,0.0,0.0
1997-02-26 00:00:00+05:30,2.2074999809265137,2.259999990463257,2.2074999809265137,2.252500057220459,1.7384620904922485,1160000,0.0,0.0
1997-02-27 00:00:00+05:30,2.255000114440918,2.3499999046325684,2.255000114440918,2.3399999141693115,1.8059935569763184,2102000,0.0,0.0
1997-02-28 00:00:00+05:30,2.450000047683716,2.4774999618530273,2.3499999046325684,2.422499895095825,1.869666576385498,3134000,0.0,0.0
1997-03-03 00:00:00+05:30,2.612499952316284,2.7750000953674316,2.5924999713897705,2.6524999141693115,2.0471792221069336,11644000,0.0,0.0
1997-03-04 00:00:00+05:30,2.6549999713897705,2.6875,2.5999999046325684,2.6549999713897705,2.0491082668304443,6578000,0.0,0.0
1997-03-05 00:00:00+05:30,2.75,2.8399999141693115,2.7249999046325684,2.75,2.122429370880127,11002000,0.0,0.0
1997-03-06 00:00:00+05:30,2.700000047683716,2.744999885559082,2.6549999713897705,2.7300000190734863,2.1069931983947754,4938000,0.0,0.0
1997-03-07 00:00:00+05:30,2.7300000190734863,2.7300000190734863,2.7300000190734863,2.7300000190734863,2.1069931983947754,0,0.0,0.0
1997-03-10 00:00:00+05:30,2.680000066757202,2.7125000953674316,2.557499885559082,2.5824999809265137,1.99315345287323,9368000,0.0,0.0
1997-03-11 00:00:00+05:30,2.575000047683716,2.6500000953674316,2.505000114440918,2.5325000286102295,1.954564094543457,6698000,0.0,0.0
1997-03-12 00:00:00+05:30,2.6449999809265137,2.6624999046325684,2.5899999141693115,2.637500047683716,2.0356028079986572,4236000,0.0,0.0
1997-03-13 00:00:00+05:30,2.6449999809265137,2.6624999046325684,2.565000057220459,2.5875000953674316,1.9970128536224365,1904000,0.0,0.0
1997-03-14 00:00:00+05:30,2.5625,2.5999999046325684,2.5350000858306885,2.5824999809265137,1.99315345287323,2512000,0.0,0.0
1997-03-17 00:00:00+05:30,2.577500104904175,2.5950000286102295,2.555000066757202,2.572499990463257,1.985435962677002,1992000,0.0,0.0
1997-03-18 00:00:00+05:30,2.575000047683716,2.577500104904175,2.507499933242798,2.5274999141693115,1.9507050514221191,3582000,0.0,0.0
1997-03-19 00:00:00+05:30,2.565000057220459,2.5824999809265137,2.4700000286102295,2.4800000190734863,1.914044737815857,1838000,0.0,0.0
1997-03-20 00:00:00+05:30,2.4549999237060547,2.497499942779541,2.4375,2.4700000286102295,1.9063270092010498,1392000,0.0,0.0
1997-03-21 00:00:00+05:30,2.497499942779541,2.515000104904175,2.452500104904175,2.4649999141693115,1.902467966079712,1264000,0.0,0.0
1997-03-24 00:00:00+05:30,2.4649999141693115,2.4649999141693115,2.4649999141693115,2.4649999141693115,1.902467966079712,0,0.0,0.0
1997-03-25 00:00:00+05:30,2.4574999809265137,2.484999895095825,2.4124999046325684,2.430000066757202,1.8754552602767944,2260000,0.0,0.0
1997-03-26 00:00:00+05:30,2.4749999046325684,2.5,2.4375,2.494999885559082,1.9256218671798706,1454000,0.0,0.0
1997-03-27 00:00:00+05:30,2.494999885559082,2.512500047683716,2.4600000381469727,2.5,1.9294809103012085,1210000,0.0,0.0
1997-03-28 00:00:00+05:30,2.5,2.5,2.5,2.5,1.9294809103012085,0,0.0,0.0
1997-03-31 00:00:00+05:30,2.325000047683716,2.362499952316284,2.25,2.259999990463257,1.7442506551742554,2518000,0.0,0.0
1997-04-01 00:00:00+05:30,2.25,2.3350000381469727,2.174999952316284,2.322499990463257,1.7924875020980835,2740000,0.0,0.0
1997-04-02 00:00:00+05:30,2.367500066757202,2.4625000953674316,2.367500066757202,2.447499990463257,1.8889615535736084,1798000,0.0,0.0
1997-04-03 00:00:00+05:30,2.4549999237060547,2.5250000953674316,2.450000047683716,2.5174999237060547,1.942987322807312,2490000,0.0,0.0
1997-04-04 00:00:00+05:30,2.5,2.512500047683716,2.4749999046325684,2.5,1.9294809103012085,3442000,0.0,0.0
1997-04-07 00:00:00+05:30,2.487499952316284,2.549999952316284,2.4800000190734863,2.515000104904175,1.9410569667816162,3844000,0.0,0.0
1997-04-08 00:00:00+05:30,2.515000104904175,2.515000104904175,2.515000104904175,2.515000104904175,1.9410569667816162,0,0.0,0.0
1997-04-09 00:00:00+05:30,2.575000047683716,2.625,2.555000066757202,2.609999895095825,2.0143775939941406,2822000,0.0,0.0
1997-04-10 00:00:00+05:30,2.575000047683716,2.5824999809265137,2.492500066757202,2.5325000286102295,1.954564094543457,2938000,0.0,0.0
1997-04-11 00:00:00+05:30,2.505000114440918,2.612499952316284,2.4549999237060547,2.5950000286102295,2.002800703048706,4956000,0.0,0.0
1997-04-14 00:00:00+05:30,2.5950000286102295,2.5950000286102295,2.5950000286102295,2.5950000286102295,2.002800703048706,0,0.0,0.0
1997-04-15 00:00:00+05:30,2.5850000381469727,2.6075000762939453,2.549999952316284,2.5924999713897705,2.0008716583251953,2970000,0.0,0.0
1997-04-16 00:00:00+05:30,2.5924999713897705,2.5924999713897705,2.5924999713897705,2.5924999713897705,2.0008716583251953,0,0.0,0.0
1997-04-17 00:00:00+05:30,2.632499933242798,2.7750000953674316,2.632499933242798,2.742500066757202,2.1166398525238037,10544000,0.0,0.0
1997-04-18 00:00:00+05:30,2.742500066757202,2.742500066757202,2.742500066757202,2.742500066757202,2.1166398525238037,0,0.0,0.0
1997-04-21 00:00:00+05:30,2.9000000953674316,2.9000000953674316,2.802500009536743,2.869999885559082,2.215043783187866,7436000,0.0,0.0
1997-04-22 00:00:00+05:30,2.9049999713897705,2.924999952316284,2.8375000953674316,2.890000104904175,2.230480432510376,6736000,0.0,0.0
1997-04-23 00:00:00+05:30,2.9124999046325684,2.9124999046325684,2.8499999046325684,2.8550000190734863,2.2034671306610107,5042000,0.0,0.0
1997-04-24 00:00:00+05:30,2.869999885559082,2.922499895095825,2.8399999141693115,2.8499999046325684,2.199608564376831,4480000,0.0,0.0
1997-04-25 00:00:00+05:30,2.8375000953674316,2.8424999713897705,2.8125,2.8350000381469727,2.188030958175659,2314000,0.0,0.0
1997-04-28 00:00:00+05:30,2.8350000381469727,2.872499942779541,2.799999952316284,2.8524999618530273,2.201537609100342,4434000,0.0,0.0
1997-04-29 00:00:00+05:30,2.8375000953674316,2.862499952316284,2.8324999809265137,2.8550000190734863,2.2034671306610107,4784000,0.0,0.0
1997-04-30 00:00:00+05:30,3.002500057220459,3.012500047683716,2.877500057220459,2.9100000858306885,2.245915651321411,8246000,0.0,0.0
1997-05-01 00:00:00+05:30,2.9100000858306885,2.9100000858306885,2.9100000858306885,2.9100000858306885,2.245915651321411,0,0.0,0.0
1997-05-02 00:00:00+05:30,2.9124999046325684,2.9124999046325684,2.8499999046325684,2.9000000953674316,2.2381980419158936,4726000,0.0,0.0
1997-05-05 00:00:00+05:30,2.875,2.9024999141693115,2.865000009536743,2.8975000381469727,2.2362685203552246,3942000,0.0,0.0
1997-05-06 00:00:00+05:30,2.887500047683716,2.9149999618530273,2.875,2.9000000953674316,2.2381980419158936,5166000,0.0,0.0
1997-05-07 00:00:00+05:30,2.9000000953674316,2.922499895095825,2.880000114440918,2.9000000953674316,2.2381980419158936,1780000,0.0,0.0
1997-05-08 00:00:00+05:30,2.9024999141693115,3.1024999618530273,2.9000000953674316,3.1024999618530273,2.3944857120513916,18452000,0.0,0.0
1997-05-09 00:00:00+05:30,3.197499990463257,3.2874999046325684,3.0625,3.112499952316284,2.4022037982940674,21176000,0.0,0.0
1997-05-12 00:00:00+05:30,3.0999999046325684,3.122499942779541,2.924999952316284,2.9574999809265137,2.2825756072998047,10592000,0.0,0.0
1997-05-13 00:00:00+05:30,2.950000047683716,3.0450000762939453,2.934999942779541,3.009999990463257,2.3230953216552734,8396000,0.0,0.0
1997-05-14 00:00:00+05:30,3.075000047683716,3.0950000286102295,2.875,3.0199999809265137,2.3308119773864746,6324000,0.0,0.0
1997-05-15 00:00:00+05:30,3.012500047683716,3.0199999809265137,2.9600000381469727,3.0,2.3153762817382812,3408000,0.0,0.0
1997-05-16 00:00:00+05:30,2.9800000190734863,3.015000104904175,2.9674999713897705,2.992500066757202,2.309588670730591,2392000,0.0,0.0
1997-05-19 00:00:00+05:30,3.0,3.012500047683716,2.9625000953674316,2.9700000286102295,2.2922229766845703,1914000,0.0,0.0
1997-05-20 00:00:00+05:30,2.9774999618530273,3.122499942779541,2.9124999046325684,3.009999990463257,2.3230953216552734,10912000,0.0,0.0
1997-05-21 00:00:00+05:30,3.0950000286102295,3.0950000286102295,2.9375,2.950000047683716,2.276787281036377,8426000,0.0,0.0
1997-05-22 00:00:00+05:30,2.9375,2.9600000381469727,2.875,2.884999990463257,2.2266204357147217,5038000,0.0,0.0
1997-05-23 00:00:00+05:30,2.8975000381469727,2.8975000381469727,2.8550000190734863,2.875,2.218902587890625,3246000,0.0,0.0
1997-05-26 00:00:00+05:30,2.8575000762939453,2.8949999809265137,2.8499999046325684,2.8550000190734863,2.2034671306610107,2324000,0.0,0.0
1997-05-27 00:00:00+05:30,2.8450000286102295,2.865000009536743,2.75,2.765000104904175,2.1340060234069824,4916000,0.0,0.0
1997-05-28 00:00:00+05:30,2.799999952316284,2.799999952316284,2.694999933242798,2.734999895095825,2.110851764678955,3464000,0.0,0.0
1997-05-29 00:00:00+05:30,2.7174999713897705,2.799999952316284,2.702500104904175,2.7950000762939453,2.1571598052978516,4256000,0.0,0.0
1997-05-30 00:00:00+05:30,2.797499895095825,2.8475000858306885,2.7699999809265137,2.8299999237060547,2.184171676635742,3074000,0.0,0.0
1997-06-02 00:00:00+05:30,2.8499999046325684,3.009999990463257,2.8499999046325684,2.9649999141693115,2.2883641719818115,6544000,0.0,0.0
1997-06-03 00:00:00+05:30,2.9649999141693115,3.119999885559082,2.930000066757202,3.057499885559082,2.359755277633667,9258000,0.0,0.0
1997-06-04 00:00:00+05:30,3.25,3.259999990463257,3.125,3.194999933242798,2.465876579284668,39888000,0.0,0.0
1997-06-05 00:00:00+05:30,3.200000047683716,3.202500104904175,3.1575000286102295,3.1675000190734863,2.4446518421173096,10560000,0.0,0.0
1997-06-06 00:00:00+05:30,3.1500000953674316,3.180000066757202,3.134999990463257,3.1675000190734863,2.4446518421173096,8902000,0.0,0.0
1997-06-09 00:00:00+05:30,3.190000057220459,3.190000057220459,3.1424999237060547,3.1500000953674316,2.4622392654418945,5668000,0.04,0.0
1997-06-10 00:00:00+05:30,3.1575000286102295,3.180000066757202,3.1449999809265137,3.172499895095825,2.4798269271850586,4480000,0.0,0.0
1997-06-11 00:00:00+05:30,3.174999952316284,3.2100000381469727,3.1649999618530273,3.192500114440918,2.495460271835327,9200000,0.0,0.0
1997-06-12 00:00:00+05:30,3.192500114440918,3.2149999141693115,3.182499885559082,3.2074999809265137,2.507185220718384,8212000,0.0,0.0
1997-06-13 00:00:00+05:30,3.2149999141693115,3.2925000190734863,3.190000057220459,3.242500066757202,2.534543037414551,24076000,0.0,0.0
1997-06-16 00:00:00+05:30,3.2249999046325684,3.257499933242798,3.180000066757202,3.202500104904175,2.503276824951172,6840000,0.0,0.0
1997-06-17 00:00:00+05:30,3.2049999237060547,3.2699999809265137,3.2049999237060547,3.259999990463257,2.548222303390503,7940000,0.0,0.0
1997-06-18 00:00:00+05:30,3.2825000286102295,3.2874999046325684,3.2100000381469727,3.2274999618530273,2.5228188037872314,7774000,0.0,0.0
1997-06-19 00:00:00+05:30,3.200000047683716,3.2225000858306885,3.182499885559082,3.2125000953674316,2.5110931396484375,3726000,0.0,0.0
1997-06-20 00:00:00+05:30,3.2174999713897705,3.2200000286102295,3.174999952316284,3.180000066757202,2.485689640045166,4102000,0.0,0.0
1997-06-23 00:00:00+05:30,3.182499885559082,3.1875,3.130000114440918,3.140000104904175,2.45442271232605,5602000,0.0,0.0
1997-06-24 00:00:00+05:30,3.130000114440918,3.1500000953674316,3.112499952316284,3.1475000381469727,2.4602856636047363,4094000,0.0,0.0
1997-06-25 00:00:00+05:30,3.1500000953674316,3.1500000953674316,3.0799999237060547,3.0950000286102295,2.419248580932617,6768000,0.0,0.0
1997-06-26 00:00:00+05:30,3.0950000286102295,3.119999885559082,3.0850000381469727,3.1075000762939453,2.4290192127227783,3722000,0.0,0.0
1997-06-27 00:00:00+05:30,3.174999952316284,3.174999952316284,3.0850000381469727,3.0899999141693115,2.415339708328247,4000000,0.0,0.0
1997-06-30 00:00:00+05:30,3.075000047683716,3.134999990463257,3.065000057220459,3.125,2.4426980018615723,4448000,0.0,0.0
1997-07-01 00:00:00+05:30,3.1500000953674316,3.2249999046325684,3.112499952316284,3.2149999141693115,2.513047933578491,9870000,0.0,0.0
1997-07-02 00:00:00+05:30,3.200000047683716,3.317500114440918,3.200000047683716,3.259999990463257,2.548222303390503,20660000,0.0,0.0
1997-07-03 00:00:00+05:30,3.25,3.2750000953674316,3.177500009536743,3.2100000381469727,2.509139060974121,6960000,0.0,0.0
1997-07-04 00:00:00+05:30,3.237499952316284,3.2899999618530273,3.1875,3.257499933242798,2.5462679862976074,10056000,0.0,0.0
1997-07-07 00:00:00+05:30,3.262500047683716,3.3125,3.2125000953674316,3.2325000762939453,2.5267271995544434,12402000,0.0,0.0
1997-07-08 00:00:00+05:30,3.25,3.2874999046325684,3.2249999046325684,3.2699999809265137,2.556040048599243,18104000,0.0,0.0
1997-07-09 00:00:00+05:30,3.2874999046325684,3.5,3.2799999713897705,3.5,2.7358222007751465,11838000,0.0,0.0
1997-07-10 00:00:00+05:30,3.674999952316284,3.700000047683716,3.5625,3.5950000286102295,2.810079574584961,16116000,0.0,0.0
1997-07-11 00:00:00+05:30,3.575000047683716,3.617500066757202,3.4600000381469727,3.5374999046325684,2.765134811401367,8314000,0.0,0.0
1997-07-14 00:00:00+05:30,3.5250000953674316,3.5250000953674316,3.432499885559082,3.444999933242798,2.6928303241729736,7252000,0.0,0.0
1997-07-15 00:00:00+05:30,3.4600000381469727,3.484999895095825,3.424999952316284,3.4625000953674316,2.7065091133117676,6400000,0.0,0.0
1997-07-16 00:00:00+05:30,3.5,3.5450000762939453,3.4774999618530273,3.515000104904175,2.747546434402466,4960000,0.0,0.0
1997-07-17 00:00:00+05:30,3.5425000190734863,3.575000047683716,3.512500047683716,3.5625,2.7846755981445312,5268000,0.0,0.0
1997-07-18 00:00:00+05:30,3.5625,3.5625,3.5625,3.5625,2.7846755981445312,0,0.0,0.0
1997-07-21 00:00:00+05:30,3.515000104904175,3.5350000858306885,3.4749999046325684,3.5174999237060547,2.7495005130767822,4028000,0.0,0.0
1997-07-22 00:00:00+05:30,3.5250000953674316,3.700000047683716,3.512500047683716,3.6600000858306885,2.8608880043029785,7384000,0.0,0.0
1997-07-23 00:00:00+05:30,3.75,3.7950000762939453,3.674999952316284,3.7300000190734863,2.9156041145324707,7534000,0.0,0.0
1997-07-24 00:00:00+05:30,3.7300000190734863,3.742500066757202,3.684999942779541,3.7049999237060547,2.8960628509521484,3822000,0.0,0.0
1997-07-25 00:00:00+05:30,3.700000047683716,3.7125000953674316,3.6500000953674316,3.700000047683716,2.8921549320220947,3612000,0.0,0.0
1997-07-28 00:00:00+05:30,3.700000047683716,3.7149999141693115,3.6624999046325684,3.702500104904175,2.894109010696411,3144000,0.0,0.0
1997-07-29 00:00:00+05:30,3.674999952316284,3.7125000953674316,3.615000009536743,3.6624999046325684,2.862842321395874,3410000,0.0,0.0
1997-07-30 00:00:00+05:30,3.692500114440918,3.7125000953674316,3.6649999618530273,3.690000057220459,2.8843371868133545,6724000,0.0,0.0
1997-07-31 00:00:00+05:30,3.700000047683716,3.7149999141693115,3.690000057220459,3.702500104904175,2.894109010696411,2524000,0.0,0.0
1997-08-01 00:00:00+05:30,3.7074999809265137,3.75,3.684999942779541,3.737499952316284,2.9214670658111572,4786000,0.0,0.0
1997-08-04 00:00:00+05:30,3.7074999809265137,3.7799999713897705,3.702500104904175,3.752500057220459,2.933192253112793,4096000,0.0,0.0
1997-08-05 00:00:00+05:30,3.75,3.8450000286102295,3.737499952316284,3.805000066757202,2.974228858947754,6770000,0.0,0.0
1997-08-06 00:00:00+05:30,3.8375000953674316,3.875,3.7750000953674316,3.827500104904175,2.991816520690918,1614000,0.0,0.0
1997-08-07 00:00:00+05:30,3.75,3.7950000762939453,3.7249999046325684,3.762500047683716,2.9410078525543213,3834000,0.0,0.0
1997-08-08 00:00:00+05:30,3.744999885559082,3.7674999237060547,3.700000047683716,3.7300000190734863,2.9156041145324707,5174000,0.0,0.0
1997-08-11 00:00:00+05:30,3.7300000190734863,3.7325000762939453,3.694999933242798,3.7125000953674316,2.9019253253936768,4170000,0.0,0.0
1997-08-12 00:00:00+05:30,3.700000047683716,3.7225000858306885,3.5799999237060547,3.5999999046325684,2.813987970352173,1772000,0.0,0.0
1997-08-13 00:00:00+05:30,3.6024999618530273,3.690000057220459,3.549999952316284,3.565000057220459,2.7866296768188477,1626000,0.0,0.0
1997-08-14 00:00:00+05:30,3.5399999618530273,3.6075000762939453,3.5399999618530273,3.5999999046325684,2.813987970352173,1966000,0.0,0.0
1997-08-15 00:00:00+05:30,3.5999999046325684,3.5999999046325684,3.5999999046325684,3.5999999046325684,2.813987970352173,0,0.0,0.0
1997-08-18 00:00:00+05:30,3.565000057220459,3.5875000953674316,3.549999952316284,3.5625,2.7846755981445312,1288000,0.0,0.0
1997-08-19 00:00:00+05:30,3.559999942779541,3.572499990463257,3.512500047683716,3.5374999046325684,2.765134811401367,2192000,0.0,0.0
1997-08-20 00:00:00+05:30,3.505000114440918,3.505000114440918,3.375,3.4774999618530273,2.7182343006134033,1220000,0.0,0.0
1997-08-21 00:00:00+05:30,3.487499952316284,3.492500066757202,3.4124999046325684,3.4749999046325684,2.716279983520508,1118000,0.0,0.0
1997-08-22 00:00:00+05:30,3.4625000953674316,3.492500066757202,3.25,3.2674999237060547,2.5540847778320312,2002000,0.0,0.0
1997-08-25 00:00:00+05:30,3.384999990463257,3.384999990463257,3.132499933242798,3.255000114440918,2.544314384460449,1284000,0.0,0.0
1997-08-26 00:00:00+05:30,3.2874999046325684,3.299999952316284,3.2125000953674316,3.2225000858306885,2.5189104080200195,1586000,0.0,0.0
1997-08-27 00:00:00+05:30,3.25,3.3375000953674316,3.244999885559082,3.2874999046325684,2.5697178840637207,1430000,0.0,0.0
1997-08-28 00:00:00+05:30,3.252500057220459,3.3499999046325684,3.25,3.3324999809265137,2.6048929691314697,1852000,0.0,0.0
1997-08-29 00:00:00+05:30,3.237499952316284,3.5,3.237499952316284,3.430000066757202,2.681105136871338,6400000,0.0,0.0
1997-09-01 00:00:00+05:30,3.450000047683716,3.4700000286102295,3.305000066757202,3.4024999141693115,2.659609079360962,4168000,0.0,0.0
1997-09-02 00:00:00+05:30,3.424999952316284,3.450000047683716,3.3499999046325684,3.369999885559082,2.6342055797576904,1586000,0.0,0.0
1997-09-03 00:00:00+05:30,3.434999942779541,3.5225000381469727,3.424999952316284,3.4549999237060547,2.7006466388702393,1972000,0.0,0.0
1997-09-04 00:00:00+05:30,3.5,3.549999952316284,3.377500057220459,3.3949999809265137,2.653747320175171,942000,0.0,0.0
1997-09-05 00:00:00+05:30,3.4649999141693115,3.5250000953674316,3.369999885559082,3.507499933242798,2.7416837215423584,2230000,0.0,0.0
1997-09-08 00:00:00+05:30,3.5374999046325684,3.5999999046325684,3.4749999046325684,3.559999942779541,2.7827212810516357,2998000,0.0,0.0
1997-09-09 00:00:00+05:30,3.5975000858306885,3.609999895095825,3.4749999046325684,3.515000104904175,2.747546434402466,2034000,0.0,0.0
1997-09-10 00:00:00+05:30,3.4749999046325684,3.512500047683716,3.424999952316284,3.4800000190734863,2.720188617706299,1082000,0.0,0.0
1997-09-11 00:00:00+05:30,3.487499952316284,3.507499933242798,3.4749999046325684,3.484999895095825,2.72409725189209,974000,0.0,0.0
1997-09-12 00:00:00+05:30,3.4375,3.5,3.4375,3.4574999809265137,2.7026009559631348,1280000,0.0,0.0
1997-09-15 00:00:00+05:30,3.444999933242798,3.4800000190734863,3.4024999141693115,3.444999933242798,2.6928303241729736,946000,0.0,0.0
1997-09-16 00:00:00+05:30,3.424999952316284,3.497499942779541,3.424999952316284,3.4725000858306885,2.7143259048461914,2176000,0.0,0.0
1997-09-17 00:00:00+05:30,3.442500114440918,3.4725000858306885,3.442500114440918,3.4574999809265137,2.7026009559631348,812000,0.0,0.0
1997-09-18 00:00:00+05:30,3.325000047683716,3.4649999141693115,3.325000047683716,3.4100000858306885,2.6654722690582275,4554000,0.0,0.0
1997-09-19 00:00:00+05:30,3.4124999046325684,3.4574999809265137,3.4075000286102295,3.450000047683716,2.6967387199401855,1598000,0.0,0.0
1997-09-22 00:00:00+05:30,3.4124999046325684,3.444999933242798,3.380000114440918,3.4075000286102295,2.663517951965332,1870000,0.0,0.0
1997-09-23 00:00:00+05:30,3.4000000953674316,3.4124999046325684,3.375,3.3924999237060547,2.6517927646636963,1502000,0.0,0.0
1997-09-24 00:00:00+05:30,3.424999952316284,3.4649999141693115,3.387500047683716,3.3924999237060547,2.6517927646636963,580000,0.0,0.0
1997-09-25 00:00:00+05:30,3.375,3.4000000953674316,3.369999885559082,3.375,2.638113498687744,350000,0.0,0.0
1997-09-26 00:00:00+05:30,3.375,3.4124999046325684,3.3524999618530273,3.4000000953674316,2.6576550006866455,720000,0.0,0.0
1997-09-29 00:00:00+05:30,3.4000000953674316,3.6700000762939453,3.4000000953674316,3.630000114440918,2.8374383449554443,5004000,0.0,0.0
1997-09-30 00:00:00+05:30,3.502500057220459,3.744999885559082,3.4124999046325684,3.634999990463257,2.841346025466919,4870000,0.0,0.0
1997-10-01 00:00:00+05:30,3.5,3.5325000286102295,3.444999933242798,3.507499933242798,2.7416837215423584,1680000,0.0,0.0
1997-10-02 00:00:00+05:30,3.507499933242798,3.507499933242798,3.507499933242798,3.507499933242798,2.7416837215423584,0,0.0,0.0
1997-10-03 00:00:00+05:30,3.507499933242798,3.507499933242798,3.507499933242798,3.507499933242798,2.7416837215423584,0,0.0,0.0
1997-10-06 00:00:00+05:30,3.507499933242798,3.507499933242798,3.507499933242798,3.507499933242798,2.7416837215423584,0,0.0,0.0
1997-10-07 00:00:00+05:30,3.507499933242798,3.507499933242798,3.507499933242798,3.507499933242798,2.7416837215423584,0,0.0,0.0
1997-10-08 00:00:00+05:30,3.507499933242798,3.507499933242798,3.507499933242798,3.507499933242798,2.7416837215423584,0,0.0,0.0
1997-10-09 00:00:00+05:30,3.509999990463257,3.6500000953674316,3.4800000190734863,3.6075000762939453,2.819850444793701,2590000,0.0,0.0
1997-10-10 00:00:00+05:30,3.6075000762939453,3.700000047683716,3.575000047683716,3.6050000190734863,2.8178963661193848,2572000,0.0,0.0
1997-10-13 00:00:00+05:30,3.625,3.6500000953674316,3.5325000286102295,3.565000057220459,2.7866296768188477,1696000,0.0,0.0
1997-10-14 00:00:00+05:30,3.5250000953674316,3.5999999046325684,3.5199999809265137,3.5350000858306885,2.7631804943084717,2242000,0.0,0.0
1997-10-15 00:00:00+05:30,3.559999942779541,3.617500066757202,3.555000066757202,3.5950000286102295,2.810079574584961,1676000,0.0,0.0
1997-10-16 00:00:00+05:30,3.6500000953674316,3.8975000381469727,3.6075000762939453,3.865000009536743,3.0211288928985596,11826000,0.0,0.0
1997-10-17 00:00:00+05:30,3.9000000953674316,3.940000057220459,3.762500047683716,3.8524999618530273,3.0113577842712402,13902000,0.0,0.0
1997-10-20 00:00:00+05:30,3.8924999237060547,4.239999771118164,3.815000057220459,4.239999771118164,3.3142521381378174,19184000,0.0,0.0
1997-10-21 00:00:00+05:30,4.255000114440918,4.412499904632568,4.137499809265137,4.28000020980835,3.345519542694092,14974000,0.0,0.0
1997-10-22 00:00:00+05:30,4.349999904632568,4.369999885559082,4.15500020980835,4.1875,3.2732160091400146,8450000,0.0,0.0
1997-10-23 00:00:00+05:30,4.222499847412109,4.224999904632568,3.9649999141693115,4.082499980926514,3.191140651702881,10186000,0.0,0.0
1997-10-24 00:00:00+05:30,4.012499809265137,4.1875,3.9574999809265137,4.099999904632568,3.204819917678833,6258000,0.0,0.0
1997-10-27 00:00:00+05:30,4.050000190734863,4.099999904632568,4.03000020980835,4.050000190734863,3.165736436843872,2568000,0.0,0.0
1997-10-28 00:00:00+05:30,4.03000020980835,4.03000020980835,3.802500009536743,3.9100000858306885,3.0563037395477295,7664000,0.0,0.0
1997-10-29 00:00:00+05:30,3.8949999809265137,4.25,3.8949999809265137,4.144999980926514,3.239995002746582,4644000,0.0,0.0
1997-10-30 00:00:00+05:30,4.144999980926514,4.144999980926514,4.039999961853027,4.054999828338623,3.1696441173553467,2482000,0.0,0.0
1997-10-31 00:00:00+05:30,4.054999828338623,4.054999828338623,4.054999828338623,4.054999828338623,3.1696441173553467,0,0.0,0.0
1997-11-03 00:00:00+05:30,4.085000038146973,4.085000038146973,3.9749999046325684,4.012499809265137,3.1364240646362305,1568000,0.0,0.0
1997-11-04 00:00:00+05:30,4.014999866485596,4.050000190734863,3.9200000762939453,3.987499952316284,3.1168830394744873,2128000,0.0,0.0
1997-11-05 00:00:00+05:30,3.9749999046325684,3.9749999046325684,3.875,3.890000104904175,3.040670394897461,2000000,0.0,0.0
1997-11-06 00:00:00+05:30,3.8499999046325684,3.8975000381469727,3.825000047683716,3.887500047683716,3.0387160778045654,1412000,0.0,0.0
1997-11-07 00:00:00+05:30,3.9749999046325684,3.9749999046325684,3.8375000953674316,3.865000009536743,3.0211288928985596,964000,0.0,0.0
1997-11-10 00:00:00+05:30,3.8499999046325684,3.8575000762939453,3.762500047683716,3.7699999809265137,2.946870803833008,1654000,0.0,0.0
1997-11-11 00:00:00+05:30,3.762500047683716,3.799999952316284,3.7325000762939453,3.7674999237060547,2.9449164867401123,1762000,0.0,0.0
1997-11-12 00:00:00+05:30,3.757499933242798,3.7799999713897705,3.737499952316284,3.742500066757202,2.92537522315979,1412000,0.0,0.0
1997-11-13 00:00:00+05:30,3.6875,3.7074999809265137,3.625,3.6649999618530273,2.8647964000701904,3722000,0.0,0.0
1997-11-14 00:00:00+05:30,3.6649999618530273,3.6649999618530273,3.6649999618530273,3.6649999618530273,2.8647964000701904,0,0.0,0.0
1997-11-17 00:00:00+05:30,3.627500057220459,3.674999952316284,3.559999942779541,3.5999999046325684,2.813987970352173,2482000,0.0,0.0
1997-11-18 00:00:00+05:30,3.6050000190734863,3.612499952316284,3.5625,3.5950000286102295,2.810079574584961,2002000,0.0,0.0
1997-11-19 00:00:00+05:30,3.4124999046325684,3.5225000381469727,3.4075000286102295,3.494999885559082,2.7319130897521973,2162000,0.0,0.0
1997-11-20 00:00:00+05:30,3.3550000190734863,3.5250000953674316,3.3550000190734863,3.512500047683716,2.7455928325653076,1132000,0.0,0.0
1997-11-21 00:00:00+05:30,3.505000114440918,3.575000047683716,3.4749999046325684,3.549999952316284,2.774904727935791,1146000,0.0,0.0
1997-11-24 00:00:00+05:30,3.5374999046325684,3.5374999046325684,3.4800000190734863,3.492500066757202,2.729959487915039,1428000,0.0,0.0
1997-11-25 00:00:00+05:30,3.5,3.697499990463257,3.4749999046325684,3.6575000286102295,2.8589329719543457,1634000,0.0,0.0
1997-11-26 00:00:00+05:30,3.625,3.625,3.557499885559082,3.5899999141693115,2.806171178817749,1326000,0.0,0.0
1997-11-27 00:00:00+05:30,3.569999933242798,3.6449999809265137,3.5,3.619999885559082,2.8296210765838623,2022000,0.0,0.0
1997-11-28 00:00:00+05:30,3.5799999237060547,3.5850000381469727,3.505000114440918,3.547499895095825,2.7729506492614746,1084000,0.0,0.0
1997-12-01 00:00:00+05:30,3.505000114440918,3.6075000762939453,3.4625000953674316,3.5325000286102295,2.7612252235412598,2060000,0.0,0.0
1997-12-02 00:00:00+05:30,3.515000104904175,3.5374999046325684,3.4749999046325684,3.494999885559082,2.7319130897521973,1396000,0.0,0.0
1997-12-03 00:00:00+05:30,3.5250000953674316,3.5899999141693115,3.5,3.505000114440918,2.739729642868042,688000,0.0,0.0
1997-12-04 00:00:00+05:30,3.4549999237060547,3.5,3.424999952316284,3.494999885559082,2.7319130897521973,1412000,0.0,0.0
1997-12-05 00:00:00+05:30,3.450000047683716,3.575000047683716,3.450000047683716,3.5274999141693115,2.757317304611206,5136000,0.0,0.0
1997-12-08 00:00:00+05:30,3.5250000953674316,3.7249999046325684,3.5250000953674316,3.640000104904175,2.84525465965271,1580000,0.0,0.0
1997-12-09 00:00:00+05:30,3.6500000953674316,3.6500000953674316,3.5174999237060547,3.552500009536743,2.7768585681915283,5564000,0.0,0.0
1997-12-10 00:00:00+05:30,3.569999933242798,3.569999933242798,3.509999990463257,3.549999952316284,2.774904727935791,852000,0.0,0.0
1997-12-11 00:00:00+05:30,3.5225000381469727,3.555000066757202,3.4774999618530273,3.5325000286102295,2.7612252235412598,826000,0.0,0.0
1997-12-12 00:00:00+05:30,3.640000104904175,3.640000104904175,3.4800000190734863,3.509999990463257,2.7436389923095703,634000,0.0,0.0
1997-12-15 00:00:00+05:30,3.5250000953674316,3.5399999618530273,3.5,3.5350000858306885,2.7631804943084717,382000,0.0,0.0
1997-12-16 00:00:00+05:30,3.507499933242798,3.5924999713897705,3.505000114440918,3.5425000190734863,2.7690422534942627,1098000,0.0,0.0
1997-12-17 00:00:00+05:30,3.569999933242798,3.625,3.569999933242798,3.615000009536743,2.8257129192352295,854000,0.0,0.0
1997-12-18 00:00:00+05:30,3.5999999046325684,3.8499999046325684,3.5999999046325684,3.7899999618530273,2.9625048637390137,4906000,0.0,0.0
1997-12-19 00:00:00+05:30,3.762500047683716,3.8499999046325684,3.700000047683716,3.7874999046325684,2.960549831390381,1274000,0.0,0.0
1997-12-22 00:00:00+05:30,3.799999952316284,3.924999952316284,3.799999952316284,3.890000104904175,3.040670394897461,2168000,0.0,0.0
1997-12-23 00:00:00+05:30,3.9000000953674316,4.0,3.8975000381469727,3.9749999046325684,3.107111692428589,1626000,0.0,0.0
1997-12-24 00:00:00+05:30,3.9000000953674316,3.950000047683716,3.8375000953674316,3.9075000286102295,3.054349660873413,1446000,0.0,0.0
1997-12-25 00:00:00+05:30,3.9075000286102295,3.9075000286102295,3.9075000286102295,3.9075000286102295,3.054349660873413,0,0.0,0.0
1997-12-26 00:00:00+05:30,3.9124999046325684,4.050000190734863,3.9100000858306885,3.9549999237060547,3.0914788246154785,972000,0.0,0.0
1997-12-29 00:00:00+05:30,3.9700000286102295,4.050000190734863,3.924999952316284,4.002500057220459,3.128607749938965,1114000,0.0,0.0
1997-12-30 00:00:00+05:30,4.097499847412109,4.244999885559082,3.9000000953674316,3.9175000190734863,3.062166213989258,1138000,0.0,0.0
1997-12-31 00:00:00+05:30,3.924999952316284,4.09499979019165,3.9124999046325684,4.025000095367432,3.1461949348449707,1408000,0.0,0.0
1998-01-01 00:00:00+05:30,3.9749999046325684,4.070000171661377,3.9749999046325684,4.037499904632568,3.155965566635132,806000,0.0,0.0
1998-01-02 00:00:00+05:30,4.074999809265137,4.125,4.012499809265137,4.042500019073486,3.1598739624023438,1086000,0.0,0.0
1998-01-05 00:00:00+05:30,4.074999809265137,4.074999809265137,3.9825000762939453,3.994999885559082,3.1227447986602783,1024000,0.0,0.0
1998-01-06 00:00:00+05:30,3.950000047683716,3.997499942779541,3.882499933242798,3.9124999046325684,3.0582573413848877,1680000,0.0,0.0
1998-01-07 00:00:00+05:30,3.950000047683716,4.0,3.875,3.9049999713897705,3.0523953437805176,1102000,0.0,0.0
1998-01-08 00:00:00+05:30,3.9000000953674316,3.924999952316284,3.799999952316284,3.8550000190734863,3.013312339782715,2038000,0.0,0.0
1998-01-09 00:00:00+05:30,3.805000066757202,3.825000047683716,3.7125000953674316,3.7750000953674316,2.9507789611816406,1536000,0.0,0.0
1998-01-12 00:00:00+05:30,3.700000047683716,3.744999885559082,3.5,3.5350000858306885,2.7631804943084717,1774000,0.0,0.0
1998-01-13 00:00:00+05:30,3.5924999713897705,3.625,3.549999952316284,3.5999999046325684,2.813987970352173,1744000,0.0,0.0
1998-01-14 00:00:00+05:30,3.825000047683716,3.825000047683716,3.5824999809265137,3.6575000286102295,2.8589329719543457,1350000,0.0,0.0
1998-01-15 00:00:00+05:30,3.672499895095825,3.674999952316284,3.5824999809265137,3.634999990463257,2.841346025466919,682000,0.0,0.0
1998-01-16 00:00:00+05:30,3.6424999237060547,4.0,3.617500066757202,3.9749999046325684,3.107111692428589,7864000,0.0,0.0
1998-01-19 00:00:00+05:30,3.9024999141693115,4.0,3.8499999046325684,3.942500114440918,3.081707715988159,3306000,0.0,0.0
1998-01-20 00:00:00+05:30,3.762500047683716,3.9649999141693115,3.762500047683716,3.927500009536743,3.0699827671051025,3494000,0.0,0.0
1998-01-21 00:00:00+05:30,3.9000000953674316,4.197500228881836,3.8499999046325684,4.045000076293945,3.1618285179138184,6760000,0.0,0.0
1998-01-22 00:00:00+05:30,4.0,4.025000095367432,3.922499895095825,3.9375,3.077798843383789,2758000,0.0,0.0
1998-01-23 00:00:00+05:30,3.930000066757202,3.950000047683716,3.8524999618530273,3.9024999141693115,3.050441265106201,1296000,0.0,0.0
1998-01-26 00:00:00+05:30,3.9024999141693115,3.9024999141693115,3.9024999141693115,3.9024999141693115,3.050441265106201,0,0.0,0.0
1998-01-27 00:00:00+05:30,3.887500047683716,3.9000000953674316,3.75,3.757499933242798,2.937100648880005,2648000,0.0,0.0
1998-01-28 00:00:00+05:30,3.75,3.825000047683716,3.630000114440918,3.677500009536743,2.8745670318603516,1702000,0.0,0.0
1998-01-29 00:00:00+05:30,3.625,3.6624999046325684,3.575000047683716,3.5799999237060547,2.7983548641204834,3778000,0.0,0.0
1998-01-30 00:00:00+05:30,3.627500057220459,3.684999942779541,3.5999999046325684,3.619999885559082,2.8296210765838623,3282000,0.0,0.0
1998-02-02 00:00:00+05:30,3.6624999046325684,3.6675000190734863,3.5250000953674316,3.5975000858306885,2.8120341300964355,1700000,0.0,0.0
1998-02-03 00:00:00+05:30,3.625,3.627500057220459,3.4124999046325684,3.4625000953674316,2.7065091133117676,3676000,0.0,0.0
1998-02-04 00:00:00+05:30,3.5625,3.5625,3.4124999046325684,3.4725000858306885,2.7143259048461914,6146000,0.0,0.0
1998-02-05 00:00:00+05:30,3.450000047683716,3.484999895095825,3.3524999618530273,3.372499942779541,2.636159896850586,2378000,0.0,0.0
1998-02-06 00:00:00+05:30,3.3499999046325684,3.4749999046325684,3.3125,3.375,2.638113498687744,7018000,0.0,0.0
1998-02-09 00:00:00+05:30,3.4000000953674316,3.4100000858306885,3.3499999046325684,3.377500057220459,2.6400671005249023,1052000,0.0,0.0
1998-02-10 00:00:00+05:30,3.3524999618530273,3.4800000190734863,3.0950000286102295,3.109999895095825,2.4309728145599365,7470000,0.0,0.0
1998-02-11 00:00:00+05:30,3.297499895095825,3.3399999141693115,3.075000047683716,3.134999990463257,2.450514793395996,6496000,0.0,0.0
1998-02-12 00:00:00+05:30,3.112499952316284,3.174999952316284,3.075000047683716,3.1475000381469727,2.4602856636047363,2208000,0.0,0.0
1998-02-13 00:00:00+05:30,3.1624999046325684,3.1875,3.130000114440918,3.1424999237060547,2.4563772678375244,5238000,0.0,0.0
1998-02-16 00:00:00+05:30,3.1424999237060547,3.1424999237060547,3.1424999237060547,3.1424999237060547,2.4563772678375244,0,0.0,0.0
1998-02-17 00:00:00+05:30,3.197499990463257,3.2699999809265137,3.1500000953674316,3.1600000858306885,2.47005558013916,5258000,0.0,0.0
1998-02-18 00:00:00+05:30,3.180000066757202,3.2699999809265137,3.1050000190734863,3.234999895095825,2.5286808013916016,6726000,0.0,0.0
1998-02-19 00:00:00+05:30,3.25,3.3375000953674316,3.234999895095825,3.262500047683716,2.5501766204833984,4926000,0.0,0.0
1998-02-20 00:00:00+05:30,3.265000104904175,3.2925000190734863,3.2225000858306885,3.234999895095825,2.5286808013916016,3048000,0.0,0.0
1998-02-23 00:00:00+05:30,3.2325000762939453,3.4124999046325684,3.2300000190734863,3.390000104904175,2.64983868598938,5390000,0.0,0.0
1998-02-24 00:00:00+05:30,3.424999952316284,3.4625000953674316,3.3575000762939453,3.422499895095825,2.6752426624298096,6232000,0.0,0.0
1998-02-25 00:00:00+05:30,3.424999952316284,3.5999999046325684,3.424999952316284,3.5924999713897705,2.8081254959106445,3036000,0.0,0.0
1998-02-26 00:00:00+05:30,3.5999999046325684,3.6500000953674316,3.512500047683716,3.5374999046325684,2.765134811401367,3086000,0.0,0.0
1998-02-27 00:00:00+05:30,3.559999942779541,3.5950000286102295,3.5250000953674316,3.547499895095825,2.7729506492614746,2694000,0.0,0.0
1998-03-02 00:00:00+05:30,3.5875000953674316,3.6500000953674316,3.555000066757202,3.640000104904175,2.84525465965271,4540000,0.0,0.0
1998-03-03 00:00:00+05:30,3.672499895095825,3.672499895095825,3.4000000953674316,3.447499990463257,2.69478440284729,4936000,0.0,0.0
1998-03-04 00:00:00+05:30,3.5250000953674316,3.672499895095825,3.484999895095825,3.6449999809265137,2.8491628170013428,4216000,0.0,0.0
1998-03-05 00:00:00+05:30,3.5999999046325684,3.6424999237060547,3.5999999046325684,3.615000009536743,2.8257129192352295,3106000,0.0,0.0
1998-03-06 00:00:00+05:30,3.6449999809265137,3.6475000381469727,3.557499885559082,3.5975000858306885,2.8120341300964355,2522000,0.0,0.0
1998-03-09 00:00:00+05:30,3.617500066757202,3.6449999809265137,3.5899999141693115,3.609999895095825,2.8218045234680176,1632000,0.0,0.0
1998-03-10 00:00:00+05:30,3.6050000190734863,3.627500057220459,3.5450000762939453,3.557499885559082,2.7807669639587402,2484000,0.0,0.0
1998-03-11 00:00:00+05:30,3.619999885559082,3.622499942779541,3.5374999046325684,3.5799999237060547,2.7983548641204834,1294000,0.0,0.0
1998-03-12 00:00:00+05:30,3.5950000286102295,3.5950000286102295,3.5199999809265137,3.5350000858306885,2.7631804943084717,738000,0.0,0.0
1998-03-13 00:00:00+05:30,3.5350000858306885,3.5350000858306885,3.5350000858306885,3.5350000858306885,2.7631804943084717,0,0.0,0.0
1998-03-16 00:00:00+05:30,3.6050000190734863,3.625,3.5250000953674316,3.572499990463257,2.792492389678955,990000,0.0,0.0
1998-03-17 00:00:00+05:30,3.549999952316284,3.569999933242798,3.4625000953674316,3.4825000762939453,2.722142457962036,1528000,0.0,0.0
1998-03-18 00:00:00+05:30,3.6024999618530273,3.6024999618530273,3.5,3.507499933242798,2.7416837215423584,2492000,0.0,0.0
1998-03-19 00:00:00+05:30,3.575000047683716,3.5875000953674316,3.509999990463257,3.5174999237060547,2.7495005130767822,1284000,0.0,0.0
1998-03-20 00:00:00+05:30,3.5,3.7699999809265137,3.5,3.677500009536743,2.8745670318603516,8238000,0.0,0.0
1998-03-23 00:00:00+05:30,3.747499942779541,3.747499942779541,3.625,3.6524999141693115,2.85502552986145,534000,0.0,0.0
1998-03-24 00:00:00+05:30,3.797499895095825,3.799999952316284,3.637500047683716,3.6624999046325684,2.862842321395874,7484000,0.0,0.0
1998-03-25 00:00:00+05:30,3.762500047683716,3.8450000286102295,3.7200000286102295,3.825000047683716,2.9898626804351807,4456000,0.0,0.0
1998-03-26 00:00:00+05:30,3.825000047683716,3.8399999141693115,3.6500000953674316,3.684999942779541,2.8804290294647217,4308000,0.0,0.0
1998-03-27 00:00:00+05:30,3.672499895095825,3.7100000381469727,3.6050000190734863,3.690000057220459,2.8843371868133545,1816000,0.0,0.0
1998-03-30 00:00:00+05:30,3.740000009536743,3.740000009536743,3.5999999046325684,3.615000009536743,2.8257129192352295,1532000,0.0,0.0
1998-03-31 00:00:00+05:30,3.572499990463257,3.632499933242798,3.505000114440918,3.515000104904175,2.747546434402466,3576000,0.0,0.0
1998-04-01 00:00:00+05:30,3.487499952316284,3.680000066757202,3.487499952316284,3.640000104904175,2.84525465965271,1208000,0.0,0.0
1998-04-02 00:00:00+05:30,3.6500000953674316,3.7750000953674316,3.615000009536743,3.674999952316284,2.872612714767456,3830000,0.0,0.0
1998-04-03 00:00:00+05:30,3.6524999141693115,3.734999895095825,3.6500000953674316,3.7125000953674316,2.9019253253936768,1762000,0.0,0.0
1998-04-06 00:00:00+05:30,3.75,4.067500114440918,3.7249999046325684,3.9825000762939453,3.1129744052886963,9938000,0.0,0.0
1998-04-07 00:00:00+05:30,3.994999885559082,4.047500133514404,3.875,3.947499990463257,3.0856151580810547,5622000,0.0,0.0
1998-04-08 00:00:00+05:30,3.947499990463257,3.947499990463257,3.947499990463257,3.947499990463257,3.0856151580810547,0,0.0,0.0
1998-04-09 00:00:00+05:30,4.0,4.025000095367432,3.875,3.924999952316284,3.068028450012207,5324000,0.0,0.0
1998-04-10 00:00:00+05:30,3.924999952316284,3.9800000190734863,3.875,3.8949999809265137,3.0445783138275146,2910000,0.0,0.0
1998-04-13 00:00:00+05:30,3.865000009536743,3.9600000381469727,3.75,3.7725000381469727,2.948824882507324,4704000,0.0,0.0
1998-04-14 00:00:00+05:30,3.7725000381469727,3.7725000381469727,3.7725000381469727,3.7725000381469727,2.948824882507324,0,0.0,0.0
1998-04-15 00:00:00+05:30,3.9000000953674316,4.042500019073486,3.8924999237060547,3.987499952316284,3.1168830394744873,6294000,0.0,0.0
1998-04-16 00:00:00+05:30,4.019999980926514,4.050000190734863,3.880000114440918,3.8949999809265137,3.0445783138275146,2932000,0.0,0.0
1998-04-17 00:00:00+05:30,3.9049999713897705,3.924999952316284,3.7925000190734863,3.867500066757202,3.023082971572876,2146000,0.0,0.0
1998-04-20 00:00:00+05:30,3.9000000953674316,3.9124999046325684,3.799999952316284,3.809999942779541,2.9781363010406494,2630000,0.0,0.0
1998-04-21 00:00:00+05:30,3.7799999713897705,3.9600000381469727,3.7799999713897705,3.9124999046325684,3.0582573413848877,5298000,0.0,0.0
1998-04-22 00:00:00+05:30,4.087500095367432,4.304999828338623,4.054999828338623,4.085000038146973,3.1930952072143555,13294000,0.0,0.0
1998-04-23 00:00:00+05:30,4.074999809265137,4.150000095367432,3.924999952316284,3.9625000953674316,3.097341299057007,6142000,0.0,0.0
1998-04-24 00:00:00+05:30,3.9549999237060547,4.0,3.755000114440918,3.942500114440918,3.081707715988159,4790000,0.0,0.0
1998-04-27 00:00:00+05:30,3.8949999809265137,4.0,3.8524999618530273,3.880000114440918,3.032853126525879,5100000,0.0,0.0
1998-04-28 00:00:00+05:30,3.805000066757202,3.944999933242798,3.7799999713897705,3.9049999713897705,3.0523953437805176,7610000,0.0,0.0
1998-04-29 00:00:00+05:30,3.944999933242798,4.070000171661377,3.7674999237060547,3.8125,2.9800913333892822,7194000,0.0,0.0
1998-04-30 00:00:00+05:30,3.8125,3.8499999046325684,3.75,3.8399999141693115,3.001587152481079,3786000,0.0,0.0
1998-05-01 00:00:00+05:30,3.8399999141693115,3.8399999141693115,3.8399999141693115,3.8399999141693115,3.001587152481079,0,0.0,0.0
1998-05-04 00:00:00+05:30,3.922499895095825,3.950000047683716,3.799999952316284,3.8475000858306885,3.0074496269226074,3014000,0.0,0.0
1998-05-05 00:00:00+05:30,3.869999885559082,3.875,3.799999952316284,3.8499999046325684,3.0094034671783447,2660000,0.0,0.0
1998-05-06 00:00:00+05:30,3.9000000953674316,3.922499895095825,3.799999952316284,3.805000066757202,2.974228858947754,1936000,0.0,0.0
1998-05-07 00:00:00+05:30,3.805000066757202,3.805000066757202,3.805000066757202,3.805000066757202,2.974228858947754,0,0.0,0.0
1998-05-08 00:00:00+05:30,3.8450000286102295,3.8450000286102295,3.609999895095825,3.700000047683716,2.8921549320220947,6122000,0.0,0.0
1998-05-11 00:00:00+05:30,3.674999952316284,3.8499999046325684,3.625,3.817500114440918,2.983999729156494,6486000,0.0,0.0
1998-05-12 00:00:00+05:30,3.75,3.759999990463257,3.4375,3.6575000286102295,2.8589329719543457,7374000,0.0,0.0
1998-05-13 00:00:00+05:30,3.6500000953674316,3.7249999046325684,3.502500057220459,3.5374999046325684,2.765134811401367,2958000,0.0,0.0
1998-05-14 00:00:00+05:30,3.4549999237060547,3.75,3.4075000286102295,3.690000057220459,2.8843371868133545,7010000,0.0,0.0
1998-05-15 00:00:00+05:30,3.744999885559082,3.75,3.552500009536743,3.6549999713897705,2.856980085372925,3646000,0.0,0.0
1998-05-18 00:00:00+05:30,3.6424999237060547,3.674999952316284,3.6075000762939453,3.630000114440918,2.8374383449554443,1680000,0.0,0.0
1998-05-19 00:00:00+05:30,3.625,3.6624999046325684,3.5875000953674316,3.637500047683716,2.8433003425598145,6222000,0.0,0.0
1998-05-20 00:00:00+05:30,3.674999952316284,3.7300000190734863,3.637500047683716,3.7225000858306885,2.9097414016723633,2300000,0.0,0.0
1998-05-21 00:00:00+05:30,3.737499952316284,3.747499942779541,3.5875000953674316,3.619999885559082,2.8296210765838623,2004000,0.0,0.0
1998-05-22 00:00:00+05:30,3.625,3.6475000381469727,3.555000066757202,3.622499942779541,2.831575393676758,1336000,0.0,0.0
1998-05-25 00:00:00+05:30,3.569999933242798,3.615000009536743,3.555000066757202,3.567500114440918,2.788583993911743,734000,0.0,0.0
1998-05-26 00:00:00+05:30,3.5299999713897705,3.625,3.4649999141693115,3.5999999046325684,2.813987970352173,5112000,0.0,0.0
1998-05-27 00:00:00+05:30,3.6500000953674316,3.694999933242798,3.512500047683716,3.557499885559082,2.7807669639587402,2258000,0.0,0.0
1998-05-28 00:00:00+05:30,3.5625,3.5899999141693115,3.5,3.505000114440918,2.739729642868042,1304000,0.0,0.0
1998-05-29 00:00:00+05:30,3.3550000190734863,3.505000114440918,3.325000047683716,3.4725000858306885,2.7143259048461914,2030000,0.0,0.0
1998-06-01 00:00:00+05:30,3.490000009536743,3.555000066757202,3.362499952316284,3.4000000953674316,2.6576550006866455,2372000,0.0,0.0
1998-06-02 00:00:00+05:30,3.325000047683716,3.3949999809265137,3.2125000953674316,3.252500057220459,2.5423598289489746,2968000,0.0,0.0
1998-06-03 00:00:00+05:30,3.424999952316284,3.559999942779541,3.305000066757202,3.369999885559082,2.6342055797576904,4758000,0.0,0.0
1998-06-04 00:00:00+05:30,3.424999952316284,3.424999952316284,3.3324999809265137,3.372499942779541,2.636159896850586,1158000,0.0,0.0
1998-06-05 00:00:00+05:30,3.3499999046325684,3.4000000953674316,3.305000066757202,3.3324999809265137,2.6048929691314697,2468000,0.0,0.0
1998-06-08 00:00:00+05:30,3.2850000858306885,3.3499999046325684,3.1050000190734863,3.180000066757202,2.485689640045166,3800000,0.0,0.0
1998-06-09 00:00:00+05:30,3.25,3.3424999713897705,3.1549999713897705,3.302500009536743,2.5814425945281982,2188000,0.0,0.0
1998-06-10 00:00:00+05:30,3.2750000953674316,3.2899999618530273,3.1649999618530273,3.1875,2.491551637649536,2690000,0.0,0.0
1998-06-11 00:00:00+05:30,3.125,3.1700000762939453,3.059999942779541,3.1500000953674316,2.501478433609009,3614000,0.05,0.0
1998-06-12 00:00:00+05:30,3.180000066757202,3.2174999713897705,3.1050000190734863,3.140000104904175,2.493537664413452,3314000,0.0,0.0
1998-06-15 00:00:00+05:30,3.1050000190734863,3.137500047683716,2.930000066757202,2.9649999141693115,2.3545658588409424,2332000,0.0,0.0
1998-06-16 00:00:00+05:30,2.9149999618530273,2.990000009536743,2.762500047683716,2.9700000286102295,2.358536720275879,2978000,0.0,0.0
1998-06-17 00:00:00+05:30,3.069999933242798,3.2249999046325684,3.069999933242798,3.202500104904175,2.5431699752807617,12368000,0.0,0.0
1998-06-18 00:00:00+05:30,3.125,3.2249999046325684,3.0950000286102295,3.112499952316284,2.471698760986328,2874000,0.0,0.0
1998-06-19 00:00:00+05:30,3.052500009536743,3.134999990463257,2.9625000953674316,3.1050000190734863,2.4657435417175293,1764000,0.0,0.0
1998-06-22 00:00:00+05:30,2.950000047683716,3.0250000953674316,2.7950000762939453,2.9100000858306885,2.310889959335327,3538000,0.0,0.0
1998-06-23 00:00:00+05:30,2.9024999141693115,3.0,2.799999952316284,2.952500104904175,2.344639778137207,1540000,0.0,0.0
1998-06-24 00:00:00+05:30,3.0,3.069999933242798,2.950000047683716,3.0450000762939453,2.418095588684082,1134000,0.0,0.0
1998-06-25 00:00:00+05:30,3.0625,3.125,3.0450000762939453,3.067500114440918,2.4359636306762695,1104000,0.0,0.0
1998-06-26 00:00:00+05:30,3.049999952316284,3.075000047683716,2.9800000190734863,3.0374999046325684,2.412140130996704,1464000,0.0,0.0
1998-06-29 00:00:00+05:30,3.0250000953674316,3.069999933242798,2.992500066757202,3.0350000858306885,2.4101548194885254,2062000,0.0,0.0
1998-06-30 00:00:00+05:30,3.069999933242798,3.3350000381469727,3.007499933242798,3.262500047683716,2.5908169746398926,4868000,0.0,0.0
1998-07-01 00:00:00+05:30,3.137500047683716,3.1624999046325684,3.049999952316284,3.077500104904175,2.443904399871826,934000,0.0,0.0
1998-07-02 00:00:00+05:30,3.0299999713897705,3.072499990463257,2.9375,2.9625000953674316,2.3525805473327637,876000,0.0,0.0
1998-07-03 00:00:00+05:30,2.9375,2.950000047683716,2.8450000286102295,2.8550000190734863,2.2672126293182373,1428000,0.0,0.0
1998-07-06 00:00:00+05:30,2.8499999046325684,2.940000057220459,2.8399999141693115,2.8575000762939453,2.2691986560821533,1142000,0.0,0.0
1998-07-07 00:00:00+05:30,2.862499952316284,2.9149999618530273,2.8125,2.8399999141693115,2.2553012371063232,1612000,0.0,0.0
1998-07-08 00:00:00+05:30,2.950000047683716,3.0250000953674316,2.9100000858306885,2.990000009536743,2.3744192123413086,1134000,0.0,0.0
1998-07-09 00:00:00+05:30,3.0325000286102295,3.075000047683716,2.952500104904175,3.007499933242798,2.3883156776428223,1130000,0.0,0.0
1998-07-10 00:00:00+05:30,3.0875000953674316,3.247499942779541,3.0274999141693115,3.1575000286102295,2.507434606552124,4362000,0.0,0.0
1998-07-13 00:00:00+05:30,3.2750000953674316,3.4100000858306885,3.2149999141693115,3.3524999618530273,2.662287950515747,5082000,0.0,0.0
1998-07-14 00:00:00+05:30,3.325000047683716,3.5350000858306885,3.2300000190734863,3.4600000381469727,2.7476556301116943,4762000,0.0,0.0
1998-07-15 00:00:00+05:30,3.5999999046325684,3.6024999618530273,3.2750000953674316,3.309999942779541,2.6285369396209717,2652000,0.0,0.0
1998-07-16 00:00:00+05:30,3.2950000762939453,3.4149999618530273,3.2750000953674316,3.380000114440918,2.6841259002685547,3212000,0.0,0.0
1998-07-17 00:00:00+05:30,3.4124999046325684,3.4124999046325684,3.3299999237060547,3.3399999141693115,2.6523611545562744,1676000,0.0,0.0
1998-07-20 00:00:00+05:30,3.2750000953674316,3.362499952316284,3.255000114440918,3.3524999618530273,2.662287950515747,1612000,0.0,0.0
1998-07-21 00:00:00+05:30,3.305000066757202,3.3499999046325684,3.265000104904175,3.302500009536743,2.622581720352173,1706000,0.0,0.0
1998-07-22 00:00:00+05:30,3.325000047683716,3.369999885559082,3.240000009536743,3.25,2.580890417098999,1162000,0.0,0.0
1998-07-23 00:00:00+05:30,3.2125000953674316,3.247499942779541,3.1500000953674316,3.1675000190734863,2.515375852584839,800000,0.0,0.0
1998-07-24 00:00:00+05:30,3.1524999141693115,3.1524999141693115,3.065000057220459,3.0824999809265137,2.447875499725342,926000,0.0,0.0
1998-07-27 00:00:00+05:30,3.049999952316284,3.137500047683716,3.0,3.0199999809265137,2.398242473602295,682000,0.0,0.0
1998-07-28 00:00:00+05:30,3.0,3.237499952316284,2.9800000190734863,3.117500066757202,2.4756698608398438,2222000,0.0,0.0
1998-07-29 00:00:00+05:30,3.184999942779541,3.190000057220459,3.0999999046325684,3.1549999713897705,2.505449056625366,1694000,0.0,0.0
1998-07-30 00:00:00+05:30,3.1500000953674316,3.3399999141693115,3.0999999046325684,3.1524999141693115,2.5034635066986084,3316000,0.0,0.0
1998-07-31 00:00:00+05:30,3.130000114440918,3.2274999618530273,3.130000114440918,3.190000057220459,2.533243179321289,968000,0.0,0.0
1998-08-03 00:00:00+05:30,3.1500000953674316,3.1500000953674316,3.049999952316284,3.052500009536743,2.4240520000457764,1420000,0.0,0.0
1998-08-04 00:00:00+05:30,3.0999999046325684,3.0999999046325684,2.9749999046325684,2.9825000762939453,2.3684632778167725,1490000,0.0,0.0
1998-08-05 00:00:00+05:30,2.984999895095825,3.2200000286102295,2.9149999618530273,3.1600000858306885,2.5094199180603027,5342000,0.0,0.0
1998-08-06 00:00:00+05:30,3.200000047683716,3.200000047683716,3.0250000953674316,3.055000066757202,2.4260365962982178,1042000,0.0,0.0
1998-08-07 00:00:00+05:30,3.0250000953674316,3.075000047683716,3.005000114440918,3.0225000381469727,2.400228500366211,1248000,0.0,0.0
1998-08-10 00:00:00+05:30,3.049999952316284,3.049999952316284,2.987499952316284,3.002500057220459,2.384345531463623,1536000,0.0,0.0
1998-08-11 00:00:00+05:30,3.0,3.200000047683716,2.9574999809265137,3.1649999618530273,2.513390302658081,7270000,0.0,0.0
1998-08-12 00:00:00+05:30,3.1050000190734863,3.174999952316284,2.997499942779541,3.1549999713897705,2.505449056625366,5728000,0.0,0.0
1998-08-13 00:00:00+05:30,3.117500066757202,3.1424999237060547,3.059999942779541,3.0875000953674316,2.451846122741699,2502000,0.0,0.0
1998-08-14 00:00:00+05:30,3.0999999046325684,3.112499952316284,3.0250000953674316,3.0425000190734863,2.4161102771759033,1386000,0.0,0.0
1998-08-17 00:00:00+05:30,3.067500114440918,3.075000047683716,3.0299999713897705,3.0450000762939453,2.418095588684082,746000,0.0,0.0
1998-08-18 00:00:00+05:30,3.047499895095825,3.125,2.950000047683716,3.0999999046325684,2.4617726802825928,5204000,0.0,0.0
1998-08-19 00:00:00+05:30,3.075000047683716,3.174999952316284,3.0274999141693115,3.1449999809265137,2.4975078105926514,5718000,0.0,0.0
1998-08-20 00:00:00+05:30,3.172499895095825,3.172499895095825,3.075000047683716,3.1024999618530273,2.4637579917907715,1906000,0.0,0.0
1998-08-21 00:00:00+05:30,3.055000066757202,3.125,3.0250000953674316,3.049999952316284,2.4220666885375977,2404000,0.0,0.0
1998-08-24 00:00:00+05:30,3.005000114440918,3.0425000190734863,2.984999895095825,2.997499942779541,2.3803741931915283,3668000,0.0,0.0
1998-08-25 00:00:00+05:30,3.0,3.012500047683716,2.9774999618530273,2.992500066757202,2.3764050006866455,4500000,0.0,0.0
1998-08-26 00:00:00+05:30,2.992500066757202,2.992500066757202,2.992500066757202,2.992500066757202,2.3764050006866455,0,0.0,0.0
1998-08-27 00:00:00+05:30,3.0374999046325684,3.1875,3.0,3.0250000953674316,2.4022130966186523,9812000,0.0,0.0
1998-08-28 00:00:00+05:30,3.012500047683716,3.012500047683716,2.7850000858306885,2.815000057220459,2.235447883605957,4936000,0.0,0.0
1998-08-31 00:00:00+05:30,2.827500104904175,2.9124999046325684,2.7950000762939453,2.890000104904175,2.2950072288513184,2190000,0.0,0.0
1998-09-01 00:00:00+05:30,2.827500104904175,2.872499942779541,2.807499885559082,2.8450000286102295,2.2592718601226807,2436000,0.0,0.0
1998-09-02 00:00:00+05:30,2.924999952316284,2.9375,2.8475000858306885,2.875,2.283095359802246,1474000,0.0,0.0
1998-09-03 00:00:00+05:30,2.9124999046325684,2.9375,2.867500066757202,2.9200000762939453,2.318830728530884,1722000,0.0,0.0
1998-09-04 00:00:00+05:30,2.944999933242798,2.944999933242798,2.869999885559082,2.9100000858306885,2.310889959335327,950000,0.0,0.0
1998-09-07 00:00:00+05:30,2.924999952316284,3.1449999809265137,2.924999952316284,3.1449999809265137,2.4975078105926514,5540000,0.0,0.0
1998-09-08 00:00:00+05:30,3.200000047683716,3.2750000953674316,3.127500057220459,3.2125000953674316,2.5511109828948975,6276000,0.0,0.0
1998-09-09 00:00:00+05:30,3.299999952316284,3.3475000858306885,3.200000047683716,3.2174999713897705,2.555081844329834,3742000,0.0,0.0
1998-09-10 00:00:00+05:30,3.177500009536743,3.2725000381469727,3.174999952316284,3.242500066757202,2.574934482574463,2500000,0.0,0.0
1998-09-11 00:00:00+05:30,3.2074999809265137,3.2249999046325684,3.1624999046325684,3.190000057220459,2.533243179321289,1250000,0.0,0.0
1998-09-14 00:00:00+05:30,3.2750000953674316,3.4124999046325684,3.2249999046325684,3.4000000953674316,2.7000088691711426,6090000,0.0,0.0
1998-09-15 00:00:00+05:30,3.390000104904175,3.4000000953674316,3.3324999809265137,3.359999895095825,2.668243169784546,2716000,0.0,0.0
1998-09-16 00:00:00+05:30,3.3975000381469727,3.4000000953674316,3.305000066757202,3.322499990463257,2.6384639739990234,1330000,0.0,0.0
1998-09-17 00:00:00+05:30,3.3125,3.3350000381469727,3.2799999713897705,3.317500114440918,2.634493827819824,1090000,0.0,0.0
1998-09-18 00:00:00+05:30,3.305000066757202,3.387500047683716,3.2774999141693115,3.369999885559082,2.67618465423584,2122000,0.0,0.0
1998-09-21 00:00:00+05:30,3.3949999809265137,3.640000104904175,3.3949999809265137,3.575000047683716,2.838979482650757,5342000,0.0,0.0
1998-09-22 00:00:00+05:30,3.5975000858306885,3.5975000858306885,3.4075000286102295,3.430000066757202,2.7238316535949707,2764000,0.0,0.0
1998-09-23 00:00:00+05:30,3.497499942779541,3.5250000953674316,3.452500104904175,3.492500066757202,2.7734649181365967,1784000,0.0,0.0
1998-09-24 00:00:00+05:30,3.5299999713897705,3.5299999713897705,3.432499885559082,3.4549999237060547,2.743684768676758,982000,0.0,0.0
1998-09-25 00:00:00+05:30,3.4725000858306885,3.4749999046325684,3.4000000953674316,3.422499895095825,2.7178757190704346,744000,0.0,0.0
1998-09-28 00:00:00+05:30,3.3924999237060547,3.424999952316284,3.247499942779541,3.2799999713897705,2.6047139167785645,1122000,0.0,0.0
1998-09-29 00:00:00+05:30,3.305000066757202,3.305000066757202,3.130000114440918,3.1649999618530273,2.513390302658081,2330000,0.0,0.0
1998-09-30 00:00:00+05:30,3.2249999046325684,3.25,3.1524999141693115,3.242500066757202,2.574934482574463,698000,0.0,0.0
1998-10-01 00:00:00+05:30,3.242500066757202,3.242500066757202,3.242500066757202,3.242500066757202,2.574934482574463,0,0.0,0.0
1998-10-02 00:00:00+05:30,3.242500066757202,3.242500066757202,3.242500066757202,3.242500066757202,2.574934482574463,0,0.0,0.0
1998-10-05 00:00:00+05:30,3.072499990463257,3.122499942779541,3.0299999713897705,3.057499885559082,2.4280223846435547,1294000,0.0,0.0
1998-10-06 00:00:00+05:30,3.0250000953674316,3.0999999046325684,3.002500057220459,3.0824999809265137,2.447875499725342,1166000,0.0,0.0
1998-10-07 00:00:00+05:30,3.1500000953674316,3.194999933242798,3.1500000953674316,3.1624999046325684,2.511404037475586,1160000,0.0,0.0
1998-10-08 00:00:00+05:30,3.1600000858306885,3.190000057220459,3.0850000381469727,3.0975000858306885,2.4597864151000977,314000,0.0,0.0
1998-10-09 00:00:00+05:30,3.1449999809265137,3.1449999809265137,3.057499885559082,3.0999999046325684,2.4617726802825928,536000,0.0,0.0
1998-10-12 00:00:00+05:30,3.075000047683716,3.0899999141693115,2.9124999046325684,2.924999952316284,2.322801113128662,1028000,0.0,0.0
1998-10-13 00:00:00+05:30,2.8524999618530273,2.950000047683716,2.8499999046325684,2.859999895095825,2.2711830139160156,1178000,0.0,0.0
1998-10-14 00:00:00+05:30,2.9725000858306885,3.0,2.875,2.9600000381469727,2.350594997406006,2982000,0.0,0.0
1998-10-15 00:00:00+05:30,2.9700000286102295,2.9700000286102295,2.8324999809265137,2.8524999618530273,2.2652273178100586,1610000,0.0,0.0
1998-10-16 00:00:00+05:30,2.887500047683716,2.9000000953674316,2.755000114440918,2.802500009536743,2.2255218029022217,1698000,0.0,0.0
1998-10-19 00:00:00+05:30,2.8499999046325684,2.8499999046325684,2.7750000953674316,2.7899999618530273,2.215595006942749,436000,0.0,0.0
1998-10-20 00:00:00+05:30,2.762500047683716,2.762500047683716,2.567500114440918,2.569999933242798,2.040888547897339,1602000,0.0,0.0
1998-10-21 00:00:00+05:30,2.569999933242798,2.569999933242798,2.569999933242798,2.569999933242798,2.040888547897339,0,0.0,0.0
1998-10-22 00:00:00+05:30,2.700000047683716,2.7750000953674316,2.6075000762939453,2.6875,2.13419771194458,2926000,0.0,0.0
1998-10-23 00:00:00+05:30,2.6875,2.7325000762939453,2.5999999046325684,2.680000066757202,2.128242254257202,1152000,0.0,0.0
1998-10-26 00:00:00+05:30,2.75,2.887500047683716,2.7249999046325684,2.759999990463257,2.1917715072631836,2008000,0.0,0.0
1998-10-27 00:00:00+05:30,2.702500104904175,2.759999990463257,2.617500066757202,2.640000104904175,2.0964772701263428,1262000,0.0,0.0
1998-10-28 00:00:00+05:30,2.700000047683716,2.7249999046325684,2.5999999046325684,2.6075000762939453,2.0706684589385986,1614000,0.0,0.0
1998-10-29 00:00:00+05:30,2.5950000286102295,2.6875,2.5299999713897705,2.672499895095825,2.122285842895508,936000,0.0,0.0
1998-10-30 00:00:00+05:30,2.694999933242798,2.694999933242798,2.6500000953674316,2.6624999046325684,2.114345073699951,2388000,0.0,0.0
1998-11-02 00:00:00+05:30,2.637500047683716,2.6449999809265137,2.577500104904175,2.5875000953674316,2.054786443710327,458000,0.0,0.0
1998-11-03 00:00:00+05:30,2.617500066757202,2.617500066757202,2.4100000858306885,2.450000047683716,1.945594072341919,1938000,0.0,0.0
1998-11-04 00:00:00+05:30,2.450000047683716,2.450000047683716,2.450000047683716,2.450000047683716,1.945594072341919,0,0.0,0.0
1998-11-05 00:00:00+05:30,2.5,2.5,2.4000000953674316,2.492500066757202,1.9793446063995361,1066000,0.0,0.0
1998-11-06 00:00:00+05:30,2.4574999809265137,2.559999942779541,2.4574999809265137,2.5,1.9853005409240723,1572000,0.0,0.0
1998-11-09 00:00:00+05:30,2.569999933242798,2.625,2.549999952316284,2.5924999713897705,2.0587568283081055,2884000,0.0,0.0
1998-11-10 00:00:00+05:30,2.619999885559082,2.7699999809265137,2.5875000953674316,2.75,2.1838300228118896,2172000,0.0,0.0
1998-11-11 00:00:00+05:30,2.6500000953674316,2.9700000286102295,2.6500000953674316,2.8575000762939453,2.2691986560821533,7382000,0.0,0.0
1998-11-12 00:00:00+05:30,2.8125,2.8949999809265137,2.755000114440918,2.875,2.283095359802246,2716000,0.0,0.0
1998-11-13 00:00:00+05:30,2.8375000953674316,2.862499952316284,2.7750000953674316,2.7899999618530273,2.215595006942749,1896000,0.0,0.0
1998-11-16 00:00:00+05:30,2.759999990463257,2.799999952316284,2.7125000953674316,2.737499952316284,2.1739041805267334,1292000,0.0,0.0
1998-11-17 00:00:00+05:30,2.7149999141693115,2.759999990463257,2.674999952316284,2.700000047683716,2.1441245079040527,2952000,0.0,0.0
1998-11-18 00:00:00+05:30,2.742500066757202,2.819999933242798,2.7249999046325684,2.817500114440918,2.2374331951141357,2326000,0.0,0.0
1998-11-19 00:00:00+05:30,2.799999952316284,2.825000047683716,2.7249999046325684,2.7300000190734863,2.167947769165039,1186000,0.0,0.0
1998-11-20 00:00:00+05:30,2.7149999141693115,2.744999885559082,2.6700000762939453,2.680000066757202,2.128242254257202,1094000,0.0,0.0
1998-11-23 00:00:00+05:30,2.674999952316284,2.7125000953674316,2.615000009536743,2.625,2.0845651626586914,1012000,0.0,0.0
1998-11-24 00:00:00+05:30,2.609999895095825,2.674999952316284,2.5999999046325684,2.674999952316284,2.1242716312408447,1658000,0.0,0.0
1998-11-25 00:00:00+05:30,2.674999952316284,2.674999952316284,2.674999952316284,2.674999952316284,2.1242716312408447,0,0.0,0.0
1998-11-26 00:00:00+05:30,2.5999999046325684,2.6600000858306885,2.569999933242798,2.5975000858306885,2.062727451324463,698000,0.0,0.0
1998-11-27 00:00:00+05:30,2.5950000286102295,2.5999999046325684,2.5250000953674316,2.5350000858306885,2.0130951404571533,924000,0.0,0.0
1998-11-30 00:00:00+05:30,2.5374999046325684,2.5999999046325684,2.4700000286102295,2.557499885559082,2.0309622287750244,746000,0.0,0.0
1998-12-01 00:00:00+05:30,2.569999933242798,2.625,2.5399999618530273,2.612499952316284,2.0746381282806396,924000,0.0,0.0
1998-12-02 00:00:00+05:30,2.6475000381469727,2.690000057220459,2.6075000762939453,2.640000104904175,2.0964772701263428,704000,0.0,0.0
1998-12-03 00:00:00+05:30,2.617500066757202,2.634999990463257,2.5899999141693115,2.5899999141693115,2.0567708015441895,452000,0.0,0.0
1998-12-04 00:00:00+05:30,2.577500104904175,2.5975000858306885,2.549999952316284,2.559999942779541,2.032947301864624,576000,0.0,0.0
1998-12-07 00:00:00+05:30,2.5450000762939453,2.6050000190734863,2.5450000762939453,2.6024999618530273,2.066697359085083,598000,0.0,0.0
1998-12-08 00:00:00+05:30,2.5999999046325684,2.6500000953674316,2.569999933242798,2.5875000953674316,2.054786443710327,1232000,0.0,0.0
1998-12-09 00:00:00+05:30,2.6475000381469727,2.6475000381469727,2.569999933242798,2.612499952316284,2.0746381282806396,762000,0.0,0.0
1998-12-10 00:00:00+05:30,2.5899999141693115,2.619999885559082,2.5799999237060547,2.5824999809265137,2.0508153438568115,464000,0.0,0.0
1998-12-11 00:00:00+05:30,2.5950000286102295,2.617500066757202,2.5799999237060547,2.609999895095825,2.07265305519104,418000,0.0,0.0
1998-12-14 00:00:00+05:30,2.6050000190734863,2.6649999618530273,2.5850000381469727,2.617500066757202,2.0786094665527344,1264000,0.0,0.0
1998-12-15 00:00:00+05:30,2.6075000762939453,2.612499952316284,2.5799999237060547,2.612499952316284,2.0746381282806396,778000,0.0,0.0
1998-12-16 00:00:00+05:30,2.5625,2.625,2.5625,2.615000009536743,2.0766239166259766,570000,0.0,0.0
1998-12-17 00:00:00+05:30,2.569999933242798,2.5999999046325684,2.5274999141693115,2.5399999618530273,2.0170652866363525,1026000,0.0,0.0
1998-12-18 00:00:00+05:30,2.567500114440918,2.7249999046325684,2.5174999237060547,2.6600000858306885,2.1123600006103516,2876000,0.0,0.0
1998-12-21 00:00:00+05:30,2.6649999618530273,2.7249999046325684,2.6500000953674316,2.700000047683716,2.1441245079040527,1432000,0.0,0.0
1998-12-22 00:00:00+05:30,2.672499895095825,2.700000047683716,2.5999999046325684,2.609999895095825,2.07265305519104,1694000,0.0,0.0
1998-12-23 00:00:00+05:30,2.6649999618530273,2.697499990463257,2.637500047683716,2.6600000858306885,2.1123600006103516,1250000,0.0,0.0
1998-12-24 00:00:00+05:30,2.627500057220459,2.7950000762939453,2.627500057220459,2.7049999237060547,2.1480953693389893,2118000,0.0,0.0
1998-12-25 00:00:00+05:30,2.7049999237060547,2.7049999237060547,2.7049999237060547,2.7049999237060547,2.1480953693389893,0,0.0,0.0
1998-12-28 00:00:00+05:30,2.7799999713897705,2.805000066757202,2.7249999046325684,2.7249999046325684,2.1639769077301025,2762000,0.0,0.0
1998-12-29 00:00:00+05:30,2.697499990463257,2.762500047683716,2.697499990463257,2.737499952316284,2.1739041805267334,2364000,0.0,0.0
1998-12-30 00:00:00+05:30,2.819999933242798,2.9000000953674316,2.7899999618530273,2.8375000953674316,2.2533161640167236,2438000,0.0,0.0
1998-12-31 00:00:00+05:30,2.869999885559082,2.869999885559082,2.7249999046325684,2.737499952316284,2.1739041805267334,1150000,0.0,0.0
1999-01-01 00:00:00+05:30,2.759999990463257,2.7699999809265137,2.7249999046325684,2.759999990463257,2.1917715072631836,596000,0.0,0.0
1999-01-04 00:00:00+05:30,2.755000114440918,2.8375000953674316,2.75,2.762500047683716,2.1937568187713623,1566000,0.0,0.0
1999-01-05 00:00:00+05:30,2.75,2.825000047683716,2.75,2.799999952316284,2.2235372066497803,2500000,0.0,0.0
1999-01-06 00:00:00+05:30,2.8499999046325684,2.887500047683716,2.799999952316284,2.8450000286102295,2.2592718601226807,1074000,0.0,0.0
1999-01-07 00:00:00+05:30,2.8575000762939453,3.072499990463257,2.827500104904175,3.049999952316284,2.4220666885375977,7790000,0.0,0.0
1999-01-08 00:00:00+05:30,3.25,3.25,3.002500057220459,3.247499942779541,2.578904867172241,7272000,0.0,0.0
1999-01-11 00:00:00+05:30,3.2899999618530273,3.3499999046325684,3.177500009536743,3.197499990463257,2.5391993522644043,8420000,0.0,0.0
1999-01-12 00:00:00+05:30,3.1500000953674316,3.2750000953674316,3.125,3.2049999237060547,2.5451550483703613,4898000,0.0,0.0
1999-01-13 00:00:00+05:30,3.2874999046325684,3.3924999237060547,3.25,3.2925000190734863,2.614640474319458,4808000,0.0,0.0
1999-01-14 00:00:00+05:30,3.2249999046325684,3.297499895095825,3.2174999713897705,3.2799999713897705,2.6047139167785645,2650000,0.0,0.0
1999-01-15 00:00:00+05:30,3.299999952316284,3.299999952316284,3.0199999809265137,3.077500104904175,2.443904399871826,3688000,0.0,0.0
1999-01-18 00:00:00+05:30,3.0875000953674316,3.112499952316284,2.9024999141693115,2.950000047683716,2.342654228210449,2078000,0.0,0.0
1999-01-19 00:00:00+05:30,2.9574999809265137,2.9800000190734863,2.7699999809265137,2.799999952316284,2.2235372066497803,3454000,0.0,0.0
1999-01-20 00:00:00+05:30,2.799999952316284,2.799999952316284,2.799999952316284,2.799999952316284,2.2235372066497803,0,0.0,0.0
1999-01-21 00:00:00+05:30,2.815000057220459,2.869999885559082,2.762500047683716,2.825000047683716,2.243389368057251,2620000,0.0,0.0
1999-01-22 00:00:00+05:30,2.8375000953674316,2.924999952316284,2.8299999237060547,2.859999895095825,2.2711830139160156,1742000,0.0,0.0
1999-01-25 00:00:00+05:30,2.815000057220459,2.8499999046325684,2.6549999713897705,2.7799999713897705,2.2076544761657715,1580000,0.0,0.0
1999-01-26 00:00:00+05:30,2.7799999713897705,2.7799999713897705,2.7799999713897705,2.7799999713897705,2.2076544761657715,0,0.0,0.0
1999-01-27 00:00:00+05:30,2.930000066757202,2.930000066757202,2.825000047683716,2.8499999046325684,2.263242721557617,2032000,0.0,0.0
1999-01-28 00:00:00+05:30,2.8499999046325684,2.872499942779541,2.799999952316284,2.815000057220459,2.235447883605957,1482000,0.0,0.0
1999-01-29 00:00:00+05:30,2.807499885559082,3.0399999618530273,2.799999952316284,3.0350000858306885,2.4101548194885254,3234000,0.0,0.0
1999-02-01 00:00:00+05:30,2.9674999713897705,3.0,2.827500104904175,2.827500104904175,2.2453744411468506,1574000,0.0,0.0
1999-02-02 00:00:00+05:30,2.9000000953674316,2.9000000953674316,2.737499952316284,2.765000104904175,2.195742130279541,2190000,0.0,0.0
1999-02-03 00:00:00+05:30,2.8949999809265137,2.8949999809265137,2.7750000953674316,2.799999952316284,2.2235372066497803,1544000,0.0,0.0
1999-02-04 00:00:00+05:30,2.8375000953674316,2.8499999046325684,2.755000114440918,2.7699999809265137,2.1997132301330566,584000,0.0,0.0
1999-02-05 00:00:00+05:30,2.752500057220459,2.7750000953674316,2.674999952316284,2.7249999046325684,2.1639769077301025,890000,0.0,0.0
1999-02-08 00:00:00+05:30,2.6600000858306885,2.697499990463257,2.5625,2.5625,2.034932851791382,1200000,0.0,0.0
1999-02-09 00:00:00+05:30,2.557499885559082,2.5824999809265137,2.4825000762939453,2.549999952316284,2.0250070095062256,2574000,0.0,0.0
1999-02-10 00:00:00+05:30,2.609999895095825,2.6500000953674316,2.577500104904175,2.5999999046325684,2.0647122859954834,1446000,0.0,0.0
1999-02-11 00:00:00+05:30,2.625,2.690000057220459,2.5899999141693115,2.627500057220459,2.086550712585449,1338000,0.0,0.0
1999-02-12 00:00:00+05:30,2.5999999046325684,2.6500000953674316,2.575000047683716,2.5999999046325684,2.0647122859954834,788000,0.0,0.0
1999-02-15 00:00:00+05:30,2.622499942779541,2.622499942779541,2.572499990463257,2.5899999141693115,2.0567708015441895,870000,0.0,0.0
1999-02-16 00:00:00+05:30,2.5850000381469727,2.619999885559082,2.487499952316284,2.557499885559082,2.0309622287750244,1736000,0.0,0.0
1999-02-17 00:00:00+05:30,2.5875000953674316,2.759999990463257,2.567500114440918,2.680000066757202,2.128242254257202,1764000,0.0,0.0
1999-02-18 00:00:00+05:30,2.7249999046325684,2.765000104904175,2.6449999809265137,2.75,2.1838300228118896,2094000,0.0,0.0
1999-02-19 00:00:00+05:30,2.747499942779541,2.8499999046325684,2.700000047683716,2.799999952316284,2.2235372066497803,1566000,0.0,0.0
1999-02-22 00:00:00+05:30,2.7799999713897705,2.825000047683716,2.6549999713897705,2.6549999713897705,2.108388900756836,1076000,0.0,0.0
1999-02-23 00:00:00+05:30,2.6500000953674316,2.6700000762939453,2.575000047683716,2.6449999809265137,2.100447416305542,1348000,0.0,0.0
1999-02-24 00:00:00+05:30,2.637500047683716,2.6649999618530273,2.5999999046325684,2.6500000953674316,2.1044180393218994,564000,0.0,0.0
1999-02-25 00:00:00+05:30,2.625,2.625,2.549999952316284,2.575000047683716,2.044858932495117,536000,0.0,0.0
1999-02-26 00:00:00+05:30,2.5299999713897705,2.575000047683716,2.4574999809265137,2.512500047683716,1.9952269792556763,1222000,0.0,0.0
1999-03-01 00:00:00+05:30,2.549999952316284,2.6700000762939453,2.5,2.5850000381469727,2.0528008937835693,3378000,0.0,0.0
1999-03-02 00:00:00+05:30,2.5850000381469727,2.5850000381469727,2.5850000381469727,2.5850000381469727,2.0528008937835693,0,0.0,0.0
1999-03-03 00:00:00+05:30,2.7899999618530273,2.7925000190734863,2.7899999618530273,2.7925000190734863,2.217580556869507,438000,0.0,0.0
1999-03-04 00:00:00+05:30,3.0174999237060547,3.0174999237060547,2.827500104904175,3.0174999237060547,2.396257162094116,12722000,0.0,0.0
1999-03-05 00:00:00+05:30,3.0999999046325684,3.2325000762939453,2.9774999618530273,3.137500047683716,2.491551637649536,17072000,0.0,0.0
1999-03-08 00:00:00+05:30,3.1524999141693115,3.2750000953674316,3.1075000762939453,3.200000047683716,2.541184186935425,11716000,0.0,0.0
1999-03-09 00:00:00+05:30,3.1624999046325684,3.2200000286102295,3.065000057220459,3.137500047683716,2.491551637649536,7562000,0.0,0.0
1999-03-10 00:00:00+05:30,3.174999952316284,3.174999952316284,2.887500047683716,2.887500047683716,2.293022394180298,4156000,0.0,0.0
1999-03-11 00:00:00+05:30,2.7750000953674316,2.9625000953674316,2.700000047683716,2.700000047683716,2.1441245079040527,3718000,0.0,0.0
1999-03-12 00:00:00+05:30,2.734999895095825,2.9100000858306885,2.677500009536743,2.9100000858306885,2.310889959335327,5600000,0.0,0.0
1999-03-15 00:00:00+05:30,2.825000047683716,2.9200000762939453,2.805000066757202,2.869999885559082,2.279125452041626,4714000,0.0,0.0
1999-03-16 00:00:00+05:30,2.8125,2.825000047683716,2.6500000953674316,2.6575000286102295,2.1103742122650146,4310000,0.0,0.0
1999-03-17 00:00:00+05:30,2.682499885559082,2.7699999809265137,2.682499885559082,2.694999933242798,2.1401538848876953,2430000,0.0,0.0
1999-03-18 00:00:00+05:30,2.684999942779541,2.799999952316284,2.684999942779541,2.799999952316284,2.2235372066497803,4208000,0.0,0.0
1999-03-19 00:00:00+05:30,2.6624999046325684,2.7750000953674316,2.6624999046325684,2.7049999237060547,2.1480953693389893,3522000,0.0,0.0
1999-03-22 00:00:00+05:30,2.700000047683716,2.7874999046325684,2.637500047683716,2.752500057220459,2.1858160495758057,4126000,0.0,0.0
1999-03-23 00:00:00+05:30,2.7049999237060547,2.887500047683716,2.7049999237060547,2.880000114440918,2.2870657444000244,6136000,0.0,0.0
1999-03-24 00:00:00+05:30,3.0,3.112499952316284,2.950000047683716,3.0250000953674316,2.4022130966186523,8572000,0.0,0.0
1999-03-25 00:00:00+05:30,3.049999952316284,3.244999885559082,3.049999952316284,3.1024999618530273,2.4637579917907715,6372000,0.0,0.0
1999-03-26 00:00:00+05:30,3.1500000953674316,3.2100000381469727,3.0250000953674316,3.1700000762939453,2.5173604488372803,12530000,0.0,0.0
1999-03-29 00:00:00+05:30,3.1700000762939453,3.1700000762939453,3.1700000762939453,3.1700000762939453,2.5173604488372803,0,0.0,0.0
1999-03-30 00:00:00+05:30,3.109999895095825,3.299999952316284,3.109999895095825,3.259999990463257,2.588831663131714,36598000,0.0,0.0
1999-03-31 00:00:00+05:30,3.512500047683716,3.5225000381469727,3.4625000953674316,3.4774999618530273,2.7615530490875244,3653820,0.0,0.0
1999-04-01 00:00:00+05:30,3.5250000953674316,3.5250000953674316,3.325000047683716,3.380000114440918,2.6841259002685547,1450160,0.0,0.0
1999-04-02 00:00:00+05:30,3.380000114440918,3.380000114440918,3.380000114440918,3.380000114440918,2.6841259002685547,0,0.0,0.0
1999-04-05 00:00:00+05:30,3.255000114440918,3.299999952316284,3.1500000953674316,3.182499885559082,2.527287483215332,2671260,0.0,0.0
1999-04-06 00:00:00+05:30,3.0999999046325684,3.4375,3.0999999046325684,3.4375,2.729787588119507,2954580,0.0,0.0
1999-04-07 00:00:00+05:30,3.450000047683716,3.450000047683716,3.2899999618530273,3.305000066757202,2.6245670318603516,3711240,0.0,0.0
1999-04-08 00:00:00+05:30,3.257499933242798,3.3324999809265137,3.240000009536743,3.265000104904175,2.5928022861480713,1744580,0.0,0.0
1999-04-09 00:00:00+05:30,3.25,3.2750000953674316,3.2249999046325684,3.262500047683716,2.5908169746398926,2289100,0.0,0.0
1999-04-12 00:00:00+05:30,3.240000009536743,3.2899999618530273,3.200000047683716,3.2799999713897705,2.6047139167785645,1089520,0.0,0.0
1999-04-13 00:00:00+05:30,3.2750000953674316,3.2950000762939453,3.25,3.25,2.580890417098999,1261160,0.0,0.0
1999-04-14 00:00:00+05:30,3.25,3.25,3.25,3.25,2.580890417098999,0,0.0,0.0
1999-04-15 00:00:00+05:30,3.200000047683716,3.262500047683716,3.200000047683716,3.257499933242798,2.586846351623535,2499340,0.0,0.0
1999-04-16 00:00:00+05:30,3.259999990463257,3.5199999809265137,3.25,3.5199999809265137,2.7953028678894043,4071780,0.0,0.0
1999-04-19 00:00:00+05:30,3.240000009536743,3.424999952316284,3.2149999141693115,3.362499952316284,2.7204642295837402,3271720,0.065,0.0
1999-04-20 00:00:00+05:30,3.375,3.4700000286102295,3.2750000953674316,3.359999895095825,2.718441963195801,4385580,0.0,0.0
1999-04-21 00:00:00+05:30,3.359999895095825,3.377500057220459,3.25,3.2750000953674316,2.649672269821167,3114380,0.0,0.0
1999-04-22 00:00:00+05:30,3.299999952316284,3.325000047683716,3.1875,3.2100000381469727,2.59708309173584,3335360,0.0,0.0
1999-04-23 00:00:00+05:30,3.2249999046325684,3.240000009536743,3.1649999618530273,3.2300000190734863,2.6132640838623047,2057980,0.0,0.0
1999-04-26 00:00:00+05:30,3.052500009536743,3.119999885559082,2.9725000858306885,2.9725000858306885,2.404930830001831,5012740,0.0,0.0
1999-04-27 00:00:00+05:30,2.9725000858306885,2.9725000858306885,2.9725000858306885,2.9725000858306885,2.404930830001831,0,0.0,0.0
1999-04-28 00:00:00+05:30,2.950000047683716,3.075000047683716,2.924999952316284,3.049999952316284,2.4676332473754883,5871460,0.0,0.0
1999-04-29 00:00:00+05:30,3.069999933242798,3.174999952316284,3.049999952316284,3.1575000286102295,2.554607391357422,2149600,0.0,0.0
1999-04-30 00:00:00+05:30,3.1424999237060547,3.25,3.137500047683716,3.240000009536743,2.621354579925537,2330360,0.0,0.0
1999-05-03 00:00:00+05:30,3.25,3.2825000286102295,3.1524999141693115,3.1700000762939453,2.564720392227173,1582020,0.0,0.0
1999-05-04 00:00:00+05:30,3.1524999141693115,3.305000066757202,3.1524999141693115,3.2950000762939453,2.665853500366211,2409500,0.0,0.0
1999-05-05 00:00:00+05:30,3.2750000953674316,3.424999952316284,3.2249999046325684,3.3550000190734863,2.7143967151641846,5071140,0.0,0.0
1999-05-06 00:00:00+05:30,3.3524999618530273,3.4175000190734863,3.325000047683716,3.384999990463257,2.738668918609619,2149660,0.0,0.0
1999-05-07 00:00:00+05:30,3.450000047683716,3.6575000286102295,3.4149999618530273,3.6575000286102295,2.9591379165649414,6264840,0.0,0.0
1999-05-10 00:00:00+05:30,3.947499990463257,3.950000047683716,3.8324999809265137,3.950000047683716,3.1957876682281494,5285080,0.0,0.0
1999-05-11 00:00:00+05:30,4.264999866485596,4.267499923706055,3.7674999237060547,3.8499999046325684,3.114881753921509,6554540,0.0,0.0
1999-05-12 00:00:00+05:30,3.9049999713897705,3.9800000190734863,3.5999999046325684,3.7249999046325684,3.013749361038208,3643120,0.0,0.0
1999-05-13 00:00:00+05:30,3.8975000381469727,3.8975000381469727,3.700000047683716,3.8550000190734863,3.118927478790283,1773500,0.0,0.0
1999-05-14 00:00:00+05:30,3.875,3.987499952316284,3.75,3.8499999046325684,3.114881753921509,4208200,0.0,0.0
1999-05-17 00:00:00+05:30,3.8499999046325684,3.8499999046325684,3.5425000190734863,3.609999895095825,2.9207067489624023,2468040,0.0,0.0
1999-05-18 00:00:00+05:30,3.575000047683716,3.75,3.565000057220459,3.609999895095825,2.9207067489624023,3686840,0.0,0.0
1999-05-19 00:00:00+05:30,3.700000047683716,3.9000000953674316,3.690000057220459,3.9000000953674316,3.155334949493408,3946740,0.0,0.0
1999-05-20 00:00:00+05:30,3.9700000286102295,4.099999904632568,3.799999952316284,3.802500009536743,3.0764517784118652,3463140,0.0,0.0
1999-05-21 00:00:00+05:30,3.9000000953674316,3.9124999046325684,3.700000047683716,3.7300000190734863,3.017794132232666,3303840,0.0,0.0
1999-05-24 00:00:00+05:30,3.7300000190734863,3.759999990463257,3.700000047683716,3.7249999046325684,3.013749361038208,1345760,0.0,0.0
1999-05-25 00:00:00+05:30,3.7100000381469727,3.7774999141693115,3.7100000381469727,3.7674999237060547,3.0481338500976562,2300660,0.0,0.0
1999-05-26 00:00:00+05:30,3.7249999046325684,3.809999942779541,3.690000057220459,3.7225000858306885,3.0117263793945312,1531400,0.0,0.0
1999-05-27 00:00:00+05:30,3.700000047683716,3.7825000286102295,3.6500000953674316,3.6500000953674316,2.9530696868896484,1260720,0.0,0.0
1999-05-28 00:00:00+05:30,3.700000047683716,3.7750000953674316,3.617500066757202,3.7750000953674316,3.0542027950286865,3394900,0.0,0.0
1999-05-31 00:00:00+05:30,3.9000000953674316,4.054999828338623,3.9000000953674316,4.054999828338623,3.280738592147827,4736820,0.0,0.0
1999-06-01 00:00:00+05:30,3.9625000953674316,4.025000095367432,3.809999942779541,3.8499999046325684,3.114881753921509,2828340,0.0,0.0
1999-06-02 00:00:00+05:30,3.700000047683716,3.9000000953674316,3.700000047683716,3.877500057220459,3.1371302604675293,1200300,0.0,0.0
1999-06-03 00:00:00+05:30,3.875,3.9200000762939453,3.827500104904175,3.875,3.13510799407959,947280,0.0,0.0
1999-06-04 00:00:00+05:30,3.934999942779541,3.942500114440918,3.807499885559082,3.8499999046325684,3.114881753921509,1008780,0.0,0.0
1999-06-07 00:00:00+05:30,3.875,3.875,3.799999952316284,3.799999952316284,3.0744283199310303,777480,0.0,0.0
1999-06-08 00:00:00+05:30,3.7049999237060547,4.025000095367432,3.7049999237060547,4.025000095367432,3.25646710395813,993240,0.0,0.0
1999-06-09 00:00:00+05:30,3.869999885559082,3.875,3.799999952316284,3.817500114440918,3.088587522506714,682500,0.0,0.0
1999-06-10 00:00:00+05:30,3.9000000953674316,3.9000000953674316,3.7825000286102295,3.7850000858306885,3.0622923374176025,267420,0.0,0.0
1999-06-11 00:00:00+05:30,3.7774999141693115,3.7850000858306885,3.6500000953674316,3.75,3.033975601196289,1383600,0.0,0.0
1999-06-14 00:00:00+05:30,3.5999999046325684,3.762500047683716,3.5999999046325684,3.757499933242798,3.040043592453003,1302560,0.0,0.0
1999-06-15 00:00:00+05:30,3.75,3.8499999046325684,3.7249999046325684,3.752500057220459,3.035998582839966,1675900,0.0,0.0
1999-06-16 00:00:00+05:30,3.6050000190734863,3.9000000953674316,3.6050000190734863,3.8324999809265137,3.1007227897644043,1595600,0.0,0.0
1999-06-17 00:00:00+05:30,3.859999895095825,3.9000000953674316,3.799999952316284,3.805000066757202,3.0784740447998047,740420,0.0,0.0
1999-06-18 00:00:00+05:30,3.950000047683716,3.950000047683716,3.799999952316284,3.819999933242798,3.0906100273132324,1790100,0.0,0.0
1999-06-21 00:00:00+05:30,3.75,3.872499942779541,3.75,3.8399999141693115,3.1067910194396973,486800,0.0,0.0
1999-06-22 00:00:00+05:30,3.8499999046325684,3.8949999809265137,3.809999942779541,3.8550000190734863,3.118927478790283,1022980,0.0,0.0
1999-06-23 00:00:00+05:30,3.825000047683716,3.825000047683716,3.75,3.759999990463257,3.0420665740966797,442240,0.0,0.0
1999-06-24 00:00:00+05:30,3.7125000953674316,3.7725000381469727,3.7125000953674316,3.75,3.033975601196289,186600,0.0,0.0
1999-06-25 00:00:00+05:30,3.7750000953674316,3.7850000858306885,3.75,3.75,3.033975601196289,263600,0.0,0.0
1999-06-28 00:00:00+05:30,3.8450000286102295,3.8499999046325684,3.702500104904175,3.747499942779541,3.0319528579711914,689100,0.0,0.0
1999-06-29 00:00:00+05:30,3.762500047683716,3.762500047683716,3.690000057220459,3.737499952316284,3.0238630771636963,570280,0.0,0.0
1999-06-30 00:00:00+05:30,3.7249999046325684,3.75,3.700000047683716,3.7125000953674316,3.003635883331299,400100,0.0,0.0
1999-07-01 00:00:00+05:30,3.7300000190734863,3.744999885559082,3.6549999713897705,3.6649999618530273,2.965205430984497,204760,0.0,0.0
1999-07-02 00:00:00+05:30,3.7200000286102295,3.7200000286102295,3.6549999713897705,3.677500009536743,2.9753191471099854,337340,0.0,0.0
1999-07-05 00:00:00+05:30,3.8949999809265137,3.9000000953674316,3.6624999046325684,3.7100000381469727,3.001613140106201,591620,0.0,0.0
1999-07-06 00:00:00+05:30,3.7249999046325684,3.7750000953674316,3.674999952316284,3.734999895095825,3.0218398571014404,2481900,0.0,0.0
1999-07-07 00:00:00+05:30,3.7750000953674316,3.924999952316284,3.7750000953674316,3.8524999618530273,3.1169042587280273,2575800,0.0,0.0
1999-07-08 00:00:00+05:30,3.700000047683716,3.875,3.674999952316284,3.8299999237060547,3.0987002849578857,938600,0.0,0.0
1999-07-09 00:00:00+05:30,3.8499999046325684,3.8499999046325684,3.752500057220459,3.7899999618530273,3.066338062286377,775520,0.0,0.0
1999-07-12 00:00:00+05:30,3.875,4.09250020980835,3.8475000858306885,4.070000171661377,3.2928755283355713,5018180,0.0,0.0
1999-07-13 00:00:00+05:30,4.125,4.315000057220459,4.125,4.222499847412109,3.4162564277648926,7601440,0.0,0.0
1999-07-14 00:00:00+05:30,4.400000095367432,4.545000076293945,4.349999904632568,4.465000152587891,3.612454414367676,7226800,0.0,0.0
1999-07-15 00:00:00+05:30,4.5,4.519999980926514,4.224999904632568,4.252500057220459,3.440528631210327,4739760,0.0,0.0
1999-07-16 00:00:00+05:30,4.25,4.447500228881836,4.212500095367432,4.264999866485596,3.4506406784057617,4274180,0.0,0.0
1999-07-19 00:00:00+05:30,4.420000076293945,4.420000076293945,4.25,4.28249979019165,3.464799642562866,2619940,0.0,0.0
1999-07-20 00:00:00+05:30,4.230000019073486,4.275000095367432,4.102499961853027,4.207499980926514,3.404120922088623,6724980,0.0,0.0
1999-07-21 00:00:00+05:30,4.295000076293945,4.324999809265137,4.099999904632568,4.272500038146973,3.456709384918213,2389220,0.0,0.0
1999-07-22 00:00:00+05:30,4.275000095367432,4.337500095367432,4.239999771118164,4.267499923706055,3.4526636600494385,3293400,0.0,0.0
1999-07-23 00:00:00+05:30,4.3125,4.3125,4.230000019073486,4.239999771118164,3.4304141998291016,3580860,0.0,0.0
1999-07-26 00:00:00+05:30,4.287499904632568,4.287499904632568,4.224999904632568,4.260000228881836,3.446596622467041,2075740,0.0,0.0
1999-07-27 00:00:00+05:30,4.239999771118164,4.300000190734863,4.202499866485596,4.28000020980835,3.462778091430664,2653340,0.0,0.0
1999-07-28 00:00:00+05:30,4.297500133514404,4.5,4.297500133514404,4.340000152587891,3.511321544647217,3460880,0.0,0.0
1999-07-29 00:00:00+05:30,4.309999942779541,4.349999904632568,4.275000095367432,4.289999961853027,3.4708681106567383,1264540,0.0,0.0
1999-07-30 00:00:00+05:30,4.320000171661377,4.320000171661377,4.224999904632568,4.25,3.4385061264038086,1197280,0.0,0.0
1999-08-02 00:00:00+05:30,4.244999885559082,4.244999885559082,4.175000190734863,4.197500228881836,3.3960299491882324,1007580,0.0,0.0
1999-08-03 00:00:00+05:30,4.130000114440918,4.244999885559082,4.127500057220459,4.172500133514404,3.3758034706115723,1932820,0.0,0.0
1999-08-04 00:00:00+05:30,4.247499942779541,4.247499942779541,4.162499904632568,4.199999809265137,3.398052215576172,5959600,0.0,0.0
1999-08-05 00:00:00+05:30,4.212500095367432,4.224999904632568,4.130000114440918,4.152500152587891,3.3596231937408447,681740,0.0,0.0
1999-08-06 00:00:00+05:30,4.099999904632568,4.190000057220459,4.012499809265137,4.162499904632568,3.36771297454834,575940,0.0,0.0
1999-08-09 00:00:00+05:30,4.21999979019165,4.21999979019165,4.0625,4.112500190734863,3.3272600173950195,611800,0.0,0.0
1999-08-10 00:00:00+05:30,4.002500057220459,4.199999809265137,3.8299999237060547,4.170000076293945,3.373781681060791,1679580,0.0,0.0
1999-08-11 00:00:00+05:30,4.195000171661377,4.195000171661377,4.074999809265137,4.110000133514404,3.32523775100708,470000,0.0,0.0
1999-08-12 00:00:00+05:30,4.099999904632568,4.099999904632568,4.052499771118164,4.070000171661377,3.2928755283355713,658360,0.0,0.0
1999-08-13 00:00:00+05:30,4.0625,4.074999809265137,3.9749999046325684,3.997499942779541,3.234217882156372,919200,0.0,0.0
1999-08-16 00:00:00+05:30,3.9749999046325684,4.034999847412109,3.9000000953674316,4.0,3.2362406253814697,722620,0.0,0.0
1999-08-17 00:00:00+05:30,4.025000095367432,4.074999809265137,3.9625000953674316,4.019999980926514,3.2524213790893555,900900,0.0,0.0
1999-08-18 00:00:00+05:30,4.144999980926514,4.25,4.0625,4.164999961853027,3.3697357177734375,1589660,0.0,0.0
1999-08-19 00:00:00+05:30,4.199999809265137,4.235000133514404,3.9774999618530273,4.0,3.2362406253814697,2508300,0.0,0.0
1999-08-20 00:00:00+05:30,4.03000020980835,4.074999809265137,4.0,4.045000076293945,3.272648811340332,568480,0.0,0.0
1999-08-23 00:00:00+05:30,4.0625,4.369999885559082,4.039999961853027,4.347499847412109,3.5173888206481934,5958280,0.0,0.0
1999-08-24 00:00:00+05:30,4.394999980926514,4.670000076293945,4.25,4.647500038146973,3.760105848312378,9998660,0.0,0.0
1999-08-25 00:00:00+05:30,4.747499942779541,4.747499942779541,4.349999904632568,4.40500020980835,3.5639114379882812,4221880,0.0,0.0
1999-08-26 00:00:00+05:30,4.412499904632568,4.59250020980835,4.400000095367432,4.4375,3.5902044773101807,1770220,0.0,0.0
1999-08-27 00:00:00+05:30,4.5,4.550000190734863,4.375,4.432499885559082,3.586158514022827,1054300,0.0,0.0
1999-08-30 00:00:00+05:30,4.497499942779541,4.644999980926514,4.412499904632568,4.447500228881836,3.598295211791992,3327360,0.0,0.0
1999-08-31 00:00:00+05:30,4.400000095367432,4.400000095367432,4.275000095367432,4.302499771118164,3.4809820652008057,3356660,0.0,0.0
1999-09-01 00:00:00+05:30,4.394999980926514,4.394999980926514,4.199999809265137,4.332499980926514,3.505253791809082,3546400,0.0,0.0
1999-09-02 00:00:00+05:30,4.255000114440918,4.34250020980835,4.25,4.295000076293945,3.4749133586883545,1560560,0.0,0.0
1999-09-03 00:00:00+05:30,4.349999904632568,4.349999904632568,4.255000114440918,4.304999828338623,3.483004331588745,1439240,0.0,0.0
1999-09-06 00:00:00+05:30,4.329999923706055,4.364999771118164,4.277500152587891,4.332499980926514,3.505253791809082,1677540,0.0,0.0
1999-09-07 00:00:00+05:30,4.349999904632568,4.587500095367432,4.349999904632568,4.552499771118164,3.68324613571167,3907000,0.0,0.0
1999-09-08 00:00:00+05:30,4.699999809265137,4.917500019073486,4.699999809265137,4.917500019073486,3.9785540103912354,5584140,0.0,0.0
1999-09-09 00:00:00+05:30,5.309999942779541,5.3125,5.309999942779541,5.3125,4.298131942749023,3683460,0.0,0.0
1999-09-10 00:00:00+05:30,5.295000076293945,5.34499979019165,4.887499809265137,4.947500228881836,4.002825736999512,6810860,0.0,0.0
1999-09-13 00:00:00+05:30,4.947500228881836,4.947500228881836,4.947500228881836,4.947500228881836,4.002825736999512,0,0.0,0.0
1999-09-14 00:00:00+05:30,5.244999885559082,5.244999885559082,4.78000020980835,4.827499866485596,3.90573787689209,5346220,0.0,0.0
1999-09-15 00:00:00+05:30,5.130000114440918,5.130000114440918,4.625,4.710000038146973,3.810673713684082,2994140,0.0,0.0
1999-09-16 00:00:00+05:30,4.53000020980835,4.75,4.53000020980835,4.702499866485596,3.804605484008789,1841220,0.0,0.0
1999-09-17 00:00:00+05:30,4.699999809265137,4.945000171661377,4.574999809265137,4.832499980926514,3.909782648086548,3767660,0.0,0.0
1999-09-20 00:00:00+05:30,4.887499809265137,4.887499809265137,4.517499923706055,4.567500114440918,3.6953835487365723,1747340,0.0,0.0
1999-09-21 00:00:00+05:30,4.550000190734863,4.599999904632568,4.355000019073486,4.487500190734863,3.6306586265563965,3134160,0.0,0.0
1999-09-22 00:00:00+05:30,4.550000190734863,4.824999809265137,4.5,4.772500038146973,3.8612403869628906,3880440,0.0,0.0
1999-09-23 00:00:00+05:30,4.800000190734863,4.84250020980835,4.75,4.760000228881836,3.8511271476745605,1657880,0.0,0.0
1999-09-24 00:00:00+05:30,4.824999809265137,4.824999809265137,4.75,4.784999847412109,3.8713536262512207,1742920,0.0,0.0
1999-09-27 00:00:00+05:30,4.744999885559082,4.84499979019165,4.675000190734863,4.75,3.843035936355591,1818980,0.0,0.0
1999-09-28 00:00:00+05:30,4.675000190734863,4.849999904632568,4.65749979019165,4.762499809265137,3.8531501293182373,2628700,0.0,0.0
1999-09-29 00:00:00+05:30,4.847499847412109,4.929999828338623,4.755000114440918,4.764999866485596,3.8551723957061768,1077780,0.0,0.0
1999-09-30 00:00:00+05:30,4.800000190734863,5.147500038146973,4.760000228881836,5.117499828338623,4.1403656005859375,6602680,0.0,0.0
1999-10-01 00:00:00+05:30,4.949999809265137,4.974999904632568,4.775000095367432,4.932499885559082,3.990689516067505,2294100,0.0,0.0
1999-10-04 00:00:00+05:30,4.847499847412109,4.849999904632568,4.75,4.75,3.843035936355591,2859380,0.0,0.0
1999-10-05 00:00:00+05:30,4.800000190734863,4.849999904632568,4.602499961853027,4.804999828338623,3.8875341415405273,2143780,0.0,0.0
1999-10-06 00:00:00+05:30,4.824999809265137,4.974999904632568,4.75,4.764999866485596,3.8551723957061768,3153360,0.0,0.0
1999-10-07 00:00:00+05:30,4.942500114440918,4.987500190734863,4.807499885559082,4.880000114440918,3.948214530944824,3660880,0.0,0.0
1999-10-08 00:00:00+05:30,4.9375,5.122499942779541,4.852499961853027,4.957499980926514,4.010916233062744,5238940,0.0,0.0
1999-10-11 00:00:00+05:30,5.09499979019165,5.142499923706055,4.902500152587891,4.942500114440918,3.998779058456421,5147720,0.0,0.0
1999-10-12 00:00:00+05:30,4.949999809265137,5.235000133514404,4.755000114440918,5.050000190734863,4.085753440856934,4961060,0.0,0.0
1999-10-13 00:00:00+05:30,5.099999904632568,5.175000190734863,4.755000114440918,5.097499847412109,4.124183654785156,6268840,0.0,0.0
1999-10-14 00:00:00+05:30,5.125,5.172500133514404,4.949999809265137,5.005000114440918,4.04934549331665,5589180,0.0,0.0
1999-10-15 00:00:00+05:30,5.099999904632568,5.25,4.900000095367432,4.912499904632568,3.9745075702667236,1889740,0.0,0.0
1999-10-18 00:00:00+05:30,4.900000095367432,5.244999885559082,4.900000095367432,5.164999961853027,4.17879581451416,5808120,0.0,0.0
1999-10-19 00:00:00+05:30,5.164999961853027,5.164999961853027,5.164999961853027,5.164999961853027,4.17879581451416,0,0.0,0.0
1999-10-20 00:00:00+05:30,5.25,5.347499847412109,5.112500190734863,5.175000190734863,4.186886310577393,2384940,0.0,0.0
1999-10-21 00:00:00+05:30,5.247499942779541,5.247499942779541,4.900000095367432,4.917500019073486,3.9785540103912354,2667400,0.0,0.0
1999-10-22 00:00:00+05:30,4.949999809265137,5.017499923706055,4.900000095367432,4.997499942779541,4.04327917098999,5776040,0.0,0.0
1999-10-25 00:00:00+05:30,5.144999980926514,5.150000095367432,4.75,4.807499885559082,3.8895559310913086,3334300,0.0,0.0
1999-10-26 00:00:00+05:30,4.724999904632568,4.849999904632568,4.699999809265137,4.71999979019165,3.8187639713287354,2934100,0.0,0.0
1999-10-27 00:00:00+05:30,4.822500228881836,4.900000095367432,4.769999980926514,4.885000228881836,3.9522593021392822,1115240,0.0,0.0
1999-10-28 00:00:00+05:30,4.889999866485596,4.900000095367432,4.675000190734863,4.735000133514404,3.8309009075164795,1133900,0.0,0.0
1999-10-29 00:00:00+05:30,4.800000190734863,4.800000190734863,4.400000095367432,4.635000228881836,3.7499938011169434,6301880,0.0,0.0
1999-11-01 00:00:00+05:30,4.510000228881836,4.637499809265137,4.5,4.552499771118164,3.68324613571167,1871400,0.0,0.0
1999-11-02 00:00:00+05:30,4.5,4.699999809265137,4.5,4.664999961853027,3.7742655277252197,1842740,0.0,0.0
1999-11-03 00:00:00+05:30,4.75,4.849999904632568,4.75,4.762499809265137,3.8531501293182373,3045700,0.0,0.0
1999-11-04 00:00:00+05:30,4.512499809265137,4.800000190734863,4.505000114440918,4.722499847412109,3.8207879066467285,969800,0.0,0.0
1999-11-05 00:00:00+05:30,4.724999904632568,4.747499942779541,4.677499771118164,4.722499847412109,3.8207879066467285,516300,0.0,0.0
1999-11-08 00:00:00+05:30,4.722499847412109,4.722499847412109,4.722499847412109,4.722499847412109,3.8207879066467285,0,0.0,0.0
1999-11-09 00:00:00+05:30,4.627500057220459,4.792500019073486,4.554999828338623,4.642499923706055,3.7560627460479736,932600,0.0,0.0
1999-11-10 00:00:00+05:30,4.5,4.722499847412109,4.5,4.684999942779541,3.790445327758789,543600,0.0,0.0
1999-11-11 00:00:00+05:30,4.675000190734863,4.699999809265137,4.650000095367432,4.675000190734863,3.7823565006256104,488980,0.0,0.0
1999-11-12 00:00:00+05:30,4.625,4.664999961853027,4.550000190734863,4.650000095367432,3.762129306793213,445860,0.0,0.0
1999-11-15 00:00:00+05:30,4.650000095367432,4.650000095367432,4.557499885559082,4.612500190734863,3.731790781021118,401500,0.0,0.0
1999-11-16 00:00:00+05:30,4.579999923706055,4.650000095367432,4.554999828338623,4.610000133514404,3.729766845703125,922280,0.0,0.0
1999-11-17 00:00:00+05:30,4.675000190734863,4.675000190734863,4.5625,4.5625,3.6913366317749023,353380,0.0,0.0
1999-11-18 00:00:00+05:30,4.525000095367432,4.585000038146973,4.5,4.5625,3.6913366317749023,703480,0.0,0.0
1999-11-19 00:00:00+05:30,4.574999809265137,4.625,4.550000190734863,4.557499885559082,3.6872920989990234,427600,0.0,0.0
1999-11-22 00:00:00+05:30,4.525000095367432,4.775000095367432,4.449999809265137,4.6875,3.7924699783325195,1116500,0.0,0.0
1999-11-23 00:00:00+05:30,4.6875,4.6875,4.6875,4.6875,3.7924699783325195,0,0.0,0.0
1999-11-24 00:00:00+05:30,4.75,4.75,4.5625,4.585000038146973,3.7095398902893066,2389060,0.0,0.0
1999-11-25 00:00:00+05:30,4.577499866485596,4.637499809265137,4.552499771118164,4.577499866485596,3.7034730911254883,3126080,0.0,0.0
1999-11-26 00:00:00+05:30,4.739999771118164,4.945000171661377,4.684999942779541,4.945000171661377,4.000802040100098,7305500,0.0,0.0
1999-11-29 00:00:00+05:30,5.102499961853027,5.34250020980835,5.102499961853027,5.34250020980835,4.3224029541015625,5947960,0.0,0.0
1999-11-30 00:00:00+05:30,5.724999904632568,5.769999980926514,5.599999904632568,5.769999980926514,4.668276786804199,5126400,0.0,0.0
1999-12-01 00:00:00+05:30,6.150000095367432,6.232500076293945,5.647500038146973,6.179999828338623,4.9999918937683105,20571640,0.0,0.0
1999-12-02 00:00:00+05:30,6.284999847412109,6.675000190734863,6.202499866485596,6.630000114440918,5.36406946182251,17407800,0.0,0.0
1999-12-03 00:00:00+05:30,7.0,7.162499904632568,6.849999904632568,7.162499904632568,5.79489278793335,13970780,0.0,0.0
1999-12-06 00:00:00+05:30,7.635000228881836,7.737500190734863,7.400000095367432,7.737500190734863,6.260103225708008,20707400,0.0,0.0
1999-12-07 00:00:00+05:30,8.180000305175781,8.180000305175781,7.322500228881836,7.65749979019165,6.19537878036499,14827520,0.0,0.0
1999-12-08 00:00:00+05:30,7.887499809265137,7.900000095367432,7.050000190734863,7.454999923706055,6.031542778015137,15140000,0.0,0.0
1999-12-09 00:00:00+05:30,7.599999904632568,8.052499771118164,7.25,8.005000114440918,6.476527214050293,16357100,0.0,0.0
1999-12-10 00:00:00+05:30,8.052499771118164,8.300000190734863,7.699999809265137,7.849999904632568,6.351122856140137,7520120,0.0,0.0
1999-12-13 00:00:00+05:30,7.949999809265137,7.949999809265137,7.599999904632568,7.772500038146973,6.288420677185059,7507860,0.0,0.0
1999-12-14 00:00:00+05:30,7.800000190734863,7.945000171661377,7.550000190734863,7.602499961853027,6.150879859924316,7180540,0.0,0.0
1999-12-15 00:00:00+05:30,7.5,8.212499618530273,7.400000095367432,8.212499618530273,6.644406795501709,8059860,0.0,0.0
1999-12-16 00:00:00+05:30,8.692500114440918,8.869999885559082,8.5,8.869999885559082,7.17636251449585,1665300,0.0,0.0
1999-12-17 00:00:00+05:30,9.449999809265137,9.579999923706055,9.079999923706055,9.170000076293945,7.419079780578613,10238160,0.0,0.0
1999-12-20 00:00:00+05:30,9.359999656677246,9.5,8.75,8.835000038146973,7.148044586181641,6514860,0.0,0.0
1999-12-21 00:00:00+05:30,8.899999618530273,9.0,8.649999618530273,8.824999809265137,7.139956474304199,9054800,0.0,0.0
1999-12-22 00:00:00+05:30,9.0,9.244999885559082,8.707500457763672,8.77750015258789,7.101526737213135,5040000,0.0,0.0
1999-12-23 00:00:00+05:30,8.75,8.75,8.255000114440918,8.332500457763672,6.741494178771973,1182120,0.0,0.0
1999-12-24 00:00:00+05:30,8.257499694824219,8.300000190734863,7.90500020980835,8.042499542236328,6.506866931915283,3082500,0.0,0.0
1999-12-27 00:00:00+05:30,8.0,8.0,7.5,7.53000020980835,6.092221736907959,2398040,0.0,0.0
1999-12-28 00:00:00+05:30,7.5,7.997499942779541,7.099999904632568,7.59250020980835,6.142789363861084,3147020,0.0,0.0
1999-12-29 00:00:00+05:30,7.900000095367432,7.992499828338623,7.75,7.784999847412109,6.2985334396362305,1310640,0.0,0.0
1999-12-30 00:00:00+05:30,7.889999866485596,8.0,7.755000114440918,7.869999885559082,6.367302894592285,4196440,0.0,0.0
1999-12-31 00:00:00+05:30,7.869999885559082,7.869999885559082,7.869999885559082,7.869999885559082,6.367302894592285,0,0.0,0.0
2000-01-03 00:00:00+05:30,8.300000190734863,8.5,8.300000190734863,8.5,6.877012252807617,665180,0.0,0.0
2000-01-04 00:00:00+05:30,9.100000381469727,9.172499656677246,8.550000190734863,8.6899995803833,7.030732154846191,3374200,0.0,0.0
2000-01-05 00:00:00+05:30,8.5,8.694999694824219,8.25,8.34749984741211,6.753630638122559,3196400,0.0,0.0
2000-01-06 00:00:00+05:30,8.399999618530273,8.5,8.265000343322754,8.414999961853027,6.808241844177246,1700520,0.0,0.0
2000-01-07 00:00:00+05:30,8.107500076293945,8.550000190734863,8.107500076293945,8.417499542236328,6.810262203216553,1702880,0.0,0.0
2000-01-10 00:00:00+05:30,8.645000457763672,8.975000381469727,8.25,8.295000076293945,6.711154460906982,2008680,0.0,0.0
2000-01-11 00:00:00+05:30,8.324999809265137,8.395000457763672,7.849999904632568,8.170000076293945,6.610022068023682,2915680,0.0,0.0
2000-01-12 00:00:00+05:30,8.1875,8.397500038146973,8.114999771118164,8.272500038146973,6.692950248718262,1719040,0.0,0.0
2000-01-13 00:00:00+05:30,8.494999885559082,8.494999885559082,8.25,8.255000114440918,6.678791046142578,965520,0.0,0.0
2000-01-14 00:00:00+05:30,8.399999618530273,8.399999618530273,8.199999809265137,8.272500038146973,6.692950248718262,1163040,0.0,0.0
2000-01-17 00:00:00+05:30,8.699999809265137,8.9350004196167,8.602499961853027,8.9350004196167,7.228951930999756,2748080,0.0,0.0
2000-01-18 00:00:00+05:30,8.9350004196167,8.9350004196167,8.227499961853027,8.28499984741211,6.703063488006592,5113040,0.0,0.0
2000-01-19 00:00:00+05:30,8.600000381469727,8.949999809265137,8.600000381469727,8.949999809265137,7.241089820861816,6996360,0.0,0.0
2000-01-20 00:00:00+05:30,9.239999771118164,9.239999771118164,8.800000190734863,8.930000305175781,7.224908828735352,5381960,0.0,0.0
2000-01-21 00:00:00+05:30,8.800000190734863,9.600000381469727,8.604999542236328,9.407500267028809,7.611233234405518,9446580,0.0,0.0
2000-01-24 00:00:00+05:30,9.9399995803833,10.15999984741211,9.649999618530273,10.02750015258789,8.112852096557617,8987320,0.0,0.0
2000-01-25 00:00:00+05:30,9.949999809265137,10.829999923706055,9.949999809265137,10.829999923706055,8.76212215423584,5805820,0.0,0.0
2000-01-26 00:00:00+05:30,10.829999923706055,10.829999923706055,10.829999923706055,10.829999923706055,8.76212215423584,0,0.0,0.0
2000-01-27 00:00:00+05:30,11.199999809265137,11.697500228881836,11.0625,11.484999656677246,9.292057037353516,11271640,0.0,0.0
2000-01-28 00:00:00+05:30,11.5,11.649999618530273,11.199999809265137,11.395000457763672,9.21924114227295,9583300,0.0,0.0
2000-01-31 00:00:00+05:30,11.505000114440918,12.307499885559082,11.505000114440918,11.887499809265137,9.617703437805176,12747600,0.0,0.0
2000-02-01 00:00:00+05:30,11.800000190734863,12.199999809265137,11.75,12.047499656677246,9.747151374816895,7815580,0.0,0.0
2000-02-02 00:00:00+05:30,13.010000228881836,13.012499809265137,11.949999809265137,12.199999809265137,9.870532989501953,6876640,0.0,0.0
2000-02-03 00:00:00+05:30,12.199999809265137,12.5,11.225000381469727,11.297499656677246,9.140357971191406,5693740,0.0,0.0
2000-02-04 00:00:00+05:30,11.4975004196167,11.600000381469727,10.875,11.447500228881836,9.26171588897705,5314080,0.0,0.0
2000-02-07 00:00:00+05:30,11.75,12.364999771118164,11.5,12.335000038146973,9.979758262634277,7780700,0.0,0.0
2000-02-08 00:00:00+05:30,12.5,12.6899995803833,12.005000114440918,12.537500381469727,10.143593788146973,6104160,0.0,0.0
2000-02-09 00:00:00+05:30,12.75,13.050000190734863,12.305000305175781,12.625,10.214385986328125,6344660,0.0,0.0
2000-02-10 00:00:00+05:30,12.5,13.100000381469727,12.412500381469727,12.587499618530273,10.184043884277344,4201720,0.0,0.0
2000-02-11 00:00:00+05:30,12.755000114440918,12.949999809265137,11.582500457763672,11.604999542236328,9.389142990112305,5296460,0.0,0.0
2000-02-14 00:00:00+05:30,11.75,11.75,11.007499694824219,11.672499656677246,9.443754196166992,5050880,0.0,0.0
2000-02-15 00:00:00+05:30,11.699999809265137,11.75,11.255000114440918,11.380000114440918,9.20710563659668,3881740,0.0,0.0
2000-02-16 00:00:00+05:30,12.244999885559082,12.292499542236328,11.5,12.292499542236328,9.945372581481934,1412000,0.0,0.0
2000-02-17 00:00:00+05:30,12.885000228881836,12.885000228881836,12.407500267028809,12.520000457763672,10.129433631896973,4683200,0.0,0.0
2000-02-18 00:00:00+05:30,12.550000190734863,12.649999618530273,11.949999809265137,12.130000114440918,9.8139009475708,2375540,0.0,0.0
2000-02-21 00:00:00+05:30,12.162500381469727,12.399999618530273,11.755000114440918,11.807499885559082,9.552977561950684,2209440,0.0,0.0
2000-02-22 00:00:00+05:30,11.802499771118164,12.0,10.864999771118164,10.8774995803833,8.800552368164062,3496120,0.0,0.0
2000-02-23 00:00:00+05:30,11.300000190734863,11.744999885559082,10.875,10.97249984741211,8.877411842346191,2690160,0.0,0.0
2000-02-24 00:00:00+05:30,11.100000381469727,11.5,10.774999618530273,11.350000381469727,9.182832717895508,1757840,0.0,0.0
2000-02-25 00:00:00+05:30,11.4975004196167,11.699999809265137,11.100000381469727,11.350000381469727,9.182832717895508,2530640,0.0,0.0
2000-02-28 00:00:00+05:30,11.492500305175781,11.5,11.0,11.3774995803833,9.205079078674316,1714420,0.0,0.0
2000-02-29 00:00:00+05:30,11.399999618530273,11.949999809265137,10.475000381469727,10.84000015258789,8.77021312713623,5173760,0.0,0.0
2000-03-01 00:00:00+05:30,10.899999618530273,11.707500457763672,10.899999618530273,11.707500457763672,9.47207260131836,641880,0.0,0.0
2000-03-02 00:00:00+05:30,12.5,12.645000457763672,12.5,12.645000457763672,10.230567932128906,798720,0.0,0.0
2000-03-03 00:00:00+05:30,13.657500267028809,13.657500267028809,13.657500267028809,13.657500267028809,11.049739837646484,1285880,0.0,0.0
2000-03-06 00:00:00+05:30,14.7475004196167,14.75,12.75,13.302499771118164,10.762520790100098,4072820,0.0,0.0
2000-03-07 00:00:00+05:30,13.25,13.395000457763672,12.75,12.90999984741211,10.444967269897461,3248240,0.0,0.0
2000-03-08 00:00:00+05:30,13.25,13.944999694824219,13.100000381469727,13.602499961853027,11.005240440368652,4009540,0.0,0.0
2000-03-09 00:00:00+05:30,13.507499694824219,14.0,12.550000190734863,13.479999542236328,10.906129837036133,2679580,0.0,0.0
2000-03-10 00:00:00+05:30,13.0625,13.149999618530273,12.40250015258789,12.707500457763672,10.281132698059082,2936660,0.0,0.0
2000-03-13 00:00:00+05:30,12.5,13.725000381469727,12.5,13.4975004196167,10.920289039611816,4159640,0.0,0.0
2000-03-14 00:00:00+05:30,13.774999618530273,14.0,12.800000190734863,13.270000457763672,10.73622989654541,3564040,0.0,0.0
2000-03-15 00:00:00+05:30,13.5,13.5,12.350000381469727,12.992500305175781,10.511713981628418,1655720,0.0,0.0
2000-03-16 00:00:00+05:30,13.100000381469727,13.100000381469727,12.7524995803833,12.84749984741211,10.394402503967285,2649280,0.0,0.0
2000-03-17 00:00:00+05:30,12.84749984741211,12.84749984741211,12.84749984741211,12.84749984741211,10.394402503967285,0,0.0,0.0
2000-03-20 00:00:00+05:30,12.84749984741211,12.84749984741211,12.84749984741211,12.84749984741211,10.394402503967285,0,0.0,0.0
2000-03-21 00:00:00+05:30,13.0,13.0,12.335000038146973,12.789999961853027,10.347879409790039,3202220,0.0,0.0
2000-03-22 00:00:00+05:30,12.987500190734863,13.25,12.702500343322754,13.057499885559082,10.564305305480957,1522600,0.0,0.0
2000-03-23 00:00:00+05:30,12.912500381469727,14.102499961853027,12.912500381469727,14.020000457763672,11.343023300170898,5076880,0.0,0.0
2000-03-24 00:00:00+05:30,13.755000114440918,13.887499809265137,13.225000381469727,13.670000076293945,11.059853553771973,2343080,0.0,0.0
2000-03-27 00:00:00+05:30,13.75,13.899999618530273,13.3125,13.585000038146973,10.991082191467285,1222620,0.0,0.0
2000-03-28 00:00:00+05:30,13.425000190734863,13.925000190734863,13.40250015258789,13.755000114440918,11.128622055053711,1967280,0.0,0.0
2000-03-29 00:00:00+05:30,13.800000190734863,14.397500038146973,13.15250015258789,13.270000457763672,10.73622989654541,1969600,0.0,0.0
2000-03-30 00:00:00+05:30,12.824999809265137,13.300000190734863,12.550000190734863,13.1274995803833,10.62093734741211,1907360,0.0,0.0
2000-03-31 00:00:00+05:30,12.649999618530273,13.0,12.600000381469727,12.859999656677246,10.40451431274414,1487200,0.0,0.0
2000-04-03 00:00:00+05:30,12.9975004196167,13.649999618530273,12.007499694824219,12.357500076293945,9.997960090637207,3371760,0.0,0.0
2000-04-04 00:00:00+05:30,12.149999618530273,12.149999618530273,11.369999885559082,11.369999885559082,9.199015617370605,1435660,0.0,0.0
2000-04-05 00:00:00+05:30,11.600000381469727,11.600000381469727,10.462499618530273,10.462499618530273,8.464790344238281,1745620,0.0,0.0
2000-04-06 00:00:00+05:30,10.350000381469727,10.600000381469727,9.6274995803833,9.6274995803833,7.8492431640625,1670120,0.08,0.0
2000-04-07 00:00:00+05:30,9.75,10.397500038146973,9.2524995803833,10.397500038146973,8.477022171020508,3218580,0.0,0.0
2000-04-10 00:00:00+05:30,11.225000381469727,11.229999542236328,10.9975004196167,11.229999542236328,9.155754089355469,3121120,0.0,0.0
2000-04-11 00:00:00+05:30,11.229999542236328,11.744999885559082,10.449999809265137,11.3100004196167,9.220978736877441,5918660,0.0,0.0
2000-04-12 00:00:00+05:30,11.899999618530273,12.149999618530273,11.149999618530273,11.649999618530273,9.498176574707031,2618020,0.0,0.0
2000-04-13 00:00:00+05:30,11.449999809265137,11.699999809265137,10.75,11.572500228881836,9.434990882873535,3826320,0.0,0.0
2000-04-14 00:00:00+05:30,11.572500228881836,11.572500228881836,11.572500228881836,11.572500228881836,9.434990882873535,0,0.0,0.0
2000-04-17 00:00:00+05:30,11.25,11.25,10.647500038146973,10.647500038146973,8.680843353271484,2566580,0.0,0.0
2000-04-18 00:00:00+05:30,10.702500343322754,11.244999885559082,10.702500343322754,11.104999542236328,9.053841590881348,2737960,0.0,0.0
2000-04-19 00:00:00+05:30,11.449999809265137,11.600000381469727,10.949999809265137,11.322500228881836,9.231168746948242,2819060,0.0,0.0
2000-04-20 00:00:00+05:30,11.149999618530273,11.350000381469727,10.765000343322754,11.28499984741211,9.200592994689941,3587940,0.0,0.0
2000-04-21 00:00:00+05:30,11.28499984741211,11.28499984741211,11.28499984741211,11.28499984741211,9.200592994689941,0,0.0,0.0
2000-04-24 00:00:00+05:30,11.25,11.795000076293945,11.225000381469727,11.604999542236328,9.461488723754883,3972720,0.0,0.0
2000-04-25 00:00:00+05:30,11.404999732971191,11.75,11.0,11.547499656677246,9.4146089553833,5120320,0.0,0.0
2000-04-26 00:00:00+05:30,11.994999885559082,12.47249984741211,11.5625,12.462499618530273,10.160605430603027,3779560,0.0,0.0
2000-04-27 00:00:00+05:30,12.734999656677246,12.75,11.654999732971191,12.274999618530273,10.00773811340332,5115360,0.0,0.0
2000-04-28 00:00:00+05:30,12.102499961853027,12.475000381469727,12.0024995803833,12.257499694824219,9.99346923828125,3344980,0.0,0.0
2000-05-01 00:00:00+05:30,12.257499694824219,12.257499694824219,12.257499694824219,12.257499694824219,9.99346923828125,0,0.0,0.0
2000-05-02 00:00:00+05:30,12.350000381469727,12.699999809265137,12.0,12.5600004196167,10.240096092224121,5077460,0.0,0.0
2000-05-03 00:00:00+05:30,12.149999618530273,12.494999885559082,11.625,12.3100004196167,10.036271095275879,4457840,0.0,0.0
2000-05-04 00:00:00+05:30,12.744999885559082,12.850000381469727,12.305000305175781,12.539999961853027,10.223790168762207,3444900,0.0,0.0
2000-05-05 00:00:00+05:30,12.425000190734863,13.5,12.362500190734863,12.992500305175781,10.592711448669434,5688380,0.0,0.0
2000-05-08 00:00:00+05:30,13.25,13.75,12.800000190734863,13.022500038146973,10.617169380187988,2764400,0.0,0.0
2000-05-09 00:00:00+05:30,12.800000190734863,13.2475004196167,12.649999618530273,13.069999694824219,10.655896186828613,2285760,0.0,0.0
2000-05-10 00:00:00+05:30,13.0,13.25,12.600000381469727,13.132499694824219,10.706851959228516,3749540,0.0,0.0
2000-05-11 00:00:00+05:30,12.755000114440918,13.545000076293945,12.702500343322754,13.289999961853027,10.835261344909668,4862760,0.0,0.0
2000-05-12 00:00:00+05:30,13.569999694824219,13.569999694824219,13.005000114440918,13.104999542236328,10.684432029724121,2593960,0.0,0.0
2000-05-15 00:00:00+05:30,12.90250015258789,13.100000381469727,12.550000190734863,12.854999542236328,10.480608940124512,3306260,0.0,0.0
2000-05-16 00:00:00+05:30,12.850000381469727,13.087499618530273,12.75,12.8125,10.44595718383789,2148140,0.0,0.0
2000-05-17 00:00:00+05:30,13.0,13.050000190734863,12.755000114440918,12.90250015258789,10.519336700439453,1602860,0.0,0.0
2000-05-18 00:00:00+05:30,12.755000114440918,12.949999809265137,12.75,12.802499771118164,10.4378023147583,977420,0.0,0.0
2000-05-19 00:00:00+05:30,12.602499961853027,13.024999618530273,12.602499961853027,12.787500381469727,10.425577163696289,4338100,0.0,0.0
2000-05-22 00:00:00+05:30,12.800000190734863,12.895000457763672,12.162500381469727,12.442500114440918,10.14429759979248,2203000,0.0,0.0
2000-05-23 00:00:00+05:30,12.350000381469727,12.350000381469727,10.952500343322754,11.6875,9.5287504196167,4078200,0.0,0.0
2000-05-24 00:00:00+05:30,11.5,12.6225004196167,11.005000114440918,12.104999542236328,9.86913776397705,6396820,0.0,0.0
2000-05-25 00:00:00+05:30,12.125,12.375,11.505000114440918,11.680000305175781,9.522638320922852,3152620,0.0,0.0
2000-05-26 00:00:00+05:30,11.555000305175781,11.797499656677246,11.255000114440918,11.512499809265137,9.386075019836426,2774700,0.0,0.0
2000-05-29 00:00:00+05:30,11.40250015258789,11.574999809265137,10.600000381469727,11.232500076293945,9.15778923034668,2823020,0.0,0.0
2000-05-30 00:00:00+05:30,11.350000381469727,11.475000381469727,10.800000190734863,11.1899995803833,9.123143196105957,2934900,0.0,0.0
2000-05-31 00:00:00+05:30,11.550000190734863,11.970000267028809,11.25,11.515000343322754,9.38811206817627,3053380,0.0,0.0
2000-06-01 00:00:00+05:30,11.350000381469727,11.600000381469727,11.300000190734863,11.462499618530273,9.34531021118164,1871460,0.0,0.0
2000-06-02 00:00:00+05:30,11.600000381469727,12.350000381469727,11.600000381469727,12.225000381469727,9.966973304748535,4436940,0.0,0.0
2000-06-05 00:00:00+05:30,12.305000305175781,13.175000190734863,12.207500457763672,12.352499961853027,10.0709228515625,3142220,0.0,0.0
2000-06-06 00:00:00+05:30,12.75,12.75,11.850000381469727,12.229999542236328,9.971048355102539,1835860,0.0,0.0
2000-06-07 00:00:00+05:30,11.899999618530273,12.020000457763672,11.699999809265137,11.975000381469727,9.763150215148926,1600040,0.0,0.0
2000-06-08 00:00:00+05:30,12.0,12.244999885559082,11.850000381469727,12.017499923706055,9.797799110412598,1273240,0.0,0.0
2000-06-09 00:00:00+05:30,12.100000381469727,12.5,12.100000381469727,12.262499809265137,9.997547149658203,2164220,0.0,0.0
2000-06-12 00:00:00+05:30,12.324999809265137,12.449999809265137,12.154999732971191,12.217499732971191,9.960857391357422,1282880,0.0,0.0
2000-06-13 00:00:00+05:30,12.0,12.75,11.949999809265137,12.680000305175781,10.337928771972656,2280280,0.0,0.0
2000-06-14 00:00:00+05:30,12.949999809265137,12.949999809265137,12.449999809265137,12.515000343322754,10.203408241271973,1414600,0.0,0.0
2000-06-15 00:00:00+05:30,12.552499771118164,12.649999618530273,12.3774995803833,12.545000076293945,10.227865219116211,1270040,0.0,0.0
2000-06-16 00:00:00+05:30,12.149999618530273,12.647500038146973,12.149999618530273,12.550000190734863,10.231943130493164,1116260,0.0,0.0
2000-06-19 00:00:00+05:30,12.262499809265137,12.649999618530273,12.257499694824219,12.582500457763672,10.258440017700195,1483700,0.0,0.0
2000-06-20 00:00:00+05:30,12.744999885559082,12.9350004196167,12.324999809265137,12.729999542236328,10.378697395324707,2015080,0.0,0.0
2000-06-21 00:00:00+05:30,12.899999618530273,13.149999618530273,12.654999732971191,12.8100004196167,10.44392204284668,3678280,0.0,0.0
2000-06-22 00:00:00+05:30,12.904999732971191,13.100000381469727,12.800000190734863,12.854999542236328,10.480608940124512,1301480,0.0,0.0
2000-06-23 00:00:00+05:30,12.704999923706055,12.949999809265137,12.704999923706055,12.869999885559082,10.492835998535156,1515620,0.0,0.0
2000-06-26 00:00:00+05:30,12.717499732971191,12.8725004196167,12.707500457763672,12.757499694824219,10.401118278503418,1320820,0.0,0.0
2000-06-27 00:00:00+05:30,12.75,12.75,12.550000190734863,12.595000267028809,10.268630027770996,1486640,0.0,0.0
2000-06-28 00:00:00+05:30,13.0,13.0,12.404999732971191,12.522500038146973,10.209522247314453,1207660,0.0,0.0
2000-06-29 00:00:00+05:30,12.574999809265137,12.949999809265137,12.550000190734863,12.880000114440918,10.50098991394043,1548080,0.0,0.0
2000-06-30 00:00:00+05:30,12.75,12.78499984741211,12.600000381469727,12.617500305175781,10.286972999572754,769000,0.0,0.0
2000-07-03 00:00:00+05:30,12.654999732971191,13.899999618530273,12.602499961853027,13.432499885559082,10.95143985748291,4008680,0.0,0.0
2000-07-04 00:00:00+05:30,13.399999618530273,14.042499542236328,13.300000190734863,13.942500114440918,11.367241859436035,6268580,0.0,0.0
2000-07-05 00:00:00+05:30,14.239999771118164,14.239999771118164,13.5625,13.899999618530273,11.33259105682373,4385420,0.0,0.0
2000-07-06 00:00:00+05:30,13.899999618530273,13.994999885559082,13.635000228881836,13.797499656677246,11.2490234375,1914660,0.0,0.0
2000-07-07 00:00:00+05:30,13.850000381469727,14.25,13.7524995803833,14.09000015258789,11.487495422363281,4243960,0.0,0.0
2000-07-10 00:00:00+05:30,14.0,14.149999618530273,13.649999618530273,13.78499984741211,11.238828659057617,2883340,0.0,0.0
2000-07-11 00:00:00+05:30,13.949999809265137,14.0,13.699999809265137,13.742500305175781,11.204183578491211,1836820,0.0,0.0
2000-07-12 00:00:00+05:30,13.75,13.9350004196167,13.050000190734863,13.395000457763672,10.920867919921875,3658300,0.0,0.0
2000-07-13 00:00:00+05:30,13.694999694824219,13.807499885559082,13.107500076293945,13.292499542236328,10.837298393249512,4119320,0.0,0.0
2000-07-14 00:00:00+05:30,13.2524995803833,13.5,13.204999923706055,13.289999961853027,10.835261344909668,1551100,0.0,0.0
2000-07-17 00:00:00+05:30,13.204999923706055,13.212499618530273,12.699999809265137,12.717499732971191,10.36850643157959,2251520,0.0,0.0
2000-07-18 00:00:00+05:30,12.712499618530273,12.770000457763672,12.5,12.512499809265137,10.201367378234863,2852240,0.0,0.0
2000-07-19 00:00:00+05:30,12.399999618530273,12.647500038146973,12.399999618530273,12.5625,10.242132186889648,1388080,0.0,0.0
2000-07-20 00:00:00+05:30,12.5,12.899999618530273,12.255000114440918,12.417499542236328,10.123916625976562,1976220,0.0,0.0
2000-07-21 00:00:00+05:30,12.425000190734863,12.492500305175781,12.005000114440918,12.079999923706055,9.8487548828125,2296240,0.0,0.0
2000-07-24 00:00:00+05:30,11.7524995803833,11.899999618530273,11.255000114440918,11.5600004196167,9.424802780151367,4279640,0.0,0.0
2000-07-25 00:00:00+05:30,11.300000190734863,12.4350004196167,11.130000114440918,12.132499694824219,9.891556739807129,2046620,0.0,0.0
2000-07-26 00:00:00+05:30,12.449999809265137,12.600000381469727,12.125,12.25,9.98735523223877,1215260,0.0,0.0
2000-07-27 00:00:00+05:30,12.167499542236328,12.289999961853027,12.050000190734863,12.225000381469727,9.966973304748535,618840,0.0,0.0
2000-07-28 00:00:00+05:30,12.102499961853027,12.279999732971191,11.699999809265137,11.755000114440918,9.583784103393555,2598880,0.0,0.0
2000-07-31 00:00:00+05:30,11.75,11.800000190734863,11.5,11.645000457763672,9.494099617004395,492860,0.0,0.0
2000-08-01 00:00:00+05:30,11.795000076293945,11.795000076293945,11.3100004196167,11.3725004196167,9.271933555603027,1462000,0.0,0.0
2000-08-02 00:00:00+05:30,11.425000190734863,11.494999885559082,10.899999618530273,11.199999809265137,9.131295204162598,2341600,0.0,0.0
2000-08-03 00:00:00+05:30,11.239999771118164,12.895000457763672,11.202500343322754,12.6225004196167,10.291051864624023,5908060,0.0,0.0
2000-08-04 00:00:00+05:30,12.25,12.699999809265137,12.112500190734863,12.487500190734863,10.180986404418945,5677640,0.0,0.0
2000-08-07 00:00:00+05:30,12.40250015258789,12.5,11.489999771118164,11.760000228881836,9.587860107421875,2988300,0.0,0.0
2000-08-08 00:00:00+05:30,11.604999542236328,12.895000457763672,11.550000190734863,12.65250015258789,10.315510749816895,3933440,0.0,0.0
2000-08-09 00:00:00+05:30,12.710000038146973,12.75,12.100000381469727,12.202500343322754,9.948629379272461,1274620,0.0,0.0
2000-08-10 00:00:00+05:30,12.100000381469727,12.449999809265137,12.0625,12.182499885559082,9.932321548461914,878980,0.0,0.0
2000-08-11 00:00:00+05:30,11.7524995803833,12.220000267028809,11.7524995803833,12.109999656677246,9.873212814331055,1013240,0.0,0.0
2000-08-14 00:00:00+05:30,12.104999542236328,12.225000381469727,12.0625,12.175000190734863,9.92620849609375,1103500,0.0,0.0
2000-08-15 00:00:00+05:30,12.175000190734863,12.175000190734863,12.175000190734863,12.175000190734863,9.92620849609375,0,0.0,0.0
2000-08-16 00:00:00+05:30,12.300000190734863,12.375,12.199999809265137,12.300000190734863,10.028120040893555,619500,0.0,0.0
2000-08-17 00:00:00+05:30,12.234999656677246,12.75,12.234999656677246,12.34749984741211,10.066844940185547,2365400,0.0,0.0
2000-08-18 00:00:00+05:30,12.199999809265137,12.199999809265137,11.850000381469727,11.977499961853027,9.765189170837402,4924620,0.0,0.0
2000-08-21 00:00:00+05:30,11.755000114440918,11.899999618530273,11.3149995803833,11.760000228881836,9.587860107421875,5602380,0.0,0.0
2000-08-22 00:00:00+05:30,11.65999984741211,11.65999984741211,11.449999809265137,11.524999618530273,9.396265983581543,2223540,0.0,0.0
2000-08-23 00:00:00+05:30,12.149999618530273,12.149999618530273,11.550000190734863,11.640000343322754,9.49002456665039,2151480,0.0,0.0
2000-08-24 00:00:00+05:30,11.649999618530273,11.6899995803833,11.53499984741211,11.577500343322754,9.439070701599121,781340,0.0,0.0
2000-08-25 00:00:00+05:30,11.505000114440918,12.335000038146973,11.505000114440918,11.9399995803833,9.734611511230469,4625440,0.0,0.0
2000-08-28 00:00:00+05:30,12.100000381469727,12.100000381469727,11.7475004196167,11.760000228881836,9.587860107421875,858460,0.0,0.0
2000-08-29 00:00:00+05:30,11.699999809265137,11.859999656677246,11.550000190734863,11.737500190734863,9.569517135620117,1872900,0.0,0.0
2000-08-30 00:00:00+05:30,11.850000381469727,11.989999771118164,11.75,11.795000076293945,9.61639404296875,2226340,0.0,0.0
2000-08-31 00:00:00+05:30,11.720000267028809,12.0,11.720000267028809,11.967499732971191,9.757033348083496,876820,0.0,0.0
2000-09-01 00:00:00+05:30,11.967499732971191,11.967499732971191,11.967499732971191,11.967499732971191,9.757033348083496,0,0.0,0.0
2000-09-04 00:00:00+05:30,12.0,12.149999618530273,11.850000381469727,11.922499656677246,9.720343589782715,963600,0.0,0.0
2000-09-05 00:00:00+05:30,11.854999542236328,12.25,11.850000381469727,11.962499618530273,9.752959251403809,1739380,0.0,0.0
2000-09-06 00:00:00+05:30,12.0,12.449999809265137,12.0,12.1274995803833,9.887480735778809,2183900,0.0,0.0
2000-09-07 00:00:00+05:30,11.942500114440918,12.25,11.942500114440918,12.005000114440918,9.787606239318848,1395100,0.0,0.0
2000-09-08 00:00:00+05:30,11.904999732971191,12.197500228881836,11.904999732971191,11.927499771118164,9.724421501159668,1329520,0.0,0.0
2000-09-11 00:00:00+05:30,11.949999809265137,12.100000381469727,11.949999809265137,12.005000114440918,9.787606239318848,1347320,0.0,0.0
2000-09-12 00:00:00+05:30,11.954999923706055,11.987500190734863,11.774999618530273,11.8125,9.630661964416504,1861700,0.0,0.0
2000-09-13 00:00:00+05:30,11.899999618530273,11.925000190734863,11.755000114440918,11.792499542236328,9.614357948303223,946040,0.0,0.0
2000-09-14 00:00:00+05:30,11.65250015258789,11.8125,11.600000381469727,11.625,9.477797508239746,1849500,0.0,0.0
2000-09-15 00:00:00+05:30,11.555000305175781,11.555000305175781,11.175000190734863,11.382499694824219,9.280085563659668,3678120,0.0,0.0
2000-09-18 00:00:00+05:30,11.25,11.25,9.850000381469727,10.467499732971191,8.534093856811523,8188720,0.0,0.0
2000-09-19 00:00:00+05:30,10.324999809265137,11.75,9.90250015258789,11.517499923706055,9.390151977539062,6782700,0.0,0.0
2000-09-20 00:00:00+05:30,11.699999809265137,11.800000190734863,11.005000114440918,11.2524995803833,9.174097061157227,2684660,0.0,0.0
2000-09-21 00:00:00+05:30,11.25,11.3125,11.005000114440918,11.202500343322754,9.133333206176758,1577580,0.0,0.0
2000-09-22 00:00:00+05:30,11.0024995803833,11.145000457763672,10.75,10.845000267028809,8.841863632202148,2826480,0.0,0.0
2000-09-25 00:00:00+05:30,11.0,11.212499618530273,10.77750015258789,11.1899995803833,9.123143196105957,1365780,0.0,0.0
2000-09-26 00:00:00+05:30,11.100000381469727,11.199999809265137,11.012499809265137,11.117500305175781,9.064033508300781,1821640,0.0,0.0
2000-09-27 00:00:00+05:30,11.0,11.369999885559082,10.899999618530273,11.332500457763672,9.239322662353516,1232820,0.0,0.0
2000-09-28 00:00:00+05:30,11.369999885559082,11.397500038146973,11.0,11.194999694824219,9.127220153808594,2462080,0.0,0.0
2000-09-29 00:00:00+05:30,11.399999618530273,12.024999618530273,11.135000228881836,11.712499618530273,9.549134254455566,3224960,0.0,0.0
2000-10-02 00:00:00+05:30,11.712499618530273,11.712499618530273,11.712499618530273,11.712499618530273,9.549134254455566,0,0.0,0.0
2000-10-03 00:00:00+05:30,11.699999809265137,12.0,11.5,11.96500015258789,9.754997253417969,2031680,0.0,0.0
2000-10-04 00:00:00+05:30,12.0,12.0,11.602499961853027,11.805000305175781,9.624547958374023,1076860,0.0,0.0
2000-10-05 00:00:00+05:30,11.800000190734863,11.875,11.602499961853027,11.732500076293945,9.565439224243164,1068040,0.0,0.0
2000-10-06 00:00:00+05:30,11.760000228881836,12.399999618530273,11.100000381469727,12.220000267028809,9.962892532348633,8331960,0.0,0.0
2000-10-09 00:00:00+05:30,12.007499694824219,12.300000190734863,11.899999618530273,12.157500267028809,9.91193962097168,3405360,0.0,0.0
2000-10-10 00:00:00+05:30,11.899999618530273,12.244999885559082,11.774999618530273,11.952500343322754,9.744803428649902,3195220,0.0,0.0
2000-10-11 00:00:00+05:30,11.795000076293945,11.949999809265137,11.462499618530273,11.832500457763672,9.646968841552734,3054000,0.0,0.0
2000-10-12 00:00:00+05:30,11.7524995803833,11.875,11.654999732971191,11.822500228881836,9.63881778717041,1070640,0.0,0.0
2000-10-13 00:00:00+05:30,11.649999618530273,11.887499809265137,11.555000305175781,11.822500228881836,9.63881778717041,1717300,0.0,0.0
2000-10-16 00:00:00+05:30,12.050000190734863,12.225000381469727,11.529999732971191,11.842499732971191,9.655121803283691,3345360,0.0,0.0
2000-10-17 00:00:00+05:30,11.727499961853027,12.0,11.712499618530273,11.887499809265137,9.69180965423584,2013840,0.0,0.0
2000-10-18 00:00:00+05:30,11.800000190734863,11.992500305175781,11.612500190734863,11.90250015258789,9.704038619995117,1748820,0.0,0.0
2000-10-19 00:00:00+05:30,11.949999809265137,12.199999809265137,11.899999618530273,12.095000267028809,9.86098575592041,2330000,0.0,0.0
2000-10-20 00:00:00+05:30,12.25,12.350000381469727,12.149999618530273,12.234999656677246,9.975125312805176,1966900,0.0,0.0
2000-10-23 00:00:00+05:30,12.25,12.345000267028809,12.125,12.154999732971191,9.909900665283203,981080,0.0,0.0
2000-10-24 00:00:00+05:30,12.050000190734863,12.199999809265137,12.024999618530273,12.162500381469727,9.916015625,1817240,0.0,0.0
2000-10-25 00:00:00+05:30,12.199999809265137,12.199999809265137,12.007499694824219,12.069999694824219,9.840600967407227,968560,0.0,0.0
2000-10-26 00:00:00+05:30,12.25,12.25,12.015000343322754,12.067500114440918,9.8385648727417,265520,0.0,0.0
2000-10-27 00:00:00+05:30,12.050000190734863,12.142499923706055,11.852499961853027,12.0,9.78353214263916,315420,0.0,0.0
2000-10-30 00:00:00+05:30,11.90250015258789,12.449999809265137,11.90250015258789,12.345000267028809,10.064807891845703,1451960,0.0,0.0
2000-10-31 00:00:00+05:30,12.5,12.744999885559082,12.149999618530273,12.52750015258789,10.213598251342773,2537880,0.0,0.0
2000-11-01 00:00:00+05:30,12.72249984741211,12.72249984741211,12.25,12.357500076293945,10.074997901916504,901740,0.0,0.0
2000-11-02 00:00:00+05:30,12.27750015258789,12.649999618530273,12.27750015258789,12.59749984741211,10.270668983459473,2180520,0.0,0.0
2000-11-03 00:00:00+05:30,12.649999618530273,12.649999618530273,12.350000381469727,12.404999732971191,10.113723754882812,1172820,0.0,0.0
2000-11-06 00:00:00+05:30,12.350000381469727,12.649999618530273,12.350000381469727,12.5,10.191176414489746,6828940,0.0,0.0
2000-11-07 00:00:00+05:30,12.399999618530273,12.494999885559082,12.380000114440918,12.4375,10.140222549438477,1001480,0.0,0.0
2000-11-08 00:00:00+05:30,12.4975004196167,12.4975004196167,12.149999618530273,12.194999694824219,9.942513465881348,622380,0.0,0.0
2000-11-09 00:00:00+05:30,12.100000381469727,12.289999961853027,11.994999885559082,12.2475004196167,9.985313415527344,927460,0.0,0.0
2000-11-10 00:00:00+05:30,12.225000381469727,12.350000381469727,12.199999809265137,12.257499694824219,9.99346923828125,1017820,0.0,0.0
2000-11-13 00:00:00+05:30,12.037500381469727,12.199999809265137,12.0,12.017499923706055,9.797799110412598,758700,0.0,0.0
2000-11-14 00:00:00+05:30,12.0,12.024999618530273,11.625,11.789999961853027,9.612320899963379,1923120,0.0,0.0
2000-11-15 00:00:00+05:30,11.994999885559082,12.199999809265137,11.875,12.017499923706055,9.797799110412598,3576540,0.0,0.0
2000-11-16 00:00:00+05:30,12.0,12.055000305175781,11.457500457763672,11.630000114440918,9.48187255859375,6772260,0.0,0.0
2000-11-17 00:00:00+05:30,11.524999618530273,11.600000381469727,11.180000305175781,11.487500190734863,9.365692138671875,4549040,0.0,0.0
2000-11-20 00:00:00+05:30,11.449999809265137,11.5,11.225000381469727,11.432499885559082,9.320849418640137,1688420,0.0,0.0
2000-11-21 00:00:00+05:30,11.399999618530273,11.449999809265137,11.180000305175781,11.234999656677246,9.159831047058105,3451140,0.0,0.0
2000-11-22 00:00:00+05:30,11.494999885559082,11.494999885559082,11.100000381469727,11.204999923706055,9.135371208190918,3089020,0.0,0.0
2000-11-23 00:00:00+05:30,11.15250015258789,11.225000381469727,10.702500343322754,10.842499732971191,8.839829444885254,4064840,0.0,0.0
2000-11-24 00:00:00+05:30,10.949999809265137,11.2524995803833,10.907500267028809,11.1850004196167,9.119067192077637,3390040,0.0,0.0
2000-11-27 00:00:00+05:30,11.232500076293945,11.324999809265137,11.162500381469727,11.287500381469727,9.20263385772705,3358520,0.0,0.0
2000-11-28 00:00:00+05:30,11.295000076293945,11.337499618530273,11.0,11.082500457763672,9.035497665405273,3691140,0.0,0.0
2000-11-29 00:00:00+05:30,11.970000267028809,11.970000267028809,10.957500457763672,11.102499961853027,9.051804542541504,3114600,0.0,0.0
2000-11-30 00:00:00+05:30,11.192500114440918,11.300000190734863,10.925000190734863,11.057499885559082,9.015114784240723,2444480,0.0,0.0
2000-12-01 00:00:00+05:30,11.012499809265137,11.012499809265137,10.5,10.8125,8.815369606018066,7303660,0.0,0.0
2000-12-04 00:00:00+05:30,10.75,10.944999694824219,10.75,10.817500114440918,8.819445610046387,2176400,0.0,0.0
2000-12-05 00:00:00+05:30,10.895000457763672,10.895000457763672,10.649999618530273,10.707500457763672,8.729765892028809,4543480,0.0,0.0
2000-12-06 00:00:00+05:30,10.899999618530273,11.494999885559082,10.899999618530273,10.9975004196167,8.96619701385498,4733020,0.0,0.0
2000-12-07 00:00:00+05:30,10.962499618530273,11.0,10.875,10.912500381469727,8.89689826965332,1620300,0.0,0.0
2000-12-08 00:00:00+05:30,10.949999809265137,11.074999809265137,10.90250015258789,10.957500457763672,8.933585166931152,3503620,0.0,0.0
2000-12-11 00:00:00+05:30,11.050000190734863,11.229999542236328,11.0,11.130000114440918,9.074225425720215,3172700,0.0,0.0
2000-12-12 00:00:00+05:30,11.25,11.59749984741211,11.25,11.430000305175781,9.318812370300293,9136860,0.0,0.0
2000-12-13 00:00:00+05:30,11.475000381469727,12.199999809265137,11.454999923706055,11.725000381469727,9.559326171875,9930900,0.0,0.0
2000-12-14 00:00:00+05:30,11.75,11.850000381469727,11.399999618530273,11.462499618530273,9.34531021118164,3493500,0.0,0.0
2000-12-15 00:00:00+05:30,11.600000381469727,11.600000381469727,10.9399995803833,10.987500190734863,8.95804500579834,4491360,0.0,0.0
2000-12-18 00:00:00+05:30,10.65250015258789,10.994999885559082,10.65250015258789,10.854999542236328,8.850019454956055,2768860,0.0,0.0
2000-12-19 00:00:00+05:30,10.8725004196167,10.952500343322754,10.702500343322754,10.7524995803833,8.766450881958008,5264760,0.0,0.0
2000-12-20 00:00:00+05:30,10.850000381469727,11.095000267028809,10.774999618530273,10.9975004196167,8.96619701385498,3553020,0.0,0.0
2000-12-21 00:00:00+05:30,10.850000381469727,11.024999618530273,10.75,10.882499694824219,8.87243938446045,2755400,0.0,0.0
2000-12-22 00:00:00+05:30,10.994999885559082,11.0,10.782500267028809,10.8125,8.815369606018066,2122180,0.0,0.0
2000-12-25 00:00:00+05:30,10.8125,10.8125,10.8125,10.8125,8.815369606018066,0,0.0,0.0
2000-12-26 00:00:00+05:30,10.757499694824219,10.949999809265137,10.619999885559082,10.767499923706055,8.778678894042969,3800920,0.0,0.0
2000-12-27 00:00:00+05:30,10.774999618530273,11.0,10.774999618530273,10.912500381469727,8.89689826965332,1422820,0.0,0.0
2000-12-28 00:00:00+05:30,10.9350004196167,11.2475004196167,10.9350004196167,11.0024995803833,8.97027587890625,3506960,0.0,0.0
2000-12-29 00:00:00+05:30,11.050000190734863,11.237500190734863,11.0,11.140000343322754,9.082378387451172,3605400,0.0,0.0
2001-01-01 00:00:00+05:30,11.244999885559082,11.287500381469727,11.100000381469727,11.112500190734863,9.059957504272461,2007180,0.0,0.0
2001-01-02 00:00:00+05:30,11.142499923706055,11.25,10.949999809265137,11.199999809265137,9.131295204162598,3573620,0.0,0.0
2001-01-03 00:00:00+05:30,11.350000381469727,11.75,11.25,11.292499542236328,9.206708908081055,8415080,0.0,0.0
2001-01-04 00:00:00+05:30,11.417499542236328,11.494999885559082,11.232500076293945,11.267499923706055,9.186330795288086,4250540,0.0,0.0
2001-01-05 00:00:00+05:30,11.272500038146973,11.5,11.234999656677246,11.430000305175781,9.318812370300293,3236880,0.0,0.0
2001-01-08 00:00:00+05:30,11.350000381469727,11.600000381469727,11.350000381469727,11.507499694824219,9.381996154785156,5192260,0.0,0.0
2001-01-09 00:00:00+05:30,11.53499984741211,11.899999618530273,11.460000038146973,11.787500381469727,9.61028003692627,5399700,0.0,0.0
2001-01-10 00:00:00+05:30,11.930000305175781,11.9975004196167,11.204999923706055,11.270000457763672,9.188365936279297,6518560,0.0,0.0
2001-01-11 00:00:00+05:30,11.399999618530273,11.600000381469727,11.300000190734863,11.444999694824219,9.33104133605957,3798000,0.0,0.0
2001-01-12 00:00:00+05:30,11.574999809265137,11.949999809265137,11.5,11.864999771118164,9.673467636108398,7893520,0.0,0.0
2001-01-15 00:00:00+05:30,11.989999771118164,12.595000267028809,11.949999809265137,12.449999809265137,10.150413513183594,9799160,0.0,0.0
2001-01-16 00:00:00+05:30,12.5,12.579999923706055,12.302499771118164,12.5,10.191176414489746,5726300,0.0,0.0
2001-01-17 00:00:00+05:30,12.449999809265137,12.550000190734863,12.260000228881836,12.457500457763672,10.156529426574707,4166160,0.0,0.0
2001-01-18 00:00:00+05:30,12.4975004196167,12.524999618530273,12.300000190734863,12.494999885559082,10.187100410461426,3389020,0.0,0.0
2001-01-19 00:00:00+05:30,12.494999885559082,12.699999809265137,12.305000305175781,12.587499618530273,10.262514114379883,6125080,0.0,0.0
2001-01-22 00:00:00+05:30,12.649999618530273,12.975000381469727,12.295000076293945,12.40250015258789,10.111686706542969,5107020,0.0,0.0
2001-01-23 00:00:00+05:30,12.412500381469727,12.649999618530273,12.412500381469727,12.482500076293945,10.176909446716309,2148120,0.0,0.0
2001-01-24 00:00:00+05:30,12.449999809265137,12.550000190734863,12.324999809265137,12.470000267028809,10.166719436645508,2142100,0.0,0.0
2001-01-25 00:00:00+05:30,12.475000381469727,12.75,12.399999618530273,12.479999542236328,10.174870491027832,2559860,0.0,0.0
2001-01-26 00:00:00+05:30,12.479999542236328,12.479999542236328,12.479999542236328,12.479999542236328,10.174870491027832,0,0.0,0.0
2001-01-29 00:00:00+05:30,12.399999618530273,12.5,12.149999618530273,12.265000343322754,9.999585151672363,3282160,0.0,0.0
2001-01-30 00:00:00+05:30,12.25,12.524999618530273,12.1274995803833,12.470000267028809,10.166719436645508,2454700,0.0,0.0
2001-01-31 00:00:00+05:30,12.300000190734863,12.75,12.300000190734863,12.694999694824219,10.350159645080566,3481040,0.0,0.0
2001-02-01 00:00:00+05:30,12.699999809265137,12.7524995803833,12.425000190734863,12.5600004196167,10.240096092224121,1884860,0.0,0.0
2001-02-02 00:00:00+05:30,12.529999732971191,12.680000305175781,12.425000190734863,12.612500190734863,10.2829008102417,1685260,0.0,0.0
2001-02-05 00:00:00+05:30,12.600000381469727,13.619999885559082,12.550000190734863,13.199999809265137,10.761883735656738,10560940,0.0,0.0
2001-02-06 00:00:00+05:30,13.149999618530273,13.25,12.852499961853027,12.975000381469727,10.578442573547363,2046400,0.0,0.0
2001-02-07 00:00:00+05:30,13.0,13.175000190734863,12.5,12.5649995803833,10.244173049926758,2288320,0.0,0.0
2001-02-08 00:00:00+05:30,12.59000015258789,12.949999809265137,12.5,12.914999961853027,10.529526710510254,2494420,0.0,0.0
2001-02-09 00:00:00+05:30,12.994999885559082,13.949999809265137,12.994999885559082,13.607500076293945,11.0941162109375,15991040,0.0,0.0
2001-02-12 00:00:00+05:30,13.645000457763672,13.694999694824219,13.050000190734863,13.125,10.700736045837402,4402060,0.0,0.0
2001-02-13 00:00:00+05:30,13.149999618530273,13.274999618530273,12.875,12.960000038146973,10.566211700439453,3622020,0.0,0.0
2001-02-14 00:00:00+05:30,13.0,13.28499984741211,12.845000267028809,13.225000381469727,10.782266616821289,5282120,0.0,0.0
2001-02-15 00:00:00+05:30,13.300000190734863,13.300000190734863,13.0,13.057499885559082,10.64570426940918,1878960,0.0,0.0
2001-02-16 00:00:00+05:30,13.197500228881836,13.4975004196167,12.609999656677246,12.6899995803833,10.34608268737793,4477960,0.0,0.0
2001-02-19 00:00:00+05:30,13.050000190734863,13.1899995803833,12.675000190734863,12.84000015258789,10.468377113342285,3579220,0.0,0.0
2001-02-20 00:00:00+05:30,12.800000190734863,12.875,12.505000114440918,12.539999961853027,10.223790168762207,2885340,0.0,0.0
2001-02-21 00:00:00+05:30,12.6899995803833,12.699999809265137,11.949999809265137,12.515000343322754,10.203408241271973,4237540,0.0,0.0
2001-02-22 00:00:00+05:30,12.505000114440918,12.800000190734863,12.46500015258789,12.574999809265137,10.252327919006348,4735480,0.0,0.0
2001-02-23 00:00:00+05:30,12.647500038146973,12.649999618530273,12.199999809265137,12.369999885559082,10.085188865661621,5395320,0.0,0.0
2001-02-26 00:00:00+05:30,12.350000381469727,12.550000190734863,12.0024995803833,12.5,10.191176414489746,1656760,0.0,0.0
2001-02-27 00:00:00+05:30,12.5,12.600000381469727,12.354999542236328,12.520000457763672,10.207484245300293,3106380,0.0,0.0
2001-02-28 00:00:00+05:30,13.25,13.449999809265137,12.5,12.827500343322754,10.458185195922852,8807820,0.0,0.0
2001-03-01 00:00:00+05:30,13.100000381469727,13.734999656677246,12.954999923706055,13.2475004196167,10.800609588623047,6688000,0.0,0.0
2001-03-02 00:00:00+05:30,13.449999809265137,13.600000381469727,13.164999961853027,13.229999542236328,10.786343574523926,6168800,0.0,0.0
2001-03-05 00:00:00+05:30,13.149999618530273,13.350000381469727,12.757499694824219,12.862500190734863,10.486721992492676,4162800,0.0,0.0
2001-03-06 00:00:00+05:30,12.862500190734863,12.862500190734863,12.862500190734863,12.862500190734863,10.486721992492676,0,0.0,0.0
2001-03-07 00:00:00+05:30,12.800000190734863,13.0,12.505000114440918,12.869999885559082,10.492835998535156,2432700,0.0,0.0
2001-03-08 00:00:00+05:30,12.800000190734863,13.199999809265137,12.800000190734863,13.112500190734863,10.690546989440918,1809940,0.0,0.0
2001-03-09 00:00:00+05:30,12.899999618530273,12.899999618530273,12.5024995803833,12.632499694824219,10.299202919006348,2856760,0.0,0.0
2001-03-12 00:00:00+05:30,12.550000190734863,12.649999618530273,12.452500343322754,12.510000228881836,10.199332237243652,1830840,0.0,0.0
2001-03-13 00:00:00+05:30,12.452500343322754,12.452500343322754,10.52750015258789,11.057499885559082,9.015114784240723,5029780,0.0,0.0
2001-03-14 00:00:00+05:30,11.0,12.399999618530273,11.0,12.194999694824219,9.942513465881348,2948680,0.0,0.0
2001-03-15 00:00:00+05:30,12.492500305175781,12.492500305175781,11.7524995803833,12.117500305175781,9.879327774047852,3428160,0.0,0.0
2001-03-16 00:00:00+05:30,12.0024995803833,12.25,11.199999809265137,11.625,9.477797508239746,2215020,0.0,0.0
2001-03-19 00:00:00+05:30,11.300000190734863,11.850000381469727,11.199999809265137,11.742500305175781,9.573592185974121,914540,0.0,0.0
2001-03-20 00:00:00+05:30,11.704999923706055,11.75,11.362500190734863,11.47249984741211,9.353464126586914,1399640,0.0,0.0
2001-03-21 00:00:00+05:30,11.300000190734863,12.100000381469727,11.300000190734863,11.807499885559082,9.6265869140625,1922000,0.0,0.0
2001-03-22 00:00:00+05:30,11.824999809265137,11.875,11.5600004196167,11.640000343322754,9.49002456665039,472500,0.0,0.0
2001-03-23 00:00:00+05:30,11.625,11.75,11.25,11.477499961853027,9.357538223266602,723580,0.0,0.0
2001-03-26 00:00:00+05:30,11.149999618530273,11.550000190734863,11.149999618530273,11.3725004196167,9.271933555603027,343540,0.0,0.0
2001-03-27 00:00:00+05:30,11.399999618530273,11.4975004196167,11.302499771118164,11.359999656677246,9.261741638183594,2381400,0.0,0.0
2001-03-28 00:00:00+05:30,11.454999923706055,11.694999694824219,11.399999618530273,11.432499885559082,9.320849418640137,610000,0.0,0.0
2001-03-29 00:00:00+05:30,11.444999694824219,11.550000190734863,11.399999618530273,11.475000381469727,9.35550308227539,2361900,0.0,0.0
2001-03-30 00:00:00+05:30,11.449999809265137,11.550000190734863,11.302499771118164,11.417499542236328,9.308623313903809,1237980,0.0,0.0
2001-04-02 00:00:00+05:30,11.3100004196167,11.3100004196167,10.75,11.157500267028809,9.096644401550293,1614840,0.0,0.0
2001-04-03 00:00:00+05:30,11.055000305175781,11.300000190734863,10.954999923706055,11.2524995803833,9.174097061157227,1723720,0.0,0.0
2001-04-04 00:00:00+05:30,11.130000114440918,11.34749984741211,11.007499694824219,11.297499656677246,9.210786819458008,635980,0.0,0.0
2001-04-05 00:00:00+05:30,11.297499656677246,11.297499656677246,11.297499656677246,11.297499656677246,9.210786819458008,0,0.0,0.0
2001-04-06 00:00:00+05:30,11.25,11.524999618530273,11.25,11.395000457763672,9.290276527404785,901400,0.0,0.0
2001-04-09 00:00:00+05:30,11.354999542236328,11.362500190734863,11.100000381469727,11.270000457763672,9.188365936279297,1037000,0.0,0.0
2001-04-10 00:00:00+05:30,11.274999618530273,11.395000457763672,11.25,11.300000190734863,9.212824821472168,1732660,0.0,0.0
2001-04-11 00:00:00+05:30,11.279999732971191,11.625,11.25,11.52750015258789,9.39830493927002,1868340,0.0,0.0
2001-04-12 00:00:00+05:30,11.40250015258789,11.75,11.204999923706055,11.569999694824219,9.432952880859375,2090400,0.0,0.0
2001-04-13 00:00:00+05:30,11.569999694824219,11.569999694824219,11.569999694824219,11.569999694824219,9.432952880859375,0,0.0,0.0
2001-04-16 00:00:00+05:30,11.7475004196167,12.095000267028809,11.449999809265137,11.782500267028809,9.60620403289795,1962580,0.0,0.0
2001-04-17 00:00:00+05:30,11.800000190734863,12.399999618530273,11.75,12.287500381469727,10.017930030822754,2617100,0.0,0.0
2001-04-18 00:00:00+05:30,12.350000381469727,12.494999885559082,12.149999618530273,12.262499809265137,9.997547149658203,2258380,0.0,0.0
2001-04-19 00:00:00+05:30,12.300000190734863,12.5,11.800000190734863,11.979999542236328,9.76722526550293,4675760,0.0,0.0
2001-04-20 00:00:00+05:30,12.25,12.25,11.7524995803833,12.182499885559082,10.015929222106934,3066020,0.1,0.0
2001-04-23 00:00:00+05:30,12.149999618530273,12.244999885559082,12.0625,12.167499542236328,10.003595352172852,1226440,0.0,0.0
2001-04-24 00:00:00+05:30,12.007499694824219,12.09000015258789,11.807499885559082,11.890000343322754,9.775446891784668,2584580,0.0,0.0
2001-04-25 00:00:00+05:30,11.850000381469727,11.949999809265137,11.802499771118164,11.859999656677246,9.75078010559082,544900,0.0,0.0
2001-04-26 00:00:00+05:30,11.920000076293945,11.9975004196167,11.8125,11.895000457763672,9.779559135437012,439180,0.0,0.0
2001-04-27 00:00:00+05:30,11.774999618530273,11.800000190734863,11.0,11.6225004196167,9.555519104003906,1031440,0.0,0.0
2001-04-30 00:00:00+05:30,11.300000190734863,11.795000076293945,11.300000190734863,11.520000457763672,9.471248626708984,1325140,0.0,0.0
2001-05-01 00:00:00+05:30,11.520000457763672,11.520000457763672,11.520000457763672,11.520000457763672,9.471248626708984,0,0.0,0.0
2001-05-02 00:00:00+05:30,11.024999618530273,11.895000457763672,11.024999618530273,11.800000190734863,9.701452255249023,1119800,0.0,0.0
2001-05-03 00:00:00+05:30,11.949999809265137,12.0,11.510000228881836,11.667499542236328,9.592514991760254,879580,0.0,0.0
2001-05-04 00:00:00+05:30,11.737500190734863,11.737500190734863,11.557499885559082,11.609999656677246,9.545241355895996,996520,0.0,0.0
2001-05-07 00:00:00+05:30,11.697500228881836,11.899999618530273,11.602499961853027,11.8725004196167,9.76106071472168,1189340,0.0,0.0
2001-05-08 00:00:00+05:30,11.800000190734863,11.850000381469727,11.604999542236328,11.649999618530273,9.57812786102295,849800,0.0,0.0
2001-05-09 00:00:00+05:30,11.725000381469727,12.0,11.550000190734863,11.880000114440918,9.76722526550293,1463720,0.0,0.0
2001-05-10 00:00:00+05:30,12.0,12.234999656677246,11.772500038146973,11.819999694824219,9.717896461486816,2145420,0.0,0.0
2001-05-11 00:00:00+05:30,11.899999618530273,11.899999618530273,11.649999618530273,11.682499885559082,9.60484790802002,603620,0.0,0.0
2001-05-14 00:00:00+05:30,11.850000381469727,12.050000190734863,11.625,11.864999771118164,9.754892349243164,1570720,0.0,0.0
2001-05-15 00:00:00+05:30,11.604999542236328,12.145000457763672,11.300000190734863,12.037500381469727,9.896712303161621,1459080,0.0,0.0
2001-05-16 00:00:00+05:30,12.050000190734863,12.204999923706055,11.699999809265137,11.782500267028809,9.687066078186035,2480020,0.0,0.0
2001-05-17 00:00:00+05:30,11.987500190734863,12.172499656677246,11.602499961853027,11.720000267028809,9.6356782913208,2546400,0.0,0.0
2001-05-18 00:00:00+05:30,11.899999618530273,12.0,11.704999923706055,11.779999732971191,9.68501091003418,1689200,0.0,0.0
2001-05-21 00:00:00+05:30,12.0,12.194999694824219,11.65250015258789,11.859999656677246,9.75078010559082,3246280,0.0,0.0
2001-05-22 00:00:00+05:30,11.932499885559082,12.135000228881836,11.75,11.789999961853027,9.693231582641602,1771860,0.0,0.0
2001-05-23 00:00:00+05:30,11.949999809265137,11.949999809265137,11.84000015258789,11.867500305175781,9.756950378417969,1307940,0.0,0.0
2001-05-24 00:00:00+05:30,11.914999961853027,11.944999694824219,11.774999618530273,11.819999694824219,9.717896461486816,375880,0.0,0.0
2001-05-25 00:00:00+05:30,11.864999771118164,11.864999771118164,11.5,11.537500381469727,9.485634803771973,2491600,0.0,0.0
2001-05-28 00:00:00+05:30,11.5,11.75,11.475000381469727,11.717499732971191,9.633623123168945,1934360,0.0,0.0
2001-05-29 00:00:00+05:30,11.699999809265137,11.800000190734863,11.600000381469727,11.755000114440918,9.664453506469727,2833540,0.0,0.0
2001-05-30 00:00:00+05:30,11.75,11.772500038146973,11.404999732971191,11.507499694824219,9.460972785949707,3596640,0.0,0.0
2001-05-31 00:00:00+05:30,11.569999694824219,11.569999694824219,11.3774995803833,11.494999885559082,9.45069408416748,1559200,0.0,0.0
2001-06-01 00:00:00+05:30,11.569999694824219,11.600000381469727,11.457500457763672,11.524999618530273,9.475358963012695,809540,0.0,0.0
2001-06-04 00:00:00+05:30,11.574999809265137,11.657500267028809,11.46500015258789,11.614999771118164,9.549354553222656,1626440,0.0,0.0
2001-06-05 00:00:00+05:30,11.5,11.649999618530273,11.5,11.595000267028809,9.532912254333496,1624140,0.0,0.0
2001-06-06 00:00:00+05:30,11.649999618530273,11.734999656677246,11.625,11.704999923706055,9.623347282409668,923980,0.0,0.0
2001-06-07 00:00:00+05:30,11.649999618530273,11.649999618530273,11.375,11.5024995803833,9.456862449645996,2484020,0.0,0.0
2001-06-08 00:00:00+05:30,11.550000190734863,11.625,11.425000190734863,11.574999809265137,9.516467094421387,2238760,0.0,0.0
2001-06-11 00:00:00+05:30,11.524999618530273,11.595000267028809,11.399999618530273,11.532500267028809,9.481524467468262,752040,0.0,0.0
2001-06-12 00:00:00+05:30,11.550000190734863,11.550000190734863,11.0,11.390000343322754,9.364370346069336,1521240,0.0,0.0
2001-06-13 00:00:00+05:30,11.425000190734863,11.449999809265137,11.255000114440918,11.364999771118164,9.343812942504883,1491480,0.0,0.0
2001-06-14 00:00:00+05:30,11.395000457763672,11.395000457763672,10.805000305175781,10.890000343322754,8.953289985656738,2216720,0.0,0.0
2001-06-15 00:00:00+05:30,10.802499771118164,10.994999885559082,10.199999809265137,10.710000038146973,8.805303573608398,3674360,0.0,0.0
2001-06-18 00:00:00+05:30,10.75,10.75,9.854999542236328,9.922499656677246,8.157853126525879,2641200,0.0,0.0
2001-06-19 00:00:00+05:30,10.0,10.425000190734863,9.949999809265137,10.212499618530273,8.39627742767334,6105640,0.0,0.0
2001-06-20 00:00:00+05:30,10.345000267028809,10.699999809265137,10.289999961853027,10.662500381469727,8.76624870300293,2591140,0.0,0.0
2001-06-21 00:00:00+05:30,10.744999885559082,11.199999809265137,10.744999885559082,11.042499542236328,9.078668594360352,2578140,0.0,0.0
2001-06-22 00:00:00+05:30,11.005000114440918,11.324999809265137,10.875,10.942500114440918,8.996454238891602,2128500,0.0,0.0
2001-06-25 00:00:00+05:30,10.925000190734863,10.949999809265137,10.482500076293945,10.545000076293945,8.66964340209961,1360940,0.0,0.0
2001-06-26 00:00:00+05:30,10.449999809265137,10.897500038146973,10.399999618530273,10.797499656677246,8.877238273620605,1544860,0.0,0.0
2001-06-27 00:00:00+05:30,10.725000381469727,10.850000381469727,10.649999618530273,10.675000190734863,8.776525497436523,1091260,0.0,0.0
2001-06-28 00:00:00+05:30,10.710000038146973,10.8100004196167,10.649999618530273,10.762499809265137,8.84846305847168,588060,0.0,0.0
2001-06-29 00:00:00+05:30,10.75,10.795000076293945,10.392499923706055,10.479999542236328,8.616206169128418,1528000,0.0,0.0
2001-07-02 00:00:00+05:30,10.699999809265137,10.725000381469727,10.600000381469727,10.632499694824219,8.741584777832031,373120,0.0,0.0
2001-07-03 00:00:00+05:30,10.595000267028809,10.699999809265137,10.327500343322754,10.357500076293945,8.515490531921387,14009280,0.0,0.0
2001-07-04 00:00:00+05:30,10.397500038146973,10.397500038146973,9.977499961853027,10.1274995803833,8.32639217376709,1048980,0.0,0.0
2001-07-05 00:00:00+05:30,10.25,10.274999618530273,10.100000381469727,10.1899995803833,8.377779006958008,806980,0.0,0.0
2001-07-06 00:00:00+05:30,10.104999542236328,10.289999961853027,10.104999542236328,10.199999809265137,8.386000633239746,282340,0.0,0.0
2001-07-09 00:00:00+05:30,10.050000190734863,10.300000190734863,10.0,10.237500190734863,8.416834831237793,215820,0.0,0.0
2001-07-10 00:00:00+05:30,10.350000381469727,10.449999809265137,10.154999732971191,10.399999618530273,8.550433158874512,426740,0.0,0.0
2001-07-11 00:00:00+05:30,10.449999809265137,10.600000381469727,10.449999809265137,10.550000190734863,8.67375659942627,510800,0.0,0.0
2001-07-12 00:00:00+05:30,10.5625,10.850000381469727,10.5024995803833,10.772500038146973,8.85668659210205,851240,0.0,0.0
2001-07-13 00:00:00+05:30,10.899999618530273,11.112500190734863,10.75,10.829999923706055,8.903959274291992,1248020,0.0,0.0
2001-07-16 00:00:00+05:30,10.899999618530273,11.137499809265137,10.899999618530273,10.949999809265137,9.002619743347168,4856080,0.0,0.0
2001-07-17 00:00:00+05:30,11.015000343322754,11.125,11.0024995803833,11.055000305175781,9.088945388793945,600100,0.0,0.0
2001-07-18 00:00:00+05:30,11.0024995803833,11.449999809265137,11.0024995803833,11.362500190734863,9.34175968170166,1407100,0.0,0.0
2001-07-19 00:00:00+05:30,11.199999809265137,11.345000267028809,11.100000381469727,11.217499732971191,9.222546577453613,1160260,0.0,0.0
2001-07-20 00:00:00+05:30,11.300000190734863,11.350000381469727,11.232500076293945,11.25,9.249265670776367,2313240,0.0,0.0
2001-07-23 00:00:00+05:30,11.194999694824219,11.194999694824219,10.907500267028809,10.957500457763672,9.008785247802734,20840,0.0,0.0
2001-07-24 00:00:00+05:30,10.890000343322754,11.395000457763672,10.7524995803833,11.345000267028809,9.327371597290039,1453360,0.0,0.0
2001-07-25 00:00:00+05:30,11.287500381469727,11.645000457763672,11.2524995803833,11.59000015258789,9.528800964355469,2523140,0.0,0.0
2001-07-26 00:00:00+05:30,11.225000381469727,11.595000267028809,11.225000381469727,11.467499732971191,9.428084373474121,4444020,0.0,0.0
2001-07-27 00:00:00+05:30,11.5,11.699999809265137,11.404999732971191,11.619999885559082,9.553465843200684,3262240,0.0,0.0
2001-07-30 00:00:00+05:30,11.46500015258789,11.672499656677246,11.46500015258789,11.614999771118164,9.549354553222656,1079980,0.0,0.0
2001-07-31 00:00:00+05:30,11.647500038146973,11.789999961853027,11.5649995803833,11.710000038146973,9.627456665039062,2563380,0.0,0.0
2001-08-01 00:00:00+05:30,11.875,11.875,11.5024995803833,11.817500114440918,9.715841293334961,1205100,0.0,0.0
2001-08-02 00:00:00+05:30,12.0,12.050000190734863,11.649999618530273,11.675000190734863,9.59868335723877,686440,0.0,0.0
2001-08-03 00:00:00+05:30,11.744999885559082,11.875,11.452500343322754,11.574999809265137,9.516467094421387,1782100,0.0,0.0
2001-08-06 00:00:00+05:30,11.404999732971191,11.737500190734863,11.399999618530273,11.692500114440918,9.613073348999023,691660,0.0,0.0
2001-08-07 00:00:00+05:30,11.552499771118164,11.6899995803833,11.52750015258789,11.600000381469727,9.53702163696289,449880,0.0,0.0
2001-08-08 00:00:00+05:30,11.354999542236328,11.822500228881836,11.354999542236328,11.755000114440918,9.664453506469727,1718500,0.0,0.0
2001-08-09 00:00:00+05:30,11.577500343322754,11.699999809265137,11.3100004196167,11.395000457763672,9.36847972869873,699140,0.0,0.0
2001-08-10 00:00:00+05:30,11.5600004196167,11.694999694824219,11.462499618530273,11.5,9.454806327819824,877120,0.0,0.0
2001-08-13 00:00:00+05:30,11.404999732971191,11.574999809265137,11.404999732971191,11.537500381469727,9.485634803771973,490940,0.0,0.0
2001-08-14 00:00:00+05:30,11.552499771118164,11.645000457763672,11.550000190734863,11.587499618530273,9.526745796203613,770800,0.0,0.0
2001-08-15 00:00:00+05:30,11.587499618530273,11.587499618530273,11.587499618530273,11.587499618530273,9.526745796203613,0,0.0,0.0
2001-08-16 00:00:00+05:30,11.595000267028809,11.672499656677246,11.595000267028809,11.649999618530273,9.57812786102295,732740,0.0,0.0
2001-08-17 00:00:00+05:30,11.744999885559082,12.047499656677246,11.744999885559082,11.96500015258789,9.837109565734863,2033300,0.0,0.0
2001-08-20 00:00:00+05:30,11.774999618530273,11.850000381469727,11.600000381469727,11.760000228881836,9.668566703796387,982040,0.0,0.0
2001-08-21 00:00:00+05:30,11.75,11.850000381469727,11.677499771118164,11.755000114440918,9.664453506469727,340760,0.0,0.0
2001-08-22 00:00:00+05:30,11.755000114440918,11.755000114440918,11.755000114440918,11.755000114440918,9.664453506469727,0,0.0,0.0
2001-08-23 00:00:00+05:30,11.699999809265137,11.774999618530273,11.5,11.755000114440918,9.664453506469727,427740,0.0,0.0
2001-08-24 00:00:00+05:30,11.75,11.8100004196167,11.654999732971191,11.792499542236328,9.69528579711914,3064240,0.0,0.0
2001-08-27 00:00:00+05:30,11.802499771118164,11.829999923706055,11.725000381469727,11.744999885559082,9.656233787536621,542820,0.0,0.0
2001-08-28 00:00:00+05:30,11.800000190734863,11.800000190734863,11.699999809265137,11.75,9.660343170166016,1659900,0.0,0.0
2001-08-29 00:00:00+05:30,11.71500015258789,11.797499656677246,11.6875,11.772500038146973,9.678842544555664,808240,0.0,0.0
2001-08-30 00:00:00+05:30,11.949999809265137,11.949999809265137,11.675000190734863,11.742500305175781,9.654178619384766,942860,0.0,0.0
2001-08-31 00:00:00+05:30,11.800000190734863,11.949999809265137,11.672499656677246,11.827500343322754,9.724063873291016,1073560,0.0,0.0
2001-09-03 00:00:00+05:30,11.899999618530273,11.899999618530273,11.550000190734863,11.7475004196167,9.658289909362793,659600,0.0,0.0
2001-09-04 00:00:00+05:30,11.795000076293945,11.944999694824219,11.557499885559082,11.602499961853027,9.539076805114746,1083860,0.0,0.0
2001-09-05 00:00:00+05:30,11.75,11.797499656677246,11.574999809265137,11.75,9.660343170166016,906280,0.0,0.0
2001-09-06 00:00:00+05:30,11.765000343322754,11.895000457763672,11.702500343322754,11.75,9.660343170166016,1743420,0.0,0.0
2001-09-07 00:00:00+05:30,11.550000190734863,11.899999618530273,11.550000190734863,11.604999542236328,9.541131973266602,745900,0.0,0.0
2001-09-10 00:00:00+05:30,11.8125,11.8125,11.550000190734863,11.65250015258789,9.580185890197754,342000,0.0,0.0
2001-09-11 00:00:00+05:30,11.602499961853027,11.787500381469727,11.602499961853027,11.727499961853027,9.641846656799316,1068920,0.0,0.0
2001-09-12 00:00:00+05:30,11.25,11.444999694824219,10.800000190734863,11.0024995803833,9.045782089233398,1437460,0.0,0.0
2001-09-13 00:00:00+05:30,11.102499961853027,11.289999961853027,10.800000190734863,10.977499961853027,9.025229454040527,1248600,0.0,0.0
2001-09-14 00:00:00+05:30,10.824999809265137,10.944999694824219,10.067500114440918,10.192500114440918,8.379837036132812,3186360,0.0,0.0
2001-09-17 00:00:00+05:30,10.25,10.25,9.204999923706055,9.640000343322754,7.925592422485352,3537620,0.0,0.0
2001-09-18 00:00:00+05:30,9.800000190734863,10.600000381469727,9.255000114440918,10.305000305175781,8.472325325012207,2921340,0.0,0.0
2001-09-19 00:00:00+05:30,10.3149995803833,10.8149995803833,9.912500381469727,10.672499656677246,8.774473190307617,3089160,0.0,0.0
2001-09-20 00:00:00+05:30,10.647500038146973,10.9350004196167,10.300000190734863,10.829999923706055,8.903959274291992,2047200,0.0,0.0
2001-09-21 00:00:00+05:30,10.412500381469727,10.699999809265137,10.199999809265137,10.640000343322754,8.74775218963623,1971620,0.0,0.0
2001-09-24 00:00:00+05:30,10.507499694824219,10.625,10.0,10.119999885559082,8.32022762298584,3667720,0.0,0.0
2001-09-25 00:00:00+05:30,10.300000190734863,10.949999809265137,10.25,10.417499542236328,8.564820289611816,1221580,0.0,0.0
2001-09-26 00:00:00+05:30,10.4350004196167,10.797499656677246,10.100000381469727,10.737500190734863,8.827909469604492,2511240,0.0,0.0
2001-09-27 00:00:00+05:30,10.75,10.875,10.3125,10.732500076293945,8.823800086975098,1609580,0.0,0.0
2001-09-28 00:00:00+05:30,10.625,10.949999809265137,10.625,10.854999542236328,8.924515724182129,878320,0.0,0.0
2001-10-01 00:00:00+05:30,10.824999809265137,10.885000228881836,10.425000190734863,10.487500190734863,8.622369766235352,2249960,0.0,0.0
2001-10-02 00:00:00+05:30,10.487500190734863,10.487500190734863,10.487500190734863,10.487500190734863,8.622369766235352,0,0.0,0.0
2001-10-03 00:00:00+05:30,10.5024995803833,10.800000190734863,10.454999923706055,10.542499542236328,8.667590141296387,1922620,0.0,0.0
2001-10-04 00:00:00+05:30,10.5625,10.675000190734863,10.517499923706055,10.604999542236328,8.718975067138672,2068620,0.0,0.0
2001-10-05 00:00:00+05:30,10.604999542236328,10.779999732971191,10.550000190734863,10.707500457763672,8.803247451782227,539080,0.0,0.0
2001-10-08 00:00:00+05:30,10.5,10.762499809265137,9.75,10.725000381469727,8.817632675170898,757420,0.0,0.0
2001-10-09 00:00:00+05:30,10.725000381469727,10.774999618530273,10.675000190734863,10.697500228881836,8.795025825500488,502920,0.0,0.0
2001-10-10 00:00:00+05:30,10.699999809265137,10.837499618530273,10.637499809265137,10.797499656677246,8.877238273620605,386440,0.0,0.0
2001-10-11 00:00:00+05:30,10.850000381469727,11.100000381469727,10.850000381469727,11.024999618530273,9.064279556274414,1329840,0.0,0.0
2001-10-12 00:00:00+05:30,11.25,11.75,11.25,11.662500381469727,9.588404655456543,3566680,0.0,0.0
2001-10-15 00:00:00+05:30,11.649999618530273,11.649999618530273,11.274999618530273,11.395000457763672,9.36847972869873,670000,0.0,0.0
2001-10-16 00:00:00+05:30,11.447500228881836,11.479999542236328,11.260000228881836,11.357500076293945,9.33764934539795,308380,0.0,0.0
2001-10-17 00:00:00+05:30,11.302499771118164,11.460000038146973,11.162500381469727,11.262499809265137,9.259544372558594,1353220,0.0,0.0
2001-10-18 00:00:00+05:30,11.107500076293945,11.397500038146973,11.100000381469727,11.212499618530273,9.218437194824219,1088420,0.0,0.0
2001-10-19 00:00:00+05:30,11.154999732971191,11.25,11.117500305175781,11.212499618530273,9.218437194824219,1163900,0.0,0.0
2001-10-22 00:00:00+05:30,11.5,11.899999618530273,11.057499885559082,11.15999984741211,9.175271034240723,2737060,0.0,0.0
2001-10-23 00:00:00+05:30,11.25,11.600000381469727,10.917499542236328,11.239999771118164,9.241044044494629,2728620,0.0,0.0
2001-10-24 00:00:00+05:30,11.260000228881836,11.364999771118164,11.227499961853027,11.262499809265137,9.259544372558594,1413860,0.0,0.0
2001-10-25 00:00:00+05:30,11.25,11.289999961853027,11.0024995803833,11.087499618530273,9.115663528442383,2305260,0.0,0.0
2001-10-26 00:00:00+05:30,11.087499618530273,11.087499618530273,11.087499618530273,11.087499618530273,9.115663528442383,0,0.0,0.0
2001-10-29 00:00:00+05:30,11.175000190734863,11.199999809265137,10.822500228881836,10.949999809265137,9.002619743347168,2554100,0.0,0.0
2001-10-30 00:00:00+05:30,10.805000305175781,10.947500228881836,10.805000305175781,10.899999618530273,8.961509704589844,1399180,0.0,0.0
2001-10-31 00:00:00+05:30,10.800000190734863,10.9375,10.800000190734863,10.885000228881836,8.949179649353027,1432860,0.0,0.0
2001-11-01 00:00:00+05:30,10.899999618530273,10.925000190734863,10.8149995803833,10.892499923706055,8.95534610748291,1946000,0.0,0.0
2001-11-02 00:00:00+05:30,11.0,11.170000076293945,10.925000190734863,11.107500076293945,9.132109642028809,1705360,0.0,0.0
2001-11-05 00:00:00+05:30,11.0,11.100000381469727,11.0,11.0625,9.095109939575195,1610020,0.0,0.0
2001-11-06 00:00:00+05:30,11.074999809265137,11.095000267028809,10.845000267028809,10.887499809265137,8.951236724853516,2626040,0.0,0.0
2001-11-07 00:00:00+05:30,11.569999694824219,11.569999694824219,10.862500190734863,10.97249984741211,9.0211181640625,1108720,0.0,0.0
2001-11-08 00:00:00+05:30,10.9375,10.949999809265137,10.760000228881836,10.914999961853027,8.973840713500977,1033600,0.0,0.0
2001-11-09 00:00:00+05:30,10.949999809265137,11.015000343322754,10.90250015258789,10.96500015258789,9.014952659606934,4583480,0.0,0.0
2001-11-12 00:00:00+05:30,10.925000190734863,11.0,10.897500038146973,10.982500076293945,9.029339790344238,1194860,0.0,0.0
2001-11-13 00:00:00+05:30,10.949999809265137,11.0,10.899999618530273,10.97249984741211,9.0211181640625,1726860,0.0,0.0
2001-11-14 00:00:00+05:30,11.045000076293945,11.225000381469727,11.005000114440918,11.079999923706055,9.109498023986816,327400,0.0,0.0
2001-11-15 00:00:00+05:30,11.199999809265137,11.199999809265137,10.949999809265137,11.03499984741211,9.072503089904785,2440280,0.0,0.0
2001-11-16 00:00:00+05:30,11.03499984741211,11.03499984741211,11.03499984741211,11.03499984741211,9.072503089904785,0,0.0,0.0
2001-11-19 00:00:00+05:30,11.25,11.25,11.0,11.104999542236328,9.130053520202637,4656060,0.0,0.0
2001-11-20 00:00:00+05:30,11.234999656677246,11.274999618530273,11.102499961853027,11.239999771118164,9.241044044494629,2147340,0.0,0.0
2001-11-21 00:00:00+05:30,11.199999809265137,11.350000381469727,11.199999809265137,11.232500076293945,9.234877586364746,2918400,0.0,0.0
2001-11-22 00:00:00+05:30,11.300000190734863,11.300000190734863,11.125,11.149999618530273,9.1670503616333,1762360,0.0,0.0
2001-11-23 00:00:00+05:30,11.199999809265137,11.28499984741211,11.140000343322754,11.257499694824219,9.255433082580566,1394020,0.0,0.0
2001-11-26 00:00:00+05:30,11.350000381469727,11.494999885559082,11.220000267028809,11.350000381469727,9.331482887268066,1291200,0.0,0.0
2001-11-27 00:00:00+05:30,11.302499771118164,11.487500190734863,11.149999618530273,11.40250015258789,9.374645233154297,4360600,0.0,0.0
2001-11-28 00:00:00+05:30,11.600000381469727,11.649999618530273,11.055000305175781,11.227499961853027,9.230767250061035,3639280,0.0,0.0
2001-11-29 00:00:00+05:30,11.4375,11.4375,10.8125,11.107500076293945,9.132109642028809,5564400,0.0,0.0
2001-11-30 00:00:00+05:30,11.107500076293945,11.107500076293945,11.107500076293945,11.107500076293945,9.132109642028809,0,0.0,0.0
2001-12-03 00:00:00+05:30,11.050000190734863,11.300000190734863,10.899999618530273,11.225000381469727,9.228713989257812,3650900,0.0,0.0
2001-12-04 00:00:00+05:30,11.100000381469727,11.25,11.052499771118164,11.172499656677246,9.185547828674316,909580,0.0,0.0
2001-12-05 00:00:00+05:30,11.350000381469727,11.350000381469727,11.0649995803833,11.140000343322754,9.158830642700195,1199980,0.0,0.0
2001-12-06 00:00:00+05:30,11.25,11.4350004196167,11.162500381469727,11.34749984741211,9.329426765441895,1613280,0.0,0.0
2001-12-07 00:00:00+05:30,11.399999618530273,11.800000190734863,11.327500343322754,11.707500457763672,9.625404357910156,3648480,0.0,0.0
2001-12-10 00:00:00+05:30,11.5,11.729999542236328,11.399999618530273,11.607500076293945,9.543187141418457,1756720,0.0,0.0
2001-12-11 00:00:00+05:30,11.5,11.5,11.055000305175781,11.239999771118164,9.241044044494629,3828080,0.0,0.0
2001-12-12 00:00:00+05:30,11.260000228881836,11.3774995803833,11.149999618530273,11.234999656677246,9.236932754516602,920900,0.0,0.0
2001-12-13 00:00:00+05:30,11.225000381469727,11.744999885559082,10.949999809265137,11.537500381469727,9.485634803771973,1730740,0.0,0.0
2001-12-14 00:00:00+05:30,11.399999618530273,11.399999618530273,11.125,11.239999771118164,9.241044044494629,943560,0.0,0.0
2001-12-17 00:00:00+05:30,11.239999771118164,11.239999771118164,11.239999771118164,11.239999771118164,9.241044044494629,0,0.0,0.0
2001-12-18 00:00:00+05:30,11.199999809265137,11.225000381469727,11.0,11.0625,9.095109939575195,2075980,0.0,0.0
2001-12-19 00:00:00+05:30,11.005000114440918,11.149999618530273,10.925000190734863,10.992500305175781,9.037561416625977,1836160,0.0,0.0
2001-12-20 00:00:00+05:30,10.975000381469727,11.242500305175781,10.824999809265137,11.1225004196167,9.144441604614258,1882220,0.0,0.0
2001-12-21 00:00:00+05:30,11.0,11.345000267028809,11.0,11.1875,9.197881698608398,1798880,0.0,0.0
2001-12-24 00:00:00+05:30,10.899999618530273,11.039999961853027,10.699999809265137,10.989999771118164,9.035504341125488,630940,0.0,0.0
2001-12-25 00:00:00+05:30,10.989999771118164,10.989999771118164,10.989999771118164,10.989999771118164,9.035504341125488,0,0.0,0.0
2001-12-26 00:00:00+05:30,10.954999923706055,11.149999618530273,10.954999923706055,11.02750015258789,9.066336631774902,1043060,0.0,0.0
2001-12-27 00:00:00+05:30,10.984999656677246,11.149999618530273,10.949999809265137,11.0625,9.095109939575195,896160,0.0,0.0
2001-12-28 00:00:00+05:30,11.045000076293945,11.087499618530273,10.904999732971191,11.045000076293945,9.08072566986084,1159420,0.0,0.0
2001-12-31 00:00:00+05:30,10.977499961853027,11.399999618530273,10.97249984741211,11.279999732971191,9.27392864227295,758960,0.0,0.0
2002-01-01 00:00:00+05:30,11.399999618530273,11.5,11.137499809265137,11.2524995803833,9.25131893157959,1172820,0.0,0.0
2002-01-02 00:00:00+05:30,11.199999809265137,11.287500381469727,11.149999618530273,11.25,9.249265670776367,1242180,0.0,0.0
2002-01-03 00:00:00+05:30,11.25,11.397500038146973,11.109999656677246,11.3125,9.300652503967285,991640,0.0,0.0
2002-01-04 00:00:00+05:30,11.25,11.399999618530273,11.175000190734863,11.197500228881836,9.20610237121582,426620,0.0,0.0
2002-01-07 00:00:00+05:30,11.199999809265137,11.317500114440918,11.077500343322754,11.197500228881836,9.20610237121582,1625460,0.0,0.0
2002-01-08 00:00:00+05:30,11.25,11.25,11.0024995803833,11.137499809265137,9.15677547454834,1178020,0.0,0.0
2002-01-09 00:00:00+05:30,11.074999809265137,11.25,11.074999809265137,11.217499732971191,9.222546577453613,867500,0.0,0.0
2002-01-10 00:00:00+05:30,11.25,11.324999809265137,11.100000381469727,11.27750015258789,9.27187442779541,1413380,0.0,0.0
2002-01-11 00:00:00+05:30,11.295000076293945,11.574999809265137,11.199999809265137,11.317500114440918,9.304760932922363,1643740,0.0,0.0
2002-01-14 00:00:00+05:30,11.324999809265137,11.850000381469727,11.324999809265137,11.6850004196167,9.606904983520508,2371160,0.0,0.0
2002-01-15 00:00:00+05:30,11.699999809265137,12.699999809265137,11.600000381469727,11.992500305175781,9.859716415405273,4415660,0.0,0.0
2002-01-16 00:00:00+05:30,12.399999618530273,12.449999809265137,11.449999809265137,11.545000076293945,9.491802215576172,1265000,0.0,0.0
2002-01-17 00:00:00+05:30,11.482500076293945,11.75,11.350000381469727,11.65250015258789,9.580185890197754,1276720,0.0,0.0
2002-01-18 00:00:00+05:30,11.675000190734863,11.944999694824219,11.675000190734863,11.864999771118164,9.754892349243164,1319680,0.0,0.0
2002-01-21 00:00:00+05:30,11.899999618530273,12.149999618530273,11.712499618530273,11.947500228881836,9.822721481323242,1092600,0.0,0.0
2002-01-22 00:00:00+05:30,11.947500228881836,12.100000381469727,11.850000381469727,12.03499984741211,9.894658088684082,1071080,0.0,0.0
2002-01-23 00:00:00+05:30,12.050000190734863,12.149999618530273,12.005000114440918,12.125,9.96865463256836,1063940,0.0,0.0
2002-01-24 00:00:00+05:30,12.125,12.1875,11.654999732971191,11.7475004196167,9.658289909362793,603300,0.0,0.0
2002-01-25 00:00:00+05:30,11.75,11.75,11.404999732971191,11.457500457763672,9.419864654541016,508720,0.0,0.0
2002-01-28 00:00:00+05:30,11.305000305175781,11.59749984741211,11.305000305175781,11.489999771118164,9.44658088684082,214960,0.0,0.0
2002-01-29 00:00:00+05:30,11.524999618530273,11.547499656677246,11.279999732971191,11.329999923706055,9.315040588378906,520920,0.0,0.0
2002-01-30 00:00:00+05:30,11.399999618530273,11.399999618530273,11.199999809265137,11.239999771118164,9.241044044494629,1131420,0.0,0.0
2002-01-31 00:00:00+05:30,11.210000038146973,11.350000381469727,11.005000114440918,11.234999656677246,9.236932754516602,931900,0.0,0.0
2002-02-01 00:00:00+05:30,11.300000190734863,11.300000190734863,11.182499885559082,11.239999771118164,9.241044044494629,273360,0.0,0.0
2002-02-04 00:00:00+05:30,11.300000190734863,11.395000457763672,11.199999809265137,11.257499694824219,9.255433082580566,804640,0.0,0.0
2002-02-05 00:00:00+05:30,11.199999809265137,11.34749984741211,11.0,11.135000228881836,9.154718399047852,4393500,0.0,0.0
2002-02-06 00:00:00+05:30,11.1274995803833,11.447500228881836,11.107500076293945,11.260000228881836,9.257488250732422,3419500,0.0,0.0
2002-02-07 00:00:00+05:30,11.255000114440918,11.600000381469727,11.220000267028809,11.332500457763672,9.317093849182129,1334580,0.0,0.0
2002-02-08 00:00:00+05:30,11.387499809265137,11.399999618530273,11.0,11.2524995803833,9.25131893157959,3249760,0.0,0.0
2002-02-11 00:00:00+05:30,11.34749984741211,11.5,11.302499771118164,11.4375,9.403420448303223,601460,0.0,0.0
2002-02-12 00:00:00+05:30,11.53499984741211,11.699999809265137,11.479999542236328,11.545000076293945,9.491802215576172,832740,0.0,0.0
2002-02-13 00:00:00+05:30,11.574999809265137,11.600000381469727,11.352499961853027,11.494999885559082,9.45069408416748,625480,0.0,0.0
2002-02-14 00:00:00+05:30,11.425000190734863,11.600000381469727,11.352499961853027,11.417499542236328,9.386978149414062,1080220,0.0,0.0
2002-02-15 00:00:00+05:30,11.5,11.850000381469727,11.449999809265137,11.677499771118164,9.600739479064941,3955800,0.0,0.0
2002-02-18 00:00:00+05:30,12.234999656677246,12.744999885559082,11.949999809265137,12.422499656677246,10.21324634552002,5976920,0.0,0.0
2002-02-19 00:00:00+05:30,12.425000190734863,12.489999771118164,11.75,11.760000228881836,9.668566703796387,1965560,0.0,0.0
2002-02-20 00:00:00+05:30,11.75,12.25,11.675000190734863,11.8149995803833,9.713784217834473,903980,0.0,0.0
2002-02-21 00:00:00+05:30,12.042499542236328,12.125,11.75,11.832500457763672,9.728174209594727,678580,0.0,0.0
2002-02-22 00:00:00+05:30,11.90250015258789,12.420000076293945,11.899999618530273,12.345000267028809,10.149529457092285,2392840,0.0,0.0
2002-02-25 00:00:00+05:30,12.75,12.75,12.0024995803833,12.1274995803833,9.970709800720215,1782640,0.0,0.0
2002-02-26 00:00:00+05:30,12.0600004196167,12.289999961853027,11.704999923706055,11.8100004196167,9.709673881530762,2153560,0.0,0.0
2002-02-27 00:00:00+05:30,11.800000190734863,12.047499656677246,11.654999732971191,11.845000267028809,9.738446235656738,1795920,0.0,0.0
2002-02-28 00:00:00+05:30,11.954999923706055,12.244999885559082,11.449999809265137,11.680000305175781,9.60279369354248,3415200,0.0,0.0
2002-03-01 00:00:00+05:30,11.600000381469727,11.949999809265137,11.550000190734863,11.824999809265137,9.722010612487793,1170380,0.0,0.0
2002-03-04 00:00:00+05:30,12.037500381469727,12.037500381469727,11.550000190734863,11.8100004196167,9.709673881530762,1161500,0.0,0.0
2002-03-05 00:00:00+05:30,11.704999923706055,11.994999885559082,11.704999923706055,11.852499961853027,9.744614601135254,3134060,0.0,0.0
2002-03-06 00:00:00+05:30,11.800000190734863,12.050000190734863,11.702500343322754,11.757499694824219,9.666510581970215,884800,0.0,0.0
2002-03-07 00:00:00+05:30,11.78499984741211,12.0,11.765000343322754,11.832500457763672,9.728174209594727,1319160,0.0,0.0
2002-03-08 00:00:00+05:30,11.867500305175781,11.925000190734863,11.5649995803833,11.72249984741211,9.637735366821289,2048540,0.0,0.0
2002-03-11 00:00:00+05:30,11.654999732971191,11.845000267028809,11.579999923706055,11.637499809265137,9.567851066589355,522280,0.0,0.0
2002-03-12 00:00:00+05:30,11.454999923706055,11.649999618530273,11.454999923706055,11.537500381469727,9.485634803771973,1536600,0.0,0.0
2002-03-13 00:00:00+05:30,11.462499618530273,11.75,11.460000038146973,11.737500190734863,9.650066375732422,1733100,0.0,0.0
2002-03-14 00:00:00+05:30,11.795000076293945,11.797499656677246,11.612500190734863,11.742500305175781,9.654178619384766,813900,0.0,0.0
2002-03-15 00:00:00+05:30,11.7475004196167,11.800000190734863,11.677499771118164,11.7475004196167,9.658289909362793,670860,0.0,0.0
2002-03-18 00:00:00+05:30,11.899999618530273,12.0,11.604999542236328,11.96500015258789,9.837109565734863,853880,0.0,0.0
2002-03-19 00:00:00+05:30,11.899999618530273,11.949999809265137,11.704999923706055,11.770000457763672,9.676790237426758,719420,0.0,0.0
2002-03-20 00:00:00+05:30,11.604999542236328,11.850000381469727,11.604999542236328,11.7524995803833,9.662398338317871,663080,0.0,0.0
2002-03-21 00:00:00+05:30,11.720000267028809,11.84000015258789,11.6274995803833,11.6899995803833,9.611015319824219,441440,0.0,0.0
2002-03-22 00:00:00+05:30,11.800000190734863,11.850000381469727,11.6225004196167,11.6899995803833,9.611015319824219,911140,0.0,0.0
2002-03-25 00:00:00+05:30,11.6899995803833,11.6899995803833,11.6899995803833,11.6899995803833,9.611015319824219,0,0.0,0.0
2002-03-26 00:00:00+05:30,11.630000114440918,11.692500114440918,11.470000267028809,11.517499923706055,9.469192504882812,680500,0.0,0.0
2002-03-27 00:00:00+05:30,11.427499771118164,12.069999694824219,11.427499771118164,11.925000190734863,9.80422306060791,856540,0.0,0.0
2002-03-28 00:00:00+05:30,11.854999542236328,11.949999809265137,11.774999618530273,11.829999923706055,9.726117134094238,1250060,0.0,0.0
2002-03-29 00:00:00+05:30,11.829999923706055,11.829999923706055,11.829999923706055,11.829999923706055,9.726117134094238,0,0.0,0.0
2002-04-01 00:00:00+05:30,12.074999809265137,12.074999809265137,11.512499809265137,11.682499885559082,9.60484790802002,1670180,0.0,0.0
2002-04-02 00:00:00+05:30,11.789999961853027,11.824999809265137,11.662500381469727,11.742500305175781,9.654178619384766,2246140,0.0,0.0
2002-04-03 00:00:00+05:30,11.65250015258789,11.694999694824219,11.220000267028809,11.422499656677246,9.391090393066406,2567140,0.0,0.0
2002-04-04 00:00:00+05:30,11.425000190734863,11.600000381469727,11.232500076293945,11.255000114440918,9.253376960754395,1318240,0.0,0.0
2002-04-05 00:00:00+05:30,11.9375,11.9375,11.207500457763672,11.242500305175781,9.243098258972168,1000840,0.0,0.0
2002-04-08 00:00:00+05:30,11.425000190734863,11.425000190734863,11.225000381469727,11.255000114440918,9.253376960754395,476560,0.0,0.0
2002-04-09 00:00:00+05:30,11.324999809265137,11.399999618530273,11.262499809265137,11.302499771118164,9.292428016662598,440460,0.0,0.0
2002-04-10 00:00:00+05:30,11.4375,11.5,11.237500190734863,11.34749984741211,9.329426765441895,322880,0.0,0.0
2002-04-11 00:00:00+05:30,11.3100004196167,11.324999809265137,11.140000343322754,11.197500228881836,9.20610237121582,4025880,0.0,0.0
2002-04-12 00:00:00+05:30,11.199999809265137,11.199999809265137,11.119999885559082,11.15999984741211,9.175271034240723,705700,0.0,0.0
2002-04-15 00:00:00+05:30,11.350000381469727,11.449999809265137,11.029999732971191,11.074999809265137,9.105386734008789,5630340,0.0,0.0
2002-04-16 00:00:00+05:30,11.25,11.5,11.005000114440918,11.197500228881836,9.20610237121582,1550400,0.0,0.0
2002-04-17 00:00:00+05:30,11.397500038146973,11.397500038146973,11.164999961853027,11.2524995803833,9.25131893157959,603000,0.0,0.0
2002-04-18 00:00:00+05:30,11.25,11.449999809265137,11.1850004196167,11.362500190734863,9.34175968170166,2039020,0.0,0.0
2002-04-19 00:00:00+05:30,11.489999771118164,11.600000381469727,11.210000038146973,11.322500228881836,9.30887222290039,1602080,0.0,0.0
2002-04-22 00:00:00+05:30,11.149999618530273,11.420000076293945,10.987500190734863,11.087499618530273,9.115663528442383,2846120,0.0,0.0
2002-04-23 00:00:00+05:30,11.199999809265137,11.449999809265137,11.175000190734863,11.237500190734863,9.238988876342773,1158980,0.0,0.0
2002-04-24 00:00:00+05:30,11.34000015258789,11.34000015258789,11.199999809265137,11.2475004196167,9.247212409973145,522200,0.0,0.0
2002-04-25 00:00:00+05:30,11.154999732971191,11.229999542236328,11.012499809265137,11.114999771118164,9.138275146484375,2529980,0.0,0.0
2002-04-26 00:00:00+05:30,11.197500228881836,11.25,11.107500076293945,11.212499618530273,9.218437194824219,1529600,0.0,0.0
2002-04-29 00:00:00+05:30,11.0600004196167,11.132499694824219,10.930000305175781,10.989999771118164,9.035504341125488,3295780,0.0,0.0
2002-04-30 00:00:00+05:30,11.050000190734863,11.050000190734863,10.925000190734863,10.979999542236328,9.027283668518066,1526820,0.0,0.0
2002-05-01 00:00:00+05:30,10.979999542236328,10.979999542236328,10.979999542236328,10.979999542236328,9.027283668518066,0,0.0,0.0
2002-05-02 00:00:00+05:30,11.022500038146973,11.050000190734863,10.829999923706055,10.914999961853027,8.973840713500977,2308220,0.0,0.0
2002-05-03 00:00:00+05:30,10.949999809265137,11.0,10.779999732971191,10.824999809265137,8.899848937988281,2618960,0.0,0.0
2002-05-06 00:00:00+05:30,10.850000381469727,10.907500267028809,10.824999809265137,10.885000228881836,8.949179649353027,1365900,0.0,0.0
2002-05-07 00:00:00+05:30,11.037500381469727,11.067500114440918,10.827500343322754,11.017499923706055,9.163344383239746,1314420,0.125,0.0
2002-05-08 00:00:00+05:30,11.100000381469727,11.104999542236328,10.949999809265137,11.057499885559082,9.196612358093262,1931320,0.0,0.0
2002-05-09 00:00:00+05:30,11.100000381469727,11.135000228881836,11.024999618530273,11.095000267028809,9.227802276611328,2277400,0.0,0.0
2002-05-10 00:00:00+05:30,11.012499809265137,11.147500038146973,11.0,11.092499732971191,9.225717544555664,1477560,0.0,0.0
2002-05-13 00:00:00+05:30,10.755000114440918,11.100000381469727,10.755000114440918,10.970000267028809,9.1238374710083,420860,0.0,0.0
2002-05-14 00:00:00+05:30,10.949999809265137,11.09749984741211,10.9399995803833,11.015000343322754,9.161264419555664,443740,0.0,0.0
2002-05-15 00:00:00+05:30,11.100000381469727,11.149999618530273,11.050000190734863,11.092499732971191,9.225717544555664,2110900,0.0,0.0
2002-05-16 00:00:00+05:30,10.5649995803833,11.125,10.5649995803833,10.827500343322754,9.005319595336914,3186000,0.0,0.0
2002-05-17 00:00:00+05:30,11.055000305175781,11.055000305175781,10.802499771118164,10.952500343322754,9.109282493591309,1839920,0.0,0.0
2002-05-20 00:00:00+05:30,10.02750015258789,10.925000190734863,10.02750015258789,10.845000267028809,9.019875526428223,543260,0.0,0.0
2002-05-21 00:00:00+05:30,10.600000381469727,11.5600004196167,10.600000381469727,11.180000305175781,9.298498153686523,1515420,0.0,0.0
2002-05-22 00:00:00+05:30,10.949999809265137,11.0,10.807499885559082,10.917499542236328,9.080171585083008,1433860,0.0,0.0
2002-05-23 00:00:00+05:30,10.75,10.944999694824219,10.657500267028809,10.710000038146973,8.90759563446045,951900,0.0,0.0
2002-05-24 00:00:00+05:30,10.800000190734863,10.975000381469727,10.729999542236328,10.899999618530273,9.065617561340332,1074580,0.0,0.0
2002-05-27 00:00:00+05:30,11.5,11.5,10.729999542236328,10.989999771118164,9.140470504760742,412560,0.0,0.0
2002-05-28 00:00:00+05:30,10.989999771118164,11.194999694824219,10.949999809265137,11.107500076293945,9.23819637298584,702640,0.0,0.0
2002-05-29 00:00:00+05:30,11.02750015258789,11.175000190734863,10.975000381469727,11.069999694824219,9.207005500793457,1811700,0.0,0.0
2002-05-30 00:00:00+05:30,10.949999809265137,11.25,10.9375,11.125,9.252753257751465,2789460,0.0,0.0
2002-05-31 00:00:00+05:30,11.149999618530273,11.612500190734863,11.074999809265137,11.470000267028809,9.539692878723145,3532340,0.0,0.0
2002-06-03 00:00:00+05:30,11.550000190734863,11.75,11.300000190734863,11.422499656677246,9.500184059143066,1048500,0.0,0.0
2002-06-04 00:00:00+05:30,11.300000190734863,11.572500228881836,11.0600004196167,11.242500305175781,9.35047721862793,762120,0.0,0.0
2002-06-05 00:00:00+05:30,11.2524995803833,11.2524995803833,10.907500267028809,11.170000076293945,9.290179252624512,2532200,0.0,0.0
2002-06-06 00:00:00+05:30,11.005000114440918,11.25,10.899999618530273,11.109999656677246,9.240276336669922,2702400,0.0,0.0
2002-06-07 00:00:00+05:30,11.149999618530273,11.149999618530273,10.8100004196167,10.857500076293945,9.03027057647705,2170700,0.0,0.0
2002-06-10 00:00:00+05:30,11.074999809265137,11.074999809265137,10.9350004196167,10.994999885559082,9.144630432128906,1282580,0.0,0.0
2002-06-11 00:00:00+05:30,11.25,11.300000190734863,10.932499885559082,11.032500267028809,9.175816535949707,736180,0.0,0.0
2002-06-12 00:00:00+05:30,11.140000343322754,11.140000343322754,10.932499885559082,10.994999885559082,9.144630432128906,1275600,0.0,0.0
2002-06-13 00:00:00+05:30,10.957500457763672,11.045000076293945,10.927499771118164,10.994999885559082,9.144630432128906,1633460,0.0,0.0
2002-06-14 00:00:00+05:30,11.0,11.037500381469727,10.949999809265137,10.992500305175781,9.14255142211914,790120,0.0,0.0
2002-06-17 00:00:00+05:30,11.0,11.0,10.930000305175781,10.949999809265137,9.107203483581543,2879060,0.0,0.0
2002-06-18 00:00:00+05:30,11.020000457763672,11.050000190734863,10.90250015258789,10.927499771118164,9.088491439819336,773200,0.0,0.0
2002-06-19 00:00:00+05:30,10.899999618530273,10.9975004196167,10.899999618530273,10.9350004196167,9.0947265625,665040,0.0,0.0
2002-06-20 00:00:00+05:30,10.949999809265137,11.087499618530273,10.817500114440918,10.920000076293945,9.082249641418457,927260,0.0,0.0
2002-06-21 00:00:00+05:30,10.927499771118164,11.085000038146973,10.850000381469727,10.975000381469727,9.127998352050781,444220,0.0,0.0
2002-06-24 00:00:00+05:30,10.899999618530273,10.899999618530273,10.680000305175781,10.729999542236328,8.92422866821289,2399900,0.0,0.0
2002-06-25 00:00:00+05:30,10.75,10.8725004196167,10.649999618530273,10.664999961853027,8.87016487121582,1391300,0.0,0.0
2002-06-26 00:00:00+05:30,10.75,10.75,10.675000190734863,10.717499732971191,8.913833618164062,273840,0.0,0.0
2002-06-27 00:00:00+05:30,10.702500343322754,10.75,10.289999961853027,10.327500343322754,8.589463233947754,2332000,0.0,0.0
2002-06-28 00:00:00+05:30,10.4975004196167,10.515000343322754,9.987500190734863,10.077500343322754,8.381539344787598,4055440,0.0,0.0
2002-07-01 00:00:00+05:30,10.0,10.670000076293945,10.0,10.59000015258789,8.807787895202637,3474940,0.0,0.0
2002-07-02 00:00:00+05:30,10.649999618530273,10.649999618530273,10.407500267028809,10.482500076293945,8.71838092803955,1822800,0.0,0.0
2002-07-03 00:00:00+05:30,10.5,10.5,10.399999618530273,10.492500305175781,8.72669792175293,764520,0.0,0.0
2002-07-04 00:00:00+05:30,10.515000343322754,10.922499656677246,10.417499542236328,10.867500305175781,9.038588523864746,2308800,0.0,0.0
2002-07-05 00:00:00+05:30,10.922499656677246,10.922499656677246,10.550000190734863,10.670000076293945,8.8743257522583,932760,0.0,0.0
2002-07-08 00:00:00+05:30,10.587499618530273,10.800000190734863,10.4399995803833,10.484999656677246,8.720458030700684,1326800,0.0,0.0
2002-07-09 00:00:00+05:30,10.614999771118164,10.675000190734863,10.399999618530273,10.484999656677246,8.720458030700684,1737160,0.0,0.0
2002-07-10 00:00:00+05:30,10.5,10.550000190734863,10.432499885559082,10.515000343322754,8.74541187286377,2564440,0.0,0.0
2002-07-11 00:00:00+05:30,10.550000190734863,10.550000190734863,10.425000190734863,10.507499694824219,8.739171981811523,982960,0.0,0.0
2002-07-12 00:00:00+05:30,10.550000190734863,10.550000190734863,10.452500343322754,10.4975004196167,8.730856895446777,369680,0.0,0.0
2002-07-15 00:00:00+05:30,10.475000381469727,10.547499656677246,10.460000038146973,10.5024995803833,8.735014915466309,677560,0.0,0.0
2002-07-16 00:00:00+05:30,10.510000228881836,10.600000381469727,10.327500343322754,10.53499984741211,8.762044906616211,1294360,0.0,0.0
2002-07-17 00:00:00+05:30,10.512499809265137,10.522500038146973,10.385000228881836,10.494999885559082,8.728775978088379,1509580,0.0,0.0
2002-07-18 00:00:00+05:30,10.632499694824219,10.680000305175781,10.460000038146973,10.53499984741211,8.762044906616211,733040,0.0,0.0
2002-07-19 00:00:00+05:30,10.462499618530273,10.7475004196167,10.449999809265137,10.707500457763672,8.90551471710205,1923400,0.0,0.0
2002-07-22 00:00:00+05:30,10.949999809265137,10.949999809265137,10.5625,10.742500305175781,8.934625625610352,4347660,0.0,0.0
2002-07-23 00:00:00+05:30,10.850000381469727,10.954999923706055,10.654999732971191,10.739999771118164,8.932546615600586,2244820,0.0,0.0
2002-07-24 00:00:00+05:30,10.772500038146973,10.772500038146973,10.449999809265137,10.552499771118164,8.776598930358887,809420,0.0,0.0
2002-07-25 00:00:00+05:30,10.649999618530273,10.649999618530273,10.515000343322754,10.637499809265137,8.847294807434082,687220,0.0,0.0
2002-07-26 00:00:00+05:30,10.595000267028809,10.697500228881836,10.46500015258789,10.550000190734863,8.774518966674805,1474280,0.0,0.0
2002-07-29 00:00:00+05:30,10.475000381469727,10.725000381469727,10.475000381469727,10.614999771118164,8.828580856323242,895580,0.0,0.0
2002-07-30 00:00:00+05:30,10.607500076293945,10.625,10.482500076293945,10.507499694824219,8.739171981811523,908780,0.0,0.0
2002-07-31 00:00:00+05:30,10.5,10.699999809265137,10.46500015258789,10.637499809265137,8.847294807434082,1134100,0.0,0.0
2002-08-01 00:00:00+05:30,10.697500228881836,10.699999809265137,10.375,10.542499542236328,8.76828384399414,1002460,0.0,0.0
2002-08-02 00:00:00+05:30,10.5,10.522500038146973,10.417499542236328,10.5,8.732935905456543,378480,0.0,0.0
2002-08-05 00:00:00+05:30,10.645000457763672,10.645000457763672,10.479999542236328,10.5,8.732935905456543,440740,0.0,0.0
2002-08-06 00:00:00+05:30,10.505000114440918,10.587499618530273,10.462499618530273,10.545000076293945,8.77036190032959,519100,0.0,0.0
2002-08-07 00:00:00+05:30,10.505000114440918,10.550000190734863,10.494999885559082,10.512499809265137,8.743329048156738,655880,0.0,0.0
2002-08-08 00:00:00+05:30,10.457500457763672,10.53499984741211,10.425000190734863,10.470000267028809,8.70798397064209,756240,0.0,0.0
2002-08-09 00:00:00+05:30,10.404999732971191,10.510000228881836,10.404999732971191,10.5,8.732935905456543,1541020,0.0,0.0
2002-08-12 00:00:00+05:30,10.4399995803833,10.524999618530273,10.4375,10.489999771118164,8.724615097045898,1008440,0.0,0.0
2002-08-13 00:00:00+05:30,10.5,10.75,10.452500343322754,10.574999809265137,8.795313835144043,640580,0.0,0.0
2002-08-14 00:00:00+05:30,10.505000114440918,10.637499809265137,10.367500305175781,10.414999961853027,8.662239074707031,469740,0.0,0.0
2002-08-15 00:00:00+05:30,10.414999961853027,10.414999961853027,10.414999961853027,10.414999961853027,8.662239074707031,0,0.0,0.0
2002-08-16 00:00:00+05:30,10.460000038146973,10.59000015258789,10.412500381469727,10.515000343322754,8.74541187286377,1365440,0.0,0.0
2002-08-19 00:00:00+05:30,10.524999618530273,10.59749984741211,10.475000381469727,10.550000190734863,8.774518966674805,986600,0.0,0.0
2002-08-20 00:00:00+05:30,10.600000381469727,10.600000381469727,10.487500190734863,10.577500343322754,8.797392845153809,771440,0.0,0.0
2002-08-21 00:00:00+05:30,10.5,10.524999618530273,10.404999732971191,10.470000267028809,8.70798397064209,2685200,0.0,0.0
2002-08-22 00:00:00+05:30,10.5,10.550000190734863,10.350000381469727,10.447500228881836,8.68927001953125,888860,0.0,0.0
2002-08-23 00:00:00+05:30,10.362500190734863,10.510000228881836,10.362500190734863,10.475000381469727,8.712142944335938,1141160,0.0,0.0
2002-08-26 00:00:00+05:30,10.5649995803833,10.5649995803833,10.399999618530273,10.520000457763672,8.7495698928833,634600,0.0,0.0
2002-08-27 00:00:00+05:30,10.524999618530273,10.524999618530273,10.449999809265137,10.492500305175781,8.72669792175293,339540,0.0,0.0
2002-08-28 00:00:00+05:30,10.449999809265137,10.569999694824219,10.4399995803833,10.492500305175781,8.72669792175293,383240,0.0,0.0
2002-08-29 00:00:00+05:30,10.462499618530273,10.5625,10.417499542236328,10.529999732971191,8.757885932922363,456320,0.0,0.0
2002-08-30 00:00:00+05:30,10.487500190734863,10.574999809265137,10.452500343322754,10.477499961853027,8.714221954345703,3397800,0.0,0.0
2002-09-02 00:00:00+05:30,10.545000076293945,10.550000190734863,10.482500076293945,10.494999885559082,8.728775978088379,360900,0.0,0.0
2002-09-03 00:00:00+05:30,10.539999961853027,10.550000190734863,10.449999809265137,10.5,8.732935905456543,391240,0.0,0.0
2002-09-04 00:00:00+05:30,10.507499694824219,10.670000076293945,10.449999809265137,10.642499923706055,8.85145378112793,660680,0.0,0.0
2002-09-05 00:00:00+05:30,10.600000381469727,10.697500228881836,10.512499809265137,10.595000267028809,8.811946868896484,715420,0.0,0.0
2002-09-06 00:00:00+05:30,10.600000381469727,10.609999656677246,10.515000343322754,10.532500267028809,8.759963035583496,448780,0.0,0.0
2002-09-09 00:00:00+05:30,10.5,10.550000190734863,10.4399995803833,10.5024995803833,8.735014915466309,385540,0.0,0.0
2002-09-10 00:00:00+05:30,10.5024995803833,10.5024995803833,10.5024995803833,10.5024995803833,8.735014915466309,0,0.0,0.0
2002-09-11 00:00:00+05:30,10.5,10.645000457763672,10.475000381469727,10.630000114440918,8.841056823730469,654400,0.0,0.0
2002-09-12 00:00:00+05:30,10.600000381469727,10.729999542236328,10.524999618530273,10.670000076293945,8.8743257522583,582160,0.0,0.0
2002-09-13 00:00:00+05:30,10.537500381469727,10.760000228881836,10.537500381469727,10.737500190734863,8.930464744567871,809700,0.0,0.0
2002-09-16 00:00:00+05:30,10.640000343322754,10.850000381469727,10.640000343322754,10.795000076293945,8.978287696838379,582480,0.0,0.0
2002-09-17 00:00:00+05:30,10.710000038146973,11.1875,10.710000038146973,11.132499694824219,9.258989334106445,1302240,0.0,0.0
2002-09-18 00:00:00+05:30,11.052499771118164,11.300000190734863,11.0,11.242500305175781,9.35047721862793,2207640,0.0,0.0
2002-09-19 00:00:00+05:30,11.234999656677246,11.234999656677246,11.0,11.005000114440918,9.152947425842285,739900,0.0,0.0
2002-09-20 00:00:00+05:30,11.0,11.09749984741211,10.899999618530273,11.005000114440918,9.152947425842285,343960,0.0,0.0
2002-09-23 00:00:00+05:30,11.0,11.050000190734863,10.954999923706055,10.994999885559082,9.144630432128906,1924880,0.0,0.0
2002-09-24 00:00:00+05:30,10.932499885559082,10.932499885559082,10.717499732971191,10.837499618530273,9.013636589050293,969340,0.0,0.0
2002-09-25 00:00:00+05:30,10.84749984741211,10.84749984741211,10.484999656677246,10.494999885559082,8.728775978088379,1122520,0.0,0.0
2002-09-26 00:00:00+05:30,10.5,10.632499694824219,10.417499542236328,10.475000381469727,8.712142944335938,308360,0.0,0.0
2002-09-27 00:00:00+05:30,10.449999809265137,11.25,10.449999809265137,11.039999961853027,9.182056427001953,2963820,0.0,0.0
2002-09-30 00:00:00+05:30,10.850000381469727,11.050000190734863,10.555000305175781,10.930000305175781,9.090570449829102,1305560,0.0,0.0
2002-10-01 00:00:00+05:30,10.805000305175781,10.850000381469727,10.552499771118164,10.582500457763672,8.801549911499023,916060,0.0,0.0
2002-10-02 00:00:00+05:30,10.582500457763672,10.582500457763672,10.582500457763672,10.582500457763672,8.801549911499023,0,0.0,0.0
2002-10-03 00:00:00+05:30,10.649999618530273,10.649999618530273,10.399999618530273,10.487500190734863,8.722540855407715,2904300,0.0,0.0
2002-10-04 00:00:00+05:30,10.477499961853027,10.574999809265137,10.375,10.505000114440918,8.73709487915039,1492760,0.0,0.0
2002-10-07 00:00:00+05:30,10.475000381469727,10.547499656677246,10.399999618530273,10.454999923706055,8.695508003234863,1640080,0.0,0.0
2002-10-08 00:00:00+05:30,10.407500267028809,10.537500381469727,10.40250015258789,10.454999923706055,8.695508003234863,1448260,0.0,0.0
2002-10-09 00:00:00+05:30,10.449999809265137,10.494999885559082,10.3774995803833,10.412500381469727,8.660158157348633,2446400,0.0,0.0
2002-10-10 00:00:00+05:30,10.425000190734863,10.425000190734863,10.25,10.317500114440918,8.581148147583008,1662500,0.0,0.0
2002-10-11 00:00:00+05:30,10.399999618530273,10.425000190734863,10.319999694824219,10.335000038146973,8.595704078674316,845400,0.0,0.0
2002-10-14 00:00:00+05:30,10.350000381469727,10.46500015258789,10.350000381469727,10.397500038146973,8.647684097290039,1276820,0.0,0.0
2002-10-15 00:00:00+05:30,10.397500038146973,10.397500038146973,10.397500038146973,10.397500038146973,8.647684097290039,0,0.0,0.0
2002-10-16 00:00:00+05:30,10.447500228881836,10.447500228881836,10.175000190734863,10.21500015258789,8.49590015411377,1653160,0.0,0.0
2002-10-17 00:00:00+05:30,10.25,10.350000381469727,9.949999809265137,9.982500076293945,8.30252456665039,3876920,0.0,0.0
2002-10-18 00:00:00+05:30,10.137499809265137,10.137499809265137,9.699999809265137,9.805000305175781,8.154895782470703,3465860,0.0,0.0
2002-10-21 00:00:00+05:30,10.0,10.0,9.800000190734863,9.869999885559082,8.20895767211914,3028740,0.0,0.0
2002-10-22 00:00:00+05:30,10.050000190734863,10.050000190734863,9.774999618530273,9.822500228881836,8.169454574584961,1712000,0.0,0.0
2002-10-23 00:00:00+05:30,9.9399995803833,9.949999809265137,9.725000381469727,9.760000228881836,8.117473602294922,1093480,0.0,0.0
2002-10-24 00:00:00+05:30,9.737500190734863,9.819999694824219,9.664999961853027,9.699999809265137,8.067567825317383,4671040,0.0,0.0
2002-10-25 00:00:00+05:30,9.649999618530273,9.800000190734863,9.550000190734863,9.619999885559082,8.001030921936035,2154560,0.0,0.0
2002-10-28 00:00:00+05:30,9.640000343322754,9.800000190734863,9.640000343322754,9.6850004196167,8.055091857910156,2761800,0.0,0.0
2002-10-29 00:00:00+05:30,9.649999618530273,9.850000381469727,9.649999618530273,9.742500305175781,8.10291862487793,1118880,0.0,0.0
2002-10-30 00:00:00+05:30,9.65250015258789,9.792499542236328,9.300000190734863,9.452500343322754,7.861721038818359,2806140,0.0,0.0
2002-10-31 00:00:00+05:30,9.477499961853027,9.614999771118164,9.427499771118164,9.494999885559082,7.897068977355957,1919800,0.0,0.0
2002-11-01 00:00:00+05:30,9.449999809265137,9.710000038146973,9.399999618530273,9.492500305175781,7.894989490509033,3923740,0.0,0.0
2002-11-04 00:00:00+05:30,9.600000381469727,9.694999694824219,9.550000190734863,9.609999656677246,7.9927167892456055,278200,0.0,0.0
2002-11-05 00:00:00+05:30,9.647500038146973,9.75,9.5625,9.737500190734863,8.098759651184082,406400,0.0,0.0
2002-11-06 00:00:00+05:30,9.737500190734863,9.737500190734863,9.737500190734863,9.737500190734863,8.098759651184082,0,0.0,0.0
2002-11-07 00:00:00+05:30,9.7524995803833,9.800000190734863,9.645000457763672,9.744999885559082,8.104996681213379,710840,0.0,0.0
2002-11-08 00:00:00+05:30,9.774999618530273,9.805000305175781,9.710000038146973,9.755000114440918,8.113313674926758,981500,0.0,0.0
2002-11-11 00:00:00+05:30,9.739999771118164,9.8100004196167,9.739999771118164,9.795000076293945,8.146581649780273,578400,0.0,0.0
2002-11-12 00:00:00+05:30,9.869999885559082,9.949999809265137,9.755000114440918,9.907500267028809,8.240148544311523,392860,0.0,0.0
2002-11-13 00:00:00+05:30,9.5,9.920000076293945,9.5,9.6875,8.057171821594238,2444760,0.0,0.0
2002-11-14 00:00:00+05:30,9.65250015258789,9.7475004196167,9.454999923706055,9.637499809265137,8.01558780670166,2650600,0.0,0.0
2002-11-15 00:00:00+05:30,9.630000114440918,9.65250015258789,9.574999809265137,9.637499809265137,8.01558780670166,3740460,0.0,0.0
2002-11-18 00:00:00+05:30,9.614999771118164,9.739999771118164,9.612500190734863,9.6875,8.057171821594238,1384980,0.0,0.0
2002-11-19 00:00:00+05:30,9.6875,9.6875,9.6875,9.6875,8.057171821594238,0,0.0,0.0
2002-11-20 00:00:00+05:30,9.699999809265137,9.75,9.600000381469727,9.725000381469727,8.088361740112305,1002000,0.0,0.0
2002-11-21 00:00:00+05:30,9.704999923706055,9.704999923706055,9.625,9.675000190734863,8.04677677154541,1559760,0.0,0.0
2002-11-22 00:00:00+05:30,9.75,9.819999694824219,9.65250015258789,9.774999618530273,8.1299467086792,2031720,0.0,0.0
2002-11-25 00:00:00+05:30,9.797499656677246,10.0024995803833,9.727499961853027,9.772500038146973,8.127867698669434,9773080,0.0,0.0
2002-11-26 00:00:00+05:30,9.869999885559082,9.869999885559082,9.75,9.787500381469727,8.140344619750977,1368120,0.0,0.0
2002-11-27 00:00:00+05:30,9.800000190734863,9.875,9.699999809265137,9.787500381469727,8.140344619750977,2561620,0.0,0.0
2002-11-28 00:00:00+05:30,9.824999809265137,9.824999809265137,9.737500190734863,9.770000457763672,8.125789642333984,2292460,0.0,0.0
2002-11-29 00:00:00+05:30,9.800000190734863,9.824999809265137,9.742500305175781,9.7524995803833,8.111230850219727,2461260,0.0,0.0
2002-12-02 00:00:00+05:30,9.795000076293945,9.795000076293945,9.704999923706055,9.744999885559082,8.104996681213379,1472660,0.0,0.0
2002-12-03 00:00:00+05:30,9.760000228881836,9.774999618530273,9.699999809265137,9.755000114440918,8.113313674926758,2160520,0.0,0.0
2002-12-04 00:00:00+05:30,9.670000076293945,9.949999809265137,9.670000076293945,9.789999961853027,8.142424583435059,3021760,0.0,0.0
2002-12-05 00:00:00+05:30,9.84000015258789,9.944999694824219,9.729999542236328,9.892499923706055,8.22767162322998,947180,0.0,0.0
2002-12-06 00:00:00+05:30,10.0,10.039999961853027,9.774999618530273,9.914999961853027,8.246386528015137,1169420,0.0,0.0
2002-12-09 00:00:00+05:30,9.512499809265137,10.0,9.512499809265137,9.8149995803833,8.163212776184082,2020980,0.0,0.0
2002-12-10 00:00:00+05:30,9.755000114440918,9.762499809265137,9.399999618530273,9.5,7.9012274742126465,2827780,0.0,0.0
2002-12-11 00:00:00+05:30,9.512499809265137,9.592499732971191,9.364999771118164,9.399999618530273,7.818056106567383,1693040,0.0,0.0
2002-12-12 00:00:00+05:30,9.5,9.875,9.460000038146973,9.702500343322754,8.069648742675781,6232560,0.0,0.0
2002-12-13 00:00:00+05:30,9.850000381469727,10.239999771118164,9.850000381469727,10.142499923706055,8.43559741973877,10052460,0.0,0.0
2002-12-16 00:00:00+05:30,10.25,10.77750015258789,10.25,10.475000381469727,8.712142944335938,6908740,0.0,0.0
2002-12-17 00:00:00+05:30,10.550000190734863,10.795000076293945,10.2524995803833,10.7524995803833,8.942940711975098,4459120,0.0,0.0
2002-12-18 00:00:00+05:30,10.800000190734863,10.994999885559082,10.617500305175781,10.892499923706055,9.059380531311035,5349660,0.0,0.0
2002-12-19 00:00:00+05:30,10.75,10.944999694824219,10.640000343322754,10.90250015258789,9.067696571350098,3947540,0.0,0.0
2002-12-20 00:00:00+05:30,10.9375,11.100000381469727,10.862500190734863,11.022500038146973,9.16750431060791,3039760,0.0,0.0
2002-12-23 00:00:00+05:30,11.037500381469727,11.149999618530273,10.899999618530273,10.987500190734863,9.138394355773926,1749260,0.0,0.0
2002-12-24 00:00:00+05:30,10.96500015258789,11.037500381469727,10.899999618530273,10.922499656677246,9.084330558776855,1669100,0.0,0.0
2002-12-25 00:00:00+05:30,10.922499656677246,10.922499656677246,10.922499656677246,10.922499656677246,9.084330558776855,0,0.0,0.0
2002-12-26 00:00:00+05:30,10.975000381469727,10.987500190734863,10.899999618530273,10.899999618530273,9.065617561340332,679920,0.0,0.0
2002-12-27 00:00:00+05:30,10.864999771118164,10.975000381469727,10.864999771118164,10.927499771118164,9.088491439819336,4155340,0.0,0.0
2002-12-30 00:00:00+05:30,10.864999771118164,10.897500038146973,10.654999732971191,10.710000038146973,8.90759563446045,676540,0.0,0.0
2002-12-31 00:00:00+05:30,10.654999732971191,10.994999885559082,10.550000190734863,10.802499771118164,8.984524726867676,2600700,0.0,0.0
2003-01-01 00:00:00+05:30,10.994999885559082,10.994999885559082,10.75,10.779999732971191,8.96580982208252,375040,0.0,0.0
2003-01-02 00:00:00+05:30,10.850000381469727,10.949999809265137,10.744999885559082,10.917499542236328,9.080171585083008,630780,0.0,0.0
2003-01-03 00:00:00+05:30,10.77750015258789,10.925000190734863,10.75,10.772500038146973,8.959576606750488,684220,0.0,0.0
2003-01-06 00:00:00+05:30,10.770000457763672,10.800000190734863,10.704999923706055,10.742500305175781,8.934625625610352,1818180,0.0,0.0
2003-01-07 00:00:00+05:30,10.75,10.899999618530273,10.727499961853027,10.882499694824219,9.051065444946289,1778020,0.0,0.0
2003-01-08 00:00:00+05:30,10.817500114440918,10.850000381469727,10.725000381469727,10.7475004196167,8.93878173828125,2430880,0.0,0.0
2003-01-09 00:00:00+05:30,10.699999809265137,10.765000343322754,10.574999809265137,10.697500228881836,8.897197723388672,3047720,0.0,0.0
2003-01-10 00:00:00+05:30,10.602499961853027,10.869999885559082,10.494999885559082,10.744999885559082,8.9367036819458,2843860,0.0,0.0
2003-01-13 00:00:00+05:30,10.787500381469727,10.970000267028809,10.77750015258789,10.859999656677246,9.032350540161133,1192260,0.0,0.0
2003-01-14 00:00:00+05:30,10.922499656677246,10.925000190734863,10.807499885559082,10.90250015258789,9.067696571350098,1159940,0.0,0.0
2003-01-15 00:00:00+05:30,10.970000267028809,11.172499656677246,10.802499771118164,10.8725004196167,9.042747497558594,2711680,0.0,0.0
2003-01-16 00:00:00+05:30,10.994999885559082,10.994999885559082,10.880000114440918,10.954999923706055,9.11136245727539,1312660,0.0,0.0
2003-01-17 00:00:00+05:30,11.0,11.800000190734863,10.975000381469727,11.1850004196167,9.302655220031738,3602720,0.0,0.0
2003-01-20 00:00:00+05:30,11.199999809265137,11.274999618530273,11.100000381469727,11.194999694824219,9.310973167419434,1939740,0.0,0.0
2003-01-21 00:00:00+05:30,11.225000381469727,11.399999618530273,11.145000457763672,11.3125,9.408697128295898,2055380,0.0,0.0
2003-01-22 00:00:00+05:30,11.350000381469727,12.095000267028809,11.350000381469727,12.007499694824219,9.986733436584473,7874740,0.0,0.0
2003-01-23 00:00:00+05:30,12.100000381469727,12.172499656677246,11.734999656677246,11.8149995803833,9.826630592346191,2941380,0.0,0.0
2003-01-24 00:00:00+05:30,11.850000381469727,11.994999885559082,11.704999923706055,11.875,9.876532554626465,3036020,0.0,0.0
2003-01-27 00:00:00+05:30,11.899999618530273,11.975000381469727,11.75,11.90250015258789,9.899406433105469,3261600,0.0,0.0
2003-01-28 00:00:00+05:30,11.899999618530273,11.994999885559082,11.050000190734863,11.602499961853027,9.649894714355469,3831140,0.0,0.0
2003-01-29 00:00:00+05:30,11.994999885559082,11.994999885559082,11.350000381469727,11.470000267028809,9.539692878723145,638580,0.0,0.0
2003-01-30 00:00:00+05:30,11.404999732971191,11.587499618530273,11.199999809265137,11.34749984741211,9.4378080368042,1218720,0.0,0.0
2003-01-31 00:00:00+05:30,11.449999809265137,11.949999809265137,11.324999809265137,11.854999542236328,9.859898567199707,4006240,0.0,0.0
2003-02-03 00:00:00+05:30,11.100000381469727,12.149999618530273,11.100000381469727,11.912500381469727,9.907721519470215,2934160,0.0,0.0
2003-02-04 00:00:00+05:30,11.9975004196167,12.22249984741211,11.925000190734863,12.005000114440918,9.984654426574707,4516020,0.0,0.0
2003-02-05 00:00:00+05:30,12.0600004196167,12.0625,11.942500114440918,12.005000114440918,9.984654426574707,1288180,0.0,0.0
2003-02-06 00:00:00+05:30,12.0,12.157500267028809,12.0,12.119999885559082,10.080300331115723,1585200,0.0,0.0
2003-02-07 00:00:00+05:30,12.149999618530273,12.517499923706055,12.074999809265137,12.34000015258789,10.263278007507324,5913580,0.0,0.0
2003-02-10 00:00:00+05:30,12.295000076293945,12.350000381469727,12.125,12.317500114440918,10.2445650100708,1564820,0.0,0.0
2003-02-11 00:00:00+05:30,12.237500190734863,12.449999809265137,12.237500190734863,12.279999732971191,10.21337604522705,2992760,0.0,0.0
2003-02-12 00:00:00+05:30,12.357500076293945,12.5,12.055000305175781,12.4350004196167,10.342293739318848,5571260,0.0,0.0
2003-02-13 00:00:00+05:30,12.4350004196167,12.4350004196167,12.4350004196167,12.4350004196167,10.342293739318848,0,0.0,0.0
2003-02-14 00:00:00+05:30,12.475000381469727,12.619999885559082,12.324999809265137,12.412500381469727,10.323578834533691,3871740,0.0,0.0
2003-02-17 00:00:00+05:30,12.352499961853027,12.475000381469727,12.3149995803833,12.412500381469727,10.323578834533691,862300,0.0,0.0
2003-02-18 00:00:00+05:30,12.375,12.5,12.25,12.307499885559082,10.236248016357422,1225860,0.0,0.0
2003-02-19 00:00:00+05:30,12.505000114440918,12.649999618530273,12.350000381469727,12.587499618530273,10.46912670135498,6824380,0.0,0.0
2003-02-20 00:00:00+05:30,12.75,12.800000190734863,12.457500457763672,12.517499923706055,10.410905838012695,2349100,0.0,0.0
2003-02-21 00:00:00+05:30,12.59749984741211,12.600000381469727,12.255000114440918,12.510000228881836,10.404669761657715,2024240,0.0,0.0
2003-02-24 00:00:00+05:30,12.352499961853027,12.5,12.300000190734863,12.380000114440918,10.296545028686523,856520,0.0,0.0
2003-02-25 00:00:00+05:30,12.359999656677246,12.375,12.2524995803833,12.274999618530273,10.209217071533203,444720,0.0,0.0
2003-02-26 00:00:00+05:30,12.324999809265137,12.5,12.25,12.430000305175781,10.338133811950684,1612920,0.0,0.0
2003-02-27 00:00:00+05:30,12.425000190734863,12.5,12.307499885559082,12.417499542236328,10.327736854553223,1383560,0.0,0.0
2003-02-28 00:00:00+05:30,12.414999961853027,12.6850004196167,12.212499618530273,12.492500305175781,10.39011287689209,4255720,0.0,0.0
2003-03-03 00:00:00+05:30,12.5024995803833,12.612500190734863,12.02750015258789,12.142499923706055,10.099014282226562,723300,0.0,0.0
2003-03-04 00:00:00+05:30,12.102499961853027,12.300000190734863,12.0,12.145000457763672,10.101096153259277,1123280,0.0,0.0
2003-03-05 00:00:00+05:30,12.137499809265137,12.25,12.017499923706055,12.057499885559082,10.028318405151367,1420140,0.0,0.0
2003-03-06 00:00:00+05:30,12.149999618530273,12.149999618530273,12.005000114440918,12.045000076293945,10.017925262451172,1268480,0.0,0.0
2003-03-07 00:00:00+05:30,12.005000114440918,12.005000114440918,11.850000381469727,11.899999618530273,9.897324562072754,3125820,0.0,0.0
2003-03-10 00:00:00+05:30,11.90999984741211,12.300000190734863,11.90999984741211,12.010000228881836,9.988813400268555,1014340,0.0,0.0
2003-03-11 00:00:00+05:30,11.864999771118164,12.295000076293945,11.742500305175781,11.920000076293945,9.913959503173828,679080,0.0,0.0
2003-03-12 00:00:00+05:30,11.90999984741211,11.949999809265137,11.850000381469727,11.907500267028809,9.903565406799316,629780,0.0,0.0
2003-03-13 00:00:00+05:30,12.0,12.074999809265137,11.949999809265137,11.962499618530273,9.949309349060059,2849940,0.0,0.0
2003-03-14 00:00:00+05:30,11.962499618530273,11.962499618530273,11.962499618530273,11.962499618530273,9.949309349060059,0,0.0,0.0
2003-03-17 00:00:00+05:30,11.930000305175781,12.010000228881836,11.912500381469727,11.97249984741211,9.957626342773438,4938500,0.0,0.0
2003-03-18 00:00:00+05:30,11.97249984741211,11.97249984741211,11.97249984741211,11.97249984741211,9.957626342773438,0,0.0,0.0
2003-03-19 00:00:00+05:30,11.949999809265137,12.149999618530273,11.824999809265137,12.039999961853027,10.013765335083008,3064400,0.0,0.0
2003-03-20 00:00:00+05:30,12.147500038146973,12.300000190734863,11.890000343322754,12.2475004196167,10.186344146728516,1617840,0.0,0.0
2003-03-21 00:00:00+05:30,12.100000381469727,12.475000381469727,11.899999618530273,12.125,10.084458351135254,1373280,0.0,0.0
2003-03-24 00:00:00+05:30,12.4399995803833,12.4399995803833,11.699999809265137,11.795000076293945,9.809996604919434,1950760,0.0,0.0
2003-03-25 00:00:00+05:30,11.699999809265137,11.84000015258789,11.5,11.645000457763672,9.685239791870117,563400,0.0,0.0
2003-03-26 00:00:00+05:30,11.699999809265137,11.949999809265137,10.25,11.890000343322754,9.889008522033691,919260,0.0,0.0
2003-03-27 00:00:00+05:30,11.8774995803833,11.899999618530273,10.819999694824219,11.364999771118164,9.452361106872559,1610080,0.0,0.0
2003-03-28 00:00:00+05:30,11.444999694824219,11.84000015258789,11.350000381469727,11.8125,9.82455062866211,1088660,0.0,0.0
2003-03-31 00:00:00+05:30,11.699999809265137,11.967499732971191,11.604999542236328,11.727499961853027,9.75385856628418,1960300,0.0,0.0
2003-04-01 00:00:00+05:30,11.65250015258789,11.787500381469727,11.550000190734863,11.71500015258789,9.743460655212402,862160,0.0,0.0
2003-04-02 00:00:00+05:30,11.774999618530273,11.850000381469727,11.550000190734863,11.657500267028809,9.695639610290527,2324220,0.0,0.0
2003-04-03 00:00:00+05:30,11.649999618530273,11.869999885559082,11.647500038146973,11.827500343322754,9.837027549743652,643660,0.0,0.0
2003-04-04 00:00:00+05:30,11.75,12.100000381469727,11.6875,11.967499732971191,9.95346736907959,1300180,0.0,0.0
2003-04-07 00:00:00+05:30,12.050000190734863,12.487500190734863,12.050000190734863,12.300000190734863,10.230008125305176,2123840,0.0,0.0
2003-04-08 00:00:00+05:30,12.395000457763672,12.395000457763672,11.899999618530273,11.982500076293945,9.965938568115234,2402460,0.0,0.0
2003-04-09 00:00:00+05:30,12.0,12.0,11.617500305175781,11.729999542236328,9.755932807922363,1230780,0.0,0.0
2003-04-10 00:00:00+05:30,11.550000190734863,12.5,11.550000190734863,11.779999732971191,9.797520637512207,3146240,0.0,0.0
2003-04-11 00:00:00+05:30,12.050000190734863,12.244999885559082,11.75,11.982500076293945,9.965938568115234,2145240,0.0,0.0
2003-04-14 00:00:00+05:30,11.982500076293945,11.982500076293945,11.982500076293945,11.982500076293945,9.965938568115234,0,0.0,0.0
2003-04-15 00:00:00+05:30,12.25,12.25,11.904999732971191,12.052499771118164,10.024158477783203,2716280,0.0,0.0
2003-04-16 00:00:00+05:30,12.212499618530273,12.324999809265137,12.1274995803833,12.182499885559082,10.132284164428711,8569120,0.0,0.0
2003-04-17 00:00:00+05:30,12.199999809265137,12.444999694824219,12.149999618530273,12.354999542236328,10.275753021240234,7398480,0.0,0.0
2003-04-18 00:00:00+05:30,12.354999542236328,12.354999542236328,12.354999542236328,12.354999542236328,10.275753021240234,0,0.0,0.0
2003-04-21 00:00:00+05:30,12.300000190734863,12.350000381469727,12.199999809265137,12.255000114440918,10.192582130432129,1416860,0.0,0.0
2003-04-22 00:00:00+05:30,12.137499809265137,12.25,12.112500190734863,12.199999809265137,10.146839141845703,2390020,0.0,0.0
2003-04-23 00:00:00+05:30,12.212499618530273,12.212499618530273,11.800000190734863,11.854999542236328,9.859898567199707,3071300,0.0,0.0
2003-04-24 00:00:00+05:30,11.875,12.149999618530273,11.800000190734863,11.987500190734863,9.970101356506348,3080040,0.0,0.0
2003-04-25 00:00:00+05:30,11.899999618530273,12.274999618530273,11.8774995803833,12.225000381469727,10.167632102966309,2065040,0.0,0.0
2003-04-28 00:00:00+05:30,12.300000190734863,12.300000190734863,12.104999542236328,12.197500228881836,10.144759178161621,815920,0.0,0.0
2003-04-29 00:00:00+05:30,12.2475004196167,12.4399995803833,12.157500267028809,12.2524995803833,10.190500259399414,2766640,0.0,0.0
2003-04-30 00:00:00+05:30,12.15250015258789,12.4399995803833,12.09000015258789,12.350000381469727,10.398900985717773,4772080,0.15,0.0
2003-05-01 00:00:00+05:30,12.350000381469727,12.350000381469727,12.350000381469727,12.350000381469727,10.398900985717773,0,0.0,0.0
2003-05-02 00:00:00+05:30,12.397500038146973,12.797499656677246,12.300000190734863,12.630000114440918,10.634668350219727,6733800,0.0,0.0
2003-05-05 00:00:00+05:30,12.75,12.850000381469727,12.404999732971191,12.510000228881836,10.533626556396484,3475140,0.0,0.0
2003-05-06 00:00:00+05:30,12.25,12.4975004196167,12.25,12.375,10.419954299926758,2043160,0.0,0.0
2003-05-07 00:00:00+05:30,12.399999618530273,12.425000190734863,12.162500381469727,12.289999961853027,10.34837818145752,2880300,0.0,0.0
2003-05-08 00:00:00+05:30,12.292499542236328,12.292499542236328,12.082500457763672,12.172499656677246,10.249444007873535,1554060,0.0,0.0
2003-05-09 00:00:00+05:30,12.399999618530273,12.399999618530273,12.100000381469727,12.287500381469727,10.346275329589844,815300,0.0,0.0
2003-05-12 00:00:00+05:30,12.25,12.399999618530273,12.109999656677246,12.167499542236328,10.245232582092285,1945180,0.0,0.0
2003-05-13 00:00:00+05:30,12.34000015258789,12.34000015258789,12.162500381469727,12.237500190734863,10.304176330566406,789760,0.0,0.0
2003-05-14 00:00:00+05:30,12.0,12.260000228881836,12.0,12.204999923706055,10.276808738708496,490220,0.0,0.0
2003-05-15 00:00:00+05:30,12.199999809265137,12.5,12.130000114440918,12.449999809265137,10.48310375213623,1023700,0.0,0.0
2003-05-16 00:00:00+05:30,12.449999809265137,12.604999542236328,12.449999809265137,12.557499885559082,10.573619842529297,1633700,0.0,0.0
2003-05-19 00:00:00+05:30,12.6875,12.699999809265137,12.270000457763672,12.425000190734863,10.462055206298828,3349440,0.0,0.0
2003-05-20 00:00:00+05:30,12.34000015258789,12.395000457763672,12.2524995803833,12.272500038146973,10.333646774291992,1422680,0.0,0.0
2003-05-21 00:00:00+05:30,12.395000457763672,12.6225004196167,11.952500343322754,12.337499618530273,10.388375282287598,2329540,0.0,0.0
2003-05-22 00:00:00+05:30,12.475000381469727,12.649999618530273,12.010000228881836,12.055000305175781,10.150507926940918,1078400,0.0,0.0
2003-05-23 00:00:00+05:30,12.390000343322754,12.390000343322754,12.074999809265137,12.149999618530273,10.230498313903809,864480,0.0,0.0
2003-05-26 00:00:00+05:30,12.300000190734863,12.625,12.177499771118164,12.510000228881836,10.533626556396484,2790580,0.0,0.0
2003-05-27 00:00:00+05:30,12.550000190734863,12.59749984741211,12.199999809265137,12.267499923706055,10.329437255859375,1014160,0.0,0.0
2003-05-28 00:00:00+05:30,12.375,12.375,12.102499961853027,12.147500038146973,10.2283935546875,1021000,0.0,0.0
2003-05-29 00:00:00+05:30,12.0649995803833,12.5,12.0649995803833,12.34749984741211,10.396796226501465,3488000,0.0,0.0
2003-05-30 00:00:00+05:30,12.305000305175781,12.4975004196167,12.202500343322754,12.255000114440918,10.3189115524292,2210480,0.0,0.0
2003-06-02 00:00:00+05:30,12.15250015258789,12.395000457763672,12.0600004196167,12.175000190734863,10.251548767089844,1847340,0.0,0.0
2003-06-03 00:00:00+05:30,12.050000190734863,12.550000190734863,12.039999961853027,12.467499732971191,10.49783992767334,10897680,0.0,0.0
2003-06-04 00:00:00+05:30,12.604999542236328,12.795000076293945,12.5,12.595000267028809,10.605195045471191,3068720,0.0,0.0
2003-06-05 00:00:00+05:30,12.699999809265137,12.837499618530273,12.550000190734863,12.604999542236328,10.613615036010742,3900600,0.0,0.0
2003-06-06 00:00:00+05:30,12.640000343322754,13.225000381469727,12.600000381469727,12.970000267028809,10.920952796936035,11095020,0.0,0.0
2003-06-09 00:00:00+05:30,13.029999732971191,13.359999656677246,12.967499732971191,13.085000038146973,11.017786026000977,4015380,0.0,0.0
2003-06-10 00:00:00+05:30,12.899999618530273,13.0,12.557499885559082,12.632499694824219,10.636770248413086,1548420,0.0,0.0
2003-06-11 00:00:00+05:30,12.800000190734863,13.067500114440918,12.505000114440918,12.904999732971191,10.866219520568848,6687320,0.0,0.0
2003-06-12 00:00:00+05:30,12.800000190734863,12.925000190734863,12.515000343322754,12.582500457763672,10.594669342041016,1486460,0.0,0.0
2003-06-13 00:00:00+05:30,12.550000190734863,12.850000381469727,12.5,12.587499618530273,10.598880767822266,2412180,0.0,0.0
2003-06-16 00:00:00+05:30,12.600000381469727,12.725000381469727,12.5649995803833,12.642499923706055,10.645191192626953,2603000,0.0,0.0
2003-06-17 00:00:00+05:30,12.75,12.869999885559082,12.59749984741211,12.647500038146973,10.649402618408203,3685860,0.0,0.0
2003-06-18 00:00:00+05:30,12.699999809265137,12.732500076293945,12.404999732971191,12.582500457763672,10.594669342041016,2335380,0.0,0.0
2003-06-19 00:00:00+05:30,12.694999694824219,12.704999923706055,12.449999809265137,12.462499618530273,10.493626594543457,3182020,0.0,0.0
2003-06-20 00:00:00+05:30,12.550000190734863,12.694999694824219,12.199999809265137,12.40999984741211,10.449422836303711,2784080,0.0,0.0
2003-06-23 00:00:00+05:30,12.449999809265137,12.489999771118164,12.107500076293945,12.154999732971191,10.234709739685059,1215420,0.0,0.0
2003-06-24 00:00:00+05:30,12.204999923706055,12.25,11.994999885559082,12.0600004196167,10.154716491699219,3155380,0.0,0.0
2003-06-25 00:00:00+05:30,12.052499771118164,12.199999809265137,12.0,12.09749984741211,10.18629264831543,3158940,0.0,0.0
2003-06-26 00:00:00+05:30,12.102499961853027,12.350000381469727,11.949999809265137,12.239999771118164,10.306280136108398,6222500,0.0,0.0
2003-06-27 00:00:00+05:30,12.199999809265137,12.547499656677246,12.199999809265137,12.414999961853027,10.453632354736328,4141080,0.0,0.0
2003-06-30 00:00:00+05:30,12.5,13.050000190734863,12.5,12.90250015258789,10.864116668701172,4914680,0.0,0.0
2003-07-01 00:00:00+05:30,13.2475004196167,13.399999618530273,12.800000190734863,13.0600004196167,10.996732711791992,4262440,0.0,0.0
2003-07-02 00:00:00+05:30,13.295000076293945,13.369999885559082,13.005000114440918,13.170000076293945,11.08935546875,5375440,0.0,0.0
2003-07-03 00:00:00+05:30,13.350000381469727,15.104999542236328,13.350000381469727,14.492500305175781,12.202920913696289,30977260,0.0,0.0
2003-07-04 00:00:00+05:30,14.25,14.350000381469727,13.630000114440918,13.837499618530273,11.651400566101074,5421560,0.0,0.0
2003-07-07 00:00:00+05:30,13.512499809265137,14.322500228881836,13.512499809265137,13.887499809265137,11.693503379821777,4458760,0.0,0.0
2003-07-08 00:00:00+05:30,14.5,15.175000190734863,14.149999618530273,14.220000267028809,11.973471641540527,9648160,0.0,0.0
2003-07-09 00:00:00+05:30,14.212499618530273,14.300000190734863,14.029999732971191,14.135000228881836,11.901900291442871,2151100,0.0,0.0
2003-07-10 00:00:00+05:30,14.149999618530273,14.28499984741211,14.100000381469727,14.210000038146973,11.965051651000977,5030440,0.0,0.0
2003-07-11 00:00:00+05:30,14.225000381469727,14.550000190734863,14.225000381469727,14.489999771118164,12.200815200805664,11854500,0.0,0.0
2003-07-14 00:00:00+05:30,14.699999809265137,14.797499656677246,14.017499923706055,14.2524995803833,12.000837326049805,7279860,0.0,0.0
2003-07-15 00:00:00+05:30,14.699999809265137,14.932499885559082,13.699999809265137,13.845000267028809,11.657716751098633,3878680,0.0,0.0
2003-07-16 00:00:00+05:30,13.954999923706055,14.25,13.802499771118164,14.15999984741211,11.92294979095459,7543100,0.0,0.0
2003-07-17 00:00:00+05:30,14.125,14.125,13.512499809265137,13.637499809265137,11.48299789428711,2395600,0.0,0.0
2003-07-18 00:00:00+05:30,13.550000190734863,13.899999618530273,13.2524995803833,13.829999923706055,11.645085334777832,2155920,0.0,0.0
2003-07-21 00:00:00+05:30,13.899999618530273,14.0,13.657500267028809,13.84749984741211,11.659820556640625,2483920,0.0,0.0
2003-07-22 00:00:00+05:30,13.760000228881836,14.0,13.412500381469727,13.487500190734863,11.356697082519531,1669900,0.0,0.0
2003-07-23 00:00:00+05:30,13.850000381469727,13.850000381469727,12.6274995803833,12.795000076293945,10.773599624633789,8528800,0.0,0.0
2003-07-24 00:00:00+05:30,12.944999694824219,13.037500381469727,12.824999809265137,12.925000190734863,10.883062362670898,6100240,0.0,0.0
2003-07-25 00:00:00+05:30,13.0,13.4375,12.947500228881836,13.242500305175781,11.150403022766113,5049440,0.0,0.0
2003-07-28 00:00:00+05:30,13.475000381469727,13.5,13.149999618530273,13.3149995803833,11.211447715759277,1817300,0.0,0.0
2003-07-29 00:00:00+05:30,13.395000457763672,13.484999656677246,13.0024995803833,13.27750015258789,11.179871559143066,2238940,0.0,0.0
2003-07-30 00:00:00+05:30,13.350000381469727,13.6875,13.300000190734863,13.5625,11.419848442077637,3577140,0.0,0.0
2003-07-31 00:00:00+05:30,13.600000381469727,13.604999542236328,13.149999618530273,13.267499923706055,11.171454429626465,4542740,0.0,0.0
2003-08-01 00:00:00+05:30,13.324999809265137,13.414999961853027,13.157500267028809,13.319999694824219,11.215657234191895,1022600,0.0,0.0
2003-08-04 00:00:00+05:30,13.305000305175781,13.547499656677246,13.305000305175781,13.452500343322754,11.327225685119629,2019940,0.0,0.0
2003-08-05 00:00:00+05:30,13.569999694824219,14.100000381469727,13.399999618530273,13.982500076293945,11.773493766784668,8831400,0.0,0.0
2003-08-06 00:00:00+05:30,13.975000381469727,13.9975004196167,13.612500190734863,13.829999923706055,11.645085334777832,3158420,0.0,0.0
2003-08-07 00:00:00+05:30,13.789999961853027,13.800000190734863,13.532500267028809,13.602499961853027,11.453529357910156,1463400,0.0,0.0
2003-08-08 00:00:00+05:30,13.600000381469727,13.989999771118164,13.350000381469727,13.762499809265137,11.588247299194336,4090500,0.0,0.0
2003-08-11 00:00:00+05:30,13.604999542236328,13.850000381469727,13.604999542236328,13.739999771118164,11.569304466247559,1894840,0.0,0.0
2003-08-12 00:00:00+05:30,13.899999618530273,13.899999618530273,13.600000381469727,13.667499542236328,11.508257865905762,1725000,0.0,0.0
2003-08-13 00:00:00+05:30,13.602499961853027,13.75,11.7524995803833,13.625,11.472474098205566,5275260,0.0,0.0
2003-08-14 00:00:00+05:30,13.732500076293945,13.789999961853027,13.25,13.364999771118164,11.253548622131348,3873460,0.0,0.0
2003-08-15 00:00:00+05:30,13.364999771118164,13.364999771118164,13.364999771118164,13.364999771118164,11.253548622131348,0,0.0,0.0
2003-08-18 00:00:00+05:30,13.375,14.0,13.3125,13.895000457763672,11.69981861114502,5061040,0.0,0.0
2003-08-19 00:00:00+05:30,13.962499618530273,14.100000381469727,13.899999618530273,14.0649995803833,11.842961311340332,4534160,0.0,0.0
2003-08-20 00:00:00+05:30,14.100000381469727,14.449999809265137,14.050000190734863,14.232500076293945,11.983997344970703,5558940,0.0,0.0
2003-08-21 00:00:00+05:30,14.199999809265137,14.5,14.050000190734863,14.392499923706055,12.118720054626465,3558280,0.0,0.0
2003-08-22 00:00:00+05:30,14.305000305175781,14.579999923706055,14.255000114440918,14.449999809265137,12.167136192321777,3050020,0.0,0.0
2003-08-25 00:00:00+05:30,14.4350004196167,14.4350004196167,13.199999809265137,14.050000190734863,11.830330848693848,5238100,0.0,0.0
2003-08-26 00:00:00+05:30,14.149999618530273,14.149999618530273,13.912500381469727,13.957500457763672,11.752442359924316,2328040,0.0,0.0
2003-08-27 00:00:00+05:30,14.149999618530273,14.449999809265137,14.0,14.162500381469727,11.925057411193848,4719360,0.0,0.0
2003-08-28 00:00:00+05:30,14.300000190734863,14.300000190734863,13.899999618530273,14.042499542236328,11.824014663696289,7593580,0.0,0.0
2003-08-29 00:00:00+05:30,13.699999809265137,14.02750015258789,13.602499961853027,13.78499984741211,11.607193946838379,7430140,0.0,0.0
2003-09-01 00:00:00+05:30,13.75,14.0,13.75,13.922499656677246,11.722970962524414,2629720,0.0,0.0
2003-09-02 00:00:00+05:30,13.75,14.449999809265137,13.75,14.09749984741211,11.870325088500977,2397540,0.0,0.0
2003-09-03 00:00:00+05:30,14.0,14.550000190734863,14.0,14.017499923706055,11.802964210510254,9734260,0.0,0.0
2003-09-04 00:00:00+05:30,14.024999618530273,14.170000076293945,13.5,14.017499923706055,11.802964210510254,7346340,0.0,0.0
2003-09-05 00:00:00+05:30,14.0,14.199999809265137,13.912500381469727,13.984999656677246,11.775598526000977,6838580,0.0,0.0
2003-09-08 00:00:00+05:30,13.824999809265137,14.145000457763672,13.800000190734863,13.917499542236328,11.71876049041748,2566100,0.0,0.0
2003-09-09 00:00:00+05:30,13.850000381469727,14.095000267028809,13.75,14.005000114440918,11.792438507080078,4093840,0.0,0.0
2003-09-10 00:00:00+05:30,13.649999618530273,14.045000076293945,13.649999618530273,13.854999542236328,11.666136741638184,3772280,0.0,0.0
2003-09-11 00:00:00+05:30,13.904999732971191,14.050000190734863,13.827500343322754,13.925000190734863,11.725075721740723,3583320,0.0,0.0
2003-09-12 00:00:00+05:30,13.949999809265137,14.037500381469727,13.817500114440918,13.967499732971191,11.760863304138184,4789960,0.0,0.0
2003-09-15 00:00:00+05:30,13.9399995803833,14.0,13.699999809265137,13.782500267028809,11.605091094970703,3019460,0.0,0.0
2003-09-16 00:00:00+05:30,13.600000381469727,13.994999885559082,13.600000381469727,13.8725004196167,11.680871963500977,5632140,0.0,0.0
2003-09-17 00:00:00+05:30,13.994999885559082,13.994999885559082,13.555000305175781,13.672499656677246,11.512468338012695,4590520,0.0,0.0
2003-09-18 00:00:00+05:30,13.600000381469727,13.600000381469727,13.157500267028809,13.2524995803833,11.158822059631348,3809040,0.0,0.0
2003-09-19 00:00:00+05:30,13.27750015258789,13.600000381469727,13.199999809265137,13.587499618530273,11.440897941589355,3384860,0.0,0.0
2003-09-22 00:00:00+05:30,13.75,13.75,13.199999809265137,13.232500076293945,11.141980171203613,3993340,0.0,0.0
2003-09-23 00:00:00+05:30,13.25,13.5,13.204999923706055,13.342499732971191,11.234603881835938,3835740,0.0,0.0
2003-09-24 00:00:00+05:30,13.5,13.787500381469727,13.302499771118164,13.707500457763672,11.541938781738281,5147900,0.0,0.0
2003-09-25 00:00:00+05:30,13.600000381469727,13.75,13.307499885559082,13.392499923706055,11.276704788208008,3958120,0.0,0.0
2003-09-26 00:00:00+05:30,13.40250015258789,13.600000381469727,13.262499809265137,13.572500228881836,11.428267478942871,2960480,0.0,0.0
2003-09-29 00:00:00+05:30,13.744999885559082,13.925000190734863,13.399999618530273,13.487500190734863,11.356697082519531,14601180,0.0,0.0
2003-09-30 00:00:00+05:30,13.5,13.829999923706055,13.5,13.75,11.577725410461426,12788700,0.0,0.0
2003-10-01 00:00:00+05:30,13.850000381469727,14.300000190734863,13.774999618530273,14.162500381469727,11.925057411193848,7873740,0.0,0.0
2003-10-02 00:00:00+05:30,14.162500381469727,14.162500381469727,14.162500381469727,14.162500381469727,11.925057411193848,0,0.0,0.0
2003-10-03 00:00:00+05:30,14.524999618530273,14.774999618530273,14.350000381469727,14.72249984741211,12.396586418151855,13278020,0.0,0.0
2003-10-06 00:00:00+05:30,14.875,16.0,14.800000190734863,15.6899995803833,13.211236953735352,11205820,0.0,0.0
2003-10-07 00:00:00+05:30,16.0,16.2549991607666,15.350000381469727,15.47249984741211,13.028099060058594,27094920,0.0,0.0
2003-10-08 00:00:00+05:30,15.649999618530273,15.75,15.359999656677246,15.512499809265137,13.06177806854248,10443740,0.0,0.0
2003-10-09 00:00:00+05:30,15.720000267028809,15.8125,15.552499771118164,15.71500015258789,13.23228931427002,5270600,0.0,0.0
2003-10-10 00:00:00+05:30,16.25,16.25,15.104999542236328,15.270000457763672,12.857588768005371,15090120,0.0,0.0
2003-10-13 00:00:00+05:30,15.420000076293945,15.717499732971191,15.345000267028809,15.432499885559082,12.994417190551758,10034760,0.0,0.0
2003-10-14 00:00:00+05:30,16.4950008392334,16.4950008392334,15.397500038146973,15.487500190734863,13.040729522705078,11243460,0.0,0.0
2003-10-15 00:00:00+05:30,15.600000381469727,15.649999618530273,15.199999809265137,15.545000076293945,13.089144706726074,5667140,0.0,0.0
2003-10-16 00:00:00+05:30,15.574999809265137,15.75,15.5,15.6875,13.209129333496094,5319140,0.0,0.0
2003-10-17 00:00:00+05:30,15.675000190734863,16.25,15.675000190734863,15.824999809265137,13.324910163879395,14812900,0.0,0.0
2003-10-20 00:00:00+05:30,15.850000381469727,16.09749984741211,15.630000114440918,15.744999885559082,13.257546424865723,8957200,0.0,0.0
2003-10-21 00:00:00+05:30,15.600000381469727,15.774999618530273,15.404999732971191,15.555000305175781,13.097563743591309,5621400,0.0,0.0
2003-10-22 00:00:00+05:30,15.449999809265137,15.645000457763672,14.949999809265137,15.045000076293945,12.668135643005371,3988080,0.0,0.0
2003-10-23 00:00:00+05:30,15.145000457763672,15.199999809265137,14.867500305175781,14.987500190734863,12.619721412658691,4572080,0.0,0.0
2003-10-24 00:00:00+05:30,15.050000190734863,15.470000267028809,14.800000190734863,15.395000457763672,12.962843894958496,2800860,0.0,0.0
2003-10-27 00:00:00+05:30,15.322500228881836,15.720000267028809,15.0,15.050000190734863,12.672345161437988,5335340,0.0,0.0
2003-10-28 00:00:00+05:30,15.154999732971191,15.720000267028809,15.0600004196167,15.595000267028809,13.131246566772461,8690900,0.0,0.0
2003-10-29 00:00:00+05:30,15.670000076293945,15.895000457763672,15.647500038146973,15.835000038146973,13.333330154418945,7458720,0.0,0.0
2003-10-30 00:00:00+05:30,15.625,16.0,15.625,15.880000114440918,13.371220588684082,7013240,0.0,0.0
2003-10-31 00:00:00+05:30,16.049999237060547,16.049999237060547,15.512499809265137,15.802499771118164,13.305962562561035,6379040,0.0,0.0
2003-11-03 00:00:00+05:30,16.024999618530273,16.149999618530273,15.850000381469727,15.975000381469727,13.451211929321289,6993200,0.0,0.0
2003-11-04 00:00:00+05:30,16.100000381469727,16.100000381469727,15.359999656677246,15.492500305175781,13.044939041137695,6414400,0.0,0.0
2003-11-05 00:00:00+05:30,15.630000114440918,15.642499923706055,15.399999618530273,15.470000267028809,13.025993347167969,3601440,0.0,0.0
2003-11-06 00:00:00+05:30,15.350000381469727,15.5,15.154999732971191,15.392499923706055,12.960735321044922,5243160,0.0,0.0
2003-11-07 00:00:00+05:30,15.484999656677246,15.5,15.125,15.262499809265137,12.851274490356445,9052180,0.0,0.0
2003-11-10 00:00:00+05:30,15.732500076293945,15.732500076293945,15.202500343322754,15.444999694824219,13.0049409866333,2850660,0.0,0.0
2003-11-11 00:00:00+05:30,15.550000190734863,15.654999732971191,15.227499961853027,15.327500343322754,12.906004905700684,4271360,0.0,0.0
2003-11-12 00:00:00+05:30,15.399999618530273,15.399999618530273,14.875,14.947500228881836,12.586039543151855,7096680,0.0,0.0
2003-11-13 00:00:00+05:30,15.175000190734863,15.225000381469727,14.899999618530273,14.970000267028809,12.604985237121582,2631620,0.0,0.0
2003-11-14 00:00:00+05:30,13.274999618530273,15.149999618530273,13.274999618530273,14.8725004196167,12.522887229919434,2738800,0.0,0.0
2003-11-17 00:00:00+05:30,14.949999809265137,15.25,14.880000114440918,15.204999923706055,12.8028564453125,2653200,0.0,0.0
2003-11-18 00:00:00+05:30,15.390000343322754,15.390000343322754,15.052499771118164,15.142499923706055,12.750231742858887,5788920,0.0,0.0
2003-11-19 00:00:00+05:30,14.952500343322754,15.100000381469727,14.699999809265137,14.984999656677246,12.617613792419434,10485400,0.0,0.0
2003-11-20 00:00:00+05:30,14.949999809265137,15.087499618530273,14.725000381469727,14.917499542236328,12.560776710510254,3080120,0.0,0.0
2003-11-21 00:00:00+05:30,14.725000381469727,15.25,14.725000381469727,15.147500038146973,12.754443168640137,4014340,0.0,0.0
2003-11-24 00:00:00+05:30,15.449999809265137,15.449999809265137,15.074999809265137,15.142499923706055,12.750231742858887,8704520,0.0,0.0
2003-11-25 00:00:00+05:30,15.0600004196167,15.297499656677246,15.057499885559082,15.130000114440918,12.739706993103027,7615700,0.0,0.0
2003-11-26 00:00:00+05:30,15.130000114440918,15.130000114440918,15.130000114440918,15.130000114440918,12.739706993103027,0,0.0,0.0
2003-11-27 00:00:00+05:30,15.324999809265137,15.475000381469727,15.0,15.082500457763672,12.699713706970215,8099040,0.0,0.0
2003-11-28 00:00:00+05:30,15.199999809265137,15.397500038146973,15.0,15.130000114440918,12.739706993103027,9611280,0.0,0.0
2003-12-01 00:00:00+05:30,15.350000381469727,15.720000267028809,15.199999809265137,15.5625,13.1038818359375,20883580,0.0,0.0
2003-12-02 00:00:00+05:30,15.75,15.994999885559082,15.600000381469727,15.90250015258789,13.39016342163086,13234240,0.0,0.0
2003-12-03 00:00:00+05:30,15.994999885559082,16.549999237060547,15.994999885559082,16.44499969482422,13.84695816040039,18420280,0.0,0.0
2003-12-04 00:00:00+05:30,16.485000610351562,16.795000076293945,16.350000381469727,16.72249984741211,14.080618858337402,16802460,0.0,0.0
2003-12-05 00:00:00+05:30,16.799999237060547,16.799999237060547,16.25,16.415000915527344,13.821699142456055,8233340,0.0,0.0
2003-12-08 00:00:00+05:30,16.375,16.645000457763672,16.02750015258789,16.337499618530273,13.756442070007324,4320740,0.0,0.0
2003-12-09 00:00:00+05:30,16.7450008392334,16.842500686645508,16.52750015258789,16.625,13.998518943786621,7191600,0.0,0.0
2003-12-10 00:00:00+05:30,16.649999618530273,17.190000534057617,16.3075008392334,17.020000457763672,14.3311185836792,14488140,0.0,0.0
2003-12-11 00:00:00+05:30,17.0,17.600000381469727,16.899999618530273,17.522499084472656,14.754229545593262,14190320,0.0,0.0
2003-12-12 00:00:00+05:30,17.549999237060547,18.3700008392334,17.302499771118164,18.13249969482422,15.26785945892334,15950640,0.0,0.0
2003-12-15 00:00:00+05:30,18.295000076293945,18.299999237060547,17.5674991607666,17.6825008392334,14.888958930969238,2914540,0.0,0.0
2003-12-16 00:00:00+05:30,17.795000076293945,18.239999771118164,17.727500915527344,17.989999771118164,15.14787769317627,7571840,0.0,0.0
2003-12-17 00:00:00+05:30,17.950000762939453,18.049999237060547,17.760000228881836,17.967500686645508,15.128928184509277,8455880,0.0,0.0
2003-12-18 00:00:00+05:30,18.0,18.040000915527344,17.577499389648438,17.760000228881836,14.95421028137207,5089360,0.0,0.0
2003-12-19 00:00:00+05:30,17.667499542236328,18.0,17.667499542236328,17.915000915527344,15.084725379943848,5589400,0.0,0.0
2003-12-22 00:00:00+05:30,17.799999237060547,18.045000076293945,17.799999237060547,17.975000381469727,15.135242462158203,4002020,0.0,0.0
2003-12-23 00:00:00+05:30,17.950000762939453,18.25,17.549999237060547,17.622499465942383,14.838432312011719,3498320,0.0,0.0
2003-12-24 00:00:00+05:30,17.81999969482422,18.03499984741211,17.604999542236328,18.002500534057617,15.15839958190918,4202380,0.0,0.0
2003-12-25 00:00:00+05:30,18.002500534057617,18.002500534057617,18.002500534057617,18.002500534057617,15.15839958190918,0,0.0,0.0
2003-12-26 00:00:00+05:30,18.0,18.247499465942383,17.75,17.93000030517578,15.097352027893066,2768760,0.0,0.0
2003-12-29 00:00:00+05:30,18.100000381469727,19.252500534057617,18.100000381469727,18.989999771118164,15.989892959594727,7945740,0.0,0.0
2003-12-30 00:00:00+05:30,19.049999237060547,19.1875,18.25,18.40250015258789,15.495203971862793,20990060,0.0,0.0
2003-12-31 00:00:00+05:30,18.5,18.875,18.157499313354492,18.2549991607666,15.371006965637207,4438400,0.0,0.0
2004-01-01 00:00:00+05:30,18.149999618530273,18.399999618530273,17.975000381469727,18.332500457763672,15.43626594543457,3777080,0.0,0.0
2004-01-02 00:00:00+05:30,18.690000534057617,18.7549991607666,17.920000076293945,18.142499923706055,15.276278495788574,9219500,0.0,0.0
2004-01-05 00:00:00+05:30,18.399999618530273,18.575000762939453,18.125,18.260000228881836,15.375218391418457,5865020,0.0,0.0
2004-01-06 00:00:00+05:30,18.012500762939453,18.6200008392334,17.950000762939453,18.075000762939453,15.219444274902344,8767620,0.0,0.0
2004-01-07 00:00:00+05:30,18.149999618530273,18.5,17.864999771118164,18.045000076293945,15.194184303283691,7721700,0.0,0.0
2004-01-08 00:00:00+05:30,18.075000762939453,18.200000762939453,17.657499313354492,18.082500457763672,15.225760459899902,12897480,0.0,0.0
2004-01-09 00:00:00+05:30,18.27750015258789,19.299999237060547,18.149999618530273,18.422500610351562,15.512046813964844,19754680,0.0,0.0
2004-01-12 00:00:00+05:30,18.325000762939453,18.459999084472656,18.15250015258789,18.2450008392334,15.362590789794922,11737520,0.0,0.0
2004-01-13 00:00:00+05:30,18.25,18.329999923706055,18.102500915527344,18.2450008392334,15.362590789794922,12873200,0.0,0.0
2004-01-14 00:00:00+05:30,18.30500030517578,18.462499618530273,18.149999618530273,18.387500762939453,15.482576370239258,13776720,0.0,0.0
2004-01-15 00:00:00+05:30,18.549999237060547,20.149999618530273,18.549999237060547,19.252500534057617,16.210920333862305,30093820,0.0,0.0
2004-01-16 00:00:00+05:30,19.352500915527344,20.024999618530273,18.604999542236328,19.082500457763672,16.06777572631836,17756680,0.0,0.0
2004-01-19 00:00:00+05:30,19.2450008392334,19.2450008392334,18.399999618530273,18.49250030517578,15.570984840393066,12401760,0.0,0.0
2004-01-20 00:00:00+05:30,18.549999237060547,19.042499542236328,18.399999618530273,18.49250030517578,15.570984840393066,14194340,0.0,0.0
2004-01-21 00:00:00+05:30,18.5,18.547500610351562,18.024999618530273,18.457500457763672,15.54151439666748,13271860,0.0,0.0
2004-01-22 00:00:00+05:30,18.875,18.889999389648438,18.209999084472656,18.34000015258789,15.442578315734863,10207880,0.0,0.0
2004-01-23 00:00:00+05:30,17.600000381469727,18.667499542236328,15.02750015258789,18.24250030517578,15.360487937927246,5454500,0.0,0.0
2004-01-26 00:00:00+05:30,18.24250030517578,18.24250030517578,18.24250030517578,18.24250030517578,15.360487937927246,0,0.0,0.0
2004-01-27 00:00:00+05:30,18.239999771118164,18.59749984741211,18.0049991607666,18.280000686645508,15.392054557800293,7097160,0.0,0.0
2004-01-28 00:00:00+05:30,20.337499618530273,20.337499618530273,17.850000381469727,18.010000228881836,15.16471004486084,6749200,0.0,0.0
2004-01-29 00:00:00+05:30,18.0,18.739999771118164,17.262500762939453,17.799999237060547,14.98788833618164,8149720,0.0,0.0
2004-01-30 00:00:00+05:30,17.649999618530273,17.649999618530273,16.774999618530273,17.247499465942383,14.522676467895508,4773580,0.0,0.0
2004-02-02 00:00:00+05:30,17.247499465942383,17.247499465942383,17.247499465942383,17.247499465942383,14.522676467895508,0,0.0,0.0
2004-02-03 00:00:00+05:30,17.0,17.59749984741211,16.5,16.834999084472656,14.175341606140137,12556540,0.0,0.0
2004-02-04 00:00:00+05:30,16.59000015258789,17.69499969482422,16.274999618530273,17.497499465942383,14.733175277709961,5846040,0.0,0.0
2004-02-05 00:00:00+05:30,17.412500381469727,18.0,17.2549991607666,17.837499618530273,15.019464492797852,5920560,0.0,0.0
2004-02-06 00:00:00+05:30,17.924999237060547,18.0,17.262500762939453,17.737499237060547,14.935264587402344,7599900,0.0,0.0
2004-02-09 00:00:00+05:30,17.975000381469727,18.375,17.907499313354492,18.212499618530273,15.335221290588379,8278460,0.0,0.0
2004-02-10 00:00:00+05:30,18.399999618530273,18.792499542236328,18.350000381469727,18.642499923706055,15.697291374206543,6810560,0.0,0.0
2004-02-11 00:00:00+05:30,18.774999618530273,18.875,18.575000762939453,18.727500915527344,15.768863677978516,5498300,0.0,0.0
2004-02-12 00:00:00+05:30,18.875,19.100000381469727,18.552499771118164,18.727500915527344,15.768863677978516,4940960,0.0,0.0
2004-02-13 00:00:00+05:30,18.700000762939453,18.78499984741211,18.415000915527344,18.739999771118164,15.77938461303711,3603520,0.0,0.0
2004-02-16 00:00:00+05:30,18.99250030517578,19.0049991607666,18.700000762939453,18.90999984741211,15.92253303527832,4754040,0.0,0.0
2004-02-17 00:00:00+05:30,18.75749969482422,19.170000076293945,18.68000030517578,19.03499984741211,16.027782440185547,5934980,0.0,0.0
2004-02-18 00:00:00+05:30,18.8075008392334,19.170000076293945,18.752500534057617,18.967500686645508,15.970945358276367,2889540,0.0,0.0
2004-02-19 00:00:00+05:30,19.022499084472656,19.024999618530273,18.657499313354492,18.739999771118164,15.77938461303711,3339260,0.0,0.0
2004-02-20 00:00:00+05:30,18.700000762939453,18.74250030517578,17.81999969482422,18.2450008392334,15.362590789794922,9659340,0.0,0.0
2004-02-23 00:00:00+05:30,17.80500030517578,18.47249984741211,17.700000762939453,18.360000610351562,15.459421157836914,2724060,0.0,0.0
2004-02-24 00:00:00+05:30,18.299999237060547,18.700000762939453,18.125,18.577499389648438,15.642557144165039,4981180,0.0,0.0
2004-02-25 00:00:00+05:30,18.719999313354492,18.719999313354492,18.02750015258789,18.260000228881836,15.375218391418457,3252920,0.0,0.0
2004-02-26 00:00:00+05:30,18.149999618530273,18.600000381469727,18.149999618530273,18.452499389648438,15.537300109863281,8090840,0.0,0.0
2004-02-27 00:00:00+05:30,18.497499465942383,18.875,18.212499618530273,18.732500076293945,15.773075103759766,5906800,0.0,0.0
2004-03-01 00:00:00+05:30,18.844999313354492,19.200000762939453,18.625,18.927499771118164,15.937262535095215,4472820,0.0,0.0
2004-03-02 00:00:00+05:30,18.927499771118164,18.927499771118164,18.927499771118164,18.927499771118164,15.937262535095215,0,0.0,0.0
2004-03-03 00:00:00+05:30,19.022499084472656,20.0,18.854999542236328,19.600000381469727,16.50351905822754,11667120,0.0,0.0
2004-03-04 00:00:00+05:30,19.584999084472656,19.584999084472656,18.862499237060547,19.15999984741211,16.133031845092773,5241520,0.0,0.0
2004-03-05 00:00:00+05:30,19.2450008392334,19.392499923706055,18.975000381469727,19.122499465942383,16.101457595825195,4297500,0.0,0.0
2004-03-08 00:00:00+05:30,19.274999618530273,19.622499465942383,18.90250015258789,18.9950008392334,15.994102478027344,5833340,0.0,0.0
2004-03-09 00:00:00+05:30,19.38249969482422,19.38249969482422,18.61750030517578,18.752500534057617,15.789913177490234,2152040,0.0,0.0
2004-03-10 00:00:00+05:30,18.75,19.0,18.5,18.915000915527344,15.926740646362305,4731040,0.0,0.0
2004-03-11 00:00:00+05:30,18.875,19.0,18.612499237060547,18.799999237060547,15.82990837097168,4396400,0.0,0.0
2004-03-12 00:00:00+05:30,18.704999923706055,18.774999618530273,17.99250030517578,18.342500686645508,15.444687843322754,6211700,0.0,0.0
2004-03-15 00:00:00+05:30,18.674999237060547,18.674999237060547,18.012500762939453,18.084999084472656,15.227866172790527,4297500,0.0,0.0
2004-03-16 00:00:00+05:30,17.684999465942383,18.219999313354492,17.325000762939453,17.967500686645508,15.128928184509277,6279680,0.0,0.0
2004-03-17 00:00:00+05:30,17.899999618530273,18.25,17.5674991607666,17.96500015258789,15.126822471618652,4463180,0.0,0.0
2004-03-18 00:00:00+05:30,17.950000762939453,18.049999237060547,17.399999618530273,17.767499923706055,14.960528373718262,3017360,0.0,0.0
2004-03-19 00:00:00+05:30,17.549999237060547,17.899999618530273,17.512500762939453,17.6875,14.893159866333008,3746740,0.0,0.0
2004-03-22 00:00:00+05:30,17.887500762939453,17.887500762939453,16.75749969482422,16.9424991607666,14.265861511230469,3936960,0.0,0.0
2004-03-23 00:00:00+05:30,16.9375,17.375,16.799999237060547,17.25,14.524779319763184,3666880,0.0,0.0
2004-03-24 00:00:00+05:30,17.497499465942383,18.489999771118164,17.104999542236328,17.88249969482422,15.057358741760254,3227600,0.0,0.0
2004-03-25 00:00:00+05:30,18.0,18.2450008392334,17.875,18.145000457763672,15.278383255004883,4702580,0.0,0.0
2004-03-26 00:00:00+05:30,18.200000762939453,18.905000686645508,18.102500915527344,18.704999923706055,15.749913215637207,4226600,0.0,0.0
2004-03-29 00:00:00+05:30,18.850000381469727,18.989999771118164,18.502500534057617,18.90250015258789,15.916215896606445,3269420,0.0,0.0
2004-03-30 00:00:00+05:30,18.799999237060547,18.850000381469727,18.137500762939453,18.457500457763672,15.54151439666748,4223460,0.0,0.0
2004-03-31 00:00:00+05:30,18.674999237060547,19.094999313354492,18.274999618530273,18.9375,15.945683479309082,5755800,0.0,0.0
2004-04-01 00:00:00+05:30,19.1200008392334,19.299999237060547,18.399999618530273,19.217500686645508,16.181447982788086,7471600,0.0,0.0
2004-04-02 00:00:00+05:30,19.350000381469727,19.600000381469727,19.157499313354492,19.44499969482422,16.37301254272461,4578820,0.0,0.0
2004-04-05 00:00:00+05:30,19.55500030517578,20.0,19.075000762939453,19.334999084472656,16.280385971069336,6970000,0.0,0.0
2004-04-06 00:00:00+05:30,19.6200008392334,19.657499313354492,19.0049991607666,19.104999542236328,16.086721420288086,3121400,0.0,0.0
2004-04-07 00:00:00+05:30,19.25,19.337499618530273,19.0,19.037500381469727,16.029890060424805,1601740,0.0,0.0
2004-04-08 00:00:00+05:30,18.899999618530273,19.56999969482422,18.797500610351562,19.024999618530273,16.01936149597168,5776540,0.0,0.0
2004-04-09 00:00:00+05:30,19.024999618530273,19.024999618530273,19.024999618530273,19.024999618530273,16.01936149597168,0,0.0,0.0
2004-04-12 00:00:00+05:30,19.184999465942383,19.184999465942383,18.602500915527344,18.770000457763672,15.804648399353027,2476120,0.0,0.0
2004-04-13 00:00:00+05:30,18.834999084472656,19.200000762939453,18.760000228881836,19.127500534057617,16.10566520690918,3078960,0.0,0.0
2004-04-14 00:00:00+05:30,19.127500534057617,19.127500534057617,19.127500534057617,19.127500534057617,16.10566520690918,0,0.0,0.0
2004-04-15 00:00:00+05:30,19.25,19.299999237060547,18.899999618530273,19.049999237060547,16.040414810180664,4464480,0.0,0.0
2004-04-16 00:00:00+05:30,19.19499969482422,19.49250030517578,18.852500915527344,18.924999237060547,15.935154914855957,3371280,0.0,0.0
2004-04-19 00:00:00+05:30,18.997499465942383,19.040000915527344,18.717500686645508,18.917499542236328,15.928842544555664,5238360,0.0,0.0
2004-04-20 00:00:00+05:30,18.899999618530273,19.037500381469727,18.6875,18.739999771118164,15.77938461303711,3716080,0.0,0.0
2004-04-21 00:00:00+05:30,18.850000381469727,18.850000381469727,18.5575008392334,18.647499084472656,15.701498985290527,8828120,0.0,0.0
2004-04-22 00:00:00+05:30,18.75,18.950000762939453,18.512500762939453,18.75749969482422,15.794120788574219,6784080,0.0,0.0
2004-04-23 00:00:00+05:30,18.94499969482422,19.237499237060547,18.674999237060547,18.99250030517578,15.99199390411377,6099280,0.0,0.0
2004-04-26 00:00:00+05:30,18.99250030517578,18.99250030517578,18.99250030517578,18.99250030517578,15.99199390411377,0,0.0,0.0
2004-04-27 00:00:00+05:30,18.75749969482422,19.24250030517578,18.5049991607666,19.040000915527344,16.03199005126953,6185420,0.0,0.0
2004-04-28 00:00:00+05:30,19.100000381469727,19.25,18.799999237060547,18.99250030517578,15.99199390411377,3851180,0.0,0.0
2004-04-29 00:00:00+05:30,19.0,19.25,18.549999237060547,19.079999923706055,16.065670013427734,4131960,0.0,0.0
2004-04-30 00:00:00+05:30,19.100000381469727,19.145000457763672,18.774999618530273,18.90250015258789,15.916215896606445,2355900,0.0,0.0
2004-05-03 00:00:00+05:30,18.75,18.97249984741211,18.65250015258789,18.887500762939453,15.903589248657227,1932900,0.0,0.0
2004-05-04 00:00:00+05:30,18.99250030517578,19.25,18.75749969482422,18.81999969482422,15.846747398376465,2187340,0.0,0.0
2004-05-05 00:00:00+05:30,18.924999237060547,19.75,18.850000381469727,19.125,16.103559494018555,6451360,0.0,0.0
2004-05-06 00:00:00+05:30,19.200000762939453,19.649999618530273,19.05500030517578,19.142499923706055,16.26714515686035,5431280,0.175,0.0
2004-05-07 00:00:00+05:30,19.149999618530273,19.25,18.5,18.770000457763672,15.950599670410156,3163520,0.0,0.0
2004-05-10 00:00:00+05:30,18.407499313354492,19.399999618530273,18.405000686645508,19.09000015258789,16.2225341796875,2541660,0.0,0.0
2004-05-11 00:00:00+05:30,18.704999923706055,18.787500381469727,18.5,18.59749984741211,15.804011344909668,4069620,0.0,0.0
2004-05-12 00:00:00+05:30,18.549999237060547,18.739999771118164,17.655000686645508,18.372499465942383,15.61280632019043,5628840,0.0,0.0
2004-05-13 00:00:00+05:30,18.25,18.9950008392334,17.55500030517578,18.44499969482422,15.674420356750488,5092560,0.0,0.0
2004-05-14 00:00:00+05:30,18.225000381469727,18.600000381469727,16.75,17.63249969482422,14.983963012695312,7744460,0.0,0.0
2004-05-17 00:00:00+05:30,17.5,17.5,12.807499885559082,13.992500305175781,11.890719413757324,5221460,0.0,0.0
2004-05-18 00:00:00+05:30,14.0,18.0,13.7524995803833,17.604999542236328,14.960587501525879,11226480,0.0,0.0
2004-05-19 00:00:00+05:30,17.75,18.4950008392334,17.059999465942383,17.657499313354492,15.005206108093262,4952040,0.0,0.0
2004-05-20 00:00:00+05:30,17.75,18.0,17.25,17.719999313354492,15.058316230773926,4562720,0.0,0.0
2004-05-21 00:00:00+05:30,17.264999389648438,18.200000762939453,16.947500228881836,18.114999771118164,15.393987655639648,3469720,0.0,0.0
2004-05-24 00:00:00+05:30,18.052499771118164,18.59000015258789,18.049999237060547,18.44499969482422,15.674420356750488,2391080,0.0,0.0
2004-05-25 00:00:00+05:30,18.15250015258789,18.517499923706055,18.100000381469727,18.46500015258789,15.691413879394531,3109900,0.0,0.0
2004-05-26 00:00:00+05:30,18.72249984741211,18.989999771118164,18.350000381469727,18.459999084472656,15.687165260314941,3754800,0.0,0.0
2004-05-27 00:00:00+05:30,18.107500076293945,18.950000762939453,18.047500610351562,18.700000762939453,15.891115188598633,6282700,0.0,0.0
2004-05-28 00:00:00+05:30,18.552499771118164,18.897499084472656,18.25749969482422,18.44499969482422,15.674420356750488,5519940,0.0,0.0
2004-05-31 00:00:00+05:30,18.162500381469727,18.299999237060547,17.40250015258789,17.5625,14.92447566986084,6648280,0.0,0.0
2004-06-01 00:00:00+05:30,17.799999237060547,17.950000762939453,17.399999618530273,17.572500228881836,14.932973861694336,5291400,0.0,0.0
2004-06-02 00:00:00+05:30,17.700000762939453,18.0,17.5,17.842500686645508,15.162419319152832,3722020,0.0,0.0
2004-06-03 00:00:00+05:30,18.0,18.079999923706055,17.457500457763672,17.542499542236328,14.907479286193848,3806280,0.0,0.0
2004-06-04 00:00:00+05:30,17.5,17.899999618530273,17.299999237060547,17.797500610351562,15.124178886413574,2702360,0.0,0.0
2004-06-07 00:00:00+05:30,18.0,18.44499969482422,17.802499771118164,17.962499618530273,15.264396667480469,10003440,0.0,0.0
2004-06-08 00:00:00+05:30,18.09749984741211,18.399999618530273,18.010000228881836,18.22249984741211,15.485342025756836,3241220,0.0,0.0
2004-06-09 00:00:00+05:30,18.197500228881836,18.600000381469727,18.104999542236328,18.514999389648438,15.733904838562012,2442680,0.0,0.0
2004-06-10 00:00:00+05:30,18.5,19.600000381469727,18.5,18.950000762939453,16.103561401367188,13798900,0.0,0.0
2004-06-11 00:00:00+05:30,18.975000381469727,19.24250030517578,17.857500076293945,18.0,15.296260833740234,5836120,0.0,0.0
2004-06-14 00:00:00+05:30,18.100000381469727,18.350000381469727,17.762500762939453,18.037500381469727,15.328125953674316,8642740,0.0,0.0
2004-06-15 00:00:00+05:30,18.149999618530273,18.399999618530273,17.912500381469727,18.260000228881836,15.51720142364502,5966100,0.0,0.0
2004-06-16 00:00:00+05:30,18.4375,18.549999237060547,18.299999237060547,18.4325008392334,15.663795471191406,4518300,0.0,0.0
2004-06-17 00:00:00+05:30,18.405000686645508,18.795000076293945,18.360000610351562,18.752500534057617,15.9357328414917,4857540,0.0,0.0
2004-06-18 00:00:00+05:30,18.850000381469727,18.899999618530273,18.5625,18.7450008392334,15.929350852966309,3213280,0.0,0.0
2004-06-21 00:00:00+05:30,18.75,19.0,18.649999618530273,18.88249969482422,16.046199798583984,2476640,0.0,0.0
2004-06-22 00:00:00+05:30,18.762500762939453,18.987499237060547,18.602500915527344,18.790000915527344,15.967596054077148,4132320,0.0,0.0
2004-06-23 00:00:00+05:30,18.9325008392334,18.997499465942383,18.100000381469727,18.247499465942383,15.50658130645752,5617020,0.0,0.0
2004-06-24 00:00:00+05:30,18.46500015258789,19.545000076293945,18.0,19.0674991607666,16.203413009643555,7162000,0.0,0.0
2004-06-25 00:00:00+05:30,18.752500534057617,18.940000534057617,17.875,18.3700008392334,15.61068344116211,11693380,0.0,0.0
2004-06-28 00:00:00+05:30,18.350000381469727,18.549999237060547,17.975000381469727,18.422500610351562,15.655298233032227,5651300,0.0,0.0
2004-06-29 00:00:00+05:30,18.450000762939453,18.587499618530273,18.299999237060547,18.477500915527344,15.702033996582031,4401080,0.0,0.0
2004-06-30 00:00:00+05:30,18.5,18.524999618530273,18.25,18.485000610351562,15.708407402038574,2955160,0.0,0.0
2004-07-01 00:00:00+05:30,18.5,18.702499389648438,18.360000610351562,18.579999923706055,15.789137840270996,3230160,0.0,0.0
2004-07-02 00:00:00+05:30,18.497499465942383,18.497499465942383,18.112499237060547,18.225000381469727,15.48746395111084,4154360,0.0,0.0
2004-07-05 00:00:00+05:30,17.5,18.100000381469727,17.05500030517578,18.077499389648438,15.362117767333984,11077180,0.0,0.0
2004-07-06 00:00:00+05:30,18.0,18.399999618530273,17.799999237060547,18.344999313354492,15.589435577392578,5801360,0.0,0.0
2004-07-07 00:00:00+05:30,18.200000762939453,18.600000381469727,18.200000762939453,18.514999389648438,15.733904838562012,4967820,0.0,0.0
2004-07-08 00:00:00+05:30,18.3075008392334,18.72249984741211,18.0,18.212499618530273,15.476838111877441,6113460,0.0,0.0
2004-07-09 00:00:00+05:30,17.950000762939453,18.59749984741211,17.832500457763672,18.4375,15.668042182922363,5585180,0.0,0.0
2004-07-12 00:00:00+05:30,18.5,18.645000457763672,18.25,18.415000915527344,15.64892578125,3968880,0.0,0.0
2004-07-13 00:00:00+05:30,18.5,18.5,18.0,18.264999389648438,15.521456718444824,2845340,0.0,0.0
2004-07-14 00:00:00+05:30,18.450000762939453,18.645000457763672,18.172500610351562,18.247499465942383,15.50658130645752,5159060,0.0,0.0
2004-07-15 00:00:00+05:30,18.399999618530273,18.5,18.207500457763672,18.247499465942383,15.50658130645752,2330340,0.0,0.0
2004-07-16 00:00:00+05:30,18.299999237060547,18.395000457763672,17.99250030517578,18.30500030517578,15.555441856384277,2629820,0.0,0.0
2004-07-19 00:00:00+05:30,18.44499969482422,18.49250030517578,18.25,18.315000534057617,15.563943862915039,2182160,0.0,0.0
2004-07-20 00:00:00+05:30,18.299999237060547,18.549999237060547,18.127500534057617,18.502500534057617,15.723281860351562,2999200,0.0,0.0
2004-07-21 00:00:00+05:30,18.575000762939453,18.75,18.350000381469727,18.510000228881836,15.729655265808105,7741680,0.0,0.0
2004-07-22 00:00:00+05:30,18.729999542236328,18.7450008392334,18.399999618530273,18.475000381469727,15.699910163879395,5581400,0.0,0.0
2004-07-23 00:00:00+05:30,18.424999237060547,18.549999237060547,18.225000381469727,18.479999542236328,15.704157829284668,3238740,0.0,0.0
2004-07-26 00:00:00+05:30,18.450000762939453,18.799999237060547,18.25,18.727500915527344,15.914483070373535,5362760,0.0,0.0
2004-07-27 00:00:00+05:30,18.600000381469727,18.797500610351562,18.350000381469727,18.6875,15.880489349365234,11159360,0.0,0.0
2004-07-28 00:00:00+05:30,18.700000762939453,18.700000762939453,18.40250015258789,18.604999542236328,15.810380935668945,5418400,0.0,0.0
2004-07-29 00:00:00+05:30,18.549999237060547,18.975000381469727,18.454999923706055,18.787500381469727,15.965468406677246,6601700,0.0,0.0
2004-07-30 00:00:00+05:30,18.799999237060547,18.850000381469727,18.524999618530273,18.760000228881836,15.942106246948242,5222880,0.0,0.0
2004-08-02 00:00:00+05:30,18.75,18.75,18.502500534057617,18.594999313354492,15.801886558532715,2245980,0.0,0.0
2004-08-03 00:00:00+05:30,18.594999313354492,18.600000381469727,18.174999237060547,18.25,15.508707046508789,7158740,0.0,0.0
2004-08-04 00:00:00+05:30,18.25,18.4375,18.0049991607666,18.25749969482422,15.515079498291016,2446800,0.0,0.0
2004-08-05 00:00:00+05:30,18.297500610351562,18.747499465942383,18.262500762939453,18.59749984741211,15.804011344909668,2630460,0.0,0.0
2004-08-06 00:00:00+05:30,18.405000686645508,18.5,18.049999237060547,18.3799991607666,15.61917781829834,2674760,0.0,0.0
2004-08-09 00:00:00+05:30,18.399999618530273,18.584999084472656,18.25,18.485000610351562,15.708407402038574,1797960,0.0,0.0
2004-08-10 00:00:00+05:30,18.524999618530273,18.774999618530273,18.49250030517578,18.704999923706055,15.895362854003906,3897940,0.0,0.0
2004-08-11 00:00:00+05:30,18.552499771118164,18.825000762939453,18.405000686645508,18.719999313354492,15.908109664916992,4504140,0.0,0.0
2004-08-12 00:00:00+05:30,18.565000534057617,18.69499969482422,18.415000915527344,18.540000915527344,15.755146026611328,1687520,0.0,0.0
2004-08-13 00:00:00+05:30,18.549999237060547,18.594999313354492,18.15250015258789,18.25,15.508707046508789,1464620,0.0,0.0
2004-08-16 00:00:00+05:30,18.174999237060547,18.267499923706055,18.030000686645508,18.09749984741211,15.37911605834961,1714300,0.0,0.0
2004-08-17 00:00:00+05:30,18.34000015258789,18.489999771118164,18.052499771118164,18.1825008392334,15.451347351074219,14637920,0.0,0.0
2004-08-18 00:00:00+05:30,18.200000762939453,18.25,18.0,18.075000762939453,15.359992980957031,4164500,0.0,0.0
2004-08-19 00:00:00+05:30,18.450000762939453,18.450000762939453,18.0,18.065000534057617,15.351493835449219,8524340,0.0,0.0
2004-08-20 00:00:00+05:30,18.065000534057617,18.174999237060547,17.8075008392334,17.844999313354492,15.164543151855469,1158180,0.0,0.0
2004-08-23 00:00:00+05:30,18.049999237060547,18.299999237060547,17.655000686645508,18.209999084472656,15.474715232849121,1747600,0.0,0.0
2004-08-24 00:00:00+05:30,18.25,18.822500228881836,18.107500076293945,18.737499237060547,15.922981262207031,2569200,0.0,0.0
2004-08-25 00:00:00+05:30,18.7450008392334,18.850000381469727,18.552499771118164,18.737499237060547,15.922981262207031,2424060,0.0,0.0
2004-08-26 00:00:00+05:30,18.7450008392334,19.094999313354492,18.604999542236328,18.97249984741211,16.122682571411133,5299840,0.0,0.0
2004-08-27 00:00:00+05:30,18.94499969482422,18.97249984741211,18.450000762939453,18.475000381469727,15.699910163879395,1470060,0.0,0.0
2004-08-30 00:00:00+05:30,18.5,18.6924991607666,18.399999618530273,18.5625,15.774264335632324,1165220,0.0,0.0
2004-08-31 00:00:00+05:30,18.399999618530273,18.5,18.27750015258789,18.38249969482422,15.621304512023926,2631180,0.0,0.0
2004-09-01 00:00:00+05:30,18.399999618530273,18.512500762939453,18.309999465942383,18.427499771118164,15.659543991088867,2123660,0.0,0.0
2004-09-02 00:00:00+05:30,18.362499237060547,18.690000534057617,18.360000610351562,18.545000076293945,15.759394645690918,1411400,0.0,0.0
2004-09-03 00:00:00+05:30,18.575000762939453,18.63249969482422,18.40250015258789,18.510000228881836,15.729655265808105,2173880,0.0,0.0
2004-09-06 00:00:00+05:30,18.549999237060547,18.899999618530273,18.462499618530273,18.857500076293945,16.02495765686035,2877880,0.0,0.0
2004-09-07 00:00:00+05:30,18.989999771118164,19.25,18.780000686645508,19.09000015258789,16.2225341796875,7010020,0.0,0.0
2004-09-08 00:00:00+05:30,19.104999542236328,20.017499923706055,18.600000381469727,19.702499389648438,16.743030548095703,30147280,0.0,0.0
2004-09-09 00:00:00+05:30,19.950000762939453,20.170000076293945,18.924999237060547,19.094999313354492,16.226781845092773,32847440,0.0,0.0
2004-09-10 00:00:00+05:30,19.149999618530273,19.735000610351562,19.112499237060547,19.479999542236328,16.553951263427734,16276440,0.0,0.0
2004-09-13 00:00:00+05:30,19.25,19.75,19.200000762939453,19.420000076293945,16.50296401977539,7969580,0.0,0.0
2004-09-14 00:00:00+05:30,19.4950008392334,19.75,19.25,19.565000534057617,16.62618637084961,6661420,0.0,0.0
2004-09-15 00:00:00+05:30,19.670000076293945,20.03499984741211,19.602500915527344,19.75749969482422,16.78976821899414,15839120,0.0,0.0
2004-09-16 00:00:00+05:30,19.895000457763672,19.975000381469727,19.732500076293945,19.772499084472656,16.80251693725586,6114280,0.0,0.0
2004-09-17 00:00:00+05:30,19.649999618530273,20.34000015258789,19.649999618530273,20.145000457763672,17.119062423706055,12427840,0.0,0.0
2004-09-20 00:00:00+05:30,20.149999618530273,20.5,19.770000457763672,20.252500534057617,17.210416793823242,12845500,0.0,0.0
2004-09-21 00:00:00+05:30,20.737499237060547,20.737499237060547,20.075000762939453,20.309999465942383,17.2592830657959,9729480,0.0,0.0
2004-09-22 00:00:00+05:30,20.44499969482422,20.6924991607666,20.200000762939453,20.610000610351562,17.51421356201172,17804960,0.0,0.0
2004-09-23 00:00:00+05:30,20.600000381469727,20.834999084472656,20.40999984741211,20.520000457763672,17.43773078918457,10806420,0.0,0.0
2004-09-24 00:00:00+05:30,20.399999618530273,20.622499465942383,20.077499389648438,20.232500076293945,17.193422317504883,13514680,0.0,0.0
2004-09-27 00:00:00+05:30,20.25,20.299999237060547,19.735000610351562,19.922500610351562,16.92998504638672,14691480,0.0,0.0
2004-09-28 00:00:00+05:30,20.002500534057617,20.44499969482422,20.002500534057617,20.2549991607666,17.212539672851562,14492220,0.0,0.0
2004-09-29 00:00:00+05:30,19.8125,20.5,19.8125,20.204999923706055,17.170055389404297,9512340,0.0,0.0
2004-09-30 00:00:00+05:30,20.399999618530273,20.420000076293945,20.0,20.100000381469727,17.080825805664062,7624880,0.0,0.0
2004-10-01 00:00:00+05:30,20.489999771118164,20.709999084472656,20.264999389648438,20.537500381469727,17.452606201171875,13503600,0.0,0.0
2004-10-04 00:00:00+05:30,20.795000076293945,20.940000534057617,20.565000534057617,20.80500030517578,17.6799259185791,10349300,0.0,0.0
2004-10-05 00:00:00+05:30,20.850000381469727,20.934999465942383,20.690000534057617,20.8125,17.68630027770996,7015420,0.0,0.0
2004-10-06 00:00:00+05:30,20.895000457763672,20.90250015258789,20.549999237060547,20.604999542236328,17.509967803955078,4422300,0.0,0.0
2004-10-07 00:00:00+05:30,20.84749984741211,20.84749984741211,20.274999618530273,20.50749969482422,17.4271183013916,2874820,0.0,0.0
2004-10-08 00:00:00+05:30,20.600000381469727,20.600000381469727,20.375,20.487499237060547,17.41012191772461,4251060,0.0,0.0
2004-10-11 00:00:00+05:30,20.399999618530273,20.592500686645508,20.350000381469727,20.44499969482422,17.374000549316406,2289540,0.0,0.0
2004-10-12 00:00:00+05:30,20.424999237060547,20.44499969482422,20.0575008392334,20.165000915527344,17.136058807373047,1820900,0.0,0.0
2004-10-13 00:00:00+05:30,20.165000915527344,20.165000915527344,20.165000915527344,20.165000915527344,17.136058807373047,0,0.0,0.0
2004-10-14 00:00:00+05:30,20.22249984741211,20.237499237060547,19.8075008392334,20.014999389648438,17.008590698242188,3147680,0.0,0.0
2004-10-15 00:00:00+05:30,20.350000381469727,20.395000457763672,20.06999969482422,20.309999465942383,17.2592830657959,4798240,0.0,0.0
2004-10-18 00:00:00+05:30,20.489999771118164,20.542499542236328,20.30500030517578,20.447500228881836,17.37612533569336,3941140,0.0,0.0
2004-10-19 00:00:00+05:30,20.450000762939453,20.842500686645508,20.43000030517578,20.735000610351562,17.62044334411621,8044720,0.0,0.0
2004-10-20 00:00:00+05:30,20.7450008392334,20.81999969482422,20.450000762939453,20.545000076293945,17.458980560302734,3898620,0.0,0.0
2004-10-21 00:00:00+05:30,20.594999313354492,20.594999313354492,20.012500762939453,20.184999465942383,17.153060913085938,5640560,0.0,0.0
2004-10-22 00:00:00+05:30,20.184999465942383,20.184999465942383,20.184999465942383,20.184999465942383,17.153060913085938,0,0.0,0.0
2004-10-25 00:00:00+05:30,20.375,20.600000381469727,20.260000228881836,20.487499237060547,17.41012191772461,6476080,0.0,0.0
2004-10-26 00:00:00+05:30,20.350000381469727,20.612499237060547,20.1825008392334,20.450000762939453,17.378252029418945,2917940,0.0,0.0
2004-10-27 00:00:00+05:30,20.645000457763672,21.149999618530273,20.5,20.864999771118164,17.73090934753418,8296680,0.0,0.0
2004-10-28 00:00:00+05:30,21.114999771118164,21.25,20.6825008392334,20.797500610351562,17.673553466796875,8760920,0.0,0.0
2004-10-29 00:00:00+05:30,20.552499771118164,20.885000228881836,20.552499771118164,20.7549991607666,17.637435913085938,5042440,0.0,0.0
2004-11-01 00:00:00+05:30,21.149999618530273,21.149999618530273,20.809999465942383,21.075000762939453,17.90936851501465,11031560,0.0,0.0
2004-11-02 00:00:00+05:30,20.950000762939453,21.145000457763672,20.774999618530273,21.037500381469727,17.877506256103516,5511000,0.0,0.0
2004-11-03 00:00:00+05:30,21.0625,21.475000381469727,21.0625,21.397499084472656,18.183429718017578,8372300,0.0,0.0
2004-11-04 00:00:00+05:30,21.700000762939453,21.700000762939453,21.212499618530273,21.252500534057617,18.060209274291992,3669840,0.0,0.0
2004-11-05 00:00:00+05:30,21.475000381469727,21.790000915527344,21.344999313354492,21.627500534057617,18.37887954711914,4943440,0.0,0.0
2004-11-08 00:00:00+05:30,21.850000381469727,22.697500228881836,21.702499389648438,22.607500076293945,19.211681365966797,13350760,0.0,0.0
2004-11-09 00:00:00+05:30,22.7549991607666,23.049999237060547,22.399999618530273,22.860000610351562,19.42625617980957,7656420,0.0,0.0
2004-11-10 00:00:00+05:30,22.96500015258789,23.850000381469727,22.96500015258789,23.670000076293945,20.114580154418945,11598680,0.0,0.0
2004-11-11 00:00:00+05:30,23.565000534057617,23.747499465942383,23.262500762939453,23.389999389648438,19.87664222717285,5099460,0.0,0.0
2004-11-12 00:00:00+05:30,23.600000381469727,23.6875,23.3075008392334,23.397499084472656,19.88300895690918,671860,0.0,0.0
2004-11-15 00:00:00+05:30,23.397499084472656,23.397499084472656,23.397499084472656,23.397499084472656,19.88300895690918,0,0.0,0.0
2004-11-16 00:00:00+05:30,23.5,24.44499969482422,23.424999237060547,24.202499389648438,20.567092895507812,10965740,0.0,0.0
2004-11-17 00:00:00+05:30,24.25,24.34749984741211,24.0625,24.135000228881836,20.50973892211914,8909660,0.0,0.0
2004-11-18 00:00:00+05:30,24.25,24.299999237060547,23.700000762939453,23.907499313354492,20.31640625,10123500,0.0,0.0
2004-11-19 00:00:00+05:30,24.075000762939453,24.600000381469727,23.959999084472656,24.142499923706055,20.5161075592041,11679560,0.0,0.0
2004-11-22 00:00:00+05:30,24.24250030517578,24.297500610351562,23.517499923706055,24.15999984741211,20.530982971191406,10444000,0.0,0.0
2004-11-23 00:00:00+05:30,24.299999237060547,24.399999618530273,24.049999237060547,24.364999771118164,20.70518684387207,3613020,0.0,0.0
2004-11-24 00:00:00+05:30,24.350000381469727,24.350000381469727,24.065000534057617,24.18000030517578,20.5479736328125,3669820,0.0,0.0
2004-11-25 00:00:00+05:30,24.399999618530273,25.100000381469727,24.202499389648438,24.954999923706055,21.20656394958496,8639340,0.0,0.0
2004-11-26 00:00:00+05:30,24.954999923706055,24.954999923706055,24.954999923706055,24.954999923706055,21.20656394958496,0,0.0,0.0
2004-11-29 00:00:00+05:30,24.3125,25.219999313354492,21.459999084472656,24.94499969482422,21.198068618774414,5391740,0.0,0.0
2004-11-30 00:00:00+05:30,25.100000381469727,25.149999618530273,24.75,24.834999084472656,21.104589462280273,6158380,0.0,0.0
2004-12-01 00:00:00+05:30,24.954999923706055,25.100000381469727,24.082500457763672,24.202499389648438,20.567092895507812,9358920,0.0,0.0
2004-12-02 00:00:00+05:30,24.739999771118164,24.75,24.25,24.420000076293945,20.751924514770508,11284800,0.0,0.0
2004-12-03 00:00:00+05:30,24.5,24.75,23.860000610351562,24.137500762939453,20.511859893798828,11661260,0.0,0.0
2004-12-06 00:00:00+05:30,24.137500762939453,24.547500610351562,23.75,23.829999923706055,20.250547409057617,11592140,0.0,0.0
2004-12-07 00:00:00+05:30,23.950000762939453,24.1924991607666,23.950000762939453,24.049999237060547,20.437501907348633,10543360,0.0,0.0
2004-12-08 00:00:00+05:30,24.59749984741211,24.59749984741211,23.454999923706055,23.56999969482422,20.02960205078125,4034240,0.0,0.0
2004-12-09 00:00:00+05:30,23.989999771118164,24.0,23.75,23.854999542236328,20.271791458129883,6662080,0.0,0.0
2004-12-10 00:00:00+05:30,23.75,23.75,23.225000381469727,23.344999313354492,19.838397979736328,9405840,0.0,0.0
2004-12-13 00:00:00+05:30,23.5,23.829999923706055,23.450000762939453,23.662500381469727,20.10820770263672,19560780,0.0,0.0
2004-12-14 00:00:00+05:30,23.797500610351562,23.9375,23.700000762939453,23.75749969482422,20.18893814086914,6775640,0.0,0.0
2004-12-15 00:00:00+05:30,23.774999618530273,24.0,23.600000381469727,23.707500457763672,20.146446228027344,6896200,0.0,0.0
2004-12-16 00:00:00+05:30,23.875,24.342500686645508,23.875,24.09000015258789,20.471494674682617,8749780,0.0,0.0
2004-12-17 00:00:00+05:30,24.299999237060547,24.3799991607666,23.77750015258789,24.087499618530273,20.46936798095703,5650120,0.0,0.0
2004-12-20 00:00:00+05:30,24.149999618530273,24.75,24.149999618530273,24.622499465942383,20.924009323120117,7636340,0.0,0.0
2004-12-21 00:00:00+05:30,24.75,24.850000381469727,24.52750015258789,24.809999465942383,21.083341598510742,9585840,0.0,0.0
2004-12-22 00:00:00+05:30,24.899999618530273,26.0,24.350000381469727,24.65999984741211,20.955875396728516,8915280,0.0,0.0
2004-12-23 00:00:00+05:30,24.9950008392334,25.0,24.399999618530273,24.704999923706055,20.994117736816406,5659700,0.0,0.0
2004-12-24 00:00:00+05:30,25.0,25.25,24.850000381469727,25.122499465942383,21.34890365600586,5650660,0.0,0.0
2004-12-27 00:00:00+05:30,25.25,25.350000381469727,24.862499237060547,25.2450008392334,21.453004837036133,3177320,0.0,0.0
2004-12-28 00:00:00+05:30,25.25,26.0,25.25,25.934999465942383,22.03936195373535,5067780,0.0,0.0
2004-12-29 00:00:00+05:30,26.0049991607666,26.200000762939453,25.50749969482422,25.7549991607666,21.886398315429688,3046460,0.0,0.0
2004-12-30 00:00:00+05:30,25.75749969482422,26.497499465942383,25.552499771118164,26.212499618530273,22.275178909301758,3992780,0.0,0.0
2004-12-31 00:00:00+05:30,26.049999237060547,26.25749969482422,25.854999542236328,26.017499923706055,22.109466552734375,2162300,0.0,0.0
2005-01-03 00:00:00+05:30,25.802499771118164,26.389999389648438,25.802499771118164,26.262500762939453,22.31766700744629,2591160,0.0,0.0
2005-01-04 00:00:00+05:30,26.252500534057617,26.549999237060547,25.25,25.97249984741211,22.071231842041016,4476120,0.0,0.0
2005-01-05 00:00:00+05:30,26.0,26.0,24.350000381469727,25.002500534057617,21.246929168701172,7975740,0.0,0.0
2005-01-06 00:00:00+05:30,25.002500534057617,25.489999771118164,23.950000762939453,24.25749969482422,20.613834381103516,9659020,0.0,0.0
2005-01-07 00:00:00+05:30,24.399999618530273,24.6875,24.225000381469727,24.512500762939453,20.83053207397461,5298000,0.0,0.0
2005-01-10 00:00:00+05:30,25.0,25.399999618530273,24.262500762939453,24.487499237060547,20.80928611755371,13225740,0.0,0.0
2005-01-11 00:00:00+05:30,24.5,24.587499618530273,24.0,24.170000076293945,20.539480209350586,4782220,0.0,0.0
2005-01-12 00:00:00+05:30,24.170000076293945,24.344999313354492,23.7549991607666,24.047500610351562,20.435379028320312,2837580,0.0,0.0
2005-01-13 00:00:00+05:30,24.0,25.399999618530273,24.0,24.94499969482422,21.198068618774414,10791840,0.0,0.0
2005-01-14 00:00:00+05:30,24.950000762939453,26.100000381469727,24.612499237060547,25.747499465942383,21.88002586364746,15903840,0.0,0.0
2005-01-17 00:00:00+05:30,26.0,26.450000762939453,25.407499313354492,26.002500534057617,22.096717834472656,9483580,0.0,0.0
2005-01-18 00:00:00+05:30,26.395000457763672,26.395000457763672,25.0,25.677499771118164,21.820541381835938,10000120,0.0,0.0
2005-01-19 00:00:00+05:30,25.885000228881836,26.25,25.477500915527344,25.94499969482422,22.04785919189453,9034920,0.0,0.0
2005-01-20 00:00:00+05:30,25.549999237060547,26.049999237060547,25.0,25.5674991607666,21.727066040039062,21816140,0.0,0.0
2005-01-24 00:00:00+05:30,25.69499969482422,25.69499969482422,24.299999237060547,24.5674991607666,20.877269744873047,16795520,0.0,0.0
2005-01-25 00:00:00+05:30,26.25,26.969999313354492,24.604999542236328,26.030000686645508,22.12009048461914,20124960,0.0,0.0
2005-01-27 00:00:00+05:30,26.112499237060547,27.399999618530273,25.899999618530273,26.88249969482422,22.84453773498535,24223080,0.0,0.0
2005-01-28 00:00:00+05:30,26.88249969482422,27.440000534057617,26.362499237060547,26.99250030517578,22.938016891479492,9751760,0.0,0.0
2005-01-31 00:00:00+05:30,26.825000762939453,28.5,26.75,28.229999542236328,23.989633560180664,13357080,0.0,0.0
2005-02-01 00:00:00+05:30,28.299999237060547,28.4375,27.512500762939453,28.00749969482422,23.800552368164062,7728060,0.0,0.0
2005-02-02 00:00:00+05:30,28.247499465942383,28.247499465942383,27.649999618530273,27.93000030517578,23.734697341918945,4604940,0.0,0.0
2005-02-03 00:00:00+05:30,27.950000762939453,28.75,27.850000381469727,28.674999237060547,24.36779022216797,8082380,0.0,0.0
2005-02-04 00:00:00+05:30,28.5,28.950000762939453,28.15250015258789,28.357500076293945,24.097984313964844,3578340,0.0,0.0
2005-02-07 00:00:00+05:30,28.262500762939453,28.75,27.602500915527344,28.087499618530273,23.86853790283203,2402500,0.0,0.0
2005-02-08 00:00:00+05:30,27.899999618530273,28.75,27.852500915527344,28.522499084472656,24.238197326660156,3514320,0.0,0.0
2005-02-09 00:00:00+05:30,28.600000381469727,29.4950008392334,28.5,29.405000686645508,24.988143920898438,6035080,0.0,0.0
2005-02-10 00:00:00+05:30,29.5,29.5,28.7549991607666,28.975000381469727,24.622730255126953,3415400,0.0,0.0
2005-02-11 00:00:00+05:30,28.997499465942383,28.997499465942383,28.399999618530273,28.75,24.431529998779297,4860720,0.0,0.0
2005-02-14 00:00:00+05:30,28.1200008392334,28.912500381469727,28.1200008392334,28.4325008392334,24.161718368530273,6259920,0.0,0.0
2005-02-15 00:00:00+05:30,28.75,28.899999618530273,28.0049991607666,28.125,23.900405883789062,6343000,0.0,0.0
2005-02-16 00:00:00+05:30,28.25,28.649999618530273,27.850000381469727,28.100000381469727,23.879167556762695,8738160,0.0,0.0
2005-02-17 00:00:00+05:30,28.0,28.18000030517578,27.7549991607666,27.915000915527344,23.721948623657227,3014800,0.0,0.0
2005-02-18 00:00:00+05:30,28.09749984741211,28.350000381469727,28.0,28.209999084472656,23.97263526916504,3233860,0.0,0.0
2005-02-21 00:00:00+05:30,28.44499969482422,28.44499969482422,27.712499618530273,28.024999618530273,23.8154296875,6217400,0.0,0.0
2005-02-22 00:00:00+05:30,27.799999237060547,28.25,27.799999237060547,28.030000686645508,23.81967544555664,3465320,0.0,0.0
2005-02-23 00:00:00+05:30,28.0,28.040000915527344,27.704999923706055,27.905000686645508,23.713455200195312,6198120,0.0,0.0
2005-02-24 00:00:00+05:30,28.1875,28.912500381469727,27.952499389648438,28.799999237060547,24.474016189575195,6712840,0.0,0.0
2005-02-25 00:00:00+05:30,28.797500610351562,28.797500610351562,28.104999542236328,28.50749969482422,24.225454330444336,3240960,0.0,0.0
2005-02-28 00:00:00+05:30,28.842500686645508,29.99250030517578,28.5625,29.364999771118164,24.954147338867188,14890860,0.0,0.0
2005-03-01 00:00:00+05:30,29.350000381469727,29.350000381469727,28.657499313354492,28.877500534057617,24.539875030517578,8460320,0.0,0.0
2005-03-02 00:00:00+05:30,29.100000381469727,29.100000381469727,28.5,28.837499618530273,24.505878448486328,3921340,0.0,0.0
2005-03-03 00:00:00+05:30,28.9950008392334,29.0,28.71500015258789,28.80500030517578,24.478269577026367,4623700,0.0,0.0
2005-03-04 00:00:00+05:30,28.950000762939453,29.84000015258789,28.857500076293945,29.295000076293945,24.894662857055664,6562140,0.0,0.0
2005-03-07 00:00:00+05:30,29.600000381469727,30.25,29.450000762939453,30.0575008392334,25.54263687133789,8105800,0.0,0.0
2005-03-08 00:00:00+05:30,30.149999618530273,31.25,30.149999618530273,30.709999084472656,26.09712028503418,10957960,0.0,0.0
2005-03-09 00:00:00+05:30,30.947500228881836,31.25,30.512500762939453,31.207500457763672,26.51988983154297,6385360,0.0,0.0
2005-03-10 00:00:00+05:30,31.00749969482422,31.43000030517578,30.612499237060547,30.770000457763672,26.148109436035156,4572280,0.0,0.0
2005-03-11 00:00:00+05:30,31.0,31.0,30.3075008392334,30.485000610351562,25.905914306640625,5219600,0.0,0.0
2005-03-14 00:00:00+05:30,30.485000610351562,30.600000381469727,30.049999237060547,30.135000228881836,25.608491897583008,4878320,0.0,0.0
2005-03-15 00:00:00+05:30,30.145000457763672,30.145000457763672,29.100000381469727,29.69499969482422,25.234580993652344,2474060,0.0,0.0
2005-03-16 00:00:00+05:30,29.7450008392334,30.200000762939453,29.200000762939453,29.707500457763672,25.24520492553711,3689500,0.0,0.0
2005-03-17 00:00:00+05:30,29.649999618530273,29.649999618530273,28.549999237060547,28.6200008392334,24.3210506439209,7541460,0.0,0.0
2005-03-18 00:00:00+05:30,28.600000381469727,28.697500228881836,28.104999542236328,28.295000076293945,24.04486846923828,3136380,0.0,0.0
2005-03-21 00:00:00+05:30,28.4950008392334,28.5,27.799999237060547,27.959999084472656,23.76018714904785,3007700,0.0,0.0
2005-03-22 00:00:00+05:30,27.502500534057617,27.799999237060547,27.27750015258789,27.587499618530273,23.443639755249023,4245940,0.0,0.0
2005-03-23 00:00:00+05:30,27.5,27.5,26.149999618530273,26.582500457763672,22.589597702026367,8238260,0.0,0.0
2005-03-24 00:00:00+05:30,30.200000762939453,30.200000762939453,25.399999618530273,25.97249984741211,22.071231842041016,8411140,0.0,0.0
2005-03-28 00:00:00+05:30,26.450000762939453,26.989999771118164,26.322500228881836,26.647499084472656,22.644838333129883,2087740,0.0,0.0
2005-03-29 00:00:00+05:30,26.700000762939453,27.25,26.252500534057617,26.84749984741211,22.814790725708008,3267660,0.0,0.0
2005-03-30 00:00:00+05:30,26.75,26.895000457763672,26.302499771118164,26.662500381469727,22.65758514404297,8576980,0.0,0.0
2005-03-31 00:00:00+05:30,26.94499969482422,27.4950008392334,26.760000228881836,27.24250030517578,23.150466918945312,4459280,0.0,0.0
2005-04-01 00:00:00+05:30,27.299999237060547,27.850000381469727,27.049999237060547,27.577499389648438,23.435142517089844,3359660,0.0,0.0
2005-04-04 00:00:00+05:30,27.600000381469727,27.69499969482422,27.012500762939453,27.610000610351562,23.462764739990234,2532680,0.0,0.0
2005-04-05 00:00:00+05:30,27.850000381469727,28.100000381469727,26.852500915527344,26.997499465942383,22.942270278930664,3840540,0.0,0.0
2005-04-06 00:00:00+05:30,26.8125,27.850000381469727,26.8125,27.667499542236328,23.511625289916992,4253720,0.0,0.0
2005-04-07 00:00:00+05:30,28.0,28.34749984741211,27.924999237060547,28.157499313354492,23.928020477294922,5089240,0.0,0.0
2005-04-08 00:00:00+05:30,28.197500228881836,28.25,26.899999618530273,27.332500457763672,23.226947784423828,4854300,0.0,0.0
2005-04-11 00:00:00+05:30,28.389999389648438,28.389999389648438,27.252500534057617,27.852500915527344,23.668842315673828,4174340,0.0,0.0
2005-04-12 00:00:00+05:30,27.950000762939453,27.997499465942383,27.5,27.924999237060547,23.730449676513672,2452720,0.0,0.0
2005-04-13 00:00:00+05:30,28.25,28.674999237060547,27.850000381469727,28.072500228881836,23.855792999267578,10028860,0.0,0.0
2005-04-15 00:00:00+05:30,28.049999237060547,28.084999084472656,26.649999618530273,26.927499771118164,22.88277816772461,5603660,0.0,0.0
2005-04-18 00:00:00+05:30,26.719999313354492,26.719999313354492,25.80500030517578,26.017499923706055,22.109466552734375,8953240,0.0,0.0
2005-04-19 00:00:00+05:30,26.5,26.75,26.327499389648438,26.565000534057617,22.57472801208496,5691120,0.0,0.0
2005-04-20 00:00:00+05:30,26.112499237060547,27.299999237060547,26.112499237060547,27.037500381469727,22.976259231567383,6287820,0.0,0.0
2005-04-21 00:00:00+05:30,31.612499237060547,31.612499237060547,26.25,27.287500381469727,23.188703536987305,2885120,0.0,0.0
2005-04-22 00:00:00+05:30,28.145000457763672,28.145000457763672,26.760000228881836,27.010000228881836,22.9528865814209,2867060,0.0,0.0
2005-04-25 00:00:00+05:30,27.25,27.25,26.75749969482422,27.0,22.94438934326172,2828580,0.0,0.0
2005-04-26 00:00:00+05:30,27.045000076293945,27.184999465942383,26.815000534057617,26.9325008392334,22.88703155517578,2919100,0.0,0.0
2005-04-27 00:00:00+05:30,26.552499771118164,27.040000915527344,26.552499771118164,26.872499465942383,22.836040496826172,2047640,0.0,0.0
2005-04-28 00:00:00+05:30,26.850000381469727,27.200000762939453,26.262500762939453,26.99250030517578,22.938016891479492,4590180,0.0,0.0
2005-04-29 00:00:00+05:30,26.81999969482422,27.012500762939453,26.149999618530273,26.75,22.7319393157959,4073600,0.0,0.0
2005-05-02 00:00:00+05:30,26.75,27.012500762939453,26.75,26.987499237060547,22.93376922607422,2006060,0.0,0.0
2005-05-03 00:00:00+05:30,26.950000762939453,27.094999313354492,26.852500915527344,27.014999389648438,22.957136154174805,4413260,0.0,0.0
2005-05-04 00:00:00+05:30,26.72249984741211,27.0,26.625,26.957500457763672,22.908273696899414,1494380,0.0,0.0
2005-05-05 00:00:00+05:30,27.200000762939453,27.7450008392334,27.200000762939453,27.327499389648438,23.22269630432129,5354180,0.0,0.0
2005-05-06 00:00:00+05:30,27.337499618530273,27.337499618530273,26.825000762939453,27.047500610351562,22.98475456237793,2897540,0.0,0.0
2005-05-09 00:00:00+05:30,22.399999618530273,27.739999771118164,22.399999618530273,27.012500762939453,22.955015182495117,8703540,0.0,0.0
2005-05-10 00:00:00+05:30,27.0049991607666,27.247499465942383,26.75,27.037500381469727,22.976259231567383,4435500,0.0,0.0
2005-05-11 00:00:00+05:30,26.6875,26.850000381469727,26.399999618530273,26.75,22.7319393157959,6023520,0.0,0.0
2005-05-12 00:00:00+05:30,26.75,26.9950008392334,26.357500076293945,26.467500686645508,22.491878509521484,8504740,0.0,0.0
2005-05-13 00:00:00+05:30,26.350000381469727,26.774999618530273,26.350000381469727,26.649999618530273,22.646961212158203,5353620,0.0,0.0
2005-05-16 00:00:00+05:30,26.950000762939453,27.100000381469727,26.725000381469727,26.979999542236328,22.927392959594727,2375420,0.0,0.0
2005-05-17 00:00:00+05:30,27.739999771118164,27.739999771118164,26.75,26.84000015258789,22.808422088623047,988480,0.0,0.0
2005-05-18 00:00:00+05:30,26.844999313354492,26.850000381469727,26.424999237060547,26.747499465942383,22.729814529418945,4434500,0.0,0.0
2005-05-19 00:00:00+05:30,27.239999771118164,27.25,26.950000762939453,27.155000686645508,23.07610511779785,3958280,0.0,0.0
2005-05-20 00:00:00+05:30,26.80500030517578,27.197500228881836,26.799999237060547,26.88249969482422,22.84453773498535,1009120,0.0,0.0
2005-05-23 00:00:00+05:30,26.899999618530273,27.625,26.899999618530273,27.497499465942383,23.367158889770508,2175720,0.0,0.0
2005-05-24 00:00:00+05:30,27.5049991607666,27.6924991607666,26.75,27.325000762939453,23.2205753326416,1422220,0.0,0.0
2005-05-25 00:00:00+05:30,27.360000610351562,27.360000610351562,26.857500076293945,27.012500762939453,22.955015182495117,2859780,0.0,0.0
2005-05-26 00:00:00+05:30,27.040000915527344,27.24250030517578,26.517499923706055,26.897499084472656,23.049274444580078,9312100,0.225,0.0
2005-05-27 00:00:00+05:30,26.924999237060547,27.184999465942383,26.802499771118164,27.032499313354492,23.16495704650879,4060300,0.0,0.0
2005-05-30 00:00:00+05:30,26.90999984741211,27.100000381469727,26.649999618530273,27.010000228881836,23.14567756652832,1828580,0.0,0.0
2005-05-31 00:00:00+05:30,27.200000762939453,27.200000762939453,26.700000762939453,26.977500915527344,23.11783218383789,3721540,0.0,0.0
2005-06-01 00:00:00+05:30,27.075000762939453,27.125,26.700000762939453,26.797500610351562,22.963581085205078,3363620,0.0,0.0
2005-06-02 00:00:00+05:30,27.100000381469727,27.157499313354492,26.8125,26.987499237060547,23.12639808654785,2982420,0.0,0.0
2005-06-03 00:00:00+05:30,27.0,27.350000381469727,26.774999618530273,27.290000915527344,23.385622024536133,3307520,0.0,0.0
2005-06-06 00:00:00+05:30,27.174999237060547,27.850000381469727,27.0575008392334,27.662500381469727,23.704824447631836,4690360,0.0,0.0
2005-06-07 00:00:00+05:30,27.662500381469727,29.997499465942383,27.399999618530273,29.417499542236328,25.208736419677734,11003440,0.0,0.0
2005-06-08 00:00:00+05:30,29.600000381469727,29.739999771118164,29.100000381469727,29.292499542236328,25.101619720458984,7090440,0.0,0.0
2005-06-09 00:00:00+05:30,29.399999618530273,29.424999237060547,28.75,28.954999923706055,24.812406539916992,4001360,0.0,0.0
2005-06-10 00:00:00+05:30,29.0,29.450000762939453,28.5,28.815000534057617,24.69243812561035,6604900,0.0,0.0
2005-06-13 00:00:00+05:30,29.200000762939453,29.25,28.40999984741211,29.114999771118164,24.94951820373535,3202420,0.0,0.0
2005-06-14 00:00:00+05:30,29.200000762939453,29.7450008392334,29.100000381469727,29.674999237060547,25.429399490356445,4845660,0.0,0.0
2005-06-15 00:00:00+05:30,30.354999542236328,30.354999542236328,29.0,29.5575008392334,25.32870864868164,4665100,0.0,0.0
2005-06-16 00:00:00+05:30,29.600000381469727,29.950000762939453,29.5,29.772499084472656,25.5129451751709,33804280,0.0,0.0
2005-06-17 00:00:00+05:30,30.0,30.049999237060547,29.399999618530273,29.857500076293945,25.585784912109375,3939660,0.0,0.0
2005-06-20 00:00:00+05:30,29.987499237060547,30.0,29.655000686645508,29.93000030517578,25.647912979125977,4479240,0.0,0.0
2005-06-21 00:00:00+05:30,29.774999618530273,30.25,29.607500076293945,30.1299991607666,25.81930160522461,7409900,0.0,0.0
2005-06-22 00:00:00+05:30,30.19499969482422,30.19499969482422,29.252500534057617,29.502500534057617,25.281578063964844,4708380,0.0,0.0
2005-06-23 00:00:00+05:30,29.920000076293945,29.920000076293945,28.75,29.02750015258789,24.874534606933594,4977280,0.0,0.0
2005-06-24 00:00:00+05:30,29.25,29.36750030517578,28.655000686645508,29.122499465942383,24.955942153930664,3412040,0.0,0.0
2005-06-27 00:00:00+05:30,29.0,30.170000076293945,29.0,29.982500076293945,25.692899703979492,6432800,0.0,0.0
2005-06-28 00:00:00+05:30,29.892499923706055,29.892499923706055,29.112499237060547,29.5,25.279430389404297,3543380,0.0,0.0
2005-06-29 00:00:00+05:30,29.735000610351562,30.4950008392334,29.5,30.079999923706055,25.77645492553711,12991060,0.0,0.0
2005-06-30 00:00:00+05:30,30.079999923706055,32.147499084472656,30.079999923706055,31.802499771118164,27.25251579284668,23277860,0.0,0.0
2005-07-01 00:00:00+05:30,30.8125,31.25,30.649999618530273,30.90250015258789,26.481277465820312,4499860,0.0,0.0
2005-07-04 00:00:00+05:30,31.147499084472656,31.75,31.0,31.59749984741211,27.07684326171875,4477220,0.0,0.0
2005-07-05 00:00:00+05:30,30.612499237060547,31.9950008392334,26.895000457763672,31.655000686645508,27.126117706298828,2953280,0.0,0.0
2005-07-06 00:00:00+05:30,31.649999618530273,32.5,31.360000610351562,32.32749938964844,27.702402114868164,4670460,0.0,0.0
2005-07-07 00:00:00+05:30,32.255001068115234,33.099998474121094,31.700000762939453,32.02750015258789,27.44532585144043,13045380,0.0,0.0
2005-07-08 00:00:00+05:30,32.20000076293945,32.70000076293945,32.11249923706055,32.59000015258789,27.927343368530273,3074900,0.0,0.0
2005-07-11 00:00:00+05:30,32.775001525878906,33.45000076293945,32.75,33.1974983215332,28.44792938232422,4453180,0.0,0.0
2005-07-12 00:00:00+05:30,33.150001525878906,33.5,32.407501220703125,32.90250015258789,28.195138931274414,6600040,0.0,0.0
2005-07-13 00:00:00+05:30,32.900001525878906,32.900001525878906,31.850000381469727,32.14250183105469,27.543874740600586,6980040,0.0,0.0
2005-07-14 00:00:00+05:30,32.14250183105469,32.75,31.450000762939453,32.2599983215332,27.64455795288086,13679400,0.0,0.0
2005-07-15 00:00:00+05:30,32.25,32.25,31.354999542236328,31.530000686645508,27.019001007080078,5006360,0.0,0.0
2005-07-18 00:00:00+05:30,31.649999618530273,31.899999618530273,31.200000762939453,31.387500762939453,26.89689064025879,10152100,0.0,0.0
2005-07-19 00:00:00+05:30,31.75,32.0,31.56999969482422,31.987499237060547,27.41105079650879,4910180,0.0,0.0
2005-07-20 00:00:00+05:30,32.150001525878906,33.75,31.825000762939453,32.06999969482422,27.48174285888672,5554700,0.0,0.0
2005-07-21 00:00:00+05:30,32.244998931884766,32.442501068115234,30.612499237060547,32.08000183105469,27.49031639099121,1608180,0.0,0.0
2005-07-22 00:00:00+05:30,31.850000381469727,32.4900016784668,30.662500381469727,32.42499923706055,27.785953521728516,12133160,0.0,0.0
2005-07-25 00:00:00+05:30,32.3849983215332,34.75,32.3849983215332,33.73249816894531,28.906387329101562,26202900,0.0,0.0
2005-07-26 00:00:00+05:30,33.75,34.400001525878906,33.70000076293945,33.912498474121094,29.060640335083008,15484700,0.0,0.0
2005-07-27 00:00:00+05:30,34.0,35.79999923706055,33.36750030517578,35.2599983215332,30.21533966064453,13549540,0.0,0.0
2005-07-28 00:00:00+05:30,35.2599983215332,35.2599983215332,35.2599983215332,35.2599983215332,30.21533966064453,0,0.0,0.0
2005-07-29 00:00:00+05:30,35.0,36.5,34.002498626708984,34.97249984741211,29.968982696533203,43754360,0.0,0.0
2005-08-01 00:00:00+05:30,34.494998931884766,34.79999923706055,33.5,33.82500076293945,28.985652923583984,6123760,0.0,0.0
2005-08-02 00:00:00+05:30,34.0,34.09749984741211,33.275001525878906,33.45000076293945,28.664304733276367,6627020,0.0,0.0
2005-08-03 00:00:00+05:30,33.55500030517578,34.45000076293945,33.5,33.837501525878906,28.996366500854492,11294380,0.0,0.0
2005-08-04 00:00:00+05:30,37.0,37.0,33.849998474121094,34.224998474121094,29.328426361083984,4080100,0.0,0.0
2005-08-05 00:00:00+05:30,34.345001220703125,34.5,33.55500030517578,33.70750045776367,28.884965896606445,4549640,0.0,0.0
2005-08-08 00:00:00+05:30,38.25,38.25,32.557498931884766,32.88750076293945,28.18228530883789,8232600,0.0,0.0
2005-08-09 00:00:00+05:30,32.25,33.22999954223633,32.25,32.71500015258789,28.034465789794922,4424020,0.0,0.0
2005-08-10 00:00:00+05:30,33.75,33.75,32.76250076293945,33.01250076293945,28.28940200805664,6420460,0.0,0.0
2005-08-11 00:00:00+05:30,33.375,33.599998474121094,32.75,33.057498931884766,28.32796287536621,13098020,0.0,0.0
2005-08-12 00:00:00+05:30,32.54999923706055,33.5,32.54999923706055,33.0099983215332,28.28725814819336,9285200,0.0,0.0
2005-08-16 00:00:00+05:30,33.400001525878906,33.400001525878906,32.150001525878906,32.36000061035156,27.730253219604492,8544660,0.0,0.0
2005-08-17 00:00:00+05:30,32.45000076293945,33.400001525878906,32.45000076293945,32.80500030517578,28.11158561706543,9712800,0.0,0.0
2005-08-18 00:00:00+05:30,33.404998779296875,33.404998779296875,32.810001373291016,33.150001525878906,28.4072322845459,3056600,0.0,0.0
2005-08-19 00:00:00+05:30,32.900001525878906,33.20000076293945,32.75749969482422,32.942501068115234,28.229415893554688,3277120,0.0,0.0
2005-08-22 00:00:00+05:30,33.64500045776367,33.64500045776367,32.650001525878906,32.880001068115234,28.175859451293945,2339700,0.0,0.0
2005-08-23 00:00:00+05:30,32.5,33.19499969482422,31.4950008392334,32.43000030517578,27.790241241455078,5191700,0.0,0.0
2005-08-24 00:00:00+05:30,32.25,32.900001525878906,31.467500686645508,32.58000183105469,27.918779373168945,11929100,0.0,0.0
2005-08-25 00:00:00+05:30,32.494998931884766,32.599998474121094,31.917499542236328,32.47249984741211,27.826658248901367,9922060,0.0,0.0
2005-08-26 00:00:00+05:30,32.95000076293945,33.19499969482422,31.517499923706055,31.735000610351562,27.19467544555664,7304740,0.0,0.0
2005-08-29 00:00:00+05:30,32.150001525878906,32.349998474121094,31.412500381469727,31.940000534057617,27.370344161987305,9024960,0.0,0.0
2005-08-30 00:00:00+05:30,31.75,32.497501373291016,31.75,32.33000183105469,27.704545974731445,5091500,0.0,0.0
2005-08-31 00:00:00+05:30,32.45000076293945,32.497501373291016,31.602500915527344,32.01250076293945,27.432472229003906,3057360,0.0,0.0
2005-09-01 00:00:00+05:30,32.48249816894531,32.48249816894531,31.462499618530273,31.592500686645508,27.072559356689453,2861480,0.0,0.0
2005-09-02 00:00:00+05:30,31.549999237060547,32.022499084472656,31.549999237060547,31.815000534057617,27.263225555419922,8334960,0.0,0.0
2005-09-05 00:00:00+05:30,31.80500030517578,32.20000076293945,31.80500030517578,32.0099983215332,27.43033218383789,2009020,0.0,0.0
2005-09-06 00:00:00+05:30,32.04999923706055,32.20000076293945,31.77750015258789,32.125,27.528873443603516,2086800,0.0,0.0
2005-09-08 00:00:00+05:30,32.20000076293945,32.849998474121094,32.0,32.79249954223633,28.100875854492188,3873220,0.0,0.0
2005-09-09 00:00:00+05:30,32.849998474121094,34.0,32.60499954223633,33.8025016784668,28.966373443603516,8359460,0.0,0.0
2005-09-12 00:00:00+05:30,33.79999923706055,33.997501373291016,33.04999923706055,33.86750030517578,29.02207374572754,5412500,0.0,0.0
2005-09-13 00:00:00+05:30,33.75,34.5,33.3025016784668,34.36249923706055,29.44625473022461,8343600,0.0,0.0
2005-09-14 00:00:00+05:30,34.150001525878906,34.599998474121094,33.810001373291016,34.397499084472656,29.476247787475586,9095240,0.0,0.0
2005-09-15 00:00:00+05:30,34.400001525878906,34.650001525878906,34.307498931884766,34.61249923706055,29.660490036010742,8961700,0.0,0.0
2005-09-16 00:00:00+05:30,34.900001525878906,34.900001525878906,34.314998626708984,34.61750030517578,29.66477394104004,7982860,0.0,0.0
2005-09-19 00:00:00+05:30,34.849998474121094,35.74250030517578,34.849998474121094,35.41999816894531,30.35246467590332,8056640,0.0,0.0
2005-09-20 00:00:00+05:30,35.150001525878906,37.0,35.150001525878906,36.61750030517578,31.378629684448242,13400840,0.0,0.0
2005-09-21 00:00:00+05:30,36.51499938964844,36.77750015258789,35.55500030517578,36.22999954223633,31.046581268310547,12722980,0.0,0.0
2005-09-22 00:00:00+05:30,36.0,36.022499084472656,34.224998474121094,34.59000015258789,29.641202926635742,10153360,0.0,0.0
2005-09-23 00:00:00+05:30,34.595001220703125,34.595001220703125,33.04999923706055,33.497501373291016,28.70501708984375,12744820,0.0,0.0
2005-09-26 00:00:00+05:30,33.5,34.002498626708984,33.27000045776367,33.959999084472656,29.101343154907227,7805680,0.0,0.0
2005-09-27 00:00:00+05:30,34.0,34.79999923706055,33.7599983215332,34.11249923706055,29.232017517089844,8501240,0.0,0.0
2005-09-28 00:00:00+05:30,34.5,35.1974983215332,34.150001525878906,34.79999923706055,29.8211612701416,15560220,0.0,0.0
2005-09-29 00:00:00+05:30,34.89500045776367,35.349998474121094,34.00749969482422,34.79999923706055,29.8211612701416,32939180,0.0,0.0
2005-09-30 00:00:00+05:30,34.98500061035156,34.98500061035156,31.612499237060547,34.25749969482422,29.356279373168945,8151180,0.0,0.0
2005-10-03 00:00:00+05:30,34.25749969482422,34.7400016784668,33.71500015258789,33.83250045776367,28.99208641052246,10219500,0.0,0.0
2005-10-04 00:00:00+05:30,34.5,35.75,34.5,35.494998931884766,30.416728973388672,16914460,0.0,0.0
2005-10-05 00:00:00+05:30,35.05500030517578,35.724998474121094,34.85749816894531,35.13249969482422,30.1060848236084,5747560,0.0,0.0
2005-10-06 00:00:00+05:30,34.7400016784668,34.74250030517578,33.5,34.102500915527344,29.22344970703125,8633020,0.0,0.0
2005-10-07 00:00:00+05:30,33.95000076293945,34.16999816894531,33.25,33.9275016784668,29.073497772216797,7313220,0.0,0.0
2005-10-10 00:00:00+05:30,34.625,34.625,34.0,34.412498474121094,29.48910140991211,4209660,0.0,0.0
2005-10-11 00:00:00+05:30,34.89500045776367,34.89500045776367,33.567501068115234,34.4900016784668,29.55552101135254,4694020,0.0,0.0
2005-10-13 00:00:00+05:30,34.07500076293945,34.39500045776367,33.752498626708984,33.89500045776367,29.045637130737305,6001420,0.0,0.0
2005-10-14 00:00:00+05:30,33.599998474121094,33.599998474121094,32.75,32.970001220703125,28.252979278564453,7900180,0.0,0.0
2005-10-17 00:00:00+05:30,33.25,33.25,32.04999923706055,32.720001220703125,28.038747787475586,9304820,0.0,0.0
2005-10-18 00:00:00+05:30,32.95000076293945,33.48749923706055,32.75,32.88750076293945,28.18228530883789,9193300,0.0,0.0
2005-10-19 00:00:00+05:30,32.17499923706055,33.0,31.600000381469727,32.38249969482422,27.749534606933594,5812620,0.0,0.0
2005-10-20 00:00:00+05:30,32.54999923706055,32.650001525878906,32.005001068115234,32.19499969482422,27.588863372802734,7182320,0.0,0.0
2005-10-21 00:00:00+05:30,33.0,33.0,32.099998474121094,32.38249969482422,27.749534606933594,7135200,0.0,0.0
2005-10-24 00:00:00+05:30,32.6349983215332,32.6349983215332,31.412500381469727,31.774999618530273,27.22895050048828,5399780,0.0,0.0
2005-10-25 00:00:00+05:30,32.224998474121094,32.224998474121094,31.112499237060547,31.532499313354492,27.021142959594727,10631520,0.0,0.0
2005-10-26 00:00:00+05:30,32.0,32.0,31.350000381469727,31.5049991607666,26.99757957458496,7645620,0.0,0.0
2005-10-27 00:00:00+05:30,31.549999237060547,31.645000457763672,31.010000228881836,31.229999542236328,26.76192283630371,14684500,0.0,0.0
2005-10-28 00:00:00+05:30,31.100000381469727,31.100000381469727,30.149999618530273,30.547500610351562,26.177066802978516,7971600,0.0,0.0
2005-10-31 00:00:00+05:30,30.614999771118164,31.299999237060547,30.200000762939453,30.332500457763672,25.99282455444336,8748100,0.0,0.0
2005-11-02 00:00:00+05:30,30.774999618530273,32.4900016784668,30.774999618530273,31.03499984741211,26.594820022583008,11421500,0.0,0.0
2005-11-04 00:00:00+05:30,31.03499984741211,31.03499984741211,31.03499984741211,31.03499984741211,26.594820022583008,0,0.0,0.0
2005-11-07 00:00:00+05:30,31.25,31.75,30.80500030517578,31.262500762939453,26.78977394104004,99692920,0.0,0.0
2005-11-08 00:00:00+05:30,31.747499465942383,32.04999923706055,31.415000915527344,31.899999618530273,27.33606719970703,13195860,0.0,0.0
2005-11-09 00:00:00+05:30,32.150001525878906,32.397499084472656,31.197500228881836,31.594999313354492,27.07469940185547,16626560,0.0,0.0
2005-11-10 00:00:00+05:30,31.549999237060547,31.75,31.202499389648438,31.542499542236328,27.029712677001953,13405880,0.0,0.0
2005-11-11 00:00:00+05:30,31.542499542236328,32.0,31.362499237060547,31.760000228881836,27.216093063354492,15625240,0.0,0.0
2005-11-14 00:00:00+05:30,32.349998474121094,34.099998474121094,32.099998474121094,33.787498474121094,28.953521728515625,18391580,0.0,0.0
2005-11-16 00:00:00+05:30,33.75,35.0,33.602500915527344,34.497501373291016,29.56194305419922,11577600,0.0,0.0
2005-11-17 00:00:00+05:30,34.75,35.002498626708984,34.51250076293945,34.942501068115234,29.943275451660156,8169620,0.0,0.0
2005-11-18 00:00:00+05:30,35.0,35.349998474121094,34.80500030517578,34.967498779296875,29.964696884155273,3552720,0.0,0.0
2005-11-21 00:00:00+05:30,34.967498779296875,34.967498779296875,33.79999923706055,33.98249816894531,29.120622634887695,7852600,0.0,0.0
2005-11-22 00:00:00+05:30,34.150001525878906,34.595001220703125,33.70750045776367,33.875,29.02850914001465,8413820,0.0,0.0
2005-11-23 00:00:00+05:30,33.95000076293945,34.75,33.79999923706055,34.474998474121094,29.542661666870117,4754700,0.0,0.0
2005-11-24 00:00:00+05:30,35.20000076293945,35.20000076293945,34.29999923706055,34.55500030517578,29.6112117767334,7971480,0.0,0.0
2005-11-25 00:00:00+05:30,34.650001525878906,34.939998626708984,34.5625,34.88249969482422,29.891857147216797,5589960,0.0,0.0
2005-11-28 00:00:00+05:30,34.95000076293945,35.20000076293945,34.599998474121094,34.78499984741211,29.808311462402344,4772240,0.0,0.0
2005-11-29 00:00:00+05:30,34.84000015258789,34.84000015258789,34.01250076293945,34.244998931884766,29.34556770324707,4299060,0.0,0.0
2005-11-30 00:00:00+05:30,34.29999923706055,35.099998474121094,34.0525016784668,34.345001220703125,29.431255340576172,7706280,0.0,0.0
2005-12-01 00:00:00+05:30,34.35499954223633,35.005001068115234,33.82500076293945,34.837501525878906,29.85329818725586,4733020,0.0,0.0
2005-12-02 00:00:00+05:30,35.0,35.69499969482422,34.75,34.935001373291016,29.936843872070312,6731780,0.0,0.0
2005-12-05 00:00:00+05:30,35.0,35.04999923706055,34.25,34.369998931884766,29.45268440246582,3044960,0.0,0.0
2005-12-06 00:00:00+05:30,34.099998474121094,34.69499969482422,33.852500915527344,34.04750061035156,29.17632293701172,3001160,0.0,0.0
2005-12-07 00:00:00+05:30,34.0525016784668,34.88999938964844,34.04999923706055,34.70000076293945,29.735471725463867,3881460,0.0,0.0
2005-12-08 00:00:00+05:30,34.70000076293945,34.82500076293945,34.33000183105469,34.412498474121094,29.48910140991211,7073840,0.0,0.0
2005-12-09 00:00:00+05:30,34.5,34.7400016784668,34.0,34.400001525878906,29.4783935546875,3558000,0.0,0.0
2005-12-12 00:00:00+05:30,34.650001525878906,35.04999923706055,34.20249938964844,34.377498626708984,29.459110260009766,6600580,0.0,0.0
2005-12-13 00:00:00+05:30,34.70000076293945,35.20000076293945,34.26499938964844,34.7400016784668,29.769742965698242,11441960,0.0,0.0
2005-12-14 00:00:00+05:30,34.849998474121094,36.150001525878906,34.814998626708984,35.93000030517578,30.78949737548828,16593580,0.0,0.0
2005-12-15 00:00:00+05:30,36.20000076293945,36.70000076293945,35.04499816894531,35.19499969482422,30.159648895263672,5990720,0.0,0.0
2005-12-16 00:00:00+05:30,35.07500076293945,35.48500061035156,34.404998779296875,35.04249954223633,30.028968811035156,10172760,0.0,0.0
2005-12-19 00:00:00+05:30,35.349998474121094,35.747501373291016,34.849998474121094,35.58000183105469,30.489574432373047,6324660,0.0,0.0
2005-12-20 00:00:00+05:30,35.625,37.04999923706055,35.54999923706055,36.772499084472656,31.511457443237305,12918100,0.0,0.0
2005-12-21 00:00:00+05:30,37.220001220703125,37.400001525878906,36.060001373291016,36.34749984741211,31.147262573242188,8525720,0.0,0.0
2005-12-22 00:00:00+05:30,36.5,37.349998474121094,36.25,37.10749816894531,31.79852294921875,5801320,0.0,0.0
2005-12-23 00:00:00+05:30,37.04999923706055,37.42499923706055,35.75,36.01499938964844,30.862335205078125,4688620,0.0,0.0
2005-12-26 00:00:00+05:30,35.900001525878906,36.2400016784668,35.0,35.41999816894531,30.35246467590332,4794700,0.0,0.0
2005-12-27 00:00:00+05:30,35.099998474121094,35.744998931884766,35.005001068115234,35.41999816894531,30.35246467590332,4711060,0.0,0.0
2005-12-28 00:00:00+05:30,35.900001525878906,36.349998474121094,35.01750183105469,35.13249969482422,30.1060848236084,6511700,0.0,0.0
2005-12-29 00:00:00+05:30,35.5,35.625,35.20000076293945,35.3224983215332,30.268909454345703,4745080,0.0,0.0
2005-12-30 00:00:00+05:30,35.650001525878906,35.650001525878906,35.162498474121094,35.4375,30.367454528808594,4254200,0.0,0.0
2006-01-02 00:00:00+05:30,35.4375,35.997501373291016,35.349998474121094,35.67250061035156,30.568830490112305,5371040,0.0,0.0
2006-01-03 00:00:00+05:30,34.0,35.900001525878906,34.0,35.665000915527344,30.56240463256836,2565580,0.0,0.0
2006-01-04 00:00:00+05:30,36.0,36.752498626708984,35.70000076293945,36.602500915527344,31.36577796936035,10739840,0.0,0.0
2006-01-05 00:00:00+05:30,36.599998474121094,37.150001525878906,36.26250076293945,36.974998474121094,31.684988021850586,7707000,0.0,0.0
2006-01-06 00:00:00+05:30,37.0,38.75,36.5,38.4474983215332,32.94681167602539,17233720,0.0,0.0
2006-01-09 00:00:00+05:30,37.90999984741211,38.650001525878906,37.0,38.24250030517578,32.771141052246094,11035400,0.0,0.0
2006-01-10 00:00:00+05:30,38.244998931884766,38.5,37.26499938964844,37.41749954223633,32.064186096191406,13599600,0.0,0.0
2006-01-12 00:00:00+05:30,37.41749954223633,37.939998626708984,37.0,37.33250045776367,31.991348266601562,7899020,0.0,0.0
2006-01-13 00:00:00+05:30,37.63999938964844,37.63999938964844,36.29999923706055,36.494998931884766,31.273649215698242,6765760,0.0,0.0
2006-01-16 00:00:00+05:30,36.95000076293945,37.35499954223633,36.349998474121094,37.06999969482422,31.76639747619629,6856240,0.0,0.0
2006-01-17 00:00:00+05:30,37.04999923706055,37.647499084472656,37.04999923706055,37.45000076293945,32.092037200927734,5220240,0.0,0.0
2006-01-18 00:00:00+05:30,37.20000076293945,37.625,36.005001068115234,37.23500061035156,31.907779693603516,12489720,0.0,0.0
2006-01-19 00:00:00+05:30,37.23500061035156,37.23500061035156,36.01499938964844,36.42250061035156,31.211532592773438,12867000,0.0,0.0
2006-01-20 00:00:00+05:30,36.525001525878906,37.20000076293945,36.10499954223633,36.25749969482422,31.070138931274414,9704300,0.0,0.0
2006-01-23 00:00:00+05:30,36.275001525878906,36.4900016784668,35.04999923706055,35.974998474121094,30.828054428100586,8355020,0.0,0.0
2006-01-24 00:00:00+05:30,36.099998474121094,36.45000076293945,35.6775016784668,35.79499816894531,30.673805236816406,12690180,0.0,0.0
2006-01-25 00:00:00+05:30,35.8125,36.45000076293945,35.657501220703125,35.94499969482422,30.802350997924805,17554040,0.0,0.0
2006-01-27 00:00:00+05:30,37.2400016784668,37.5,36.5525016784668,36.85499954223633,31.582151412963867,13302280,0.0,0.0
2006-01-30 00:00:00+05:30,36.85499954223633,37.4474983215332,36.70500183105469,37.1775016784668,31.858524322509766,6622920,0.0,0.0
2006-01-31 00:00:00+05:30,36.810001373291016,38.31999969482422,36.5,38.122501373291016,32.66831970214844,12300080,0.0,0.0
2006-02-01 00:00:00+05:30,38.25,38.70000076293945,36.75,36.939998626708984,31.654993057250977,12744080,0.0,0.0
2006-02-02 00:00:00+05:30,36.939998626708984,37.599998474121094,36.8025016784668,36.974998474121094,31.684988021850586,9553120,0.0,0.0
2006-02-03 00:00:00+05:30,36.70000076293945,36.98249816894531,36.224998474121094,36.592498779296875,31.357215881347656,5538040,0.0,0.0
2006-02-06 00:00:00+05:30,36.592498779296875,37.5,36.29999923706055,37.2400016784668,31.912073135375977,11492980,0.0,0.0
2006-02-07 00:00:00+05:30,36.79999923706055,38.75,36.7599983215332,38.537498474121094,33.0239372253418,17486980,0.0,0.0
2006-02-08 00:00:00+05:30,38.599998474121094,38.599998474121094,37.5,38.122501373291016,32.66831970214844,6704440,0.0,0.0
2006-02-10 00:00:00+05:30,38.44499969482422,38.599998474121094,37.61000061035156,38.102500915527344,32.65118408203125,12122420,0.0,0.0
2006-02-13 00:00:00+05:30,37.54999923706055,38.099998474121094,37.15250015258789,37.3224983215332,31.982769012451172,5819760,0.0,0.0
2006-02-14 00:00:00+05:30,37.54999923706055,37.997501373291016,36.959999084472656,37.39500045776367,32.044891357421875,11979880,0.0,0.0
2006-02-15 00:00:00+05:30,37.45000076293945,37.75,36.849998474121094,37.1875,31.867084503173828,8121820,0.0,0.0
2006-02-16 00:00:00+05:30,37.1875,38.44499969482422,36.814998626708984,38.0,32.56333541870117,9489300,0.0,0.0
2006-02-17 00:00:00+05:30,38.375,38.375,36.82500076293945,37.11750030517578,31.80710220336914,9582640,0.0,0.0
2006-02-20 00:00:00+05:30,37.0,37.244998931884766,36.0,36.11000061035156,30.943744659423828,10184960,0.0,0.0
2006-02-21 00:00:00+05:30,36.5,36.5,36.125,36.2400016784668,31.055143356323242,7511140,0.0,0.0
2006-02-22 00:00:00+05:30,36.2400016784668,36.48500061035156,36.07749938964844,36.33250045776367,31.134403228759766,6388940,0.0,0.0
2006-02-23 00:00:00+05:30,36.099998474121094,36.439998626708984,35.599998474121094,36.09749984741211,30.933032989501953,22109140,0.0,0.0
2006-02-24 00:00:00+05:30,36.11000061035156,36.11000061035156,35.29999923706055,35.5724983215332,30.483135223388672,19275300,0.0,0.0
2006-02-27 00:00:00+05:30,36.005001068115234,36.584999084472656,35.8025016784668,36.407501220703125,31.198680877685547,6295700,0.0,0.0
2006-02-28 00:00:00+05:30,36.717498779296875,37.20000076293945,36.1875,36.85749816894531,31.58429718017578,9854140,0.0,0.0
2006-03-01 00:00:00+05:30,36.75,37.5,36.25,37.342498779296875,31.99990463256836,9687980,0.0,0.0
2006-03-02 00:00:00+05:30,37.494998931884766,38.0,36.752498626708984,37.912498474121094,32.48835754394531,10085820,0.0,0.0
2006-03-03 00:00:00+05:30,38.0,38.11249923706055,37.352500915527344,37.98500061035156,32.55049133300781,9819440,0.0,0.0
2006-03-06 00:00:00+05:30,38.0,38.20000076293945,37.79999923706055,38.005001068115234,32.567626953125,6337520,0.0,0.0
2006-03-07 00:00:00+05:30,37.462501525878906,38.20000076293945,37.462501525878906,37.88750076293945,32.46693801879883,11025360,0.0,0.0
2006-03-08 00:00:00+05:30,37.75,38.48749923706055,37.0,38.002498626708984,32.56548309326172,16202260,0.0,0.0
2006-03-09 00:00:00+05:30,37.26250076293945,37.974998474121094,36.95000076293945,37.5099983215332,32.14344024658203,14531960,0.0,0.0
2006-03-10 00:00:00+05:30,37.599998474121094,38.220001220703125,37.25749969482422,37.45000076293945,32.092037200927734,15856220,0.0,0.0
2006-03-13 00:00:00+05:30,37.747501373291016,38.75,36.54999923706055,38.462501525878906,32.95967483520508,10989660,0.0,0.0
2006-03-14 00:00:00+05:30,38.79999923706055,38.79999923706055,37.51750183105469,38.099998474121094,32.6490364074707,7331980,0.0,0.0
2006-03-16 00:00:00+05:30,37.755001068115234,38.599998474121094,37.755001068115234,38.380001068115234,32.88897705078125,12118500,0.0,0.0
2006-03-17 00:00:00+05:30,38.599998474121094,38.599998474121094,37.662498474121094,38.212501525878906,32.74543762207031,4807020,0.0,0.0
2006-03-20 00:00:00+05:30,38.25,38.75,37.95000076293945,38.27750015258789,32.8011360168457,10559760,0.0,0.0
2006-03-21 00:00:00+05:30,38.650001525878906,38.650001525878906,37.54999923706055,37.7400016784668,32.340538024902344,6651520,0.0,0.0
2006-03-22 00:00:00+05:30,37.595001220703125,38.25,37.502498626708984,37.86750030517578,32.449798583984375,8610360,0.0,0.0
2006-03-23 00:00:00+05:30,37.459999084472656,37.95000076293945,36.915000915527344,37.09749984741211,31.789962768554688,5685020,0.0,0.0
2006-03-24 00:00:00+05:30,37.494998931884766,37.494998931884766,36.502498626708984,36.74250030517578,31.485740661621094,6767380,0.0,0.0
2006-03-27 00:00:00+05:30,38.439998626708984,38.439998626708984,36.75,36.912498474121094,31.631433486938477,36594320,0.0,0.0
2006-03-28 00:00:00+05:30,36.55500030517578,37.349998474121094,36.04999923706055,37.1349983215332,31.822093963623047,6186960,0.0,0.0
2006-03-29 00:00:00+05:30,37.099998474121094,37.5,36.82500076293945,37.3125,31.97420883178711,6608660,0.0,0.0
2006-03-30 00:00:00+05:30,37.099998474121094,40.599998474121094,37.099998474121094,38.974998474121094,33.39884567260742,12539560,0.0,0.0
2006-03-31 00:00:00+05:30,38.75,39.25,38.0,38.712501525878906,33.17390823364258,9886800,0.0,0.0
2006-04-03 00:00:00+05:30,38.712501525878906,39.04499816894531,38.099998474121094,38.692501068115234,33.15675735473633,6365740,0.0,0.0
2006-04-04 00:00:00+05:30,38.900001525878906,41.9474983215332,38.900001525878906,41.64250183105469,35.68470764160156,13883040,0.0,0.0
2006-04-05 00:00:00+05:30,41.95000076293945,42.29999923706055,41.599998474121094,42.04999923706055,36.03389358520508,7771640,0.0,0.0
2006-04-07 00:00:00+05:30,41.869998931884766,42.70000076293945,40.04999923706055,40.8849983215332,35.035579681396484,7324740,0.0,0.0
2006-04-10 00:00:00+05:30,40.95000076293945,41.994998931884766,40.5,41.26499938964844,35.361209869384766,4238640,0.0,0.0
2006-04-12 00:00:00+05:30,41.20000076293945,41.25,40.11249923706055,40.45000076293945,34.66281509399414,5791500,0.0,0.0
2006-04-13 00:00:00+05:30,40.45000076293945,40.849998474121094,39.51499938964844,40.1974983215332,34.446434020996094,7893600,0.0,0.0
2006-04-17 00:00:00+05:30,40.2599983215332,41.102500915527344,39.76250076293945,40.72999954223633,34.90275573730469,7736800,0.0,0.0
2006-04-18 00:00:00+05:30,41.20000076293945,42.099998474121094,41.20000076293945,41.72249984741211,35.753265380859375,6102860,0.0,0.0
2006-04-19 00:00:00+05:30,42.00749969482422,42.8849983215332,42.0,42.42499923706055,36.35525894165039,9822560,0.0,0.0
2006-04-20 00:00:00+05:30,42.474998474121094,42.75,41.51250076293945,42.5,36.419525146484375,7620100,0.0,0.0
2006-04-21 00:00:00+05:30,41.875,43.25,41.875,42.432498931884766,36.36167526245117,28008920,0.0,0.0
2006-04-24 00:00:00+05:30,42.125,42.3849983215332,40.45000076293945,41.119998931884766,35.236968994140625,11868720,0.0,0.0
2006-04-25 00:00:00+05:30,41.154998779296875,41.75,41.0,41.23249816894531,35.3333625793457,17786760,0.0,0.0
2006-04-26 00:00:00+05:30,41.25,42.599998474121094,41.0724983215332,41.852500915527344,35.864654541015625,18299760,0.0,0.0
2006-04-27 00:00:00+05:30,41.849998474121094,42.70000076293945,40.3125,41.209999084472656,35.314083099365234,18850140,0.0,0.0
2006-04-28 00:00:00+05:30,39.95000076293945,41.04999923706055,37.04499816894531,40.86750030517578,35.020606994628906,19290100,0.0,0.0
2006-05-02 00:00:00+05:30,41.95000076293945,43.54999923706055,41.54999923706055,42.564998626708984,36.4752197265625,17044980,0.0,0.0
2006-05-03 00:00:00+05:30,42.650001525878906,43.70000076293945,42.505001068115234,43.15999984741211,36.985107421875,8016660,0.0,0.0
2006-05-04 00:00:00+05:30,42.5,44.744998931884766,42.3025016784668,44.1875,37.8655891418457,9527480,0.0,0.0
2006-05-05 00:00:00+05:30,44.0,44.54999923706055,43.05500030517578,43.932498931884766,37.64707946777344,9352040,0.0,0.0
2006-05-08 00:00:00+05:30,44.400001525878906,44.75,43.25,43.80500030517578,37.53781509399414,32176720,0.0,0.0
2006-05-09 00:00:00+05:30,44.0525016784668,44.69499969482422,42.400001525878906,42.63249969482422,36.53306198120117,14694840,0.0,0.0
2006-05-10 00:00:00+05:30,42.75,43.9900016784668,42.67250061035156,43.5525016784668,37.321441650390625,18600680,0.0,0.0
2006-05-11 00:00:00+05:30,43.45000076293945,43.939998626708984,41.75,43.525001525878906,37.53488540649414,6720720,0.275,0.0
2006-05-12 00:00:00+05:30,43.0,43.94499969482422,42.564998626708984,43.76499938964844,37.74184799194336,4342920,0.0,0.0
2006-05-15 00:00:00+05:30,43.349998474121094,43.75,41.5525016784668,42.1775016784668,36.37283706665039,7634320,0.0,0.0
2006-05-16 00:00:00+05:30,42.0,42.5,41.04999923706055,42.3849983215332,36.55177688598633,7620200,0.0,0.0
2006-05-17 00:00:00+05:30,43.25,43.25,41.349998474121094,42.21500015258789,36.40516662597656,6975220,0.0,0.0
2006-05-18 00:00:00+05:30,41.849998474121094,42.20000076293945,40.20000076293945,40.98249816894531,35.342288970947266,10689980,0.0,0.0
2006-05-19 00:00:00+05:30,41.70000076293945,41.75,38.2599983215332,40.48249816894531,34.911102294921875,9194180,0.0,0.0
2006-05-22 00:00:00+05:30,40.5,41.70000076293945,35.5,39.34749984741211,33.93230056762695,7656500,0.0,0.0
2006-05-23 00:00:00+05:30,39.75,40.0,37.150001525878906,39.060001373291016,33.68437957763672,10653680,0.0,0.0
2006-05-24 00:00:00+05:30,39.54999923706055,39.95000076293945,37.349998474121094,38.43000030517578,33.141075134277344,24265960,0.0,0.0
2006-05-25 00:00:00+05:30,37.5525016784668,39.5,36.40999984741211,37.907501220703125,32.690486907958984,17455920,0.0,0.0
2006-05-26 00:00:00+05:30,38.0,39.45000076293945,37.5,38.6974983215332,33.37176513671875,6039860,0.0,0.0
2006-05-29 00:00:00+05:30,39.0,39.400001525878906,37.90250015258789,38.21500015258789,32.95566940307617,4832680,0.0,0.0
2006-05-30 00:00:00+05:30,38.40999984741211,38.40999984741211,36.30500030517578,37.505001068115234,32.3433837890625,5578720,0.0,0.0
2006-05-31 00:00:00+05:30,36.61249923706055,38.75,35.76250076293945,37.2599983215332,32.13210678100586,12457300,0.0,0.0
2006-06-01 00:00:00+05:30,38.0,38.625,36.650001525878906,36.932498931884766,31.849668502807617,10589920,0.0,0.0
2006-06-02 00:00:00+05:30,37.0,38.75,36.70000076293945,38.252498626708984,32.98801040649414,8813740,0.0,0.0
2006-06-05 00:00:00+05:30,38.150001525878906,38.70000076293945,36.505001068115234,36.970001220703125,31.882007598876953,6723300,0.0,0.0
2006-06-06 00:00:00+05:30,36.75,36.75,35.76250076293945,36.130001068115234,31.157615661621094,3770720,0.0,0.0
2006-06-07 00:00:00+05:30,36.084999084472656,36.48500061035156,35.5,36.037498474121094,31.07784080505371,4635600,0.0,0.0
2006-06-08 00:00:00+05:30,35.54999923706055,36.25,32.0,34.63249969482422,29.866209030151367,14506360,0.0,0.0
2006-06-09 00:00:00+05:30,34.349998474121094,36.0,33.0625,35.6349983215332,30.730743408203125,7441120,0.0,0.0
2006-06-12 00:00:00+05:30,35.89500045776367,36.39250183105469,33.25749969482422,34.61249923706055,29.848960876464844,7149800,0.0,0.0
2006-06-13 00:00:00+05:30,33.54999923706055,33.89250183105469,32.0,32.58250045776367,28.09834098815918,7793300,0.0,0.0
2006-06-14 00:00:00+05:30,32.400001525878906,33.63999938964844,30.760000228881836,31.947500228881836,27.550737380981445,19552540,0.0,0.0
2006-06-15 00:00:00+05:30,32.20000076293945,36.2400016784668,32.20000076293945,34.8849983215332,30.08395767211914,15544960,0.0,0.0
2006-06-16 00:00:00+05:30,35.5,38.32500076293945,35.5,36.724998474121094,31.670734405517578,24585060,0.0,0.0
2006-06-19 00:00:00+05:30,35.224998474121094,37.005001068115234,35.224998474121094,36.814998626708984,31.748342514038086,3769620,0.0,0.0
2006-06-20 00:00:00+05:30,36.0,36.349998474121094,35.01250076293945,35.4474983215332,30.569047927856445,5362620,0.0,0.0
2006-06-21 00:00:00+05:30,35.75,35.85499954223633,35.099998474121094,35.45249938964844,30.5733585357666,4450520,0.0,0.0
2006-06-22 00:00:00+05:30,37.2400016784668,38.0,36.25,36.54750061035156,31.51765251159668,3886540,0.0,0.0
2006-06-23 00:00:00+05:30,35.2400016784668,37.525001525878906,35.130001068115234,37.470001220703125,32.31319808959961,5514720,0.0,0.0
2006-06-26 00:00:00+05:30,36.26250076293945,38.599998474121094,36.26250076293945,38.08000183105469,32.8392448425293,15341120,0.0,0.0
2006-06-27 00:00:00+05:30,37.5,37.994998931884766,36.54999923706055,37.0525016784668,31.953161239624023,7523400,0.0,0.0
2006-06-28 00:00:00+05:30,38.75,38.75,36.102500915527344,36.33250045776367,31.332244873046875,10551840,0.0,0.0
2006-06-29 00:00:00+05:30,37.0,38.04999923706055,36.557498931884766,37.467498779296875,32.311038970947266,21540020,0.0,0.0
2006-06-30 00:00:00+05:30,37.755001068115234,40.7400016784668,37.755001068115234,39.79750061035156,34.320377349853516,12039800,0.0,0.0
2006-07-03 00:00:00+05:30,40.0,40.0,38.54999923706055,38.92499923706055,33.567955017089844,10040440,0.0,0.0
2006-07-04 00:00:00+05:30,39.0,39.497501373291016,39.0,39.36249923706055,33.94523239135742,4172900,0.0,0.0
2006-07-05 00:00:00+05:30,39.0,40.79999923706055,38.90250015258789,40.369998931884766,34.814090728759766,12820100,0.0,0.0
2006-07-06 00:00:00+05:30,40.025001525878906,40.247501373291016,39.349998474121094,40.0,34.49501037597656,7704840,0.0,0.0
2006-07-07 00:00:00+05:30,40.099998474121094,40.497501373291016,37.54999923706055,38.96500015258789,33.60244369506836,3791100,0.0,0.0
2006-07-10 00:00:00+05:30,38.55500030517578,39.0,38.150001525878906,38.93000030517578,33.572269439697266,2795580,0.0,0.0
2006-07-11 00:00:00+05:30,38.752498626708984,38.752498626708984,37.752498626708984,38.07749938964844,32.83708953857422,2273680,0.0,0.0
2006-07-12 00:00:00+05:30,34.0,38.599998474121094,34.0,38.060001373291016,32.82199478149414,6166200,0.0,0.0
2006-07-13 00:00:00+05:30,37.79999923706055,38.25,37.13249969482422,37.317501068115234,32.18168640136719,4184100,0.0,0.0
2006-07-14 00:00:00+05:30,37.29999923706055,37.29999923706055,35.779998779296875,36.46500015258789,31.446516036987305,9449000,0.0,0.0
2006-07-17 00:00:00+05:30,36.5,36.5,35.11249923706055,35.372501373291016,30.504365921020508,10783540,0.0,0.0
2006-07-18 00:00:00+05:30,35.25,35.70000076293945,35.04999923706055,35.51250076293945,30.62510108947754,8153400,0.0,0.0
2006-07-19 00:00:00+05:30,35.599998474121094,35.95000076293945,34.60499954223633,34.86000061035156,30.062397003173828,5204760,0.0,0.0
2006-07-20 00:00:00+05:30,35.54999923706055,37.0,35.54999923706055,36.3224983215332,31.323619842529297,8917160,0.0,0.0
2006-07-21 00:00:00+05:30,35.75,36.349998474121094,35.25,35.49250030517578,30.607847213745117,6075420,0.0,0.0
2006-07-24 00:00:00+05:30,35.25,36.86750030517578,34.6150016784668,36.474998474121094,31.455135345458984,5664600,0.0,0.0
2006-07-25 00:00:00+05:30,37.0,38.494998931884766,37.0,38.29999923706055,33.02897262573242,9657240,0.0,0.0
2006-07-26 00:00:00+05:30,37.755001068115234,39.20000076293945,37.55500030517578,39.05500030517578,33.68006896972656,7089160,0.0,0.0
2006-07-27 00:00:00+05:30,39.25,39.75,38.51250076293945,39.407501220703125,33.98405838012695,17956240,0.0,0.0
2006-07-28 00:00:00+05:30,38.95000076293945,40.064998626708984,38.75,39.775001525878906,34.300968170166016,12997020,0.0,0.0
2006-07-31 00:00:00+05:30,39.75,40.25,39.54499816894531,39.75,34.2794075012207,7149520,0.0,0.0
2006-08-01 00:00:00+05:30,39.79999923706055,39.79999923706055,38.755001068115234,39.057498931884766,33.68221664428711,4727080,0.0,0.0
2006-08-02 00:00:00+05:30,38.852500915527344,39.349998474121094,38.20249938964844,38.98749923706055,33.621856689453125,12695780,0.0,0.0
2006-08-03 00:00:00+05:30,39.005001068115234,40.25,39.005001068115234,39.89250183105469,34.40230941772461,7324740,0.0,0.0
2006-08-04 00:00:00+05:30,39.900001525878906,40.14500045776367,39.349998474121094,40.02000045776367,34.51225662231445,4704860,0.0,0.0
2006-08-07 00:00:00+05:30,39.5625,40.25,39.5625,40.17499923706055,34.64591979980469,14445100,0.0,0.0
2006-08-08 00:00:00+05:30,40.45000076293945,40.79499816894531,40.20000076293945,40.6775016784668,35.07926559448242,3438540,0.0,0.0
2006-08-09 00:00:00+05:30,40.95000076293945,40.95000076293945,40.154998779296875,40.442501068115234,34.876617431640625,6521840,0.0,0.0
2006-08-10 00:00:00+05:30,40.8849983215332,40.8849983215332,39.904998779296875,40.272499084472656,34.72999954223633,4101960,0.0,0.0
2006-08-11 00:00:00+05:30,40.51250076293945,40.79999923706055,40.157501220703125,40.532501220703125,34.954227447509766,2699400,0.0,0.0
2006-08-14 00:00:00+05:30,40.404998779296875,40.70000076293945,40.067501068115234,40.372501373291016,34.81624984741211,1755060,0.0,0.0
2006-08-16 00:00:00+05:30,41.400001525878906,43.470001220703125,40.907501220703125,42.307498931884766,36.48493957519531,13071100,0.0,0.0
2006-08-17 00:00:00+05:30,42.494998931884766,42.747501373291016,41.75,42.432498931884766,36.592735290527344,9866860,0.0,0.0
2006-08-18 00:00:00+05:30,42.099998474121094,42.435001373291016,41.557498931884766,42.05500030517578,36.267189025878906,4090560,0.0,0.0
2006-08-21 00:00:00+05:30,40.959999084472656,42.04999923706055,40.959999084472656,41.877498626708984,36.11411666870117,3671260,0.0,0.0
2006-08-22 00:00:00+05:30,42.147499084472656,43.5,41.50749969482422,42.935001373291016,37.026092529296875,8039200,0.0,0.0
2006-08-23 00:00:00+05:30,43.0,43.5,42.209999084472656,42.647499084472656,36.77814865112305,3791960,0.0,0.0
2006-08-24 00:00:00+05:30,42.25,42.8849983215332,41.75,42.66749954223633,36.79539108276367,4452800,0.0,0.0
2006-08-25 00:00:00+05:30,42.775001525878906,42.775001525878906,42.07500076293945,42.5,36.65094757080078,5397320,0.0,0.0
2006-08-28 00:00:00+05:30,42.494998931884766,42.5,42.0,42.272499084472656,36.45475387573242,3380620,0.0,0.0
2006-08-29 00:00:00+05:30,42.39500045776367,43.002498626708984,42.0525016784668,42.272499084472656,36.45475387573242,4381540,0.0,0.0
2006-08-30 00:00:00+05:30,42.0,42.82500076293945,41.807498931884766,42.0,36.21976089477539,3962340,0.0,0.0
2006-08-31 00:00:00+05:30,42.099998474121094,42.95000076293945,41.90250015258789,42.602500915527344,36.739341735839844,10372740,0.0,0.0
2006-09-01 00:00:00+05:30,42.625,44.0,42.599998474121094,43.8125,37.78281021118164,7465120,0.0,0.0
2006-09-04 00:00:00+05:30,43.875,44.34000015258789,43.8125,44.01499938964844,37.957435607910156,2692780,0.0,0.0
2006-09-05 00:00:00+05:30,43.5,44.04999923706055,43.5,43.73500061035156,37.715980529785156,2327620,0.0,0.0
2006-09-06 00:00:00+05:30,44.0,44.19499969482422,43.01499938964844,43.20000076293945,37.254608154296875,5832640,0.0,0.0
2006-09-07 00:00:00+05:30,42.83000183105469,42.900001525878906,42.11000061035156,42.4375,36.597042083740234,11533820,0.0,0.0
2006-09-08 00:00:00+05:30,42.599998474121094,42.625,42.07749938964844,42.459999084472656,36.616451263427734,7094020,0.0,0.0
2006-09-11 00:00:00+05:30,42.70000076293945,42.75,40.79999923706055,41.13999938964844,35.47812271118164,16124040,0.0,0.0
2006-09-12 00:00:00+05:30,41.7400016784668,42.49250030517578,40.75749969482422,42.02750015258789,36.24346923828125,13062940,0.0,0.0
2006-09-13 00:00:00+05:30,42.54999923706055,44.45000076293945,42.36000061035156,43.689998626708984,37.67716979980469,10416500,0.0,0.0
2006-09-14 00:00:00+05:30,43.75,43.900001525878906,43.05500030517578,43.275001525878906,37.31928253173828,4153120,0.0,0.0
2006-09-15 00:00:00+05:30,43.650001525878906,44.349998474121094,43.412498474121094,43.89500045776367,37.85395431518555,6452060,0.0,0.0
2006-09-18 00:00:00+05:30,43.56999969482422,44.34749984741211,43.5625,44.15250015258789,38.076026916503906,3088820,0.0,0.0
2006-09-19 00:00:00+05:30,44.0,44.349998474121094,43.76250076293945,44.0525016784668,37.98978805541992,5656640,0.0,0.0
2006-09-20 00:00:00+05:30,43.75,44.032501220703125,42.654998779296875,43.78499984741211,37.759098052978516,4892100,0.0,0.0
2006-09-21 00:00:00+05:30,44.1974983215332,44.23500061035156,43.650001525878906,44.17250061035156,38.093265533447266,4567980,0.0,0.0
2006-09-22 00:00:00+05:30,44.005001068115234,44.70000076293945,43.150001525878906,43.79249954223633,37.76555633544922,5001060,0.0,0.0
2006-09-25 00:00:00+05:30,43.0,44.29499816894531,42.8125,43.915000915527344,37.87120819091797,5376480,0.0,0.0
2006-09-26 00:00:00+05:30,44.0,44.647499084472656,43.560001373291016,44.432498931884766,38.317481994628906,7099660,0.0,0.0
2006-09-27 00:00:00+05:30,44.75,45.25,44.602500915527344,44.962501525878906,38.7745475769043,8805340,0.0,0.0
2006-09-28 00:00:00+05:30,45.1974983215332,47.73500061035156,45.0525016784668,46.45500183105469,40.0616455078125,17390220,0.0,0.0
2006-09-29 00:00:00+05:30,46.75,47.04999923706055,45.75,46.26750183105469,39.89994812011719,5290540,0.0,0.0
2006-10-03 00:00:00+05:30,46.5,46.5,45.82500076293945,45.98749923706055,39.65847396850586,4448160,0.0,0.0
2006-10-04 00:00:00+05:30,45.849998474121094,45.994998931884766,44.314998626708984,44.50749969482422,38.382164001464844,8581240,0.0,0.0
2006-10-05 00:00:00+05:30,45.01499938964844,46.79999923706055,44.900001525878906,46.54999923706055,40.1435661315918,8565920,0.0,0.0
2006-10-06 00:00:00+05:30,46.95000076293945,47.25,46.557498931884766,46.6875,40.26214599609375,4394920,0.0,0.0
2006-10-09 00:00:00+05:30,46.25,46.747501373291016,46.25,46.494998931884766,40.09613037109375,3071960,0.0,0.0
2006-10-10 00:00:00+05:30,46.5,47.25,46.5,46.900001525878906,40.445396423339844,2897020,0.0,0.0
2006-10-11 00:00:00+05:30,47.23500061035156,48.599998474121094,47.102500915527344,48.29249954223633,41.64625549316406,6854880,0.0,0.0
2006-10-12 00:00:00+05:30,48.36249923706055,48.36249923706055,47.400001525878906,47.95750045776367,41.357357025146484,9512260,0.0,0.0
2006-10-13 00:00:00+05:30,48.8849983215332,49.997501373291016,48.849998474121094,49.38750076293945,42.59054946899414,6900340,0.0,0.0
2006-10-16 00:00:00+05:30,49.95000076293945,53.247501373291016,49.599998474121094,52.439998626708984,45.22295379638672,19710100,0.0,0.0
2006-10-17 00:00:00+05:30,52.45000076293945,53.099998474121094,49.779998779296875,50.38999938964844,43.4550895690918,30601940,0.0,0.0
2006-10-18 00:00:00+05:30,51.45000076293945,51.45000076293945,48.77750015258789,48.99250030517578,42.249916076660156,27611500,0.0,0.0
2006-10-19 00:00:00+05:30,49.20000076293945,49.900001525878906,47.75,48.17499923706055,41.544925689697266,11480720,0.0,0.0
2006-10-20 00:00:00+05:30,48.79999923706055,48.939998626708984,47.662498474121094,48.00749969482422,41.400482177734375,9954600,0.0,0.0
2006-10-23 00:00:00+05:30,48.01250076293945,48.63999938964844,47.76250076293945,48.474998474121094,41.80363464355469,3487420,0.0,0.0
2006-10-26 00:00:00+05:30,48.25,50.25,48.25,49.9900016784668,43.110137939453125,22114980,0.0,0.0
2006-10-27 00:00:00+05:30,50.25,50.650001525878906,49.61000061035156,49.96500015258789,43.08857345581055,9061660,0.0,0.0
2006-10-30 00:00:00+05:30,49.51499938964844,51.849998474121094,48.96500015258789,51.467498779296875,44.38429260253906,9888180,0.0,0.0
2006-10-31 00:00:00+05:30,51.89500045776367,51.89500045776367,50.04999923706055,50.22999954223633,43.31709671020508,8675460,0.0,0.0
2006-11-01 00:00:00+05:30,50.720001220703125,50.900001525878906,49.709999084472656,49.9474983215332,43.07347869873047,4095260,0.0,0.0
2006-11-02 00:00:00+05:30,49.79999923706055,50.89500045776367,49.29999923706055,50.52750015258789,43.573665618896484,5641880,0.0,0.0
2006-11-03 00:00:00+05:30,50.337501525878906,50.599998474121094,49.79999923706055,50.07749938964844,43.18559265136719,4321760,0.0,0.0
2006-11-06 00:00:00+05:30,50.5,50.53499984741211,49.76499938964844,49.94499969482422,43.07132339477539,2223120,0.0,0.0
2006-11-07 00:00:00+05:30,50.25,50.98500061035156,49.599998474121094,49.74250030517578,42.89670181274414,5534540,0.0,0.0
2006-11-08 00:00:00+05:30,49.97249984741211,50.59000015258789,49.25749969482422,50.130001068115234,43.23086929321289,9443560,0.0,0.0
2006-11-09 00:00:00+05:30,50.29999923706055,51.13999938964844,50.25,50.88999938964844,43.88627624511719,6698440,0.0,0.0
2006-11-10 00:00:00+05:30,51.369998931884766,52.5,51.0,52.224998474121094,45.03754425048828,12615760,0.0,0.0
2006-11-13 00:00:00+05:30,52.49250030517578,53.25,52.275001525878906,52.790000915527344,45.52479934692383,8058260,0.0,0.0
2006-11-14 00:00:00+05:30,52.98500061035156,53.73749923706055,52.01250076293945,53.282501220703125,45.94950866699219,11355360,0.0,0.0
2006-11-15 00:00:00+05:30,53.5,54.0,53.29999923706055,53.8224983215332,46.415191650390625,16733080,0.0,0.0
2006-11-16 00:00:00+05:30,54.45000076293945,57.5,53.994998931884766,57.217498779296875,49.342952728271484,35798540,0.0,0.0
2006-11-17 00:00:00+05:30,57.349998474121094,57.435001373291016,55.90250015258789,56.32749938964844,48.575439453125,17354240,0.0,0.0
2006-11-20 00:00:00+05:30,55.79999923706055,55.9900016784668,53.400001525878906,54.32500076293945,46.848533630371094,14746560,0.0,0.0
2006-11-21 00:00:00+05:30,54.435001373291016,55.650001525878906,53.5,54.619998931884766,47.102928161621094,12461440,0.0,0.0
2006-11-22 00:00:00+05:30,55.20000076293945,55.227500915527344,53.252498626708984,53.875,46.4604606628418,17546600,0.0,0.0
2006-11-23 00:00:00+05:30,54.900001525878906,56.130001068115234,54.0,55.65250015258789,47.99333190917969,7011380,0.0,0.0
2006-11-24 00:00:00+05:30,55.75,56.345001220703125,54.900001525878906,55.29999923706055,47.68935012817383,8895040,0.0,0.0
2006-11-27 00:00:00+05:30,54.3125,55.93000030517578,53.01250076293945,55.54750061035156,47.90278244018555,2316860,0.0,0.0
2006-11-28 00:00:00+05:30,55.25,55.45000076293945,54.087501525878906,54.36000061035156,46.87871170043945,4645680,0.0,0.0
2006-11-29 00:00:00+05:30,54.04999923706055,55.23500061035156,54.0,54.36750030517578,46.88518142700195,7745780,0.0,0.0
2006-11-30 00:00:00+05:30,54.70500183105469,56.31999969482422,54.70500183105469,56.09000015258789,48.37063217163086,18356040,0.0,0.0
2006-12-01 00:00:00+05:30,56.25,56.7400016784668,55.76499938964844,56.185001373291016,48.452552795410156,9143700,0.0,0.0
2006-12-04 00:00:00+05:30,56.150001525878906,56.70000076293945,54.904998779296875,55.01750183105469,47.44573211669922,6395980,0.0,0.0
2006-12-05 00:00:00+05:30,55.29750061035156,56.0,54.002498626708984,54.28499984741211,46.81403732299805,5469300,0.0,0.0
2006-12-06 00:00:00+05:30,55.23500061035156,55.400001525878906,54.099998474121094,54.36249923706055,46.88086700439453,5051120,0.0,0.0
2006-12-07 00:00:00+05:30,54.8849983215332,55.744998931884766,54.400001525878906,55.307498931884766,47.6958122253418,6126360,0.0,0.0
2006-12-08 00:00:00+05:30,55.17499923706055,55.29999923706055,54.20000076293945,54.29249954223633,46.82050323486328,3701000,0.0,0.0
2006-12-11 00:00:00+05:30,54.474998474121094,54.474998474121094,49.5625,51.6349983215332,44.528751373291016,13335340,0.0,0.0
2006-12-12 00:00:00+05:30,51.25,53.349998474121094,50.04999923706055,51.407501220703125,44.33255386352539,12647160,0.0,0.0
2006-12-13 00:00:00+05:30,51.744998931884766,53.5,50.51499938964844,51.95500183105469,44.80470275878906,8708600,0.0,0.0
2006-12-14 00:00:00+05:30,52.5,52.89500045776367,51.51250076293945,52.287498474121094,45.09144592285156,9197580,0.0,0.0
2006-12-15 00:00:00+05:30,53.04999923706055,53.744998931884766,52.502498626708984,52.81999969482422,45.5506591796875,6155600,0.0,0.0
2006-12-18 00:00:00+05:30,52.994998931884766,53.78499984741211,51.599998474121094,53.334999084472656,45.994781494140625,6566220,0.0,0.0
2006-12-19 00:00:00+05:30,53.650001525878906,53.650001525878906,51.36750030517578,51.9375,44.789608001708984,10369940,0.0,0.0
2006-12-20 00:00:00+05:30,51.98500061035156,52.400001525878906,50.25,51.03499984741211,44.011322021484375,13982640,0.0,0.0
2006-12-21 00:00:00+05:30,50.994998931884766,51.435001373291016,50.0,50.46500015258789,43.51976776123047,8435360,0.0,0.0
2006-12-22 00:00:00+05:30,50.95000076293945,50.95000076293945,50.04999923706055,50.290000915527344,43.36885070800781,7372820,0.0,0.0
2006-12-26 00:00:00+05:30,50.744998931884766,51.7400016784668,50.20000076293945,51.54249954223633,44.448974609375,3797560,0.0,0.0
2006-12-27 00:00:00+05:30,51.75,53.15999984741211,51.75,52.98500061035156,45.69294357299805,4520940,0.0,0.0
2006-12-28 00:00:00+05:30,53.25,54.400001525878906,52.85499954223633,54.002498626708984,46.57041931152344,9042300,0.0,0.0
2006-12-29 00:00:00+05:30,54.29999923706055,54.935001373291016,53.150001525878906,53.397499084472656,46.04867935180664,6219780,0.0,0.0
2007-01-02 00:00:00+05:30,53.9900016784668,53.9900016784668,53.252498626708984,53.5,46.1370735168457,4033540,0.0,0.0
2007-01-03 00:00:00+05:30,53.400001525878906,53.5,52.65250015258789,53.26499938964844,45.934417724609375,3032100,0.0,0.0
2007-01-04 00:00:00+05:30,52.79999923706055,53.25,51.75,52.502498626708984,45.27684783935547,6866840,0.0,0.0
2007-01-05 00:00:00+05:30,52.73500061035156,53.692501068115234,51.70750045776367,52.845001220703125,45.57221603393555,11909340,0.0,0.0
2007-01-08 00:00:00+05:30,52.70000076293945,52.70000076293945,50.82749938964844,51.247501373291016,44.19457244873047,6214060,0.0,0.0
2007-01-09 00:00:00+05:30,51.599998474121094,51.747501373291016,50.20500183105469,50.69499969482422,43.71810531616211,10463200,0.0,0.0
2007-01-10 00:00:00+05:30,50.92250061035156,50.92499923706055,49.75,49.932498931884766,43.060550689697266,7135500,0.0,0.0
2007-01-11 00:00:00+05:30,50.42499923706055,50.88999938964844,49.05500030517578,49.807498931884766,42.95275115966797,20115340,0.0,0.0
2007-01-12 00:00:00+05:30,50.915000915527344,53.4900016784668,50.79999923706055,53.08000183105469,45.7748908996582,13665140,0.0,0.0
2007-01-15 00:00:00+05:30,53.997501373291016,55.150001525878906,53.75,54.70000076293945,47.17191696166992,9705900,0.0,0.0
2007-01-16 00:00:00+05:30,55.20000076293945,55.23500061035156,54.0099983215332,54.80500030517578,47.26247024536133,12846940,0.0,0.0
2007-01-17 00:00:00+05:30,54.95000076293945,55.0,52.45000076293945,53.057498931884766,45.755470275878906,17386300,0.0,0.0
2007-01-18 00:00:00+05:30,53.25,53.70000076293945,52.564998626708984,53.0525016784668,45.75116729736328,13192660,0.0,0.0
2007-01-19 00:00:00+05:30,52.599998474121094,53.88999938964844,52.599998474121094,53.41999816894531,46.06808853149414,9001000,0.0,0.0
2007-01-22 00:00:00+05:30,53.5,53.650001525878906,52.27750015258789,52.814998626708984,45.54634094238281,6886040,0.0,0.0
2007-01-23 00:00:00+05:30,52.75,52.75,51.42499923706055,51.64500045776367,44.53737258911133,10682440,0.0,0.0
2007-01-24 00:00:00+05:30,52.0,53.24250030517578,52.0,52.92250061035156,45.6390495300293,6323880,0.0,0.0
2007-01-25 00:00:00+05:30,53.0525016784668,53.75,52.650001525878906,53.30500030517578,45.96891403198242,10185640,0.0,0.0
2007-01-29 00:00:00+05:30,53.5,58.0,52.51499938964844,53.119998931884766,45.80937194824219,10488760,0.0,0.0
2007-01-31 00:00:00+05:30,53.29999923706055,54.29999923706055,52.29999923706055,53.93000030517578,46.507896423339844,16488260,0.0,0.0
2007-02-01 00:00:00+05:30,54.002498626708984,55.54999923706055,53.32749938964844,55.1974983215332,47.600948333740234,8651320,0.0,0.0
2007-02-02 00:00:00+05:30,55.474998474121094,56.25,54.814998626708984,55.30500030517578,47.69365692138672,18093780,0.0,0.0
2007-02-05 00:00:00+05:30,54.3125,55.689998626708984,54.26499938964844,55.16749954223633,47.5750846862793,4368420,0.0,0.0
2007-02-06 00:00:00+05:30,55.53499984741211,55.53499984741211,54.057498931884766,54.46500015258789,46.96927261352539,6354440,0.0,0.0
2007-02-07 00:00:00+05:30,54.25,55.72999954223633,53.91749954223633,55.09749984741211,47.514732360839844,10890960,0.0,0.0
2007-02-08 00:00:00+05:30,55.494998931884766,56.0,54.70000076293945,55.4900016784668,47.85320281982422,6671280,0.0,0.0
2007-02-09 00:00:00+05:30,54.412498474121094,56.0,54.400001525878906,55.689998626708984,48.025672912597656,9017100,0.0,0.0
2007-02-12 00:00:00+05:30,54.77750015258789,56.0,54.26750183105469,54.8025016784668,47.26031494140625,8921780,0.0,0.0
2007-02-13 00:00:00+05:30,54.5,54.5,52.564998626708984,53.435001373291016,46.08102035522461,22695760,0.0,0.0
2007-02-14 00:00:00+05:30,52.412498474121094,52.412498474121094,50.26250076293945,50.86249923706055,43.862548828125,26720800,0.0,0.0
2007-02-15 00:00:00+05:30,51.25,53.244998931884766,51.005001068115234,52.09000015258789,44.92112350463867,15603000,0.0,0.0
2007-02-19 00:00:00+05:30,52.45000076293945,52.584999084472656,51.32749938964844,51.662498474121094,44.55246353149414,11822340,0.0,0.0
2007-02-20 00:00:00+05:30,51.962501525878906,51.994998931884766,51.30500030517578,51.58000183105469,44.48130798339844,4645380,0.0,0.0
2007-02-21 00:00:00+05:30,51.5,51.599998474121094,50.5,50.79999923706055,43.80866241455078,22538940,0.0,0.0
2007-02-22 00:00:00+05:30,50.900001525878906,51.20000076293945,48.900001525878906,49.3650016784668,42.57115173339844,21479960,0.0,0.0
2007-02-23 00:00:00+05:30,48.974998474121094,49.939998626708984,46.25,47.90999984741211,41.3163948059082,10172580,0.0,0.0
2007-02-26 00:00:00+05:30,48.8849983215332,49.349998474121094,47.0,47.587501525878906,41.03828811645508,7509420,0.0,0.0
2007-02-27 00:00:00+05:30,47.75,49.04999923706055,46.0,48.79499816894531,42.079593658447266,12713780,0.0,0.0
2007-02-28 00:00:00+05:30,45.29999923706055,47.400001525878906,45.0,46.75,40.3160400390625,18341040,0.0,0.0
2007-03-01 00:00:00+05:30,48.0,49.45000076293945,47.04999923706055,49.01499938964844,42.26932144165039,12116680,0.0,0.0
2007-03-02 00:00:00+05:30,49.0,49.0,46.20249938964844,46.880001068115234,40.42815017700195,13026420,0.0,0.0
2007-03-05 00:00:00+05:30,46.08250045776367,46.95000076293945,44.1775016784668,46.40250015258789,40.016361236572266,9433540,0.0,0.0
2007-03-06 00:00:00+05:30,46.45000076293945,47.150001525878906,45.51750183105469,46.397499084472656,40.012054443359375,13449560,0.0,0.0
2007-03-07 00:00:00+05:30,47.79999923706055,47.994998931884766,45.29999923706055,45.77750015258789,39.47737503051758,9825280,0.0,0.0
2007-03-08 00:00:00+05:30,45.95000076293945,49.5,45.77750015258789,48.70750045776367,42.004146575927734,10255320,0.0,0.0
2007-03-09 00:00:00+05:30,49.150001525878906,49.45000076293945,47.8125,48.845001220703125,42.12271499633789,8808060,0.0,0.0
2007-03-12 00:00:00+05:30,48.845001220703125,49.192501068115234,47.25749969482422,47.502498626708984,40.96497344970703,9646900,0.0,0.0
2007-03-13 00:00:00+05:30,48.0,48.5,47.01499938964844,48.00749969482422,41.400482177734375,6891480,0.0,0.0
2007-03-14 00:00:00+05:30,46.310001373291016,46.95000076293945,45.75,46.647499084472656,40.2276496887207,10374460,0.0,0.0
2007-03-15 00:00:00+05:30,48.25,49.0,45.75,45.91999816894531,39.60026931762695,10091540,0.0,0.0
2007-03-16 00:00:00+05:30,46.75,46.75,44.275001525878906,45.17499923706055,38.957794189453125,9597300,0.0,0.0
2007-03-19 00:00:00+05:30,45.5,46.650001525878906,45.252498626708984,46.23249816894531,39.86975860595703,5299660,0.0,0.0
2007-03-20 00:00:00+05:30,46.75,47.95000076293945,46.67499923706055,47.76250076293945,41.18918991088867,18142200,0.0,0.0
2007-03-21 00:00:00+05:30,47.900001525878906,48.494998931884766,47.5,48.279998779296875,41.63547134399414,6889140,0.0,0.0
2007-03-22 00:00:00+05:30,49.45000076293945,51.599998474121094,48.79999923706055,51.29499816894531,44.23552322387695,9608520,0.0,0.0
2007-03-23 00:00:00+05:30,51.5,51.5,49.79999923706055,50.557498931884766,43.59953689575195,11551640,0.0,0.0
2007-03-26 00:00:00+05:30,50.900001525878906,50.900001525878906,48.36249923706055,48.65999984741211,41.963172912597656,15065200,0.0,0.0
2007-03-28 00:00:00+05:30,48.650001525878906,48.650001525878906,47.599998474121094,47.92250061035156,41.327178955078125,8616320,0.0,0.0
2007-03-29 00:00:00+05:30,47.599998474121094,47.747501373291016,46.400001525878906,46.6875,40.26214599609375,51260300,0.0,0.0
2007-03-30 00:00:00+05:30,47.29999923706055,48.494998931884766,46.900001525878906,47.70750045776367,41.14176940917969,21617760,0.0,0.0
2007-04-02 00:00:00+05:30,45.505001068115234,46.099998474121094,44.744998931884766,45.067501068115234,38.86509323120117,13241560,0.0,0.0
2007-04-03 00:00:00+05:30,45.057498931884766,46.189998626708984,45.057498931884766,45.709999084472656,39.41917419433594,13015840,0.0,0.0
2007-04-04 00:00:00+05:30,46.25,46.849998474121094,46.0,46.252498626708984,39.88700866699219,7502780,0.0,0.0
2007-04-05 00:00:00+05:30,46.252498626708984,47.400001525878906,45.900001525878906,47.130001068115234,40.643741607666016,5772400,0.0,0.0
2007-04-09 00:00:00+05:30,47.48500061035156,48.75,47.130001068115234,48.557498931884766,41.87478256225586,4271380,0.0,0.0
2007-04-10 00:00:00+05:30,48.75,49.75,47.70000076293945,49.59749984741211,42.77165222167969,7468740,0.0,0.0
2007-04-11 00:00:00+05:30,49.5,49.849998474121094,48.75,48.967498779296875,42.228363037109375,8853740,0.0,0.0
2007-04-12 00:00:00+05:30,48.5,48.5,47.599998474121094,47.91749954223633,41.32286834716797,7133340,0.0,0.0
2007-04-13 00:00:00+05:30,48.0,49.349998474121094,47.599998474121094,49.060001373291016,42.30812454223633,8401980,0.0,0.0
2007-04-16 00:00:00+05:30,49.5,49.95000076293945,48.310001373291016,48.747501373291016,42.038639068603516,6233680,0.0,0.0
2007-04-17 00:00:00+05:30,49.04999923706055,49.70000076293945,48.58250045776367,48.90250015258789,42.17230224609375,14800380,0.0,0.0
2007-04-18 00:00:00+05:30,49.25,49.599998474121094,48.70500183105469,49.02000045776367,42.27362823486328,6378140,0.0,0.0
2007-04-19 00:00:00+05:30,48.32500076293945,49.599998474121094,48.005001068115234,49.122501373291016,42.36202621459961,6470360,0.0,0.0
2007-04-20 00:00:00+05:30,49.275001525878906,50.45000076293945,48.5,49.72999954223633,42.88591003417969,7150040,0.0,0.0
2007-04-23 00:00:00+05:30,49.95000076293945,50.415000915527344,49.20000076293945,49.34000015258789,42.54958724975586,6792960,0.0,0.0
2007-04-24 00:00:00+05:30,49.34000015258789,51.22999954223633,48.8125,50.6875,43.71165084838867,34375140,0.0,0.0
2007-04-25 00:00:00+05:30,50.75,52.0,50.75,51.54999923706055,44.45543670654297,32408380,0.0,0.0
2007-04-26 00:00:00+05:30,51.97249984741211,52.25,50.310001373291016,51.72249984741211,44.60420227050781,25270200,0.0,0.0
2007-04-27 00:00:00+05:30,49.26250076293945,52.0,49.26250076293945,50.72999954223633,43.748294830322266,7118740,0.0,0.0
2007-04-30 00:00:00+05:30,50.29999923706055,51.5,48.51250076293945,51.20750045776367,44.16008758544922,10217700,0.0,0.0
2007-05-03 00:00:00+05:30,51.25,52.0,50.0,50.22999954223633,43.31709671020508,20557680,0.0,0.0
2007-05-04 00:00:00+05:30,50.25,51.0,50.04999923706055,50.38750076293945,43.45293045043945,8374140,0.0,0.0
2007-05-07 00:00:00+05:30,50.557498931884766,50.994998931884766,49.900001525878906,50.002498626708984,43.12091064453125,8307880,0.0,0.0
2007-05-08 00:00:00+05:30,49.994998931884766,49.994998931884766,49.36000061035156,49.564998626708984,42.74363327026367,9539920,0.0,0.0
2007-05-09 00:00:00+05:30,49.525001525878906,49.900001525878906,49.0,49.73500061035156,42.89022445678711,4185720,0.0,0.0
2007-05-10 00:00:00+05:30,50.01250076293945,51.25,50.01250076293945,50.59000015258789,43.62755584716797,12945160,0.0,0.0
2007-05-11 00:00:00+05:30,49.33000183105469,50.5,47.877498626708984,49.630001068115234,42.799678802490234,14292300,0.0,0.0
2007-05-14 00:00:00+05:30,50.25,50.997501373291016,49.5625,49.79499816894531,42.94197082519531,15756120,0.0,0.0
2007-05-15 00:00:00+05:30,49.88999938964844,50.73500061035156,49.752498626708984,50.5525016784668,43.59522247314453,10986900,0.0,0.0
2007-05-16 00:00:00+05:30,51.0,52.2400016784668,50.36750030517578,51.772499084472656,44.64731979370117,47687660,0.0,0.0
2007-05-17 00:00:00+05:30,52.20000076293945,52.994998931884766,51.60499954223633,52.102500915527344,45.23772430419922,23042340,0.35,0.0
2007-05-18 00:00:00+05:30,52.0,54.599998474121094,51.650001525878906,53.51499938964844,46.4641227722168,41166740,0.0,0.0
2007-05-21 00:00:00+05:30,54.0,56.099998474121094,53.75,55.34000015258789,48.04867172241211,22417600,0.0,0.0
2007-05-22 00:00:00+05:30,56.130001068115234,56.64500045776367,55.3125,55.755001068115234,48.408992767333984,15106340,0.0,0.0
2007-05-23 00:00:00+05:30,53.77750015258789,56.25,53.77750015258789,55.73249816894531,48.38945388793945,10822920,0.0,0.0
2007-05-24 00:00:00+05:30,55.279998779296875,56.04999923706055,54.0,54.557498931884766,47.3692741394043,7011260,0.0,0.0
2007-05-25 00:00:00+05:30,53.099998474121094,54.25,53.05500030517578,53.459999084472656,46.4163703918457,13399620,0.0,0.0
2007-05-28 00:00:00+05:30,54.94499969482422,56.75,54.94499969482422,56.35749816894531,48.932098388671875,14364120,0.0,0.0
2007-05-29 00:00:00+05:30,56.349998474121094,57.54999923706055,56.05500030517578,57.220001220703125,49.680973052978516,8731440,0.0,0.0
2007-05-30 00:00:00+05:30,57.25,57.25,54.79999923706055,55.20249938964844,47.92928695678711,13106680,0.0,0.0
2007-05-31 00:00:00+05:30,55.564998626708984,57.99250030517578,55.564998626708984,57.380001068115234,49.81990051269531,18391000,0.0,0.0
2007-06-01 00:00:00+05:30,57.349998474121094,58.25,57.04999923706055,57.67250061035156,50.07386016845703,14867460,0.0,0.0
2007-06-04 00:00:00+05:30,58.29999923706055,59.209999084472656,57.400001525878906,58.41999816894531,50.72286605834961,9738760,0.0,0.0
2007-06-05 00:00:00+05:30,58.0,58.25,57.50749969482422,57.97999954223633,50.34082794189453,6234920,0.0,0.0
2007-06-06 00:00:00+05:30,58.0,58.099998474121094,55.900001525878906,56.36000061035156,48.93428421020508,9076620,0.0,0.0
2007-06-07 00:00:00+05:30,55.970001220703125,56.494998931884766,55.04999923706055,55.27750015258789,47.994407653808594,6244300,0.0,0.0
2007-06-08 00:00:00+05:30,54.5,55.0,53.80500030517578,54.54750061035156,47.360591888427734,9823080,0.0,0.0
2007-06-11 00:00:00+05:30,55.275001525878906,56.400001525878906,54.5,54.86750030517578,47.63843536376953,9177920,0.0,0.0
2007-06-12 00:00:00+05:30,55.349998474121094,55.70000076293945,53.54999923706055,54.407501220703125,47.239036560058594,3986840,0.0,0.0
2007-06-13 00:00:00+05:30,54.407501220703125,54.5,53.74250030517578,54.14500045776367,47.011112213134766,7293920,0.0,0.0
2007-06-14 00:00:00+05:30,54.95000076293945,56.0,54.5,54.81999969482422,47.59718704223633,6880320,0.0,0.0
2007-06-15 00:00:00+05:30,55.0,55.900001525878906,54.75,55.51750183105469,48.202789306640625,7628140,0.0,0.0
2007-06-18 00:00:00+05:30,55.067501068115234,56.247501373291016,54.165000915527344,54.42250061035156,47.252052307128906,3837780,0.0,0.0
2007-06-19 00:00:00+05:30,54.0,55.48500061035156,54.0,54.997501373291016,47.75129318237305,12678440,0.0,0.0
2007-06-20 00:00:00+05:30,54.75,55.77750015258789,54.36000061035156,55.002498626708984,47.75563049316406,13362220,0.0,0.0
2007-06-21 00:00:00+05:30,55.0,55.70000076293945,54.79999923706055,55.09000015258789,47.831607818603516,25488140,0.0,0.0
2007-06-22 00:00:00+05:30,54.849998474121094,55.8849983215332,54.849998474121094,55.150001525878906,47.88370895385742,12899220,0.0,0.0
2007-06-25 00:00:00+05:30,55.4900016784668,55.4900016784668,54.602500915527344,54.9900016784668,47.74477767944336,7349860,0.0,0.0
2007-06-26 00:00:00+05:30,54.5,55.5,54.5,54.935001373291016,47.69702911376953,14878840,0.0,0.0
2007-06-27 00:00:00+05:30,55.1875,55.1875,54.150001525878906,54.51750183105469,47.334537506103516,9577740,0.0,0.0
2007-06-28 00:00:00+05:30,54.70000076293945,55.125,53.75,54.8650016784668,47.636260986328125,14650180,0.0,0.0
2007-06-29 00:00:00+05:30,55.0,57.54999923706055,54.650001525878906,57.337501525878906,49.78298568725586,18784100,0.0,0.0
2007-07-02 00:00:00+05:30,58.25,58.25,56.54999923706055,57.377498626708984,49.817718505859375,10032480,0.0,0.0
2007-07-03 00:00:00+05:30,57.83000183105469,58.650001525878906,57.0,57.525001525878906,49.9457893371582,8261500,0.0,0.0
2007-07-04 00:00:00+05:30,57.70000076293945,57.74250030517578,56.54999923706055,57.537498474121094,49.956634521484375,5851020,0.0,0.0
2007-07-05 00:00:00+05:30,57.7400016784668,57.970001220703125,56.10499954223633,56.45500183105469,49.016761779785156,10347480,0.0,0.0
2007-07-06 00:00:00+05:30,56.904998779296875,58.29999923706055,56.26499938964844,57.915000915527344,50.28440475463867,10263640,0.0,0.0
2007-07-09 00:00:00+05:30,58.25,58.95000076293945,58.150001525878906,58.380001068115234,50.68813705444336,8755140,0.0,0.0
2007-07-10 00:00:00+05:30,59.970001220703125,59.970001220703125,57.20750045776367,57.46500015258789,49.89369201660156,18476240,0.0,0.0
2007-07-11 00:00:00+05:30,57.599998474121094,58.20000076293945,56.95000076293945,57.4375,49.869815826416016,8939960,0.0,0.0
2007-07-12 00:00:00+05:30,57.849998474121094,60.25,57.525001525878906,60.0724983215332,52.15763854980469,10772120,0.0,0.0
2007-07-13 00:00:00+05:30,60.29999923706055,62.0,60.13999938964844,61.31999969482422,53.24076843261719,17223940,0.0,0.0
2007-07-16 00:00:00+05:30,61.5,61.5,60.0,60.88249969482422,52.86091613769531,6617640,0.0,0.0
2007-07-17 00:00:00+05:30,61.0,61.3849983215332,59.459999084472656,59.96500015258789,52.064300537109375,6528200,0.0,0.0
2007-07-18 00:00:00+05:30,59.5,60.98500061035156,58.79999923706055,60.002498626708984,52.09686279296875,11781200,0.0,0.0
2007-07-19 00:00:00+05:30,59.55500030517578,60.97249984741211,58.79999923706055,60.462501525878906,52.49625015258789,19265640,0.0,0.0
2007-07-20 00:00:00+05:30,61.04999923706055,61.29999923706055,59.8125,60.04499816894531,52.13376235961914,7446440,0.0,0.0
2007-07-23 00:00:00+05:30,59.91999816894531,61.747501373291016,59.52750015258789,61.51499938964844,53.41008377075195,6900560,0.0,0.0
2007-07-24 00:00:00+05:30,61.44499969482422,62.75,60.557498931884766,62.44499969482422,54.21754455566406,9134500,0.0,0.0
2007-07-25 00:00:00+05:30,62.25,62.25,60.54999923706055,61.95249938964844,53.789939880371094,5462740,0.0,0.0
2007-07-26 00:00:00+05:30,61.875,61.875,59.54999923706055,60.86249923706055,52.84355545043945,11229180,0.0,0.0
2007-07-27 00:00:00+05:30,59.5,59.5,57.505001068115234,58.467498779296875,50.76410675048828,13060660,0.0,0.0
2007-07-30 00:00:00+05:30,57.994998931884766,59.900001525878906,57.599998474121094,58.442501068115234,50.74239730834961,9495620,0.0,0.0
2007-07-31 00:00:00+05:30,59.0,60.494998931884766,57.54999923706055,60.029998779296875,52.120731353759766,12367440,0.0,0.0
2007-08-01 00:00:00+05:30,59.44499969482422,59.5,56.0525016784668,58.067501068115234,50.416805267333984,19603560,0.0,0.0
2007-08-02 00:00:00+05:30,57.48500061035156,58.095001220703125,57.0099983215332,57.619998931884766,50.028263092041016,11486760,0.0,0.0
2007-08-03 00:00:00+05:30,58.349998474121094,58.45000076293945,56.900001525878906,57.75,50.14112854003906,5668700,0.0,0.0
2007-08-06 00:00:00+05:30,56.744998931884766,57.0,55.349998474121094,56.625,49.164363861083984,13700780,0.0,0.0
2007-08-07 00:00:00+05:30,57.900001525878906,58.45000076293945,56.54999923706055,57.06999969482422,49.55073547363281,7850720,0.0,0.0
2007-08-08 00:00:00+05:30,57.25,59.619998931884766,57.25,58.587501525878906,50.8682861328125,9735040,0.0,0.0
2007-08-09 00:00:00+05:30,59.39250183105469,59.625,56.95000076293945,57.782501220703125,50.16935729980469,9963460,0.0,0.0
2007-08-10 00:00:00+05:30,55.0625,56.75,54.54999923706055,56.525001525878906,49.07754135131836,11183340,0.0,0.0
2007-08-13 00:00:00+05:30,57.0,57.4474983215332,56.11000061035156,56.782501220703125,49.30110168457031,6990060,0.0,0.0
2007-08-14 00:00:00+05:30,56.755001068115234,57.599998474121094,56.314998626708984,57.38249969482422,49.82206344604492,3739280,0.0,0.0
2007-08-16 00:00:00+05:30,55.064998626708984,55.689998626708984,54.0625,54.70000076293945,47.49298858642578,13261400,0.0,0.0
2007-08-17 00:00:00+05:30,54.48500061035156,54.88999938964844,52.560001373291016,53.404998779296875,46.368614196777344,17813000,0.0,0.0
2007-08-20 00:00:00+05:30,55.057498931884766,56.95000076293945,55.057498931884766,55.54499816894531,48.226654052734375,16216840,0.0,0.0
2007-08-21 00:00:00+05:30,56.400001525878906,56.400001525878906,54.95249938964844,55.1974983215332,47.9249382019043,4472260,0.0,0.0
2007-08-22 00:00:00+05:30,55.20000076293945,56.095001220703125,54.90250015258789,55.869998931884766,48.50883102416992,10904820,0.0,0.0
2007-08-23 00:00:00+05:30,56.125,57.25,53.75,55.00749969482422,47.759979248046875,17498560,0.0,0.0
2007-08-24 00:00:00+05:30,54.935001373291016,56.099998474121094,54.002498626708984,54.8849983215332,47.65362548828125,16790980,0.0,0.0
2007-08-27 00:00:00+05:30,55.07749938964844,56.345001220703125,55.07749938964844,55.97999954223633,48.604339599609375,11009360,0.0,0.0
2007-08-28 00:00:00+05:30,56.220001220703125,57.91999816894531,55.9375,57.529998779296875,49.95012283325195,10280800,0.0,0.0
2007-08-29 00:00:00+05:30,56.04999923706055,59.0,56.025001525878906,58.127498626708984,50.46889877319336,13768500,0.0,0.0
2007-08-30 00:00:00+05:30,57.57749938964844,59.849998474121094,57.57749938964844,59.029998779296875,51.252498626708984,18028920,0.0,0.0
2007-08-31 00:00:00+05:30,58.650001525878906,59.75,57.900001525878906,58.584999084472656,50.866119384765625,13085820,0.0,0.0
2007-09-03 00:00:00+05:30,60.915000915527344,60.915000915527344,58.51750183105469,58.81999969482422,51.07016372680664,7861420,0.0,0.0
2007-09-04 00:00:00+05:30,59.0,59.75,58.275001525878906,58.8224983215332,51.07233428955078,4634660,0.0,0.0
2007-09-05 00:00:00+05:30,58.27750015258789,59.217498779296875,57.900001525878906,58.622501373291016,50.898681640625,4036960,0.0,0.0
2007-09-06 00:00:00+05:30,58.0,59.380001068115234,57.95000076293945,59.22999954223633,51.426143646240234,3003320,0.0,0.0
2007-09-07 00:00:00+05:30,58.1150016784668,60.29999923706055,57.02750015258789,59.82749938964844,51.944915771484375,5225420,0.0,0.0
2007-09-10 00:00:00+05:30,58.54999923706055,60.29999923706055,58.5,59.80500030517578,51.92538070678711,4565040,0.0,0.0
2007-09-11 00:00:00+05:30,59.80500030517578,60.25,59.10749816894531,59.38999938964844,51.5650634765625,3622340,0.0,0.0
2007-09-12 00:00:00+05:30,59.599998474121094,60.095001220703125,59.0,59.10749816894531,51.31978988647461,2501020,0.0,0.0
2007-09-13 00:00:00+05:30,59.099998474121094,60.849998474121094,59.099998474121094,60.67499923706055,52.68075942993164,11261480,0.0,0.0
2007-09-14 00:00:00+05:30,60.599998474121094,62.494998931884766,60.5,61.6349983215332,53.51427459716797,8943820,0.0,0.0
2007-09-17 00:00:00+05:30,60.90999984741211,62.44499969482422,60.752498626708984,61.307498931884766,53.229915618896484,4804860,0.0,0.0
2007-09-18 00:00:00+05:30,61.0,61.74250030517578,60.1775016784668,61.557498931884766,53.44697570800781,4634780,0.0,0.0
2007-09-19 00:00:00+05:30,63.54999923706055,67.0,62.79999923706055,66.21499633789062,57.49082946777344,19943240,0.0,0.0
2007-09-20 00:00:00+05:30,66.3499984741211,66.94999694824219,65.50499725341797,66.30999755859375,57.57331466674805,10048500,0.0,0.0
2007-09-21 00:00:00+05:30,66.0824966430664,66.62249755859375,65.3499984741211,65.92250061035156,57.23686981201172,7397100,0.0,0.0
2007-09-24 00:00:00+05:30,67.0999984741211,67.80000305175781,66.76499938964844,67.32499694824219,58.45457458496094,8850200,0.0,0.0
2007-09-25 00:00:00+05:30,67.32499694824219,70.44999694824219,67.25,69.81749725341797,60.618682861328125,9633320,0.0,0.0
2007-09-26 00:00:00+05:30,69.5,69.5,68.00499725341797,68.78500366210938,59.722225189208984,15567160,0.0,0.0
2007-09-27 00:00:00+05:30,68.60250091552734,72.94999694824219,68.55249786376953,71.6500015258789,62.209754943847656,21646960,0.0,0.0
2007-09-28 00:00:00+05:30,71.92500305175781,72.19499969482422,70.1500015258789,71.77999877929688,62.32261657714844,11914540,0.0,0.0
2007-10-01 00:00:00+05:30,72.0,72.48500061035156,69.55999755859375,70.5824966430664,61.282894134521484,14461960,0.0,0.0
2007-10-03 00:00:00+05:30,70.68000030517578,71.94000244140625,70.30500030517578,71.23999786376953,61.853759765625,9845300,0.0,0.0
2007-10-04 00:00:00+05:30,70.4000015258789,70.93499755859375,69.4000015258789,70.48500061035156,61.19821548461914,8058100,0.0,0.0
2007-10-05 00:00:00+05:30,70.5,71.0,69.61000061035156,70.15750122070312,60.91389465332031,5934180,0.0,0.0
2007-10-08 00:00:00+05:30,70.76499938964844,72.0,69.94999694824219,70.36750030517578,61.09621810913086,13414460,0.0,0.0
2007-10-09 00:00:00+05:30,68.30999755859375,71.25,68.30999755859375,71.05750274658203,61.6953239440918,9376780,0.0,0.0
2007-10-10 00:00:00+05:30,71.51000213623047,72.5,69.80500030517578,70.84750366210938,61.51298141479492,9075580,0.0,0.0
2007-10-11 00:00:00+05:30,71.25,73.74500274658203,71.05000305175781,73.03500366210938,63.41227340698242,9010140,0.0,0.0
2007-10-12 00:00:00+05:30,72.25,73.05000305175781,71.04000091552734,71.63500213623047,62.19671630859375,9317820,0.0,0.0
2007-10-15 00:00:00+05:30,72.5,76.25,72.5,74.95999908447266,65.08363342285156,22605080,0.0,0.0
2007-10-16 00:00:00+05:30,75.99250030517578,75.99250030517578,73.25499725341797,75.38749694824219,65.45479583740234,9401340,0.0,0.0
2007-10-17 00:00:00+05:30,70.31500244140625,74.23999786376953,65.25,73.13749694824219,63.501251220703125,12514880,0.0,0.0
2007-10-18 00:00:00+05:30,72.4000015258789,73.1500015258789,68.00499725341797,69.41000366210938,60.264869689941406,12403100,0.0,0.0
2007-10-19 00:00:00+05:30,67.5,72.0,66.91000366210938,68.31749725341797,59.31631851196289,9959160,0.0,0.0
2007-10-22 00:00:00+05:30,68.94000244140625,69.8499984741211,66.55000305175781,68.59500122070312,59.557247161865234,11298040,0.0,0.0
2007-10-23 00:00:00+05:30,69.9000015258789,75.75,69.41500091552734,74.41000366210938,64.60609436035156,17765180,0.0,0.0
2007-10-24 00:00:00+05:30,76.0,76.25,73.42500305175781,75.69750213623047,65.72398376464844,12287460,0.0,0.0
2007-10-25 00:00:00+05:30,74.75499725341797,78.94249725341797,73.26499938964844,77.69999694824219,67.46261596679688,12865860,0.0,0.0
2007-10-26 00:00:00+05:30,76.9000015258789,77.99500274658203,74.30999755859375,77.32499694824219,67.13703918457031,6943260,0.0,0.0
2007-10-29 00:00:00+05:30,79.0999984741211,83.5,78.75,82.34750366210938,71.497802734375,5857960,0.0,0.0
2007-10-30 00:00:00+05:30,82.75,85.91999816894531,80.61750030517578,81.02749633789062,70.35169219970703,8068040,0.0,0.0
2007-10-31 00:00:00+05:30,79.5,83.44999694824219,79.0,82.66999816894531,71.77778625488281,8414440,0.0,0.0
2007-11-01 00:00:00+05:30,86.41999816894531,86.41999816894531,83.3125,84.51000213623047,73.37537384033203,14329740,0.0,0.0
2007-11-02 00:00:00+05:30,82.02749633789062,89.98999786376953,82.02749633789062,88.5250015258789,76.86137390136719,5836120,0.0,0.0
2007-11-05 00:00:00+05:30,87.5,87.5,83.76499938964844,85.80249786376953,74.4975814819336,9186000,0.0,0.0
2007-11-06 00:00:00+05:30,86.25,87.3949966430664,84.5,85.41000366210938,74.15678405761719,7367280,0.0,0.0
2007-11-07 00:00:00+05:30,87.38500213623047,87.38500213623047,80.5,80.84249877929688,70.19108581542969,9072080,0.0,0.0
2007-11-08 00:00:00+05:30,79.0,79.4800033569336,77.25,77.76750183105469,67.52123260498047,10426800,0.0,0.0
2007-11-12 00:00:00+05:30,74.01249694824219,76.0,72.75,73.86750030517578,64.13508605957031,16731300,0.0,0.0
2007-11-13 00:00:00+05:30,71.25,84.0,71.25,78.70999908447266,68.33954620361328,20645840,0.0,0.0
2007-11-14 00:00:00+05:30,81.98999786376953,89.0,81.0,87.61499786376953,76.07127380371094,23823680,0.0,0.0
2007-11-15 00:00:00+05:30,87.5,87.5,83.76249694824219,85.02249908447266,73.82032012939453,9536920,0.0,0.0
2007-11-16 00:00:00+05:30,82.5,85.1500015258789,81.5999984741211,84.3550033569336,73.24079132080078,13168660,0.0,0.0
2007-11-19 00:00:00+05:30,84.3499984741211,84.3499984741211,82.26499938964844,82.72750091552734,71.82772064208984,17750520,0.0,0.0
2007-11-20 00:00:00+05:30,81.5,83.69999694824219,80.9124984741211,81.51499938964844,70.7750015258789,11291720,0.0,0.0
2007-11-21 00:00:00+05:30,80.6500015258789,80.6500015258789,78.25,79.04499816894531,68.63040924072266,11127660,0.0,0.0
2007-11-22 00:00:00+05:30,79.9000015258789,80.19999694824219,77.56999969482422,79.58499908447266,69.0992660522461,9680020,0.0,0.0
2007-11-23 00:00:00+05:30,79.26000213623047,80.30000305175781,77.06500244140625,78.13500213623047,67.8403091430664,8636700,0.0,0.0
2007-11-26 00:00:00+05:30,80.50749969482422,83.6875,80.50749969482422,82.1675033569336,71.34150695800781,8477140,0.0,0.0
2007-11-27 00:00:00+05:30,81.19999694824219,82.7750015258789,80.0,81.63249969482422,70.87698364257812,11135400,0.0,0.0
2007-11-28 00:00:00+05:30,84.75,84.75,79.26000213623047,80.31749725341797,69.73526000976562,10708140,0.0,0.0
2007-11-29 00:00:00+05:30,81.44000244140625,84.69999694824219,81.44000244140625,83.72000122070312,72.68946075439453,20858060,0.0,0.0
2007-11-30 00:00:00+05:30,85.0,87.4175033569336,84.69999694824219,85.80750274658203,74.5019302368164,12315080,0.0,0.0
2007-12-03 00:00:00+05:30,86.75,86.75,84.0,84.80500030517578,73.63151550292969,9809040,0.0,0.0
2007-12-04 00:00:00+05:30,86.4000015258789,86.4000015258789,84.53250122070312,85.0824966430664,73.87244415283203,5247320,0.0,0.0
2007-12-05 00:00:00+05:30,85.25,86.9000015258789,84.75,86.19000244140625,74.83403778076172,16401940,0.0,0.0
2007-12-06 00:00:00+05:30,87.0,89.0,83.61000061035156,84.49749755859375,73.364501953125,10360420,0.0,0.0
2007-12-07 00:00:00+05:30,85.5,87.0,85.5,85.98999786376953,74.66036224365234,11839500,0.0,0.0
2007-12-10 00:00:00+05:30,86.0,86.5,83.87000274658203,84.39749908447266,73.27769470214844,8191940,0.0,0.0
2007-12-11 00:00:00+05:30,84.4000015258789,89.75,84.25,89.02749633789062,77.29766082763672,7261500,0.0,0.0
2007-12-12 00:00:00+05:30,88.8499984741211,89.94000244140625,86.05000305175781,89.20249938964844,77.44961547851562,14992920,0.0,0.0
2007-12-13 00:00:00+05:30,88.75,88.8949966430664,87.19999694824219,87.81749725341797,76.2470932006836,7964560,0.0,0.0
2007-12-14 00:00:00+05:30,88.25,88.25,85.0,86.22250366210938,74.86224365234375,9556480,0.0,0.0
2007-12-17 00:00:00+05:30,85.94999694824219,85.94999694824219,83.25,84.17749786376953,73.08667755126953,9451120,0.0,0.0
2007-12-18 00:00:00+05:30,83.4000015258789,85.25,80.82749938964844,83.0875015258789,72.14029693603516,13267720,0.0,0.0
2007-12-19 00:00:00+05:30,85.0,85.0,81.62750244140625,82.65249633789062,71.76260375976562,11025860,0.0,0.0
2007-12-20 00:00:00+05:30,82.5,82.99250030517578,81.3125,82.13500213623047,71.31330108642578,11873800,0.0,0.0
2007-12-24 00:00:00+05:30,83.30750274658203,85.25,82.51499938964844,84.90750122070312,73.72051239013672,6793060,0.0,0.0
2007-12-26 00:00:00+05:30,84.90750122070312,85.75,84.0,85.3375015258789,74.09384155273438,4321680,0.0,0.0
2007-12-27 00:00:00+05:30,85.5,87.9000015258789,85.5,87.2750015258789,75.77606964111328,8729880,0.0,0.0
2007-12-28 00:00:00+05:30,84.94999694824219,86.9000015258789,83.36000061035156,86.51499938964844,75.11619567871094,6754740,0.0,0.0
2007-12-31 00:00:00+05:30,87.5,87.5,85.4000015258789,86.45500183105469,75.06410217285156,3779240,0.0,0.0
2008-01-01 00:00:00+05:30,86.5,86.94999694824219,85.25,86.4749984741211,75.08148956298828,2621040,0.0,0.0
2008-01-02 00:00:00+05:30,86.69999694824219,86.73999786376953,84.51499938964844,85.76499938964844,74.46499633789062,12479500,0.0,0.0
2008-01-03 00:00:00+05:30,85.5,85.5,83.80999755859375,84.72000122070312,73.55770874023438,14037280,0.0,0.0
2008-01-04 00:00:00+05:30,85.1500015258789,85.69999694824219,84.69999694824219,84.81999969482422,73.64451599121094,7459640,0.0,0.0
2008-01-07 00:00:00+05:30,82.55000305175781,83.91999816894531,80.61499786376953,82.7699966430664,71.86461639404297,12644920,0.0,0.0
2008-01-08 00:00:00+05:30,84.44999694824219,86.13999938964844,83.5,85.7874984741211,74.48455047607422,18334980,0.0,0.0
2008-01-09 00:00:00+05:30,85.7249984741211,88.3499984741211,85.01499938964844,87.2300033569336,75.73700714111328,20098380,0.0,0.0
2008-01-10 00:00:00+05:30,89.4749984741211,89.87999725341797,85.25749969482422,86.0999984741211,74.7558822631836,17222000,0.0,0.0
2008-01-11 00:00:00+05:30,86.4000015258789,88.9000015258789,86.1050033569336,88.22750091552734,76.60308074951172,8302200,0.0,0.0
2008-01-14 00:00:00+05:30,88.69999694824219,91.25,86.11499786376953,89.15750122070312,77.41053009033203,23350920,0.0,0.0
2008-01-15 00:00:00+05:30,91.01499938964844,91.01499938964844,88.32749938964844,89.44750213623047,77.66233825683594,12456840,0.0,0.0
2008-01-16 00:00:00+05:30,84.75,86.93000030517578,82.51499938964844,83.6875,72.66124725341797,24563400,0.0,0.0
2008-01-17 00:00:00+05:30,83.1050033569336,83.4000015258789,80.61000061035156,82.18000030517578,71.35234832763672,26713380,0.0,0.0
2008-01-18 00:00:00+05:30,79.05500030517578,81.30000305175781,77.77999877929688,78.55000305175781,68.20063018798828,19934820,0.0,0.0
2008-01-21 00:00:00+05:30,79.5,79.5,74.0,75.3550033569336,65.42658996582031,14869780,0.0,0.0
2008-01-22 00:00:00+05:30,74.94499969482422,89.0,67.55000305175781,71.31999969482422,61.923240661621094,23290120,0.0,0.0
2008-01-23 00:00:00+05:30,75.94999694824219,85.0,69.0,76.71499633789062,66.60740661621094,18665740,0.0,0.0
2008-01-24 00:00:00+05:30,76.5,81.8499984741211,73.75,75.5199966430664,65.5698471069336,16283820,0.0,0.0
2008-01-25 00:00:00+05:30,77.19999694824219,84.0,76.25499725341797,80.42250061035156,69.82640838623047,12144620,0.0,0.0
2008-01-28 00:00:00+05:30,77.5,80.0,71.5,79.51000213623047,69.0341567993164,11916140,0.0,0.0
2008-01-29 00:00:00+05:30,79.94000244140625,81.3499984741211,75.01000213623047,76.86750030517578,66.73982238769531,12190420,0.0,0.0
2008-01-30 00:00:00+05:30,78.69999694824219,78.69999694824219,75.25,76.64749908447266,66.5488052368164,7930220,0.0,0.0
2008-01-31 00:00:00+05:30,77.0999984741211,79.49500274658203,75.75250244140625,78.47750091552734,68.13768768310547,12793700,0.0,0.0
2008-02-01 00:00:00+05:30,78.75,79.13999938964844,74.26000213623047,78.55000305175781,68.20063018798828,14574460,0.0,0.0
2008-02-04 00:00:00+05:30,81.19000244140625,81.19000244140625,76.30000305175781,77.37000274658203,67.17609405517578,10982600,0.0,0.0
2008-02-05 00:00:00+05:30,78.0,79.87000274658203,75.01249694824219,75.61250305175781,65.65017700195312,12142820,0.0,0.0
2008-02-06 00:00:00+05:30,74.99500274658203,75.73750305175781,72.56999969482422,75.00499725341797,65.12269592285156,15731880,0.0,0.0
2008-02-07 00:00:00+05:30,74.94999694824219,75.5999984741211,74.0999984741211,74.58999633789062,64.76239013671875,33430640,0.0,0.0
2008-02-08 00:00:00+05:30,74.55000305175781,75.1500015258789,71.1500015258789,72.09750366210938,62.59828186035156,7761320,0.0,0.0
2008-02-11 00:00:00+05:30,72.09750366210938,73.44999694824219,67.53500366210938,70.5374984741211,61.24381637573242,13853780,0.0,0.0
2008-02-12 00:00:00+05:30,71.5,72.25,69.3125,70.38249969482422,61.10923385620117,9261840,0.0,0.0
2008-02-13 00:00:00+05:30,71.98999786376953,74.4000015258789,71.5,73.42500305175781,63.75087356567383,11688240,0.0,0.0
2008-02-14 00:00:00+05:30,74.94999694824219,77.75,74.94999694824219,76.82250213623047,66.70073699951172,12665300,0.0,0.0
2008-02-15 00:00:00+05:30,76.0,78.75,74.61499786376953,78.11250305175781,67.82079315185547,10884640,0.0,0.0
2008-02-18 00:00:00+05:30,78.9000015258789,79.5,77.01499938964844,77.84249877929688,67.58633422851562,3478480,0.0,0.0
2008-02-19 00:00:00+05:30,79.80000305175781,79.88500213623047,77.75749969482422,78.59500122070312,68.23969268798828,5489420,0.0,0.0
2008-02-20 00:00:00+05:30,78.5,78.5,75.44999694824219,76.86000061035156,66.73330688476562,7939100,0.0,0.0
2008-02-21 00:00:00+05:30,77.0,78.5,74.85749816894531,77.0425033569336,66.89176177978516,5978400,0.0,0.0
2008-02-22 00:00:00+05:30,73.5199966430664,76.98500061035156,73.00250244140625,73.71499633789062,64.0026626586914,9438340,0.0,0.0
2008-02-25 00:00:00+05:30,74.94499969482422,75.48999786376953,69.76750183105469,71.0875015258789,61.721351623535156,27321760,0.0,0.0
2008-02-26 00:00:00+05:30,72.5,73.47250366210938,72.25,72.74500274658203,63.16048049926758,12350240,0.0,0.0
2008-02-27 00:00:00+05:30,73.5,74.33000183105469,72.06500244140625,72.61499786376953,63.04759979248047,9212020,0.0,0.0
2008-02-28 00:00:00+05:30,73.44499969482422,74.55000305175781,72.5999984741211,73.62750244140625,63.926692962646484,12499920,0.0,0.0
2008-02-29 00:00:00+05:30,73.0,73.71499633789062,70.58499908447266,72.8375015258789,63.24078369140625,13693900,0.0,0.0
2008-03-03 00:00:00+05:30,71.5,71.5,68.1050033569336,69.49500274658203,60.338687896728516,10176000,0.0,0.0
2008-03-04 00:00:00+05:30,69.75,69.75,64.6624984741211,67.5875015258789,58.682498931884766,16964140,0.0,0.0
2008-03-05 00:00:00+05:30,67.0999984741211,67.5875015258789,66.01249694824219,66.63749694824219,57.8576545715332,12435040,0.0,0.0
2008-03-07 00:00:00+05:30,66.5,66.5,62.84749984741211,64.11250305175781,55.66535568237305,18383840,0.0,0.0
2008-03-10 00:00:00+05:30,63.25,66.43000030517578,61.255001068115234,65.57499694824219,56.935150146484375,15564540,0.0,0.0
2008-03-11 00:00:00+05:30,64.25499725341797,67.55000305175781,63.5099983215332,66.66000366210938,57.877201080322266,20753240,0.0,0.0
2008-03-12 00:00:00+05:30,69.69999694824219,71.98999786376953,67.31999969482422,68.52749633789062,59.498653411865234,12473880,0.0,0.0
2008-03-13 00:00:00+05:30,67.0,67.25,64.28250122070312,64.9574966430664,56.39901351928711,8559700,0.0,0.0
2008-03-14 00:00:00+05:30,64.75,66.29499816894531,63.75,65.77249908447266,57.10662841796875,9006800,0.0,0.0
2008-03-17 00:00:00+05:30,62.25,63.75,59.75,61.29999923706055,53.22340774536133,17274360,0.0,0.0
2008-03-18 00:00:00+05:30,61.20000076293945,61.900001525878906,58.27750015258789,61.54750061035156,53.438297271728516,24222920,0.0,0.0
2008-03-19 00:00:00+05:30,63.75,66.74749755859375,62.25,63.630001068115234,55.24641799926758,25308920,0.0,0.0
2008-03-24 00:00:00+05:30,64.25749969482422,67.55000305175781,64.25749969482422,67.09500122070312,58.254878997802734,12884240,0.0,0.0
2008-03-25 00:00:00+05:30,68.5,71.75,68.25,70.69999694824219,61.384918212890625,17537260,0.0,0.0
2008-03-26 00:00:00+05:30,70.05999755859375,72.8324966430664,69.83000183105469,71.95999908447266,62.47890853881836,24661680,0.0,0.0
2008-03-27 00:00:00+05:30,70.05999755859375,73.36000061035156,69.30000305175781,71.66000366210938,62.218421936035156,17155740,0.0,0.0
2008-03-28 00:00:00+05:30,71.25,71.3125,68.30000305175781,70.3499984741211,61.08102798461914,12130140,0.0,0.0
2008-03-31 00:00:00+05:30,70.0,70.0,64.51499938964844,66.5625,57.79254913330078,23602140,0.0,0.0
2008-04-01 00:00:00+05:30,66.00250244140625,67.0,63.5,65.47750091552734,56.85050582885742,15136540,0.0,0.0
2008-04-02 00:00:00+05:30,69.0,70.05000305175781,65.4000015258789,66.4000015258789,57.651458740234375,13423660,0.0,0.0
2008-04-03 00:00:00+05:30,66.25,68.42500305175781,65.25499725341797,66.55750274658203,57.7882080078125,11518100,0.0,0.0
2008-04-04 00:00:00+05:30,66.0,66.00250244140625,64.27999877929688,64.69249725341797,56.1689338684082,23299320,0.0,0.0
2008-04-07 00:00:00+05:30,64.4000015258789,66.12999725341797,63.90999984741211,65.16999816894531,56.583526611328125,12104000,0.0,0.0
2008-04-08 00:00:00+05:30,66.25,66.25,64.50499725341797,65.42749786376953,56.80708694458008,14698460,0.0,0.0
2008-04-09 00:00:00+05:30,65.44999694824219,69.94999694824219,64.80249786376953,68.99250030517578,59.90238952636719,15735320,0.0,0.0
2008-04-10 00:00:00+05:30,68.76249694824219,68.76249694824219,66.05500030517578,66.32749938964844,57.588504791259766,10847260,0.0,0.0
2008-04-11 00:00:00+05:30,67.44999694824219,67.75,65.0999984741211,66.50250244140625,57.74044418334961,8359040,0.0,0.0
2008-04-15 00:00:00+05:30,65.51499938964844,66.68499755859375,63.76499938964844,65.16500091552734,56.57917785644531,17942760,0.0,0.0
2008-04-16 00:00:00+05:30,66.54750061035156,66.69999694824219,65.04499816894531,65.41500091552734,56.796234130859375,11031900,0.0,0.0
2008-04-17 00:00:00+05:30,65.9000015258789,70.75,65.9000015258789,70.05999755859375,60.82923126220703,36265280,0.0,0.0
2008-04-21 00:00:00+05:30,70.25,73.72250366210938,69.0999984741211,73.0374984741211,63.4144287109375,17950720,0.0,0.0
2008-04-22 00:00:00+05:30,72.5,75.82250213623047,71.41000366210938,75.4124984741211,65.47651672363281,13991420,0.0,0.0
2008-04-23 00:00:00+05:30,75.44000244140625,75.44000244140625,71.78500366210938,72.26750183105469,62.74588394165039,10959740,0.0,0.0
2008-04-24 00:00:00+05:30,73.49749755859375,73.49749755859375,70.40499877929688,72.12999725341797,62.62649154663086,24423020,0.0,0.0
2008-04-25 00:00:00+05:30,72.73500061035156,75.4000015258789,72.5250015258789,75.0199966430664,65.13571166992188,10903280,0.0,0.0
2008-04-28 00:00:00+05:30,75.0199966430664,77.44999694824219,75.0199966430664,76.1675033569336,66.13204956054688,23126160,0.0,0.0
2008-04-29 00:00:00+05:30,75.94999694824219,77.94999694824219,75.06999969482422,77.38999938964844,67.57049560546875,11831380,0.425,0.0
2008-04-30 00:00:00+05:30,77.40499877929688,77.40499877929688,75.25,76.2074966430664,66.53804016113281,16181420,0.0,0.0
2008-05-02 00:00:00+05:30,77.25,78.84750366210938,76.5999984741211,77.0199966430664,67.24744415283203,11967760,0.0,0.0
2008-05-05 00:00:00+05:30,77.0,77.94249725341797,75.80999755859375,76.42749786376953,66.73011779785156,8403100,0.0,0.0
2008-05-06 00:00:00+05:30,76.25,77.5,76.25,77.14250183105469,67.35440826416016,8619960,0.0,0.0
2008-05-07 00:00:00+05:30,76.9749984741211,77.5999984741211,75.76750183105469,77.09500122070312,67.31291961669922,6881160,0.0,0.0
2008-05-08 00:00:00+05:30,75.0,76.16999816894531,72.61000061035156,75.4175033569336,65.8482894897461,11781360,0.0,0.0
2008-05-09 00:00:00+05:30,78.11750030517578,80.0,72.16000366210938,72.625,63.41011428833008,12408460,0.0,0.0
2008-05-12 00:00:00+05:30,71.31749725341797,73.84500122070312,71.31749725341797,73.40249633789062,64.08894348144531,5235260,0.0,0.0
2008-05-13 00:00:00+05:30,74.48500061035156,74.75,73.00250244140625,74.01249694824219,64.62155151367188,10483240,0.0,0.0
2008-05-14 00:00:00+05:30,73.25,73.73500061035156,72.5,73.23999786376953,63.94706344604492,12053760,0.0,0.0
2008-05-15 00:00:00+05:30,72.61499786376953,74.3375015258789,72.61499786376953,73.92500305175781,64.54515075683594,4635880,0.0,0.0
2008-05-16 00:00:00+05:30,75.5,76.38500213623047,74.5999984741211,75.0199966430664,65.50119018554688,9818520,0.0,0.0
2008-05-20 00:00:00+05:30,75.0,75.25,72.5,73.05999755859375,63.789913177490234,12626240,0.0,0.0
2008-05-21 00:00:00+05:30,72.50499725341797,72.50499725341797,69.62249755859375,70.50250244140625,61.556907653808594,28917680,0.0,0.0
2008-05-22 00:00:00+05:30,70.4000015258789,70.4000015258789,67.55000305175781,69.1875,60.408756256103516,10268020,0.0,0.0
2008-05-23 00:00:00+05:30,70.4000015258789,70.54000091552734,68.6050033569336,69.07499694824219,60.3105354309082,13286840,0.0,0.0
2008-05-26 00:00:00+05:30,68.5,69.07499694824219,66.80000305175781,67.37999725341797,58.83060836791992,7817180,0.0,0.0
2008-05-27 00:00:00+05:30,68.24500274658203,68.5,65.94999694824219,66.63500213623047,58.180137634277344,12565100,0.0,0.0
2008-05-28 00:00:00+05:30,66.73500061035156,68.02999877929688,65.8499984741211,67.56749725341797,58.99430465698242,8254020,0.0,0.0
2008-05-29 00:00:00+05:30,68.25,68.73999786376953,65.19999694824219,65.97750091552734,57.606056213378906,12834520,0.0,0.0
2008-05-30 00:00:00+05:30,65.05000305175781,69.1449966430664,65.05000305175781,68.43499755859375,59.751731872558594,13161520,0.0,0.0
2008-06-02 00:00:00+05:30,69.0,69.0,64.69999694824219,65.5250015258789,57.21097183227539,9821940,0.0,0.0
2008-06-03 00:00:00+05:30,65.5,65.5,62.32500076293945,63.31999969482422,55.28574752807617,10400820,0.0,0.0
2008-06-04 00:00:00+05:30,63.5,63.5,59.80500030517578,60.75,53.041839599609375,9689180,0.0,0.0
2008-06-05 00:00:00+05:30,61.0,64.49500274658203,59.02000045776367,62.407501220703125,54.48903274536133,21232940,0.0,0.0
2008-06-06 00:00:00+05:30,62.5,63.747501373291016,60.900001525878906,61.622501373291016,53.80363845825195,19993160,0.0,0.0
2008-06-09 00:00:00+05:30,60.0,60.002498626708984,57.95000076293945,59.18000030517578,51.67104721069336,11123780,0.0,0.0
2008-06-10 00:00:00+05:30,58.5,59.744998931884766,56.0,56.61750030517578,49.433685302734375,31157420,0.0,0.0
2008-06-11 00:00:00+05:30,57.25,60.48749923706055,56.1150016784668,59.817501068115234,52.227657318115234,25568940,0.0,0.0
2008-06-12 00:00:00+05:30,57.814998626708984,58.7400016784668,56.0625,58.07749938964844,50.708431243896484,24675380,0.0,0.0
2008-06-13 00:00:00+05:30,57.619998931884766,58.67499923706055,55.67499923706055,56.10749816894531,48.98839569091797,14506540,0.0,0.0
2008-06-16 00:00:00+05:30,56.880001068115234,58.599998474121094,56.5,57.462501525878906,50.17146682739258,20103260,0.0,0.0
2008-06-17 00:00:00+05:30,57.5,61.25,57.5,60.682498931884766,52.9828987121582,25744440,0.0,0.0
2008-06-18 00:00:00+05:30,61.599998474121094,61.599998474121094,58.119998931884766,58.41999816894531,51.007476806640625,21475980,0.0,0.0
2008-06-19 00:00:00+05:30,56.1150016784668,57.75,55.599998474121094,56.147499084472656,49.02333068847656,11940000,0.0,0.0
2008-06-20 00:00:00+05:30,56.099998474121094,56.900001525878906,54.627498626708984,54.912498474121094,47.94502258300781,12981700,0.0,0.0
2008-06-23 00:00:00+05:30,53.75,55.994998931884766,53.75,54.77750015258789,47.8271484375,14868460,0.0,0.0
2008-06-24 00:00:00+05:30,54.0,55.44499969482422,52.099998474121094,52.98249816894531,46.25990676879883,7222820,0.0,0.0
2008-06-25 00:00:00+05:30,52.0,54.09000015258789,50.75749969482422,53.717498779296875,46.901641845703125,25943520,0.0,0.0
2008-06-26 00:00:00+05:30,54.04499816894531,54.939998626708984,52.005001068115234,53.025001525878906,46.297019958496094,27974340,0.0,0.0
2008-06-27 00:00:00+05:30,52.45000076293945,52.45000076293945,49.79999923706055,51.08000183105469,44.59879684448242,20918020,0.0,0.0
2008-06-30 00:00:00+05:30,50.5,50.77000045776367,49.75,50.369998931884766,43.9788932800293,13423280,0.0,0.0
2008-07-01 00:00:00+05:30,50.75,50.75,47.502498626708984,48.26250076293945,42.1387939453125,20463360,0.0,0.0
2008-07-02 00:00:00+05:30,48.25,52.5,47.900001525878906,51.380001068115234,44.8607292175293,18080340,0.0,0.0
2008-07-03 00:00:00+05:30,50.900001525878906,51.0,47.25,49.22249984741211,42.97698211669922,34043780,0.0,0.0
2008-07-04 00:00:00+05:30,49.307498931884766,50.349998474121094,49.154998779296875,50.01499938964844,43.66893005371094,28030260,0.0,0.0
2008-07-07 00:00:00+05:30,50.0,52.5,49.814998626708984,50.27000045776367,43.89158248901367,27912660,0.0,0.0
2008-07-08 00:00:00+05:30,50.0,51.48500061035156,48.0,50.087501525878906,43.732234954833984,24163840,0.0,0.0
2008-07-09 00:00:00+05:30,51.45000076293945,53.345001220703125,50.01499938964844,52.912498474121094,46.19878387451172,46627720,0.0,0.0
2008-07-10 00:00:00+05:30,52.5,53.82500076293945,51.564998626708984,52.709999084472656,46.0219841003418,26190300,0.0,0.0
2008-07-11 00:00:00+05:30,52.25,53.75,51.755001068115234,53.38999938964844,46.615699768066406,21049640,0.0,0.0
2008-07-14 00:00:00+05:30,53.38999938964844,53.5,50.5625,51.58250045776367,45.03754425048828,19296800,0.0,0.0
2008-07-15 00:00:00+05:30,50.9900016784668,50.9900016784668,45.59749984741211,45.907501220703125,40.082611083984375,37121580,0.0,0.0
2008-07-16 00:00:00+05:30,45.900001525878906,47.0,44.6150016784668,45.18000030517578,39.447410583496094,21831700,0.0,0.0
2008-07-17 00:00:00+05:30,47.439998626708984,48.95000076293945,47.400001525878906,47.932498931884766,41.85066604614258,46489000,0.0,0.0
2008-07-18 00:00:00+05:30,48.685001373291016,52.150001525878906,48.685001373291016,51.724998474121094,45.16196060180664,56678300,0.0,0.0
2008-07-21 00:00:00+05:30,52.5,54.69499969482422,52.2599983215332,54.185001373291016,47.30983352661133,24730240,0.0,0.0
2008-07-22 00:00:00+05:30,53.502498626708984,58.752498626708984,53.502498626708984,55.064998626708984,48.07816696166992,45148360,0.0,0.0
2008-07-23 00:00:00+05:30,56.775001525878906,60.75,56.775001525878906,60.22999954223633,52.58782196044922,47566960,0.0,0.0
2008-07-24 00:00:00+05:30,62.20000076293945,62.45000076293945,59.275001525878906,60.69499969482422,52.99381637573242,26460660,0.0,0.0
2008-07-25 00:00:00+05:30,57.65999984741211,59.73500061035156,55.900001525878906,56.3224983215332,49.176109313964844,40124160,0.0,0.0
2008-07-28 00:00:00+05:30,56.3224983215332,57.73500061035156,55.5,56.36000061035156,49.208858489990234,29768040,0.0,0.0
2008-07-29 00:00:00+05:30,55.98500061035156,55.98500061035156,50.150001525878906,51.46500015258789,44.93495178222656,49470820,0.0,0.0
2008-07-30 00:00:00+05:30,52.5,55.25,52.25,54.70249938964844,47.76166534423828,36235540,0.0,0.0
2008-07-31 00:00:00+05:30,55.0,56.439998626708984,52.912498474121094,54.907501220703125,47.940650939941406,36079500,0.0,0.0
2008-08-01 00:00:00+05:30,54.73500061035156,56.25,51.3125,55.415000915527344,48.38376235961914,61370000,0.0,0.0
2008-08-04 00:00:00+05:30,55.5099983215332,56.72249984741211,54.76499938964844,55.4375,48.40340805053711,20113860,0.0,0.0
2008-08-05 00:00:00+05:30,55.01250076293945,59.75,54.900001525878906,59.224998474121094,51.710330963134766,41716340,0.0,0.0
2008-08-06 00:00:00+05:30,60.599998474121094,64.66500091552734,59.8849983215332,60.81999969482422,53.10295104980469,66547600,0.0,0.0
2008-08-07 00:00:00+05:30,60.0,63.25,60.0,62.63249969482422,54.685482025146484,37795060,0.0,0.0
2008-08-08 00:00:00+05:30,62.5,64.75,61.29999923706055,64.15499877929688,56.01479721069336,42487040,0.0,0.0
2008-08-11 00:00:00+05:30,66.48999786376953,66.79000091552734,64.55000305175781,65.57499694824219,57.25462341308594,53257300,0.0,0.0
2008-08-12 00:00:00+05:30,65.5999984741211,66.0,62.7599983215332,63.252498626708984,55.226810455322266,27192080,0.0,0.0
2008-08-13 00:00:00+05:30,62.0625,62.5,60.6150016784668,60.86750030517578,53.14442825317383,24319980,0.0,0.0
2008-08-14 00:00:00+05:30,60.86750030517578,60.86750030517578,58.25,58.7400016784668,51.28688049316406,19485840,0.0,0.0
2008-08-18 00:00:00+05:30,58.45000076293945,61.189998626708984,58.02000045776367,60.1775016784668,52.54197692871094,30093880,0.0,0.0
2008-08-19 00:00:00+05:30,59.5,60.5,58.314998626708984,60.342498779296875,52.68604278564453,18360480,0.0,0.0
2008-08-20 00:00:00+05:30,60.61000061035156,62.400001525878906,60.06999969482422,61.90999984741211,54.05465316772461,21819080,0.0,0.0
2008-08-21 00:00:00+05:30,61.599998474121094,62.0,58.025001525878906,58.317501068115234,50.91798400878906,13882360,0.0,0.0
2008-08-22 00:00:00+05:30,58.0,59.900001525878906,57.54999923706055,59.70000076293945,52.12506866455078,20124380,0.0,0.0
2008-08-25 00:00:00+05:30,60.505001068115234,62.09000015258789,60.212501525878906,60.3849983215332,52.72314453125,15062700,0.0,0.0
2008-08-26 00:00:00+05:30,60.0,63.099998474121094,59.787498474121094,62.564998626708984,54.62655258178711,28607800,0.0,0.0
2008-08-27 00:00:00+05:30,63.189998626708984,63.400001525878906,61.29999923706055,61.70000076293945,53.871307373046875,28482020,0.0,0.0
2008-08-28 00:00:00+05:30,61.5,62.3849983215332,59.900001525878906,60.654998779296875,52.958892822265625,27136360,0.0,0.0
2008-08-29 00:00:00+05:30,61.810001373291016,64.73500061035156,61.810001373291016,63.834999084472656,55.735408782958984,24888920,0.0,0.0
2008-09-01 00:00:00+05:30,62.474998474121094,65.5,62.474998474121094,64.91500091552734,56.67837905883789,14423480,0.0,0.0
2008-09-02 00:00:00+05:30,65.12000274658203,69.30000305175781,64.25499725341797,66.98249816894531,58.48352813720703,57122060,0.0,0.0
2008-09-04 00:00:00+05:30,65.01000213623047,66.81999969482422,64.36499786376953,65.15249633789062,56.8857307434082,50381320,0.0,0.0
2008-09-05 00:00:00+05:30,63.75,64.0,62.0,62.42499923706055,54.504310607910156,47930240,0.0,0.0
2008-09-08 00:00:00+05:30,64.69999694824219,65.94999694824219,64.54750061035156,65.05500030517578,56.80059814453125,34216720,0.0,0.0
2008-09-09 00:00:00+05:30,63.5,65.67500305175781,63.314998626708984,64.68000030517578,56.47318649291992,35867160,0.0,0.0
2008-09-10 00:00:00+05:30,64.48999786376953,64.48999786376953,62.5,63.78499984741211,55.691749572753906,33393840,0.0,0.0
2008-09-11 00:00:00+05:30,63.252498626708984,64.19499969482422,62.400001525878906,62.650001525878906,54.70075607299805,24340400,0.0,0.0
2008-09-12 00:00:00+05:30,62.75749969482422,63.73500061035156,61.150001525878906,62.23500061035156,54.33842086791992,26068580,0.0,0.0
2008-09-15 00:00:00+05:30,60.26250076293945,60.75,57.79249954223633,60.16999816894531,52.53542709350586,34826660,0.0,0.0
2008-09-16 00:00:00+05:30,57.5,62.20000076293945,53.787498474121094,61.51750183105469,53.711952209472656,28293580,0.0,0.0
2008-09-17 00:00:00+05:30,62.3849983215332,62.400001525878906,58.26499938964844,59.36750030517578,51.834754943847656,33372980,0.0,0.0
2008-09-18 00:00:00+05:30,58.94499969482422,61.70000076293945,54.349998474121094,61.1875,53.423824310302734,54211440,0.0,0.0
2008-09-19 00:00:00+05:30,63.01250076293945,65.19999694824219,62.75749969482422,64.97750091552734,56.73293685913086,36326260,0.0,0.0
2008-09-22 00:00:00+05:30,65.30000305175781,66.10250091552734,64.11000061035156,65.03500366210938,56.78314971923828,22754180,0.0,0.0
2008-09-23 00:00:00+05:30,63.755001068115234,64.5875015258789,61.1150016784668,61.6875,53.860382080078125,22109880,0.0,0.0
2008-09-24 00:00:00+05:30,62.439998626708984,64.75,62.439998626708984,64.02999877929688,55.90565872192383,26159940,0.0,0.0
2008-09-25 00:00:00+05:30,63.755001068115234,65.73999786376953,63.404998779296875,65.03250122070312,56.780967712402344,34824680,0.0,0.0
2008-09-26 00:00:00+05:30,64.99749755859375,65.0,61.5099983215332,62.22999954223633,54.334049224853516,26172660,0.0,0.0
2008-09-29 00:00:00+05:30,63.349998474121094,63.349998474121094,59.2599983215332,60.01750183105469,52.40228271484375,28521460,0.0,0.0
2008-09-30 00:00:00+05:30,57.0,62.157501220703125,57.0,61.48500061035156,53.6835823059082,46326400,0.0,0.0
2008-10-01 00:00:00+05:30,61.900001525878906,65.25,60.56999969482422,64.76249694824219,56.54521179199219,27338800,0.0,0.0
2008-10-03 00:00:00+05:30,64.0,65.43499755859375,63.16749954223633,63.787498474121094,55.69392013549805,27906840,0.0,0.0
2008-10-06 00:00:00+05:30,62.5,63.0,59.6150016784668,60.13750076293945,52.507057189941406,30037180,0.0,0.0
2008-10-07 00:00:00+05:30,61.50749969482422,62.5,54.654998779296875,56.442501068115234,49.280887603759766,57285380,0.0,0.0
2008-10-08 00:00:00+05:30,54.70000076293945,56.54999923706055,48.75,55.3025016784668,48.2855339050293,67626300,0.0,0.0
2008-10-10 00:00:00+05:30,52.005001068115234,54.900001525878906,48.755001068115234,52.38750076293945,45.74039840698242,90773920,0.0,0.0
2008-10-13 00:00:00+05:30,53.525001525878906,59.5,52.45500183105469,58.65250015258789,51.21048355102539,44092840,0.0,0.0
2008-10-14 00:00:00+05:30,61.25,62.400001525878906,56.29999923706055,57.04999923706055,49.811302185058594,43950620,0.0,0.0
2008-10-15 00:00:00+05:30,55.75,57.69499969482422,55.150001525878906,56.837501525878906,49.62576675415039,32890720,0.0,0.0
2008-10-16 00:00:00+05:30,54.95000076293945,56.064998626708984,52.04999923706055,54.665000915527344,47.72892761230469,54627240,0.0,0.0
2008-10-17 00:00:00+05:30,56.400001525878906,57.25,50.25,51.317501068115234,44.8061637878418,34234280,0.0,0.0
2008-10-20 00:00:00+05:30,51.75,55.64250183105469,51.54999923706055,54.01750183105469,47.1635856628418,24365620,0.0,0.0
2008-10-21 00:00:00+05:30,55.0,56.099998474121094,53.60499954223633,54.477500915527344,47.56521224975586,30895360,0.0,0.0
2008-10-22 00:00:00+05:30,53.5,55.25,52.0,52.42499923706055,45.773136138916016,25920440,0.0,0.0
2008-10-23 00:00:00+05:30,51.25,55.900001525878906,49.852500915527344,53.712501525878906,46.89727783203125,34135140,0.0,0.0
2008-10-24 00:00:00+05:30,52.5,52.5,46.11750030517578,48.64500045776367,42.4727668762207,63935240,0.0,0.0
2008-10-27 00:00:00+05:30,47.5,47.5,43.099998474121094,46.6150016784668,40.700340270996094,34216220,0.0,0.0
2008-10-29 00:00:00+05:30,49.5,49.997501373291016,46.01750183105469,47.54750061035156,41.51451873779297,47965580,0.0,0.0
2008-10-31 00:00:00+05:30,48.25,53.0,48.25,51.130001068115234,44.642459869384766,58745580,0.0,0.0
2008-11-03 00:00:00+05:30,52.75749969482422,54.900001525878906,52.0,53.52750015258789,46.73575973510742,43100720,0.0,0.0
2008-11-04 00:00:00+05:30,53.97249984741211,56.587501525878906,52.50749969482422,55.63249969482422,48.57365417480469,42095380,0.0,0.0
2008-11-05 00:00:00+05:30,57.252498626708984,58.400001525878906,54.0,54.91749954223633,47.94938278198242,30025520,0.0,0.0
2008-11-06 00:00:00+05:30,53.005001068115234,55.25,51.564998626708984,53.11249923706055,46.37340545654297,26108760,0.0,0.0
2008-11-07 00:00:00+05:30,53.29999923706055,55.75,51.599998474121094,54.4900016784668,47.57612991333008,27560740,0.0,0.0
2008-11-10 00:00:00+05:30,55.5,55.73500061035156,52.625,55.03499984741211,48.051979064941406,36987140,0.0,0.0
2008-11-11 00:00:00+05:30,54.099998474121094,54.400001525878906,50.75749969482422,51.16749954223633,44.67519760131836,24708200,0.0,0.0
2008-11-12 00:00:00+05:30,50.002498626708984,53.04999923706055,49.61000061035156,50.33250045776367,43.946144104003906,38022440,0.0,0.0
2008-11-14 00:00:00+05:30,51.54999923706055,52.95000076293945,50.119998931884766,50.4474983215332,44.04655075073242,35778060,0.0,0.0
2008-11-17 00:00:00+05:30,50.55500030517578,50.7400016784668,45.314998626708984,46.8224983215332,40.881507873535156,71692220,0.0,0.0
2008-11-18 00:00:00+05:30,46.0,46.537498474121094,44.282501220703125,45.755001068115234,39.9494514465332,50241820,0.0,0.0
2008-11-19 00:00:00+05:30,46.25,48.70000076293945,43.505001068115234,44.227500915527344,38.61576461791992,48777380,0.0,0.0
2008-11-20 00:00:00+05:30,42.98500061035156,42.98500061035156,40.45000076293945,41.060001373291016,35.85017395019531,64849280,0.0,0.0
2008-11-21 00:00:00+05:30,41.502498626708984,43.400001525878906,39.900001525878906,42.8224983215332,37.3890380859375,62015900,0.0,0.0
2008-11-24 00:00:00+05:30,42.75,42.852500915527344,40.400001525878906,41.45500183105469,36.1950569152832,36073340,0.0,0.0
2008-11-25 00:00:00+05:30,42.25,44.25,41.415000915527344,41.77000045776367,36.47008514404297,48339900,0.0,0.0
2008-11-26 00:00:00+05:30,42.5,46.224998474121094,41.75,45.3025016784668,39.55437088012695,48547600,0.0,0.0
2008-11-27 00:00:00+05:30,45.3025016784668,45.3025016784668,45.3025016784668,45.3025016784668,39.55437088012695,0,0.0,0.0
2008-11-28 00:00:00+05:30,40.502498626708984,46.79999923706055,39.57749938964844,46.13750076293945,40.28342056274414,55185040,0.0,0.0
2008-12-01 00:00:00+05:30,46.25,48.5,44.5,44.942501068115234,39.24004364013672,42957000,0.0,0.0
2008-12-02 00:00:00+05:30,43.997501373291016,44.73749923706055,42.255001068115234,44.29499816894531,38.674713134765625,34729680,0.0,0.0
2008-12-03 00:00:00+05:30,45.099998474121094,45.099998474121094,43.05500030517578,44.02000045776367,38.43459701538086,39434520,0.0,0.0
2008-12-04 00:00:00+05:30,43.599998474121094,45.935001373291016,43.599998474121094,45.59749984741211,39.81193923950195,35790980,0.0,0.0
2008-12-05 00:00:00+05:30,46.0,46.79999923706055,43.25,44.51499938964844,38.866783142089844,39840780,0.0,0.0
2008-12-08 00:00:00+05:30,46.22249984741211,47.70000076293945,44.10499954223633,44.900001525878906,39.202938079833984,49286640,0.0,0.0
2008-12-10 00:00:00+05:30,45.150001525878906,46.997501373291016,45.150001525878906,46.1875,40.32707977294922,64598740,0.0,0.0
2008-12-11 00:00:00+05:30,46.25,47.45000076293945,45.10749816894531,45.9275016784668,40.100067138671875,44658380,0.0,0.0
2008-12-12 00:00:00+05:30,45.25,46.5,43.79999923706055,45.997501373291016,40.16118240356445,32151040,0.0,0.0
2008-12-15 00:00:00+05:30,46.75749969482422,47.935001373291016,46.25,47.212501525878906,41.22202682495117,30706780,0.0,0.0
2008-12-16 00:00:00+05:30,46.849998474121094,49.95000076293945,46.6150016784668,49.247501373291016,42.99882125854492,37878500,0.0,0.0
2008-12-17 00:00:00+05:30,50.15999984741211,51.0,49.400001525878906,50.11000061035156,43.751869201660156,51596780,0.0,0.0
2008-12-18 00:00:00+05:30,49.904998779296875,53.494998931884766,49.650001525878906,52.932498931884766,46.21623992919922,39705300,0.0,0.0
2008-12-19 00:00:00+05:30,52.54999923706055,54.217498779296875,51.630001068115234,52.60499954223633,45.9302978515625,40583380,0.0,0.0
2008-12-22 00:00:00+05:30,52.599998474121094,53.25,50.400001525878906,50.92499923706055,44.463462829589844,23885380,0.0,0.0
2008-12-23 00:00:00+05:30,50.599998474121094,50.900001525878906,48.657501220703125,48.9900016784668,42.773990631103516,26338860,0.0,0.0
2008-12-24 00:00:00+05:30,49.720001220703125,50.0,47.099998474121094,49.209999084472656,42.966064453125,27097480,0.0,0.0
2008-12-26 00:00:00+05:30,49.75,50.994998931884766,48.29999923706055,48.63999938964844,42.46840286254883,16777140,0.0,0.0
2008-12-29 00:00:00+05:30,47.81999969482422,50.5,47.79999923706055,50.11750030517578,43.7584228515625,26060580,0.0,0.0
2008-12-30 00:00:00+05:30,49.95249938964844,51.71500015258789,49.76499938964844,50.95000076293945,44.485294342041016,37710760,0.0,0.0
2008-12-31 00:00:00+05:30,51.599998474121094,51.599998474121094,49.42250061035156,49.91749954223633,43.58380126953125,20786740,0.0,0.0
2009-01-02 00:00:00+05:30,51.0,51.599998474121094,50.15999984741211,50.782501220703125,44.339054107666016,20937040,0.0,0.0
2009-01-05 00:00:00+05:30,51.5,52.474998474121094,51.40250015258789,52.20500183105469,45.5810661315918,20118160,0.0,0.0
2009-01-06 00:00:00+05:30,52.20750045776367,55.650001525878906,51.70000076293945,55.02000045776367,48.03888702392578,36579860,0.0,0.0
2009-01-07 00:00:00+05:30,55.75,56.26250076293945,49.79999923706055,50.462501525878906,44.05965042114258,75564760,0.0,0.0
2009-01-09 00:00:00+05:30,50.0,52.849998474121094,48.75,50.875,44.41981506347656,42827140,0.0,0.0
2009-01-12 00:00:00+05:30,50.599998474121094,51.099998474121094,49.5,50.185001373291016,43.81735610961914,36113140,0.0,0.0
2009-01-13 00:00:00+05:30,50.0,50.599998474121094,48.755001068115234,49.442501068115234,43.1690673828125,25056220,0.0,0.0
2009-01-14 00:00:00+05:30,52.23500061035156,52.23500061035156,48.345001220703125,48.877498626708984,42.675758361816406,56650340,0.0,0.0
2009-01-15 00:00:00+05:30,48.0,48.0,45.352500915527344,46.2400016784668,40.37290954589844,58494980,0.0,0.0
2009-01-16 00:00:00+05:30,46.900001525878906,47.227500915527344,46.11000061035156,46.877498626708984,40.92953109741211,15617600,0.0,0.0
2009-01-19 00:00:00+05:30,47.45000076293945,47.724998474121094,46.57500076293945,47.05500030517578,41.08450698852539,20296900,0.0,0.0
2009-01-20 00:00:00+05:30,46.25,46.25,45.099998474121094,45.622501373291016,39.83376693725586,16022220,0.0,0.0
2009-01-21 00:00:00+05:30,45.34000015258789,45.34000015258789,44.0,44.47249984741211,38.829689025878906,39520800,0.0,0.0
2009-01-22 00:00:00+05:30,45.0,45.849998474121094,44.099998474121094,45.025001525878906,39.312076568603516,32599200,0.0,0.0
2009-01-23 00:00:00+05:30,44.630001068115234,45.564998626708984,43.255001068115234,43.622501373291016,38.08753967285156,31859400,0.0,0.0
2009-01-27 00:00:00+05:30,44.849998474121094,45.1974983215332,44.0,44.47249984741211,38.829689025878906,24549860,0.0,0.0
2009-01-28 00:00:00+05:30,44.900001525878906,45.790000915527344,44.76750183105469,45.587501525878906,39.80320739746094,26349180,0.0,0.0
2009-01-29 00:00:00+05:30,46.244998931884766,46.877498626708984,45.5,46.17250061035156,40.31398391723633,46873960,0.0,0.0
2009-01-30 00:00:00+05:30,44.619998931884766,46.75,44.619998931884766,46.279998779296875,40.40784454345703,14969020,0.0,0.0
2009-02-02 00:00:00+05:30,46.0,46.025001525878906,43.849998474121094,44.435001373291016,38.796939849853516,26159440,0.0,0.0
2009-02-03 00:00:00+05:30,44.76750183105469,45.4900016784668,44.5,44.90999984741211,39.211673736572266,22960400,0.0,0.0
2009-02-04 00:00:00+05:30,45.5,46.127498626708984,44.10749816894531,44.29249954223633,38.67251968383789,75987120,0.0,0.0
2009-02-05 00:00:00+05:30,44.747501373291016,44.98500061035156,44.005001068115234,44.212501525878906,38.6026725769043,21546020,0.0,0.0
2009-02-06 00:00:00+05:30,44.650001525878906,45.2400016784668,44.31999969482422,44.91999816894531,39.220401763916016,23419660,0.0,0.0
2009-02-09 00:00:00+05:30,45.400001525878906,46.099998474121094,45.150001525878906,45.97249984741211,40.13935470581055,20581120,0.0,0.0
2009-02-10 00:00:00+05:30,46.26250076293945,47.907501220703125,46.067501068115234,47.349998474121094,41.342071533203125,16643980,0.0,0.0
2009-02-11 00:00:00+05:30,46.349998474121094,47.147499084472656,45.349998474121094,46.724998474121094,40.79637145996094,18642780,0.0,0.0
2009-02-12 00:00:00+05:30,46.7599983215332,47.04999923706055,46.227500915527344,46.692501068115234,40.768001556396484,14280640,0.0,0.0
2009-02-13 00:00:00+05:30,47.0,47.69499969482422,46.849998474121094,47.20750045776367,41.217655181884766,15215800,0.0,0.0
2009-02-16 00:00:00+05:30,47.0,47.0,45.400001525878906,45.6974983215332,39.89925003051758,27995360,0.0,0.0
2009-02-17 00:00:00+05:30,45.349998474121094,45.720001220703125,43.51250076293945,44.01499938964844,38.43022537231445,34365340,0.0,0.0
2009-02-18 00:00:00+05:30,43.75,44.400001525878906,43.247501373291016,43.81999969482422,38.259979248046875,15660980,0.0,0.0
2009-02-19 00:00:00+05:30,44.20000076293945,44.61000061035156,43.717498779296875,44.227500915527344,38.61576461791992,17921580,0.0,0.0
2009-02-20 00:00:00+05:30,43.79999923706055,43.94499969482422,42.68000030517578,43.32500076293945,37.82778549194336,19994900,0.0,0.0
2009-02-24 00:00:00+05:30,42.650001525878906,43.0,41.75,42.724998474121094,37.30390930175781,15370420,0.0,0.0
2009-02-25 00:00:00+05:30,43.244998931884766,43.567501068115234,43.0099983215332,43.21500015258789,37.73173522949219,21852620,0.0,0.0
2009-02-26 00:00:00+05:30,43.314998626708984,44.14250183105469,42.04999923706055,43.7400016784668,38.190120697021484,64875240,0.0,0.0
2009-02-27 00:00:00+05:30,43.54999923706055,44.89500045776367,42.150001525878906,44.474998474121094,38.83185958862305,27103880,0.0,0.0
2009-03-02 00:00:00+05:30,43.654998779296875,43.84749984741211,41.875,42.28499984741211,36.91973876953125,37138220,0.0,0.0
2009-03-03 00:00:00+05:30,41.84749984741211,42.15999984741211,41.0,41.57500076293945,36.299827575683594,33429840,0.0,0.0
2009-03-04 00:00:00+05:30,41.54999923706055,42.5,41.5,41.95000076293945,36.62723922729492,34239980,0.0,0.0
2009-03-05 00:00:00+05:30,42.48500061035156,42.724998474121094,39.557498931884766,40.06999969482422,34.98578643798828,48449580,0.0,0.0
2009-03-06 00:00:00+05:30,40.0,41.397499084472656,38.70000076293945,40.09000015258789,35.00324630737305,47417080,0.0,0.0
2009-03-09 00:00:00+05:30,39.95000076293945,40.73500061035156,39.11249923706055,39.9375,34.87010192871094,35178920,0.0,0.0
2009-03-12 00:00:00+05:30,40.75,41.70000076293945,39.557498931884766,39.932498931884766,34.86573028564453,57410880,0.0,0.0
2009-03-13 00:00:00+05:30,40.75,41.84000015258789,40.61249923706055,41.712501525878906,36.41987609863281,91452600,0.0,0.0
2009-03-16 00:00:00+05:30,42.0,42.630001068115234,41.33250045776367,42.24250030517578,36.88262939453125,54510220,0.0,0.0
2009-03-17 00:00:00+05:30,42.20000076293945,42.95000076293945,40.45500183105469,41.407501220703125,36.15357971191406,41847020,0.0,0.0
2009-03-18 00:00:00+05:30,41.994998931884766,43.0,41.61000061035156,42.150001525878906,36.80187225341797,37820820,0.0,0.0
2009-03-19 00:00:00+05:30,42.435001373291016,43.150001525878906,40.95000076293945,41.619998931884766,36.339115142822266,48852220,0.0,0.0
2009-03-20 00:00:00+05:30,41.49250030517578,42.084999084472656,40.54999923706055,41.96500015258789,36.64033889770508,40572140,0.0,0.0
2009-03-23 00:00:00+05:30,42.692501068115234,44.9900016784668,42.099998474121094,44.25,38.635414123535156,40899460,0.0,0.0
2009-03-24 00:00:00+05:30,45.8125,48.70000076293945,45.5,47.084999084472656,41.11069869995117,75401080,0.0,0.0
2009-03-25 00:00:00+05:30,47.39500045776367,48.845001220703125,46.849998474121094,48.60749816894531,42.44001770019531,35818000,0.0,0.0
2009-03-26 00:00:00+05:30,49.400001525878906,50.25,48.75749969482422,49.66999816894531,43.367706298828125,46312840,0.0,0.0
2009-03-27 00:00:00+05:30,49.04999923706055,50.650001525878906,49.04499816894531,50.0724983215332,43.71913528442383,45761560,0.0,0.0
2009-03-30 00:00:00+05:30,49.0,49.0,47.03499984741211,47.275001525878906,41.27659225463867,26509680,0.0,0.0
2009-03-31 00:00:00+05:30,47.599998474121094,49.39500045776367,45.220001220703125,48.66999816894531,42.49458694458008,74405400,0.0,0.0
2009-04-01 00:00:00+05:30,49.25,50.25,47.58000183105469,50.0,43.65583801269531,25893640,0.0,0.0
2009-04-02 00:00:00+05:30,50.54999923706055,52.595001220703125,50.54999923706055,51.82749938964844,45.25144958496094,35591320,0.0,0.0
2009-04-06 00:00:00+05:30,52.75,53.75,52.01250076293945,53.20750045776367,46.45635986328125,26945760,0.0,0.0
2009-04-08 00:00:00+05:30,53.25,53.25,49.6150016784668,52.337501525878906,45.69674301147461,53028520,0.0,0.0
2009-04-09 00:00:00+05:30,53.189998626708984,54.0,51.60499954223633,52.220001220703125,45.594154357910156,29772380,0.0,0.0
2009-04-13 00:00:00+05:30,52.0,55.747501373291016,52.0,54.91749954223633,47.94938278198242,34222020,0.0,0.0
2009-04-15 00:00:00+05:30,52.74250030517578,55.23500061035156,52.125,54.13750076293945,47.26835250854492,62675520,0.0,0.0
2009-04-16 00:00:00+05:30,54.939998626708984,55.38750076293945,52.86249923706055,53.30500030517578,46.54148483276367,39041500,0.0,0.0
2009-04-17 00:00:00+05:30,54.20000076293945,54.900001525878906,52.82749938964844,53.595001220703125,46.79468536376953,47042120,0.0,0.0
2009-04-20 00:00:00+05:30,53.5,55.0,52.412498474121094,53.35499954223633,46.58514404296875,22931780,0.0,0.0
2009-04-21 00:00:00+05:30,52.0,55.0,51.7400016784668,54.35499954223633,47.458255767822266,30096100,0.0,0.0
2009-04-22 00:00:00+05:30,54.5,55.11750030517578,53.25,54.467498779296875,47.556480407714844,24182440,0.0,0.0
2009-04-23 00:00:00+05:30,54.75,55.0,53.275001525878906,54.625,47.694000244140625,28823100,0.0,0.0
2009-04-24 00:00:00+05:30,55.0,56.14500045776367,53.849998474121094,55.51250076293945,48.46888732910156,37310260,0.0,0.0
2009-04-27 00:00:00+05:30,55.0,56.997501373291016,54.5,55.77000045776367,48.69371795654297,28785580,0.0,0.0
2009-04-28 00:00:00+05:30,55.912498474121094,56.349998474121094,53.150001525878906,53.592498779296875,46.79250717163086,29601760,0.0,0.0
2009-04-29 00:00:00+05:30,54.29999923706055,55.5,53.599998474121094,55.01750183105469,48.03669357299805,42856300,0.0,0.0
2009-04-30 00:00:00+05:30,55.01750183105469,55.01750183105469,55.01750183105469,55.01750183105469,48.03669357299805,0,0.0,0.0
2009-05-04 00:00:00+05:30,57.502498626708984,60.349998474121094,56.01250076293945,59.970001220703125,52.36080551147461,45266140,0.0,0.0
2009-05-05 00:00:00+05:30,60.34000015258789,60.497501373291016,58.25,59.662498474121094,52.09233093261719,30463880,0.0,0.0
2009-05-06 00:00:00+05:30,59.505001068115234,59.95000076293945,58.04999923706055,58.59749984741211,51.16244888305664,24286180,0.0,0.0
2009-05-07 00:00:00+05:30,59.0,59.400001525878906,58.33250045776367,58.817501068115234,51.35453796386719,15457680,0.0,0.0
2009-05-08 00:00:00+05:30,58.0,58.75,55.727500915527344,57.20249938964844,49.944454193115234,45138660,0.0,0.0
2009-05-11 00:00:00+05:30,59.3849983215332,59.3849983215332,56.900001525878906,57.349998474121094,50.07323455810547,33836720,0.0,0.0
2009-05-12 00:00:00+05:30,57.20000076293945,60.1974983215332,56.962501525878906,59.76499938964844,52.18181610107422,34608840,0.0,0.0
2009-05-13 00:00:00+05:30,59.75,59.939998626708984,57.349998474121094,58.21500015258789,50.82848358154297,47519520,0.0,0.0
2009-05-14 00:00:00+05:30,57.61249923706055,58.45000076293945,56.0625,58.182498931884766,50.80011749267578,19203300,0.0,0.0
2009-05-15 00:00:00+05:30,58.75,59.599998474121094,57.86000061035156,59.247501373291016,51.72998046875,41519920,0.0,0.0
2009-05-18 00:00:00+05:30,63.057498931884766,76.98500061035156,63.057498931884766,68.90499877929688,60.162109375,271500,0.0,0.0
2009-05-19 00:00:00+05:30,69.5999984741211,74.94999694824219,60.314998626708984,70.58999633789062,61.63330078125,99306960,0.0,0.0
2009-05-20 00:00:00+05:30,69.8499984741211,70.55000305175781,67.55000305175781,69.02999877929688,60.271240234375,29037980,0.0,0.0
2009-05-21 00:00:00+05:30,68.72000122070312,70.25,66.70999908447266,68.55000305175781,59.85214614868164,38176700,0.0,0.0
2009-05-22 00:00:00+05:30,67.94999694824219,69.69499969482422,67.05750274658203,68.49250030517578,59.80194854736328,18276080,0.0,0.0
2009-05-25 00:00:00+05:30,68.75,69.49250030517578,67.31999969482422,68.18000030517578,59.52909469604492,16761340,0.0,0.0
2009-05-26 00:00:00+05:30,68.42500305175781,69.59750366210938,66.25,66.80000305175781,58.324195861816406,24951620,0.0,0.0
2009-05-27 00:00:00+05:30,68.50499725341797,70.94999694824219,68.36250305175781,70.45500183105469,61.515419006347656,53941080,0.0,0.0
2009-05-28 00:00:00+05:30,70.05000305175781,72.68499755859375,69.19999694824219,71.99749755859375,62.86222457885742,70308860,0.0,0.0
2009-05-29 00:00:00+05:30,72.2300033569336,72.99500274658203,71.05000305175781,72.2249984741211,63.06083297729492,30721400,0.0,0.0
2009-06-01 00:00:00+05:30,72.69999694824219,74.19999694824219,70.8375015258789,71.68250274658203,62.58719253540039,22222360,0.0,0.0
2009-06-02 00:00:00+05:30,71.7249984741211,72.5,68.94999694824219,69.88999938964844,61.022125244140625,19577240,0.0,0.0
2009-06-03 00:00:00+05:30,71.0,71.4000015258789,67.3949966430664,68.5374984741211,59.841243743896484,28659520,0.0,0.0
2009-06-04 00:00:00+05:30,68.05000305175781,69.98500061035156,67.5999984741211,69.44000244140625,60.629234313964844,24262960,0.0,0.0
2009-06-05 00:00:00+05:30,69.94499969482422,71.55000305175781,69.25749969482422,70.93000030517578,61.93016052246094,20214840,0.0,0.0
2009-06-08 00:00:00+05:30,71.0,71.25,69.25,70.00250244140625,61.1203498840332,15709480,0.0,0.0
2009-06-09 00:00:00+05:30,69.49500274658203,71.5,68.91000366210938,71.01249694824219,62.00220489501953,12893300,0.0,0.0
2009-06-10 00:00:00+05:30,72.01249694824219,77.44999694824219,71.75,75.0625,65.5383071899414,32476460,0.0,0.0
2009-06-11 00:00:00+05:30,76.25,78.5,75.06500244140625,77.82499694824219,67.95030212402344,36272980,0.0,0.0
2009-06-12 00:00:00+05:30,78.32499694824219,78.94999694824219,75.80000305175781,76.40750122070312,66.71266174316406,23487560,0.0,0.0
2009-06-15 00:00:00+05:30,76.18499755859375,78.0250015258789,75.0999984741211,76.65249633789062,66.92658233642578,18419340,0.0,0.0
2009-06-16 00:00:00+05:30,75.4000015258789,77.5,74.32499694824219,77.30999755859375,67.50064849853516,27458080,0.0,0.0
2009-06-17 00:00:00+05:30,77.0,79.19999694824219,76.0,77.23750305175781,67.43734741210938,35711420,0.0,0.0
2009-06-18 00:00:00+05:30,76.5,78.23500061035156,75.3375015258789,76.24250030517578,66.56861114501953,31335520,0.0,0.0
2009-06-19 00:00:00+05:30,76.75499725341797,78.44499969482422,76.25,77.94249725341797,68.05290985107422,17830440,0.0,0.0
2009-06-22 00:00:00+05:30,78.93499755859375,78.93499755859375,76.20999908447266,77.15499877929688,67.80025482177734,20433060,0.5,0.0
2009-06-23 00:00:00+05:30,75.73500061035156,75.73500061035156,72.81749725341797,74.27249908447266,65.26725006103516,29413000,0.0,0.0
2009-06-24 00:00:00+05:30,76.83000183105469,76.83000183105469,72.55999755859375,72.88500213623047,64.04798889160156,23783620,0.0,0.0
2009-06-25 00:00:00+05:30,74.98500061035156,74.98500061035156,72.80000305175781,73.2249984741211,64.34674835205078,39782340,0.0,0.0
2009-06-26 00:00:00+05:30,74.0,75.05999755859375,73.55000305175781,74.91500091552734,65.83186340332031,36775320,0.0,0.0
2009-06-29 00:00:00+05:30,75.25,76.6449966430664,74.5999984741211,75.38999938964844,66.249267578125,36200480,0.0,0.0
2009-06-30 00:00:00+05:30,76.19750213623047,76.25,73.9625015258789,74.65750122070312,65.6055679321289,20584840,0.0,0.0
2009-07-01 00:00:00+05:30,74.9000015258789,75.9000015258789,74.15750122070312,75.125,66.01636505126953,11854560,0.0,0.0
2009-07-02 00:00:00+05:30,75.44999694824219,75.44999694824219,73.26249694824219,75.0250015258789,65.92852020263672,13585200,0.0,0.0
2009-07-03 00:00:00+05:30,74.49500274658203,76.25,74.1500015258789,75.7874984741211,66.59855651855469,19610540,0.0,0.0
2009-07-06 00:00:00+05:30,76.25,77.4000015258789,70.0,71.19750213623047,62.56507873535156,30500820,0.0,0.0
2009-07-07 00:00:00+05:30,72.0,72.48500061035156,70.25,71.36499786376953,62.712284088134766,20679740,0.0,0.0
2009-07-08 00:00:00+05:30,70.73500061035156,70.75,68.01249694824219,68.76499938964844,60.42753219604492,21619400,0.0,0.0
2009-07-09 00:00:00+05:30,68.80000305175781,70.44999694824219,68.25,69.99500274658203,61.50838088989258,11691480,0.0,0.0
2009-07-10 00:00:00+05:30,70.25,70.73999786376953,68.01499938964844,68.94249725341797,60.58348083496094,21467820,0.0,0.0
2009-07-13 00:00:00+05:30,68.5,69.09500122070312,67.5,68.69000244140625,60.36161422729492,15282560,0.0,0.0
2009-07-14 00:00:00+05:30,69.55750274658203,71.48999786376953,67.11000061035156,68.12750244140625,59.8673095703125,51070240,0.0,0.0
2009-07-15 00:00:00+05:30,69.5,69.5,66.65249633789062,69.0875015258789,60.71091079711914,42583380,0.0,0.0
2009-07-16 00:00:00+05:30,70.0,70.3499984741211,68.0999984741211,69.52249908447266,61.09316635131836,28846400,0.0,0.0
2009-07-17 00:00:00+05:30,69.5,72.44249725341797,68.70249938964844,71.8324966430664,63.12310028076172,24977340,0.0,0.0
2009-07-20 00:00:00+05:30,72.55000305175781,74.30000305175781,71.01499938964844,73.6875,64.75316619873047,22513560,0.0,0.0
2009-07-21 00:00:00+05:30,73.3499984741211,73.9800033569336,72.5824966430664,73.04499816894531,64.1885757446289,16773220,0.0,0.0
2009-07-22 00:00:00+05:30,73.5,73.68499755859375,71.6500015258789,72.25749969482422,63.4965705871582,29869220,0.0,0.0
2009-07-23 00:00:00+05:30,72.98249816894531,73.51249694824219,71.73249816894531,72.95249938964844,64.10729217529297,25878520,0.0,0.0
2009-07-24 00:00:00+05:30,73.0,73.4000015258789,71.44999694824219,72.49749755859375,63.70745849609375,22111200,0.0,0.0
2009-07-27 00:00:00+05:30,72.8499984741211,73.5,71.25,71.66999816894531,62.980289459228516,19702420,0.0,0.0
2009-07-28 00:00:00+05:30,72.19999694824219,72.25,69.8499984741211,71.22250366210938,62.587066650390625,32996480,0.0,0.0
2009-07-29 00:00:00+05:30,71.88500213623047,71.88500213623047,69.25,70.93499755859375,62.33441162109375,19905200,0.0,0.0
2009-07-30 00:00:00+05:30,70.93499755859375,73.5999984741211,69.94999694824219,73.21749877929688,64.34016418457031,37241540,0.0,0.0
2009-07-31 00:00:00+05:30,74.00749969482422,75.4749984741211,73.7125015258789,74.95500183105469,65.86701202392578,25795680,0.0,0.0
2009-08-03 00:00:00+05:30,75.0,75.44999694824219,73.00749969482422,74.67250061035156,65.6187515258789,10928980,0.0,0.0
2009-08-04 00:00:00+05:30,75.25,75.38749694824219,72.81999969482422,73.45249938964844,64.54666900634766,19447220,0.0,0.0
2009-08-05 00:00:00+05:30,73.93499755859375,73.93499755859375,71.69000244140625,72.39250183105469,63.615203857421875,21808440,0.0,0.0
2009-08-06 00:00:00+05:30,72.0,72.75,70.0999984741211,70.68000030517578,62.11033248901367,33306200,0.0,0.0
2009-08-07 00:00:00+05:30,70.5,71.30000305175781,68.94999694824219,69.51000213623047,61.082183837890625,28488020,0.0,0.0
2009-08-10 00:00:00+05:30,70.69999694824219,70.75499725341797,68.0,68.76750183105469,60.42970275878906,27679720,0.0,0.0
2009-08-11 00:00:00+05:30,68.75,69.3949966430664,68.0,68.9574966430664,60.59666061401367,20270720,0.0,0.0
2009-08-12 00:00:00+05:30,68.25,70.5999984741211,67.75,70.3125,61.787376403808594,18392820,0.0,0.0
2009-08-13 00:00:00+05:30,71.74500274658203,71.74500274658203,70.26249694824219,71.22750091552734,62.59143829345703,20531280,0.0,0.0
2009-08-14 00:00:00+05:30,72.44999694824219,72.44999694824219,70.55000305175781,71.36499786376953,62.712284088134766,12256400,0.0,0.0
2009-08-17 00:00:00+05:30,70.44999694824219,71.0374984741211,69.75,70.30999755859375,61.785186767578125,26981300,0.0,0.0
2009-08-18 00:00:00+05:30,70.05000305175781,72.74500274658203,70.05000305175781,72.04499816894531,63.309818267822266,25274500,0.0,0.0
2009-08-19 00:00:00+05:30,72.04750061035156,72.98500061035156,70.55000305175781,72.48750305175781,63.698673248291016,22003460,0.0,0.0
2009-08-20 00:00:00+05:30,72.94999694824219,74.5,72.75,74.00250244140625,65.02997589111328,14477600,0.0,0.0
2009-08-21 00:00:00+05:30,73.94999694824219,74.25,72.26750183105469,73.29750061035156,64.41046905517578,20833940,0.0,0.0
2009-08-24 00:00:00+05:30,74.9000015258789,75.08999633789062,73.3499984741211,74.23249816894531,65.23208618164062,12741880,0.0,0.0
2009-08-25 00:00:00+05:30,73.42500305175781,74.94999694824219,73.0250015258789,74.34750366210938,65.33316802978516,9548980,0.0,0.0
2009-08-26 00:00:00+05:30,74.9000015258789,75.93499755859375,72.50250244140625,73.02999877929688,64.17537689208984,13106840,0.0,0.0
2009-08-27 00:00:00+05:30,72.5,73.0999984741211,72.19999694824219,72.8499984741211,64.01720428466797,14838040,0.0,0.0
2009-08-28 00:00:00+05:30,72.75,73.25,71.75,72.88749694824219,64.05017852783203,9175820,0.0,0.0
2009-08-31 00:00:00+05:30,71.75,74.15249633789062,71.75,73.55000305175781,64.6323471069336,13194940,0.0,0.0
2009-09-01 00:00:00+05:30,74.00250244140625,74.34249877929688,71.38999938964844,72.30500030517578,63.538307189941406,12314080,0.0,0.0
2009-09-02 00:00:00+05:30,71.60250091552734,72.59249877929688,71.26750183105469,71.9375,63.215362548828125,6342740,0.0,0.0
2009-09-03 00:00:00+05:30,72.25,72.4000015258789,71.25,71.7699966430664,63.068172454833984,10059660,0.0,0.0
2009-09-04 00:00:00+05:30,71.75,73.0,71.25,72.7125015258789,63.89638900756836,10667720,0.0,0.0
2009-09-07 00:00:00+05:30,73.00250244140625,73.80000305175781,72.41000366210938,73.37000274658203,64.47418975830078,15236680,0.0,0.0
2009-09-08 00:00:00+05:30,73.73249816894531,74.09750366210938,72.5,72.84249877929688,64.01062774658203,14822620,0.0,0.0
2009-09-09 00:00:00+05:30,73.23999786376953,74.0999984741211,72.77999877929688,73.77249908447266,64.82786560058594,27106000,0.0,0.0
2009-09-10 00:00:00+05:30,74.5,75.1500015258789,74.0,74.27749633789062,65.27164459228516,17774500,0.0,0.0
2009-09-11 00:00:00+05:30,74.5,74.80500030517578,73.2300033569336,74.5625,65.52207946777344,14430880,0.0,0.0
2009-09-14 00:00:00+05:30,74.5625,75.19999694824219,74.19999694824219,74.69000244140625,65.63412475585938,12454780,0.0,0.0
2009-09-15 00:00:00+05:30,74.75,75.9124984741211,74.60749816894531,75.7125015258789,66.53266143798828,21756800,0.0,0.0
2009-09-16 00:00:00+05:30,76.5,76.75250244140625,75.28500366210938,75.83999633789062,66.64470672607422,23157440,0.0,0.0
2009-09-17 00:00:00+05:30,76.36499786376953,76.94999694824219,76.03500366210938,76.74500274658203,67.43997192382812,24112200,0.0,0.0
2009-09-18 00:00:00+05:30,76.80000305175781,76.88500213623047,75.55000305175781,76.22250366210938,66.98082733154297,8229580,0.0,0.0
2009-09-22 00:00:00+05:30,76.0,77.5,75.80000305175781,77.31749725341797,67.94304656982422,13451620,0.0,0.0
2009-09-23 00:00:00+05:30,77.75,79.94499969482422,76.57499694824219,78.4800033569336,68.96461486816406,26131400,0.0,0.0
2009-09-24 00:00:00+05:30,77.29750061035156,81.83499908447266,77.29750061035156,81.19000244140625,71.34603118896484,44450520,0.0,0.0
2009-09-25 00:00:00+05:30,80.13999938964844,81.2125015258789,79.5999984741211,80.42749786376953,70.67599487304688,11237640,0.0,0.0
2009-09-29 00:00:00+05:30,81.19999694824219,81.73999786376953,80.05500030517578,80.56749725341797,70.79901885986328,7774000,0.0,0.0
2009-09-30 00:00:00+05:30,80.80000305175781,83.0,80.20999908447266,82.5250015258789,72.51917266845703,23977240,0.0,0.0
2009-10-01 00:00:00+05:30,82.0,83.41999816894531,81.01249694824219,82.21499633789062,72.24674224853516,17295980,0.0,0.0
2009-10-05 00:00:00+05:30,81.05000305175781,82.25,80.8499984741211,81.70249938964844,71.79638671875,10969880,0.0,0.0
2009-10-06 00:00:00+05:30,82.94999694824219,83.24500274658203,80.24500274658203,82.98249816894531,72.92119598388672,11507280,0.0,0.0
2009-10-07 00:00:00+05:30,83.69999694824219,85.5,83.5,83.88500213623047,73.71426391601562,21686660,0.0,0.0
2009-10-08 00:00:00+05:30,83.0,84.74500274658203,82.49749755859375,84.36750030517578,74.1382827758789,16809880,0.0,0.0
2009-10-09 00:00:00+05:30,83.0,84.5,83.0,83.78250122070312,73.62419891357422,9009600,0.0,0.0
2009-10-12 00:00:00+05:30,83.1500015258789,85.5,82.25,85.11250305175781,74.79296112060547,15601380,0.0,0.0
2009-10-13 00:00:00+05:30,85.11250305175781,85.11250305175781,85.11250305175781,85.11250305175781,74.79296112060547,0,0.0,0.0
2009-10-14 00:00:00+05:30,85.25,86.44999694824219,84.30750274658203,85.11000061035156,74.79074096679688,15642420,0.0,0.0
2009-10-15 00:00:00+05:30,85.51750183105469,86.75,84.70500183105469,86.11499786376953,75.67388916015625,18772320,0.0,0.0
2009-10-16 00:00:00+05:30,86.5999984741211,86.94000244140625,85.61750030517578,85.98249816894531,75.55744934082031,16519700,0.0,0.0
2009-10-20 00:00:00+05:30,84.13249969482422,86.0,84.0,84.56500244140625,74.31182098388672,9388380,0.0,0.0
2009-10-21 00:00:00+05:30,83.0,85.10250091552734,82.5425033569336,83.05500030517578,72.98491668701172,12847520,0.0,0.0
2009-10-22 00:00:00+05:30,82.05000305175781,83.8499984741211,82.0,83.30000305175781,73.20018768310547,7579740,0.0,0.0
2009-10-23 00:00:00+05:30,83.75,84.94999694824219,83.05999755859375,84.59500122070312,74.33818054199219,7576980,0.0,0.0
2009-10-26 00:00:00+05:30,83.55000305175781,84.8499984741211,83.25,84.6449966430664,74.38213348388672,8164820,0.0,0.0
2009-10-27 00:00:00+05:30,83.0,85.0,83.0,83.50499725341797,73.38034057617188,19155140,0.0,0.0
2009-10-28 00:00:00+05:30,83.0,83.48999786376953,80.25749969482422,80.97750091552734,71.15929412841797,13320900,0.0,0.0
2009-10-29 00:00:00+05:30,80.25,81.97000122070312,78.51249694824219,80.66000366210938,70.88028717041016,20490880,0.0,0.0
2009-10-30 00:00:00+05:30,81.0999984741211,84.4000015258789,80.2750015258789,81.03500366210938,71.20984649658203,15292380,0.0,0.0
2009-11-03 00:00:00+05:30,80.83999633789062,81.9749984741211,79.19999694824219,80.0250015258789,70.3222885131836,9502520,0.0,0.0
2009-11-04 00:00:00+05:30,80.25,82.3499984741211,79.06749725341797,81.19750213623047,71.35261535644531,12550460,0.0,0.0
2009-11-05 00:00:00+05:30,80.98999786376953,81.88999938964844,79.3499984741211,81.1675033569336,71.32626342773438,19742900,0.0,0.0
2009-11-06 00:00:00+05:30,81.75,82.67500305175781,81.0999984741211,82.0,72.05783081054688,11478120,0.0,0.0
2009-11-09 00:00:00+05:30,82.05000305175781,85.5,82.0,85.37249755859375,75.02142333984375,17472440,0.0,0.0
2009-11-10 00:00:00+05:30,85.01750183105469,87.09500122070312,84.58499908447266,85.17250061035156,74.84567260742188,18728700,0.0,0.0
2009-11-11 00:00:00+05:30,83.7699966430664,87.0,83.7699966430664,86.7925033569336,76.26925659179688,15191800,0.0,0.0
2009-11-12 00:00:00+05:30,86.43250274658203,87.0999984741211,85.37999725341797,85.82749938964844,75.4212417602539,15689900,0.0,0.0
2009-11-13 00:00:00+05:30,85.27749633789062,87.05000305175781,85.27749633789062,86.11250305175781,75.67169952392578,17245820,0.0,0.0
2009-11-16 00:00:00+05:30,86.14749908447266,87.48999786376953,85.94999694824219,86.18000030517578,75.73101806640625,12131120,0.0,0.0
2009-11-17 00:00:00+05:30,87.24250030517578,87.84750366210938,85.06500244140625,87.48249816894531,76.8755874633789,14013800,0.0,0.0
2009-11-18 00:00:00+05:30,85.5875015258789,87.75,85.5875015258789,87.4800033569336,76.87339782714844,18930600,0.0,0.0
2009-11-19 00:00:00+05:30,87.4000015258789,87.4000015258789,85.19999694824219,85.97750091552734,75.55306243896484,11882240,0.0,0.0
2009-11-20 00:00:00+05:30,85.44999694824219,88.07499694824219,85.44999694824219,87.69999694824219,77.06671142578125,15307920,0.0,0.0
2009-11-23 00:00:00+05:30,86.76499938964844,89.0,86.76499938964844,88.27249908447266,77.56981658935547,11746440,0.0,0.0
2009-11-24 00:00:00+05:30,87.5,89.0,87.00499725341797,88.84500122070312,78.07291412353516,8803300,0.0,0.0
2009-11-25 00:00:00+05:30,87.56749725341797,90.44999694824219,87.56749725341797,90.13500213623047,79.20648956298828,15749580,0.0,0.0
2009-11-26 00:00:00+05:30,87.5,90.5,87.5,88.05999755859375,77.383056640625,16057640,0.0,0.0
2009-11-27 00:00:00+05:30,87.0999984741211,88.18499755859375,84.11750030517578,87.51750183105469,76.90634155273438,14975520,0.0,0.0
2009-11-30 00:00:00+05:30,88.25,89.3499984741211,87.11250305175781,88.3125,77.6049575805664,17511280,0.0,0.0
2009-12-01 00:00:00+05:30,88.98500061035156,89.94999694824219,87.5,89.48500061035156,78.63529205322266,10975060,0.0,0.0
2009-12-02 00:00:00+05:30,89.00499725341797,90.67500305175781,88.8125,90.3550033569336,79.39981842041016,23703320,0.0,0.0
2009-12-03 00:00:00+05:30,89.42749786376953,91.19999694824219,89.42749786376953,90.34750366210938,79.39322662353516,9752940,0.0,0.0
2009-12-04 00:00:00+05:30,89.30750274658203,90.05000305175781,88.75499725341797,89.47750091552734,78.62870025634766,6778560,0.0,0.0
2009-12-07 00:00:00+05:30,89.5,90.38500213623047,89.24749755859375,89.86750030517578,78.97142028808594,9102120,0.0,0.0
2009-12-08 00:00:00+05:30,89.3499984741211,91.94999694824219,88.62000274658203,91.6624984741211,80.54876708984375,13661280,0.0,0.0
2009-12-09 00:00:00+05:30,90.28250122070312,91.73999786376953,89.57499694824219,90.21749877929688,79.27899169921875,16068740,0.0,0.0
2009-12-10 00:00:00+05:30,89.56749725341797,90.25,88.61750030517578,89.25499725341797,78.43318176269531,12233920,0.0,0.0
2009-12-11 00:00:00+05:30,89.44249725341797,89.94999694824219,88.15499877929688,89.25749969482422,78.43537902832031,11953200,0.0,0.0
2009-12-14 00:00:00+05:30,89.23500061035156,90.0,87.44999694824219,87.86499786376953,77.21170806884766,16142240,0.0,0.0
2009-12-15 00:00:00+05:30,86.82749938964844,88.3499984741211,84.5,85.04000091552734,74.7292251586914,17086360,0.0,0.0
2009-12-16 00:00:00+05:30,83.83000183105469,85.44249725341797,83.75,84.6675033569336,74.40190124511719,17161840,0.0,0.0
2009-12-17 00:00:00+05:30,84.0,84.8499984741211,83.3499984741211,83.57499694824219,73.44185638427734,13195340,0.0,0.0
2009-12-18 00:00:00+05:30,82.56999969482422,83.66000366210938,82.34249877929688,83.20500183105469,73.11672973632812,12563560,0.0,0.0
2009-12-21 00:00:00+05:30,83.20500183105469,83.55999755859375,82.35250091552734,82.63749694824219,72.61801147460938,17188860,0.0,0.0
2009-12-22 00:00:00+05:30,83.0,83.36000061035156,82.1050033569336,82.32749938964844,72.3456039428711,12548620,0.0,0.0
2009-12-23 00:00:00+05:30,82.5,85.0,82.5,84.51750183105469,74.27007293701172,20208740,0.0,0.0
2009-12-24 00:00:00+05:30,85.11750030517578,86.19999694824219,84.20999908447266,85.53250122070312,75.16201782226562,7437940,0.0,0.0
2009-12-29 00:00:00+05:30,85.88500213623047,85.9000015258789,84.3375015258789,84.84750366210938,74.56006622314453,10404580,0.0,0.0
2009-12-30 00:00:00+05:30,84.98750305175781,84.98750305175781,83.75,84.625,74.36454772949219,8531020,0.0,0.0
2009-12-31 00:00:00+05:30,85.0,85.69999694824219,84.49250030517578,85.11250305175781,74.79296112060547,11516440,0.0,0.0
2010-01-04 00:00:00+05:30,85.0,86.42500305175781,84.62750244140625,85.28500366210938,74.94452667236328,6100980,0.0,0.0
2010-01-05 00:00:00+05:30,85.5,86.25,85.25,85.36000061035156,75.01043701171875,16773200,0.0,0.0
2010-01-06 00:00:00+05:30,85.69999694824219,86.0,84.40499877929688,85.4175033569336,75.06094360351562,13279680,0.0,0.0
2010-01-07 00:00:00+05:30,88.41999816894531,88.41999816894531,85.08000183105469,85.63999938964844,75.25648498535156,12247960,0.0,0.0
2010-01-08 00:00:00+05:30,85.5999984741211,86.16999816894531,85.05000305175781,85.75250244140625,75.35535430908203,14171800,0.0,0.0
2010-01-11 00:00:00+05:30,87.43250274658203,87.43250274658203,85.125,85.40750122070312,75.05216217041016,27533220,0.0,0.0
2010-01-12 00:00:00+05:30,85.4000015258789,85.58999633789062,83.93000030517578,84.76000213623047,74.48318481445312,9814100,0.0,0.0
2010-01-13 00:00:00+05:30,84.24749755859375,84.73999786376953,83.27749633789062,84.46499633789062,74.22394561767578,20693500,0.0,0.0
2010-01-14 00:00:00+05:30,85.5,85.69000244140625,83.5,84.19000244140625,73.98228454589844,20345280,0.0,0.0
2010-01-15 00:00:00+05:30,84.91999816894531,84.94999694824219,83.55000305175781,84.7074966430664,74.43705749511719,23163460,0.0,0.0
2010-01-18 00:00:00+05:30,84.5,88.9000015258789,84.1050033569336,88.3324966430664,77.62252807617188,47002920,0.0,0.0
2010-01-19 00:00:00+05:30,88.25,89.44000244140625,87.6449966430664,88.95999908447266,78.17393493652344,33328440,0.0,0.0
2010-01-20 00:00:00+05:30,89.25,89.5,87.1500015258789,87.80500030517578,77.15898895263672,27304220,0.0,0.0
2010-01-21 00:00:00+05:30,88.04499816894531,88.04499816894531,85.25499725341797,85.5824966430664,75.20594787597656,25046940,0.0,0.0
2010-01-22 00:00:00+05:30,84.80000305175781,85.0,82.69999694824219,83.8550033569336,73.68791961669922,18947400,0.0,0.0
2010-01-25 00:00:00+05:30,83.0,83.8949966430664,81.56500244140625,82.83499908447266,72.79158020019531,12057580,0.0,0.0
2010-01-27 00:00:00+05:30,83.05500030517578,83.05500030517578,79.34500122070312,79.86000061035156,70.17728424072266,24215580,0.0,0.0
2010-01-28 00:00:00+05:30,80.5,80.94999694824219,78.83999633789062,79.6624984741211,70.00372314453125,34864460,0.0,0.0
2010-01-29 00:00:00+05:30,79.0,81.8499984741211,77.625,81.55249786376953,71.6645736694336,32870340,0.0,0.0
2010-02-01 00:00:00+05:30,81.4000015258789,81.4000015258789,79.25,79.98750305175781,70.28933715820312,15034660,0.0,0.0
2010-02-02 00:00:00+05:30,80.3499984741211,80.74500274658203,78.5999984741211,78.95500183105469,69.38201141357422,20669400,0.0,0.0
2010-02-03 00:00:00+05:30,80.0,81.62000274658203,78.9000015258789,81.13749694824219,71.2999038696289,15455340,0.0,0.0
2010-02-04 00:00:00+05:30,80.9000015258789,81.24500274658203,79.2750015258789,80.8375015258789,71.0362777709961,17210480,0.0,0.0
2010-02-05 00:00:00+05:30,79.9000015258789,79.9000015258789,78.25,78.6675033569336,69.1293716430664,18693880,0.0,0.0
2010-02-08 00:00:00+05:30,79.25,79.44249725341797,77.44999694824219,78.37000274658203,68.8679428100586,15181200,0.0,0.0
2010-02-09 00:00:00+05:30,78.33999633789062,78.8949966430664,77.57499694824219,78.5824966430664,69.05467987060547,23947500,0.0,0.0
2010-02-10 00:00:00+05:30,78.75,80.87249755859375,78.19999694824219,79.67749786376953,70.01692962646484,27733360,0.0,0.0
2010-02-11 00:00:00+05:30,80.19999694824219,81.6500015258789,79.5,79.9000015258789,70.2124252319336,14539380,0.0,0.0
2010-02-15 00:00:00+05:30,79.8499984741211,80.98500061035156,79.125,80.69000244140625,70.9066390991211,9604980,0.0,0.0
2010-02-16 00:00:00+05:30,80.25,81.13500213623047,79.5,80.31999969482422,70.58150482177734,14349700,0.0,0.0
2010-02-17 00:00:00+05:30,80.9000015258789,83.04750061035156,80.74500274658203,82.79750061035156,72.75862121582031,24796680,0.0,0.0
2010-02-18 00:00:00+05:30,83.24500274658203,84.5,82.5374984741211,84.1875,73.9801025390625,20008840,0.0,0.0
2010-02-19 00:00:00+05:30,83.5,85.0,82.80500030517578,84.69499969482422,74.42607116699219,14691980,0.0,0.0
2010-02-22 00:00:00+05:30,85.05000305175781,85.98500061035156,84.5,84.83000183105469,74.54469299316406,13280340,0.0,0.0
2010-02-23 00:00:00+05:30,84.25250244140625,85.44249725341797,84.11750030517578,85.05000305175781,74.73802185058594,12945780,0.0,0.0
2010-02-24 00:00:00+05:30,84.5,85.5,84.375,85.0250015258789,74.716064453125,11211380,0.0,0.0
2010-02-25 00:00:00+05:30,85.05000305175781,85.19999694824219,84.0999984741211,84.55249786376953,74.30084228515625,11673940,0.0,0.0
2010-02-26 00:00:00+05:30,84.5,86.73750305175781,84.0,85.23999786376953,74.90499114990234,18702060,0.0,0.0
2010-03-02 00:00:00+05:30,86.19999694824219,87.80000305175781,85.30000305175781,87.24749755859375,76.66907501220703,15429300,0.0,0.0
2010-03-03 00:00:00+05:30,87.12750244140625,89.05000305175781,87.12750244140625,88.8324966430664,78.06189727783203,22295920,0.0,0.0
2010-03-04 00:00:00+05:30,88.75,89.3499984741211,87.65499877929688,89.05750274658203,78.2596206665039,27028840,0.0,0.0
2010-03-05 00:00:00+05:30,89.27749633789062,89.75,88.55000305175781,89.19999694824219,78.38484191894531,20899300,0.0,0.0
2010-03-08 00:00:00+05:30,90.5,90.5,88.6449966430664,89.20999908447266,78.39363098144531,14745920,0.0,0.0
2010-03-09 00:00:00+05:30,88.75,90.75,88.75,90.55999755859375,79.57994842529297,24795380,0.0,0.0
2010-03-10 00:00:00+05:30,90.5999984741211,90.99500274658203,86.49500274658203,90.72250366210938,79.7227554321289,29921120,0.0,0.0
2010-03-11 00:00:00+05:30,90.80000305175781,91.75,90.15499877929688,91.34750366210938,80.27198791503906,15490460,0.0,0.0
2010-03-12 00:00:00+05:30,91.3499984741211,91.5199966430664,89.31749725341797,90.0625,79.14277648925781,14944880,0.0,0.0
2010-03-15 00:00:00+05:30,89.0,91.0,89.0,90.62750244140625,79.63927459716797,15025920,0.0,0.0
2010-03-16 00:00:00+05:30,90.25,90.49500274658203,88.19999694824219,90.2300033569336,79.28997802734375,20872500,0.0,0.0
2010-03-17 00:00:00+05:30,90.2300033569336,91.23999786376953,89.90499877929688,90.38500213623047,79.42618560791016,9589680,0.0,0.0
2010-03-18 00:00:00+05:30,90.62000274658203,90.62000274658203,89.5250015258789,90.04499816894531,79.12739562988281,7003940,0.0,0.0
2010-03-19 00:00:00+05:30,90.73999786376953,91.23999786376953,89.88249969482422,90.99250030517578,79.96001434326172,12679680,0.0,0.0
2010-03-22 00:00:00+05:30,90.0999984741211,92.75,89.9000015258789,91.8550033569336,80.71794128417969,30611220,0.0,0.0
2010-03-23 00:00:00+05:30,91.75,94.5,91.75,94.19999694824219,82.77860260009766,20308760,0.0,0.0
2010-03-25 00:00:00+05:30,94.0,96.5,93.51000213623047,96.30750274658203,84.63057708740234,46592800,0.0,0.0
2010-03-26 00:00:00+05:30,96.55000305175781,98.27999877929688,95.65499877929688,97.57250213623047,85.74222564697266,23105720,0.0,0.0
2010-03-29 00:00:00+05:30,81.44249725341797,99.5,81.44249725341797,98.25250244140625,86.33975982666016,26453420,0.0,0.0
2010-03-30 00:00:00+05:30,98.25,98.49500274658203,95.06999969482422,95.34249877929688,83.78257751464844,18739960,0.0,0.0
2010-03-31 00:00:00+05:30,95.0,97.1449966430664,94.86250305175781,96.67500305175781,84.95354461669922,13652160,0.0,0.0
2010-04-01 00:00:00+05:30,97.5,97.5,96.30500030517578,96.9625015258789,85.20618438720703,14818440,0.0,0.0
2010-04-05 00:00:00+05:30,97.94000244140625,97.9800033569336,96.22000122070312,97.42500305175781,85.61259460449219,14247680,0.0,0.0
2010-04-06 00:00:00+05:30,97.5,97.5,96.2699966430664,96.6449966430664,84.92716217041016,8842880,0.0,0.0
2010-04-07 00:00:00+05:30,97.0,97.39749908447266,96.30000305175781,96.5875015258789,84.87665557861328,10756100,0.0,0.0
2010-04-08 00:00:00+05:30,96.49500274658203,96.49500274658203,94.69000244140625,95.13999938964844,83.60464477539062,12477660,0.0,0.0
2010-04-09 00:00:00+05:30,94.5250015258789,97.8499984741211,94.5250015258789,97.46749877929688,85.64996337890625,12415300,0.0,0.0
2010-04-12 00:00:00+05:30,96.93499755859375,98.3949966430664,96.93499755859375,97.70999908447266,85.86304473876953,9141280,0.0,0.0
2010-04-13 00:00:00+05:30,97.5,98.1449966430664,96.55000305175781,97.58499908447266,85.75321960449219,12682600,0.0,0.0
2010-04-15 00:00:00+05:30,97.75,98.74500274658203,97.20999908447266,97.85250091552734,85.98826599121094,19094720,0.0,0.0
2010-04-16 00:00:00+05:30,97.25,98.72000122070312,96.30000305175781,98.2125015258789,86.30461120605469,10465120,0.0,0.0
2010-04-19 00:00:00+05:30,97.5,97.94000244140625,96.30000305175781,96.70500183105469,84.97988891601562,12241660,0.0,0.0
2010-04-20 00:00:00+05:30,96.44999694824219,97.84750366210938,96.44999694824219,97.22750091552734,85.43904876708984,10878640,0.0,0.0
2010-04-21 00:00:00+05:30,97.44999694824219,98.0,96.75,97.05000305175781,85.28307342529297,7889000,0.0,0.0
2010-04-22 00:00:00+05:30,96.94000244140625,98.5,95.40249633789062,96.7074966430664,84.98208618164062,13790220,0.0,0.0
2010-04-23 00:00:00+05:30,96.75,97.85250091552734,96.43250274658203,97.58999633789062,85.75759887695312,10634120,0.0,0.0
2010-04-26 00:00:00+05:30,97.88500213623047,99.84500122070312,97.88500213623047,99.4800033569336,87.41844940185547,15796560,0.0,0.0
2010-04-27 00:00:00+05:30,99.44999694824219,99.80000305175781,98.38999938964844,98.97750091552734,86.97687530517578,8968940,0.0,0.0
2010-04-28 00:00:00+05:30,97.9000015258789,99.3375015258789,97.9000015258789,98.40750122070312,86.47596740722656,11423540,0.0,0.0
2010-04-29 00:00:00+05:30,98.59500122070312,99.75,97.32250213623047,99.2874984741211,87.249267578125,18792900,0.0,0.0
2010-04-30 00:00:00+05:30,99.90249633789062,100.5,99.1500015258789,100.02249908447266,87.89517211914062,14219220,0.0,0.0
2010-05-03 00:00:00+05:30,99.25,99.25,98.1050033569336,98.48999786376953,86.5484619140625,10014140,0.0,0.0
2010-05-04 00:00:00+05:30,99.23999786376953,99.23999786376953,96.61000061035156,96.8499984741211,85.10730743408203,9177920,0.0,0.0
2010-05-05 00:00:00+05:30,96.5999984741211,96.68499755859375,94.00499725341797,95.81749725341797,84.19999694824219,16028540,0.0,0.0
2010-05-06 00:00:00+05:30,95.25,95.80000305175781,93.8499984741211,94.7750015258789,83.2839126586914,10522460,0.0,0.0
2010-05-07 00:00:00+05:30,93.55000305175781,93.75,91.80000305175781,92.40249633789062,81.19905853271484,19571620,0.0,0.0
2010-05-10 00:00:00+05:30,93.1624984741211,96.9000015258789,91.5,96.70999908447266,84.98428344726562,12853080,0.0,0.0
2010-05-11 00:00:00+05:30,96.9000015258789,97.75,95.6624984741211,97.41500091552734,85.60382080078125,13929300,0.0,0.0
2010-05-12 00:00:00+05:30,97.44999694824219,99.05000305175781,97.44999694824219,98.74500274658203,86.77254486083984,13741640,0.0,0.0
2010-05-13 00:00:00+05:30,99.05999755859375,99.75,97.51000213623047,98.26750183105469,86.35296630859375,12744380,0.0,0.0
2010-05-14 00:00:00+05:30,98.19999694824219,98.6500015258789,97.11250305175781,97.5875015258789,85.75540161132812,9400300,0.0,0.0
2010-05-17 00:00:00+05:30,97.0999984741211,97.33999633789062,95.7249984741211,96.44249725341797,84.74921417236328,13207200,0.0,0.0
2010-05-18 00:00:00+05:30,95.9000015258789,96.25,94.51000213623047,94.79000091552734,83.29707336425781,12243120,0.0,0.0
2010-05-19 00:00:00+05:30,93.94999694824219,94.4000015258789,92.08000183105469,93.42749786376953,82.09978485107422,18180160,0.0,0.0
2010-05-20 00:00:00+05:30,93.69999694824219,93.81999969482422,91.81500244140625,92.54750061035156,81.32647705078125,6778000,0.0,0.0
2010-05-21 00:00:00+05:30,91.0,92.5,90.05500030517578,91.32749938964844,80.25440216064453,10997240,0.0,0.0
2010-05-24 00:00:00+05:30,91.76000213623047,93.375,90.55249786376953,91.22750091552734,80.1665267944336,9621820,0.0,0.0
2010-05-25 00:00:00+05:30,90.58999633789062,91.0,89.25,90.1875,79.25262451171875,11068700,0.0,0.0
2010-05-26 00:00:00+05:30,90.63999938964844,92.6624984741211,90.61499786376953,91.38749694824219,80.30712890625,14002780,0.0,0.0
2010-05-27 00:00:00+05:30,90.75,95.3499984741211,90.55000305175781,94.83000183105469,83.33222198486328,22619720,0.0,0.0
2010-05-28 00:00:00+05:30,94.83000183105469,95.69999694824219,94.26249694824219,94.83999633789062,83.34100341796875,11758500,0.0,0.0
2010-05-31 00:00:00+05:30,94.80000305175781,94.93000030517578,93.25,94.42250061035156,82.97413635253906,8768220,0.0,0.0
2010-06-01 00:00:00+05:30,94.48500061035156,94.5,91.9000015258789,92.75499725341797,81.50882720947266,11365460,0.0,0.0
2010-06-02 00:00:00+05:30,92.4000015258789,93.13749694824219,91.4000015258789,92.65249633789062,81.41873931884766,18903340,0.0,0.0
2010-06-03 00:00:00+05:30,93.20500183105469,95.5,93.20500183105469,95.27999877929688,83.72766876220703,13593780,0.0,0.0
2010-06-04 00:00:00+05:30,95.30000305175781,95.48999786376953,94.00499725341797,94.28500366210938,82.85331726074219,10188700,0.0,0.0
2010-06-07 00:00:00+05:30,93.3499984741211,94.74250030517578,90.4175033569336,93.8324966430664,82.45568084716797,19238260,0.0,0.0
2010-06-08 00:00:00+05:30,94.0,94.8499984741211,92.6500015258789,93.13500213623047,81.8427505493164,11342280,0.0,0.0
2010-06-09 00:00:00+05:30,93.0,94.77999877929688,92.57749938964844,94.04499816894531,82.64241027832031,11584680,0.0,0.0
2010-06-10 00:00:00+05:30,94.04499816894531,96.09750366210938,93.1500015258789,95.80750274658203,84.73179626464844,17020940,0.6,0.0
2010-06-11 00:00:00+05:30,96.05500030517578,97.5,96.05500030517578,97.31500244140625,86.06503295898438,21630760,0.0,0.0
2010-06-14 00:00:00+05:30,97.31500244140625,98.75,97.31500244140625,98.65750122070312,87.2523193359375,14977960,0.0,0.0
2010-06-15 00:00:00+05:30,98.75,99.0,97.6500015258789,98.19499969482422,86.84329986572266,9121560,0.0,0.0
2010-06-16 00:00:00+05:30,98.75,99.5,98.40249633789062,98.80249786376953,87.38056945800781,18168580,0.0,0.0
2010-06-17 00:00:00+05:30,99.1500015258789,99.94999694824219,98.40249633789062,99.80500030517578,88.26718139648438,15977200,0.0,0.0
2010-06-18 00:00:00+05:30,99.5999984741211,99.89749908447266,98.9175033569336,99.58499908447266,88.07260131835938,9802800,0.0,0.0
2010-06-21 00:00:00+05:30,100.08000183105469,100.5,99.50499725341797,99.94249725341797,88.38877868652344,14203300,0.0,0.0
2010-06-22 00:00:00+05:30,99.75,100.0,99.12249755859375,99.35250091552734,87.86698913574219,8524880,0.0,0.0
2010-06-23 00:00:00+05:30,99.23500061035156,100.18499755859375,98.7750015258789,99.9375,88.38436126708984,8488080,0.0,0.0
2010-06-24 00:00:00+05:30,99.85250091552734,100.3499984741211,99.0,100.08000183105469,88.51036071777344,17653100,0.0,0.0
2010-06-25 00:00:00+05:30,99.00749969482422,99.5999984741211,97.0,97.38249969482422,86.12471771240234,14470320,0.0,0.0
2010-06-28 00:00:00+05:30,97.6050033569336,98.19999694824219,96.1624984741211,97.53500366210938,86.25957489013672,10658160,0.0,0.0
2010-06-29 00:00:00+05:30,97.00499725341797,97.44000244140625,94.80500030517578,95.22000122070312,84.21221160888672,15902320,0.0,0.0
2010-06-30 00:00:00+05:30,94.75,96.94499969482422,93.94999694824219,95.94999694824219,84.85781860351562,17535120,0.0,0.0
2010-07-01 00:00:00+05:30,95.5999984741211,96.48500061035156,94.75,95.37000274658203,84.34487915039062,11567260,0.0,0.0
2010-07-02 00:00:00+05:30,95.37000274658203,96.1675033569336,94.99749755859375,95.64250183105469,84.58586883544922,8225000,0.0,0.0
2010-07-05 00:00:00+05:30,95.05000305175781,96.44999694824219,94.9000015258789,95.76000213623047,84.68980407714844,5160540,0.0,0.0
2010-07-06 00:00:00+05:30,95.75,98.48750305175781,95.5,98.19999694824219,86.84770202636719,12496060,0.0,0.0
2010-07-07 00:00:00+05:30,98.44249725341797,98.44999694824219,96.55249786376953,96.86499786376953,85.66704559326172,7933440,0.0,0.0
2010-07-08 00:00:00+05:30,98.0,98.49250030517578,97.11250305175781,97.28500366210938,86.03849029541016,6725840,0.0,0.0
2010-07-09 00:00:00+05:30,97.75,100.59750366210938,97.50499725341797,100.13749694824219,88.56122589111328,31402360,0.0,0.0
2010-07-12 00:00:00+05:30,100.44999694824219,102.80000305175781,100.3499984741211,102.47250366210938,90.62629699707031,29738560,0.0,0.0
2010-07-13 00:00:00+05:30,102.5999984741211,104.0,101.87000274658203,103.62750244140625,91.64777374267578,12514620,0.0,0.0
2010-07-14 00:00:00+05:30,104.0,105.54499816894531,103.6624984741211,104.31500244140625,92.25579071044922,21116060,0.0,0.0
2010-07-15 00:00:00+05:30,104.5,104.5,102.75,103.12999725341797,91.2077865600586,6477460,0.0,0.0
2010-07-16 00:00:00+05:30,103.19999694824219,103.30000305175781,101.55999755859375,101.94750213623047,90.16199493408203,9427760,0.0,0.0
2010-07-19 00:00:00+05:30,102.0999984741211,103.19999694824219,101.0999984741211,102.39250183105469,90.55554962158203,17531160,0.0,0.0
2010-07-20 00:00:00+05:30,102.39250183105469,104.43499755859375,101.80000305175781,102.22000122070312,90.40298461914062,13369180,0.0,0.0
2010-07-21 00:00:00+05:30,102.50499725341797,103.23750305175781,101.25,101.65249633789062,89.9011001586914,9284700,0.0,0.0
2010-07-22 00:00:00+05:30,101.5,103.1500015258789,101.25,102.86250305175781,90.97120666503906,11149940,0.0,0.0
2010-07-23 00:00:00+05:30,103.44999694824219,103.44999694824219,101.29499816894531,101.93000030517578,90.14649963378906,13843620,0.0,0.0
2010-07-26 00:00:00+05:30,102.25,102.98999786376953,101.7074966430664,102.59500122070312,90.734619140625,6072980,0.0,0.0
2010-07-27 00:00:00+05:30,102.66000366210938,103.9000015258789,102.25,103.33999633789062,91.39349365234375,13291820,0.0,0.0
2010-07-28 00:00:00+05:30,103.5999984741211,104.5,102.99749755859375,104.30500030517578,92.24696350097656,13142120,0.0,0.0
2010-07-29 00:00:00+05:30,104.54499816894531,105.75,104.1624984741211,105.02999877929688,92.88815307617188,22531480,0.0,0.0
2010-07-30 00:00:00+05:30,104.88500213623047,106.8499984741211,104.0,106.34500122070312,94.05113220214844,23399320,0.0,0.0
2010-08-02 00:00:00+05:30,106.5,107.24500274658203,106.06749725341797,106.81749725341797,94.46900177001953,16526680,0.0,0.0
2010-08-03 00:00:00+05:30,107.0,107.19999694824219,105.5875015258789,106.12249755859375,93.8543472290039,16220960,0.0,0.0
2010-08-04 00:00:00+05:30,105.75,106.44999694824219,104.55999755859375,105.73999786376953,93.51605224609375,14734700,0.0,0.0
2010-08-05 00:00:00+05:30,103.25,106.37000274658203,103.25,105.01249694824219,92.8726577758789,14710560,0.0,0.0
2010-08-06 00:00:00+05:30,104.6624984741211,105.5,104.07250213623047,104.53500366210938,92.45035552978516,10920880,0.0,0.0
2010-08-09 00:00:00+05:30,104.5,105.19499969482422,103.56749725341797,104.0999984741211,92.06564331054688,5236440,0.0,0.0
2010-08-10 00:00:00+05:30,104.27249908447266,105.11000061035156,103.48750305175781,104.75749969482422,92.64714050292969,14694540,0.0,0.0
2010-08-11 00:00:00+05:30,105.05000305175781,105.65249633789062,103.89749908447266,104.4749984741211,92.39730072021484,14670160,0.0,0.0
2010-08-12 00:00:00+05:30,103.84500122070312,104.13999938964844,102.4000015258789,103.65750122070312,91.67430114746094,9938860,0.0,0.0
2010-08-13 00:00:00+05:30,103.07749938964844,105.06999969482422,102.9124984741211,104.37750244140625,92.31108093261719,10499860,0.0,0.0
2010-08-16 00:00:00+05:30,103.91999816894531,106.34500122070312,103.5199966430664,104.19999694824219,92.15408325195312,7186680,0.0,0.0
2010-08-17 00:00:00+05:30,105.4000015258789,106.80000305175781,104.05500030517578,106.05249786376953,93.79244232177734,20131820,0.0,0.0
2010-08-18 00:00:00+05:30,106.5,109.94999694824219,106.5,109.59750366210938,96.9276351928711,38844340,0.0,0.0
2010-08-19 00:00:00+05:30,109.25,111.9749984741211,109.25,111.50749969482422,98.61680603027344,20763920,0.0,0.0
2010-08-20 00:00:00+05:30,110.57749938964844,111.98999786376953,110.26000213623047,111.56500244140625,98.66767120361328,8398140,0.0,0.0
2010-08-23 00:00:00+05:30,110.64250183105469,111.4000015258789,109.1500015258789,109.83000183105469,97.13324737548828,8194860,0.0,0.0
2010-08-24 00:00:00+05:30,109.83000183105469,111.0,108.00499725341797,110.43250274658203,97.66609191894531,10680280,0.0,0.0
2010-08-25 00:00:00+05:30,110.05000305175781,110.75,108.92749786376953,109.61250305175781,96.9408950805664,10591220,0.0,0.0
2010-08-26 00:00:00+05:30,108.93000030517578,110.69249725341797,108.32499694824219,108.9175033569336,96.32623291015625,20388100,0.0,0.0
2010-08-27 00:00:00+05:30,109.0,109.49749755859375,106.28250122070312,106.9574966430664,94.59281158447266,11550480,0.0,0.0
2010-08-30 00:00:00+05:30,108.0,108.88500213623047,105.83000183105469,106.58499908447266,94.26336669921875,6876460,0.0,0.0
2010-08-31 00:00:00+05:30,106.25,107.0,105.61499786376953,106.7125015258789,94.37614440917969,9390160,0.0,0.0
2010-09-01 00:00:00+05:30,106.77749633789062,107.75,106.0,107.4625015258789,95.0394287109375,9616200,0.0,0.0
2010-09-02 00:00:00+05:30,107.98999786376953,109.74749755859375,107.98999786376953,109.37249755859375,96.7286376953125,11590660,0.0,0.0
2010-09-03 00:00:00+05:30,109.69999694824219,110.0,108.4124984741211,109.69750213623047,97.01605224609375,8118160,0.0,0.0
2010-09-06 00:00:00+05:30,109.9000015258789,110.98500061035156,109.25749969482422,110.21499633789062,97.47373962402344,9546440,0.0,0.0
2010-09-07 00:00:00+05:30,110.80000305175781,110.80000305175781,109.12750244140625,109.95500183105469,97.24381256103516,8407840,0.0,0.0
2010-09-08 00:00:00+05:30,109.4000015258789,109.99500274658203,108.56500244140625,108.9800033569336,96.38150024414062,9969600,0.0,0.0
2010-09-09 00:00:00+05:30,109.75,112.5,109.15499877929688,112.24250030517578,99.26685333251953,26029580,0.0,0.0
2010-09-13 00:00:00+05:30,112.50499725341797,114.75,112.4000015258789,114.12249755859375,100.92951202392578,14595580,0.0,0.0
2010-09-14 00:00:00+05:30,114.30000305175781,117.5,114.30000305175781,116.70999908447266,103.21788787841797,32697460,0.0,0.0
2010-09-15 00:00:00+05:30,116.94999694824219,119.19999694824219,116.80249786376953,118.77249908447266,105.04193878173828,25503160,0.0,0.0
2010-09-16 00:00:00+05:30,118.78500366210938,120.75,117.76750183105469,119.76499938964844,105.91972351074219,25534780,0.0,0.0
2010-09-17 00:00:00+05:30,119.76499938964844,121.30000305175781,119.3499984741211,120.02999877929688,106.1540756225586,21503140,0.0,0.0
2010-09-20 00:00:00+05:30,120.16000366210938,123.49749755859375,119.81500244140625,122.30999755859375,108.1705093383789,15095460,0.0,0.0
2010-09-21 00:00:00+05:30,122.75499725341797,124.7300033569336,122.75499725341797,123.5374984741211,109.256103515625,32710780,0.0,0.0
2010-09-22 00:00:00+05:30,123.5,124.5,122.51499938964844,124.0824966430664,109.73810577392578,25049020,0.0,0.0
2010-09-23 00:00:00+05:30,123.57749938964844,124.09249877929688,122.65750122070312,123.19249725341797,108.95098876953125,12380340,0.0,0.0
2010-09-24 00:00:00+05:30,120.40750122070312,125.0999984741211,120.40750122070312,124.76249694824219,110.3395004272461,27910620,0.0,0.0
2010-09-27 00:00:00+05:30,125.0,125.54000091552734,121.68499755859375,121.92250061035156,107.82779693603516,16677440,0.0,0.0
2010-09-28 00:00:00+05:30,121.9000015258789,123.08499908447266,121.06999969482422,122.5199966430664,108.3562240600586,18864220,0.0,0.0
2010-09-29 00:00:00+05:30,123.69999694824219,123.69999694824219,121.30999755859375,122.14250183105469,108.02237701416016,15595720,0.0,0.0
2010-09-30 00:00:00+05:30,121.5,124.94999694824219,121.33499908447266,124.46749877929688,110.07858276367188,36959780,0.0,0.0
2010-10-01 00:00:00+05:30,124.5999984741211,125.19999694824219,123.11750030517578,125.0374984741211,110.58269500732422,17730260,0.0,0.0
2010-10-04 00:00:00+05:30,125.0374984741211,126.12999725341797,124.16000366210938,124.69999694824219,110.2842025756836,13980460,0.0,0.0
2010-10-05 00:00:00+05:30,124.06999969482422,125.48500061035156,121.87249755859375,122.38999938964844,108.24124908447266,17196660,0.0,0.0
2010-10-06 00:00:00+05:30,122.75,124.0,122.5,122.8375015258789,108.63703155517578,8219880,0.0,0.0
2010-10-07 00:00:00+05:30,122.8499984741211,123.5,121.32749938964844,121.67749786376953,107.61113739013672,9012840,0.0,0.0
2010-10-08 00:00:00+05:30,121.75749969482422,122.4000015258789,119.5,120.2874984741211,106.38182067871094,14906860,0.0,0.0
2010-10-11 00:00:00+05:30,122.04000091552734,122.04000091552734,118.3324966430664,119.42500305175781,105.61902618408203,19820040,0.0,0.0
2010-10-12 00:00:00+05:30,119.90249633789062,120.0,116.97750091552734,119.01499938964844,105.25641632080078,15619800,0.0,0.0
2010-10-13 00:00:00+05:30,119.25,122.5,118.3499984741211,122.0625,107.95161437988281,20573400,0.0,0.0
2010-10-14 00:00:00+05:30,122.25,122.80000305175781,120.50250244140625,121.21749877929688,107.20429229736328,7707260,0.0,0.0
2010-10-15 00:00:00+05:30,121.22000122070312,122.13749694824219,118.99749755859375,119.3125,105.51954650878906,11726540,0.0,0.0
2010-10-18 00:00:00+05:30,126.99500274658203,126.99500274658203,117.6500015258789,119.92250061035156,106.05901336669922,16550200,0.0,0.0
2010-10-19 00:00:00+05:30,121.1500015258789,121.1500015258789,117.92749786376953,118.44249725341797,104.7500991821289,16649040,0.0,0.0
2010-10-20 00:00:00+05:30,118.44999694824219,118.5999984741211,116.40499877929688,116.77749633789062,103.27758026123047,9860460,0.0,0.0
2010-10-21 00:00:00+05:30,116.50250244140625,118.73999786376953,115.8324966430664,118.25499725341797,104.58428955078125,14595060,0.0,0.0
2010-10-22 00:00:00+05:30,119.0,119.0,115.92500305175781,116.3324966430664,102.88401794433594,12950380,0.0,0.0
2010-10-25 00:00:00+05:30,116.80000305175781,118.375,114.94999694824219,115.23500061035156,101.91339874267578,17259580,0.0,0.0
2010-10-26 00:00:00+05:30,115.4000015258789,116.30000305175781,114.55000305175781,115.06999969482422,101.76748657226562,10139440,0.0,0.0
2010-10-27 00:00:00+05:30,115.30000305175781,115.30000305175781,112.0199966430664,112.71499633789062,99.68473052978516,16440660,0.0,0.0
2010-10-28 00:00:00+05:30,112.82499694824219,115.7925033569336,112.05000305175781,113.33499908447266,100.23306274414062,42138460,0.0,0.0
2010-10-29 00:00:00+05:30,114.0,114.9000015258789,111.8499984741211,113.99500274658203,100.81676483154297,16264860,0.0,0.0
2010-11-01 00:00:00+05:30,114.9000015258789,118.30000305175781,114.25250244140625,117.45999908447266,103.88117980957031,20269600,0.0,0.0
2010-11-02 00:00:00+05:30,118.25,119.3499984741211,117.1500015258789,117.51750183105469,103.93205261230469,11122040,0.0,0.0
2010-11-03 00:00:00+05:30,118.05000305175781,118.59500122070312,117.55249786376953,118.11250305175781,104.45825958251953,7081520,0.0,0.0
2010-11-04 00:00:00+05:30,119.5,120.25,118.37750244140625,119.45999908447266,105.64997863769531,9716320,0.0,0.0
2010-11-08 00:00:00+05:30,119.66999816894531,120.0,116.27249908447266,116.7699966430664,103.27095794677734,8510920,0.0,0.0
2010-11-09 00:00:00+05:30,117.0,120.33999633789062,116.51750183105469,119.92500305175781,106.06122589111328,13716100,0.0,0.0
2010-11-10 00:00:00+05:30,120.0,120.98999786376953,119.1675033569336,119.7925033569336,105.94403076171875,8934340,0.0,0.0
2010-11-11 00:00:00+05:30,119.25499725341797,120.47000122070312,116.8125,117.66500091552734,104.06248474121094,6728740,0.0,0.0
2010-11-12 00:00:00+05:30,117.25,118.94999694824219,115.25,115.74500274658203,102.36444854736328,12403100,0.0,0.0
2010-11-15 00:00:00+05:30,115.75,119.5999984741211,115.69999694824219,119.2925033569336,105.50182342529297,22815960,0.0,0.0
2010-11-16 00:00:00+05:30,119.98500061035156,119.98500061035156,116.25,118.62999725341797,104.91592407226562,18299340,0.0,0.0
2010-11-18 00:00:00+05:30,120.94999694824219,120.94999694824219,115.9375,117.01750183105469,103.48983001708984,16631980,0.0,0.0
2010-11-19 00:00:00+05:30,117.25,118.19999694824219,114.5999984741211,115.18000030517578,101.8647689819336,11752680,0.0,0.0
2010-11-22 00:00:00+05:30,116.05000305175781,119.54750061035156,115.30000305175781,118.99500274658203,105.23873901367188,11021900,0.0,0.0
2010-11-23 00:00:00+05:30,118.25,119.0,115.37249755859375,118.58999633789062,104.88054656982422,11416240,0.0,0.0
2010-11-24 00:00:00+05:30,117.69999694824219,118.69499969482422,114.49749755859375,115.56999969482422,102.20966339111328,8257500,0.0,0.0
2010-11-25 00:00:00+05:30,116.25,117.93499755859375,114.61250305175781,116.15249633789062,102.7248306274414,22687740,0.0,0.0
2010-11-26 00:00:00+05:30,116.30000305175781,117.0,113.80000305175781,114.8949966430664,101.61270141601562,15139380,0.0,0.0
2010-11-29 00:00:00+05:30,115.0,115.8949966430664,114.25,114.8949966430664,101.61270141601562,11818860,0.0,0.0
2010-11-30 00:00:00+05:30,114.8499984741211,116.70249938964844,112.92500305175781,114.2699966430664,101.05997467041016,17253560,0.0,0.0
2010-12-01 00:00:00+05:30,114.42749786376953,118.75,114.0,118.35250091552734,104.67050170898438,16081440,0.0,0.0
2010-12-02 00:00:00+05:30,118.9000015258789,120.0,117.65499877929688,119.5875015258789,105.76273345947266,14738560,0.0,0.0
2010-12-03 00:00:00+05:30,119.75,120.0,118.5999984741211,119.78250122070312,105.9352035522461,7923580,0.0,0.0
2010-12-06 00:00:00+05:30,121.0,121.25,118.76249694824219,119.1624984741211,105.38685607910156,9363120,0.0,0.0
2010-12-07 00:00:00+05:30,119.0,119.5,116.42500305175781,117.5824966430664,103.9895248413086,17194700,0.0,0.0
2010-12-08 00:00:00+05:30,117.0,117.0,113.26000213623047,114.02249908447266,100.841064453125,23488440,0.0,0.0
2010-12-09 00:00:00+05:30,113.65750122070312,114.22000122070312,110.96499633789062,111.5999984741211,98.69862365722656,36567840,0.0,0.0
2010-12-10 00:00:00+05:30,110.0,111.61250305175781,108.51499938964844,111.11750030517578,98.27190399169922,41242460,0.0,0.0
2010-12-13 00:00:00+05:30,112.1500015258789,112.25,109.06999969482422,111.94999694824219,99.00814819335938,15823360,0.0,0.0
2010-12-14 00:00:00+05:30,112.3499984741211,113.79499816894531,110.5999984741211,111.9124984741211,98.97499084472656,11844160,0.0,0.0
2010-12-15 00:00:00+05:30,111.5,111.5,107.5,108.1449966430664,95.6430435180664,22420420,0.0,0.0
2010-12-16 00:00:00+05:30,108.1500015258789,110.9800033569336,107.5,110.04000091552734,97.3189697265625,19518360,0.0,0.0
2010-12-20 00:00:00+05:30,109.98999786376953,109.98999786376953,107.57250213623047,108.625,96.06755065917969,10322440,0.0,0.0
2010-12-21 00:00:00+05:30,108.6500015258789,110.95249938964844,108.59500122070312,110.70500183105469,97.90709686279297,12351160,0.0,0.0
2010-12-22 00:00:00+05:30,111.6500015258789,112.0,108.50250244140625,108.94000244140625,96.34613037109375,15006480,0.0,0.0
2010-12-23 00:00:00+05:30,109.0,110.19999694824219,108.69750213623047,109.54750061035156,96.8833999633789,6526540,0.0,0.0
2010-12-24 00:00:00+05:30,109.44999694824219,111.23750305175781,108.75,110.91999816894531,98.09724426269531,7033420,0.0,0.0
2010-12-27 00:00:00+05:30,110.94999694824219,111.5,109.8550033569336,110.68499755859375,97.889404296875,7541260,0.0,0.0
2010-12-28 00:00:00+05:30,111.19499969482422,113.43499755859375,110.75749969482422,112.80750274658203,99.76654052734375,9350060,0.0,0.0
2010-12-29 00:00:00+05:30,112.80000305175781,116.83999633789062,112.67749786376953,116.38999938964844,102.93488311767578,16142080,0.0,0.0
2010-12-30 00:00:00+05:30,116.80999755859375,117.16999816894531,114.40249633789062,115.2750015258789,101.94877624511719,14504700,0.0,0.0
2010-12-31 00:00:00+05:30,115.25,118.25,114.60250091552734,117.31749725341797,103.75515747070312,16497820,0.0,0.0
2011-01-03 00:00:00+05:30,118.5,119.98249816894531,117.5199966430664,119.5250015258789,105.70745086669922,10796780,0.0,0.0
2011-01-04 00:00:00+05:30,119.32499694824219,119.4000015258789,116.6500015258789,117.27749633789062,103.71978759765625,16568260,0.0,0.0
2011-01-05 00:00:00+05:30,117.48500061035156,117.48500061035156,114.875,115.41000366210938,102.06818389892578,15651840,0.0,0.0
2011-01-06 00:00:00+05:30,115.80000305175781,117.13249969482422,115.44999694824219,116.38749694824219,102.93266296386719,10870180,0.0,0.0
2011-01-07 00:00:00+05:30,116.30999755859375,116.30999755859375,113.05000305175781,113.47250366210938,100.35465240478516,15896020,0.0,0.0
2011-01-10 00:00:00+05:30,112.80249786376953,113.5,106.9000015258789,107.61250305175781,95.17208862304688,40141720,0.0,0.0
2011-01-11 00:00:00+05:30,108.5,110.93499755859375,106.25,107.33000183105469,94.92224884033203,24315180,0.0,0.0
2011-01-12 00:00:00+05:30,108.44999694824219,110.69999694824219,105.33000183105469,110.26499938964844,97.51795196533203,19810660,0.0,0.0
2011-01-13 00:00:00+05:30,110.44999694824219,110.87000274658203,106.31999969482422,107.1500015258789,94.7630615234375,18972020,0.0,0.0
2011-01-14 00:00:00+05:30,107.5,110.4000015258789,101.5,102.47750091552734,90.63072967529297,25582820,0.0,0.0
2011-01-17 00:00:00+05:30,103.0,104.6500015258789,102.52749633789062,103.40499877929688,91.45098876953125,24561640,0.0,0.0
2011-01-18 00:00:00+05:30,104.33999633789062,105.80000305175781,102.3324966430664,105.46749877929688,93.27505493164062,16840320,0.0,0.0
2011-01-19 00:00:00+05:30,105.5824966430664,105.70249938964844,103.1500015258789,103.77249908447266,91.77601623535156,17984100,0.0,0.0
2011-01-20 00:00:00+05:30,103.4625015258789,106.72000122070312,102.29499816894531,105.87750244140625,93.6376724243164,19277080,0.0,0.0
2011-01-21 00:00:00+05:30,105.19999694824219,106.23500061035156,103.80500030517578,104.7074966430664,92.6029281616211,16595220,0.0,0.0
2011-01-24 00:00:00+05:30,104.75,107.69999694824219,103.6500015258789,107.43000030517578,95.01070404052734,25548320,0.0,0.0
2011-01-25 00:00:00+05:30,107.55999755859375,108.74250030517578,103.50499725341797,104.21499633789062,92.16735076904297,28221080,0.0,0.0
2011-01-27 00:00:00+05:30,105.0,105.0,102.05000305175781,102.54499816894531,90.69039154052734,37891160,0.0,0.0
2011-01-28 00:00:00+05:30,102.75,104.46749877929688,102.10250091552734,102.7125015258789,90.83854675292969,35596840,0.0,0.0
2011-01-31 00:00:00+05:30,102.13500213623047,103.17250061035156,99.80999755859375,102.36499786376953,90.53121185302734,22236060,0.0,0.0
2011-02-01 00:00:00+05:30,103.84500122070312,103.84500122070312,100.75499725341797,101.9800033569336,90.19072723388672,17102460,0.0,0.0
2011-02-02 00:00:00+05:30,102.57499694824219,103.17500305175781,100.30999755859375,100.99500274658203,89.3196029663086,19524340,0.0,0.0
2011-02-03 00:00:00+05:30,101.0,103.5875015258789,100.5,103.04750061035156,91.13481903076172,11592060,0.0,0.0
2011-02-04 00:00:00+05:30,102.55000305175781,104.25,100.25,100.88749694824219,89.22452545166016,18506400,0.0,0.0
2011-02-07 00:00:00+05:30,102.25,103.0,101.01000213623047,101.94249725341797,90.1575698852539,17118920,0.0,0.0
2011-02-08 00:00:00+05:30,102.99500274658203,102.99749755859375,99.25499725341797,100.14250183105469,88.5656509399414,14391980,0.0,0.0
2011-02-09 00:00:00+05:30,99.9000015258789,101.75,99.06999969482422,101.11499786376953,89.42572021484375,14715160,0.0,0.0
2011-02-10 00:00:00+05:30,100.80000305175781,102.44999694824219,100.0,100.7925033569336,89.14051055908203,23071180,0.0,0.0
2011-02-11 00:00:00+05:30,99.75,103.0,99.75,102.96499633789062,91.06185150146484,20206840,0.0,0.0
2011-02-14 00:00:00+05:30,102.50749969482422,105.51000213623047,102.50749969482422,105.27249908447266,93.10260772705078,11844720,0.0,0.0
2011-02-15 00:00:00+05:30,105.5,106.4000015258789,103.76499938964844,105.3499984741211,93.17115783691406,15199460,0.0,0.0
2011-02-16 00:00:00+05:30,105.69999694824219,106.0999984741211,104.25250244140625,104.74250030517578,92.63386535644531,9101580,0.0,0.0
2011-02-17 00:00:00+05:30,105.0,109.69999694824219,104.75,109.27999877929688,96.64682006835938,23609840,0.0,0.0
2011-02-18 00:00:00+05:30,109.19999694824219,112.15499877929688,108.26249694824219,108.80500030517578,96.22672271728516,39535740,0.0,0.0
2011-02-21 00:00:00+05:30,108.25,110.4000015258789,106.625,110.08499908447266,97.3587646484375,11201020,0.0,0.0
2011-02-22 00:00:00+05:30,109.5,109.58499908447266,106.2699966430664,106.92250061035156,94.56185913085938,11592860,0.0,0.0
2011-02-23 00:00:00+05:30,106.26000213623047,107.6500015258789,105.01000213623047,105.70500183105469,93.48511505126953,12228440,0.0,0.0
2011-02-24 00:00:00+05:30,104.3499984741211,105.92749786376953,102.2874984741211,102.95500183105469,91.05302429199219,20055540,0.0,0.0
2011-02-25 00:00:00+05:30,104.3499984741211,104.3499984741211,100.9000015258789,102.10749816894531,90.3034896850586,12619920,0.0,0.0
2011-02-28 00:00:00+05:30,103.19999694824219,106.04750061035156,101.75,102.61250305175781,90.75011444091797,21962720,0.0,0.0
2011-03-01 00:00:00+05:30,103.73999786376953,107.5,102.94999694824219,106.94999694824219,94.58617401123047,20501160,0.0,0.0
2011-03-03 00:00:00+05:30,106.74500274658203,111.11499786376953,106.50250244140625,109.65750122070312,96.98068237304688,25337640,0.0,0.0
2011-03-04 00:00:00+05:30,110.5,111.6449966430664,110.32499694824219,110.9124984741211,98.09061431884766,19709880,0.0,0.0
2011-03-07 00:00:00+05:30,110.19999694824219,110.19999694824219,107.54499816894531,108.65750122070312,96.09628295898438,12855680,0.0,0.0
2011-03-08 00:00:00+05:30,107.9000015258789,110.92500305175781,107.82499694824219,110.32499694824219,97.57099914550781,17971140,0.0,0.0
2011-03-09 00:00:00+05:30,110.5,111.93499755859375,109.75,110.30249786376953,97.55111694335938,18083980,0.0,0.0
2011-03-10 00:00:00+05:30,109.5999984741211,110.75,109.11750030517578,110.41999816894531,97.65504455566406,14940620,0.0,0.0
2011-03-11 00:00:00+05:30,109.10250091552734,110.8499984741211,108.75,109.31749725341797,96.67998504638672,13107900,0.0,0.0
2011-03-14 00:00:00+05:30,108.5999984741211,110.94999694824219,108.5999984741211,110.73750305175781,97.93585205078125,13082880,0.0,0.0
2011-03-15 00:00:00+05:30,108.5,110.38500213623047,106.5,109.23249816894531,96.60480499267578,27602000,0.0,0.0
2011-03-16 00:00:00+05:30,109.80000305175781,110.25,108.93000030517578,109.1875,96.56501770019531,11610680,0.0,0.0
2011-03-17 00:00:00+05:30,108.51000213623047,111.6500015258789,108.30750274658203,109.07499694824219,96.46553802490234,33521240,0.0,0.0
2011-03-18 00:00:00+05:30,109.0,109.80999755859375,107.1050033569336,107.46499633789062,95.04164123535156,9644240,0.0,0.0
2011-03-21 00:00:00+05:30,108.51000213623047,108.93499755859375,107.32250213623047,107.72250366210938,95.2693862915039,12318700,0.0,0.0
2011-03-22 00:00:00+05:30,107.95500183105469,108.6500015258789,107.10250091552734,107.58000183105469,95.14334106445312,9430540,0.0,0.0
2011-03-23 00:00:00+05:30,107.5,109.09500122070312,107.25250244140625,108.20999908447266,95.70051574707031,9314700,0.0,0.0
2011-03-24 00:00:00+05:30,108.94999694824219,109.94499969482422,108.42500305175781,109.63999938964844,96.9652099609375,8827620,0.0,0.0
2011-03-25 00:00:00+05:30,110.3499984741211,113.75,110.0,113.25250244140625,100.16007995605469,17802960,0.0,0.0
2011-03-28 00:00:00+05:30,113.25,115.5999984741211,113.25,114.8375015258789,101.56185150146484,21860620,0.0,0.0
2011-03-29 00:00:00+05:30,115.5,116.19000244140625,114.23249816894531,115.25749969482422,101.93331146240234,21636600,0.0,0.0
2011-03-30 00:00:00+05:30,115.75,118.19999694824219,115.30000305175781,117.07499694824219,103.54070281982422,22194840,0.0,0.0
2011-03-31 00:00:00+05:30,117.5,119.79499816894531,115.25499725341797,117.2925033569336,103.7330551147461,37863820,0.0,0.0
2011-04-01 00:00:00+05:30,117.6500015258789,118.25,116.1500015258789,116.6875,103.197998046875,8738580,0.0,0.0
2011-04-04 00:00:00+05:30,117.0,120.25,117.0,120.04000091552734,106.16291809082031,12644540,0.0,0.0
2011-04-05 00:00:00+05:30,120.0,120.49749755859375,118.40750122070312,119.7874984741211,105.93962097167969,16825320,0.0,0.0
2011-04-06 00:00:00+05:30,119.55000305175781,119.75,117.55000305175781,118.79750061035156,105.0640640258789,12939720,0.0,0.0
2011-04-07 00:00:00+05:30,118.75,118.9000015258789,116.9800033569336,117.73750305175781,104.12660217285156,13116320,0.0,0.0
2011-04-08 00:00:00+05:30,117.69999694824219,119.25,117.25499725341797,117.62000274658203,104.02268981933594,15440340,0.0,0.0
2011-04-11 00:00:00+05:30,116.26000213623047,116.87750244140625,114.43000030517578,114.80249786376953,101.53089904785156,22416360,0.0,0.0
2011-04-13 00:00:00+05:30,113.97250366210938,119.18250274658203,113.75,118.44750213623047,104.75453186035156,18067780,0.0,0.0
2011-04-15 00:00:00+05:30,118.75,119.5999984741211,117.19999694824219,118.15499877929688,104.49584197998047,17181860,0.0,0.0
2011-04-18 00:00:00+05:30,118.94000244140625,119.99250030517578,115.21749877929688,115.58999633789062,102.22736358642578,20706540,0.0,0.0
2011-04-19 00:00:00+05:30,117.0,117.94000244140625,116.22250366210938,117.375,103.80602264404297,14924860,0.0,0.0
2011-04-20 00:00:00+05:30,118.02749633789062,119.44999694824219,117.4000015258789,118.59750366210938,104.88719177246094,13096140,0.0,0.0
2011-04-21 00:00:00+05:30,119.0999984741211,120.84500122070312,119.0999984741211,120.53250122070312,106.5985107421875,32410700,0.0,0.0
2011-04-25 00:00:00+05:30,121.1500015258789,122.05249786376953,119.30000305175781,119.55000305175781,105.72957611083984,12645740,0.0,0.0
2011-04-26 00:00:00+05:30,119.32749938964844,119.89250183105469,117.0250015258789,117.99250030517578,104.35211181640625,12643700,0.0,0.0
2011-04-27 00:00:00+05:30,118.80000305175781,118.94999694824219,116.31500244140625,117.6624984741211,104.06026458740234,14295300,0.0,0.0
2011-04-28 00:00:00+05:30,118.15750122070312,118.44999694824219,116.5,116.88749694824219,103.37486267089844,26769640,0.0,0.0
2011-04-29 00:00:00+05:30,116.25,116.98500061035156,114.05000305175781,114.77749633789062,101.5087890625,18625880,0.0,0.0
2011-05-02 00:00:00+05:30,115.30000305175781,115.78500366210938,113.0999984741211,114.50749969482422,101.27000427246094,14156740,0.0,0.0
2011-05-03 00:00:00+05:30,114.42749786376953,114.78250122070312,111.11000061035156,111.78250122070312,98.86003112792969,21480560,0.0,0.0
2011-05-04 00:00:00+05:30,112.19999694824219,114.25749969482422,110.38999938964844,113.07250213623047,100.00088500976562,26421220,0.0,0.0
2011-05-05 00:00:00+05:30,112.7925033569336,113.73999786376953,110.5,111.02249908447266,98.1878890991211,18698980,0.0,0.0
2011-05-06 00:00:00+05:30,111.25,116.0,111.25,114.86250305175781,101.58397674560547,21551460,0.0,0.0
2011-05-09 00:00:00+05:30,115.0999984741211,115.75,112.41999816894531,113.94249725341797,100.77033233642578,7797180,0.0,0.0
2011-05-10 00:00:00+05:30,113.9000015258789,113.9000015258789,111.25499725341797,112.31999969482422,99.33540344238281,13046440,0.0,0.0
2011-05-11 00:00:00+05:30,113.0,113.44499969482422,111.05000305175781,113.05249786376953,99.98320770263672,9821700,0.0,0.0
2011-05-12 00:00:00+05:30,112.5,113.24500274658203,111.75,112.01000213623047,99.06124877929688,9478860,0.0,0.0
2011-05-13 00:00:00+05:30,111.5999984741211,114.5,111.2925033569336,112.55249786376953,99.54100036621094,11646140,0.0,0.0
2011-05-16 00:00:00+05:30,112.25,113.30500030517578,111.81500244140625,112.65249633789062,99.62944793701172,12541240,0.0,0.0
2011-05-17 00:00:00+05:30,112.5999984741211,113.69750213623047,112.05000305175781,112.62249755859375,99.60292053222656,12223880,0.0,0.0
2011-05-18 00:00:00+05:30,112.90499877929688,113.88500213623047,112.1500015258789,113.36750030517578,100.26178741455078,13870960,0.0,0.0
2011-05-19 00:00:00+05:30,113.5250015258789,114.19999694824219,112.88500213623047,113.69000244140625,100.5470199584961,15022540,0.0,0.0
2011-05-20 00:00:00+05:30,113.5,116.0,112.7699966430664,115.78500366210938,102.39983367919922,23827740,0.0,0.0
2011-05-23 00:00:00+05:30,114.75,114.94000244140625,112.29750061035156,113.23500061035156,100.14461517333984,20092800,0.0,0.0
2011-05-24 00:00:00+05:30,112.69999694824219,114.625,112.41000366210938,112.76499938964844,99.72895050048828,9004880,0.0,0.0
2011-05-25 00:00:00+05:30,112.5,113.3499984741211,112.26750183105469,112.73750305175781,99.70463562011719,8314880,0.0,0.0
2011-05-26 00:00:00+05:30,112.75,113.8499984741211,112.0,113.20999908447266,100.12250518798828,19899900,0.0,0.0
2011-05-27 00:00:00+05:30,113.24500274658203,115.5999984741211,113.12750244140625,115.18250274658203,101.86697387695312,11662040,0.0,0.0
2011-05-30 00:00:00+05:30,115.19999694824219,116.37999725341797,114.86750030517578,115.37999725341797,102.04164123535156,7849500,0.0,0.0
2011-05-31 00:00:00+05:30,116.24500274658203,120.43499755859375,115.75,119.97750091552734,106.10765075683594,35393460,0.0,0.0
2011-06-01 00:00:00+05:30,119.5,120.3499984741211,118.73750305175781,119.91000366210938,106.04796600341797,13143340,0.0,0.0
2011-06-02 00:00:00+05:30,117.75250244140625,118.33499908447266,117.25,118.01499938964844,105.09510040283203,13445520,0.825,0.0
2011-06-03 00:00:00+05:30,117.99749755859375,118.5425033569336,117.42500305175781,117.8375015258789,104.93702697753906,11977060,0.0,0.0
2011-06-06 00:00:00+05:30,117.26499938964844,119.5,117.26499938964844,119.0625,106.02792358398438,11685600,0.0,0.0
2011-06-07 00:00:00+05:30,118.25499725341797,119.53500366210938,118.19000244140625,118.82499694824219,105.81641387939453,8126940,0.0,0.0
2011-06-08 00:00:00+05:30,117.80999755859375,118.5999984741211,117.41000366210938,117.76249694824219,104.87024688720703,10278780,0.0,0.0
2011-06-09 00:00:00+05:30,117.73750305175781,118.7300033569336,117.07499694824219,118.13999938964844,105.20639038085938,6459880,0.0,0.0
2011-06-10 00:00:00+05:30,118.4000015258789,118.7249984741211,116.51000213623047,118.12249755859375,105.1908187866211,8743820,0.0,0.0
2011-06-13 00:00:00+05:30,117.65750122070312,119.0,117.2074966430664,118.62999725341797,105.64277648925781,7835560,0.0,0.0
2011-06-14 00:00:00+05:30,118.9000015258789,119.9000015258789,118.2750015258789,119.125,106.08358764648438,12433200,0.0,0.0
2011-06-15 00:00:00+05:30,119.0,119.79000091552734,118.3499984741211,118.63999938964844,105.65167236328125,14077880,0.0,0.0
2011-06-16 00:00:00+05:30,118.19999694824219,118.5999984741211,116.90249633789062,117.1500015258789,104.32479095458984,8425300,0.0,0.0
2011-06-17 00:00:00+05:30,117.5250015258789,118.30500030517578,116.68250274658203,117.46499633789062,104.60530090332031,14213480,0.0,0.0
2011-06-20 00:00:00+05:30,117.10749816894531,118.07250213623047,113.59750366210938,114.94999694824219,102.36564636230469,15625700,0.0,0.0
2011-06-21 00:00:00+05:30,115.0999984741211,117.19999694824219,115.0999984741211,116.27749633789062,103.54781341552734,10157720,0.0,0.0
2011-06-22 00:00:00+05:30,116.62249755859375,117.38999938964844,115.62000274658203,116.13500213623047,103.42090606689453,6183160,0.0,0.0
2011-06-23 00:00:00+05:30,115.94999694824219,116.97250366210938,115.5,116.6875,103.9129409790039,8267580,0.0,0.0
2011-06-24 00:00:00+05:30,117.44999694824219,119.49749755859375,117.07749938964844,119.15750122070312,106.11253356933594,16575460,0.0,0.0
2011-06-27 00:00:00+05:30,119.1500015258789,121.59249877929688,118.63249969482422,120.80750274658203,107.58189392089844,20512380,0.0,0.0
2011-06-28 00:00:00+05:30,121.47000122070312,121.5,120.22750091552734,121.15249633789062,107.88910675048828,12193620,0.0,0.0
2011-06-29 00:00:00+05:30,121.75,124.94999694824219,121.75,124.45500183105469,110.83007049560547,20504880,0.0,0.0
2011-06-30 00:00:00+05:30,124.94999694824219,126.24749755859375,123.80750274658203,125.77749633789062,112.00777435302734,26841200,0.0,0.0
2011-07-01 00:00:00+05:30,127.0,127.37999725341797,123.9000015258789,125.0625,111.3710708618164,13304840,0.0,0.0
2011-07-04 00:00:00+05:30,126.75,127.0999984741211,125.62000274658203,126.61000061035156,112.74915313720703,14323360,0.0,0.0
2011-07-05 00:00:00+05:30,126.0999984741211,127.5999984741211,125.7249984741211,127.05750274658203,113.14765930175781,10637280,0.0,0.0
2011-07-06 00:00:00+05:30,126.75,128.0,125.75,127.26499938964844,113.3324203491211,11785740,0.0,0.0
2011-07-07 00:00:00+05:30,127.30500030517578,128.74749755859375,126.7074966430664,128.2899932861328,114.24522399902344,14778040,0.0,0.0
2011-07-08 00:00:00+05:30,128.3000030517578,129.1649932861328,127.68499755859375,127.9574966430664,113.9491195678711,15089360,0.0,0.0
2011-07-11 00:00:00+05:30,127.94999694824219,128.2050018310547,125.75499725341797,126.21749877929688,112.39962005615234,7945000,0.0,0.0
2011-07-12 00:00:00+05:30,125.5,125.5,123.01000213623047,123.98750305175781,110.41375732421875,14721800,0.0,0.0
2011-07-13 00:00:00+05:30,124.5,126.44750213623047,123.90249633789062,125.98500061035156,112.19256591796875,7441820,0.0,0.0
2011-07-14 00:00:00+05:30,126.2750015258789,128.3249969482422,124.69999694824219,126.48750305175781,112.64005279541016,9354344,0.0,5.0
2011-07-15 00:00:00+05:30,126.61250305175781,127.61250305175781,125.75,127.23750305175781,113.30794525146484,5490152,0.0,0.0
2011-07-18 00:00:00+05:30,127.98750305175781,129.72500610351562,127.0,128.7624969482422,114.6659927368164,6209896,0.0,0.0
2011-07-19 00:00:00+05:30,129.375,129.75,127.0875015258789,127.7125015258789,113.73094940185547,17052664,0.0,0.0
2011-07-20 00:00:00+05:30,129.10000610351562,129.10000610351562,125.5,125.7750015258789,112.00555419921875,7408644,0.0,0.0
2011-07-21 00:00:00+05:30,126.19999694824219,126.2249984741211,123.625,124.07499694824219,110.49166107177734,12881024,0.0,0.0
2011-07-22 00:00:00+05:30,125.0,126.76249694824219,124.7125015258789,125.38749694824219,111.66048431396484,12634120,0.0,0.0
2011-07-25 00:00:00+05:30,125.38749694824219,126.625,124.2874984741211,126.30000305175781,112.47307586669922,13370428,0.0,0.0
2011-07-26 00:00:00+05:30,126.3375015258789,127.55000305175781,123.8125,124.5374984741211,110.90353393554688,10581528,0.0,0.0
2011-07-27 00:00:00+05:30,124.8375015258789,125.98750305175781,123.0,125.51249694824219,111.77178955078125,11062712,0.0,0.0
2011-07-28 00:00:00+05:30,124.875,124.875,121.1500015258789,121.82499694824219,108.48799133300781,21417956,0.0,0.0
2011-07-29 00:00:00+05:30,122.4749984741211,122.4749984741211,120.2750015258789,121.69999694824219,108.37667083740234,11990668,0.0,0.0
2011-08-01 00:00:00+05:30,123.36250305175781,123.98750305175781,121.125,122.0,108.64383697509766,8809416,0.0,0.0
2011-08-02 00:00:00+05:30,121.9749984741211,121.9749984741211,120.0,120.7125015258789,107.49728393554688,7929976,0.0,0.0
2011-08-03 00:00:00+05:30,119.67500305175781,122.3499984741211,119.0,120.51249694824219,107.31917572021484,8330268,0.0,0.0
2011-08-04 00:00:00+05:30,121.0250015258789,122.2249984741211,118.75,119.11250305175781,106.07244873046875,7318424,0.0,0.0
2011-08-05 00:00:00+05:30,116.25,118.94999694824219,114.2750015258789,118.26249694824219,105.31549835205078,12624376,0.0,0.0
2011-08-08 00:00:00+05:30,115.75,120.0,114.51249694824219,115.5250015258789,102.87769317626953,17233492,0.0,0.0
2011-08-09 00:00:00+05:30,112.5,118.38749694824219,112.4625015258789,116.11250305175781,103.40086364746094,17963696,0.0,0.0
2011-08-10 00:00:00+05:30,123.69999694824219,123.69999694824219,118.3499984741211,119.9749984741211,106.84053039550781,13068904,0.0,0.0
2011-08-11 00:00:00+05:30,119.67500305175781,121.17500305175781,118.75,119.98750305175781,106.8516616821289,8409216,0.0,0.0
2011-08-12 00:00:00+05:30,121.2750015258789,121.5,116.0250015258789,117.01249694824219,104.20233917236328,11413552,0.0,0.0
2011-08-16 00:00:00+05:30,119.5999984741211,119.5999984741211,113.6624984741211,114.11250305175781,101.61984252929688,12222592,0.0,0.0
2011-08-17 00:00:00+05:30,114.01249694824219,118.11250305175781,113.9749984741211,116.875,104.07990264892578,12536804,0.0,0.0
2011-08-18 00:00:00+05:30,117.07499694824219,118.7125015258789,114.63749694824219,115.5999984741211,102.94448852539062,22888452,0.0,0.0
2011-08-19 00:00:00+05:30,113.75,115.875,112.5,115.2125015258789,102.59941101074219,17921036,0.0,0.0
2011-08-22 00:00:00+05:30,115.01249694824219,115.98750305175781,112.67500305175781,113.26249694824219,100.86288452148438,11908996,0.0,0.0
2011-08-23 00:00:00+05:30,114.3499984741211,115.625,111.32499694824219,114.8499984741211,102.2765884399414,16145092,0.0,0.0
2011-08-24 00:00:00+05:30,114.5,115.5999984741211,113.125,114.0,101.51963806152344,12742456,0.0,0.0
2011-08-25 00:00:00+05:30,114.8499984741211,114.8499984741211,110.17500305175781,110.9124984741211,98.77015686035156,23200840,0.0,0.0
2011-08-26 00:00:00+05:30,111.0,112.63749694824219,109.0374984741211,109.73750305175781,97.72380065917969,8523824,0.0,0.0
2011-08-29 00:00:00+05:30,111.125,114.48750305175781,110.7874984741211,114.11250305175781,101.61984252929688,11600396,0.0,0.0
2011-08-30 00:00:00+05:30,115.48750305175781,118.75,114.69999694824219,117.98750305175781,105.07060241699219,15589296,0.0,0.0
2011-09-02 00:00:00+05:30,121.0,121.0,117.0,118.19999694824219,105.25984191894531,15190948,0.0,0.0
2011-09-05 00:00:00+05:30,117.44999694824219,118.5,115.6624984741211,117.5625,104.69214630126953,11800716,0.0,0.0
2011-09-06 00:00:00+05:30,117.1500015258789,119.0999984741211,115.0,118.19999694824219,105.25984191894531,17860792,0.0,0.0
2011-09-07 00:00:00+05:30,119.0,122.48750305175781,118.2125015258789,122.0250015258789,108.66609954833984,14746572,0.0,0.0
2011-09-08 00:00:00+05:30,122.42500305175781,122.42500305175781,119.7874984741211,120.92500305175781,107.6865234375,8164048,0.0,0.0
2011-09-09 00:00:00+05:30,120.9749984741211,121.42500305175781,117.67500305175781,118.3125,105.36002349853516,10331416,0.0,0.0
2011-09-12 00:00:00+05:30,116.75,117.80000305175781,115.625,117.3375015258789,104.49176788330078,6985520,0.0,0.0
2011-09-13 00:00:00+05:30,117.75,118.94999694824219,116.0,116.92500305175781,104.12443542480469,7175952,0.0,0.0
2011-09-14 00:00:00+05:30,116.8499984741211,120.7750015258789,115.26249694824219,119.7249984741211,106.61788177490234,7749008,0.0,0.0
2011-09-15 00:00:00+05:30,121.4749984741211,122.01249694824219,117.9000015258789,121.1624984741211,107.89803314208984,8736760,0.0,0.0
2011-09-16 00:00:00+05:30,121.5625,122.5,119.07499694824219,120.92500305175781,107.6865234375,10947008,0.0,0.0
2011-09-19 00:00:00+05:30,120.4749984741211,121.75,119.2750015258789,121.1875,107.92027282714844,8389220,0.0,0.0
2011-09-20 00:00:00+05:30,121.25,123.3125,120.75,122.8375015258789,109.3896484375,11835268,0.0,0.0
2011-09-21 00:00:00+05:30,123.1875,124.4124984741211,122.0999984741211,123.625,110.09092712402344,12891396,0.0,0.0
2011-09-22 00:00:00+05:30,121.9749984741211,122.25,116.375,118.07499694824219,105.1485366821289,10191088,0.0,0.0
2011-09-23 00:00:00+05:30,117.13749694824219,117.5,113.125,114.0999984741211,101.60868835449219,32911224,0.0,0.0
2011-09-26 00:00:00+05:30,114.0,114.4124984741211,109.86250305175781,112.5250015258789,100.20613098144531,27785068,0.0,0.0
2011-09-27 00:00:00+05:30,114.5,115.4749984741211,113.5250015258789,114.36250305175781,101.84246826171875,16022836,0.0,0.0
2011-09-28 00:00:00+05:30,115.5999984741211,116.3375015258789,112.9375,114.5,101.96491241455078,15223752,0.0,0.0
2011-09-29 00:00:00+05:30,114.38749694824219,118.69999694824219,113.1624984741211,117.6500015258789,104.77005767822266,32532984,0.0,0.0
2011-09-30 00:00:00+05:30,116.4625015258789,118.69999694824219,116.0999984741211,116.9124984741211,104.11329650878906,19028800,0.0,0.0
2011-10-03 00:00:00+05:30,115.0374984741211,116.2249984741211,112.6875,114.01249694824219,101.53076171875,18136236,0.0,0.0
2011-10-04 00:00:00+05:30,113.125,114.0,110.125,112.2249984741211,99.93897247314453,14963192,0.0,0.0
2011-10-05 00:00:00+05:30,112.23750305175781,114.0625,109.13749694824219,109.67500305175781,97.66813659667969,16534992,0.0,0.0
2011-10-07 00:00:00+05:30,113.17500305175781,115.0,111.55000305175781,112.5,100.18385314941406,18887004,0.0,0.0
2011-10-10 00:00:00+05:30,113.0,114.5,112.51249694824219,113.67500305175781,101.23023223876953,24125984,0.0,0.0
2011-10-11 00:00:00+05:30,115.17500305175781,116.2249984741211,113.7874984741211,114.375,101.85359954833984,9987516,0.0,0.0
2011-10-12 00:00:00+05:30,115.48750305175781,117.4749984741211,113.36250305175781,116.7874984741211,104.00198364257812,17935560,0.0,0.0
2011-10-13 00:00:00+05:30,118.75,119.05000305175781,116.9000015258789,117.6624984741211,104.78118896484375,11733404,0.0,0.0
2011-10-14 00:00:00+05:30,117.25,119.0999984741211,116.3375015258789,118.4749984741211,105.5047378540039,6670040,0.0,0.0
2011-10-17 00:00:00+05:30,119.1500015258789,120.125,118.0875015258789,119.51249694824219,106.42865753173828,7087264,0.0,0.0
2011-10-18 00:00:00+05:30,118.4749984741211,120.3499984741211,118.0,119.5374984741211,106.4509048461914,8109020,0.0,0.0
2011-10-19 00:00:00+05:30,120.73750305175781,123.6500015258789,119.82499694824219,122.9625015258789,109.50096130371094,17378084,0.0,0.0
2011-10-20 00:00:00+05:30,122.0,123.0999984741211,120.1500015258789,122.38749694824219,108.98892211914062,11353704,0.0,0.0
2011-10-21 00:00:00+05:30,122.51249694824219,122.94999694824219,120.82499694824219,121.75,108.42120361328125,9161464,0.0,0.0
2011-10-24 00:00:00+05:30,123.1875,124.25,120.73750305175781,121.0875015258789,107.83122253417969,9743092,0.0,0.0
2011-10-25 00:00:00+05:30,121.9625015258789,122.6875,112.13749694824219,117.0,104.19121551513672,82630020,0.0,0.0
2011-10-28 00:00:00+05:30,121.5,123.625,119.9375,120.6624984741211,107.4527587890625,18038448,0.0,0.0
2011-10-31 00:00:00+05:30,120.75,122.9375,119.2874984741211,122.5,109.08909606933594,12851416,0.0,0.0
2011-11-01 00:00:00+05:30,121.2750015258789,123.25,120.0,120.57499694824219,107.37483215332031,13299516,0.0,0.0
2011-11-02 00:00:00+05:30,119.67500305175781,122.0,119.375,120.7750015258789,107.55294799804688,10111820,0.0,0.0
2011-11-03 00:00:00+05:30,120.25,121.2125015258789,118.0250015258789,120.4625015258789,107.27465057373047,10505636,0.0,0.0
2011-11-04 00:00:00+05:30,121.67500305175781,121.9749984741211,120.07499694824219,120.75,107.53068542480469,6803220,0.0,0.0
2011-11-08 00:00:00+05:30,120.75,121.8375015258789,119.625,121.0625,107.80895233154297,8392808,0.0,0.0
2011-11-09 00:00:00+05:30,121.25,121.42500305175781,118.82499694824219,119.3125,106.25055694580078,8604988,0.0,0.0
2011-11-11 00:00:00+05:30,118.9124984741211,119.5999984741211,115.6500015258789,116.01249694824219,103.31182861328125,9210036,0.0,0.0
2011-11-14 00:00:00+05:30,117.4749984741211,119.9625015258789,117.23750305175781,117.8499984741211,104.9481430053711,12228564,0.0,0.0
2011-11-15 00:00:00+05:30,117.67500305175781,119.44999694824219,117.4749984741211,118.0625,105.13739013671875,11644292,0.0,0.0
2011-11-16 00:00:00+05:30,117.5,118.0,115.07499694824219,116.42500305175781,103.67916870117188,7117600,0.0,0.0
2011-11-17 00:00:00+05:30,115.7874984741211,117.5,114.1500015258789,114.8375015258789,102.26546478271484,10777368,0.0,0.0
2011-11-18 00:00:00+05:30,113.80000305175781,115.4000015258789,112.5250015258789,114.57499694824219,102.03168487548828,11720744,0.0,0.0
2011-11-21 00:00:00+05:30,114.0,114.0,110.0,111.1624984741211,98.99279022216797,10194036,0.0,0.0
2011-11-22 00:00:00+05:30,111.75,112.375,110.0,111.01249694824219,98.85920715332031,15218304,0.0,0.0
2011-11-23 00:00:00+05:30,110.4375,110.4375,103.55000305175781,106.5250015258789,94.86297607421875,25565636,0.0,0.0
2011-11-24 00:00:00+05:30,107.19999694824219,108.75,102.82499694824219,107.4124984741211,95.6533203125,28885188,0.0,0.0
2011-11-25 00:00:00+05:30,106.9375,108.7249984741211,104.76249694824219,107.7249984741211,95.93161010742188,18906468,0.0,0.0
2011-11-28 00:00:00+05:30,109.0,111.23750305175781,108.5250015258789,110.2125015258789,98.14678192138672,10891716,0.0,0.0
2011-11-29 00:00:00+05:30,111.0,111.38749694824219,108.05000305175781,108.80000305175781,96.88892364501953,14831024,0.0,0.0
2011-11-30 00:00:00+05:30,107.30000305175781,112.4124984741211,107.30000305175781,110.625,98.51412963867188,28214548,0.0,0.0
2011-12-01 00:00:00+05:30,114.73750305175781,116.75,112.36250305175781,113.375,100.96306610107422,13929784,0.0,0.0
2011-12-02 00:00:00+05:30,113.7874984741211,116.9749984741211,113.2874984741211,116.5,103.7459487915039,11237028,0.0,0.0
2011-12-05 00:00:00+05:30,115.92500305175781,116.86250305175781,114.5,115.5875015258789,102.93335723876953,8753228,0.0,0.0
2011-12-07 00:00:00+05:30,117.5,117.7249984741211,115.5250015258789,116.7750015258789,103.9908447265625,11172944,0.0,0.0
2011-12-08 00:00:00+05:30,116.75,116.92500305175781,112.7750015258789,113.4375,101.01873016357422,12557000,0.0,0.0
2011-12-09 00:00:00+05:30,111.75,112.80000305175781,110.125,110.9375,98.79241180419922,13606912,0.0,0.0
2011-12-12 00:00:00+05:30,112.0250015258789,112.73750305175781,106.57499694824219,108.01249694824219,96.18763732910156,12071156,0.0,0.0
2011-12-13 00:00:00+05:30,107.0,111.3499984741211,106.5,109.5999984741211,97.60134887695312,14925880,0.0,0.0
2011-12-14 00:00:00+05:30,109.75,110.9375,107.5625,108.5875015258789,96.69966888427734,24306724,0.0,0.0
2011-12-15 00:00:00+05:30,107.25,109.0,106.75,107.8375015258789,96.03179931640625,26960140,0.0,0.0
2011-12-16 00:00:00+05:30,108.5250015258789,110.125,102.5,103.82499694824219,92.45857238769531,29424820,0.0,0.0
2011-12-19 00:00:00+05:30,103.01249694824219,103.25,100.0625,101.5,90.38809967041016,32341524,0.0,0.0
2011-12-20 00:00:00+05:30,101.5,105.4000015258789,101.0,103.55000305175781,92.21368408203125,19983568,0.0,0.0
2011-12-21 00:00:00+05:30,106.5,109.8499984741211,104.44999694824219,108.86250305175781,96.94459533691406,14986880,0.0,0.0
2011-12-22 00:00:00+05:30,107.875,111.19999694824219,107.19999694824219,110.7125015258789,98.59204864501953,13576068,0.0,0.0
2011-12-23 00:00:00+05:30,111.05000305175781,111.625,109.0,109.38749694824219,97.41210174560547,6855300,0.0,0.0
2011-12-26 00:00:00+05:30,109.75,111.3499984741211,109.26249694824219,110.92500305175781,98.78128814697266,4564760,0.0,0.0
2011-12-27 00:00:00+05:30,110.07499694824219,110.9000015258789,108.92500305175781,109.92500305175781,97.89075469970703,6294236,0.0,0.0
2011-12-28 00:00:00+05:30,110.625,110.75,108.26249694824219,109.94999694824219,97.91302490234375,7668340,0.0,0.0
2011-12-29 00:00:00+05:30,108.9124984741211,110.5,106.5,107.4000015258789,95.64219665527344,10930628,0.0,0.0
2011-12-30 00:00:00+05:30,108.44999694824219,108.5,105.5250015258789,106.7125015258789,95.02996826171875,7676416,0.0,0.0
2012-01-02 00:00:00+05:30,107.2249984741211,107.44999694824219,104.875,106.7125015258789,95.02996826171875,7029996,0.0,0.0
2012-01-03 00:00:00+05:30,107.8499984741211,110.2249984741211,107.5,109.7874984741211,97.76831817626953,6878476,0.0,0.0
2012-01-04 00:00:00+05:30,110.4749984741211,111.23750305175781,107.7125015258789,110.82499694824219,98.69223022460938,9742956,0.0,0.0
2012-01-05 00:00:00+05:30,111.0,111.67500305175781,110.07499694824219,110.9124984741211,98.77015686035156,6761212,0.0,0.0
2012-01-06 00:00:00+05:30,110.25,114.2874984741211,109.73750305175781,113.32499694824219,100.91854095458984,7954444,0.0,0.0
2012-01-09 00:00:00+05:30,112.9749984741211,114.2750015258789,111.5,113.92500305175781,101.45286560058594,8463936,0.0,0.0
2012-01-10 00:00:00+05:30,115.0,115.57499694824219,114.0,114.92500305175781,102.34337615966797,8982772,0.0,0.0
2012-01-11 00:00:00+05:30,115.125,116.0,113.75,115.6624984741211,103.0001449584961,7719112,0.0,0.0
2012-01-12 00:00:00+05:30,115.42500305175781,117.2750015258789,115.30000305175781,116.6624984741211,103.89067077636719,7975444,0.0,0.0
2012-01-13 00:00:00+05:30,117.5,118.26249694824219,115.26249694824219,117.4000015258789,104.54742431640625,7381684,0.0,0.0
2012-01-16 00:00:00+05:30,116.69999694824219,116.9625015258789,114.5625,115.125,102.52146911621094,6383420,0.0,0.0
2012-01-17 00:00:00+05:30,115.9749984741211,117.25,115.75,117.0999984741211,104.28025817871094,7322016,0.0,0.0
2012-01-18 00:00:00+05:30,118.2249984741211,121.3499984741211,117.4000015258789,120.4749984741211,107.2857894897461,20137244,0.0,0.0
2012-01-19 00:00:00+05:30,121.5,122.5625,120.07499694824219,121.69999694824219,108.37667083740234,16842176,0.0,0.0
2012-01-20 00:00:00+05:30,122.5,123.36250305175781,120.11250305175781,122.63749694824219,109.2115478515625,14390260,0.0,0.0
2012-01-23 00:00:00+05:30,121.5,121.9375,120.2249984741211,121.0,107.7533187866211,7533728,0.0,0.0
2012-01-24 00:00:00+05:30,121.3125,123.2750015258789,120.13749694824219,122.19999694824219,108.82191467285156,15063952,0.0,0.0
2012-01-25 00:00:00+05:30,122.5625,123.25,121.4375,122.55000305175781,109.13362884521484,14819100,0.0,0.0
2012-01-27 00:00:00+05:30,125.9749984741211,126.0,119.9124984741211,121.05000305175781,107.79783630371094,14877636,0.0,0.0
2012-01-30 00:00:00+05:30,120.73750305175781,120.75,118.25,119.76249694824219,106.65128326416016,9975016,0.0,0.0
2012-01-31 00:00:00+05:30,120.875,123.75,119.9625015258789,123.0250015258789,109.55661010742188,10653848,0.0,0.0
2012-02-01 00:00:00+05:30,123.625,124.92500305175781,120.3375015258789,124.2874984741211,110.680908203125,12020596,0.0,0.0
2012-02-02 00:00:00+05:30,124.75,125.0,122.82499694824219,124.4749984741211,110.8478775024414,22841708,0.0,0.0
2012-02-03 00:00:00+05:30,124.375,127.0,123.8125,126.5625,112.70684814453125,14915004,0.0,0.0
2012-02-06 00:00:00+05:30,127.5,129.0,125.0,126.92500305175781,113.0296630859375,17438624,0.0,0.0
2012-02-07 00:00:00+05:30,128.5,128.85000610351562,127.0,127.32499694824219,113.3858642578125,12075708,0.0,0.0
2012-02-08 00:00:00+05:30,127.67500305175781,129.4499969482422,125.6875,127.11250305175781,113.19664001464844,13861148,0.0,0.0
2012-02-09 00:00:00+05:30,126.42500305175781,131.4875030517578,126.4124984741211,130.6374969482422,116.33573150634766,17361024,0.0,0.0
2012-02-10 00:00:00+05:30,130.6999969482422,131.41250610351562,128.5,129.375,115.2114486694336,11515172,0.0,0.0
2012-02-13 00:00:00+05:30,129.66250610351562,131.25,128.97500610351562,130.4875030517578,116.2021484375,14614324,0.0,0.0
2012-02-14 00:00:00+05:30,130.625,130.9499969482422,128.7624969482422,129.47500610351562,115.30049896240234,13114828,0.0,0.0
2012-02-15 00:00:00+05:30,130.125,133.72500610351562,129.3125,133.2624969482422,118.67334747314453,19379584,0.0,0.0
2012-02-16 00:00:00+05:30,132.75,134.46249389648438,130.8125,131.6125030517578,117.2040023803711,8124264,0.0,0.0
2012-02-17 00:00:00+05:30,132.8125,133.25,130.02499389648438,132.0749969482422,117.6158447265625,14219648,0.0,0.0
2012-02-21 00:00:00+05:30,131.5,133.375,130.125,133.0124969482422,118.45072174072266,14831136,0.0,0.0
2012-02-22 00:00:00+05:30,132.5,134.72500610351562,131.66250610351562,132.8625030517578,118.317138671875,13923108,0.0,0.0
2012-02-23 00:00:00+05:30,131.8000030517578,133.9875030517578,131.8000030517578,133.28750610351562,118.69563293457031,17095748,0.0,0.0
2012-02-24 00:00:00+05:30,131.8000030517578,133.85000610351562,128.83749389648438,131.16250610351562,116.80325317382812,16380168,0.0,0.0
2012-02-27 00:00:00+05:30,131.72500610351562,132.8625030517578,128.03750610351562,128.89999389648438,114.78844451904297,15321292,0.0,0.0
2012-02-28 00:00:00+05:30,129.8125,133.35000610351562,128.3000030517578,132.625,118.10562896728516,14801148,0.0,0.0
2012-02-29 00:00:00+05:30,133.47500610351562,134.97500610351562,128.33749389648438,129.27499389648438,115.12238311767578,19988636,0.0,0.0
2012-03-01 00:00:00+05:30,129.25,130.5749969482422,126.32499694824219,128.5,114.43223571777344,12198492,0.0,0.0
2012-03-02 00:00:00+05:30,128.5,131.25,126.9375,129.6875,115.48973083496094,8116696,0.0,0.0
2012-03-05 00:00:00+05:30,130.0,130.2375030517578,126.38749694824219,127.73750305175781,113.75320434570312,10051372,0.0,0.0
2012-03-06 00:00:00+05:30,127.44999694824219,130.25,125.8125,126.8499984741211,112.96286010742188,11597188,0.0,0.0
2012-03-07 00:00:00+05:30,126.7125015258789,129.5,124.38749694824219,128.91250610351562,114.79959106445312,7577636,0.0,0.0
2012-03-09 00:00:00+05:30,130.5,131.75,129.91250610351562,130.8000030517578,116.48043060302734,9315044,0.0,0.0
2012-03-12 00:00:00+05:30,133.5,133.625,129.25,129.7375030517578,115.53425598144531,11217384,0.0,0.0
2012-03-13 00:00:00+05:30,130.75,131.875,130.08749389648438,131.10000610351562,116.74758911132812,11079428,0.0,0.0
2012-03-14 00:00:00+05:30,132.02499389648438,132.5,130.3625030517578,132.0500030517578,117.59358978271484,11721124,0.0,0.0
2012-03-15 00:00:00+05:30,132.0,132.5,127.26249694824219,127.69999694824219,113.71981811523438,14939196,0.0,0.0
2012-03-16 00:00:00+05:30,127.5,131.22500610351562,126.25,126.9625015258789,113.06304931640625,12810608,0.0,0.0
2012-03-19 00:00:00+05:30,127.51249694824219,127.51249694824219,123.7750015258789,124.7125015258789,111.05937957763672,15299768,0.0,0.0
2012-03-20 00:00:00+05:30,124.0,127.7125015258789,123.25,126.3499984741211,112.51759338378906,6324272,0.0,0.0
2012-03-21 00:00:00+05:30,125.75,129.46249389648438,125.75,128.91250610351562,114.79959106445312,12021572,0.0,0.0
2012-03-22 00:00:00+05:30,128.47500610351562,130.60000610351562,125.0250015258789,126.0625,112.26158142089844,11280064,0.0,0.0
2012-03-23 00:00:00+05:30,127.375,129.6875,125.23750305175781,128.4875030517578,114.42111206054688,8047164,0.0,0.0
2012-03-26 00:00:00+05:30,128.375,129.125,126.4124984741211,127.9124984741211,113.90904235839844,9832916,0.0,0.0
2012-03-27 00:00:00+05:30,128.75,130.4499969482422,128.0,129.71249389648438,115.5119857788086,11857352,0.0,0.0
2012-03-28 00:00:00+05:30,129.625,129.625,127.51249694824219,128.3625030517578,114.30979919433594,8699492,0.0,0.0
2012-03-29 00:00:00+05:30,127.0,128.52499389648438,126.25,127.5250015258789,113.56398010253906,16225116,0.0,0.0
2012-03-30 00:00:00+05:30,128.0,130.96249389648438,127.4375,129.96249389648438,115.73461151123047,11184976,0.0,0.0
2012-04-02 00:00:00+05:30,129.5,132.4875030517578,129.02499389648438,132.08749389648438,117.62698364257812,5530932,0.0,0.0
2012-04-03 00:00:00+05:30,133.25,134.10000610351562,132.0,132.5500030517578,118.03885650634766,12920812,0.0,0.0
2012-04-04 00:00:00+05:30,131.3125,132.25,131.10000610351562,131.6374969482422,117.22626495361328,4175076,0.0,0.0
2012-04-09 00:00:00+05:30,130.9375,131.5749969482422,130.0,130.4375,116.15763854980469,5036740,0.0,0.0
2012-04-10 00:00:00+05:30,130.85000610351562,131.5,128.96249389648438,131.21249389648438,116.84777069091797,5834072,0.0,0.0
2012-04-11 00:00:00+05:30,130.46249389648438,132.7375030517578,129.27499389648438,131.6125030517578,117.2040023803711,7463248,0.0,0.0
2012-04-12 00:00:00+05:30,131.25,133.625,131.0749969482422,132.60000610351562,118.0833969116211,12103288,0.0,0.0
2012-04-13 00:00:00+05:30,134.10000610351562,134.4375,130.97500610351562,132.33749389648438,117.84961700439453,9833428,0.0,0.0
2012-04-16 00:00:00+05:30,132.22500610351562,132.75,131.02499389648438,132.4375,117.93868255615234,17396084,0.0,0.0
2012-04-17 00:00:00+05:30,133.0,133.97500610351562,130.27499389648438,132.5625,118.04998779296875,15665808,0.0,0.0
2012-04-18 00:00:00+05:30,133.25,134.97500610351562,133.25,134.41250610351562,119.69744873046875,12000284,0.0,0.0
2012-04-19 00:00:00+05:30,135.0,138.89999389648438,134.3000030517578,138.5124969482422,123.34858703613281,16366676,0.0,0.0
2012-04-20 00:00:00+05:30,138.0625,139.5,136.6125030517578,137.77499389648438,122.69181060791016,15725100,0.0,0.0
2012-04-23 00:00:00+05:30,137.9875030517578,139.0,135.8249969482422,136.33749389648438,121.41171264648438,8437648,0.0,0.0
2012-04-24 00:00:00+05:30,136.52499389648438,136.625,134.85000610351562,135.46249389648438,120.63246154785156,8760780,0.0,0.0
2012-04-25 00:00:00+05:30,136.0,137.375,134.5,136.66250610351562,121.70112609863281,10778388,0.0,0.0
2012-04-26 00:00:00+05:30,136.25,137.4875030517578,134.75,135.125,120.33195495605469,9338952,0.0,0.0
2012-04-27 00:00:00+05:30,135.5,136.5,133.5500030517578,135.28750610351562,120.47665405273438,4549020,0.0,0.0
2012-04-30 00:00:00+05:30,135.9499969482422,137.25,135.08749389648438,135.625,120.7772216796875,6039020,0.0,0.0
2012-05-02 00:00:00+05:30,135.1750030517578,137.75,135.1750030517578,137.47500610351562,122.42467498779297,8978348,0.0,0.0
2012-05-03 00:00:00+05:30,136.375,139.5,136.3625030517578,138.5124969482422,123.34858703613281,13714548,0.0,0.0
2012-05-04 00:00:00+05:30,137.8000030517578,138.4250030517578,133.66250610351562,134.375,119.6640396118164,12351888,0.0,0.0
2012-05-07 00:00:00+05:30,132.97500610351562,133.6374969482422,129.10000610351562,133.0625,118.4952392578125,16712688,0.0,0.0
2012-05-08 00:00:00+05:30,133.22500610351562,134.10000610351562,128.3125,128.83749389648438,114.73275756835938,11283080,0.0,0.0
2012-05-09 00:00:00+05:30,128.4250030517578,130.64999389648438,126.3499984741211,128.16250610351562,114.1316909790039,15023992,0.0,0.0
2012-05-10 00:00:00+05:30,127.76249694824219,130.72500610351562,127.5,129.375,115.2114486694336,12084380,0.0,0.0
2012-05-11 00:00:00+05:30,128.3125,130.0,127.05000305175781,127.63749694824219,113.66416931152344,8050084,0.0,0.0
2012-05-14 00:00:00+05:30,127.6875,127.94999694824219,123.51249694824219,125.13749694824219,111.4378433227539,11034848,0.0,0.0
2012-05-15 00:00:00+05:30,124.0,126.11250305175781,124.0,124.7750015258789,111.11502075195312,8019464,0.0,0.0
2012-05-16 00:00:00+05:30,123.5,124.67500305175781,121.5,123.80000305175781,110.24677276611328,16960872,0.0,0.0
2012-05-17 00:00:00+05:30,124.25,126.625,123.75,124.44999694824219,110.82560729980469,11618520,0.0,0.0
2012-05-18 00:00:00+05:30,122.44999694824219,125.9749984741211,122.25,125.13749694824219,111.4378433227539,9614416,0.0,0.0
2012-05-21 00:00:00+05:30,125.0625,126.9625015258789,123.48750305175781,124.36250305175781,110.74769592285156,8542340,0.0,0.0
2012-05-22 00:00:00+05:30,125.94999694824219,126.25,121.73750305175781,122.3125,108.92210388183594,11096812,0.0,0.0
2012-05-23 00:00:00+05:30,122.5,123.2249984741211,120.55000305175781,121.80000305175781,108.46572875976562,12695888,0.0,0.0
2012-05-24 00:00:00+05:30,123.25,125.67500305175781,121.25,124.92500305175781,111.24861145019531,11539244,0.0,0.0
2012-05-25 00:00:00+05:30,124.94999694824219,125.7874984741211,123.9000015258789,125.0,111.31539916992188,11194572,0.0,0.0
2012-05-28 00:00:00+05:30,125.30000305175781,127.6500015258789,125.0,127.1875,113.26339721679688,12206852,0.0,0.0
2012-05-29 00:00:00+05:30,127.5374984741211,127.98750305175781,125.5250015258789,126.23750305175781,112.41741943359375,10573024,0.0,0.0
2012-05-30 00:00:00+05:30,125.01249694824219,126.3499984741211,124.13749694824219,125.1624984741211,111.46012115478516,10167280,0.0,0.0
2012-05-31 00:00:00+05:30,124.0,127.2249984741211,123.8375015258789,126.55000305175781,112.6957015991211,19039120,0.0,0.0
2012-06-01 00:00:00+05:30,126.0,126.7874984741211,122.5,122.5999984741211,109.17814636230469,11708748,0.0,0.0
2012-06-04 00:00:00+05:30,122.0,124.625,121.26249694824219,123.9124984741211,110.34696197509766,11360968,0.0,0.0
2012-06-05 00:00:00+05:30,125.0,126.2249984741211,124.61250305175781,125.375,111.64936065673828,10710712,0.0,0.0
2012-06-06 00:00:00+05:30,126.2125015258789,130.75,125.875,129.97500610351562,115.74576568603516,25091692,0.0,0.0
2012-06-07 00:00:00+05:30,131.0500030517578,134.875,130.75,134.4499969482422,119.73085021972656,19800492,0.0,0.0
2012-06-08 00:00:00+05:30,135.22500610351562,135.6875,132.7375030517578,134.77499389648438,120.02024841308594,19322744,0.0,0.0
2012-06-11 00:00:00+05:30,135.27499389648438,137.22500610351562,134.60000610351562,135.4875030517578,120.6547622680664,13071884,0.0,0.0
2012-06-12 00:00:00+05:30,134.6999969482422,137.71249389648438,134.4875030517578,137.39999389648438,122.35789489746094,11253840,0.0,0.0
2012-06-13 00:00:00+05:30,137.75,138.10000610351562,134.9499969482422,135.4375,120.61024475097656,8064732,0.0,0.0
2012-06-14 00:00:00+05:30,135.0,136.85000610351562,133.16250610351562,133.60000610351562,118.97390747070312,8642552,0.0,0.0
2012-06-15 00:00:00+05:30,133.75,137.4250030517578,133.7375030517578,136.8874969482422,121.90149688720703,9932224,0.0,0.0
2012-06-18 00:00:00+05:30,138.0,138.0,132.3874969482422,133.7375030517578,119.09632873535156,11237464,0.0,0.0
2012-06-19 00:00:00+05:30,133.6999969482422,134.75,131.5749969482422,134.1125030517578,119.4303207397461,11860736,0.0,0.0
2012-06-20 00:00:00+05:30,134.25,135.125,132.1374969482422,133.5500030517578,118.92937469482422,9534472,0.0,0.0
2012-06-21 00:00:00+05:30,133.25,136.1750030517578,132.8249969482422,135.72500610351562,120.86627197265625,10652656,0.0,0.0
2012-06-22 00:00:00+05:30,133.77499389648438,136.27499389648438,133.77499389648438,136.08749389648438,121.18909454345703,6168816,0.0,0.0
2012-06-25 00:00:00+05:30,136.35000610351562,137.125,133.75,134.1750030517578,119.48596954345703,6374848,0.0,0.0
2012-06-26 00:00:00+05:30,134.5,137.0,134.0749969482422,135.8625030517578,120.98870849609375,5853128,0.0,0.0
2012-06-27 00:00:00+05:30,136.5,138.6750030517578,136.5,137.25,122.22431182861328,11937288,0.0,0.0
2012-06-28 00:00:00+05:30,136.72500610351562,138.16250610351562,135.8125,137.125,123.07699584960938,12142440,1.075,0.0
2012-06-29 00:00:00+05:30,138.02499389648438,141.22500610351562,138.0124969482422,140.8874969482422,126.45403289794922,12659172,0.0,0.0
2012-07-02 00:00:00+05:30,141.0,143.75,140.0,143.4875030517578,128.78765869140625,8201524,0.0,0.0
2012-07-03 00:00:00+05:30,143.97500610351562,145.0,142.9250030517578,143.96249389648438,129.2139892578125,8466800,0.0,0.0
2012-07-04 00:00:00+05:30,144.1750030517578,145.21249389648438,143.91250610351562,144.5,129.6964569091797,12810284,0.0,0.0
2012-07-05 00:00:00+05:30,144.47500610351562,146.25,143.8625030517578,146.02499389648438,131.06521606445312,8381528,0.0,0.0
2012-07-06 00:00:00+05:30,145.52499389648438,147.25,144.625,145.375,130.4818115234375,15741520,0.0,0.0
2012-07-09 00:00:00+05:30,144.9875030517578,145.4375,142.27499389648438,144.53750610351562,129.73008728027344,7661160,0.0,0.0
2012-07-10 00:00:00+05:30,145.0,148.0749969482422,144.375,147.16250610351562,132.086181640625,13543016,0.0,0.0
2012-07-11 00:00:00+05:30,146.72500610351562,148.4499969482422,146.27499389648438,146.75,131.71591186523438,12299444,0.0,0.0
2012-07-12 00:00:00+05:30,145.97500610351562,147.72500610351562,143.89999389648438,145.02499389648438,130.16763305664062,7583748,0.0,0.0
2012-07-13 00:00:00+05:30,146.25,147.85000610351562,145.6125030517578,146.7624969482422,131.72714233398438,9508572,0.0,0.0
2012-07-16 00:00:00+05:30,147.0,148.1750030517578,145.2624969482422,145.66250610351562,130.7398681640625,12850160,0.0,0.0
2012-07-17 00:00:00+05:30,146.75,147.1875,144.64999389648438,145.8125,130.87448120117188,8539356,0.0,0.0
2012-07-18 00:00:00+05:30,146.1750030517578,147.1750030517578,145.02499389648438,146.75,131.71591186523438,7117996,0.0,0.0
2012-07-19 00:00:00+05:30,147.14999389648438,147.6999969482422,146.3874969482422,147.35000610351562,132.25450134277344,4800448,0.0,0.0
2012-07-20 00:00:00+05:30,147.25,147.25,145.25,145.64999389648438,130.72860717773438,4168944,0.0,0.0
2012-07-23 00:00:00+05:30,144.35000610351562,145.0,142.7624969482422,143.25,128.57449340820312,6094528,0.0,0.0
2012-07-24 00:00:00+05:30,143.1374969482422,144.3625030517578,142.5500030517578,143.5124969482422,128.81008911132812,5305588,0.0,0.0
2012-07-25 00:00:00+05:30,143.6125030517578,145.1999969482422,143.4250030517578,144.0124969482422,129.25888061523438,8815704,0.0,0.0
2012-07-26 00:00:00+05:30,144.5,144.6875,140.75,141.4499969482422,126.95890045166016,17705416,0.0,0.0
2012-07-27 00:00:00+05:30,143.0,147.1750030517578,141.16250610351562,146.14999389648438,131.17739868164062,13430872,0.0,0.0
2012-07-30 00:00:00+05:30,146.77499389648438,147.97500610351562,146.0,146.8125,131.7720184326172,8466284,0.0,0.0
2012-07-31 00:00:00+05:30,147.5,147.5,144.96249389648438,146.9375,131.8842315673828,8391408,0.0,0.0
2012-08-01 00:00:00+05:30,146.3874969482422,147.08749389648438,144.39999389648438,146.625,131.60372924804688,7870988,0.0,0.0
2012-08-02 00:00:00+05:30,146.625,147.3000030517578,144.3249969482422,145.625,130.70616149902344,6885460,0.0,0.0
2012-08-03 00:00:00+05:30,145.25,147.25,144.9375,147.0500030517578,131.98521423339844,9951500,0.0,0.0
2012-08-06 00:00:00+05:30,148.28750610351562,150.5,148.25,150.0625,134.68907165527344,12329176,0.0,0.0
2012-08-07 00:00:00+05:30,150.5,150.5749969482422,149.25,150.02499389648438,134.65538024902344,11228764,0.0,0.0
2012-08-08 00:00:00+05:30,150.0,150.5,148.6750030517578,149.72500610351562,134.3861541748047,8053116,0.0,0.0
2012-08-09 00:00:00+05:30,150.25,151.75,149.625,151.16250610351562,135.67637634277344,9873120,0.0,0.0
2012-08-10 00:00:00+05:30,150.0,151.72500610351562,149.91250610351562,150.53750610351562,135.1154327392578,15127420,0.0,0.0
2012-08-13 00:00:00+05:30,150.0,152.375,150.0,151.8625030517578,136.30467224121094,8421704,0.0,0.0
2012-08-14 00:00:00+05:30,151.7624969482422,152.25,150.8125,152.03750610351562,136.4617462158203,11225568,0.0,0.0
2012-08-16 00:00:00+05:30,152.0,152.03750610351562,149.46249389648438,150.0124969482422,134.64418029785156,8143296,0.0,0.0
2012-08-17 00:00:00+05:30,149.64999389648438,150.5625,147.9499969482422,148.77499389648438,133.5334930419922,7686156,0.0,0.0
2012-08-21 00:00:00+05:30,148.75,149.625,147.0500030517578,149.10000610351562,133.82516479492188,8340840,0.0,0.0
2012-08-22 00:00:00+05:30,148.60000610351562,150.1125030517578,147.83749389648438,149.22500610351562,133.9373779296875,9580860,0.0,0.0
2012-08-23 00:00:00+05:30,149.85000610351562,151.1374969482422,148.8125,149.4250030517578,134.1168975830078,9425048,0.0,0.0
2012-08-24 00:00:00+05:30,148.375,150.10000610351562,148.3125,149.0749969482422,133.802734375,6708376,0.0,0.0
2012-08-27 00:00:00+05:30,148.75,149.72500610351562,148.0124969482422,148.58749389648438,133.3651885986328,4046724,0.0,0.0
2012-08-28 00:00:00+05:30,148.22500610351562,148.6374969482422,146.625,147.33749389648438,132.2432403564453,8895964,0.0,0.0
2012-08-29 00:00:00+05:30,147.3125,148.9499969482422,146.5625,147.1374969482422,132.06370544433594,6729628,0.0,0.0
2012-08-30 00:00:00+05:30,146.5,150.5,146.5,148.97500610351562,133.71298217773438,22716404,0.0,0.0
2012-08-31 00:00:00+05:30,147.58749389648438,150.0,147.3125,148.83749389648438,133.58961486816406,12506740,0.0,0.0
2012-09-03 00:00:00+05:30,149.3874969482422,149.4499969482422,147.0,147.6125030517578,132.49005126953125,7437816,0.0,0.0
2012-09-04 00:00:00+05:30,147.6374969482422,148.08749389648438,146.8000030517578,147.52499389648438,132.41151428222656,5772588,0.0,0.0
2012-09-05 00:00:00+05:30,147.0,149.0,146.83749389648438,148.02499389648438,132.8603057861328,12158472,0.0,0.0
2012-09-06 00:00:00+05:30,147.52499389648438,148.375,146.52499389648438,147.03750610351562,131.97396850585938,5097452,0.0,0.0
2012-09-07 00:00:00+05:30,148.5625,148.75,146.4250030517578,147.60000610351562,132.47885131835938,11205148,0.0,0.0
2012-09-10 00:00:00+05:30,147.875,149.25,147.33749389648438,147.78750610351562,132.64715576171875,6034892,0.0,0.0
2012-09-11 00:00:00+05:30,147.1875,149.25,145.83749389648438,148.60000610351562,133.37640380859375,6311544,0.0,0.0
2012-09-12 00:00:00+05:30,148.8125,150.0,148.47500610351562,149.8000030517578,134.4534912109375,6391016,0.0,0.0
2012-09-13 00:00:00+05:30,150.25,150.375,148.3874969482422,149.8000030517578,134.4534912109375,3399760,0.0,0.0
2012-09-14 00:00:00+05:30,151.64999389648438,153.6875,150.2375030517578,153.1875,137.49392700195312,25771220,0.0,0.0
2012-09-17 00:00:00+05:30,154.75,154.9875030517578,151.375,152.0749969482422,136.4954071044922,21086848,0.0,0.0
2012-09-18 00:00:00+05:30,152.0749969482422,153.0,150.96249389648438,151.3625030517578,135.8559112548828,10039176,0.0,0.0
2012-09-20 00:00:00+05:30,150.5,152.5,150.25,151.72500610351562,136.18124389648438,10491328,0.0,0.0
2012-09-21 00:00:00+05:30,152.1750030517578,157.25,151.27499389648438,156.28750610351562,140.27635192871094,23602848,0.0,0.0
2012-09-24 00:00:00+05:30,156.375,159.22500610351562,155.6999969482422,158.75,142.486572265625,17574880,0.0,0.0
2012-09-25 00:00:00+05:30,158.25,159.72500610351562,156.53750610351562,159.22500610351562,142.91290283203125,11686144,0.0,0.0
2012-09-26 00:00:00+05:30,158.71249389648438,159.14999389648438,156.03750610351562,157.6875,141.53292846679688,10730508,0.0,0.0
2012-09-27 00:00:00+05:30,158.25,159.25,156.3000030517578,157.6999969482422,141.54415893554688,15861744,0.0,0.0
2012-09-28 00:00:00+05:30,157.97500610351562,158.5749969482422,156.52499389648438,157.28750610351562,141.1739044189453,11007688,0.0,0.0
2012-10-01 00:00:00+05:30,157.25,158.0,155.0,155.71249389648438,139.76025390625,8054784,0.0,0.0
2012-10-03 00:00:00+05:30,156.0,156.6999969482422,154.4875030517578,154.8625030517578,138.9973602294922,11032228,0.0,0.0
2012-10-04 00:00:00+05:30,155.375,158.47500610351562,155.3625030517578,157.8249969482422,141.6563262939453,12652064,0.0,0.0
2012-10-05 00:00:00+05:30,159.5,159.66250610351562,126.26249694824219,155.60000610351562,139.6593017578125,14947024,0.0,0.0
2012-10-08 00:00:00+05:30,155.97500610351562,155.97500610351562,154.1374969482422,155.1750030517578,139.27780151367188,9290672,0.0,0.0
2012-10-09 00:00:00+05:30,156.2375030517578,157.625,155.5,156.4375,140.41099548339844,4310768,0.0,0.0
2012-10-10 00:00:00+05:30,156.0,156.0,154.0500030517578,154.4875030517578,138.66075134277344,4295016,0.0,0.0
2012-10-11 00:00:00+05:30,155.28750610351562,156.9499969482422,154.6125030517578,156.21249389648438,140.20901489257812,9812932,0.0,0.0
2012-10-12 00:00:00+05:30,157.5,158.75,156.5,157.78750610351562,141.62266540527344,15506408,0.0,0.0
2012-10-15 00:00:00+05:30,158.10000610351562,158.72500610351562,155.64999389648438,158.53750610351562,142.29583740234375,7572068,0.0,0.0
2012-10-16 00:00:00+05:30,158.8125,158.875,157.02499389648438,157.60000610351562,141.4543914794922,7273836,0.0,0.0
2012-10-17 00:00:00+05:30,158.0,158.125,156.625,157.02499389648438,140.93826293945312,6433772,0.0,0.0
2012-10-18 00:00:00+05:30,157.5,159.47500610351562,156.1125030517578,159.0500030517578,142.75584411621094,5618460,0.0,0.0
2012-10-19 00:00:00+05:30,158.0,158.75,156.75,157.125,141.02804565429688,9055400,0.0,0.0
2012-10-22 00:00:00+05:30,156.3000030517578,160.0,156.3000030517578,159.75,143.38412475585938,8241404,0.0,0.0
2012-10-23 00:00:00+05:30,159.7624969482422,159.875,158.125,158.52499389648438,142.2846221923828,8332960,0.0,0.0
2012-10-25 00:00:00+05:30,158.16250610351562,160.25,157.25,159.33749389648438,143.0138397216797,17011340,0.0,0.0
2012-10-29 00:00:00+05:30,159.46249389648438,160.625,158.8874969482422,160.14999389648438,143.7431182861328,5512328,0.0,0.0
2012-10-30 00:00:00+05:30,159.2624969482422,161.1999969482422,157.64999389648438,158.41250610351562,142.1836700439453,8834904,0.0,0.0
2012-10-31 00:00:00+05:30,158.52499389648438,158.97500610351562,157.5124969482422,158.5500030517578,142.3070526123047,7492968,0.0,0.0
2012-11-01 00:00:00+05:30,158.1875,158.9250030517578,156.875,157.14999389648438,141.05050659179688,7058460,0.0,0.0
2012-11-02 00:00:00+05:30,159.5,159.5,157.0,157.5749969482422,141.43194580078125,5432772,0.0,0.0
2012-11-05 00:00:00+05:30,158.0,159.0,157.6875,158.75,142.486572265625,4022128,0.0,0.0
2012-11-06 00:00:00+05:30,158.4875030517578,160.3000030517578,158.4875030517578,159.8874969482422,143.50753784179688,7278084,0.0,0.0
2012-11-07 00:00:00+05:30,159.9375,161.25,159.22500610351562,160.0124969482422,143.61972045898438,8200660,0.0,0.0
2012-11-08 00:00:00+05:30,159.125,160.25,158.875,159.75,143.38412475585938,3867800,0.0,0.0
2012-11-09 00:00:00+05:30,159.5625,160.75,158.75,159.83749389648438,143.46266174316406,4420776,0.0,0.0
2012-11-12 00:00:00+05:30,159.3125,163.4499969482422,159.3125,162.8249969482422,146.14407348632812,9657456,0.0,0.0
2012-11-15 00:00:00+05:30,161.75,161.85000610351562,159.75,161.5625,145.0109405517578,9442340,0.0,0.0
2012-11-16 00:00:00+05:30,160.75,162.14999389648438,160.03750610351562,160.5625,144.11338806152344,12102824,0.0,0.0
2012-11-19 00:00:00+05:30,159.9375,161.97500610351562,159.8625030517578,161.6875,145.12313842773438,5787948,0.0,0.0
2012-11-20 00:00:00+05:30,162.27499389648438,163.97500610351562,162.0625,163.46249389648438,146.71629333496094,9353388,0.0,0.0
2012-11-21 00:00:00+05:30,163.78750610351562,166.375,162.4250030517578,165.9250030517578,148.92652893066406,12929784,0.0,0.0
2012-11-22 00:00:00+05:30,166.6999969482422,167.78750610351562,166.0,167.27499389648438,150.13816833496094,8440964,0.0,0.0
2012-11-23 00:00:00+05:30,167.375,168.14999389648438,164.7624969482422,167.4375,150.28408813476562,5249712,0.0,0.0
2012-11-26 00:00:00+05:30,168.25,168.4250030517578,165.02499389648438,165.47500610351562,148.5226287841797,5481536,0.0,0.0
2012-11-27 00:00:00+05:30,166.22500610351562,170.9499969482422,166.22500610351562,170.125,152.6962432861328,16502672,0.0,0.0
2012-11-29 00:00:00+05:30,169.375,175.9375,168.85000610351562,174.96249389648438,157.0381622314453,25199452,0.0,0.0
2012-11-30 00:00:00+05:30,175.25,176.375,172.39999389648438,175.9875030517578,157.95816040039062,15639292,0.0,0.0
2012-12-03 00:00:00+05:30,175.0,175.28750610351562,171.0,171.7375030517578,154.14353942871094,11636340,0.0,0.0
2012-12-04 00:00:00+05:30,171.02499389648438,172.5,170.2624969482422,171.28750610351562,153.7396240234375,8679488,0.0,0.0
2012-12-05 00:00:00+05:30,172.25,173.75,171.75,173.14999389648438,155.41134643554688,9219860,0.0,0.0
2012-12-06 00:00:00+05:30,173.9499969482422,174.625,170.1999969482422,173.6875,155.89376831054688,10904552,0.0,0.0
2012-12-07 00:00:00+05:30,173.8125,174.5,172.0,173.27499389648438,155.52352905273438,7936632,0.0,0.0
2012-12-10 00:00:00+05:30,172.5,174.125,172.41250610351562,173.25,155.5010986328125,8324104,0.0,0.0
2012-12-11 00:00:00+05:30,173.8125,174.75,171.5749969482422,172.71249389648438,155.01864624023438,13500552,0.0,0.0
2012-12-12 00:00:00+05:30,172.8125,174.0,172.125,173.46249389648438,155.6918182373047,7736504,0.0,0.0
2012-12-13 00:00:00+05:30,173.46249389648438,174.0,172.25,172.7624969482422,155.0635223388672,6283232,0.0,0.0
2012-12-14 00:00:00+05:30,172.5124969482422,173.60000610351562,171.33749389648438,172.1875,154.54747009277344,8373892,0.0,0.0
2012-12-17 00:00:00+05:30,171.97500610351562,171.97500610351562,168.39999389648438,169.125,151.79867553710938,12230212,0.0,0.0
2012-12-18 00:00:00+05:30,169.4875030517578,170.5500030517578,167.4375,168.9875030517578,151.67529296875,13375072,0.0,0.0
2012-12-19 00:00:00+05:30,168.6374969482422,172.3125,168.625,172.0,154.37911987304688,16489012,0.0,0.0
2012-12-20 00:00:00+05:30,171.5,171.75,170.0625,170.85000610351562,153.3469696044922,10260748,0.0,0.0
2012-12-21 00:00:00+05:30,170.25,170.5,168.5124969482422,169.0,151.6864776611328,11086244,0.0,0.0
2012-12-24 00:00:00+05:30,170.0,170.03750610351562,167.9499969482422,169.02499389648438,151.7089080810547,5482252,0.0,0.0
2012-12-26 00:00:00+05:30,169.52499389648438,171.21249389648438,168.27499389648438,170.0749969482422,152.65138244628906,5723216,0.0,0.0
2012-12-27 00:00:00+05:30,171.0,171.0,169.1750030517578,170.02499389648438,152.6064453125,9858168,0.0,0.0
2012-12-28 00:00:00+05:30,170.27499389648438,170.75,168.53750610351562,169.41250610351562,152.05674743652344,7024264,0.0,0.0
2012-12-31 00:00:00+05:30,169.25,170.0,168.5,169.64999389648438,152.26988220214844,5107288,0.0,0.0
2013-01-01 00:00:00+05:30,170.52499389648438,171.27499389648438,169.91250610351562,171.125,153.5937957763672,4029212,0.0,0.0
2013-01-02 00:00:00+05:30,172.47500610351562,172.5,170.7624969482422,171.83749389648438,154.23330688476562,9709596,0.0,0.0
2013-01-03 00:00:00+05:30,172.5,172.5,170.10000610351562,170.83749389648438,153.33575439453125,9142732,0.0,0.0
2013-01-04 00:00:00+05:30,171.25,171.25,168.1999969482422,169.83749389648438,152.4381866455078,10884508,0.0,0.0
2013-01-07 00:00:00+05:30,170.9250030517578,170.9250030517578,166.5,167.0500030517578,149.93629455566406,11004568,0.0,0.0
2013-01-08 00:00:00+05:30,167.0,168.35000610351562,166.4250030517578,167.5625,150.39625549316406,9885196,0.0,0.0
2013-01-09 00:00:00+05:30,168.0,168.1374969482422,166.5124969482422,166.875,149.77920532226562,12871964,0.0,0.0
2013-01-10 00:00:00+05:30,167.375,169.5,166.625,168.9499969482422,151.6416015625,9130368,0.0,0.0
2013-01-11 00:00:00+05:30,169.22500610351562,169.22500610351562,166.6750030517578,167.3249969482422,150.18310546875,10283428,0.0,0.0
2013-01-14 00:00:00+05:30,167.03750610351562,167.625,166.77499389648438,167.3249969482422,150.18310546875,11389748,0.0,0.0
2013-01-15 00:00:00+05:30,167.6999969482422,168.8625030517578,166.25,167.0749969482422,149.95870971679688,8263376,0.0,0.0
2013-01-16 00:00:00+05:30,166.3874969482422,167.3000030517578,164.39999389648438,165.125,148.20849609375,9150756,0.0,0.0
2013-01-17 00:00:00+05:30,164.4250030517578,167.71249389648438,163.5124969482422,166.6999969482422,149.6221466064453,12844144,0.0,0.0
2013-01-18 00:00:00+05:30,167.5,168.5,163.8249969482422,165.71249389648438,148.7357940673828,20224692,0.0,0.0
2013-01-21 00:00:00+05:30,165.0,165.85000610351562,163.6875,164.6374969482422,147.77090454101562,10854720,0.0,0.0
2013-01-22 00:00:00+05:30,164.625,165.25,161.8874969482422,163.4375,146.69384765625,8486128,0.0,0.0
2013-01-23 00:00:00+05:30,164.25,165.75,163.58749389648438,164.14999389648438,147.3333740234375,7079740,0.0,0.0
2013-01-24 00:00:00+05:30,163.89999389648438,165.6875,163.8125,165.0749969482422,148.16360473632812,6147960,0.0,0.0
2013-01-25 00:00:00+05:30,165.0749969482422,166.75,163.8874969482422,166.2624969482422,149.2294464111328,5589732,0.0,0.0
2013-01-28 00:00:00+05:30,166.3125,168.0,166.1125030517578,167.58749389648438,150.41868591308594,7368020,0.0,0.0
2013-01-29 00:00:00+05:30,167.6875,167.72500610351562,162.5,163.1125030517578,146.4021453857422,11961748,0.0,0.0
2013-01-30 00:00:00+05:30,163.25,164.60000610351562,161.0,164.16250610351562,147.34458923339844,10039632,0.0,0.0
2013-01-31 00:00:00+05:30,164.14999389648438,164.47500610351562,160.02499389648438,160.7624969482422,144.2928924560547,13888384,0.0,0.0
2013-02-01 00:00:00+05:30,161.1999969482422,161.21249389648438,159.0500030517578,160.03750610351562,143.64219665527344,10484144,0.0,0.0
2013-02-04 00:00:00+05:30,160.28750610351562,162.375,160.0,161.72500610351562,145.15679931640625,10475800,0.0,0.0
2013-02-05 00:00:00+05:30,159.08749389648438,161.8000030517578,159.08749389648438,161.03750610351562,144.53973388671875,7460020,0.0,0.0
2013-02-06 00:00:00+05:30,161.64999389648438,161.72500610351562,159.3000030517578,159.875,143.496337890625,9873588,0.0,0.0
2013-02-07 00:00:00+05:30,159.0749969482422,160.75,158.6374969482422,160.375,143.94509887695312,9082836,0.0,0.0
2013-02-08 00:00:00+05:30,160.125,163.35000610351562,160.125,162.5124969482422,145.86361694335938,18826656,0.0,0.0
2013-02-11 00:00:00+05:30,162.5,164.9875030517578,162.5,164.2375030517578,147.41192626953125,15167060,0.0,0.0
2013-02-12 00:00:00+05:30,163.91250610351562,166.75,163.91250610351562,166.3000030517578,149.26312255859375,15832836,0.0,0.0
2013-02-13 00:00:00+05:30,165.8249969482422,166.85000610351562,164.875,166.0500030517578,149.03871154785156,14508832,0.0,0.0
2013-02-14 00:00:00+05:30,166.0,169.60000610351562,165.5,168.6999969482422,151.41722106933594,17684152,0.0,0.0
2013-02-15 00:00:00+05:30,167.9250030517578,170.1999969482422,167.0500030517578,169.1875,151.8548126220703,12488780,0.0,0.0
2013-02-18 00:00:00+05:30,169.5,170.22500610351562,168.5,169.0,151.6864776611328,9469164,0.0,0.0
2013-02-19 00:00:00+05:30,168.625,169.35000610351562,167.8874969482422,168.6999969482422,151.41722106933594,2374812,0.0,0.0
2013-02-20 00:00:00+05:30,169.375,170.1999969482422,168.72500610351562,169.2375030517578,151.899658203125,6861684,0.0,0.0
2013-02-21 00:00:00+05:30,168.75,169.3625030517578,166.0124969482422,166.5625,149.4987030029297,10871872,0.0,0.0
2013-02-22 00:00:00+05:30,165.5500030517578,166.60000610351562,164.3874969482422,164.8249969482422,147.93919372558594,7708384,0.0,0.0
2013-02-25 00:00:00+05:30,165.8125,166.3000030517578,163.52499389648438,164.1125030517578,147.29969787597656,7552944,0.0,0.0
2013-02-26 00:00:00+05:30,163.6999969482422,165.75,161.35000610351562,162.8125,146.1328582763672,11742640,0.0,0.0
2013-02-27 00:00:00+05:30,163.0749969482422,163.5,160.22500610351562,160.6875,144.22557067871094,12871336,0.0,0.0
2013-02-28 00:00:00+05:30,161.7375030517578,163.7375030517578,154.83749389648438,156.33749389648438,140.3212127685547,27887004,0.0,0.0
2013-03-01 00:00:00+05:30,156.25,157.39999389648438,154.0749969482422,155.625,139.6817169189453,17220728,0.0,0.0
2013-03-04 00:00:00+05:30,155.08749389648438,157.5749969482422,154.5,156.91250610351562,140.8373260498047,11969800,0.0,0.0
2013-03-05 00:00:00+05:30,157.72500610351562,158.6750030517578,155.78750610351562,158.2375030517578,142.02658081054688,10557580,0.0,0.0
2013-03-06 00:00:00+05:30,158.7375030517578,159.28750610351562,157.25,157.625,141.476806640625,10933316,0.0,0.0
2013-03-07 00:00:00+05:30,157.08749389648438,160.7375030517578,156.78750610351562,160.4499969482422,144.0124053955078,5950984,0.0,0.0
2013-03-08 00:00:00+05:30,161.0500030517578,165.0,160.85000610351562,164.3249969482422,147.49044799804688,10596860,0.0,0.0
2013-03-11 00:00:00+05:30,164.3249969482422,164.9250030517578,162.5625,163.8125,147.03041076660156,8504584,0.0,0.0
2013-03-12 00:00:00+05:30,163.25,163.9250030517578,160.02499389648438,161.0,144.50607299804688,6895724,0.0,0.0
2013-03-13 00:00:00+05:30,160.2624969482422,161.47500610351562,158.0500030517578,158.72500610351562,142.46412658691406,7913372,0.0,0.0
2013-03-14 00:00:00+05:30,158.72500610351562,163.375,153.83749389648438,162.3125,145.68408203125,31914436,0.0,0.0
2013-03-15 00:00:00+05:30,161.25,162.47500610351562,158.4499969482422,159.85000610351562,143.47389221191406,15439608,0.0,0.0
2013-03-18 00:00:00+05:30,158.25,163.5,157.5,160.8249969482422,144.34898376464844,17561924,0.0,0.0
2013-03-19 00:00:00+05:30,160.75,160.9499969482422,156.0,157.8874969482422,141.71240234375,20028460,0.0,0.0
2013-03-20 00:00:00+05:30,158.0,158.3625030517578,155.25,156.375,140.35488891601562,11336436,0.0,0.0
2013-03-21 00:00:00+05:30,155.66250610351562,157.1999969482422,150.9375,151.75,136.20372009277344,14452588,0.0,0.0
2013-03-22 00:00:00+05:30,152.25,153.64999389648438,150.64999389648438,151.3125,135.81103515625,29525900,0.0,0.0
2013-03-25 00:00:00+05:30,152.75,153.33749389648438,151.8874969482422,152.35000610351562,136.74221801757812,27198976,0.0,0.0
2013-03-26 00:00:00+05:30,151.5,154.375,150.6374969482422,153.625,137.8865966796875,13274404,0.0,0.0
2013-03-28 00:00:00+05:30,154.125,157.78750610351562,151.7375030517578,156.33749389648438,140.3212127685547,19496092,0.0,0.0
2013-04-01 00:00:00+05:30,156.16250610351562,157.25,155.25,155.96249389648438,139.98464965820312,6708772,0.0,0.0
2013-04-02 00:00:00+05:30,156.25,158.5749969482422,154.47500610351562,157.47500610351562,141.3422088623047,6857420,0.0,0.0
2013-04-03 00:00:00+05:30,157.0,157.91250610351562,154.875,155.91250610351562,139.93975830078125,6703616,0.0,0.0
2013-04-04 00:00:00+05:30,154.6999969482422,155.85000610351562,153.3625030517578,154.03750610351562,138.25685119628906,8181984,0.0,0.0
2013-04-05 00:00:00+05:30,153.7375030517578,156.60000610351562,153.35000610351562,155.2375030517578,139.33389282226562,12959920,0.0,0.0
2013-04-08 00:00:00+05:30,154.7375030517578,157.2375030517578,154.4375,156.1125030517578,140.1192626953125,8652128,0.0,0.0
2013-04-09 00:00:00+05:30,157.02499389648438,157.02499389648438,154.35000610351562,155.14999389648438,139.25537109375,14760408,0.0,0.0
2013-04-10 00:00:00+05:30,156.6999969482422,158.41250610351562,154.7375030517578,158.0,141.8134002685547,15144504,0.0,0.0
2013-04-11 00:00:00+05:30,158.125,160.5,157.97500610351562,159.8125,143.44024658203125,25066068,0.0,0.0
2013-04-12 00:00:00+05:30,159.02499389648438,161.46249389648438,159.02499389648438,160.9250030517578,144.43875122070312,15206080,0.0,0.0
2013-04-15 00:00:00+05:30,160.52499389648438,160.8625030517578,158.75,160.3874969482422,143.95631408691406,15923768,0.0,0.0
2013-04-16 00:00:00+05:30,160.75,166.46249389648438,160.58749389648438,165.83749389648438,148.8479766845703,13740312,0.0,0.0
2013-04-17 00:00:00+05:30,166.25,167.96249389648438,164.1999969482422,165.02499389648438,148.1187286376953,14956948,0.0,0.0
2013-04-18 00:00:00+05:30,163.5,168.85000610351562,163.5,168.39999389648438,151.14794921875,9223784,0.0,0.0
2013-04-22 00:00:00+05:30,168.6750030517578,175.5,168.6750030517578,174.5749969482422,156.69039916992188,19860152,0.0,0.0
2013-04-23 00:00:00+05:30,174.6999969482422,175.0,169.6999969482422,172.25,154.60353088378906,23863560,0.0,0.0
2013-04-25 00:00:00+05:30,173.08749389648438,173.75,170.0124969482422,172.3874969482422,154.72694396972656,25895124,0.0,0.0
2013-04-26 00:00:00+05:30,171.91250610351562,173.0625,170.75,172.27499389648438,154.62599182128906,8568744,0.0,0.0
2013-04-29 00:00:00+05:30,172.0625,174.21249389648438,171.625,173.78750610351562,155.98355102539062,11675432,0.0,0.0
2013-04-30 00:00:00+05:30,173.5,173.9875030517578,169.1999969482422,170.5749969482422,153.10012817382812,12552272,0.0,0.0
2013-05-02 00:00:00+05:30,171.10000610351562,173.5,170.5749969482422,173.125,155.38890075683594,12303268,0.0,0.0
2013-05-03 00:00:00+05:30,173.14999389648438,173.5,169.66250610351562,170.2375030517578,152.79722595214844,12286584,0.0,0.0
2013-05-06 00:00:00+05:30,169.75,169.8249969482422,167.4875030517578,168.875,151.5742950439453,7673460,0.0,0.0
2013-05-07 00:00:00+05:30,169.0749969482422,172.47500610351562,168.125,172.0124969482422,154.390380859375,11098464,0.0,0.0
2013-05-08 00:00:00+05:30,172.25,174.875,171.625,174.28750610351562,156.4322967529297,8653956,0.0,0.0
2013-05-09 00:00:00+05:30,174.7624969482422,174.875,172.0500030517578,172.5124969482422,154.83914184570312,4523360,0.0,0.0
2013-05-10 00:00:00+05:30,172.1750030517578,176.22500610351562,172.16250610351562,175.83749389648438,157.823486328125,13913256,0.0,0.0
2013-05-13 00:00:00+05:30,176.25,177.8625030517578,172.6999969482422,173.1875,155.44497680664062,9593972,0.0,0.0
2013-05-14 00:00:00+05:30,172.5124969482422,173.72500610351562,171.27499389648438,172.2624969482422,154.61476135253906,6653676,0.0,0.0
2013-05-15 00:00:00+05:30,173.375,179.0,172.83749389648438,178.71249389648438,160.4039764404297,14173480,0.0,0.0
2013-05-16 00:00:00+05:30,178.0,181.0,177.75,180.6999969482422,162.18788146972656,11660616,0.0,0.0
2013-05-17 00:00:00+05:30,180.625,180.625,177.3000030517578,179.72500610351562,161.31275939941406,12819852,0.0,0.0
2013-05-20 00:00:00+05:30,179.875,181.0,178.03750610351562,178.625,160.325439453125,5841608,0.0,0.0
2013-05-21 00:00:00+05:30,178.5,179.5,176.2624969482422,176.9499969482422,158.82203674316406,9206500,0.0,0.0
2013-05-22 00:00:00+05:30,176.875,178.0,174.5,175.8625030517578,157.845947265625,5412112,0.0,0.0
2013-05-23 00:00:00+05:30,174.75,176.6125030517578,173.5749969482422,174.64999389648438,156.75765991210938,7905248,0.0,0.0
2013-05-24 00:00:00+05:30,176.4375,176.4375,173.5749969482422,175.33749389648438,157.37474060058594,8264240,0.0,0.0
2013-05-27 00:00:00+05:30,174.64999389648438,179.25,174.64999389648438,178.7624969482422,160.4488525390625,8995208,0.0,0.0
2013-05-28 00:00:00+05:30,178.5625,180.1999969482422,176.6999969482422,178.3249969482422,160.05618286132812,6707916,0.0,0.0
2013-05-29 00:00:00+05:30,177.5124969482422,179.6125030517578,175.96249389648438,178.9875030517578,160.65081787109375,4933492,0.0,0.0
2013-05-30 00:00:00+05:30,177.52499389648438,181.8249969482422,177.52499389648438,181.28750610351562,162.7151641845703,15357456,0.0,0.0
2013-05-31 00:00:00+05:30,179.3125,180.1750030517578,174.4250030517578,175.125,157.1840057373047,12332896,0.0,0.0
2013-06-03 00:00:00+05:30,174.5,175.35000610351562,171.6374969482422,172.28750610351562,154.63720703125,7890124,0.0,0.0
2013-06-04 00:00:00+05:30,171.8249969482422,173.4499969482422,170.25,170.7624969482422,153.2684326171875,5616324,0.0,0.0
2013-06-05 00:00:00+05:30,170.5,173.60000610351562,169.625,171.9875030517578,154.367919921875,7563676,0.0,0.0
2013-06-06 00:00:00+05:30,170.875,172.35000610351562,169.5,170.5500030517578,153.0777130126953,7116412,0.0,0.0
2013-06-07 00:00:00+05:30,170.4375,173.35000610351562,168.3000030517578,169.03750610351562,151.7201690673828,9556224,0.0,0.0
2013-06-10 00:00:00+05:30,170.2624969482422,171.75,167.875,169.08749389648438,151.76502990722656,6368012,0.0,0.0
2013-06-11 00:00:00+05:30,168.3625030517578,170.22500610351562,165.5500030517578,166.22500610351562,149.19577026367188,11820860,0.0,0.0
2013-06-12 00:00:00+05:30,165.5,168.35000610351562,164.6125030517578,165.9875030517578,148.98260498046875,9815652,0.0,0.0
2013-06-13 00:00:00+05:30,164.39999389648438,165.25,163.33749389648438,163.77499389648438,148.224609375,7149736,1.375,0.0
2013-06-14 00:00:00+05:30,165.5,167.1125030517578,164.8249969482422,166.2624969482422,150.4759521484375,14965212,0.0,0.0
2013-06-17 00:00:00+05:30,166.39999389648438,167.3000030517578,164.33749389648438,166.83749389648438,150.99632263183594,13070908,0.0,0.0
2013-06-18 00:00:00+05:30,167.0,167.0,163.75,164.3625030517578,148.75636291503906,12446568,0.0,0.0
2013-06-19 00:00:00+05:30,164.02499389648438,166.64999389648438,163.21249389648438,166.3000030517578,150.5098876953125,9646956,0.0,0.0
2013-06-20 00:00:00+05:30,164.71249389648438,164.71249389648438,158.64999389648438,159.14999389648438,144.0387725830078,15138044,0.0,0.0
2013-06-21 00:00:00+05:30,159.1999969482422,160.6374969482422,157.52499389648438,158.8125,143.73330688476562,17899844,0.0,0.0
2013-06-24 00:00:00+05:30,157.9499969482422,158.46249389648438,155.9375,156.33749389648438,141.49330139160156,10768052,0.0,0.0
2013-06-25 00:00:00+05:30,156.5,161.60000610351562,155.60000610351562,158.5,143.45050048828125,18686432,0.0,0.0
2013-06-26 00:00:00+05:30,157.875,159.41250610351562,155.0,155.71249389648438,140.92767333984375,10476020,0.0,0.0
2013-06-27 00:00:00+05:30,158.5,163.1750030517578,155.58749389648438,161.625,146.27874755859375,27003560,0.0,0.0
2013-06-28 00:00:00+05:30,162.375,168.3000030517578,162.27499389648438,167.375,151.48280334472656,21082680,0.0,0.0
2013-07-01 00:00:00+05:30,167.25,168.5,166.16250610351562,167.1875,151.31309509277344,9838684,0.0,0.0
2013-07-02 00:00:00+05:30,167.1750030517578,167.1875,163.5749969482422,164.1374969482422,148.55271911621094,9183152,0.0,0.0
2013-07-03 00:00:00+05:30,163.5,163.6750030517578,160.89999389648438,162.66250610351562,147.21775817871094,13386260,0.0,0.0
2013-07-04 00:00:00+05:30,163.4499969482422,164.3625030517578,161.4250030517578,163.78750610351562,148.23593139648438,9591060,0.0,0.0
2013-07-05 00:00:00+05:30,165.02499389648438,168.1875,164.625,166.9375,151.08685302734375,9543496,0.0,0.0
2013-07-08 00:00:00+05:30,166.0,166.8625030517578,163.1875,165.1125030517578,149.43516540527344,7169296,0.0,0.0
2013-07-09 00:00:00+05:30,165.5500030517578,168.4375,165.5500030517578,167.5749969482422,151.663818359375,7040192,0.0,0.0
2013-07-10 00:00:00+05:30,167.5625,167.97500610351562,164.03750610351562,164.8249969482422,149.1749267578125,7138580,0.0,0.0
2013-07-11 00:00:00+05:30,166.75,171.6750030517578,166.5124969482422,170.8125,154.5939483642578,10599568,0.0,0.0
2013-07-12 00:00:00+05:30,171.75,174.4250030517578,170.4499969482422,173.9375,157.42221069335938,15634852,0.0,0.0
2013-07-15 00:00:00+05:30,172.75,174.5124969482422,171.0,173.8625030517578,157.35433959960938,8511888,0.0,0.0
2013-07-16 00:00:00+05:30,169.75,171.125,167.4875030517578,169.6750030517578,153.5644073486328,11647384,0.0,0.0
2013-07-17 00:00:00+05:30,169.4499969482422,170.1999969482422,161.97500610351562,165.72500610351562,149.98947143554688,22633988,0.0,0.0
2013-07-18 00:00:00+05:30,167.47500610351562,172.125,164.2375030517578,171.02499389648438,154.78622436523438,13663880,0.0,0.0
2013-07-19 00:00:00+05:30,172.0124969482422,172.9875030517578,168.28750610351562,170.0,153.85858154296875,12458420,0.0,0.0
2013-07-22 00:00:00+05:30,169.0,171.75,169.0,170.5124969482422,154.3224334716797,6460432,0.0,0.0
2013-07-23 00:00:00+05:30,171.97500610351562,172.5,170.2624969482422,170.89999389648438,154.673095703125,7414784,0.0,0.0
2013-07-24 00:00:00+05:30,168.5,169.0,163.375,164.9875030517578,149.32200622558594,14628748,0.0,0.0
2013-07-25 00:00:00+05:30,165.16250610351562,166.5,162.53750610351562,163.46249389648438,147.94180297851562,16267256,0.0,0.0
2013-07-26 00:00:00+05:30,164.0,164.0625,159.5,161.02499389648438,145.73573303222656,9356492,0.0,0.0
2013-07-29 00:00:00+05:30,160.75,160.75,157.41250610351562,158.125,143.11109924316406,14922224,0.0,0.0
2013-07-30 00:00:00+05:30,157.6875,158.75,155.02499389648438,156.33749389648438,141.49330139160156,14691084,0.0,0.0
2013-07-31 00:00:00+05:30,155.25,155.4499969482422,151.72500610351562,152.4375,137.96360778808594,26824520,0.0,0.0
2013-08-01 00:00:00+05:30,153.47500610351562,159.4499969482422,153.10000610351562,158.0500030517578,143.043212890625,23446608,0.0,0.0
2013-08-02 00:00:00+05:30,157.5,158.6999969482422,156.71249389648438,157.8125,142.82826232910156,20015848,0.0,0.0
2013-08-05 00:00:00+05:30,157.8874969482422,158.8625030517578,153.75,158.1750030517578,143.15635681152344,13598372,0.0,0.0
2013-08-06 00:00:00+05:30,157.75,157.83749389648438,151.625,152.16250610351562,137.71475219726562,19645180,0.0,0.0
2013-08-07 00:00:00+05:30,152.4875030517578,153.58749389648438,150.0,150.3000030517578,136.02906799316406,22756456,0.0,0.0
2013-08-08 00:00:00+05:30,151.0,154.375,150.0,152.625,138.13331604003906,20461448,0.0,0.0
2013-08-12 00:00:00+05:30,152.5124969482422,152.6999969482422,149.66250610351562,150.5500030517578,136.25535583496094,15700868,0.0,0.0
2013-08-13 00:00:00+05:30,150.96249389648438,156.1999969482422,149.53750610351562,155.125,140.39593505859375,14702392,0.0,0.0
2013-08-14 00:00:00+05:30,155.5,155.91250610351562,152.16250610351562,155.33749389648438,140.5882568359375,14303708,0.0,0.0
2013-08-16 00:00:00+05:30,153.5,155.5,146.22500610351562,146.97500610351562,133.0198211669922,28059568,0.0,0.0
2013-08-19 00:00:00+05:30,146.75,147.14999389648438,142.5749969482422,146.1750030517578,132.29576110839844,20018440,0.0,0.0
2013-08-20 00:00:00+05:30,143.7375030517578,147.47500610351562,141.625,146.1875,132.30706787109375,25726984,0.0,0.0
2013-08-21 00:00:00+05:30,151.5,154.83749389648438,147.5,148.33749389648438,134.25289916992188,28908596,0.0,0.0
2013-08-22 00:00:00+05:30,147.25,150.9250030517578,142.5,147.1750030517578,133.20079040527344,30250692,0.0,0.0
2013-08-23 00:00:00+05:30,148.0,152.28750610351562,147.0749969482422,151.8874969482422,137.46583557128906,20698444,0.0,0.0
2013-08-26 00:00:00+05:30,153.08749389648438,155.6999969482422,150.6374969482422,152.8249969482422,138.3143310546875,14607608,0.0,0.0
2013-08-27 00:00:00+05:30,149.3249969482422,150.0,138.8625030517578,140.47500610351562,127.13697052001953,54708372,0.0,0.0
2013-08-28 00:00:00+05:30,138.9250030517578,143.0,132.0,140.4875030517578,127.14827728271484,37067552,0.0,0.0
2013-08-29 00:00:00+05:30,142.0,145.625,142.0,143.0124969482422,129.4335174560547,40771004,0.0,0.0
2013-08-30 00:00:00+05:30,142.75,150.0,142.66250610351562,148.5,134.40000915527344,36616916,0.0,0.0
2013-09-02 00:00:00+05:30,149.5,151.08749389648438,145.625,147.375,133.38180541992188,19515716,0.0,0.0
2013-09-03 00:00:00+05:30,149.22500610351562,149.22500610351562,139.2624969482422,140.6374969482422,127.28401184082031,18140008,0.0,0.0
2013-09-04 00:00:00+05:30,141.8625030517578,144.21249389648438,139.78750610351562,141.0124969482422,127.62342834472656,20941800,0.0,0.0
2013-09-05 00:00:00+05:30,146.0,155.72500610351562,146.0,152.375,137.9070587158203,33246248,0.0,0.0
2013-09-06 00:00:00+05:30,152.75,155.0,146.6875,154.0500030517578,139.4230194091797,18997216,0.0,0.0
2013-09-10 00:00:00+05:30,155.1374969482422,160.25,154.60000610351562,159.5,144.3555450439453,20298836,0.0,0.0
2013-09-11 00:00:00+05:30,158.25,162.5,156.3874969482422,161.8125,146.44847106933594,12690392,0.0,0.0
2013-09-12 00:00:00+05:30,160.625,161.5,156.89999389648438,158.4875030517578,143.439208984375,17676536,0.0,0.0
2013-09-13 00:00:00+05:30,158.1125030517578,158.625,155.25,157.3000030517578,142.3644561767578,15503120,0.0,0.0
2013-09-16 00:00:00+05:30,159.375,162.22500610351562,157.25,160.6999969482422,145.4416046142578,12139216,0.0,0.0
2013-09-17 00:00:00+05:30,159.5,161.25,158.39999389648438,160.5625,145.31715393066406,8432088,0.0,0.0
2013-09-18 00:00:00+05:30,160.89999389648438,163.72500610351562,157.78750610351562,162.625,147.183837890625,10989616,0.0,0.0
2013-09-19 00:00:00+05:30,170.0,172.47500610351562,169.0749969482422,170.8000030517578,154.5825958251953,29280904,0.0,0.0
2013-09-20 00:00:00+05:30,170.625,171.6125030517578,158.8125,164.7624969482422,149.1183624267578,24726152,0.0,0.0
2013-09-23 00:00:00+05:30,162.75,163.08749389648438,158.27499389648438,160.4875030517578,145.24929809570312,13985240,0.0,0.0
2013-09-24 00:00:00+05:30,158.2624969482422,161.08749389648438,157.4875030517578,159.6125030517578,144.45736694335938,18175188,0.0,0.0
2013-09-25 00:00:00+05:30,159.5,160.4250030517578,153.3000030517578,155.14999389648438,140.41856384277344,20980920,0.0,0.0
2013-09-26 00:00:00+05:30,155.33749389648438,156.5,154.5,155.28750610351562,140.54302978515625,22582440,0.0,0.0
2013-09-27 00:00:00+05:30,155.5,156.0,151.25,152.22500610351562,137.77130126953125,16408692,0.0,0.0
2013-09-30 00:00:00+05:30,151.5,153.21249389648438,146.9250030517578,148.2624969482422,134.18502807617188,17062428,0.0,0.0
2013-10-01 00:00:00+05:30,149.6999969482422,153.60000610351562,147.33749389648438,152.91250610351562,138.3935546875,12997108,0.0,0.0
2013-10-03 00:00:00+05:30,153.8249969482422,159.75,152.5,159.0500030517578,143.94827270507812,9772912,0.0,0.0
2013-10-04 00:00:00+05:30,158.875,161.85000610351562,158.75,160.1125030517578,144.90989685058594,13628376,0.0,0.0
2013-10-07 00:00:00+05:30,159.125,159.53750610351562,154.5625,158.5749969482422,143.5183563232422,9922000,0.0,0.0
2013-10-08 00:00:00+05:30,162.625,163.6374969482422,156.4499969482422,158.16250610351562,143.14505004882812,11768148,0.0,0.0
2013-10-09 00:00:00+05:30,156.3000030517578,162.72500610351562,155.75,162.28750610351562,146.8783721923828,8668760,0.0,0.0
2013-10-10 00:00:00+05:30,162.25,162.25,158.33749389648438,160.2624969482422,145.045654296875,8345284,0.0,0.0
2013-10-11 00:00:00+05:30,161.8249969482422,165.9375,159.83749389648438,165.3249969482422,149.62745666503906,13390264,0.0,0.0
2013-10-14 00:00:00+05:30,164.3874969482422,167.3249969482422,162.16250610351562,166.875,151.0302734375,12375720,0.0,0.0
2013-10-15 00:00:00+05:30,168.25,168.75,161.64999389648438,163.1125030517578,147.6250457763672,16143324,0.0,0.0
2013-10-17 00:00:00+05:30,163.25,164.9875030517578,160.6374969482422,163.5500030517578,148.02102661132812,14551588,0.0,0.0
2013-10-18 00:00:00+05:30,163.8125,169.8874969482422,163.8125,169.14999389648438,153.08924865722656,21281184,0.0,0.0
2013-10-21 00:00:00+05:30,168.5,169.6999969482422,165.6374969482422,167.8125,151.8787841796875,11225424,0.0,0.0
2013-10-22 00:00:00+05:30,167.75,168.4875030517578,166.3000030517578,167.25,151.36968994140625,8758096,0.0,0.0
2013-10-23 00:00:00+05:30,167.25,167.25,163.4499969482422,165.0500030517578,149.3785858154297,13544956,0.0,0.0
2013-10-24 00:00:00+05:30,164.0500030517578,168.9375,164.0500030517578,167.3249969482422,151.43756103515625,12321928,0.0,0.0
2013-10-25 00:00:00+05:30,166.3125,168.7375030517578,165.78750610351562,168.1374969482422,152.17291259765625,8946872,0.0,0.0
2013-10-28 00:00:00+05:30,168.25,168.75,166.35000610351562,166.97500610351562,151.12081909179688,8382088,0.0,0.0
2013-10-29 00:00:00+05:30,167.0,172.25,163.8874969482422,171.625,155.3292694091797,15222916,0.0,0.0
2013-10-30 00:00:00+05:30,171.5,171.875,168.9375,169.83749389648438,153.7114715576172,10188672,0.0,0.0
2013-10-31 00:00:00+05:30,169.0500030517578,171.2624969482422,168.35000610351562,170.1999969482422,154.03955078125,18195556,0.0,0.0
2013-11-01 00:00:00+05:30,170.39999389648438,172.0,169.5500030517578,170.9499969482422,154.71836853027344,15642444,0.0,0.0
2013-11-05 00:00:00+05:30,170.1125030517578,171.25,168.25,169.0625,153.0100860595703,14258472,0.0,0.0
2013-11-06 00:00:00+05:30,169.72500610351562,169.8000030517578,166.3125,167.22500610351562,151.3470458984375,4610652,0.0,0.0
2013-11-07 00:00:00+05:30,167.5,169.375,164.22500610351562,166.35000610351562,150.55514526367188,7789140,0.0,0.0
2013-11-08 00:00:00+05:30,165.85000610351562,166.91250610351562,161.16250610351562,163.125,147.63632202148438,13480760,0.0,0.0
2013-11-11 00:00:00+05:30,161.0,165.1750030517578,154.1750030517578,163.5625,148.03228759765625,11216304,0.0,0.0
2013-11-12 00:00:00+05:30,163.1374969482422,165.7624969482422,160.83749389648438,161.4875030517578,146.1543426513672,8980320,0.0,0.0
2013-11-13 00:00:00+05:30,159.75,161.8625030517578,157.08749389648438,158.4250030517578,143.3826141357422,10561084,0.0,0.0
2013-11-14 00:00:00+05:30,159.5,162.47500610351562,159.5,160.5500030517578,145.3058319091797,12626860,0.0,0.0
2013-11-18 00:00:00+05:30,162.85000610351562,167.5,162.2624969482422,167.1999969482422,151.32440185546875,14873920,0.0,0.0
2013-11-19 00:00:00+05:30,167.10000610351562,167.10000610351562,164.3625030517578,165.0124969482422,149.3446502685547,6789036,0.0,0.0
2013-11-20 00:00:00+05:30,164.1750030517578,164.75,161.60000610351562,162.3874969482422,146.96885681152344,8370096,0.0,0.0
2013-11-21 00:00:00+05:30,161.1374969482422,161.39999389648438,158.78750610351562,159.41250610351562,144.27633666992188,12787656,0.0,0.0
2013-11-22 00:00:00+05:30,160.625,161.72500610351562,158.77499389648438,160.53750610351562,145.29454040527344,7492384,0.0,0.0
2013-11-25 00:00:00+05:30,162.0124969482422,165.4375,162.0124969482422,164.9375,149.27674865722656,16150540,0.0,0.0
2013-11-26 00:00:00+05:30,164.4250030517578,164.97500610351562,162.10000610351562,163.2375030517578,147.7382049560547,14478516,0.0,0.0
2013-11-27 00:00:00+05:30,162.77499389648438,164.6875,161.02499389648438,163.3874969482422,147.87393188476562,8593012,0.0,0.0
2013-11-28 00:00:00+05:30,163.89999389648438,165.75,162.0124969482422,163.35000610351562,147.83999633789062,14773732,0.0,0.0
2013-11-29 00:00:00+05:30,163.75,167.22500610351562,163.75,165.3249969482422,149.62745666503906,9571080,0.0,0.0
2013-12-02 00:00:00+05:30,165.5,166.25,164.5124969482422,165.3249969482422,149.62745666503906,6858612,0.0,0.0
2013-12-03 00:00:00+05:30,165.0,165.5500030517578,163.16250610351562,163.9375,148.3717041015625,10288280,0.0,0.0
2013-12-04 00:00:00+05:30,163.72500610351562,164.8874969482422,163.3625030517578,164.39999389648438,148.79029846191406,10476608,0.0,0.0
2013-12-05 00:00:00+05:30,167.8874969482422,172.47500610351562,167.8874969482422,172.02499389648438,155.6912841796875,32019992,0.0,0.0
2013-12-06 00:00:00+05:30,171.22500610351562,172.39999389648438,169.5625,170.6750030517578,154.469482421875,16069232,0.0,0.0
2013-12-09 00:00:00+05:30,177.5,179.35000610351562,173.1374969482422,174.16250610351562,157.62586975097656,25265628,0.0,0.0
2013-12-10 00:00:00+05:30,173.08749389648438,175.46249389648438,172.5,174.1750030517578,157.63717651367188,25064880,0.0,0.0
2013-12-11 00:00:00+05:30,172.52499389648438,175.4499969482422,171.72500610351562,173.8874969482422,157.376953125,12289776,0.0,0.0
2013-12-12 00:00:00+05:30,173.3000030517578,175.1374969482422,172.625,173.8000030517578,157.29776000976562,12867696,0.0,0.0
2013-12-13 00:00:00+05:30,171.9499969482422,175.5,171.25,172.4875030517578,156.10989379882812,25316080,0.0,0.0
2013-12-16 00:00:00+05:30,172.0,172.72500610351562,170.3000030517578,171.08749389648438,154.8428192138672,21432244,0.0,0.0
2013-12-17 00:00:00+05:30,168.91250610351562,168.91250610351562,163.5124969482422,164.39999389648438,148.79029846191406,17942644,0.0,0.0
2013-12-18 00:00:00+05:30,162.625,170.16250610351562,162.3874969482422,166.5625,150.74745178222656,14087316,0.0,0.0
2013-12-19 00:00:00+05:30,169.75,170.9875030517578,162.60000610351562,163.1374969482422,147.6476287841797,10019516,0.0,0.0
2013-12-20 00:00:00+05:30,164.4499969482422,167.14999389648438,162.52499389648438,166.14999389648438,150.37411499023438,5722468,0.0,0.0
2013-12-23 00:00:00+05:30,164.5,167.875,164.25,166.1125030517578,150.3402099609375,5531232,0.0,0.0
2013-12-24 00:00:00+05:30,166.3874969482422,166.625,163.7624969482422,164.3249969482422,148.72242736816406,3554696,0.0,0.0
2013-12-26 00:00:00+05:30,164.96249389648438,168.0500030517578,164.22500610351562,167.2624969482422,151.3809814453125,8046760,0.0,0.0
2013-12-27 00:00:00+05:30,166.02499389648438,168.8625030517578,166.02499389648438,167.41250610351562,151.5167694091797,5464012,0.0,0.0
2013-12-30 00:00:00+05:30,169.1999969482422,169.25,166.28750610351562,167.375,151.48280334472656,4227604,0.0,0.0
2013-12-31 00:00:00+05:30,168.02499389648438,168.0749969482422,165.02499389648438,166.46249389648438,150.6569366455078,5261312,0.0,0.0
2014-01-01 00:00:00+05:30,167.0,167.4499969482422,165.75,166.28750610351562,150.49859619140625,4492436,0.0,0.0
2014-01-02 00:00:00+05:30,166.25,168.6875,163.3874969482422,164.25,148.65452575683594,7228992,0.0,0.0
2014-01-03 00:00:00+05:30,163.0,166.5,162.5,165.77499389648438,150.03472900390625,6513184,0.0,0.0
2014-01-06 00:00:00+05:30,165.75,165.75,164.25,165.4250030517578,149.7179718017578,5963420,0.0,0.0
2014-01-07 00:00:00+05:30,166.77499389648438,167.7375030517578,163.3249969482422,166.10000610351562,150.32888793945312,7896920,0.0,0.0
2014-01-08 00:00:00+05:30,166.3000030517578,166.7375030517578,165.0,166.1750030517578,150.396728515625,4649480,0.0,0.0
2014-01-09 00:00:00+05:30,165.8000030517578,166.5124969482422,164.27499389648438,165.7375030517578,150.0008087158203,3777472,0.0,0.0
2014-01-10 00:00:00+05:30,165.7375030517578,168.6750030517578,164.0749969482422,165.5124969482422,149.7971649169922,6150508,0.0,0.0
2014-01-13 00:00:00+05:30,165.02499389648438,169.2375030517578,164.22500610351562,168.21249389648438,152.24078369140625,4752580,0.0,0.0
2014-01-14 00:00:00+05:30,167.2624969482422,169.0,167.0749969482422,168.0749969482422,152.1163787841797,3577120,0.0,0.0
2014-01-15 00:00:00+05:30,168.25,170.6750030517578,167.39999389648438,170.1374969482422,153.98300170898438,4627840,0.0,0.0
2014-01-16 00:00:00+05:30,171.10000610351562,171.25,167.58749389648438,168.2624969482422,152.28602600097656,4501176,0.0,0.0
2014-01-17 00:00:00+05:30,168.75,168.75,164.7624969482422,166.25,150.46463012695312,43374856,0.0,0.0
2014-01-20 00:00:00+05:30,167.02499389648438,169.1750030517578,166.60000610351562,167.5124969482422,151.6072540283203,5600368,0.0,0.0
2014-01-21 00:00:00+05:30,168.2375030517578,169.6999969482422,167.5,169.02499389648438,152.97613525390625,6251924,0.0,0.0
2014-01-22 00:00:00+05:30,168.875,171.1750030517578,168.66250610351562,169.27499389648438,153.20240783691406,7033336,0.0,0.0
2014-01-23 00:00:00+05:30,168.75,170.27499389648438,168.1875,169.875,153.7454376220703,5482740,0.0,0.0
2014-01-24 00:00:00+05:30,167.5,168.7375030517578,165.9250030517578,168.35000610351562,152.36524963378906,8842900,0.0,0.0
2014-01-27 00:00:00+05:30,166.22500610351562,166.22500610351562,161.39999389648438,162.3000030517578,146.88966369628906,17060448,0.0,0.0
2014-01-28 00:00:00+05:30,162.0,164.0,159.64999389648438,161.1125030517578,145.81494140625,18395424,0.0,0.0
2014-01-29 00:00:00+05:30,161.875,162.72500610351562,160.1374969482422,161.3625030517578,146.0412139892578,10970924,0.0,0.0
2014-01-30 00:00:00+05:30,159.375,159.97500610351562,156.91250610351562,157.9499969482422,142.95269775390625,11425460,0.0,0.0
2014-01-31 00:00:00+05:30,157.5,159.0749969482422,156.27499389648438,157.125,142.20603942871094,9620984,0.0,0.0
2014-02-03 00:00:00+05:30,157.4875030517578,158.5,156.27499389648438,156.625,141.75350952148438,4776820,0.0,0.0
2014-02-04 00:00:00+05:30,155.41250610351562,158.875,154.1999969482422,157.64999389648438,142.68121337890625,7409304,0.0,0.0
2014-02-05 00:00:00+05:30,157.75,159.9499969482422,156.27499389648438,159.3625030517578,144.23109436035156,6905384,0.0,0.0
2014-02-06 00:00:00+05:30,159.6875,162.39999389648438,157.375,161.75,146.3918914794922,13466944,0.0,0.0
2014-02-07 00:00:00+05:30,163.10000610351562,163.625,160.52499389648438,161.9375,146.56161499023438,4029468,0.0,0.0
2014-02-10 00:00:00+05:30,161.91250610351562,162.53750610351562,159.0,160.97500610351562,145.69052124023438,6280820,0.0,0.0
2014-02-11 00:00:00+05:30,161.5,161.78750610351562,159.8249969482422,161.1999969482422,145.89410400390625,4464856,0.0,0.0
2014-02-12 00:00:00+05:30,161.64999389648438,163.1999969482422,160.91250610351562,161.3625030517578,146.0412139892578,6436960,0.0,0.0
2014-02-13 00:00:00+05:30,161.5,162.0,157.8125,158.125,143.11109924316406,3155200,0.0,0.0
2014-02-14 00:00:00+05:30,158.5,160.96249389648438,157.33749389648438,160.4499969482422,145.21531677246094,4249112,0.0,0.0
2014-02-17 00:00:00+05:30,160.5,163.0,160.27499389648438,162.60000610351562,147.1612091064453,3650120,0.0,0.0
2014-02-18 00:00:00+05:30,162.125,166.10000610351562,161.85000610351562,165.10000610351562,149.423828125,5019672,0.0,0.0
2014-02-19 00:00:00+05:30,164.0500030517578,168.0625,163.75,167.5124969482422,151.6072540283203,4060948,0.0,0.0
2014-02-20 00:00:00+05:30,166.4499969482422,166.8625030517578,165.21249389648438,165.6875,149.95553588867188,3448436,0.0,0.0
2014-02-21 00:00:00+05:30,164.96249389648438,167.39999389648438,164.9250030517578,166.10000610351562,150.32888793945312,3043872,0.0,0.0
2014-02-24 00:00:00+05:30,165.52499389648438,168.25,163.9375,167.75,151.8222198486328,5018984,0.0,0.0
2014-02-25 00:00:00+05:30,168.5,169.0,166.5,167.77499389648438,151.8448486328125,4020560,0.0,0.0
2014-02-26 00:00:00+05:30,167.5,169.8000030517578,167.1374969482422,169.35000610351562,153.27027893066406,4551340,0.0,0.0
2014-02-28 00:00:00+05:30,170.5,170.72500610351562,166.28750610351562,167.39999389648438,151.5054473876953,4903584,0.0,0.0
2014-03-03 00:00:00+05:30,166.3000030517578,168.0,165.8000030517578,166.5500030517578,150.7361602783203,3678432,0.0,0.0
2014-03-04 00:00:00+05:30,166.5,168.46249389648438,166.0625,167.9250030517578,151.98057556152344,6443868,0.0,0.0
2014-03-05 00:00:00+05:30,168.375,168.75,165.625,167.4375,151.53939819335938,4006984,0.0,0.0
2014-03-06 00:00:00+05:30,168.25,169.4250030517578,167.02499389648438,168.89999389648438,152.8629913330078,4948680,0.0,0.0
2014-03-07 00:00:00+05:30,169.89999389648438,178.72500610351562,169.0500030517578,177.8625030517578,160.97451782226562,22767568,0.0,0.0
2014-03-10 00:00:00+05:30,176.625,184.22500610351562,175.0,183.6125030517578,166.1785430908203,26123852,0.0,0.0
2014-03-11 00:00:00+05:30,183.625,185.0,179.8874969482422,181.28750610351562,164.07431030273438,13000472,0.0,0.0
2014-03-12 00:00:00+05:30,180.3125,183.25,179.125,181.3874969482422,164.1648406982422,7110216,0.0,0.0
2014-03-13 00:00:00+05:30,181.875,187.375,181.875,185.58749389648438,167.96603393554688,11448452,0.0,0.0
2014-03-14 00:00:00+05:30,183.75,184.97500610351562,181.0,183.03750610351562,165.658203125,12208480,0.0,0.0
2014-03-18 00:00:00+05:30,183.85000610351562,186.1999969482422,182.0749969482422,183.5,166.0767822265625,8102724,0.0,0.0
2014-03-19 00:00:00+05:30,185.0,185.8249969482422,183.9375,184.6125030517578,167.08364868164062,6055136,0.0,0.0
2014-03-20 00:00:00+05:30,184.6125030517578,184.6125030517578,182.0,182.5500030517578,165.21694946289062,5195084,0.0,0.0
2014-03-21 00:00:00+05:30,183.78750610351562,184.375,182.8000030517578,183.46249389648438,166.04281616210938,7525592,0.0,0.0
2014-03-24 00:00:00+05:30,183.625,188.22500610351562,183.5,187.66250610351562,169.84402465820312,11713860,0.0,0.0
2014-03-25 00:00:00+05:30,187.5,190.1374969482422,186.9375,187.53750610351562,169.7309112548828,8031092,0.0,0.0
2014-03-26 00:00:00+05:30,188.1999969482422,189.0749969482422,186.02499389648438,186.5124969482422,168.80320739746094,9409312,0.0,0.0
2014-03-27 00:00:00+05:30,187.5,190.1875,185.5,186.6875,168.9615936279297,24554932,0.0,0.0
2014-03-28 00:00:00+05:30,187.4875030517578,188.52499389648438,183.7624969482422,186.2375030517578,168.55435180664062,12160900,0.0,0.0
2014-03-31 00:00:00+05:30,186.9875030517578,188.25,185.77499389648438,187.1999969482422,169.42544555664062,8262428,0.0,0.0
2014-04-01 00:00:00+05:30,187.875,188.3874969482422,183.1374969482422,184.52499389648438,167.00439453125,8051832,0.0,0.0
2014-04-02 00:00:00+05:30,186.2375030517578,186.5,180.47500610351562,182.97500610351562,165.6016082763672,10398752,0.0,0.0
2014-04-03 00:00:00+05:30,184.0,184.5,181.5625,182.1999969482422,164.90017700195312,5559704,0.0,0.0
2014-04-04 00:00:00+05:30,181.3874969482422,183.25,180.0124969482422,181.3625030517578,164.14222717285156,7422408,0.0,0.0
2014-04-07 00:00:00+05:30,181.25,183.0,180.77499389648438,181.33749389648438,164.1195831298828,11733156,0.0,0.0
2014-04-09 00:00:00+05:30,182.0124969482422,186.22500610351562,180.4375,185.46249389648438,167.85287475585938,10520384,0.0,0.0
2014-04-10 00:00:00+05:30,186.16250610351562,187.16250610351562,184.0,184.85000610351562,167.29856872558594,7494792,0.0,0.0
2014-04-11 00:00:00+05:30,183.5124969482422,186.1999969482422,183.47500610351562,184.53750610351562,167.01576232910156,5207952,0.0,0.0
2014-04-15 00:00:00+05:30,183.5749969482422,184.6999969482422,179.52499389648438,180.9875030517578,163.8028106689453,8371868,0.0,0.0
2014-04-16 00:00:00+05:30,180.8000030517578,182.9499969482422,180.27499389648438,181.4875030517578,164.25535583496094,3572392,0.0,0.0
2014-04-17 00:00:00+05:30,179.0625,180.3249969482422,176.8249969482422,179.6750030517578,162.6149139404297,12302328,0.0,0.0
2014-04-21 00:00:00+05:30,180.6750030517578,181.625,178.25,179.1125030517578,162.10586547851562,6987752,0.0,0.0
2014-04-22 00:00:00+05:30,180.47500610351562,182.39999389648438,179.35000610351562,181.8874969482422,164.6173553466797,11395824,0.0,0.0
2014-04-23 00:00:00+05:30,181.22500610351562,184.8625030517578,180.64999389648438,183.25,165.85047912597656,21025344,0.0,0.0
2014-04-24 00:00:00+05:30,183.25,183.25,183.25,183.25,165.85047912597656,0,0.0,0.0
2014-04-25 00:00:00+05:30,183.28750610351562,184.5,181.25,181.60000610351562,164.35714721679688,6212444,0.0,0.0
2014-04-28 00:00:00+05:30,180.5625,182.3125,180.1374969482422,181.3000030517578,164.08563232421875,4882860,0.0,0.0
2014-04-29 00:00:00+05:30,181.60000610351562,181.875,178.125,178.9499969482422,161.95875549316406,6641236,0.0,0.0
2014-04-30 00:00:00+05:30,179.0,182.47500610351562,177.91250610351562,180.3249969482422,163.20321655273438,8786920,0.0,0.0
2014-05-02 00:00:00+05:30,180.875,181.8874969482422,178.8874969482422,179.27499389648438,162.2528839111328,5915292,0.0,0.0
2014-05-05 00:00:00+05:30,179.96249389648438,180.77499389648438,178.5,179.1750030517578,162.16238403320312,5192324,0.0,0.0
2014-05-06 00:00:00+05:30,180.0500030517578,181.14999389648438,178.52499389648438,180.0500030517578,162.954345703125,6184560,0.0,0.0
2014-05-07 00:00:00+05:30,179.625,181.75,177.8625030517578,178.89999389648438,161.91351318359375,6598624,0.0,0.0
2014-05-08 00:00:00+05:30,179.28750610351562,180.75,178.875,179.5749969482422,162.52442932128906,7520428,0.0,0.0
2014-05-09 00:00:00+05:30,180.0,190.0,180.0,189.1999969482422,171.2355194091797,16376444,0.0,0.0
2014-05-12 00:00:00+05:30,188.77499389648438,198.71249389648438,188.625,198.03750610351562,179.2339324951172,17561360,0.0,0.0
2014-05-13 00:00:00+05:30,200.0,200.0,195.625,197.03750610351562,178.32887268066406,12665216,0.0,0.0
2014-05-14 00:00:00+05:30,196.25,198.6999969482422,193.5625,193.8625030517578,175.45535278320312,8501500,0.0,0.0
2014-05-15 00:00:00+05:30,192.25,197.78750610351562,191.5124969482422,197.08749389648438,178.37413024902344,9466188,0.0,0.0
2014-05-16 00:00:00+05:30,200.0,213.5,196.91250610351562,201.1750030517578,182.073486328125,32868368,0.0,0.0
2014-05-19 00:00:00+05:30,203.97500610351562,208.75,202.0,202.97500610351562,183.7025909423828,10522804,0.0,0.0
2014-05-20 00:00:00+05:30,204.0,205.39999389648438,201.08749389648438,204.0124969482422,184.64161682128906,6357032,0.0,0.0
2014-05-21 00:00:00+05:30,203.08749389648438,203.625,201.25,202.375,183.1595916748047,3642388,0.0,0.0
2014-05-22 00:00:00+05:30,203.0,203.75,199.5,200.64999389648438,181.59837341308594,7806456,0.0,0.0
2014-05-23 00:00:00+05:30,199.75,200.75,195.6750030517578,197.41250610351562,178.6682586669922,9818936,0.0,0.0
2014-05-26 00:00:00+05:30,199.75,201.0124969482422,197.5,199.28750610351562,180.36524963378906,17395232,0.0,0.0
2014-05-27 00:00:00+05:30,200.0,202.66250610351562,197.08749389648438,201.22500610351562,182.1187744140625,7619524,0.0,0.0
2014-05-28 00:00:00+05:30,199.97500610351562,206.6875,199.875,205.8625030517578,186.31594848632812,14355564,0.0,0.0
2014-05-29 00:00:00+05:30,205.64999389648438,207.6875,201.85000610351562,202.5625,183.32925415039062,13684008,0.0,0.0
2014-05-30 00:00:00+05:30,203.75,205.6999969482422,182.5,198.1875,179.36968994140625,32807544,0.0,0.0
2014-06-02 00:00:00+05:30,198.375,205.58749389648438,198.375,204.85000610351562,185.39956665039062,8083132,0.0,0.0
2014-06-03 00:00:00+05:30,205.75,206.96249389648438,203.5,206.08749389648438,186.51956176757812,3624148,0.0,0.0
2014-06-04 00:00:00+05:30,205.60000610351562,207.4250030517578,203.77499389648438,204.1750030517578,184.78868103027344,2864340,0.0,0.0
2014-06-05 00:00:00+05:30,202.9499969482422,203.85000610351562,200.25,201.3625030517578,183.78469848632812,7674472,1.7125,0.0
2014-06-06 00:00:00+05:30,203.25,205.25,200.25,203.8125,186.0207977294922,10565276,0.0,0.0
2014-06-09 00:00:00+05:30,205.47500610351562,207.5,203.75,204.8625030517578,186.9791717529297,9339920,0.0,0.0
2014-06-10 00:00:00+05:30,205.28750610351562,205.89999389648438,202.5,204.16250610351562,186.3402557373047,4999344,0.0,0.0
2014-06-11 00:00:00+05:30,204.25,207.46249389648438,202.5,205.125,187.21875,7743772,0.0,0.0
2014-06-12 00:00:00+05:30,206.125,211.2375030517578,203.21249389648438,209.96249389648438,191.6339569091797,12732048,0.0,0.0
2014-06-13 00:00:00+05:30,211.0,214.0,207.91250610351562,208.85000610351562,190.61859130859375,12212884,0.0,0.0
2014-06-16 00:00:00+05:30,207.75,210.6999969482422,207.5749969482422,209.75,191.4400177001953,5309880,0.0,0.0
2014-06-17 00:00:00+05:30,209.0,212.1999969482422,206.83749389648438,211.6374969482422,193.1627197265625,6988120,0.0,0.0
2014-06-18 00:00:00+05:30,211.77499389648438,212.85000610351562,207.1875,208.71249389648438,190.4930419921875,5374628,0.0,0.0
2014-06-19 00:00:00+05:30,209.27499389648438,209.9875030517578,205.5500030517578,206.4375,188.41665649414062,4720996,0.0,0.0
2014-06-20 00:00:00+05:30,206.5,207.9375,204.83749389648438,205.4875030517578,187.5496063232422,2969768,0.0,0.0
2014-06-23 00:00:00+05:30,206.0,206.6374969482422,203.8249969482422,205.3625030517578,187.43553161621094,5840844,0.0,0.0
2014-06-24 00:00:00+05:30,206.33749389648438,208.1875,206.25,207.25,189.1582489013672,5066224,0.0,0.0
2014-06-25 00:00:00+05:30,207.25,208.3000030517578,205.75,206.02499389648438,188.0401611328125,6330624,0.0,0.0
2014-06-26 00:00:00+05:30,205.0,206.64999389648438,202.16250610351562,203.10000610351562,185.3705291748047,21808264,0.0,0.0
2014-06-27 00:00:00+05:30,204.46249389648438,205.5,203.5,204.0500030517578,186.2375946044922,5142960,0.0,0.0
2014-06-30 00:00:00+05:30,204.97500610351562,208.1750030517578,204.97500610351562,205.3874969482422,187.4583282470703,6176100,0.0,0.0
2014-07-01 00:00:00+05:30,205.75,206.9875030517578,203.75,205.8249969482422,187.85763549804688,7641372,0.0,0.0
2014-07-02 00:00:00+05:30,207.6999969482422,210.5,206.375,209.97500610351562,191.64535522460938,7626724,0.0,0.0
2014-07-03 00:00:00+05:30,210.25,211.3249969482422,207.83749389648438,209.1999969482422,190.9380340576172,6062740,0.0,0.0
2014-07-04 00:00:00+05:30,209.1999969482422,214.7375030517578,208.77499389648438,214.16250610351562,195.46731567382812,5631988,0.0,0.0
2014-07-07 00:00:00+05:30,214.97500610351562,215.1750030517578,208.96249389648438,210.1125030517578,191.7708740234375,8131968,0.0,0.0
2014-07-08 00:00:00+05:30,211.0,212.08749389648438,205.0,207.3125,189.21530151367188,6732272,0.0,0.0
2014-07-09 00:00:00+05:30,207.0,208.71249389648438,204.5,207.5749969482422,189.4548797607422,5795552,0.0,0.0
2014-07-10 00:00:00+05:30,207.5749969482422,212.0,203.0625,205.83749389648438,187.86903381347656,9857544,0.0,0.0
2014-07-11 00:00:00+05:30,205.27499389648438,207.8625030517578,202.1999969482422,202.9499969482422,185.2335968017578,9198780,0.0,0.0
2014-07-14 00:00:00+05:30,203.75,205.0,201.78750610351562,204.3625030517578,186.52281188964844,4921608,0.0,0.0
2014-07-15 00:00:00+05:30,205.1875,207.1999969482422,204.125,206.6999969482422,188.65621948242188,6092036,0.0,0.0
2014-07-16 00:00:00+05:30,207.375,209.625,204.47500610351562,208.9375,190.6984100341797,9589300,0.0,0.0
2014-07-17 00:00:00+05:30,209.6750030517578,209.75,207.375,207.9499969482422,189.79714965820312,5039100,0.0,0.0
2014-07-18 00:00:00+05:30,207.22500610351562,209.1999969482422,205.5,208.1125030517578,189.94544982910156,7288432,0.0,0.0
2014-07-21 00:00:00+05:30,210.4250030517578,211.7375030517578,206.3125,206.8625030517578,188.80458068847656,9813656,0.0,0.0
2014-07-22 00:00:00+05:30,207.47500610351562,210.66250610351562,206.75,209.96249389648438,191.6339569091797,6970352,0.0,0.0
2014-07-23 00:00:00+05:30,210.77499389648438,211.25,208.75,209.0749969482422,190.8239288330078,7849852,0.0,0.0
2014-07-24 00:00:00+05:30,209.0,211.0,208.25,210.5625,192.1815643310547,4278600,0.0,0.0
2014-07-25 00:00:00+05:30,210.25,212.4499969482422,208.53750610351562,208.875,190.64138793945312,10665952,0.0,0.0
2014-07-28 00:00:00+05:30,209.625,209.9499969482422,207.0,207.3874969482422,189.2837371826172,3884952,0.0,0.0
2014-07-30 00:00:00+05:30,207.75,210.47500610351562,206.71249389648438,209.6999969482422,191.3943634033203,4685380,0.0,0.0
2014-07-31 00:00:00+05:30,209.47500610351562,209.97500610351562,207.1374969482422,208.5,190.29908752441406,11901344,0.0,0.0
2014-08-01 00:00:00+05:30,206.5124969482422,206.9499969482422,203.0,203.8625030517578,186.0664520263672,6828460,0.0,0.0
2014-08-04 00:00:00+05:30,204.75,205.6750030517578,201.77499389648438,203.25,185.50743103027344,7363044,0.0,0.0
2014-08-05 00:00:00+05:30,204.25,205.75,202.47500610351562,205.0500030517578,187.1502685546875,6077104,0.0,0.0
2014-08-06 00:00:00+05:30,203.7624969482422,204.8874969482422,201.83749389648438,202.5,184.82289123535156,3381400,0.0,0.0
2014-08-07 00:00:00+05:30,203.22500610351562,204.625,202.5,202.875,185.16517639160156,3933740,0.0,0.0
2014-08-08 00:00:00+05:30,201.25,201.9499969482422,198.75,199.03750610351562,181.66265869140625,7450680,0.0,0.0
2014-08-11 00:00:00+05:30,200.25,200.71249389648438,197.85000610351562,198.2375030517578,180.93247985839844,5626224,0.0,0.0
2014-08-12 00:00:00+05:30,200.25,202.125,198.0,201.8000030517578,184.1840057373047,6603072,0.0,0.0
2014-08-13 00:00:00+05:30,202.5,203.9375,200.66250610351562,203.10000610351562,185.3705291748047,7839820,0.0,0.0
2014-08-14 00:00:00+05:30,203.52499389648438,207.91250610351562,203.3249969482422,206.6750030517578,188.6334228515625,11873224,0.0,0.0
2014-08-18 00:00:00+05:30,207.5,208.625,205.89999389648438,208.08749389648438,189.92262268066406,6702168,0.0,0.0
2014-08-19 00:00:00+05:30,208.25,209.375,205.5625,205.96249389648438,187.98312377929688,7892856,0.0,0.0
2014-08-20 00:00:00+05:30,207.25,208.64999389648438,204.75,205.1374969482422,187.2301483154297,9434852,0.0,0.0
2014-08-21 00:00:00+05:30,205.5,208.8000030517578,205.25,208.125,189.95684814453125,6390480,0.0,0.0
2014-08-22 00:00:00+05:30,208.58749389648438,212.1875,207.0124969482422,211.6875,193.2083740234375,10015288,0.0,0.0
2014-08-25 00:00:00+05:30,210.75,213.1999969482422,209.3000030517578,210.8625030517578,192.45538330078125,6656064,0.0,0.0
2014-08-26 00:00:00+05:30,211.125,212.125,209.52499389648438,210.625,192.23863220214844,4165256,0.0,0.0
2014-08-27 00:00:00+05:30,211.5,211.5,208.5,209.14999389648438,190.8923797607422,4852968,0.0,0.0
2014-08-28 00:00:00+05:30,209.375,211.375,208.5,210.8874969482422,192.47821044921875,7991452,0.0,0.0
2014-09-01 00:00:00+05:30,211.47500610351562,212.25,209.64999389648438,210.3000030517578,191.94198608398438,4154656,0.0,0.0
2014-09-02 00:00:00+05:30,210.77499389648438,215.27499389648438,209.66250610351562,214.8000030517578,196.04916381835938,11442252,0.0,0.0
2014-09-03 00:00:00+05:30,216.25,216.25,212.89999389648438,214.16250610351562,195.46731567382812,9234780,0.0,0.0
2014-09-04 00:00:00+05:30,214.5124969482422,214.75,212.125,212.96249389648438,194.37208557128906,6406968,0.0,0.0
2014-09-05 00:00:00+05:30,213.0,213.8874969482422,211.02499389648438,212.1125030517578,193.5962677001953,3835208,0.0,0.0
2014-09-08 00:00:00+05:30,212.75,216.9499969482422,212.3625030517578,216.1875,197.31553649902344,9788344,0.0,0.0
2014-09-09 00:00:00+05:30,215.02499389648438,217.47500610351562,214.4499969482422,216.39999389648438,197.50946044921875,7661044,0.0,0.0
2014-09-10 00:00:00+05:30,216.25,216.25,213.52499389648438,214.3249969482422,195.61563110351562,4314252,0.0,0.0
2014-09-11 00:00:00+05:30,214.35000610351562,215.77499389648438,213.25,213.58749389648438,194.9425048828125,6532864,0.0,0.0
2014-09-12 00:00:00+05:30,212.52499389648438,214.5,212.2375030517578,213.9250030517578,195.2505645751953,6086556,0.0,0.0
2014-09-15 00:00:00+05:30,212.5,216.25,212.5,215.08749389648438,196.3115692138672,5809088,0.0,0.0
2014-09-16 00:00:00+05:30,215.25,215.5124969482422,212.0,212.75,194.17811584472656,5076268,0.0,0.0
2014-09-17 00:00:00+05:30,213.75,213.97500610351562,210.52499389648438,211.60000610351562,193.12850952148438,7905896,0.0,0.0
2014-09-18 00:00:00+05:30,211.1875,215.25,210.5625,214.53750610351562,195.80960083007812,6652568,0.0,0.0
2014-09-19 00:00:00+05:30,215.0,216.25,212.85000610351562,215.0625,196.2887420654297,6542108,0.0,0.0
2014-09-22 00:00:00+05:30,214.2375030517578,214.625,212.75,214.21249389648438,195.512939453125,6534316,0.0,0.0
2014-09-23 00:00:00+05:30,214.0124969482422,214.46249389648438,211.39999389648438,212.21249389648438,193.6875457763672,4716976,0.0,0.0
2014-09-24 00:00:00+05:30,211.77499389648438,214.3249969482422,211.2624969482422,213.8625030517578,195.19349670410156,6665496,0.0,0.0
2014-09-25 00:00:00+05:30,213.25,216.39999389648438,210.52499389648438,212.4875030517578,193.9385528564453,16595960,0.0,0.0
2014-09-26 00:00:00+05:30,212.4875030517578,219.75,211.25,217.91250610351562,198.8899688720703,9882252,0.0,0.0
2014-09-29 00:00:00+05:30,218.25,219.33749389648438,215.3000030517578,216.27499389648438,197.3954315185547,8682268,0.0,0.0
2014-09-30 00:00:00+05:30,216.0500030517578,219.9499969482422,215.28750610351562,218.16250610351562,199.11813354492188,12035432,0.0,0.0
2014-10-01 00:00:00+05:30,216.5,217.78750610351562,215.125,217.0,198.05711364746094,5870188,0.0,0.0
2014-10-07 00:00:00+05:30,216.25,216.75,213.52499389648438,215.6125030517578,196.7907257080078,5026288,0.0,0.0
2014-10-08 00:00:00+05:30,215.1374969482422,217.5,214.5749969482422,216.89999389648438,197.9658660888672,3140384,0.0,0.0
2014-10-09 00:00:00+05:30,218.5,223.2375030517578,217.0625,221.89999389648438,202.52940368652344,7650420,0.0,0.0
2014-10-10 00:00:00+05:30,220.7624969482422,221.28750610351562,216.22500610351562,216.8249969482422,197.89739990234375,4266980,0.0,0.0
2014-10-13 00:00:00+05:30,216.0,219.5,213.91250610351562,219.1999969482422,200.06507873535156,5376512,0.0,0.0
2014-10-14 00:00:00+05:30,221.25,221.4875030517578,216.28750610351562,217.08749389648438,198.136962890625,7266240,0.0,0.0
2014-10-15 00:00:00+05:30,217.08749389648438,217.08749389648438,217.08749389648438,217.08749389648438,198.136962890625,0,0.0,0.0
2014-10-16 00:00:00+05:30,217.10000610351562,218.5,213.7624969482422,214.71249389648438,195.9693145751953,5533084,0.0,0.0
2014-10-17 00:00:00+05:30,215.0625,222.02499389648438,214.27499389648438,221.3125,201.99317932128906,9977920,0.0,0.0
2014-10-20 00:00:00+05:30,223.5,227.39999389648438,222.53750610351562,223.4499969482422,203.94406127929688,9532004,0.0,0.0
2014-10-21 00:00:00+05:30,225.0,226.4375,221.91250610351562,223.8874969482422,204.34336853027344,16037152,0.0,0.0
2014-10-22 00:00:00+05:30,226.2624969482422,226.58749389648438,222.8125,223.41250610351562,203.90985107421875,4571544,0.0,0.0
2014-10-27 00:00:00+05:30,224.7624969482422,226.8249969482422,223.53750610351562,224.3125,204.73129272460938,6724768,0.0,0.0
2014-10-28 00:00:00+05:30,224.75,225.0500030517578,223.5,223.8249969482422,204.28631591796875,5803492,0.0,0.0
2014-10-29 00:00:00+05:30,225.0500030517578,225.625,222.5,222.8874969482422,203.43067932128906,7896188,0.0,0.0
2014-10-30 00:00:00+05:30,222.47500610351562,224.9875030517578,221.77499389648438,224.16250610351562,204.59439086914062,10738180,0.0,0.0
2014-10-31 00:00:00+05:30,225.02499389648438,228.64999389648438,224.33749389648438,227.96249389648438,208.06265258789062,10105988,0.0,0.0
2014-11-03 00:00:00+05:30,228.8000030517578,229.8249969482422,226.35000610351562,227.6750030517578,207.8002471923828,7239648,0.0,0.0
2014-11-05 00:00:00+05:30,228.7624969482422,230.0749969482422,227.5625,228.1999969482422,208.27940368652344,7524180,0.0,0.0
2014-11-07 00:00:00+05:30,226.25,226.64999389648438,223.41250610351562,224.8625030517578,205.23326110839844,9028492,0.0,0.0
2014-11-10 00:00:00+05:30,224.875,227.08749389648438,223.25,226.16250610351562,206.41976928710938,6389756,0.0,0.0
2014-11-11 00:00:00+05:30,226.47500610351562,229.3249969482422,225.60000610351562,226.97500610351562,207.161376953125,5913408,0.0,0.0
2014-11-12 00:00:00+05:30,227.75,229.97500610351562,226.03750610351562,227.9375,208.0398406982422,9058664,0.0,0.0
2014-11-13 00:00:00+05:30,228.875,230.0,225.97500610351562,228.9875030517578,208.9981689453125,7388952,0.0,0.0
2014-11-14 00:00:00+05:30,229.5500030517578,233.25,227.9375,232.52499389648438,212.22689819335938,8438056,0.0,0.0
2014-11-17 00:00:00+05:30,232.5,233.5,227.0,229.7375030517578,209.68270874023438,13464084,0.0,0.0
2014-11-18 00:00:00+05:30,230.25,233.75,228.0,233.0500030517578,212.7060546875,9189112,0.0,0.0
2014-11-19 00:00:00+05:30,233.7624969482422,234.4250030517578,230.53750610351562,231.6374969482422,211.41685485839844,3454848,0.0,0.0
2014-11-20 00:00:00+05:30,231.9875030517578,231.9875030517578,228.02499389648438,229.5500030517578,209.51156616210938,4770372,0.0,0.0
2014-11-21 00:00:00+05:30,230.3000030517578,233.75,228.5124969482422,233.21249389648438,212.85433959960938,8823808,0.0,0.0
2014-11-24 00:00:00+05:30,233.08749389648438,237.5,232.02499389648438,236.3000030517578,215.67234802246094,7316860,0.0,0.0
2014-11-25 00:00:00+05:30,235.75,239.6999969482422,234.75,238.3874969482422,217.57762145996094,12156508,0.0,0.0
2014-11-26 00:00:00+05:30,234.9499969482422,239.97500610351562,233.3249969482422,237.8249969482422,217.06422424316406,8976428,0.0,0.0
2014-11-27 00:00:00+05:30,237.64999389648438,238.4499969482422,235.75,237.03750610351562,216.3455047607422,13211448,0.0,0.0
2014-11-28 00:00:00+05:30,237.0,241.47500610351562,236.75,239.28750610351562,218.39906311035156,9251860,0.0,0.0
2014-12-01 00:00:00+05:30,239.5749969482422,240.6125030517578,237.0500030517578,237.5,216.767578125,7389128,0.0,0.0
2014-12-02 00:00:00+05:30,235.4375,237.39999389648438,234.8000030517578,235.8249969482422,215.23878479003906,4517556,0.0,0.0
2014-12-03 00:00:00+05:30,235.5,236.0124969482422,233.0,233.27499389648438,212.91139221191406,6661184,0.0,0.0
2014-12-04 00:00:00+05:30,235.0,236.0625,233.0,235.35000610351562,214.8052520751953,6839104,0.0,0.0
2014-12-05 00:00:00+05:30,235.25,236.10000610351562,233.9250030517578,235.6875,215.11329650878906,4074180,0.0,0.0
2014-12-08 00:00:00+05:30,236.25,236.25,231.25,231.78750610351562,211.5537567138672,4057128,0.0,0.0
2014-12-09 00:00:00+05:30,231.2624969482422,233.75,231.2624969482422,231.6875,211.46249389648438,4873344,0.0,0.0
2014-12-10 00:00:00+05:30,231.52499389648438,233.75,231.3249969482422,232.85000610351562,212.5235137939453,5565432,0.0,0.0
2014-12-11 00:00:00+05:30,232.47500610351562,233.9375,231.25,233.39999389648438,213.02549743652344,4818844,0.0,0.0
2014-12-12 00:00:00+05:30,233.25,234.0500030517578,232.25,232.875,212.54629516601562,4616828,0.0,0.0
2014-12-15 00:00:00+05:30,232.5,236.0749969482422,232.0,235.375,214.8280792236328,6638628,0.0,0.0
2014-12-16 00:00:00+05:30,234.3874969482422,235.5,229.25,231.4375,211.2342987060547,4989956,0.0,0.0
2014-12-17 00:00:00+05:30,231.5,233.125,229.0,230.46249389648438,210.3444366455078,7064016,0.0,0.0
2014-12-18 00:00:00+05:30,233.14999389648438,234.125,230.5124969482422,233.5124969482422,213.12815856933594,6493828,0.0,0.0
2014-12-19 00:00:00+05:30,236.2624969482422,237.25,233.125,235.3625030517578,214.816650390625,6114108,0.0,0.0
2014-12-22 00:00:00+05:30,238.5,241.52499389648438,235.625,240.9250030517578,219.89361572265625,8295612,0.0,0.0
2014-12-23 00:00:00+05:30,239.9250030517578,243.4875030517578,238.83749389648438,239.9375,218.9923095703125,7544080,0.0,0.0
2014-12-24 00:00:00+05:30,239.47500610351562,241.1999969482422,235.27499389648438,236.3125,215.68373107910156,16664812,0.0,0.0
2014-12-26 00:00:00+05:30,237.60000610351562,238.2375030517578,235.6374969482422,237.16250610351562,216.4595489501953,3366480,0.0,0.0
2014-12-29 00:00:00+05:30,237.52499389648438,239.0,237.0749969482422,237.9250030517578,217.15548706054688,3614800,0.0,0.0
2014-12-30 00:00:00+05:30,237.5,239.89999389648438,235.6875,239.1125030517578,218.23931884765625,5681200,0.0,0.0
2014-12-31 00:00:00+05:30,239.0,239.3249969482422,237.4375,237.89999389648438,217.13267517089844,4992528,0.0,0.0
2015-01-01 00:00:00+05:30,237.75,238.60000610351562,236.2624969482422,238.0124969482422,217.2353515625,3544940,0.0,0.0
2015-01-02 00:00:00+05:30,237.60000610351562,242.3249969482422,237.60000610351562,241.3249969482422,220.25869750976562,5900384,0.0,0.0
2015-01-05 00:00:00+05:30,242.5,242.6374969482422,238.77499389648438,239.28750610351562,218.39906311035156,4796000,0.0,0.0
2015-01-06 00:00:00+05:30,238.5,239.1374969482422,234.3874969482422,235.5625,214.99920654296875,8219680,0.0,0.0
2015-01-07 00:00:00+05:30,234.9250030517578,237.83749389648438,234.0625,236.25,215.626708984375,5746112,0.0,0.0
2015-01-08 00:00:00+05:30,238.5625,242.2375030517578,237.0500030517578,241.21249389648438,220.156005859375,9525824,0.0,0.0
2015-01-09 00:00:00+05:30,243.22500610351562,245.0,241.64999389648438,243.91250610351562,222.6203155517578,8985184,0.0,0.0
2015-01-12 00:00:00+05:30,242.35000610351562,243.60000610351562,241.125,241.7624969482422,220.6580047607422,4126412,0.0,0.0
2015-01-13 00:00:00+05:30,242.2375030517578,242.9875030517578,238.9250030517578,240.83749389648438,219.81373596191406,5828348,0.0,0.0
2015-01-14 00:00:00+05:30,240.0124969482422,243.66250610351562,239.9250030517578,240.97500610351562,219.93922424316406,3685232,0.0,0.0
2015-01-15 00:00:00+05:30,247.5,249.5500030517578,242.6875,248.28750610351562,226.61341857910156,11398476,0.0,0.0
2015-01-16 00:00:00+05:30,250.5500030517578,253.72500610351562,249.6374969482422,250.33749389648438,228.48443603515625,7821308,0.0,0.0
2015-01-19 00:00:00+05:30,253.3125,255.0,250.7375030517578,251.1374969482422,229.21458435058594,4239492,0.0,0.0
2015-01-20 00:00:00+05:30,252.5,256.75,250.5,255.2375030517578,232.9567108154297,8505804,0.0,0.0
2015-01-21 00:00:00+05:30,256.8500061035156,258.23748779296875,254.58749389648438,254.9875030517578,232.72853088378906,6740612,0.0,0.0
2015-01-22 00:00:00+05:30,256.25,258.125,254.6374969482422,255.3125,233.025146484375,6470680,0.0,0.0
2015-01-23 00:00:00+05:30,257.5,262.0,256.1000061035156,260.70001220703125,237.94235229492188,9987912,0.0,0.0
2015-01-27 00:00:00+05:30,260.75,269.4375,260.2250061035156,268.51251220703125,245.0729217529297,9962400,0.0,0.0
2015-01-28 00:00:00+05:30,267.5,273.29998779296875,263.75,264.5874938964844,241.49049377441406,11364940,0.0,0.0
2015-01-29 00:00:00+05:30,268.75,275.1499938964844,265.25,273.75,249.85316467285156,20567616,0.0,0.0
2015-01-30 00:00:00+05:30,273.63751220703125,273.63751220703125,266.0625,269.3374938964844,245.8258514404297,10570416,0.0,0.0
2015-02-02 00:00:00+05:30,267.125,273.25,263.0874938964844,270.3999938964844,246.79559326171875,5710352,0.0,0.0
2015-02-03 00:00:00+05:30,269.625,270.54998779296875,263.82501220703125,266.0249938964844,242.80252075195312,10200688,0.0,0.0
2015-02-04 00:00:00+05:30,265.75,270.20001220703125,264.3125,266.92498779296875,243.62391662597656,6197512,0.0,0.0
2015-02-05 00:00:00+05:30,268.75,273.20001220703125,267.5874938964844,269.125,245.6318817138672,8059148,0.0,0.0
2015-02-06 00:00:00+05:30,269.25,269.73748779296875,262.51251220703125,263.375,240.3838653564453,6903120,0.0,0.0
2015-02-09 00:00:00+05:30,261.75,262.9375,258.625,260.0249938964844,237.3262481689453,5231896,0.0,0.0
2015-02-10 00:00:00+05:30,257.5,265.57501220703125,257.5,263.61248779296875,240.60057067871094,9275752,0.0,0.0
2015-02-11 00:00:00+05:30,264.5,266.20001220703125,263.25,264.6000061035156,241.5019073486328,4161588,0.0,0.0
2015-02-12 00:00:00+05:30,266.2749938964844,270.4750061035156,263.17498779296875,269.0,245.5177764892578,5525740,0.0,0.0
2015-02-13 00:00:00+05:30,270.29998779296875,270.5,265.8999938964844,266.45001220703125,243.1903839111328,7714500,0.0,0.0
2015-02-16 00:00:00+05:30,268.95001220703125,271.25,265.625,266.88751220703125,243.5897674560547,7388716,0.0,0.0
2015-02-18 00:00:00+05:30,266.88751220703125,270.73748779296875,264.26251220703125,268.70001220703125,245.24398803710938,5381692,0.0,0.0
2015-02-19 00:00:00+05:30,268.5,271.2250061035156,265.95001220703125,269.95001220703125,246.3848876953125,4507004,0.0,0.0
2015-02-20 00:00:00+05:30,270.75,272.4750061035156,267.125,268.26251220703125,244.84471130371094,6206024,0.0,0.0
2015-02-23 00:00:00+05:30,269.2749938964844,270.38751220703125,265.5,266.875,243.5782928466797,5581564,0.0,0.0
2015-02-24 00:00:00+05:30,267.57501220703125,267.75,264.2749938964844,266.9125061035156,243.61256408691406,5846288,0.0,0.0
2015-02-25 00:00:00+05:30,267.5,268.70001220703125,262.5,263.11248779296875,240.14422607421875,4648524,0.0,0.0
2015-02-26 00:00:00+05:30,263.4125061035156,264.0,258.7749938964844,259.5375061035156,236.88134765625,12426944,0.0,0.0
2015-02-27 00:00:00+05:30,261.36248779296875,264.63751220703125,261.36248779296875,263.5,240.49794006347656,10261784,0.0,0.0
2015-03-02 00:00:00+05:30,270.0874938964844,274.75,267.0,270.63751220703125,247.01235961914062,14385232,0.0,0.0
2015-03-03 00:00:00+05:30,271.61248779296875,273.0,269.26251220703125,270.8374938964844,247.1948699951172,6029348,0.0,0.0
2015-03-04 00:00:00+05:30,276.25,277.32501220703125,265.0,266.32501220703125,243.0763397216797,12277624,0.0,0.0
2015-03-05 00:00:00+05:30,266.25,272.5,265.625,271.2749938964844,247.59420776367188,9702452,0.0,0.0
2015-03-09 00:00:00+05:30,269.26251220703125,270.45001220703125,264.0,264.75,241.63880920410156,5755808,0.0,0.0
2015-03-10 00:00:00+05:30,265.5,265.5625,261.25,263.13751220703125,240.16708374023438,5134836,0.0,0.0
2015-03-11 00:00:00+05:30,262.7250061035156,265.4750061035156,262.5,264.11248779296875,241.05699157714844,5465536,0.0,0.0
2015-03-12 00:00:00+05:30,265.0249938964844,265.9750061035156,262.7749938964844,263.6499938964844,240.6348419189453,7530836,0.0,0.0
2015-03-13 00:00:00+05:30,265.0,266.0,258.6499938964844,260.6625061035156,237.90811157226562,5426780,0.0,0.0
2015-03-16 00:00:00+05:30,261.25,264.4750061035156,260.625,262.88751220703125,239.9388885498047,5348772,0.0,0.0
2015-03-17 00:00:00+05:30,265.0,266.4750061035156,260.7124938964844,264.51251220703125,241.4220428466797,5369304,0.0,0.0
2015-03-18 00:00:00+05:30,265.0375061035156,267.9750061035156,263.29998779296875,265.88751220703125,242.67701721191406,5148332,0.0,0.0
2015-03-19 00:00:00+05:30,267.75,268.45001220703125,262.17498779296875,263.04998779296875,240.0872039794922,5373572,0.0,0.0
2015-03-20 00:00:00+05:30,262.75,264.875,261.48748779296875,263.9750061035156,240.9314727783203,6483236,0.0,0.0
2015-03-23 00:00:00+05:30,263.98748779296875,264.8500061035156,261.5,261.9375,239.07183837890625,5446740,0.0,0.0
2015-03-24 00:00:00+05:30,260.82501220703125,264.25,258.86248779296875,259.48748779296875,236.835693359375,8973564,0.0,0.0
2015-03-25 00:00:00+05:30,260.01251220703125,261.67498779296875,257.7749938964844,258.5625,235.99142456054688,10608900,0.0,0.0
2015-03-26 00:00:00+05:30,256.7250061035156,258.04998779296875,250.52499389648438,251.7375030517578,229.76220703125,35800620,0.0,0.0
2015-03-27 00:00:00+05:30,253.7375030517578,255.8874969482422,252.02499389648438,253.66250610351562,231.51919555664062,10840896,0.0,0.0
2015-03-30 00:00:00+05:30,255.0,259.75,253.1999969482422,259.2250061035156,236.5961151123047,6955144,0.0,0.0
2015-03-31 00:00:00+05:30,259.9750061035156,259.9750061035156,253.71249389648438,255.6750030517578,233.35604858398438,5962256,0.0,0.0
2015-04-01 00:00:00+05:30,256.5249938964844,259.2124938964844,253.25,258.3125,235.76329040527344,3844196,0.0,0.0
2015-04-06 00:00:00+05:30,258.75,259.2124938964844,254.9499969482422,257.98748779296875,235.4666290283203,7151172,0.0,0.0
2015-04-07 00:00:00+05:30,258.3125,259.54998779296875,255.91250610351562,258.1875,235.64918518066406,6197072,0.0,0.0
2015-04-08 00:00:00+05:30,260.01251220703125,260.61248779296875,257.51251220703125,258.88751220703125,236.28811645507812,4106144,0.0,0.0
2015-04-09 00:00:00+05:30,259.5625,264.75,257.5,264.0249938964844,240.9770965576172,7002784,0.0,0.0
2015-04-10 00:00:00+05:30,263.25,263.25,258.7124938964844,260.6625061035156,237.90811157226562,6119324,0.0,0.0
2015-04-13 00:00:00+05:30,260.0,261.57501220703125,258.70001220703125,259.70001220703125,237.0296630859375,4563236,0.0,0.0
2015-04-15 00:00:00+05:30,260.0,262.17498779296875,256.29998779296875,257.9125061035156,235.398193359375,4893996,0.0,0.0
2015-04-16 00:00:00+05:30,257.0,258.38751220703125,254.5,257.4125061035156,234.94187927246094,5610120,0.0,0.0
2015-04-17 00:00:00+05:30,256.2749938964844,256.9624938964844,254.0124969482422,254.5625,232.3406219482422,4049012,0.0,0.0
2015-04-20 00:00:00+05:30,255.0,256.25,250.64999389648438,251.27499389648438,229.340087890625,5188880,0.0,0.0
2015-04-21 00:00:00+05:30,251.25,253.60000610351562,248.89999389648438,250.75,228.86093139648438,6510744,0.0,0.0
2015-04-22 00:00:00+05:30,251.625,255.25,248.375,253.27499389648438,231.1654815673828,6765936,0.0,0.0
2015-04-23 00:00:00+05:30,255.0124969482422,256.04998779296875,251.52499389648438,253.375,231.2567596435547,9627828,0.0,0.0
2015-04-24 00:00:00+05:30,254.72500610351562,254.75,250.08749389648438,251.6125030517578,229.6481475830078,7205244,0.0,0.0
2015-04-27 00:00:00+05:30,251.7375030517578,253.125,249.0,251.3625030517578,229.4199676513672,7370704,0.0,0.0
2015-04-28 00:00:00+05:30,249.8874969482422,252.8625030517578,247.52499389648438,251.1374969482422,229.21458435058594,7942108,0.0,0.0
2015-04-29 00:00:00+05:30,251.0,252.375,247.0,248.28750610351562,226.61341857910156,7863564,0.0,0.0
2015-04-30 00:00:00+05:30,247.75,248.75,244.7624969482422,247.1999969482422,225.620849609375,15143684,0.0,0.0
2015-05-04 00:00:00+05:30,248.5124969482422,252.375,248.0,250.2375030517578,228.39317321777344,3141448,0.0,0.0
2015-05-05 00:00:00+05:30,249.7624969482422,250.97500610351562,246.46249389648438,246.91250610351562,225.35841369628906,5138004,0.0,0.0
2015-05-06 00:00:00+05:30,246.875,246.875,241.375,242.64999389648438,221.46800231933594,11007696,0.0,0.0
2015-05-07 00:00:00+05:30,242.0,242.5,236.0500030517578,237.8249969482422,217.06422424316406,11736664,0.0,0.0
2015-05-08 00:00:00+05:30,240.375,246.9499969482422,238.85000610351562,245.5,224.06922912597656,11571932,0.0,0.0
2015-05-11 00:00:00+05:30,246.5124969482422,248.1875,243.5124969482422,247.5749969482422,225.9630889892578,6731344,0.0,0.0
2015-05-12 00:00:00+05:30,247.5,247.5,241.75,242.9875030517578,221.7760467529297,11107568,0.0,0.0
2015-05-13 00:00:00+05:30,243.96249389648438,248.35000610351562,242.89999389648438,247.5625,225.95169067382812,7791848,0.0,0.0
2015-05-14 00:00:00+05:30,247.25,248.71249389648438,243.5,247.7624969482422,226.1342010498047,4455188,0.0,0.0
2015-05-15 00:00:00+05:30,248.72500610351562,249.3874969482422,246.0500030517578,247.52499389648438,225.91748046875,8153624,0.0,0.0
2015-05-18 00:00:00+05:30,249.0,253.0,248.0,252.46249389648438,230.42393493652344,5713304,0.0,0.0
2015-05-19 00:00:00+05:30,251.58749389648438,254.5,249.52499389648438,251.8874969482422,229.8991241455078,4786348,0.0,0.0
2015-05-20 00:00:00+05:30,252.41250610351562,256.70001220703125,252.3874969482422,256.01251220703125,233.66407775878906,4008840,0.0,0.0
2015-05-21 00:00:00+05:30,256.0,257.5,253.77499389648438,256.17498779296875,233.8123779296875,3934380,0.0,0.0
2015-05-22 00:00:00+05:30,256.17498779296875,257.25,254.58749389648438,256.07501220703125,233.72108459472656,4689536,0.0,0.0
2015-05-25 00:00:00+05:30,257.1000061035156,257.75,254.39999389648438,255.8874969482422,233.54994201660156,4369060,0.0,0.0
2015-05-26 00:00:00+05:30,256.11248779296875,257.54998779296875,254.5124969482422,256.8500061035156,234.42845153808594,4906344,0.0,0.0
2015-05-27 00:00:00+05:30,255.9499969482422,260.0,255.35000610351562,259.5375061035156,236.88134765625,3218592,0.0,0.0
2015-05-28 00:00:00+05:30,259.76251220703125,260.92498779296875,255.5500030517578,257.3500061035156,234.88482666015625,9561160,0.0,0.0
2015-05-29 00:00:00+05:30,257.48748779296875,263.5,256.7875061035156,262.63751220703125,239.7107391357422,5058680,0.0,0.0
2015-06-01 00:00:00+05:30,262.23748779296875,264.0,257.75,259.04998779296875,236.43637084960938,3841320,0.0,0.0
2015-06-02 00:00:00+05:30,259.6000061035156,260.07501220703125,251.22500610351562,252.1999969482422,230.18435668945312,4726008,0.0,0.0
2015-06-03 00:00:00+05:30,252.25,254.25,249.5,251.3874969482422,229.44276428222656,5824832,0.0,0.0
2015-06-04 00:00:00+05:30,252.21249389648438,254.46249389648438,248.75,253.7375030517578,231.58766174316406,5557588,0.0,0.0
2015-06-05 00:00:00+05:30,252.5625,254.625,250.625,252.9375,230.85748291015625,6753860,0.0,0.0
2015-06-08 00:00:00+05:30,251.0625,253.0625,248.8874969482422,250.8625030517578,228.96360778808594,3811996,0.0,0.0
2015-06-09 00:00:00+05:30,251.25,251.5,249.27499389648438,250.46249389648438,228.59852600097656,6040260,0.0,0.0
2015-06-10 00:00:00+05:30,249.5,254.75,249.25,253.89999389648438,231.73594665527344,7986248,0.0,0.0
2015-06-11 00:00:00+05:30,254.39999389648438,254.6374969482422,248.6750030517578,250.0500030517578,228.22206115722656,9094176,0.0,0.0
2015-06-12 00:00:00+05:30,250.25,252.71249389648438,247.53750610351562,252.28750610351562,230.26422119140625,6528344,0.0,0.0
2015-06-15 00:00:00+05:30,250.5,253.4375,250.0,251.3000030517578,229.36293029785156,5999828,0.0,0.0
2015-06-16 00:00:00+05:30,250.0,252.6125030517578,249.2624969482422,252.10000610351562,230.0930938720703,6010524,0.0,0.0
2015-06-17 00:00:00+05:30,252.25,253.375,249.875,251.1750030517578,229.2488555908203,9686268,0.0,0.0
2015-06-18 00:00:00+05:30,251.47500610351562,255.9499969482422,250.5625,254.89999389648438,232.648681640625,8431716,0.0,0.0
2015-06-19 00:00:00+05:30,256.20001220703125,258.73748779296875,253.28750610351562,257.625,235.13575744628906,3742324,0.0,0.0
2015-06-22 00:00:00+05:30,258.0249938964844,264.2250061035156,257.125,261.7875061035156,238.93492126464844,5449652,0.0,0.0
2015-06-23 00:00:00+05:30,263.0,265.29998779296875,260.625,263.0249938964844,240.0643768310547,5655180,0.0,0.0
2015-06-24 00:00:00+05:30,263.5,264.45001220703125,260.67498779296875,261.45001220703125,238.62692260742188,6267396,0.0,0.0
2015-06-25 00:00:00+05:30,262.0625,267.7124938964844,260.6625061035156,266.25,243.00787353515625,16573568,0.0,0.0
2015-06-26 00:00:00+05:30,266.75,267.73748779296875,262.875,265.7124938964844,242.51727294921875,5647504,0.0,0.0
2015-06-29 00:00:00+05:30,261.2250061035156,265.4375,257.625,264.1625061035156,241.10260009765625,6487836,0.0,0.0
2015-06-30 00:00:00+05:30,263.0625,268.0,262.0,266.7875061035156,243.49844360351562,7290136,0.0,0.0
2015-07-01 00:00:00+05:30,265.3374938964844,269.25,265.01251220703125,268.0874938964844,244.6849822998047,4971188,0.0,0.0
2015-07-02 00:00:00+05:30,266.25,266.92498779296875,263.9125061035156,264.54998779296875,243.2711181640625,4483444,2.0,0.0
2015-07-03 00:00:00+05:30,263.51251220703125,269.0375061035156,263.51251220703125,268.5625,246.96090698242188,4039288,0.0,0.0
2015-07-06 00:00:00+05:30,266.01251220703125,271.25,265.0625,270.875,249.08740234375,3267780,0.0,0.0
2015-07-07 00:00:00+05:30,269.625,272.875,269.625,271.7124938964844,249.8574981689453,4141472,0.0,0.0
2015-07-08 00:00:00+05:30,269.7749938964844,270.1499938964844,266.5,267.2124938964844,245.719482421875,5400676,0.0,0.0
2015-07-09 00:00:00+05:30,265.67498779296875,269.2250061035156,265.0249938964844,268.51251220703125,246.9149627685547,2797964,0.0,0.0
2015-07-10 00:00:00+05:30,267.45001220703125,273.75,267.125,272.6875,250.75408935546875,4900088,0.0,0.0
2015-07-13 00:00:00+05:30,271.25,276.4750061035156,271.25,274.0375061035156,251.9955596923828,7076084,0.0,0.0
2015-07-14 00:00:00+05:30,273.875,275.4750061035156,271.5,272.9624938964844,251.00701904296875,5674116,0.0,0.0
2015-07-15 00:00:00+05:30,273.25,275.36248779296875,272.70001220703125,274.17498779296875,252.12193298339844,3849404,0.0,0.0
2015-07-16 00:00:00+05:30,274.70001220703125,279.75,274.5249938964844,278.67498779296875,256.2599182128906,7310424,0.0,0.0
2015-07-17 00:00:00+05:30,279.8500061035156,280.4375,276.3999938964844,277.63751220703125,255.3059844970703,3510988,0.0,0.0
2015-07-20 00:00:00+05:30,278.98748779296875,279.75,276.75,278.8125,256.386474609375,4551268,0.0,0.0
2015-07-21 00:00:00+05:30,279.13751220703125,282.0,273.2749938964844,274.51251220703125,252.4322967529297,11028136,0.0,0.0
2015-07-22 00:00:00+05:30,274.1000061035156,279.26251220703125,272.1625061035156,278.6000061035156,256.1910095214844,7286400,0.0,0.0
2015-07-23 00:00:00+05:30,278.2250061035156,279.17498779296875,275.0249938964844,276.9750061035156,254.6967010498047,5083172,0.0,0.0
2015-07-24 00:00:00+05:30,275.7875061035156,278.75,275.125,276.9624938964844,254.68524169921875,4761008,0.0,0.0
2015-07-27 00:00:00+05:30,275.9750061035156,276.125,267.5,273.9624938964844,251.92652893066406,3328572,0.0,0.0
2015-07-28 00:00:00+05:30,273.5,278.4750061035156,273.11248779296875,277.125,254.8346710205078,6345672,0.0,0.0
2015-07-29 00:00:00+05:30,276.2749938964844,279.4750061035156,276.26251220703125,277.0874938964844,254.80020141601562,3943032,0.0,0.0
2015-07-30 00:00:00+05:30,276.75,279.25,275.2749938964844,277.63751220703125,255.3059844970703,9462188,0.0,0.0
2015-07-31 00:00:00+05:30,278.8999938964844,280.25,275.75,277.9125061035156,255.55880737304688,5649500,0.0,0.0
2015-08-03 00:00:00+05:30,278.1875,279.375,273.36248779296875,273.8500061035156,251.82310485839844,4345728,0.0,0.0
2015-08-04 00:00:00+05:30,274.5249938964844,275.5,270.48748779296875,271.61248779296875,249.76553344726562,5390928,0.0,0.0
2015-08-05 00:00:00+05:30,273.0375061035156,274.42498779296875,271.29998779296875,273.04998779296875,251.0874786376953,4122780,0.0,0.0
2015-08-06 00:00:00+05:30,272.9750061035156,275.3374938964844,271.36248779296875,273.98748779296875,251.9495391845703,3743712,0.0,0.0
2015-08-07 00:00:00+05:30,273.48748779296875,274.375,272.1499938964844,273.1625061035156,251.19090270996094,3227140,0.0,0.0
2015-08-10 00:00:00+05:30,273.75,276.48748779296875,272.0,273.6625061035156,251.65066528320312,3954376,0.0,0.0
2015-08-11 00:00:00+05:30,273.76251220703125,274.7124938964844,271.0625,273.67498779296875,251.66221618652344,2727688,0.0,0.0
2015-08-12 00:00:00+05:30,272.1000061035156,273.7250061035156,266.92498779296875,267.61248779296875,246.0873260498047,6005740,0.0,0.0
2015-08-13 00:00:00+05:30,269.25,270.67498779296875,266.6499938964844,269.38751220703125,247.7195587158203,3465052,0.0,0.0
2015-08-14 00:00:00+05:30,270.7749938964844,275.9125061035156,269.9750061035156,275.45001220703125,253.29440307617188,3601660,0.0,0.0
2015-08-17 00:00:00+05:30,274.76251220703125,275.45001220703125,268.95001220703125,272.875,250.9264678955078,2500212,0.0,0.0
2015-08-18 00:00:00+05:30,272.8999938964844,274.0249938964844,269.61248779296875,271.5874938964844,249.74261474609375,1857316,0.0,0.0
2015-08-19 00:00:00+05:30,271.2124938964844,271.75,268.75,270.4624938964844,248.70802307128906,3004576,0.0,0.0
2015-08-20 00:00:00+05:30,267.0,271.1875,267.0,268.67498779296875,247.0642852783203,3044852,0.0,0.0
2015-08-21 00:00:00+05:30,266.0,268.23748779296875,262.75,265.32501220703125,243.9838104248047,7758972,0.0,0.0
2015-08-24 00:00:00+05:30,261.17498779296875,261.17498779296875,252.8125,254.7624969482422,234.27085876464844,14686328,0.0,0.0
2015-08-25 00:00:00+05:30,256.17498779296875,258.07501220703125,251.4250030517578,254.6125030517578,234.13294982910156,12347920,0.0,0.0
2015-08-26 00:00:00+05:30,254.35000610351562,257.25,252.25,253.375,232.9949493408203,5573000,0.0,0.0
2015-08-27 00:00:00+05:30,256.25,258.61248779296875,252.27499389648438,255.52499389648438,234.97201538085938,13873432,0.0,0.0
2015-08-28 00:00:00+05:30,257.76251220703125,260.6875,254.85000610351562,256.98748779296875,236.31689453125,5553136,0.0,0.0
2015-08-31 00:00:00+05:30,255.27499389648438,258.2250061035156,253.8874969482422,256.86248779296875,236.2019500732422,3441460,0.0,0.0
2015-09-01 00:00:00+05:30,255.3249969482422,255.3249969482422,248.25,250.02499389648438,229.91444396972656,10469144,0.0,0.0
2015-09-02 00:00:00+05:30,251.27499389648438,253.4875030517578,246.25,248.78750610351562,228.77647399902344,8681688,0.0,0.0
2015-09-03 00:00:00+05:30,250.5749969482422,253.75,249.75,252.5749969482422,232.25933837890625,6507368,0.0,0.0
2015-09-04 00:00:00+05:30,250.5500030517578,251.5,245.0,249.0124969482422,228.98336791992188,11404592,0.0,0.0
2015-09-07 00:00:00+05:30,250.25,252.4499969482422,245.0,246.1125030517578,226.31666564941406,5381740,0.0,0.0
2015-09-08 00:00:00+05:30,246.6750030517578,252.5,244.25,251.0124969482422,230.822509765625,7444488,0.0,0.0
2015-09-09 00:00:00+05:30,253.625,256.25,251.25,254.0749969482422,233.63870239257812,6553120,0.0,0.0
2015-09-10 00:00:00+05:30,250.75,254.2375030517578,249.0749969482422,252.75,232.42025756835938,4463740,0.0,0.0
2015-09-11 00:00:00+05:30,253.625,255.0,251.6999969482422,252.625,232.30531311035156,4301760,0.0,0.0
2015-09-14 00:00:00+05:30,252.21249389648438,255.5749969482422,250.875,254.9250030517578,234.4203338623047,5060344,0.0,0.0
2015-09-15 00:00:00+05:30,254.4875030517578,254.91250610351562,252.02499389648438,253.28750610351562,232.91452026367188,4332728,0.0,0.0
2015-09-16 00:00:00+05:30,254.72500610351562,257.0249938964844,252.8874969482422,255.83749389648438,235.25938415527344,4254052,0.0,0.0
2015-09-18 00:00:00+05:30,258.75,265.5,257.7875061035156,262.4375,241.32852172851562,7841168,0.0,0.0
2015-09-21 00:00:00+05:30,259.48748779296875,263.75,259.0874938964844,263.23748779296875,242.06423950195312,4276688,0.0,0.0
2015-09-22 00:00:00+05:30,262.51251220703125,265.0,256.32501220703125,257.6625061035156,236.93760681152344,6025212,0.0,0.0
2015-09-23 00:00:00+05:30,254.8000030517578,263.36248779296875,254.66250610351562,262.29998779296875,241.2021026611328,5161152,0.0,0.0
2015-09-24 00:00:00+05:30,261.75,263.5,259.0,262.8500061035156,241.70785522460938,8252836,0.0,0.0
2015-09-28 00:00:00+05:30,263.75,265.0,260.7749938964844,261.6000061035156,240.55844116210938,5777108,0.0,0.0
2015-09-29 00:00:00+05:30,258.0,268.4750061035156,256.2749938964844,266.20001220703125,244.7884521484375,10418840,0.0,0.0
2015-09-30 00:00:00+05:30,267.0,268.25,265.3374938964844,267.20001220703125,245.70799255371094,9027796,0.0,0.0
2015-10-01 00:00:00+05:30,268.79998779296875,269.2250061035156,264.8374938964844,266.9125061035156,245.44361877441406,5034788,0.0,0.0
2015-10-05 00:00:00+05:30,269.29998779296875,276.20001220703125,269.29998779296875,274.5874938964844,252.50123596191406,8053372,0.0,0.0
2015-10-06 00:00:00+05:30,276.75,276.9750061035156,270.75,271.48748779296875,249.65065002441406,4758964,0.0,0.0
2015-10-07 00:00:00+05:30,272.0,274.5874938964844,270.8374938964844,271.9375,250.06442260742188,4386268,0.0,0.0
2015-10-08 00:00:00+05:30,272.0249938964844,272.67498779296875,268.8500061035156,270.7749938964844,248.99542236328125,3881908,0.0,0.0
2015-10-09 00:00:00+05:30,273.75,273.75,270.04998779296875,271.5375061035156,249.69662475585938,3443228,0.0,0.0
2015-10-12 00:00:00+05:30,271.92498779296875,273.875,269.45001220703125,270.13751220703125,248.40919494628906,2217340,0.0,0.0
2015-10-13 00:00:00+05:30,268.88751220703125,270.5375061035156,268.29998779296875,269.0874938964844,247.4436798095703,1823652,0.0,0.0
2015-10-14 00:00:00+05:30,267.20001220703125,271.625,266.76251220703125,271.1875,249.37472534179688,2749148,0.0,0.0
2015-10-15 00:00:00+05:30,271.42498779296875,274.125,270.25,271.0375061035156,249.23678588867188,3925952,0.0,0.0
2015-10-16 00:00:00+05:30,272.5,275.375,271.25,275.01251220703125,252.89207458496094,4843688,0.0,0.0
2015-10-19 00:00:00+05:30,275.0,275.5249938964844,273.57501220703125,274.45001220703125,252.37484741210938,2654220,0.0,0.0
2015-10-20 00:00:00+05:30,274.5,275.7250061035156,272.79998779296875,273.7250061035156,251.70814514160156,3851356,0.0,0.0
2015-10-21 00:00:00+05:30,274.7250061035156,276.0,271.25,273.75,251.73114013671875,7273204,0.0,0.0
2015-10-23 00:00:00+05:30,274.86248779296875,278.42498779296875,274.0,277.125,254.8346710205078,4467048,0.0,0.0
2015-10-26 00:00:00+05:30,278.48748779296875,278.54998779296875,274.25,275.375,253.22547912597656,4887984,0.0,0.0
2015-10-27 00:00:00+05:30,273.88751220703125,278.5,273.88751220703125,277.7250061035156,255.3863983154297,8984032,0.0,0.0
2015-10-28 00:00:00+05:30,276.26251220703125,281.0,276.26251220703125,277.875,255.5243377685547,7694760,0.0,0.0
2015-10-29 00:00:00+05:30,277.5,278.625,275.0,275.88751220703125,253.69671630859375,6702368,0.0,0.0
2015-10-30 00:00:00+05:30,275.5,278.0,272.61248779296875,274.8999938964844,252.7886505126953,8097460,0.0,0.0
2015-11-02 00:00:00+05:30,273.76251220703125,273.9750061035156,269.125,270.7749938964844,248.99542236328125,3156552,0.0,0.0
2015-11-03 00:00:00+05:30,272.73748779296875,273.0,269.79998779296875,271.2250061035156,249.4092559814453,2548592,0.0,0.0
2015-11-04 00:00:00+05:30,272.51251220703125,274.5249938964844,269.5625,270.42498779296875,248.67355346679688,2696444,0.0,0.0
2015-11-05 00:00:00+05:30,269.625,270.75,267.375,269.9624938964844,248.24826049804688,3596952,0.0,0.0
2015-11-06 00:00:00+05:30,270.17498779296875,272.25,268.8125,270.2250061035156,248.48968505859375,5881004,0.0,0.0
2015-11-09 00:00:00+05:30,264.5,267.4125061035156,262.75,266.20001220703125,244.7884521484375,11429432,0.0,0.0
2015-11-10 00:00:00+05:30,265.01251220703125,266.25,263.11248779296875,263.6499938964844,242.4435272216797,4402580,0.0,0.0
2015-11-13 00:00:00+05:30,262.3500061035156,263.75,260.25,263.01251220703125,241.8572998046875,3940028,0.0,0.0
2015-11-16 00:00:00+05:30,262.1875,266.25,261.3125,265.23748779296875,243.9033203125,4734732,0.0,0.0
2015-11-17 00:00:00+05:30,265.82501220703125,265.95001220703125,262.79998779296875,265.20001220703125,243.86886596679688,2567404,0.0,0.0
2015-11-18 00:00:00+05:30,265.42498779296875,266.4624938964844,261.57501220703125,262.1499938964844,241.0641632080078,2446720,0.0,0.0
2015-11-19 00:00:00+05:30,263.75,267.73748779296875,262.3999938964844,267.2250061035156,245.73094177246094,3277680,0.0,0.0
2015-11-20 00:00:00+05:30,266.2250061035156,270.0625,265.0,267.7124938964844,246.1792449951172,4648160,0.0,0.0
2015-11-23 00:00:00+05:30,268.5,268.875,264.76251220703125,266.51251220703125,245.07577514648438,3408280,0.0,0.0
2015-11-24 00:00:00+05:30,266.3125,268.375,265.5249938964844,266.0874938964844,244.68492126464844,4002252,0.0,0.0
2015-11-26 00:00:00+05:30,264.75,266.75,262.7749938964844,265.98748779296875,244.59295654296875,8791484,0.0,0.0
2015-11-27 00:00:00+05:30,266.2124938964844,270.54998779296875,265.23748779296875,269.8500061035156,248.14486694335938,6925072,0.0,0.0
2015-11-30 00:00:00+05:30,269.79998779296875,270.25,267.42498779296875,269.4375,247.76548767089844,5247776,0.0,0.0
2015-12-01 00:00:00+05:30,269.26251220703125,271.2250061035156,268.375,270.75,248.9724578857422,1895332,0.0,0.0
2015-12-02 00:00:00+05:30,272.5,273.17498779296875,267.9624938964844,269.45001220703125,247.7770233154297,2562284,0.0,0.0
2015-12-03 00:00:00+05:30,268.125,270.25,266.82501220703125,269.1875,247.53562927246094,3807712,0.0,0.0
2015-12-04 00:00:00+05:30,268.3999938964844,268.3999938964844,264.0,264.7250061035156,243.43206787109375,5859828,0.0,0.0
2015-12-07 00:00:00+05:30,267.04998779296875,267.7749938964844,265.2749938964844,265.48748779296875,244.13320922851562,5814808,0.0,0.0
2015-12-08 00:00:00+05:30,265.25,265.4750061035156,261.75,262.3125,241.21360778808594,4902660,0.0,0.0
2015-12-09 00:00:00+05:30,261.7749938964844,264.25,261.2124938964844,261.86248779296875,240.79978942871094,3890616,0.0,0.0
2015-12-10 00:00:00+05:30,261.25,265.79998779296875,260.57501220703125,265.1499938964844,243.82286071777344,6514340,0.0,0.0
2015-12-11 00:00:00+05:30,265.0,265.1499938964844,260.5,261.5874938964844,240.54690551757812,3033920,0.0,0.0
2015-12-14 00:00:00+05:30,260.25,264.9624938964844,260.0249938964844,263.76251220703125,242.5469970703125,5878016,0.0,0.0
2015-12-15 00:00:00+05:30,263.25,265.61248779296875,261.32501220703125,264.86248779296875,243.55850219726562,4557416,0.0,0.0
2015-12-16 00:00:00+05:30,265.75,268.3374938964844,264.8374938964844,266.82501220703125,245.36309814453125,6842768,0.0,0.0
2015-12-17 00:00:00+05:30,268.4750061035156,271.0,266.25,270.0625,248.34022521972656,4878012,0.0,0.0
2015-12-18 00:00:00+05:30,271.25,271.25,267.125,268.25,246.67352294921875,3172128,0.0,0.0
2015-12-21 00:00:00+05:30,267.9375,269.9750061035156,267.26251220703125,268.8500061035156,247.22528076171875,3097500,0.0,0.0
2015-12-22 00:00:00+05:30,268.625,269.125,266.0,266.61248779296875,245.16770935058594,2429536,0.0,0.0
2015-12-23 00:00:00+05:30,268.1499938964844,269.48748779296875,267.2875061035156,268.5249938964844,246.9263916015625,3013968,0.0,0.0
2015-12-24 00:00:00+05:30,269.04998779296875,269.1000061035156,267.07501220703125,268.5,246.90342712402344,2146352,0.0,0.0
2015-12-28 00:00:00+05:30,268.5,269.9750061035156,266.9375,269.3125,247.6505889892578,7755428,0.0,0.0
2015-12-29 00:00:00+05:30,269.73748779296875,269.9624938964844,267.82501220703125,269.48748779296875,247.8114776611328,4231612,0.0,0.0
2015-12-30 00:00:00+05:30,270.0,270.48748779296875,268.13751220703125,268.57501220703125,246.97238159179688,2112560,0.0,0.0
2015-12-31 00:00:00+05:30,268.75,271.2250061035156,268.75,270.5375061035156,248.77703857421875,9290008,0.0,0.0
2016-01-01 00:00:00+05:30,270.6000061035156,272.5625,269.0375061035156,272.1875,250.2943115234375,3195076,0.0,0.0
2016-01-04 00:00:00+05:30,271.0,271.0,267.0249938964844,267.625,246.0988006591797,5187536,0.0,0.0
2016-01-05 00:00:00+05:30,267.54998779296875,268.70001220703125,265.3374938964844,265.6000061035156,244.2366943359375,3160872,0.0,0.0
2016-01-06 00:00:00+05:30,264.1625061035156,269.1875,264.1625061035156,266.7749938964844,245.31715393066406,4165536,0.0,0.0
2016-01-07 00:00:00+05:30,265.0249938964844,266.2250061035156,262.42498779296875,264.04998779296875,242.81134033203125,6055428,0.0,0.0
2016-01-08 00:00:00+05:30,265.48748779296875,266.125,264.3125,265.5874938964844,244.2251739501953,3488356,0.0,0.0
2016-01-11 00:00:00+05:30,263.01251220703125,265.25,261.32501220703125,264.6499938964844,243.3631134033203,3288912,0.0,0.0
2016-01-12 00:00:00+05:30,265.9750061035156,265.9750061035156,260.875,261.73748779296875,240.68484497070312,4258736,0.0,0.0
2016-01-13 00:00:00+05:30,263.0,265.6875,259.25,265.0375061035156,243.7194061279297,4515148,0.0,0.0
2016-01-14 00:00:00+05:30,262.5375061035156,264.3500061035156,259.875,262.4375,241.32852172851562,6279184,0.0,0.0
2016-01-15 00:00:00+05:30,262.0,263.86248779296875,259.5249938964844,260.5375061035156,239.5813751220703,5417260,0.0,0.0
2016-01-18 00:00:00+05:30,258.9125061035156,260.36248779296875,255.25,256.4624938964844,235.83413696289062,6495388,0.0,0.0
2016-01-19 00:00:00+05:30,256.79998779296875,259.38751220703125,256.57501220703125,258.95001220703125,238.12161254882812,6405212,0.0,0.0
2016-01-20 00:00:00+05:30,256.25,277.0,251.97500610351562,254.5749969482422,234.09848022460938,9563588,0.0,0.0
2016-01-21 00:00:00+05:30,255.25,258.3125,253.35000610351562,255.75,235.17897033691406,6300804,0.0,0.0
2016-01-22 00:00:00+05:30,256.42498779296875,261.0625,255.5124969482422,257.57501220703125,236.85716247558594,4236284,0.0,0.0
2016-01-25 00:00:00+05:30,259.98748779296875,261.67498779296875,258.26251220703125,260.2875061035156,239.35145568847656,10143884,0.0,0.0
2016-01-27 00:00:00+05:30,262.11248779296875,262.17498779296875,258.25,258.9125061035156,238.0871124267578,4039468,0.0,0.0
2016-01-28 00:00:00+05:30,259.75,261.7250061035156,257.5,257.92498779296875,237.17898559570312,9951972,0.0,0.0
2016-01-29 00:00:00+05:30,258.79998779296875,263.73748779296875,258.79998779296875,262.4624938964844,241.35154724121094,5360184,0.0,0.0
2016-02-01 00:00:00+05:30,264.5,266.75,263.42498779296875,264.9375,243.62747192382812,4609484,0.0,0.0
2016-02-02 00:00:00+05:30,266.25,266.3125,262.54998779296875,263.45001220703125,242.25965881347656,6528628,0.0,0.0
2016-02-03 00:00:00+05:30,261.125,262.8500061035156,260.5,260.9624938964844,239.97219848632812,4850244,0.0,0.0
2016-02-04 00:00:00+05:30,262.0,263.7250061035156,261.38751220703125,262.29998779296875,241.2021026611328,5675992,0.0,0.0
2016-02-05 00:00:00+05:30,263.20001220703125,265.95001220703125,261.3999938964844,263.8125,242.5929718017578,7523904,0.0,0.0
2016-02-08 00:00:00+05:30,263.75,264.5,257.57501220703125,258.9624938964844,238.133056640625,3481924,0.0,0.0
2016-02-09 00:00:00+05:30,256.67498779296875,257.88751220703125,255.16250610351562,256.51251220703125,235.8801727294922,5535460,0.0,0.0
2016-02-10 00:00:00+05:30,255.97500610351562,257.5375061035156,252.52499389648438,253.2375030517578,232.86854553222656,7682280,0.0,0.0
2016-02-11 00:00:00+05:30,252.5,253.25,242.0500030517578,243.8249969482422,224.21311950683594,8803600,0.0,0.0
2016-02-12 00:00:00+05:30,244.75,246.6125030517578,241.5,242.85000610351562,223.3165283203125,12542144,0.0,0.0
2016-02-15 00:00:00+05:30,245.0,247.0625,242.77499389648438,243.39999389648438,223.8223114013672,10912960,0.0,0.0
2016-02-16 00:00:00+05:30,245.375,245.5,240.5,243.3625030517578,223.78785705566406,7136096,0.0,0.0
2016-02-17 00:00:00+05:30,244.22500610351562,244.97500610351562,239.75,243.72500610351562,224.12120056152344,7503924,0.0,0.0
2016-02-18 00:00:00+05:30,246.5,247.8125,244.25,247.3625030517578,227.46609497070312,6799856,0.0,0.0
2016-02-19 00:00:00+05:30,247.1875,248.14999389648438,243.375,247.3249969482422,227.43161010742188,3328660,0.0,0.0
2016-02-22 00:00:00+05:30,245.75,249.0,245.75,247.1875,227.30514526367188,4002396,0.0,0.0
2016-02-23 00:00:00+05:30,246.22500610351562,246.375,241.5,242.5124969482422,223.00619506835938,6078320,0.0,0.0
2016-02-24 00:00:00+05:30,240.0,240.72500610351562,236.60000610351562,237.39999389648438,218.3048858642578,6463468,0.0,0.0
2016-02-25 00:00:00+05:30,238.5,239.3125,234.5500030517578,235.66250610351562,216.70718383789062,8463196,0.0,0.0
2016-02-26 00:00:00+05:30,237.5,242.75,236.25,240.25,220.92568969726562,6209388,0.0,0.0
2016-02-29 00:00:00+05:30,240.27499389648438,245.64999389648438,232.0,242.96249389648438,223.41998291015625,8812752,0.0,0.0
2016-03-01 00:00:00+05:30,243.7375030517578,246.6875,242.96249389648438,246.03750610351562,226.24769592285156,4322560,0.0,0.0
2016-03-02 00:00:00+05:30,249.5,252.72500610351562,248.75,251.8000030517578,231.54669189453125,6358976,0.0,0.0
2016-03-03 00:00:00+05:30,252.6875,255.0,252.5,253.96249389648438,233.5352325439453,4610400,0.0,0.0
2016-03-04 00:00:00+05:30,253.8625030517578,256.2250061035156,248.27499389648438,255.1374969482422,234.61573791503906,5704624,0.0,0.0
2016-03-08 00:00:00+05:30,256.0,256.0,252.375,253.53750610351562,233.14442443847656,1913688,0.0,0.0
2016-03-09 00:00:00+05:30,253.25,257.4750061035156,251.6875,256.20001220703125,235.59278869628906,6528172,0.0,0.0
2016-03-10 00:00:00+05:30,256.20001220703125,256.4375,252.52499389648438,255.3125,234.77664184570312,2671392,0.0,0.0
2016-03-11 00:00:00+05:30,254.97500610351562,257.70001220703125,253.25,257.17498779296875,236.48934936523438,4730856,0.0,0.0
2016-03-14 00:00:00+05:30,257.0,259.48748779296875,256.3125,256.88751220703125,236.22494506835938,3008656,0.0,0.0
2016-03-15 00:00:00+05:30,256.9750061035156,258.3500061035156,255.41250610351562,256.67498779296875,236.02957153320312,7690036,0.0,0.0
2016-03-16 00:00:00+05:30,256.75,258.5625,254.7375030517578,257.61248779296875,236.89161682128906,4803548,0.0,0.0
2016-03-17 00:00:00+05:30,258.73748779296875,259.75,252.78750610351562,254.60000610351562,234.12147521972656,5113484,0.0,0.0
2016-03-18 00:00:00+05:30,255.7375030517578,258.0,253.83749389648438,257.1000061035156,236.42039489746094,4135068,0.0,0.0
2016-03-21 00:00:00+05:30,258.25,261.8374938964844,258.0625,261.3999938964844,240.37449645996094,5318796,0.0,0.0
2016-03-22 00:00:00+05:30,261.625,264.1499938964844,260.17498779296875,263.4624938964844,242.27108764648438,4120264,0.0,0.0
2016-03-23 00:00:00+05:30,263.26251220703125,263.26251220703125,260.13751220703125,262.3374938964844,241.23660278320312,8464300,0.0,0.0
2016-03-28 00:00:00+05:30,261.25,263.25,260.4125061035156,261.875,240.8113250732422,11270868,0.0,0.0
2016-03-29 00:00:00+05:30,261.875,264.875,261.0625,263.45001220703125,242.25965881347656,6733952,0.0,0.0
2016-03-30 00:00:00+05:30,264.5,267.4750061035156,263.4750061035156,266.23748779296875,244.82290649414062,7814380,0.0,0.0
2016-03-31 00:00:00+05:30,266.7124938964844,269.7250061035156,266.26251220703125,267.7875061035156,246.2482452392578,20080392,0.0,0.0
2016-04-01 00:00:00+05:30,267.20001220703125,269.1000061035156,264.20001220703125,266.11248779296875,244.70797729492188,5158648,0.0,0.0
2016-04-04 00:00:00+05:30,266.29998779296875,268.20001220703125,266.0,267.26251220703125,245.7654266357422,6179960,0.0,0.0
2016-04-05 00:00:00+05:30,267.25,269.2250061035156,263.9125061035156,264.36248779296875,243.0986785888672,6663028,0.0,0.0
2016-04-06 00:00:00+05:30,265.25,266.73748779296875,264.1875,265.375,244.02978515625,4295376,0.0,0.0
2016-04-07 00:00:00+05:30,266.0,266.1875,261.76251220703125,263.875,242.6504669189453,3911692,0.0,0.0
2016-04-08 00:00:00+05:30,263.75,265.8374938964844,263.5625,264.8374938964844,243.5355224609375,2962796,0.0,0.0
2016-04-11 00:00:00+05:30,265.07501220703125,268.5249938964844,260.7124938964844,267.73748779296875,246.20225524902344,4049620,0.0,0.0
2016-04-12 00:00:00+05:30,267.3999938964844,267.75,264.8125,265.75,244.37461853027344,4941480,0.0,0.0
2016-04-13 00:00:00+05:30,268.0,271.23748779296875,267.375,270.4375,248.68507385253906,4974604,0.0,0.0
2016-04-18 00:00:00+05:30,270.875,273.0,267.8999938964844,271.95001220703125,250.07594299316406,4117068,0.0,0.0
2016-04-20 00:00:00+05:30,272.9750061035156,275.0,270.88751220703125,274.4624938964844,252.38633728027344,3821352,0.0,0.0
2016-04-21 00:00:00+05:30,273.75,276.2875061035156,272.25,272.7875061035156,250.84605407714844,8191728,0.0,0.0
2016-04-22 00:00:00+05:30,272.375,275.2124938964844,271.29998779296875,273.0375061035156,251.07595825195312,7809320,0.0,0.0
2016-04-25 00:00:00+05:30,275.0,275.0,271.125,273.3125,251.3288116455078,5561960,0.0,0.0
2016-04-26 00:00:00+05:30,273.75,278.75,273.125,278.4624938964844,256.0645446777344,7053796,0.0,0.0
2016-04-27 00:00:00+05:30,277.4624938964844,281.25,277.25,281.04998779296875,258.4440002441406,5763636,0.0,0.0
2016-04-28 00:00:00+05:30,281.04998779296875,284.17498779296875,277.5874938964844,278.48748779296875,256.087646484375,8089584,0.0,0.0
2016-04-29 00:00:00+05:30,278.45001220703125,284.0,276.54998779296875,283.0874938964844,260.3175964355469,5611940,0.0,0.0
2016-05-02 00:00:00+05:30,281.9375,282.5,279.0,279.4125061035156,256.9381408691406,3862716,0.0,0.0
2016-05-03 00:00:00+05:30,280.4750061035156,283.75,278.2875061035156,279.5,257.0186462402344,4695296,0.0,0.0
2016-05-04 00:00:00+05:30,279.375,283.625,278.5625,281.8374938964844,259.1681213378906,5292328,0.0,0.0
2016-05-05 00:00:00+05:30,282.0,283.6875,280.67498779296875,283.07501220703125,260.3060607910156,5214248,0.0,0.0
2016-05-06 00:00:00+05:30,283.0,283.0625,279.3125,279.9125061035156,257.3979797363281,2733152,0.0,0.0
2016-05-09 00:00:00+05:30,280.0,286.23748779296875,279.75,285.3500061035156,262.3980712890625,6953180,0.0,0.0
2016-05-10 00:00:00+05:30,285.875,286.875,284.0249938964844,286.2250061035156,263.2027282714844,5453000,0.0,0.0
2016-05-11 00:00:00+05:30,283.67498779296875,286.25,282.42498779296875,284.70001220703125,261.8003845214844,6147372,0.0,0.0
2016-05-12 00:00:00+05:30,286.0,288.0,283.125,287.2749938964844,264.1682434082031,4221688,0.0,0.0
2016-05-13 00:00:00+05:30,287.0,287.0,282.5,285.2250061035156,262.283203125,5045316,0.0,0.0
2016-05-16 00:00:00+05:30,286.25,291.4750061035156,283.13751220703125,290.70001220703125,267.3177490234375,4518768,0.0,0.0
2016-05-17 00:00:00+05:30,291.26251220703125,292.3125,287.82501220703125,288.36248779296875,265.16827392578125,4295424,0.0,0.0
2016-05-18 00:00:00+05:30,287.75,287.75,282.875,285.1625061035156,262.2256774902344,4162644,0.0,0.0
2016-05-19 00:00:00+05:30,285.0249938964844,285.67498779296875,283.0,284.82501220703125,261.9153747558594,3855796,0.0,0.0
2016-05-20 00:00:00+05:30,284.98748779296875,287.125,283.3999938964844,285.2250061035156,262.283203125,2016632,0.0,0.0
2016-05-23 00:00:00+05:30,285.48748779296875,287.48748779296875,283.29998779296875,284.1875,261.3291320800781,3463532,0.0,0.0
2016-05-24 00:00:00+05:30,284.6000061035156,285.9125061035156,283.88751220703125,284.98748779296875,262.0647277832031,3259468,0.0,0.0
2016-05-25 00:00:00+05:30,286.57501220703125,293.98748779296875,286.57501220703125,293.32501220703125,269.731689453125,5767348,0.0,0.0
2016-05-26 00:00:00+05:30,294.0249938964844,297.2250061035156,291.5625,295.8125,272.0190734863281,13705560,0.0,0.0
2016-05-27 00:00:00+05:30,295.8125,297.5,294.17498779296875,296.70001220703125,272.835205078125,5775184,0.0,0.0
2016-05-30 00:00:00+05:30,296.75,298.75,294.5249938964844,294.9375,271.2144775390625,3814532,0.0,0.0
2016-05-31 00:00:00+05:30,296.4750061035156,296.4750061035156,294.3500061035156,295.4750061035156,271.70867919921875,5515640,0.0,0.0
2016-06-01 00:00:00+05:30,295.73748779296875,295.73748779296875,292.75,293.7875061035156,270.1569519042969,5675632,0.0,0.0
2016-06-02 00:00:00+05:30,293.67498779296875,295.1499938964844,292.75,293.73748779296875,270.1109313964844,7910616,0.0,0.0
2016-06-03 00:00:00+05:30,295.0249938964844,296.25,292.26251220703125,292.9375,269.3752746582031,4524420,0.0,0.0
2016-06-06 00:00:00+05:30,294.0,295.6000061035156,292.51251220703125,292.7749938964844,269.2258605957031,5547308,0.0,0.0
2016-06-07 00:00:00+05:30,294.23748779296875,295.0,291.9125061035156,293.42498779296875,269.8236083984375,5628504,0.0,0.0
2016-06-08 00:00:00+05:30,293.95001220703125,294.5,290.25,290.6499938964844,267.2717590332031,4742812,0.0,0.0
2016-06-09 00:00:00+05:30,290.625,291.04998779296875,288.125,289.8500061035156,266.5361633300781,4648184,0.0,0.0
2016-06-10 00:00:00+05:30,289.6000061035156,293.17498779296875,289.04998779296875,290.3374938964844,266.98443603515625,6322312,0.0,0.0
2016-06-13 00:00:00+05:30,288.6875,291.23748779296875,287.76251220703125,288.2250061035156,265.0418395996094,3323236,0.0,0.0
2016-06-14 00:00:00+05:30,288.75,289.25,286.0625,287.9624938964844,264.8004150390625,3828768,0.0,0.0
2016-06-15 00:00:00+05:30,288.75,292.7250061035156,288.29998779296875,292.38751220703125,268.8695983886719,3045824,0.0,0.0
2016-06-16 00:00:00+05:30,291.63751220703125,292.2124938964844,288.8374938964844,290.5375061035156,267.16839599609375,4727768,0.0,0.0
2016-06-17 00:00:00+05:30,291.75,294.5,291.38751220703125,292.5,268.9729919433594,3761652,0.0,0.0
2016-06-20 00:00:00+05:30,289.75,294.8125,289.70001220703125,293.01251220703125,269.44427490234375,2742764,0.0,0.0
2016-06-21 00:00:00+05:30,293.75,293.86248779296875,290.29998779296875,291.6625061035156,268.202880859375,2670968,0.0,0.0
2016-06-22 00:00:00+05:30,291.5,293.75,291.5,292.875,269.3178405761719,3803840,0.0,0.0
2016-06-23 00:00:00+05:30,292.45001220703125,297.9624938964844,291.875,297.5249938964844,273.59381103515625,3926732,0.0,0.0
2016-06-24 00:00:00+05:30,289.9624938964844,292.9750061035156,286.75,290.4750061035156,267.1108703613281,11173964,0.0,0.0
2016-06-27 00:00:00+05:30,290.5,292.25,288.26251220703125,289.98748779296875,266.6625671386719,4163788,0.0,0.0
2016-06-28 00:00:00+05:30,290.3125,293.2749938964844,287.5,291.73748779296875,268.27178955078125,4034980,0.0,0.0
2016-06-29 00:00:00+05:30,291.25,292.375,289.92498779296875,292.07501220703125,270.78662109375,5420668,2.375,0.0
2016-06-30 00:00:00+05:30,292.75,295.0,290.5375061035156,294.11248779296875,272.6756591796875,16278892,0.0,0.0
2016-07-01 00:00:00+05:30,295.0,296.25,292.95001220703125,293.625,272.2236328125,4304876,0.0,0.0
2016-07-04 00:00:00+05:30,294.54998779296875,294.875,292.8500061035156,293.20001220703125,271.82965087890625,7249852,0.0,0.0
2016-07-05 00:00:00+05:30,293.20001220703125,293.57501220703125,290.5,291.3999938964844,270.1607971191406,2136328,0.0,0.0
2016-07-07 00:00:00+05:30,291.9750061035156,297.1875,290.2250061035156,296.4125061035156,274.8079528808594,4832616,0.0,0.0
2016-07-08 00:00:00+05:30,296.2749938964844,296.3999938964844,292.8125,293.7124938964844,272.30474853515625,3118868,0.0,0.0
2016-07-11 00:00:00+05:30,296.5,300.4750061035156,295.26251220703125,299.9375,278.0760498046875,5102532,0.0,0.0
2016-07-12 00:00:00+05:30,302.4750061035156,302.4750061035156,298.88751220703125,300.5375061035156,278.63238525390625,7046032,0.0,0.0
2016-07-13 00:00:00+05:30,299.95001220703125,300.48748779296875,298.32501220703125,299.4375,277.61248779296875,6687072,0.0,0.0
2016-07-14 00:00:00+05:30,300.25,300.5375061035156,298.04998779296875,300.0874938964844,278.2151184082031,3459668,0.0,0.0
2016-07-15 00:00:00+05:30,300.95001220703125,306.5,298.7749938964844,305.92498779296875,283.6271057128906,5774216,0.0,0.0
2016-07-18 00:00:00+05:30,306.25,309.625,305.6625061035156,306.86248779296875,284.496337890625,4438484,0.0,0.0
2016-07-19 00:00:00+05:30,307.25,307.6875,303.4624938964844,304.5874938964844,282.3870849609375,2586004,0.0,0.0
2016-07-20 00:00:00+05:30,305.75,309.625,305.4375,308.04998779296875,285.5972900390625,4690332,0.0,0.0
2016-07-21 00:00:00+05:30,307.67498779296875,309.9750061035156,305.625,307.1499938964844,284.7627868652344,9112904,0.0,0.0
2016-07-22 00:00:00+05:30,308.3374938964844,308.6625061035156,305.375,307.70001220703125,285.27276611328125,5620272,0.0,0.0
2016-07-25 00:00:00+05:30,308.25,312.36248779296875,306.75,311.73748779296875,289.0159606933594,9872884,0.0,0.0
2016-07-26 00:00:00+05:30,310.6000061035156,311.4125061035156,308.7875061035156,309.70001220703125,287.126953125,5665992,0.0,0.0
2016-07-27 00:00:00+05:30,310.25,311.88751220703125,307.5,309.23748779296875,286.69818115234375,10734736,0.0,0.0
2016-07-28 00:00:00+05:30,309.5,312.8125,308.88751220703125,312.11248779296875,289.36358642578125,10646528,0.0,0.0
2016-07-29 00:00:00+05:30,312.0,312.5,308.75,311.54998779296875,288.8421630859375,3395676,0.0,0.0
2016-08-01 00:00:00+05:30,312.25,314.73748779296875,306.9125061035156,310.57501220703125,287.938232421875,5560864,0.0,0.0
2016-08-02 00:00:00+05:30,311.75,314.11248779296875,310.1000061035156,310.82501220703125,288.1700134277344,5329396,0.0,0.0
2016-08-03 00:00:00+05:30,310.2749938964844,312.48748779296875,307.75,310.11248779296875,287.5094299316406,4733876,0.0,0.0
2016-08-04 00:00:00+05:30,311.6499938964844,311.67498779296875,308.3999938964844,310.25,287.63690185546875,4662880,0.0,0.0
2016-08-05 00:00:00+05:30,311.8500061035156,313.9125061035156,310.4375,312.3125,289.5490417480469,5784912,0.0,0.0
2016-08-08 00:00:00+05:30,313.2250061035156,313.75,311.13751220703125,312.3999938964844,289.6302185058594,4728776,0.0,0.0
2016-08-09 00:00:00+05:30,313.2250061035156,313.2250061035156,309.42498779296875,311.79998779296875,289.07391357421875,4210856,0.0,0.0
2016-08-10 00:00:00+05:30,311.25,312.73748779296875,304.9375,306.7250061035156,284.3688049316406,3619720,0.0,0.0
2016-08-11 00:00:00+05:30,306.70001220703125,308.75,305.5,307.0625,284.6817321777344,2856072,0.0,0.0
2016-08-12 00:00:00+05:30,307.76251220703125,308.75,304.8500061035156,307.17498779296875,284.7860412597656,4641496,0.0,0.0
2016-08-16 00:00:00+05:30,308.25,309.61248779296875,303.45001220703125,306.82501220703125,284.4615478515625,3468568,0.0,0.0
2016-08-17 00:00:00+05:30,308.3500061035156,309.375,306.5,308.7250061035156,286.2230224609375,5511036,0.0,0.0
2016-08-18 00:00:00+05:30,309.5,313.7250061035156,308.63751220703125,313.125,290.3023986816406,6111656,0.0,0.0
2016-08-19 00:00:00+05:30,312.5,312.5,310.36248779296875,311.7749938964844,289.05072021484375,4110636,0.0,0.0
2016-08-22 00:00:00+05:30,311.26251220703125,313.61248779296875,310.25,312.57501220703125,289.79248046875,5501292,0.0,0.0
2016-08-23 00:00:00+05:30,312.75,313.5,311.51251220703125,312.86248779296875,290.0589599609375,5314524,0.0,0.0
2016-08-24 00:00:00+05:30,313.01251220703125,316.04998779296875,311.76251220703125,315.45001220703125,292.4579162597656,5570936,0.0,0.0
2016-08-25 00:00:00+05:30,316.0,316.70001220703125,313.57501220703125,314.63751220703125,291.70458984375,8729888,0.0,0.0
2016-08-26 00:00:00+05:30,315.0,315.4750061035156,313.4750061035156,314.2749938964844,291.3685302734375,2521136,0.0,0.0
2016-08-29 00:00:00+05:30,313.875,313.875,309.04998779296875,309.5249938964844,286.96478271484375,2944184,0.0,0.0
2016-08-30 00:00:00+05:30,311.2749938964844,317.625,310.98748779296875,317.1625061035156,294.04559326171875,9867608,0.0,0.0
2016-08-31 00:00:00+05:30,317.25,323.75,316.375,322.79998779296875,299.2721862792969,11161364,0.0,0.0
2016-09-01 00:00:00+05:30,322.0,322.5,318.8500061035156,320.92498779296875,297.5338134765625,5224676,0.0,0.0
2016-09-02 00:00:00+05:30,321.375,322.25,320.2875061035156,321.2749938964844,297.85833740234375,3955188,0.0,0.0
2016-09-06 00:00:00+05:30,322.51251220703125,325.9750061035156,322.51251220703125,325.1000061035156,301.404541015625,5508884,0.0,0.0
2016-09-07 00:00:00+05:30,325.25,326.25,320.7749938964844,321.6875,298.2407531738281,4016444,0.0,0.0
2016-09-08 00:00:00+05:30,322.5,323.8125,320.8999938964844,322.3500061035156,298.85498046875,2905380,0.0,0.0
2016-09-09 00:00:00+05:30,322.5,323.625,319.57501220703125,322.6000061035156,299.0867919921875,4013768,0.0,0.0
2016-09-12 00:00:00+05:30,318.67498779296875,321.1000061035156,317.875,319.9750061035156,296.653076171875,3985728,0.0,0.0
2016-09-14 00:00:00+05:30,318.75,319.25,316.3500061035156,317.36248779296875,294.2309875488281,3849508,0.0,0.0
2016-09-15 00:00:00+05:30,318.0,320.9750061035156,317.4624938964844,319.8999938964844,296.5835266113281,3501812,0.0,0.0
2016-09-16 00:00:00+05:30,320.95001220703125,326.125,320.95001220703125,324.4624938964844,300.8134765625,6525816,0.0,0.0
2016-09-19 00:00:00+05:30,324.25,325.625,322.0,322.5375061035156,299.0287780761719,5894832,0.0,0.0
2016-09-20 00:00:00+05:30,323.1625061035156,323.75,321.01251220703125,322.11248779296875,298.63482666015625,3778248,0.0,0.0
2016-09-21 00:00:00+05:30,323.0,324.5,321.9750061035156,323.25,299.6894226074219,4256400,0.0,0.0
2016-09-22 00:00:00+05:30,326.25,329.23748779296875,325.13751220703125,326.7250061035156,302.9111022949219,6555800,0.0,0.0
2016-09-23 00:00:00+05:30,326.51251220703125,329.61248779296875,325.375,328.17498779296875,304.2554016113281,4876808,0.0,0.0
2016-09-26 00:00:00+05:30,326.5249938964844,327.2250061035156,323.42498779296875,324.0375061035156,300.41949462890625,5576772,0.0,0.0
2016-09-27 00:00:00+05:30,324.75,326.5375061035156,323.7124938964844,324.51251220703125,300.85992431640625,4056812,0.0,0.0
2016-09-28 00:00:00+05:30,324.9750061035156,325.0,322.25,323.8125,300.2108459472656,4989652,0.0,0.0
2016-09-29 00:00:00+05:30,324.48748779296875,326.5,316.98748779296875,319.375,296.0968017578125,16450012,0.0,0.0
2016-09-30 00:00:00+05:30,319.2749938964844,320.25,316.8500061035156,318.2124938964844,295.0190734863281,4138428,0.0,0.0
2016-10-03 00:00:00+05:30,320.25,322.4750061035156,319.1000061035156,321.79998779296875,298.34503173828125,3900548,0.0,0.0
2016-10-04 00:00:00+05:30,322.1499938964844,323.75,320.57501220703125,322.38751220703125,298.8897399902344,2775512,0.0,0.0
2016-10-05 00:00:00+05:30,324.5,325.01251220703125,319.1000061035156,321.5249938964844,298.090087890625,3647020,0.0,0.0
2016-10-06 00:00:00+05:30,321.7749938964844,323.8999938964844,319.76251220703125,320.48748779296875,297.1282043457031,2895712,0.0,0.0
2016-10-07 00:00:00+05:30,321.0,321.9375,319.0625,320.1499938964844,296.8153076171875,3337464,0.0,0.0
2016-10-10 00:00:00+05:30,321.25,321.9750061035156,319.6875,321.0874938964844,297.6844482421875,4719312,0.0,0.0
2016-10-13 00:00:00+05:30,319.75,319.75,314.11248779296875,315.6875,292.6781005859375,4519356,0.0,0.0
2016-10-14 00:00:00+05:30,316.4375,317.0,313.5,315.45001220703125,292.4579162597656,4067116,0.0,0.0
2016-10-17 00:00:00+05:30,316.375,316.6000061035156,308.1875,309.42498779296875,286.8720703125,5135360,0.0,0.0
2016-10-18 00:00:00+05:30,310.79998779296875,315.0,309.75,314.4624938964844,291.5423583984375,2610968,0.0,0.0
2016-10-19 00:00:00+05:30,315.2749938964844,315.75,312.0,314.5874938964844,291.6582946777344,3044904,0.0,0.0
2016-10-20 00:00:00+05:30,315.0625,316.86248779296875,312.75,313.875,290.9976806640625,3200356,0.0,0.0
2016-10-21 00:00:00+05:30,314.0,318.23748779296875,312.5,317.67498779296875,294.5207214355469,3956408,0.0,0.0
2016-10-24 00:00:00+05:30,317.9375,319.2124938964844,315.26251220703125,315.88751220703125,292.863525390625,3255664,0.0,0.0
2016-10-25 00:00:00+05:30,317.0,317.0,311.01251220703125,312.57501220703125,289.79248046875,5501796,0.0,0.0
2016-10-26 00:00:00+05:30,310.8374938964844,316.25,308.76251220703125,309.82501220703125,287.24285888671875,5366540,0.0,0.0
2016-10-27 00:00:00+05:30,309.75,314.25,306.0375061035156,313.0249938964844,290.2096252441406,11623860,0.0,0.0
2016-10-28 00:00:00+05:30,313.625,315.4750061035156,310.0249938964844,314.76251220703125,291.8205261230469,5320536,0.0,0.0
2016-11-01 00:00:00+05:30,314.0,315.9624938964844,311.76251220703125,314.95001220703125,291.99432373046875,3402416,0.0,0.0
2016-11-02 00:00:00+05:30,312.7749938964844,313.92498779296875,310.375,311.5375061035156,288.83056640625,6474432,0.0,0.0
2016-11-03 00:00:00+05:30,311.25,315.0,307.9375,313.73748779296875,290.87017822265625,6315812,0.0,0.0
2016-11-04 00:00:00+05:30,313.20001220703125,313.20001220703125,310.4375,310.92498779296875,288.2626953125,5734920,0.0,0.0
2016-11-07 00:00:00+05:30,313.0,313.7124938964844,310.0,312.36248779296875,289.5954284667969,5671392,0.0,0.0
2016-11-08 00:00:00+05:30,312.7749938964844,314.5,310.0249938964844,313.57501220703125,290.71954345703125,5348164,0.0,0.0
2016-11-09 00:00:00+05:30,300.0,314.3500061035156,298.8374938964844,312.8125,290.0126647949219,13645468,0.0,0.0
2016-11-10 00:00:00+05:30,315.9375,320.75,313.5249938964844,319.63751220703125,296.3401794433594,10700736,0.0,0.0
2016-11-11 00:00:00+05:30,318.5,320.5,316.3999938964844,318.95001220703125,295.7027893066406,7139320,0.0,0.0
2016-11-15 00:00:00+05:30,319.375,322.25,312.6625061035156,313.6875,290.8238220214844,12512524,0.0,0.0
2016-11-16 00:00:00+05:30,317.0,317.0,310.01251220703125,311.0874938964844,288.4133605957031,8647744,0.0,0.0
2016-11-17 00:00:00+05:30,309.57501220703125,312.2250061035156,306.2875061035156,307.54998779296875,285.1336364746094,4815624,0.0,0.0
2016-11-18 00:00:00+05:30,309.0,309.0,302.29998779296875,302.8500061035156,280.7762756347656,6879900,0.0,0.0
2016-11-21 00:00:00+05:30,304.875,304.875,297.0874938964844,299.67498779296875,277.8326721191406,5552520,0.0,0.0
2016-11-22 00:00:00+05:30,301.70001220703125,301.70001220703125,297.3374938964844,299.51251220703125,277.6820373535156,10017784,0.0,0.0
2016-11-23 00:00:00+05:30,300.75,300.75,295.2749938964844,296.1875,274.599365234375,3532692,0.0,0.0
2016-11-24 00:00:00+05:30,296.0,296.57501220703125,290.2250061035156,291.375,270.13763427734375,15285996,0.0,0.0
2016-11-25 00:00:00+05:30,292.25,298.29998779296875,289.5,297.32501220703125,275.65399169921875,5969960,0.0,0.0
2016-11-28 00:00:00+05:30,295.0625,299.7250061035156,294.5249938964844,296.11248779296875,274.52984619140625,4130180,0.0,0.0
2016-11-29 00:00:00+05:30,296.17498779296875,298.23748779296875,294.125,294.6875,273.208740234375,3932644,0.0,0.0
2016-11-30 00:00:00+05:30,296.25,300.5,295.2749938964844,299.8999938964844,278.041259765625,6442840,0.0,0.0
2016-12-01 00:00:00+05:30,300.57501220703125,301.9750061035156,298.25,299.3125,277.49658203125,4476984,0.0,0.0
2016-12-02 00:00:00+05:30,297.25,300.48748779296875,294.17498779296875,297.2749938964844,275.6075744628906,4062672,0.0,0.0
2016-12-05 00:00:00+05:30,296.8999938964844,299.73748779296875,294.125,299.0874938964844,277.28802490234375,4551936,0.0,0.0
2016-12-06 00:00:00+05:30,298.75,300.7124938964844,297.54998779296875,298.61248779296875,276.84759521484375,2702964,0.0,0.0
2016-12-07 00:00:00+05:30,300.4624938964844,301.4750061035156,291.75,295.3999938964844,273.8692626953125,5628192,0.0,0.0
2016-12-08 00:00:00+05:30,296.75,301.38751220703125,296.75,299.875,278.01812744140625,4309696,0.0,0.0
2016-12-09 00:00:00+05:30,299.7749938964844,300.57501220703125,297.0,299.57501220703125,277.7399597167969,4387952,0.0,0.0
2016-12-12 00:00:00+05:30,298.0,298.0375061035156,295.2749938964844,296.11248779296875,274.52984619140625,3425272,0.0,0.0
2016-12-13 00:00:00+05:30,295.0625,297.5874938964844,294.63751220703125,296.5625,274.947021484375,2526868,0.0,0.0
2016-12-14 00:00:00+05:30,296.75,297.0,293.3500061035156,293.92498779296875,272.50177001953125,4314144,0.0,0.0
2016-12-15 00:00:00+05:30,291.04998779296875,298.625,290.8999938964844,294.1499938964844,272.7103271484375,4941488,0.0,0.0
2016-12-16 00:00:00+05:30,294.1499938964844,296.25,292.88751220703125,295.57501220703125,274.03155517578125,3255828,0.0,0.0
2016-12-19 00:00:00+05:30,294.20001220703125,294.875,292.625,294.1875,272.7451171875,3160436,0.0,0.0
2016-12-20 00:00:00+05:30,294.0,296.25,292.92498779296875,295.4750061035156,273.9388732910156,4189992,0.0,0.0
2016-12-21 00:00:00+05:30,296.0,296.25,293.75,295.0,273.49847412109375,2658876,0.0,0.0
2016-12-22 00:00:00+05:30,294.1000061035156,294.875,292.1000061035156,293.2749938964844,271.8991394042969,2805716,0.0,0.0
2016-12-23 00:00:00+05:30,292.75,297.3125,292.32501220703125,296.5625,274.947021484375,4752516,0.0,0.0
2016-12-26 00:00:00+05:30,294.63751220703125,296.5249938964844,292.5249938964844,293.75,272.3394775390625,4183864,0.0,0.0
2016-12-27 00:00:00+05:30,294.82501220703125,296.7250061035156,293.4750061035156,296.29998779296875,274.7036437988281,4899296,0.0,0.0
2016-12-28 00:00:00+05:30,297.4750061035156,298.73748779296875,295.25,296.6875,275.06292724609375,6507840,0.0,0.0
2016-12-29 00:00:00+05:30,296.25,301.98748779296875,295.36248779296875,301.29998779296875,279.3392333984375,8100816,0.0,0.0
2016-12-30 00:00:00+05:30,300.0,303.0,299.98748779296875,301.54998779296875,279.57098388671875,4066540,0.0,0.0
2017-01-02 00:00:00+05:30,302.36248779296875,302.5249938964844,298.01251220703125,299.2749938964844,277.46185302734375,3708656,0.0,0.0
2017-01-03 00:00:00+05:30,300.20001220703125,300.48748779296875,296.4375,297.4750061035156,275.79302978515625,3847500,0.0,0.0
2017-01-04 00:00:00+05:30,297.4624938964844,298.0,295.95001220703125,296.375,274.773193359375,6967120,0.0,0.0
2017-01-05 00:00:00+05:30,297.25,298.625,295.7749938964844,296.54998779296875,274.9354248046875,6776384,0.0,0.0
2017-01-06 00:00:00+05:30,297.5249938964844,299.6000061035156,297.04998779296875,298.4125061035156,276.6622009277344,5525260,0.0,0.0
2017-01-09 00:00:00+05:30,299.7124938964844,301.0375061035156,298.0375061035156,298.79998779296875,277.0214538574219,4573796,0.0,0.0
2017-01-10 00:00:00+05:30,299.04998779296875,304.20001220703125,298.82501220703125,303.5874938964844,281.46002197265625,5546116,0.0,0.0
2017-01-11 00:00:00+05:30,304.375,309.5249938964844,303.875,308.5,286.0144348144531,9343404,0.0,0.0
2017-01-12 00:00:00+05:30,308.75,310.92498779296875,306.375,308.75,286.24627685546875,2916316,0.0,0.0
2017-01-13 00:00:00+05:30,309.75,309.92498779296875,307.1499938964844,308.125,285.66680908203125,3850412,0.0,0.0
2017-01-16 00:00:00+05:30,308.375,312.36248779296875,308.20001220703125,311.9125061035156,289.1782531738281,3765864,0.0,0.0
2017-01-17 00:00:00+05:30,311.75,313.1000061035156,309.0625,309.625,287.0574645996094,3559612,0.0,0.0
2017-01-18 00:00:00+05:30,310.2250061035156,314.0,310.2124938964844,310.6499938964844,288.0077209472656,4612888,0.0,0.0
2017-01-19 00:00:00+05:30,311.2250061035156,311.2250061035156,308.75,309.07501220703125,286.5475158691406,3512412,0.0,0.0
2017-01-20 00:00:00+05:30,309.0,311.25,307.5,309.0874938964844,286.55914306640625,13942068,0.0,0.0
2017-01-23 00:00:00+05:30,309.0,312.5,308.95001220703125,311.1625061035156,288.4828796386719,4793848,0.0,0.0
2017-01-24 00:00:00+05:30,312.5,317.875,312.3125,316.88751220703125,293.7906494140625,10261864,0.0,0.0
2017-01-25 00:00:00+05:30,318.1499938964844,323.8999938964844,317.5249938964844,322.6499938964844,299.1330871582031,15636984,0.0,0.0
2017-01-27 00:00:00+05:30,324.75,325.0,322.0,322.9750061035156,299.4344787597656,6852236,0.0,0.0
2017-01-30 00:00:00+05:30,323.23748779296875,323.23748779296875,320.13751220703125,321.23748779296875,297.8235168457031,5319628,0.0,0.0
2017-01-31 00:00:00+05:30,320.6000061035156,323.17498779296875,319.25,321.6625061035156,298.2175598144531,6101040,0.0,0.0
2017-02-01 00:00:00+05:30,321.54998779296875,327.5,320.125,326.42498779296875,302.6329040527344,10910664,0.0,0.0
2017-02-02 00:00:00+05:30,326.42498779296875,326.42498779296875,323.1499938964844,324.67498779296875,301.0105285644531,5971636,0.0,0.0
2017-02-03 00:00:00+05:30,324.75,329.0,324.125,327.76251220703125,303.8730163574219,8005104,0.0,0.0
2017-02-06 00:00:00+05:30,328.07501220703125,330.0,327.86248779296875,328.5249938964844,304.5798645019531,4310220,0.0,0.0
2017-02-07 00:00:00+05:30,329.0,329.5,325.73748779296875,326.7875061035156,302.96905517578125,3411920,0.0,0.0
2017-02-08 00:00:00+05:30,326.88751220703125,329.67498779296875,324.5375061035156,326.4125061035156,302.6214294433594,4940960,0.0,0.0
2017-02-09 00:00:00+05:30,327.3500061035156,329.9750061035156,323.13751220703125,324.4125061035156,300.76715087890625,4465376,0.0,0.0
2017-02-10 00:00:00+05:30,324.5874938964844,327.1875,324.5,325.8999938964844,302.1462097167969,3296736,0.0,0.0
2017-02-13 00:00:00+05:30,326.88751220703125,328.75,324.79998779296875,327.54998779296875,303.6759338378906,2795792,0.0,0.0
2017-02-14 00:00:00+05:30,328.5,328.5,326.0,327.7749938964844,303.884521484375,2446060,0.0,0.0
2017-02-15 00:00:00+05:30,328.0,331.0,326.86248779296875,330.54998779296875,306.457275390625,6126940,0.0,0.0
2017-02-16 00:00:00+05:30,330.75,333.25,330.0625,331.9750061035156,307.77850341796875,5043700,0.0,0.0
2017-02-17 00:00:00+05:30,361.25,363.5,340.11248779296875,344.26251220703125,319.17034912109375,402259960,0.0,0.0
2017-02-20 00:00:00+05:30,340.29998779296875,353.86248779296875,339.7875061035156,352.2749938964844,326.5988464355469,10566716,0.0,0.0
2017-02-21 00:00:00+05:30,351.51251220703125,355.45001220703125,349.3500061035156,353.88751220703125,328.09381103515625,6260028,0.0,0.0
2017-02-22 00:00:00+05:30,353.75,354.70001220703125,348.7124938964844,349.7875061035156,324.2926940917969,5296776,0.0,0.0
2017-02-23 00:00:00+05:30,350.95001220703125,355.3374938964844,346.76251220703125,348.57501220703125,323.1685485839844,34494980,0.0,0.0
2017-02-27 00:00:00+05:30,347.7250061035156,349.5874938964844,344.6499938964844,348.3999938964844,323.00628662109375,4681376,0.0,0.0
2017-02-28 00:00:00+05:30,348.2250061035156,349.0625,346.125,347.5249938964844,322.195068359375,2928008,0.0,0.0
2017-03-01 00:00:00+05:30,349.11248779296875,349.125,346.6000061035156,347.9125061035156,322.5543212890625,3481736,0.0,0.0
2017-03-02 00:00:00+05:30,348.63751220703125,349.0,344.0625,345.0249938964844,319.87725830078125,4601988,0.0,0.0
2017-03-03 00:00:00+05:30,346.125,346.125,342.25,344.25,319.1587219238281,2492824,0.0,0.0
2017-03-06 00:00:00+05:30,344.20001220703125,347.4750061035156,343.2749938964844,345.1875,320.0279541015625,3679124,0.0,0.0
2017-03-07 00:00:00+05:30,345.5625,346.875,344.04998779296875,346.54998779296875,321.2911071777344,3112876,0.0,0.0
2017-03-08 00:00:00+05:30,346.9750061035156,349.79998779296875,345.26251220703125,348.04998779296875,322.6817932128906,3782144,0.0,0.0
2017-03-09 00:00:00+05:30,345.4125061035156,349.67498779296875,345.4125061035156,348.54998779296875,323.1452941894531,3509316,0.0,0.0
2017-03-10 00:00:00+05:30,348.75,352.0,348.2875061035156,350.0249938964844,324.5128173828125,5860704,0.0,0.0
2017-03-14 00:00:00+05:30,355.5249938964844,356.0375061035156,351.6625061035156,352.67498779296875,326.9697265625,7155020,0.0,0.0
2017-03-15 00:00:00+05:30,352.73748779296875,355.0,352.63751220703125,354.1499938964844,328.3371887207031,4271860,0.0,0.0
2017-03-16 00:00:00+05:30,354.5249938964844,355.7124938964844,353.4125061035156,354.3374938964844,328.510986328125,4980108,0.0,0.0
2017-03-17 00:00:00+05:30,354.63751220703125,356.875,353.2124938964844,356.4624938964844,330.4810791015625,3390464,0.0,0.0
2017-03-20 00:00:00+05:30,356.6625061035156,359.9624938964844,356.48748779296875,359.0249938964844,332.8568115234375,8142344,0.0,0.0
2017-03-21 00:00:00+05:30,358.5,361.25,358.5,360.23748779296875,333.9809875488281,5557280,0.0,0.0
2017-03-22 00:00:00+05:30,356.92498779296875,359.25,356.45001220703125,357.7250061035156,331.651611328125,5636544,0.0,0.0
2017-03-23 00:00:00+05:30,358.6000061035156,358.75,355.7250061035156,357.7250061035156,331.651611328125,4922472,0.0,0.0
2017-03-24 00:00:00+05:30,358.25,358.61248779296875,355.5,356.0874938964844,330.1334228515625,3810364,0.0,0.0
2017-03-27 00:00:00+05:30,356.0,356.0,351.01251220703125,352.4624938964844,326.7726745605469,5864084,0.0,0.0
2017-03-28 00:00:00+05:30,354.57501220703125,356.17498779296875,353.2749938964844,355.04998779296875,329.1716003417969,8061400,0.0,0.0
2017-03-29 00:00:00+05:30,355.20001220703125,358.70001220703125,355.0,357.1499938964844,331.1185302734375,8575772,0.0,0.0
2017-03-30 00:00:00+05:30,357.0,369.98748779296875,356.26251220703125,366.54998779296875,339.8333435058594,34321092,0.0,0.0
2017-03-31 00:00:00+05:30,363.45001220703125,363.5,359.13751220703125,360.63751220703125,334.351806640625,9651392,0.0,0.0
2017-04-03 00:00:00+05:30,361.5,362.5249938964844,356.5,358.29998779296875,332.1846923828125,4149052,0.0,0.0
2017-04-05 00:00:00+05:30,358.8125,361.625,356.88751220703125,358.0874938964844,331.9876403808594,5744080,0.0,0.0
2017-04-06 00:00:00+05:30,357.875,360.75,356.26251220703125,359.625,333.4131164550781,6124416,0.0,0.0
2017-04-07 00:00:00+05:30,357.76251220703125,361.25,357.1499938964844,359.7124938964844,333.49420166015625,4648360,0.0,0.0
2017-04-10 00:00:00+05:30,360.75,360.75,358.1625061035156,358.5375061035156,332.4049377441406,3393876,0.0,0.0
2017-04-11 00:00:00+05:30,358.5,360.29998779296875,357.875,359.875,333.64495849609375,4356260,0.0,0.0
2017-04-12 00:00:00+05:30,359.75,362.48748779296875,358.875,360.92498779296875,334.6183776855469,3565092,0.0,0.0
2017-04-13 00:00:00+05:30,360.75,362.2250061035156,359.26251220703125,360.07501220703125,333.830322265625,4804236,0.0,0.0
2017-04-17 00:00:00+05:30,360.07501220703125,360.95001220703125,357.0625,359.20001220703125,333.01910400390625,7137056,0.0,0.0
2017-04-18 00:00:00+05:30,360.0,363.75,359.5,361.82501220703125,335.45281982421875,3638860,0.0,0.0
2017-04-19 00:00:00+05:30,361.75,364.1875,359.5,362.25,335.8467712402344,4338144,0.0,0.0
2017-04-20 00:00:00+05:30,363.25,366.51251220703125,363.23748779296875,365.5375061035156,338.8947448730469,5781372,0.0,0.0
2017-04-21 00:00:00+05:30,366.5,374.75,363.32501220703125,374.1499938964844,346.8794250488281,17258032,0.0,0.0
2017-04-24 00:00:00+05:30,374.5249938964844,384.75,374.25,383.26251220703125,355.3277587890625,20206952,0.0,0.0
2017-04-25 00:00:00+05:30,383.76251220703125,386.375,382.3999938964844,384.26251220703125,356.2548828125,9057780,0.0,0.0
2017-04-26 00:00:00+05:30,385.73748779296875,388.25,367.11248779296875,387.6625061035156,359.40704345703125,7795852,0.0,0.0
2017-04-27 00:00:00+05:30,386.5249938964844,393.48748779296875,386.5249938964844,392.1499938964844,363.5675048828125,16180420,0.0,0.0
2017-04-28 00:00:00+05:30,389.9750061035156,389.9750061035156,384.2749938964844,386.625,358.4451904296875,5437728,0.0,0.0
2017-05-02 00:00:00+05:30,386.75,387.7250061035156,382.5874938964844,385.1499938964844,357.07763671875,4007040,0.0,0.0
2017-05-03 00:00:00+05:30,388.5625,388.5625,384.8374938964844,386.07501220703125,357.9352722167969,2507964,0.0,0.0
2017-05-04 00:00:00+05:30,384.8125,385.7250061035156,380.6499938964844,383.70001220703125,355.7333984375,5131028,0.0,0.0
2017-05-05 00:00:00+05:30,385.5249938964844,385.7250061035156,381.57501220703125,383.04998779296875,355.1307373046875,2757896,0.0,0.0
2017-05-08 00:00:00+05:30,384.5,385.0,382.13751220703125,383.70001220703125,355.7333984375,3747252,0.0,0.0
2017-05-09 00:00:00+05:30,383.70001220703125,386.3999938964844,383.1625061035156,383.9375,355.95355224609375,3345836,0.0,0.0
2017-05-10 00:00:00+05:30,385.0,388.75,384.26251220703125,387.95001220703125,359.6736145019531,2342244,0.0,0.0
2017-05-11 00:00:00+05:30,387.75,390.0,385.25,386.6000061035156,358.4220275878906,3875744,0.0,0.0
2017-05-12 00:00:00+05:30,386.4750061035156,389.2250061035156,384.04998779296875,387.9125061035156,359.6388244628906,6147604,0.0,0.0
2017-05-15 00:00:00+05:30,387.5,389.29998779296875,385.5625,388.3500061035156,360.04449462890625,2804780,0.0,0.0
2017-05-16 00:00:00+05:30,388.75,390.5,387.0625,389.9125061035156,361.4930725097656,3590376,0.0,0.0
2017-05-17 00:00:00+05:30,389.70001220703125,391.3500061035156,387.875,389.2875061035156,360.91363525390625,3472472,0.0,0.0
2017-05-18 00:00:00+05:30,387.25,390.375,387.0249938964844,389.2749938964844,360.90203857421875,3107280,0.0,0.0
2017-05-19 00:00:00+05:30,389.875,392.4750061035156,386.3125,390.3125,361.8639221191406,2854136,0.0,0.0
2017-05-22 00:00:00+05:30,391.2749938964844,395.0,390.7749938964844,394.0,365.2826843261719,2860052,0.0,0.0
2017-05-23 00:00:00+05:30,395.0,395.88751220703125,391.25,392.2749938964844,363.6833801269531,3080172,0.0,0.0
2017-05-24 00:00:00+05:30,392.26251220703125,393.86248779296875,390.5,391.6875,363.1387023925781,3467388,0.0,0.0
2017-05-25 00:00:00+05:30,391.7749938964844,407.3500061035156,391.7749938964844,404.2875061035156,374.8203430175781,20090804,0.0,0.0
2017-05-26 00:00:00+05:30,401.6625061035156,408.0,400.2749938964844,406.5,376.8715515136719,5443156,0.0,0.0
2017-05-29 00:00:00+05:30,404.95001220703125,412.0,404.4125061035156,407.9750061035156,378.23907470703125,5916340,0.0,0.0
2017-05-30 00:00:00+05:30,407.5,408.375,404.0375061035156,407.26251220703125,377.57855224609375,4434184,0.0,0.0
2017-05-31 00:00:00+05:30,406.25,410.75,405.7875061035156,409.04998779296875,379.2356872558594,5318912,0.0,0.0
2017-06-01 00:00:00+05:30,409.75,409.9624938964844,405.13751220703125,407.1499938964844,377.47412109375,3359540,0.0,0.0
2017-06-02 00:00:00+05:30,408.5,411.5249938964844,406.54998779296875,408.5625,378.7837829589844,3213544,0.0,0.0
2017-06-05 00:00:00+05:30,408.42498779296875,409.73748779296875,406.25,408.88751220703125,379.0850830078125,2899900,0.0,0.0
2017-06-06 00:00:00+05:30,408.75,410.95001220703125,407.5,409.73748779296875,379.873046875,5002632,0.0,0.0
2017-06-07 00:00:00+05:30,410.1000061035156,411.2250061035156,407.5874938964844,410.20001220703125,380.3019104003906,2554276,0.0,0.0
2017-06-08 00:00:00+05:30,410.9750061035156,414.8500061035156,410.4125061035156,411.1875,381.2174072265625,4248768,0.0,0.0
2017-06-09 00:00:00+05:30,410.0249938964844,417.5,410.0249938964844,416.70001220703125,386.3281555175781,5305272,0.0,0.0
2017-06-12 00:00:00+05:30,416.0,419.0,415.0,417.1875,386.78009033203125,3971412,0.0,0.0
2017-06-13 00:00:00+05:30,415.4375,422.9750061035156,415.25,419.17498779296875,388.62274169921875,5051620,0.0,0.0
2017-06-14 00:00:00+05:30,418.75,419.98748779296875,416.75,417.79998779296875,387.3479309082031,3858360,0.0,0.0
2017-06-15 00:00:00+05:30,417.0,418.8999938964844,413.3999938964844,416.0874938964844,385.7602844238281,3526692,0.0,0.0
2017-06-16 00:00:00+05:30,416.25,418.67498779296875,414.5249938964844,417.3125,386.89593505859375,3755104,0.0,0.0
2017-06-19 00:00:00+05:30,417.75,424.0,417.1000061035156,423.2250061035156,392.3775329589844,3825532,0.0,0.0
2017-06-20 00:00:00+05:30,422.5,423.5,419.9624938964844,421.63751220703125,390.9057922363281,3660264,0.0,0.0
2017-06-21 00:00:00+05:30,420.6499938964844,425.3125,419.8999938964844,424.67498779296875,393.7218322753906,3410932,0.0,0.0
2017-06-22 00:00:00+05:30,423.73748779296875,429.0,422.79998779296875,424.5,393.5596008300781,6675460,0.0,0.0
2017-06-23 00:00:00+05:30,425.5,425.6875,418.79998779296875,419.6625061035156,389.07464599609375,5217468,0.0,0.0
2017-06-27 00:00:00+05:30,422.25,423.75,414.0625,416.9125061035156,386.525146484375,6000432,0.0,0.0
2017-06-28 00:00:00+05:30,416.25,418.75,414.45001220703125,416.61248779296875,386.2469787597656,4449036,0.0,0.0
2017-06-29 00:00:00+05:30,416.75,420.4750061035156,412.7749938964844,415.76251220703125,388.02020263671875,9187708,2.75,0.0
2017-06-30 00:00:00+05:30,413.45001220703125,415.0,410.75,413.01251220703125,385.4537353515625,4330432,0.0,0.0
2017-07-03 00:00:00+05:30,413.1499938964844,416.875,411.8125,414.6499938964844,386.9819030761719,3504332,0.0,0.0
2017-07-04 00:00:00+05:30,415.0625,416.67498779296875,413.0,413.3374938964844,385.7569274902344,3766080,0.0,0.0
2017-07-05 00:00:00+05:30,413.2749938964844,414.875,411.25,412.1875,384.68377685546875,4014200,0.0,0.0
2017-07-06 00:00:00+05:30,413.13751220703125,415.75,412.8374938964844,414.5375061035156,386.87701416015625,4571676,0.0,0.0
2017-07-07 00:00:00+05:30,415.2124938964844,417.3999938964844,414.5,416.79998779296875,388.98846435546875,5517396,0.0,0.0
2017-07-10 00:00:00+05:30,417.0,437.0,415.26251220703125,419.0874938964844,391.1233825683594,1309252,0.0,0.0
2017-07-11 00:00:00+05:30,419.38751220703125,422.70001220703125,416.7749938964844,420.1000061035156,392.0682678222656,4410280,0.0,0.0
2017-07-12 00:00:00+05:30,420.0,421.25,414.63751220703125,420.3125,392.2666015625,5738892,0.0,0.0
2017-07-13 00:00:00+05:30,422.0,423.32501220703125,419.9125061035156,420.88751220703125,392.80322265625,4481004,0.0,0.0
2017-07-14 00:00:00+05:30,420.9750061035156,421.51251220703125,418.0,419.98748779296875,391.9632873535156,2443252,0.0,0.0
2017-07-17 00:00:00+05:30,420.63751220703125,421.9125061035156,419.25,420.5874938964844,392.52325439453125,2399340,0.0,0.0
2017-07-18 00:00:00+05:30,419.92498779296875,421.9624938964844,419.3374938964844,420.88751220703125,392.80322265625,2322188,0.0,0.0
2017-07-19 00:00:00+05:30,421.25,424.04998779296875,420.4624938964844,423.07501220703125,394.84478759765625,3987244,0.0,0.0
2017-07-20 00:00:00+05:30,423.4750061035156,428.75,422.0375061035156,427.7250061035156,399.1844787597656,3698476,0.0,0.0
2017-07-21 00:00:00+05:30,428.5249938964844,428.8125,425.0,425.76251220703125,397.3529968261719,3873508,0.0,0.0
2017-07-24 00:00:00+05:30,427.5,435.0,423.75,433.7749938964844,404.830810546875,19678176,0.0,0.0
2017-07-25 00:00:00+05:30,439.75,439.75,433.26251220703125,434.9125061035156,405.89239501953125,11160468,0.0,0.0
2017-07-26 00:00:00+05:30,435.5,438.75,433.125,436.88751220703125,407.735595703125,3895344,0.0,0.0
2017-07-27 00:00:00+05:30,439.0,449.70001220703125,437.88751220703125,447.4125061035156,417.5583190917969,17961712,0.0,0.0
2017-07-28 00:00:00+05:30,443.0,446.625,440.2749938964844,444.625,414.956787109375,9255396,0.0,0.0
2017-07-31 00:00:00+05:30,444.38751220703125,447.75,441.63751220703125,446.1000061035156,416.3334045410156,7369140,0.0,0.0
2017-08-01 00:00:00+05:30,445.4624938964844,452.2875061035156,443.04998779296875,449.29998779296875,419.31988525390625,8516860,0.0,0.0
2017-08-02 00:00:00+05:30,451.75,451.75,445.51251220703125,447.9125061035156,418.02496337890625,7397916,0.0,0.0
2017-08-03 00:00:00+05:30,447.0,448.0,443.6000061035156,444.98748779296875,415.29510498046875,4256784,0.0,0.0
2017-08-04 00:00:00+05:30,444.25,449.1875,441.5375061035156,447.5625,417.69830322265625,3545068,0.0,0.0
2017-08-07 00:00:00+05:30,446.5,449.11248779296875,446.25,447.13751220703125,417.3016662597656,1918660,0.0,0.0
2017-08-08 00:00:00+05:30,448.0249938964844,449.3125,441.5249938964844,444.4750061035156,414.8168640136719,4035372,0.0,0.0
2017-08-09 00:00:00+05:30,442.75,444.26251220703125,439.5874938964844,441.11248779296875,411.6786804199219,3270056,0.0,0.0
2017-08-10 00:00:00+05:30,440.0,441.5,438.2124938964844,440.11248779296875,410.745361328125,7788444,0.0,0.0
2017-08-11 00:00:00+05:30,436.25,439.5,432.7875061035156,437.26251220703125,408.0856018066406,6359836,0.0,0.0
2017-08-14 00:00:00+05:30,438.25,443.73748779296875,437.0,439.29998779296875,409.98712158203125,3577084,0.0,0.0
2017-08-16 00:00:00+05:30,440.5874938964844,447.45001220703125,437.13751220703125,445.3125,415.5984191894531,4426832,0.0,0.0
2017-08-17 00:00:00+05:30,444.0625,445.23748779296875,438.4375,441.3500061035156,411.900390625,5454868,0.0,0.0
2017-08-18 00:00:00+05:30,440.0,440.25,435.75,438.0375061035156,408.8088684082031,3707464,0.0,0.0
2017-08-21 00:00:00+05:30,438.5,439.75,434.54998779296875,435.79998779296875,406.72064208984375,4009724,0.0,0.0
2017-08-22 00:00:00+05:30,437.82501220703125,438.5,434.20001220703125,436.75,407.6072692871094,6609556,0.0,0.0
2017-08-23 00:00:00+05:30,437.5,444.48748779296875,437.5,443.11248779296875,413.5452575683594,3360524,0.0,0.0
2017-08-24 00:00:00+05:30,443.7250061035156,443.73748779296875,439.7875061035156,440.625,411.22369384765625,7878276,0.0,0.0
2017-08-28 00:00:00+05:30,440.6000061035156,442.7875061035156,439.5874938964844,440.5625,411.16546630859375,1507784,0.0,0.0
2017-08-29 00:00:00+05:30,439.75,439.75,434.5,436.5375061035156,407.4089660644531,4918596,0.0,0.0
2017-08-30 00:00:00+05:30,437.98748779296875,442.5,437.51251220703125,442.13751220703125,412.6352844238281,2694320,0.0,0.0
2017-08-31 00:00:00+05:30,443.0,444.9624938964844,439.1000061035156,444.11248779296875,414.4785461425781,7303436,0.0,0.0
2017-09-01 00:00:00+05:30,445.25,445.36248779296875,440.2749938964844,441.8999938964844,412.41363525390625,2295172,0.0,0.0
2017-09-04 00:00:00+05:30,441.25,441.25,436.5249938964844,437.7250061035156,408.51727294921875,3642524,0.0,0.0
2017-09-05 00:00:00+05:30,439.25,441.2250061035156,437.75,438.8374938964844,409.5555114746094,3682436,0.0,0.0
2017-09-06 00:00:00+05:30,435.9375,440.70001220703125,434.5,439.9750061035156,410.6170959472656,5751632,0.0,0.0
2017-09-07 00:00:00+05:30,440.0249938964844,444.1875,440.0249938964844,441.63751220703125,412.1686706542969,6946420,0.0,0.0
2017-09-08 00:00:00+05:30,443.3500061035156,447.5,442.75,446.9125061035156,417.0917053222656,8311664,0.0,0.0
2017-09-11 00:00:00+05:30,448.25,457.25,447.54998779296875,455.8374938964844,425.4211120605469,11477676,0.0,0.0
2017-09-12 00:00:00+05:30,456.92498779296875,459.9750061035156,454.57501220703125,458.79998779296875,428.1859436035156,6687680,0.0,0.0
2017-09-13 00:00:00+05:30,458.75,462.25,456.0,460.4624938964844,429.7375183105469,4995376,0.0,0.0
2017-09-14 00:00:00+05:30,460.0375061035156,463.125,457.875,459.8500061035156,429.1658935546875,8154016,0.0,0.0
2017-09-15 00:00:00+05:30,459.0,462.95001220703125,458.36248779296875,462.23748779296875,431.39410400390625,3767332,0.0,0.0
2017-09-18 00:00:00+05:30,463.38751220703125,466.11248779296875,463.125,465.11248779296875,434.0772705078125,4084928,0.0,0.0
2017-09-19 00:00:00+05:30,466.2250061035156,467.0,461.88751220703125,462.42498779296875,431.5691223144531,4241468,0.0,0.0
2017-09-20 00:00:00+05:30,462.0,465.36248779296875,461.3125,462.2124938964844,431.3707580566406,3446128,0.0,0.0
2017-09-21 00:00:00+05:30,462.0,462.125,457.67498779296875,459.7749938964844,429.0959167480469,7712496,0.0,0.0
2017-09-22 00:00:00+05:30,458.70001220703125,459.73748779296875,455.0,456.0249938964844,425.5961608886719,8243524,0.0,0.0
2017-09-25 00:00:00+05:30,455.61248779296875,455.61248779296875,448.1499938964844,449.9375,419.9148254394531,10149228,0.0,0.0
2017-09-26 00:00:00+05:30,447.26251220703125,449.1499938964844,446.25,448.07501220703125,418.1766357421875,11438732,0.0,0.0
2017-09-27 00:00:00+05:30,449.0,451.3999938964844,442.5,444.125,414.4901428222656,7337220,0.0,0.0
2017-09-28 00:00:00+05:30,443.5,449.75,440.82501220703125,448.82501220703125,418.8765869140625,27646464,0.0,0.0
2017-09-29 00:00:00+05:30,450.0249938964844,455.5,449.0625,451.42498779296875,421.3030700683594,6213632,0.0,0.0
2017-10-03 00:00:00+05:30,452.0,455.25,449.2749938964844,452.2124938964844,422.0380554199219,4394424,0.0,0.0
2017-10-04 00:00:00+05:30,451.9750061035156,452.9750061035156,448.3374938964844,449.25,419.273193359375,6625104,0.0,0.0
2017-10-05 00:00:00+05:30,448.75,451.25,448.2749938964844,449.6499938964844,419.6465148925781,3336196,0.0,0.0
2017-10-06 00:00:00+05:30,449.5,451.11248779296875,448.5,450.0249938964844,419.9964904785156,3030660,0.0,0.0
2017-10-09 00:00:00+05:30,449.70001220703125,450.75,447.625,448.875,418.92327880859375,3062492,0.0,0.0
2017-10-10 00:00:00+05:30,449.75,453.73748779296875,448.1625061035156,450.67498779296875,420.6031188964844,3798180,0.0,0.0
2017-10-11 00:00:00+05:30,450.8125,453.8125,446.8999938964844,447.5375061035156,417.67498779296875,5267440,0.0,0.0
2017-10-12 00:00:00+05:30,448.7749938964844,455.36248779296875,447.0,454.70001220703125,424.3595886230469,5381560,0.0,0.0
2017-10-13 00:00:00+05:30,456.67498779296875,464.13751220703125,455.5,462.70001220703125,431.8257751464844,6433464,0.0,0.0
2017-10-16 00:00:00+05:30,465.0,468.3125,460.5,464.2875061035156,433.30731201171875,3274544,0.0,0.0
2017-10-17 00:00:00+05:30,462.5,463.42498779296875,459.7749938964844,462.8125,431.9307861328125,2613288,0.0,0.0
2017-10-18 00:00:00+05:30,460.25,468.75,459.75,467.125,435.95550537109375,3926720,0.0,0.0
2017-10-19 00:00:00+05:30,465.45001220703125,466.25,460.1625061035156,462.1000061035156,431.26580810546875,570008,0.0,0.0
2017-10-23 00:00:00+05:30,464.9750061035156,467.42498779296875,459.01251220703125,465.82501220703125,434.7422790527344,4162892,0.0,0.0
2017-10-24 00:00:00+05:30,465.75,469.8999938964844,463.25,466.7749938964844,435.6288757324219,11328872,0.0,0.0
2017-10-25 00:00:00+05:30,465.0,465.75,446.25,448.7749938964844,418.8299255371094,21367208,0.0,0.0
2017-10-26 00:00:00+05:30,442.0,452.5,439.4624938964844,448.8374938964844,418.8882141113281,28571464,0.0,0.0
2017-10-27 00:00:00+05:30,451.1000061035156,451.875,444.75,447.76251220703125,417.8849792480469,7472088,0.0,0.0
2017-10-30 00:00:00+05:30,449.5625,454.0,448.1000061035156,453.75,423.4729309082031,5422352,0.0,0.0
2017-10-31 00:00:00+05:30,452.875,452.875,449.8125,452.125,421.9563293457031,4682460,0.0,0.0
2017-11-01 00:00:00+05:30,453.7749938964844,456.25,453.0,455.29998779296875,424.91949462890625,4190612,0.0,0.0
2017-11-02 00:00:00+05:30,455.75,457.45001220703125,454.23748779296875,455.5249938964844,425.1295166015625,4737944,0.0,0.0
2017-11-03 00:00:00+05:30,456.42498779296875,460.0,455.3999938964844,457.67498779296875,427.1360168457031,3810488,0.0,0.0
2017-11-06 00:00:00+05:30,456.25,460.0,455.6499938964844,457.1499938964844,426.6460876464844,6148244,0.0,0.0
2017-11-07 00:00:00+05:30,459.5,461.23748779296875,455.1875,455.92498779296875,425.5027770996094,7446376,0.0,0.0
2017-11-08 00:00:00+05:30,456.29998779296875,458.3999938964844,454.75,456.48748779296875,426.02777099609375,3283144,0.0,0.0
2017-11-09 00:00:00+05:30,456.75,458.75,455.2749938964844,456.9624938964844,426.4710998535156,3113308,0.0,0.0
2017-11-10 00:00:00+05:30,455.42498779296875,458.70001220703125,453.0874938964844,455.5,425.1061706542969,7744360,0.0,0.0
2017-11-13 00:00:00+05:30,455.5,455.7875061035156,448.75,453.38751220703125,423.13470458984375,3335872,0.0,0.0
2017-11-14 00:00:00+05:30,453.9750061035156,454.75,450.0,450.5874938964844,420.5214538574219,4712468,0.0,0.0
2017-11-15 00:00:00+05:30,449.5,450.9125061035156,447.0,450.0625,420.031494140625,6148368,0.0,0.0
2017-11-16 00:00:00+05:30,451.0,454.0,448.79998779296875,451.92498779296875,421.7697448730469,4012972,0.0,0.0
2017-11-17 00:00:00+05:30,457.17498779296875,459.57501220703125,453.2875061035156,456.38751220703125,425.9344177246094,6358772,0.0,0.0
2017-11-20 00:00:00+05:30,457.25,459.92498779296875,457.25,459.5375061035156,428.8742370605469,2392424,0.0,0.0
2017-11-21 00:00:00+05:30,459.36248779296875,462.5,459.0249938964844,461.5625,430.76416015625,2275532,0.0,0.0
2017-11-22 00:00:00+05:30,462.42498779296875,465.0,461.13751220703125,463.8125,432.864013671875,5660796,0.0,0.0
2017-11-23 00:00:00+05:30,464.75,465.0,459.5,460.7124938964844,429.97088623046875,3232580,0.0,0.0
2017-11-24 00:00:00+05:30,460.75,464.45001220703125,460.25,462.8500061035156,431.96575927734375,5203684,0.0,0.0
2017-11-27 00:00:00+05:30,462.25,465.5,461.3999938964844,464.38751220703125,433.400634765625,3870472,0.0,0.0
2017-11-28 00:00:00+05:30,464.0,467.75,463.9624938964844,466.3374938964844,435.220458984375,5090540,0.0,0.0
2017-11-29 00:00:00+05:30,466.25,468.875,463.95001220703125,468.32501220703125,437.0754089355469,3274584,0.0,0.0
2017-11-30 00:00:00+05:30,467.17498779296875,468.48748779296875,460.0,463.42498779296875,432.50238037109375,5796312,0.0,0.0
2017-12-01 00:00:00+05:30,463.7250061035156,465.0,461.0249938964844,462.04998779296875,431.2191162109375,3858148,0.0,0.0
2017-12-04 00:00:00+05:30,463.7250061035156,463.7250061035156,457.5249938964844,458.5249938964844,427.9293212890625,3641932,0.0,0.0
2017-12-05 00:00:00+05:30,456.5,457.13751220703125,451.75,455.11248779296875,424.7445068359375,3893360,0.0,0.0
2017-12-06 00:00:00+05:30,454.98748779296875,455.3374938964844,449.75,450.82501220703125,420.74310302734375,6395120,0.0,0.0
2017-12-07 00:00:00+05:30,451.6625061035156,454.1499938964844,450.7749938964844,452.4125061035156,422.22467041015625,4231304,0.0,0.0
2017-12-08 00:00:00+05:30,453.5,463.25,453.5,460.1000061035156,429.39923095703125,8956400,0.0,0.0
2017-12-11 00:00:00+05:30,462.0,462.9375,460.0,461.6000061035156,430.7991638183594,3198232,0.0,0.0
2017-12-12 00:00:00+05:30,462.2749938964844,462.4750061035156,453.98748779296875,454.9750061035156,424.6162414550781,2410588,0.0,0.0
2017-12-13 00:00:00+05:30,455.01251220703125,461.25,453.7749938964844,455.3374938964844,424.9544982910156,2907460,0.0,0.0
2017-12-14 00:00:00+05:30,456.0,460.0,453.0,459.51251220703125,428.8509521484375,3683092,0.0,0.0
2017-12-15 00:00:00+05:30,464.0,472.0,463.875,468.36248779296875,437.1103820800781,12450124,0.0,0.0
2017-12-18 00:00:00+05:30,463.75,474.75,452.32501220703125,469.73748779296875,438.3936462402344,12297988,0.0,0.0
2017-12-19 00:00:00+05:30,469.95001220703125,473.4125061035156,469.0375061035156,471.125,439.6885681152344,4952112,0.0,0.0
2017-12-20 00:00:00+05:30,474.7250061035156,475.7749938964844,465.9125061035156,467.0375061035156,435.87384033203125,9343504,0.0,0.0
2017-12-21 00:00:00+05:30,469.9750061035156,471.25,466.29998779296875,467.07501220703125,435.9088439941406,6854544,0.0,0.0
2017-12-22 00:00:00+05:30,469.75,470.0,465.4375,469.1625061035156,437.85699462890625,4470904,0.0,0.0
2017-12-26 00:00:00+05:30,470.25,470.70001220703125,464.17498779296875,467.0874938964844,435.92047119140625,6785696,0.0,0.0
2017-12-27 00:00:00+05:30,467.5249938964844,467.57501220703125,462.7875061035156,464.1875,433.2139587402344,3489384,0.0,0.0
2017-12-28 00:00:00+05:30,464.7250061035156,470.2250061035156,464.5,469.51251220703125,438.18365478515625,8700520,0.0,0.0
2017-12-29 00:00:00+05:30,469.20001220703125,469.79998779296875,467.0375061035156,468.1000061035156,436.86541748046875,6345872,0.0,0.0
2018-01-01 00:00:00+05:30,468.17498779296875,470.1875,462.625,463.625,432.68902587890625,6580516,0.0,0.0
2018-01-02 00:00:00+05:30,464.63751220703125,468.75,464.63751220703125,468.0874938964844,436.8537902832031,4776316,0.0,0.0
2018-01-03 00:00:00+05:30,468.75,469.5625,462.79998779296875,463.1625061035156,432.25738525390625,4531288,0.0,0.0
2018-01-04 00:00:00+05:30,463.25,466.375,463.25,464.9750061035156,433.948974609375,2373776,0.0,0.0
2018-01-05 00:00:00+05:30,465.75,467.01251220703125,463.88751220703125,465.8999938964844,434.8122253417969,2870868,0.0,0.0
2018-01-08 00:00:00+05:30,466.25,467.67498779296875,464.4375,465.1499938964844,434.11224365234375,4570308,0.0,0.0
2018-01-09 00:00:00+05:30,465.5,467.4624938964844,463.75,465.92498779296875,434.8355712890625,5305528,0.0,0.0
2018-01-10 00:00:00+05:30,466.29998779296875,466.9750061035156,464.32501220703125,466.04998779296875,434.9522399902344,4615888,0.0,0.0
2018-01-11 00:00:00+05:30,466.04998779296875,469.0,464.0625,468.13751220703125,436.90045166015625,4059096,0.0,0.0
2018-01-12 00:00:00+05:30,468.25,469.5375061035156,465.0,466.32501220703125,435.2088623046875,4336708,0.0,0.0
2018-01-15 00:00:00+05:30,467.48748779296875,476.1000061035156,464.9624938964844,474.4375,442.780029296875,12576444,0.0,0.0
2018-01-16 00:00:00+05:30,475.86248779296875,477.5,471.3125,475.0375061035156,443.34002685546875,6445384,0.0,0.0
2018-01-17 00:00:00+05:30,474.25,475.63751220703125,471.75,472.625,441.0884704589844,2905496,0.0,0.0
2018-01-18 00:00:00+05:30,481.0,488.5,479.51251220703125,483.57501220703125,451.3078308105469,16649540,0.0,0.0
2018-01-19 00:00:00+05:30,483.7875061035156,489.9750061035156,479.8125,488.04998779296875,455.48419189453125,11455988,0.0,0.0
2018-01-22 00:00:00+05:30,490.0,497.0,488.2875061035156,490.8374938964844,458.08575439453125,8849768,0.0,0.0
2018-01-23 00:00:00+05:30,491.25,491.67498779296875,485.82501220703125,487.82501220703125,455.2742614746094,5047796,0.0,0.0
2018-01-24 00:00:00+05:30,488.13751220703125,492.25,487.6499938964844,489.4125061035156,456.75579833984375,4790568,0.0,0.0
2018-01-25 00:00:00+05:30,488.4750061035156,495.0,487.625,493.73748779296875,460.7922058105469,8723668,0.0,0.0
2018-01-29 00:00:00+05:30,494.5,501.73748779296875,494.5,499.9125061035156,466.55517578125,8235892,0.0,0.0
2018-01-30 00:00:00+05:30,499.45001220703125,500.4750061035156,496.0375061035156,498.875,465.5869445800781,6397560,0.0,0.0
2018-01-31 00:00:00+05:30,497.3500061035156,503.375,496.75,501.42498779296875,467.9667663574219,6943348,0.0,0.0
2018-02-01 00:00:00+05:30,501.5,503.75,496.32501220703125,497.7875061035156,464.5719909667969,6521420,0.0,0.0
2018-02-02 00:00:00+05:30,496.5,497.4750061035156,485.375,487.0,454.5042724609375,7346124,0.0,0.0
2018-02-05 00:00:00+05:30,479.5,483.8125,476.4624938964844,478.4624938964844,446.5364990234375,7926784,0.0,0.0
2018-02-06 00:00:00+05:30,465.0,478.0,459.07501220703125,474.20001220703125,442.5583801269531,10749804,0.0,0.0
2018-02-07 00:00:00+05:30,476.75,476.75,465.6000061035156,468.20001220703125,436.95880126953125,8364972,0.0,0.0
2018-02-08 00:00:00+05:30,471.0,474.6499938964844,466.625,470.23748779296875,438.86029052734375,5171444,0.0,0.0
2018-02-09 00:00:00+05:30,461.9750061035156,466.17498779296875,461.0249938964844,462.375,431.5224304199219,6408952,0.0,0.0
2018-02-12 00:00:00+05:30,465.0,471.5,463.7875061035156,469.1625061035156,437.85699462890625,4381108,0.0,0.0
2018-02-14 00:00:00+05:30,472.45001220703125,474.4750061035156,468.6625061035156,470.7875061035156,439.37359619140625,3577188,0.0,0.0
2018-02-15 00:00:00+05:30,472.42498779296875,473.6875,468.75,470.4750061035156,439.08197021484375,4915224,0.0,0.0
2018-02-16 00:00:00+05:30,470.9750061035156,473.7124938964844,468.9125061035156,469.6499938964844,438.31201171875,3583520,0.0,0.0
2018-02-19 00:00:00+05:30,470.6499938964844,471.8999938964844,464.76251220703125,469.54998779296875,438.2186584472656,3654552,0.0,0.0
2018-02-20 00:00:00+05:30,471.1875,471.4624938964844,464.70001220703125,465.79998779296875,434.7188415527344,4084068,0.0,0.0
2018-02-21 00:00:00+05:30,466.98748779296875,467.13751220703125,463.04998779296875,464.3500061035156,433.3656921386719,2753072,0.0,0.0
2018-02-22 00:00:00+05:30,462.5,465.0,460.38751220703125,463.29998779296875,432.38568115234375,13253596,0.0,0.0
2018-02-23 00:00:00+05:30,464.2250061035156,471.2124938964844,462.6000061035156,470.13751220703125,438.7669982910156,4076748,0.0,0.0
2018-02-26 00:00:00+05:30,472.0249938964844,478.70001220703125,470.88751220703125,477.88751220703125,445.9998779296875,4788884,0.0,0.0
2018-02-27 00:00:00+05:30,478.6875,480.4375,475.0,475.63751220703125,443.8999328613281,4787328,0.0,0.0
2018-02-28 00:00:00+05:30,472.38751220703125,473.86248779296875,469.5,471.04998779296875,439.6185607910156,4066364,0.0,0.0
2018-03-01 00:00:00+05:30,469.82501220703125,473.32501220703125,467.0,468.5874938964844,437.3203430175781,3909840,0.0,0.0
2018-03-05 00:00:00+05:30,468.5375061035156,469.5,464.5625,467.48748779296875,436.2937927246094,3781464,0.0,0.0
2018-03-06 00:00:00+05:30,467.5,469.9750061035156,459.875,461.5625,430.76416015625,4576828,0.0,0.0
2018-03-07 00:00:00+05:30,460.0,463.3500061035156,457.125,458.1499938964844,427.5793762207031,5628164,0.0,0.0
2018-03-08 00:00:00+05:30,459.95001220703125,464.625,458.0,463.2124938964844,432.30401611328125,5518724,0.0,0.0
2018-03-09 00:00:00+05:30,463.73748779296875,466.3125,461.0,462.76251220703125,431.88409423828125,4108108,0.0,0.0
2018-03-12 00:00:00+05:30,465.04998779296875,467.36248779296875,463.3500061035156,466.8125,435.66387939453125,6557116,0.0,0.0
2018-03-13 00:00:00+05:30,466.86248779296875,471.1875,463.75,465.0625,434.0306091308594,5124200,0.0,0.0
2018-03-14 00:00:00+05:30,464.0,466.9750061035156,462.0,466.125,435.022216796875,3680392,0.0,0.0
2018-03-15 00:00:00+05:30,466.29998779296875,471.875,466.29998779296875,470.20001220703125,438.82525634765625,5870924,0.0,0.0
2018-03-16 00:00:00+05:30,470.0,470.2749938964844,461.63751220703125,463.25,432.3389892578125,7896336,0.0,0.0
2018-03-19 00:00:00+05:30,463.25,465.0,460.7875061035156,461.8125,430.99749755859375,7838740,0.0,0.0
2018-03-20 00:00:00+05:30,461.2749938964844,463.9750061035156,458.8125,459.875,429.18927001953125,3657372,0.0,0.0
2018-03-21 00:00:00+05:30,462.0,465.79998779296875,460.82501220703125,464.7250061035156,433.7156066894531,5921140,0.0,0.0
2018-03-22 00:00:00+05:30,464.7250061035156,470.0,463.7749938964844,466.9375,435.78045654296875,6673224,0.0,0.0
2018-03-23 00:00:00+05:30,461.6625061035156,463.2749938964844,459.3125,460.38751220703125,429.6675720214844,7190152,0.0,0.0
2018-03-26 00:00:00+05:30,459.9750061035156,475.0,458.375,473.36248779296875,441.7767639160156,10501768,0.0,0.0
2018-03-27 00:00:00+05:30,473.45001220703125,474.75,469.0,473.1499938964844,441.5784606933594,6136836,0.0,0.0
2018-03-28 00:00:00+05:30,470.73748779296875,474.92498779296875,469.01251220703125,471.5249938964844,440.0618591308594,8837508,0.0,0.0
2018-04-02 00:00:00+05:30,472.625,483.9375,472.625,482.79998779296875,450.58453369140625,4596368,0.0,0.0
2018-04-03 00:00:00+05:30,480.98748779296875,481.42498779296875,477.75,478.9750061035156,447.0147399902344,4079884,0.0,0.0
2018-04-04 00:00:00+05:30,478.23748779296875,481.23748779296875,469.61248779296875,470.8125,439.39691162109375,3714108,0.0,0.0
2018-04-05 00:00:00+05:30,475.32501220703125,478.5,472.54998779296875,477.2250061035156,445.381591796875,4858892,0.0,0.0
2018-04-06 00:00:00+05:30,478.04998779296875,481.61248779296875,476.45001220703125,480.8500061035156,448.7646789550781,3720008,0.0,0.0
2018-04-09 00:00:00+05:30,479.70001220703125,485.5,479.1000061035156,484.76251220703125,452.4161071777344,4003536,0.0,0.0
2018-04-10 00:00:00+05:30,485.75,485.75,478.375,480.2124938964844,448.16973876953125,6067236,0.0,0.0
2018-04-11 00:00:00+05:30,478.9750061035156,480.0,476.3500061035156,479.7124938964844,447.7030334472656,2870812,0.0,0.0
2018-04-12 00:00:00+05:30,479.0,483.2250061035156,476.4750061035156,482.20001220703125,450.02459716796875,4712516,0.0,0.0
2018-04-13 00:00:00+05:30,482.0,485.0,479.7749938964844,481.25,449.1379699707031,3297172,0.0,0.0
2018-04-16 00:00:00+05:30,480.0,487.5,479.9624938964844,485.5249938964844,453.1277160644531,2847744,0.0,0.0
2018-04-17 00:00:00+05:30,485.875,487.75,483.5249938964844,487.125,454.62091064453125,2667832,0.0,0.0
2018-04-18 00:00:00+05:30,487.75,488.375,482.51251220703125,483.1499938964844,450.91119384765625,2712720,0.0,0.0
2018-04-19 00:00:00+05:30,485.0,486.20001220703125,483.25,484.75,452.4044494628906,3169032,0.0,0.0
2018-04-20 00:00:00+05:30,485.25,490.25,483.0375061035156,488.9750061035156,456.3475646972656,9361380,0.0,0.0
2018-04-23 00:00:00+05:30,494.75,494.75,465.07501220703125,483.9375,451.6461486816406,15304620,0.0,0.0
2018-04-24 00:00:00+05:30,483.75,487.01251220703125,481.5,483.75,451.4711608886719,5037416,0.0,0.0
2018-04-25 00:00:00+05:30,481.9750061035156,484.5,478.0,480.1875,448.1463928222656,4020592,0.0,0.0
2018-04-26 00:00:00+05:30,479.20001220703125,484.79998779296875,477.8125,482.5625,450.3628845214844,7847480,0.0,0.0
2018-04-27 00:00:00+05:30,483.25,483.875,478.125,480.8500061035156,448.7646789550781,5777008,0.0,0.0
2018-04-30 00:00:00+05:30,482.5,488.70001220703125,482.20001220703125,486.07501220703125,453.64105224609375,4609552,0.0,0.0
2018-05-02 00:00:00+05:30,487.5,494.5,486.5,492.375,459.5206604003906,7100048,0.0,0.0
2018-05-03 00:00:00+05:30,492.01251220703125,493.7250061035156,486.5,491.9750061035156,459.1473083496094,4152772,0.0,0.0
2018-05-04 00:00:00+05:30,492.5,497.5,491.57501220703125,497.125,463.9537048339844,6881436,0.0,0.0
2018-05-07 00:00:00+05:30,495.4125061035156,496.82501220703125,493.75,494.3500061035156,461.3639221191406,5264128,0.0,0.0
2018-05-08 00:00:00+05:30,494.8125,494.9750061035156,488.6499938964844,491.76251220703125,458.9490661621094,7100564,0.0,0.0
2018-05-09 00:00:00+05:30,489.0375061035156,495.125,489.0375061035156,494.6000061035156,461.59716796875,4327332,0.0,0.0
2018-05-10 00:00:00+05:30,497.1499938964844,499.75,495.5,498.17498779296875,464.9336242675781,7171672,0.0,0.0
2018-05-11 00:00:00+05:30,498.17498779296875,504.25,496.5,502.9375,469.3783264160156,6057068,0.0,0.0
2018-05-14 00:00:00+05:30,504.29998779296875,506.8500061035156,503.1000061035156,505.4375,471.7115478515625,4742916,0.0,0.0
2018-05-15 00:00:00+05:30,506.76251220703125,516.25,506.67498779296875,509.45001220703125,475.456298828125,9826684,0.0,0.0
2018-05-16 00:00:00+05:30,507.63751220703125,512.25,504.2875061035156,505.8374938964844,472.0848388671875,6841604,0.0,0.0
2018-05-17 00:00:00+05:30,505.9624938964844,511.11248779296875,503.125,506.9375,473.1114807128906,6615476,0.0,0.0
2018-05-18 00:00:00+05:30,506.17498779296875,506.17498779296875,500.875,503.0375061035156,469.4716491699219,5217460,0.0,0.0
2018-05-21 00:00:00+05:30,504.0249938964844,505.25,496.51251220703125,498.26251220703125,465.0152587890625,4848108,0.0,0.0
2018-05-22 00:00:00+05:30,499.67498779296875,503.48748779296875,496.375,497.4750061035156,464.2803039550781,3960372,0.0,0.0
2018-05-23 00:00:00+05:30,496.95001220703125,498.5,490.8500061035156,491.875,459.0539855957031,5726292,0.0,0.0
2018-05-24 00:00:00+05:30,491.7749938964844,497.5625,489.0874938964844,496.5,463.37042236328125,4520744,0.0,0.0
2018-05-25 00:00:00+05:30,497.5,504.0,497.4750061035156,502.17498779296875,468.6667175292969,4759588,0.0,0.0
2018-05-28 00:00:00+05:30,501.95001220703125,513.0,501.5,510.54998779296875,476.4828796386719,5103940,0.0,0.0
2018-05-29 00:00:00+05:30,509.5,513.1749877929688,507.20001220703125,508.1499938964844,474.2430725097656,3351244,0.0,0.0
2018-05-30 00:00:00+05:30,504.92498779296875,513.25,504.07501220703125,512.0875244140625,477.9178466796875,4866996,0.0,0.0
2018-05-31 00:00:00+05:30,525.0,540.0,520.0,534.8624877929688,502.3613586425781,39639192,3.25,0.0
2018-06-01 00:00:00+05:30,529.0,534.5,525.25,527.6500244140625,495.587158203125,21151356,0.0,0.0
2018-06-04 00:00:00+05:30,537.5,539.25,509.48748779296875,511.54998779296875,480.4654846191406,88796324,0.0,0.0
2018-06-05 00:00:00+05:30,512.5,516.7374877929688,505.75,515.9000244140625,484.5512390136719,17105460,0.0,0.0
2018-06-06 00:00:00+05:30,515.0499877929688,516.2000122070312,511.25,514.3375244140625,483.0835876464844,9782000,0.0,0.0
2018-06-07 00:00:00+05:30,518.2999877929688,519.9500122070312,513.2999877929688,515.5499877929688,484.2223815917969,10563896,0.0,0.0
2018-06-08 00:00:00+05:30,514.75,515.3125,508.75,512.3375244140625,481.2051696777344,6180888,0.0,0.0
2018-06-11 00:00:00+05:30,512.9749755859375,515.7374877929688,509.70001220703125,510.57501220703125,479.5497741699219,7091188,0.0,0.0
2018-06-12 00:00:00+05:30,512.9749755859375,513.1749877929688,509.6000061035156,510.9624938964844,479.9136657714844,5234256,0.0,0.0
2018-06-13 00:00:00+05:30,513.0,513.7000122070312,506.0249938964844,507.86248779296875,477.00201416015625,7897960,0.0,0.0
2018-06-14 00:00:00+05:30,507.5,511.25,506.25,509.3500061035156,478.399169921875,16927576,0.0,0.0
2018-06-15 00:00:00+05:30,506.5,509.7250061035156,505.57501220703125,507.3999938964844,476.5675964355469,10880816,0.0,0.0
2018-06-18 00:00:00+05:30,507.5249938964844,509.70001220703125,502.2749938964844,504.7875061035156,474.1138916015625,7487404,0.0,0.0
2018-06-19 00:00:00+05:30,506.23748779296875,510.17498779296875,504.82501220703125,505.875,475.13531494140625,10981152,0.0,0.0
2018-06-20 00:00:00+05:30,506.5,514.5,506.25,514.0374755859375,482.8017883300781,9051712,0.0,0.0
2018-06-21 00:00:00+05:30,515.0,517.7000122070312,511.76251220703125,514.4000244140625,483.142333984375,13510704,0.0,0.0
2018-06-22 00:00:00+05:30,514.2374877929688,522.2000122070312,512.4625244140625,520.8375244140625,489.18865966796875,7848980,0.0,0.0
2018-06-25 00:00:00+05:30,520.7625122070312,524.4500122070312,518.2625122070312,523.7374877929688,491.91241455078125,6992336,0.0,0.0
2018-06-26 00:00:00+05:30,521.5125122070312,525.75,519.9625244140625,523.4249877929688,491.618896484375,9161932,0.0,0.0
2018-06-27 00:00:00+05:30,523.25,529.875,522.5,528.1500244140625,496.0568542480469,19126804,0.0,0.0
2018-06-28 00:00:00+05:30,528.75,535.0,527.7999877929688,532.7125244140625,500.3419494628906,37533540,0.0,0.0
2018-06-29 00:00:00+05:30,530.4249877929688,535.0,526.2750244140625,527.1124877929688,495.0823669433594,19458120,0.0,0.0
2018-07-02 00:00:00+05:30,527.0875244140625,527.0999755859375,515.8125,518.3125,486.81707763671875,9864876,0.0,0.0
2018-07-03 00:00:00+05:30,518.3125,521.25,516.4000244140625,517.5499877929688,486.10089111328125,6863100,0.0,0.0
2018-07-04 00:00:00+05:30,519.0625,527.0125122070312,517.25,525.8875122070312,493.93182373046875,6097992,0.0,0.0
2018-07-05 00:00:00+05:30,526.25,532.25,523.1375122070312,530.9375,498.67486572265625,9735968,0.0,0.0
2018-07-06 00:00:00+05:30,528.3250122070312,533.8875122070312,527.8375244140625,528.7874755859375,496.65557861328125,8121344,0.0,0.0
2018-07-09 00:00:00+05:30,530.4625244140625,532.5,526.9375,531.4124755859375,499.1210021972656,6182296,0.0,0.0
2018-07-10 00:00:00+05:30,532.4749755859375,537.4000244140625,531.25,536.5999755859375,503.9932556152344,10950736,0.0,0.0
2018-07-11 00:00:00+05:30,536.2625122070312,538.9249877929688,533.7000122070312,537.0625,504.42767333984375,5857920,0.0,0.0
2018-07-12 00:00:00+05:30,538.2249755859375,544.9625244140625,538.0,541.4874877929688,508.5837707519531,8020668,0.0,0.0
2018-07-13 00:00:00+05:30,542.0999755859375,547.7000122070312,540.7750244140625,545.2249755859375,512.0941772460938,7161188,0.0,0.0
2018-07-16 00:00:00+05:30,544.8499755859375,547.5125122070312,540.9375,542.2125244140625,509.2647399902344,9017336,0.0,0.0
2018-07-17 00:00:00+05:30,540.8125,545.25,540.8125,544.1875,511.11962890625,6361924,0.0,0.0
2018-07-18 00:00:00+05:30,546.75,555.0,543.4124755859375,544.0499877929688,510.99053955078125,17460272,0.0,0.0
2018-07-19 00:00:00+05:30,545.75,548.375,542.75,546.5250244140625,513.3152465820312,5304776,0.0,0.0
2018-07-20 00:00:00+05:30,546.5250244140625,550.7125244140625,542.7750244140625,547.2625122070312,514.0078125,10006964,0.0,0.0
2018-07-23 00:00:00+05:30,537.5,544.5,534.5125122070312,539.1124877929688,506.3531494140625,16880132,0.0,0.0
2018-07-24 00:00:00+05:30,536.75,542.25,536.75,539.9375,507.1279602050781,5208792,0.0,0.0
2018-07-25 00:00:00+05:30,541.1624755859375,544.2000122070312,540.0,542.5875244140625,509.6169128417969,7038616,0.0,0.0
2018-07-26 00:00:00+05:30,541.25,550.8624877929688,541.25,548.1500244140625,514.8414306640625,21281092,0.0,0.0
2018-07-27 00:00:00+05:30,550.4874877929688,552.9874877929688,546.1749877929688,550.5374755859375,517.0839233398438,10554596,0.0,0.0
2018-07-30 00:00:00+05:30,549.75,549.75,539.8499755859375,542.4749755859375,509.5113830566406,7169120,0.0,0.0
2018-07-31 00:00:00+05:30,540.0,546.4749755859375,537.5125122070312,544.875,511.7654113769531,8860944,0.0,0.0
2018-08-01 00:00:00+05:30,540.7000122070312,543.75,537.9249877929688,539.6749877929688,506.8813781738281,6071560,0.0,0.0
2018-08-02 00:00:00+05:30,538.375,538.4249877929688,530.3375244140625,532.5499877929688,500.189453125,8905704,0.0,0.0
2018-08-03 00:00:00+05:30,533.3875122070312,536.7625122070312,528.5,530.4124755859375,498.1817932128906,13604008,0.0,0.0
2018-08-06 00:00:00+05:30,530.25,534.3499755859375,526.5250244140625,528.5750122070312,496.4559631347656,5744632,0.0,0.0
2018-08-07 00:00:00+05:30,531.25,533.625,527.0,532.7249755859375,500.3537902832031,7428456,0.0,0.0
2018-08-08 00:00:00+05:30,533.9625244140625,537.9500122070312,533.2625122070312,534.0875244140625,501.63348388671875,9945380,0.0,0.0
2018-08-09 00:00:00+05:30,535.5,535.5,523.6624755859375,529.625,497.4421691894531,8944408,0.0,0.0
2018-08-10 00:00:00+05:30,530.875,530.9500122070312,524.5,528.6124877929688,496.4911193847656,5442940,0.0,0.0
2018-08-13 00:00:00+05:30,521.0,525.9874877929688,520.0,522.9124755859375,491.13751220703125,10054252,0.0,0.0
2018-08-14 00:00:00+05:30,524.5,526.25,521.7999877929688,522.2750244140625,490.5388488769531,4935964,0.0,0.0
2018-08-16 00:00:00+05:30,520.75,521.6749877929688,516.5999755859375,518.9249877929688,487.3923645019531,10625160,0.0,0.0
2018-08-17 00:00:00+05:30,520.7249755859375,523.2625122070312,517.9124755859375,519.3375244140625,487.77978515625,6065328,0.0,0.0
2018-08-20 00:00:00+05:30,518.75,526.9000244140625,518.75,524.0499877929688,492.2059631347656,7811136,0.0,0.0
2018-08-21 00:00:00+05:30,524.5,528.0,523.1624755859375,524.0125122070312,492.1707458496094,7776320,0.0,0.0
2018-08-23 00:00:00+05:30,526.25,526.75,519.2125244140625,519.9749755859375,488.3785095214844,12574552,0.0,0.0
2018-08-24 00:00:00+05:30,517.75,523.4000244140625,516.5125122070312,517.4625244140625,486.01873779296875,9714628,0.0,0.0
2018-08-27 00:00:00+05:30,519.25,522.125,517.5625,520.1124877929688,488.5076599121094,12574788,0.0,0.0
2018-08-28 00:00:00+05:30,522.0,524.5625,519.7000122070312,523.7125244140625,491.8889465332031,9973532,0.0,0.0
2018-08-29 00:00:00+05:30,523.0374755859375,523.5125122070312,518.1875,519.625,488.0497741699219,9873692,0.0,0.0
2018-08-30 00:00:00+05:30,520.9000244140625,521.9749755859375,515.4625244140625,516.5250244140625,485.1382141113281,21827460,0.0,0.0
2018-08-31 00:00:00+05:30,517.2999877929688,519.6875,514.5625,515.2999877929688,483.98760986328125,15771500,0.0,0.0
2018-09-03 00:00:00+05:30,517.3499755859375,519.7374877929688,515.875,518.7625122070312,487.23974609375,7661608,0.0,0.0
2018-09-04 00:00:00+05:30,519.2249755859375,519.4874877929688,512.25,512.9500122070312,481.7804260253906,7130536,0.0,0.0
2018-09-05 00:00:00+05:30,513.4500122070312,515.0499877929688,508.88751220703125,511.4624938964844,480.38330078125,5641508,0.0,0.0
2018-09-06 00:00:00+05:30,512.25,514.75,508.1499938964844,513.0499877929688,481.8743591308594,10402412,0.0,0.0
2018-09-07 00:00:00+05:30,512.75,515.0,510.1875,514.2374877929688,482.9896240234375,5919300,0.0,0.0
2018-09-10 00:00:00+05:30,513.75,513.75,506.2749938964844,510.2875061035156,479.27972412109375,8598592,0.0,0.0
2018-09-11 00:00:00+05:30,511.57501220703125,512.0,498.5375061035156,500.1000061035156,469.7112731933594,18186536,0.0,0.0
2018-09-12 00:00:00+05:30,500.4750061035156,505.3374938964844,497.38751220703125,502.9624938964844,472.3997802734375,12246008,0.0,0.0
2018-09-14 00:00:00+05:30,504.9624938964844,509.3500061035156,504.73748779296875,507.3999938964844,476.5675964355469,10334672,0.0,0.0
2018-09-17 00:00:00+05:30,505.32501220703125,505.73748779296875,497.0,498.04998779296875,467.7857971191406,9338220,0.0,0.0
2018-09-18 00:00:00+05:30,498.7250061035156,502.4624938964844,495.23748779296875,497.29998779296875,467.0813903808594,9325736,0.0,0.0
2018-09-19 00:00:00+05:30,498.7124938964844,499.5,489.125,490.3374938964844,460.5419921875,16712264,0.0,0.0
2018-09-21 00:00:00+05:30,493.4750061035156,499.9624938964844,477.54998779296875,492.5625,462.6317138671875,22610148,0.0,0.0
2018-09-24 00:00:00+05:30,491.8125,493.04998779296875,478.75,481.42498779296875,452.1709899902344,13390792,0.0,0.0
2018-09-25 00:00:00+05:30,481.42498779296875,490.5,478.75,488.1000061035156,458.4404296875,16682552,0.0,0.0
2018-09-26 00:00:00+05:30,490.73748779296875,494.5,488.82501220703125,492.04998779296875,462.150390625,14726724,0.0,0.0
2018-09-27 00:00:00+05:30,492.3500061035156,496.5,488.7875061035156,494.0375061035156,464.01715087890625,18352208,0.0,0.0
2018-09-28 00:00:00+05:30,495.1625061035156,503.86248779296875,494.2875061035156,501.51251220703125,471.0379638671875,14460716,0.0,0.0
2018-10-01 00:00:00+05:30,502.45001220703125,510.5,499.45001220703125,508.86248779296875,477.9412841796875,12449588,0.0,0.0
2018-10-03 00:00:00+05:30,507.61248779296875,513.0499877929688,501.75,507.7875061035156,476.9316101074219,15332148,0.0,0.0
2018-10-04 00:00:00+05:30,502.0,504.45001220703125,485.75,489.4375,459.6966247558594,17970584,0.0,0.0
2018-10-05 00:00:00+05:30,488.48748779296875,497.5,485.0375061035156,491.32501220703125,461.469482421875,15729180,0.0,0.0
2018-10-08 00:00:00+05:30,491.25,492.25,482.5,486.25,456.702880859375,20128020,0.0,0.0
2018-10-09 00:00:00+05:30,486.1000061035156,491.25,482.5,485.1499938964844,455.669677734375,12459364,0.0,0.0
2018-10-10 00:00:00+05:30,486.25,495.5625,483.875,491.7875061035156,461.9038391113281,15939932,0.0,0.0
2018-10-11 00:00:00+05:30,481.25,487.07501220703125,479.3999938964844,484.38751220703125,454.9535217285156,14359904,0.0,0.0
2018-10-12 00:00:00+05:30,486.25,499.2749938964844,485.5,495.4624938964844,465.3555603027344,9600320,0.0,0.0
2018-10-15 00:00:00+05:30,497.5,502.70001220703125,492.57501220703125,502.01251220703125,471.5075378417969,12585968,0.0,0.0
2018-10-16 00:00:00+05:30,500.75,504.54998779296875,496.875,498.1875,467.91497802734375,9406004,0.0,0.0
2018-10-17 00:00:00+05:30,501.5249938964844,503.25,490.875,493.6499938964844,463.6531982421875,7940796,0.0,0.0
2018-10-19 00:00:00+05:30,489.7250061035156,495.2124938964844,489.5,491.9375,462.04473876953125,9867348,0.0,0.0
2018-10-22 00:00:00+05:30,503.5,505.0,497.1499938964844,499.7250061035156,469.35906982421875,20331160,0.0,0.0
2018-10-23 00:00:00+05:30,493.25,499.7250061035156,493.25,496.2124938964844,466.0599365234375,19428564,0.0,0.0
2018-10-24 00:00:00+05:30,501.0,502.20001220703125,493.1499938964844,498.0625,467.7975769042969,18072336,0.0,0.0
2018-10-25 00:00:00+05:30,493.3999938964844,500.8999938964844,490.61248779296875,492.20001220703125,462.2912902832031,29847056,0.0,0.0
2018-10-26 00:00:00+05:30,492.20001220703125,494.29998779296875,487.25,490.29998779296875,460.50677490234375,15155712,0.0,0.0
2018-10-29 00:00:00+05:30,491.0249938964844,491.23748779296875,473.79998779296875,481.57501220703125,452.3119201660156,17044280,0.0,0.0
2018-10-30 00:00:00+05:30,481.25,483.0,474.82501220703125,478.1875,449.1302795410156,13828704,0.0,0.0
2018-10-31 00:00:00+05:30,475.51251220703125,479.4750061035156,471.25,477.9375,448.89544677734375,23449404,0.0,0.0
2018-11-01 00:00:00+05:30,482.5,482.5,474.0,478.04998779296875,449.0011291503906,19629052,0.0,0.0
2018-11-02 00:00:00+05:30,481.5,490.0,478.0,487.36248779296875,457.74774169921875,30092868,0.0,0.0
2018-11-05 00:00:00+05:30,487.4750061035156,489.9125061035156,484.5,489.0,459.2857360839844,5705296,0.0,0.0
2018-11-06 00:00:00+05:30,488.75,494.0,485.73748779296875,486.63751220703125,457.0668029785156,8485588,0.0,0.0
2018-11-07 00:00:00+05:30,490.25,491.23748779296875,487.5,489.48748779296875,459.7436218261719,958760,0.0,0.0
2018-11-09 00:00:00+05:30,489.54998779296875,489.9750061035156,484.07501220703125,486.3500061035156,456.7967529296875,10101620,0.0,0.0
2018-11-12 00:00:00+05:30,487.875,490.5,479.2875061035156,480.26251220703125,451.0792236328125,7907764,0.0,0.0
2018-11-13 00:00:00+05:30,479.75,484.42498779296875,477.04998779296875,481.9375,452.65240478515625,13350420,0.0,0.0
2018-11-14 00:00:00+05:30,484.63751220703125,490.0,484.1499938964844,489.4375,459.6966247558594,26110636,0.0,0.0
2018-11-15 00:00:00+05:30,490.4750061035156,494.32501220703125,482.79998779296875,493.7875061035156,463.7823181152344,10392524,0.0,0.0
2018-11-16 00:00:00+05:30,495.25,503.25,495.0,501.07501220703125,470.6269836425781,15813216,0.0,0.0
2018-11-19 00:00:00+05:30,502.75,505.25,500.4750061035156,503.4750061035156,472.88116455078125,12286428,0.0,0.0
2018-11-20 00:00:00+05:30,503.25,504.8999938964844,499.76251220703125,503.11248779296875,472.5406799316406,5705168,0.0,0.0
2018-11-21 00:00:00+05:30,503.1875,505.98748779296875,501.0,504.6875,474.0199890136719,6545604,0.0,0.0
2018-11-22 00:00:00+05:30,503.3125,508.75,500.0375061035156,501.375,470.90875244140625,12974552,0.0,0.0
2018-11-26 00:00:00+05:30,503.4750061035156,513.0,503.01251220703125,512.4500122070312,481.3107604980469,18184436,0.0,0.0
2018-11-27 00:00:00+05:30,510.26251220703125,516.9749755859375,510.1875,516.0,484.64508056640625,12895440,0.0,0.0
2018-11-28 00:00:00+05:30,516.25,524.6500244140625,515.0250244140625,522.3125,490.57403564453125,13021108,0.0,0.0
2018-11-29 00:00:00+05:30,525.25,534.3499755859375,523.5,532.7625122070312,500.3890075683594,31908636,0.0,0.0
2018-11-30 00:00:00+05:30,532.5,534.3875122070312,527.5,532.1124877929688,499.778564453125,13040924,0.0,0.0
2018-12-03 00:00:00+05:30,532.75,535.5,526.7249755859375,528.3250122070312,496.2211608886719,10799856,0.0,0.0
2018-12-04 00:00:00+05:30,526.3499755859375,527.75,519.6500244140625,521.3875122070312,489.7052307128906,8157420,0.0,0.0
2018-12-05 00:00:00+05:30,519.5,526.3250122070312,518.9874877929688,524.7999877929688,492.9103088378906,11798844,0.0,0.0
2018-12-06 00:00:00+05:30,522.4249877929688,525.4124755859375,521.25,524.2625122070312,492.4055480957031,11730252,0.0,0.0
2018-12-07 00:00:00+05:30,526.6749877929688,529.5,520.0750122070312,526.9000244140625,494.8828125,9903920,0.0,0.0
2018-12-10 00:00:00+05:30,516.4749755859375,526.2000122070312,516.4749755859375,522.1875,490.4565734863281,10915056,0.0,0.0
2018-12-11 00:00:00+05:30,514.0,517.8250122070312,508.0,514.8875122070312,483.6001892089844,18905780,0.0,0.0
2018-12-12 00:00:00+05:30,516.7374877929688,522.4500122070312,515.0250244140625,521.3250122070312,489.646484375,11370488,0.0,0.0
2018-12-13 00:00:00+05:30,523.75,531.25,522.8250122070312,525.3250122070312,493.4034729003906,7064236,0.0,0.0
2018-12-14 00:00:00+05:30,526.2249755859375,529.5,522.0125122070312,523.9249877929688,492.0885314941406,6158284,0.0,0.0
2018-12-17 00:00:00+05:30,526.0,533.1500244140625,524.75,532.5499877929688,500.189453125,8437324,0.0,0.0
2018-12-18 00:00:00+05:30,531.0,534.75,525.6500244140625,533.8624877929688,501.4220275878906,7413968,0.0,0.0
2018-12-19 00:00:00+05:30,533.2750244140625,539.8499755859375,528.3875122070312,530.8624877929688,498.60443115234375,9009896,0.0,0.0
2018-12-20 00:00:00+05:30,528.1375122070312,535.1124877929688,525.6624755859375,534.3624877929688,501.8917541503906,7980476,0.0,0.0
2018-12-21 00:00:00+05:30,533.5,537.2750244140625,527.2625122070312,527.7874755859375,495.7162780761719,10220308,0.0,0.0
2018-12-24 00:00:00+05:30,526.0,526.0,519.3375244140625,520.1624755859375,488.5545959472656,5601488,0.0,0.0
2018-12-26 00:00:00+05:30,519.25,531.75,517.25,530.5875244140625,498.34625244140625,7601916,0.0,0.0
2018-12-27 00:00:00+05:30,533.25,534.5499877929688,524.6124877929688,526.2625122070312,494.28399658203125,11639868,0.0,0.0
2018-12-28 00:00:00+05:30,529.3375244140625,534.4375,528.875,530.7249755859375,498.4752502441406,9415612,0.0,0.0
2018-12-31 00:00:00+05:30,534.25,534.25,529.1749877929688,530.4249877929688,498.1935119628906,5866528,0.0,0.0
2019-01-01 00:00:00+05:30,531.9124755859375,537.75,526.4000244140625,537.0250244140625,504.3926086425781,6373440,0.0,0.0
2019-01-02 00:00:00+05:30,535.7000122070312,536.875,529.9249877929688,532.125,499.7901916503906,8134232,0.0,0.0
2019-01-03 00:00:00+05:30,531.0499877929688,532.0625,525.75,527.9500122070312,495.86895751953125,12771664,0.0,0.0
2019-01-04 00:00:00+05:30,528.8125,532.125,527.5875244140625,529.3624877929688,497.195556640625,7287120,0.0,0.0
2019-01-07 00:00:00+05:30,531.9249877929688,533.8375244140625,529.5,530.1624755859375,497.9469299316406,5387012,0.0,0.0
2019-01-08 00:00:00+05:30,530.5,530.875,524.1624755859375,525.75,493.8026123046875,8343460,0.0,0.0
2019-01-09 00:00:00+05:30,529.5,530.3375244140625,525.6500244140625,529.2000122070312,497.0429992675781,8568628,0.0,0.0
2019-01-10 00:00:00+05:30,529.25,530.9500122070312,523.1624755859375,527.125,495.093994140625,7691540,0.0,0.0
2019-01-11 00:00:00+05:30,528.4500122070312,531.0,527.0,527.9749755859375,495.8923645019531,6408040,0.0,0.0
2019-01-14 00:00:00+05:30,527.4749755859375,527.4749755859375,524.6124877929688,525.4124755859375,493.4856262207031,4855160,0.0,0.0
2019-01-15 00:00:00+05:30,526.2625122070312,531.625,525.5,530.4749755859375,498.240478515625,5087556,0.0,0.0
2019-01-16 00:00:00+05:30,530.0125122070312,531.25,527.0625,530.0499877929688,497.84130859375,5252452,0.0,0.0
2019-01-17 00:00:00+05:30,531.3125,533.9749755859375,528.3375244140625,533.0750122070312,500.6825256347656,8240228,0.0,0.0
2019-01-18 00:00:00+05:30,533.75,534.75,528.6375122070312,532.5625,500.2010803222656,5207976,0.0,0.0
2019-01-21 00:00:00+05:30,534.9874877929688,541.625,531.625,537.0374755859375,504.4042053222656,17561512,0.0,0.0
2019-01-22 00:00:00+05:30,536.5,536.7000122070312,532.2625122070312,533.9625244140625,501.51611328125,8796976,0.0,0.0
2019-01-23 00:00:00+05:30,533.5,533.9625244140625,525.3624877929688,526.3499755859375,494.36614990234375,7624288,0.0,0.0
2019-01-24 00:00:00+05:30,527.5,530.4124755859375,524.4749755859375,525.5625,493.62652587890625,10111572,0.0,0.0
2019-01-25 00:00:00+05:30,523.25,527.5,522.5,524.0,492.158935546875,11262236,0.0,0.0
2019-01-28 00:00:00+05:30,522.5,525.5125122070312,519.1875,521.0374755859375,489.37646484375,15360436,0.0,0.0
2019-01-29 00:00:00+05:30,519.5625,520.75,513.25,514.4000244140625,483.142333984375,14762788,0.0,0.0
2019-01-30 00:00:00+05:30,514.3125,514.3125,507.0,508.67498779296875,477.7651672363281,18514160,0.0,0.0
2019-01-31 00:00:00+05:30,507.75,522.4375,505.5,519.9874877929688,488.39031982421875,16579404,0.0,0.0
2019-02-01 00:00:00+05:30,519.9874877929688,529.25,519.1500244140625,522.6124877929688,490.8557434082031,15654188,0.0,0.0
2019-02-04 00:00:00+05:30,523.75,528.25,520.6624755859375,526.2249755859375,494.2487487792969,7938288,0.0,0.0
2019-02-05 00:00:00+05:30,527.0,529.75,524.25,528.5125122070312,496.3972473144531,8690288,0.0,0.0
2019-02-06 00:00:00+05:30,529.0625,531.75,528.4000244140625,530.6624755859375,498.41656494140625,10875684,0.0,0.0
2019-02-07 00:00:00+05:30,531.2625122070312,532.5,526.4625244140625,529.3125,497.1485595703125,7217308,0.0,0.0
2019-02-08 00:00:00+05:30,528.0,536.2374877929688,526.6624755859375,530.6624755859375,498.41656494140625,12235644,0.0,0.0
2019-02-11 00:00:00+05:30,528.3250122070312,535.7249755859375,528.3250122070312,534.9124755859375,502.40838623046875,7036364,0.0,0.0
2019-02-12 00:00:00+05:30,534.5,537.0,531.2000122070312,532.4249877929688,500.0720520019531,9772388,0.0,0.0
2019-02-14 00:00:00+05:30,535.0,535.0,526.4000244140625,527.5499877929688,495.49322509765625,7441388,0.0,0.0
2019-02-15 00:00:00+05:30,526.8375244140625,527.0250244140625,519.5499877929688,525.1624755859375,493.250732421875,8416524,0.0,0.0
2019-02-18 00:00:00+05:30,526.7000122070312,529.5,521.5,522.4749755859375,490.72650146484375,7138744,0.0,0.0
2019-02-19 00:00:00+05:30,522.4249877929688,527.0374755859375,519.5499877929688,521.0125122070312,489.3529968261719,5268636,0.0,0.0
2019-02-20 00:00:00+05:30,522.125,527.75,520.4749755859375,527.0875244140625,495.0588684082031,4892500,0.0,0.0
2019-02-21 00:00:00+05:30,525.4249877929688,529.9874877929688,523.4000244140625,528.9749755859375,496.83160400390625,5261544,0.0,0.0
2019-02-22 00:00:00+05:30,529.8499755859375,532.0250244140625,522.2750244140625,522.8624877929688,491.0906066894531,8890708,0.0,0.0
2019-02-25 00:00:00+05:30,523.7874755859375,532.4874877929688,523.7874755859375,531.3499755859375,499.0623474121094,8140596,0.0,0.0
2019-02-26 00:00:00+05:30,527.8125,531.25,525.2750244140625,527.6624755859375,495.5988464355469,9607428,0.0,0.0
2019-02-27 00:00:00+05:30,529.0250244140625,531.1124877929688,522.0374755859375,523.0625,491.27838134765625,7030092,0.0,0.0
2019-02-28 00:00:00+05:30,523.2750244140625,526.4625244140625,518.2999877929688,519.3875122070312,487.8267517089844,11645376,0.0,0.0
2019-03-01 00:00:00+05:30,521.5625,525.2249755859375,519.25,520.8375244140625,489.18865966796875,9352928,0.0,0.0
2019-03-05 00:00:00+05:30,522.2249755859375,527.7750244140625,517.5,526.7750244140625,494.7654113769531,11837276,0.0,0.0
2019-03-06 00:00:00+05:30,527.5,527.5750122070312,522.6375122070312,526.0625,494.0961608886719,8458044,0.0,0.0
2019-03-07 00:00:00+05:30,527.4000244140625,532.5,523.75,531.625,499.3205871582031,10204852,0.0,0.0
2019-03-08 00:00:00+05:30,528.7625122070312,532.5,527.3624877929688,532.0499877929688,499.7197570800781,7053460,0.0,0.0
2019-03-11 00:00:00+05:30,533.0,535.9249877929688,530.5499877929688,532.1124877929688,499.778564453125,9224108,0.0,0.0
2019-03-12 00:00:00+05:30,536.75,543.75,534.25,542.75,509.7696228027344,15097292,0.0,0.0
2019-03-13 00:00:00+05:30,543.75,558.5,543.0250244140625,556.6375122070312,522.8132934570312,57166348,0.0,0.0
2019-03-14 00:00:00+05:30,561.2125244140625,561.875,552.6500244140625,556.1875,522.3905639648438,15379864,0.0,0.0
2019-03-15 00:00:00+05:30,557.75,564.9749755859375,557.0125122070312,563.25,529.02392578125,12763088,0.0,0.0
2019-03-18 00:00:00+05:30,565.4749755859375,572.9124755859375,561.75,565.3624877929688,531.0079956054688,14358720,0.0,0.0
2019-03-19 00:00:00+05:30,567.375,568.9749755859375,562.75,566.9375,532.4873046875,11957992,0.0,0.0
2019-03-20 00:00:00+05:30,567.25,575.0,565.2625122070312,574.75,539.8250732421875,11711992,0.0,0.0
2019-03-22 00:00:00+05:30,575.0,576.75,567.7000122070312,569.0374755859375,534.459716796875,30403880,0.0,0.0
2019-03-25 00:00:00+05:30,565.0,571.9625244140625,563.25,570.3250122070312,535.6689453125,9199260,0.0,0.0
2019-03-26 00:00:00+05:30,568.9749755859375,578.75,568.1500244140625,577.8375244140625,542.7250366210938,11786848,0.0,0.0
2019-03-27 00:00:00+05:30,579.6375122070312,582.0125122070312,569.7625122070312,574.8624877929688,539.9308471679688,13885300,0.0,0.0
2019-03-28 00:00:00+05:30,574.7000122070312,581.25,571.9625244140625,575.7000122070312,540.7174072265625,19554328,0.0,0.0
2019-04-01 00:00:00+05:30,581.3125,583.0,576.1500244140625,577.9500122070312,542.8306884765625,9647076,0.0,0.0
2019-04-02 00:00:00+05:30,580.0,580.0,571.3624877929688,573.7125244140625,538.8507080078125,10910496,0.0,0.0
2019-04-03 00:00:00+05:30,573.0250244140625,579.0,572.0625,573.1875,538.3574829101562,7659452,0.0,0.0
2019-04-04 00:00:00+05:30,573.1875,578.25,570.0,570.9874877929688,536.291259765625,9211552,0.0,0.0
2019-04-05 00:00:00+05:30,571.9500122070312,578.4375,570.5,576.4000244140625,541.3748168945312,8351180,0.0,0.0
2019-04-08 00:00:00+05:30,579.75,580.7374877929688,570.0250244140625,572.3499755859375,537.5709838867188,6398132,0.0,0.0
2019-04-09 00:00:00+05:30,574.1500244140625,575.75,566.75,571.8125,537.066162109375,10777600,0.0,0.0
2019-04-10 00:00:00+05:30,562.5,571.0,557.75,559.3375244140625,525.34912109375,108128700,0.0,0.0
2019-04-11 00:00:00+05:30,561.2249755859375,565.75,559.2374877929688,564.375,530.0806274414062,8793300,0.0,0.0
2019-04-12 00:00:00+05:30,563.0250244140625,568.0499877929688,563.0250244140625,566.3125,531.9002685546875,9170444,0.0,0.0
2019-04-15 00:00:00+05:30,567.5,573.2249755859375,566.0875244140625,572.2000122070312,537.4300537109375,10219780,0.0,0.0
2019-04-16 00:00:00+05:30,572.7374877929688,577.4749755859375,570.0750122070312,576.2625122070312,541.2457275390625,8273776,0.0,0.0
2019-04-18 00:00:00+05:30,578.25,578.7625122070312,572.0,573.4124755859375,538.56884765625,10614856,0.0,0.0
2019-04-22 00:00:00+05:30,581.25,581.25,565.25,567.1749877929688,532.7103881835938,20980420,0.0,0.0
2019-04-23 00:00:00+05:30,569.3875122070312,572.5,560.4000244140625,561.3250122070312,527.2158203125,15282400,0.0,0.0
2019-04-24 00:00:00+05:30,562.5,570.9749755859375,561.7625122070312,569.9375,535.3049926757812,12354128,0.0,0.0
2019-04-25 00:00:00+05:30,571.7249755859375,574.7000122070312,564.4874877929688,565.8624877929688,531.4777221679688,18086636,0.0,0.0
2019-04-26 00:00:00+05:30,566.4749755859375,571.25,564.2249755859375,570.2374877929688,535.5867919921875,11707568,0.0,0.0
2019-04-30 00:00:00+05:30,571.25,580.0,569.5999755859375,579.3624877929688,544.1572875976562,12536836,0.0,0.0
2019-05-02 00:00:00+05:30,580.875,589.9124755859375,579.375,588.9500122070312,553.1622314453125,17169300,0.0,0.0
2019-05-03 00:00:00+05:30,591.0499877929688,594.5,589.125,591.9874877929688,556.0151977539062,12351520,0.0,0.0
2019-05-06 00:00:00+05:30,587.0,587.9749755859375,579.2625122070312,582.1124877929688,546.7401733398438,13748092,0.0,0.0
2019-05-07 00:00:00+05:30,587.9749755859375,589.5,579.5,580.5875244140625,545.3079223632812,9924204,0.0,0.0
2019-05-08 00:00:00+05:30,580.6375122070312,580.9500122070312,572.0,576.8125,541.7623291015625,12064208,0.0,0.0
2019-05-09 00:00:00+05:30,575.0,575.0,567.9000244140625,572.7249755859375,537.9232177734375,9027724,0.0,0.0
2019-05-10 00:00:00+05:30,572.8375244140625,581.2249755859375,572.8375244140625,574.125,539.2380981445312,10594200,0.0,0.0
2019-05-13 00:00:00+05:30,574.0125122070312,578.3375244140625,570.0,571.7999877929688,537.0543212890625,11071632,0.0,0.0
2019-05-14 00:00:00+05:30,574.1749877929688,577.75,568.8875122070312,571.9749755859375,537.2186889648438,10494744,0.0,0.0
2019-05-15 00:00:00+05:30,574.0,576.7999877929688,570.5499877929688,571.6749877929688,536.9368896484375,8956348,0.0,0.0
2019-05-16 00:00:00+05:30,570.1375122070312,579.75,570.0,577.6624755859375,542.5606079101562,8050136,0.0,0.0
2019-05-17 00:00:00+05:30,578.25,592.3250122070312,577.9000244140625,590.5250244140625,554.6415405273438,14758780,0.0,0.0
2019-05-20 00:00:00+05:30,602.0,609.6749877929688,595.0,608.0875244140625,571.1369018554688,17699632,0.0,0.0
2019-05-21 00:00:00+05:30,609.5,612.3499755859375,599.8624877929688,600.9249877929688,564.4096069335938,10325176,0.0,0.0
2019-05-22 00:00:00+05:30,602.9625244140625,606.5,598.5625,601.4375,564.890869140625,11386660,0.0,0.0
2019-05-23 00:00:00+05:30,602.25,609.9749755859375,579.7750244140625,583.0250244140625,547.5972900390625,33081996,0.0,0.0
2019-05-24 00:00:00+05:30,589.9249877929688,596.5374755859375,585.0374755859375,593.3375244140625,557.2831420898438,13692800,0.0,0.0
2019-05-27 00:00:00+05:30,594.7249755859375,605.4749755859375,593.0625,602.0875244140625,565.50146484375,12049024,0.0,0.0
2019-05-28 00:00:00+05:30,604.125,605.0,596.7625122070312,604.0499877929688,567.3446655273438,7364840,0.0,0.0
2019-05-29 00:00:00+05:30,602.5499877929688,607.7000122070312,602.5499877929688,604.2249755859375,567.509033203125,7475216,0.0,0.0
2019-05-30 00:00:00+05:30,604.0,611.9749755859375,603.2625122070312,609.8875122070312,572.827392578125,9359200,0.0,0.0
2019-05-31 00:00:00+05:30,614.2000122070312,616.25,589.2000122070312,606.3375244140625,569.4932250976562,19785080,0.0,0.0
2019-06-03 00:00:00+05:30,606.75,614.9500122070312,606.2374877929688,614.2750244140625,576.948486328125,8480860,0.0,0.0
2019-06-04 00:00:00+05:30,613.75,616.4375,610.2625122070312,613.0750122070312,575.8213500976562,6442988,0.0,0.0
2019-06-06 00:00:00+05:30,613.2999877929688,617.5,603.3375244140625,605.8375244140625,569.023681640625,15634924,0.0,0.0
2019-06-07 00:00:00+05:30,606.4124755859375,613.5625,602.25,611.9124755859375,574.7294311523438,7970932,0.0,0.0
2019-06-10 00:00:00+05:30,617.4874877929688,617.4874877929688,608.0250244140625,610.0499877929688,572.9801635742188,7077140,0.0,0.0
2019-06-11 00:00:00+05:30,612.875,614.9749755859375,610.0875244140625,612.0999755859375,574.9053955078125,7103292,0.0,0.0
2019-06-12 00:00:00+05:30,611.25,612.0999755859375,605.9124755859375,606.7625122070312,569.8923950195312,7308620,0.0,0.0
2019-06-13 00:00:00+05:30,608.9874877929688,613.0,603.9874877929688,611.1749877929688,574.0366821289062,11107948,0.0,0.0
2019-06-14 00:00:00+05:30,610.7374877929688,614.7374877929688,606.25,608.7750244140625,571.7825317382812,11956920,0.0,0.0
2019-06-17 00:00:00+05:30,608.75,609.9749755859375,604.3250122070312,605.5,568.70654296875,12810020,0.0,0.0
2019-06-18 00:00:00+05:30,604.5,608.0,601.0,604.3125,567.59130859375,12419652,0.0,0.0
2019-06-19 00:00:00+05:30,606.75,611.2249755859375,604.1749877929688,607.0875244140625,570.1976318359375,10744276,0.0,0.0
2019-06-20 00:00:00+05:30,607.0875244140625,609.25,603.6500244140625,606.5875244140625,573.2691650390625,11171492,3.75,0.0
2019-06-21 00:00:00+05:30,606.5,607.4249877929688,601.4124755859375,603.5499877929688,570.3984375,13250260,0.0,0.0
2019-06-24 00:00:00+05:30,602.9874877929688,607.6500244140625,602.5,604.4874877929688,571.2843627929688,6915000,0.0,0.0
2019-06-25 00:00:00+05:30,604.9625244140625,610.375,600.75,607.1749877929688,573.8243408203125,8899800,0.0,0.0
2019-06-26 00:00:00+05:30,606.1749877929688,617.5,605.5,616.9749755859375,583.0859375,10533636,0.0,0.0
2019-06-27 00:00:00+05:30,617.1875,623.625,614.0374755859375,615.5750122070312,581.7630004882812,19879236,0.0,0.0
2019-06-28 00:00:00+05:30,616.0,618.75,609.2625122070312,610.9375,577.380126953125,12756844,0.0,0.0
2019-07-01 00:00:00+05:30,614.0,622.25,612.5125122070312,621.3875122070312,587.2561645507812,8524160,0.0,0.0
2019-07-02 00:00:00+05:30,622.0,624.375,616.7999877929688,623.75,589.489013671875,7246828,0.0,0.0
2019-07-03 00:00:00+05:30,624.75,625.8250122070312,620.75,622.4124755859375,588.224853515625,7463256,0.0,0.0
2019-07-04 00:00:00+05:30,623.7000122070312,624.4749755859375,618.0,620.9500122070312,586.8426513671875,7993964,0.0,0.0
2019-07-05 00:00:00+05:30,621.2750244140625,623.7374877929688,615.0,618.0999755859375,584.149169921875,7583060,0.0,0.0
2019-07-08 00:00:00+05:30,618.6375122070312,618.6500244140625,599.2625122070312,602.4000244140625,569.3116455078125,14607140,0.0,0.0
2019-07-09 00:00:00+05:30,600.9625244140625,602.7000122070312,593.25,594.7874755859375,562.1171875,16482688,0.0,0.0
2019-07-10 00:00:00+05:30,594.6875,599.5,591.5625,597.1875,564.385498046875,11569148,0.0,0.0
2019-07-11 00:00:00+05:30,600.75,603.5,598.9124755859375,601.7874755859375,568.7327270507812,9097596,0.0,0.0
2019-07-12 00:00:00+05:30,604.5,604.5,596.2625122070312,598.4749755859375,565.6021728515625,8976272,0.0,0.0
2019-07-15 00:00:00+05:30,599.0,600.75,594.3375244140625,598.6875,565.8030395507812,8233184,0.0,0.0
2019-07-16 00:00:00+05:30,604.5,604.5,595.5,597.7999877929688,564.9642333984375,12770568,0.0,0.0
2019-07-17 00:00:00+05:30,598.2374877929688,602.9000244140625,597.8250122070312,599.3624877929688,566.44091796875,7759736,0.0,0.0
2019-07-18 00:00:00+05:30,600.75,607.25,600.4749755859375,602.9749755859375,569.8549194335938,10802584,0.0,0.0
2019-07-19 00:00:00+05:30,603.75,605.1749877929688,591.75,593.9124755859375,561.2902221679688,8939228,0.0,0.0
2019-07-22 00:00:00+05:30,586.25,587.4625244140625,570.3125,574.3125,542.766845703125,22171296,0.0,0.0
2019-07-23 00:00:00+05:30,573.625,573.625,560.5125122070312,565.875,534.7927856445312,27802864,0.0,0.0
2019-07-24 00:00:00+05:30,564.1875,573.25,562.75,570.2249755859375,538.90380859375,17363740,0.0,0.0
2019-07-25 00:00:00+05:30,571.25,578.8624877929688,570.0625,571.5125122070312,540.1207275390625,19462008,0.0,0.0
2019-07-26 00:00:00+05:30,569.5499877929688,573.4124755859375,568.2125244140625,569.3250122070312,538.0533447265625,12829828,0.0,0.0
2019-07-29 00:00:00+05:30,568.3875122070312,568.3875122070312,555.7625122070312,561.0750122070312,530.2564697265625,9976492,0.0,0.0
2019-07-30 00:00:00+05:30,563.75,567.7999877929688,559.9749755859375,563.0625,532.1348266601562,10394136,0.0,0.0
2019-07-31 00:00:00+05:30,560.0,566.75,558.5625,562.9124755859375,531.9930419921875,13891840,0.0,0.0
2019-08-01 00:00:00+05:30,557.2750244140625,560.0,549.25,555.4500122070312,526.108642578125,18241676,1.25,0.0
2019-08-02 00:00:00+05:30,552.75,556.0,545.5,553.5875244140625,524.3446044921875,27825536,0.0,0.0
2019-08-05 00:00:00+05:30,549.2625122070312,550.0,540.625,544.8125,516.0330810546875,19822440,0.0,0.0
2019-08-06 00:00:00+05:30,541.75,552.5625,541.75,547.2750244140625,518.3656005859375,24890940,0.0,0.0
2019-08-07 00:00:00+05:30,547.5,550.5,541.25,546.0,517.157958984375,18750136,0.0,0.0
2019-08-08 00:00:00+05:30,549.5,560.75,545.75,558.2874755859375,528.7962646484375,19711600,0.0,0.0
2019-08-09 00:00:00+05:30,561.75,572.25,559.9500122070312,570.5,540.3636474609375,30436112,0.0,0.0
2019-08-13 00:00:00+05:30,568.3250122070312,568.3250122070312,550.6500244140625,555.0875244140625,525.765380859375,15440068,0.0,0.0
2019-08-14 00:00:00+05:30,558.8499755859375,558.8499755859375,550.7625122070312,557.3624877929688,527.9201049804688,14254052,0.0,0.0
2019-08-16 00:00:00+05:30,553.5,558.25,551.0250244140625,556.9249877929688,527.5057373046875,15247560,0.0,0.0
2019-08-19 00:00:00+05:30,559.625,560.5,550.4249877929688,551.7125244140625,522.568603515625,8498200,0.0,0.0
2019-08-20 00:00:00+05:30,552.3125,556.9500122070312,551.7125244140625,555.1500244140625,525.8245849609375,10270592,0.0,0.0
2019-08-21 00:00:00+05:30,556.2249755859375,560.2999877929688,553.5499877929688,556.4625244140625,527.0677490234375,10472712,0.0,0.0
2019-08-22 00:00:00+05:30,555.2125244140625,555.2125244140625,541.7625122070312,543.5250244140625,514.8135986328125,13992044,0.0,0.0
2019-08-23 00:00:00+05:30,540.25,544.25,534.9000244140625,540.6749877929688,512.1141357421875,20099616,0.0,0.0
2019-08-26 00:00:00+05:30,548.7249755859375,566.5374755859375,541.75,564.0374755859375,534.2425537109375,25280244,0.0,0.0
2019-08-27 00:00:00+05:30,564.0,568.2249755859375,560.0250244140625,564.9874877929688,535.142333984375,20660832,0.0,0.0
2019-08-28 00:00:00+05:30,562.5,564.3375244140625,556.5875244140625,561.875,532.1943359375,13662588,0.0,0.0
2019-08-29 00:00:00+05:30,561.5,563.4249877929688,555.0750122070312,556.7374877929688,527.328125,14783716,0.0,0.0
2019-08-30 00:00:00+05:30,558.375,565.0,555.5,556.9874877929688,527.56494140625,19233320,0.0,0.0
2019-09-03 00:00:00+05:30,555.0,555.25,549.0374755859375,552.7374877929688,523.5394897460938,11428676,0.0,0.0
2019-09-04 00:00:00+05:30,551.75,568.5,549.75,561.9375,532.2534790039062,15060704,0.0,0.0
2019-09-05 00:00:00+05:30,562.25,568.0999755859375,556.25,558.7874755859375,529.2699584960938,17296252,0.0,0.0
2019-09-06 00:00:00+05:30,557.0,564.1500244140625,555.3250122070312,561.4749755859375,531.8154296875,12870004,0.0,0.0
2019-09-09 00:00:00+05:30,561.5,565.2249755859375,554.0250244140625,562.4000244140625,532.691650390625,10643404,0.0,0.0
2019-09-11 00:00:00+05:30,568.5,568.5,560.2874755859375,562.8250122070312,533.0940551757812,15209116,0.0,0.0
2019-09-12 00:00:00+05:30,562.6749877929688,572.2000122070312,562.0374755859375,567.7125244140625,537.7234497070312,18132300,0.0,0.0
2019-09-13 00:00:00+05:30,562.75,566.8624877929688,559.5,564.3624877929688,534.5504150390625,15371340,0.0,0.0
2019-09-16 00:00:00+05:30,562.9749755859375,565.6624755859375,560.25,561.0374755859375,531.4010620117188,11030184,0.0,0.0
2019-09-17 00:00:00+05:30,561.9749755859375,562.125,549.5250244140625,552.8375244140625,523.63427734375,10656556,0.0,0.0
2019-09-18 00:00:00+05:30,554.3250122070312,556.0374755859375,545.0,546.9375,518.0459594726562,12959884,0.0,0.0
2019-09-19 00:00:00+05:30,549.9500122070312,553.5250244140625,542.0,550.5250244140625,521.4439086914062,10623310,0.0,2.0
2019-09-20 00:00:00+05:30,554.0,604.9500122070312,552.7000122070312,599.7999877929688,568.1160278320312,46150034,0.0,0.0
2019-09-23 00:00:00+05:30,629.7750244140625,641.3499755859375,614.5,628.625,595.4182739257812,41920410,0.0,0.0
2019-09-24 00:00:00+05:30,625.0,630.9749755859375,613.7750244140625,626.9000244140625,593.7843627929688,23379048,0.0,0.0
2019-09-25 00:00:00+05:30,624.9500122070312,624.9500122070312,615.0499877929688,619.8499755859375,587.1067504882812,15608976,0.0,0.0
2019-09-26 00:00:00+05:30,619.9000244140625,637.5,618.1749877929688,621.25,588.432861328125,30671560,0.0,0.0
2019-09-27 00:00:00+05:30,624.125,626.75,618.7999877929688,622.0999755859375,589.2379760742188,14873170,0.0,0.0
2019-09-30 00:00:00+05:30,614.4000244140625,620.0,608.25,613.7249755859375,581.3053588867188,18218458,0.0,0.0
2019-10-01 00:00:00+05:30,615.75,627.5,610.5499877929688,624.4000244140625,591.41650390625,18768352,0.0,0.0
2019-10-03 00:00:00+05:30,619.9749755859375,621.9000244140625,608.1749877929688,611.7750244140625,579.4583740234375,16298876,0.0,0.0
2019-10-04 00:00:00+05:30,618.3250122070312,619.7999877929688,592.6500244140625,594.8499755859375,563.4274291992188,18403632,0.0,0.0
2019-10-07 00:00:00+05:30,600.5999755859375,609.9249877929688,590.5750122070312,593.4500122070312,562.1014404296875,22513220,0.0,0.0
2019-10-09 00:00:00+05:30,598.5499877929688,614.9500122070312,595.0,614.0750122070312,581.6368408203125,17427270,0.0,0.0
2019-10-10 00:00:00+05:30,610.9000244140625,612.9749755859375,598.5999755859375,600.2750244140625,568.5657958984375,11556858,0.0,0.0
2019-10-11 00:00:00+05:30,606.7000122070312,612.0,594.4749755859375,599.4000244140625,567.7371826171875,17186318,0.0,0.0
2019-10-14 00:00:00+05:30,604.5,609.9500122070312,598.7000122070312,602.2000122070312,570.38916015625,12267802,0.0,0.0
2019-10-15 00:00:00+05:30,603.5,612.5,603.4249877929688,611.5250244140625,579.2216186523438,8400374,0.0,0.0
2019-10-16 00:00:00+05:30,615.8250122070312,617.5,605.0499877929688,610.5499877929688,578.2979736328125,10586816,0.0,0.0
2019-10-17 00:00:00+05:30,613.75,614.9249877929688,606.5499877929688,610.0,577.7770385742188,12243614,0.0,0.0
2019-10-18 00:00:00+05:30,612.7249755859375,616.9249877929688,610.1749877929688,614.5,582.0394897460938,11233806,0.0,0.0
2019-10-22 00:00:00+05:30,628.5,628.5,616.2999877929688,619.6500244140625,586.9174194335938,20006228,0.0,0.0
2019-10-23 00:00:00+05:30,623.4249877929688,624.875,616.5,620.7999877929688,588.0067138671875,10190214,0.0,0.0
2019-10-24 00:00:00+05:30,624.0,627.0750122070312,613.1749877929688,618.0499877929688,585.40185546875,13107494,0.0,0.0
2019-10-25 00:00:00+05:30,620.0,623.4249877929688,610.0,614.5,582.0394897460938,12993542,0.0,0.0
2019-10-27 00:00:00+05:30,619.9749755859375,620.9500122070312,617.5,618.8499755859375,586.1596069335938,1750082,0.0,0.0
2019-10-29 00:00:00+05:30,619.0,628.6749877929688,618.8499755859375,621.25,588.432861328125,14232568,0.0,0.0
2019-10-30 00:00:00+05:30,623.4500122070312,631.3499755859375,621.5,624.1749877929688,591.2033081054688,12011366,0.0,0.0
2019-10-31 00:00:00+05:30,628.8499755859375,631.9500122070312,613.5499877929688,615.1749877929688,582.6787719726562,13217706,0.0,0.0
2019-11-01 00:00:00+05:30,619.5,621.875,613.7999877929688,620.0250244140625,587.2725830078125,11512260,0.0,0.0
2019-11-04 00:00:00+05:30,623.2249755859375,625.0,614.5250244140625,618.4249877929688,585.7571411132812,9935176,0.0,0.0
2019-11-05 00:00:00+05:30,620.5,622.4000244140625,614.5250244140625,619.75,587.0120239257812,12367810,0.0,0.0
2019-11-06 00:00:00+05:30,621.2249755859375,629.5,614.0250244140625,628.3250122070312,595.1340942382812,12130336,0.0,0.0
2019-11-07 00:00:00+05:30,630.5,634.8499755859375,625.0,631.8499755859375,598.4728393554688,16963034,0.0,0.0
2019-11-08 00:00:00+05:30,629.5,633.5,625.7249755859375,627.7999877929688,594.6368408203125,13251496,0.0,0.0
2019-11-11 00:00:00+05:30,626.2750244140625,634.25,625.25,632.375,598.9701538085938,14286610,0.0,0.0
2019-11-13 00:00:00+05:30,630.9749755859375,635.0,626.7999877929688,628.7750244140625,595.5603637695312,9293496,0.0,0.0
2019-11-14 00:00:00+05:30,631.9000244140625,638.5,628.5999755859375,636.9500122070312,603.3035278320312,11055218,0.0,0.0
2019-11-15 00:00:00+05:30,641.9249877929688,642.5,635.5499877929688,638.9500122070312,605.1979370117188,9279012,0.0,0.0
2019-11-18 00:00:00+05:30,638.5,639.7249755859375,629.3499755859375,631.0250244140625,597.6915283203125,9130292,0.0,0.0
2019-11-19 00:00:00+05:30,632.6500244140625,637.5,630.5499877929688,635.9500122070312,602.3563842773438,10570578,0.0,0.0
2019-11-20 00:00:00+05:30,636.5,641.4749755859375,633.5,636.6749877929688,603.04296875,11054258,0.0,0.0
2019-11-21 00:00:00+05:30,635.125,643.5,634.1749877929688,641.6749877929688,607.7789306640625,12019526,0.0,0.0
2019-11-22 00:00:00+05:30,641.8250122070312,641.8250122070312,631.0,632.375,598.9701538085938,7688010,0.0,0.0
2019-11-25 00:00:00+05:30,632.0750122070312,639.75,632.0750122070312,635.5499877929688,601.9775390625,7893556,0.0,0.0
2019-11-26 00:00:00+05:30,639.2249755859375,639.875,633.4749755859375,637.5250244140625,603.84814453125,8716002,0.0,0.0
2019-11-27 00:00:00+05:30,638.0,642.875,635.5999755859375,639.2000122070312,605.4346923828125,9580666,0.0,0.0
2019-11-28 00:00:00+05:30,640.0999755859375,641.5250244140625,631.0,632.6500244140625,599.2307739257812,12366040,0.0,0.0
2019-11-29 00:00:00+05:30,633.8499755859375,639.9500122070312,626.0,637.4749755859375,603.80078125,15567626,0.0,0.0
2019-12-02 00:00:00+05:30,636.9749755859375,636.9749755859375,629.2999877929688,632.875,599.4437866210938,8946204,0.0,0.0
2019-12-03 00:00:00+05:30,634.0999755859375,634.5,626.9000244140625,627.7000122070312,594.5421752929688,6991906,0.0,0.0
2019-12-04 00:00:00+05:30,626.25,628.4500122070312,617.0999755859375,625.8250122070312,592.7662353515625,11395614,0.0,0.0
2019-12-05 00:00:00+05:30,627.7999877929688,629.375,620.375,622.7999877929688,589.9009399414062,12772494,0.0,0.0
2019-12-06 00:00:00+05:30,624.4749755859375,630.0,619.0999755859375,623.0250244140625,590.1140747070312,13774650,0.0,0.0
2019-12-09 00:00:00+05:30,624.75,624.9249877929688,618.7750244140625,621.4749755859375,588.64599609375,8265350,0.0,0.0
2019-12-10 00:00:00+05:30,625.5,626.8250122070312,622.5499877929688,624.75,591.7479858398438,9788900,0.0,0.0
2019-12-11 00:00:00+05:30,625.0499877929688,627.0,621.25,624.375,591.392822265625,11054642,0.0,0.0
2019-12-12 00:00:00+05:30,626.5,634.7249755859375,626.5,631.7999877929688,598.4255981445312,12913148,0.0,0.0
2019-12-13 00:00:00+05:30,632.5,636.1749877929688,629.625,631.9249877929688,598.5439453125,11775186,0.0,0.0
2019-12-16 00:00:00+05:30,634.625,635.0,624.0999755859375,628.6749877929688,595.4656372070312,11327576,0.0,0.0
2019-12-17 00:00:00+05:30,630.0,637.4000244140625,627.6749877929688,635.5499877929688,601.9775390625,12427354,0.0,0.0
2019-12-18 00:00:00+05:30,641.5,649.5,636.8250122070312,646.1749877929688,612.0411376953125,17447172,0.0,0.0
2019-12-19 00:00:00+05:30,652.5,652.75,643.0499877929688,644.4000244140625,610.3600463867188,13018376,0.0,0.0
2019-12-20 00:00:00+05:30,644.375,649.7999877929688,640.0250244140625,648.3499755859375,614.101318359375,15026044,0.0,0.0
2019-12-23 00:00:00+05:30,649.5,652.0,644.4000244140625,651.2000122070312,616.80078125,10195782,0.0,0.0
2019-12-24 00:00:00+05:30,649.2999877929688,650.5499877929688,643.4749755859375,644.5750122070312,610.5258178710938,7179208,0.0,0.0
2019-12-26 00:00:00+05:30,644.8499755859375,645.9249877929688,632.3250122070312,635.2249755859375,601.6696166992188,14949758,0.0,0.0
2019-12-27 00:00:00+05:30,636.0,639.5,635.0,637.5,603.824462890625,7092992,0.0,0.0
2019-12-30 00:00:00+05:30,641.0,644.375,637.0250244140625,641.0750122070312,607.2106323242188,9334190,0.0,0.0
2019-12-31 00:00:00+05:30,640.9749755859375,640.9749755859375,634.3250122070312,636.0499877929688,602.4509887695312,8357056,0.0,0.0
2020-01-01 00:00:00+05:30,638.0499877929688,640.0,635.2999877929688,639.2999877929688,605.5293579101562,3673698,0.0,0.0
2020-01-02 00:00:00+05:30,639.5,644.0,639.5,643.375,609.38916015625,6137166,0.0,0.0
2020-01-03 00:00:00+05:30,641.0999755859375,642.5,631.7999877929688,634.2000122070312,600.6988525390625,10855550,0.0,0.0
2020-01-06 00:00:00+05:30,630.0,630.9000244140625,618.0,620.4749755859375,587.6987915039062,10890186,0.0,0.0
2020-01-07 00:00:00+05:30,629.4500122070312,635.7249755859375,626.125,630.2999877929688,597.0048217773438,14724494,0.0,0.0
2020-01-08 00:00:00+05:30,623.4749755859375,631.0750122070312,620.0250244140625,628.6500244140625,595.4419555664062,11332110,0.0,0.0
2020-01-09 00:00:00+05:30,632.5,637.9000244140625,631.5499877929688,635.7000122070312,602.1195678710938,9546316,0.0,0.0
2020-01-10 00:00:00+05:30,642.0499877929688,643.4500122070312,637.5499877929688,641.3499755859375,607.4710693359375,9214580,0.0,0.0
2020-01-13 00:00:00+05:30,641.3499755859375,648.25,638.0,643.0,609.033935546875,7451568,0.0,0.0
2020-01-14 00:00:00+05:30,644.5,646.2750244140625,638.75,644.75,610.6915283203125,7886290,0.0,0.0
2020-01-15 00:00:00+05:30,643.2000122070312,643.9749755859375,637.0499877929688,642.125,608.2051391601562,11787448,0.0,0.0
2020-01-16 00:00:00+05:30,641.0250244140625,645.5,639.6749877929688,643.8250122070312,609.8153686523438,7150400,0.0,0.0
2020-01-17 00:00:00+05:30,640.875,642.4500122070312,635.9500122070312,639.0750122070312,605.3162231445312,16918814,0.0,0.0
2020-01-20 00:00:00+05:30,652.4249877929688,652.4249877929688,626.25,627.4500122070312,594.305419921875,22178450,0.0,0.0
2020-01-21 00:00:00+05:30,625.0,625.0,619.2000122070312,622.1749877929688,589.3090209960938,14984804,0.0,0.0
2020-01-22 00:00:00+05:30,624.0250244140625,627.5,617.2000122070312,620.4249877929688,587.6513671875,18368310,0.0,0.0
2020-01-23 00:00:00+05:30,620.0,623.4249877929688,615.5,622.4249877929688,589.545654296875,11508920,0.0,0.0
2020-01-24 00:00:00+05:30,623.0,627.0,619.5499877929688,622.2750244140625,589.4037475585938,11831756,0.0,0.0
2020-01-27 00:00:00+05:30,617.5,617.5,605.875,606.5999755859375,574.5567626953125,18888552,0.0,0.0
2020-01-28 00:00:00+05:30,609.4000244140625,613.9000244140625,606.625,611.5999755859375,579.2926025390625,13412158,0.0,0.0
2020-01-29 00:00:00+05:30,612.6500244140625,621.0,611.125,617.9249877929688,585.283447265625,13788350,0.0,0.0
2020-01-30 00:00:00+05:30,619.4749755859375,619.4749755859375,608.5999755859375,613.0250244140625,580.642333984375,12111984,0.0,0.0
2020-01-31 00:00:00+05:30,615.7249755859375,618.9000244140625,610.125,613.1500244140625,580.7607421875,11178268,0.0,0.0
2020-02-03 00:00:00+05:30,598.5,598.9749755859375,588.8499755859375,596.4000244140625,564.8955688476562,13077010,0.0,0.0
2020-02-04 00:00:00+05:30,599.0,617.0,599.0,614.9000244140625,582.4183349609375,20897704,0.0,0.0
2020-02-05 00:00:00+05:30,617.4500122070312,624.0,613.6500244140625,622.3250122070312,589.4511108398438,18020682,0.0,0.0
2020-02-06 00:00:00+05:30,622.3250122070312,624.3499755859375,618.5999755859375,619.9000244140625,587.1542358398438,11827550,0.0,0.0
2020-02-07 00:00:00+05:30,623.0,623.5,615.7999877929688,621.0999755859375,588.2907104492188,6815448,0.0,0.0
2020-02-10 00:00:00+05:30,621.4749755859375,621.4749755859375,613.0250244140625,620.1500244140625,587.3909912109375,9219834,0.0,0.0
2020-02-11 00:00:00+05:30,621.6500244140625,627.5,619.0250244140625,620.2999877929688,587.5330810546875,11613520,0.0,0.0
2020-02-12 00:00:00+05:30,622.5999755859375,626.4500122070312,622.0250244140625,624.5,591.5111694335938,6297930,0.0,0.0
2020-02-13 00:00:00+05:30,629.9500122070312,629.9500122070312,616.7999877929688,620.7000122070312,587.9119873046875,9112140,0.0,0.0
2020-02-14 00:00:00+05:30,621.5999755859375,624.2000122070312,607.5,609.6749877929688,577.4692993164062,14688858,0.0,0.0
2020-02-17 00:00:00+05:30,612.5,616.5,607.2249755859375,608.5750122070312,576.4274291992188,10152690,0.0,0.0
2020-02-18 00:00:00+05:30,608.4500122070312,609.25,601.75,606.625,574.5804443359375,10529116,0.0,0.0
2020-02-19 00:00:00+05:30,611.25,615.0,606.9500122070312,613.5999755859375,581.18701171875,10012268,0.0,0.0
2020-02-20 00:00:00+05:30,615.0,615.0,607.0499877929688,608.5499877929688,576.4036865234375,11123414,0.0,0.0
2020-02-24 00:00:00+05:30,604.4749755859375,607.375,600.0,604.9749755859375,573.0175170898438,16568084,0.0,0.0
2020-02-25 00:00:00+05:30,602.0,604.5,599.0,600.1500244140625,568.447509765625,13886680,0.0,0.0
2020-02-26 00:00:00+05:30,598.75,602.3499755859375,592.8250122070312,599.625,567.9502563476562,13814786,0.0,0.0
2020-02-27 00:00:00+05:30,597.5,601.25,590.5,599.7249755859375,568.044921875,20655098,0.0,0.0
2020-02-28 00:00:00+05:30,587.75,592.5,585.0499877929688,588.8250122070312,557.7207641601562,24313056,0.0,0.0
2020-03-02 00:00:00+05:30,600.0999755859375,600.5750122070312,583.0750122070312,589.7999877929688,558.6441650390625,14664898,0.0,0.0
2020-03-03 00:00:00+05:30,587.5,592.6749877929688,584.0,590.9000244140625,559.6861572265625,22369550,0.0,0.0
2020-03-04 00:00:00+05:30,589.1749877929688,590.0,566.5499877929688,574.4249877929688,544.0814208984375,34288870,0.0,0.0
2020-03-05 00:00:00+05:30,576.5,582.5,571.375,575.6749877929688,545.2653198242188,19549708,0.0,0.0
2020-03-06 00:00:00+05:30,562.5,570.4500122070312,550.5,567.4500122070312,537.4747924804688,23053566,0.0,0.0
2020-03-09 00:00:00+05:30,555.0,559.2000122070312,532.5,553.6500244140625,524.4038696289062,34420590,0.0,0.0
2020-03-11 00:00:00+05:30,552.5,560.0,546.0,556.9000244140625,527.482177734375,35538240,0.0,0.0
2020-03-12 00:00:00+05:30,537.5,540.0,501.7250061035156,510.6499938964844,483.6752624511719,59000770,0.0,0.0
2020-03-13 00:00:00+05:30,490.0249938964844,540.7249755859375,459.6000061035156,534.9000244140625,506.64422607421875,66342364,0.0,0.0
2020-03-16 00:00:00+05:30,517.5,518.5,497.5,499.75,473.3510437011719,31986322,0.0,0.0
2020-03-17 00:00:00+05:30,504.0,505.0,477.3500061035156,487.54998779296875,461.7954406738281,42676838,0.0,0.0
2020-03-18 00:00:00+05:30,492.5,496.5,432.5,438.45001220703125,415.2891845703125,61181406,0.0,0.0
2020-03-19 00:00:00+05:30,423.5,459.9750061035156,397.5,447.7749938964844,424.12158203125,67220048,0.0,0.0
2020-03-20 00:00:00+05:30,437.5,457.29998779296875,412.2749938964844,441.42498779296875,418.10699462890625,88637464,0.0,0.0
2020-03-23 00:00:00+05:30,397.29998779296875,419.375,382.5,385.7749938964844,365.3966369628906,50276954,0.0,0.0
2020-03-24 00:00:00+05:30,397.625,405.0,369.375,383.8500061035156,363.5733642578125,61057272,0.0,0.0
2020-03-25 00:00:00+05:30,385.2250061035156,433.7250061035156,377.625,428.375,405.746337890625,47228042,0.0,0.0
2020-03-26 00:00:00+05:30,435.04998779296875,468.8500061035156,420.5,450.54998779296875,426.7499694824219,57043156,0.0,0.0
2020-03-27 00:00:00+05:30,472.4750061035156,494.32501220703125,436.04998779296875,452.2250061035156,428.33648681640625,55235936,0.0,0.0
2020-03-30 00:00:00+05:30,440.0,443.5,414.0,415.82501220703125,393.8593444824219,39268444,0.0,0.0
2020-03-31 00:00:00+05:30,426.8999938964844,436.79998779296875,419.0,430.95001220703125,408.18536376953125,35211092,0.0,0.0
2020-04-01 00:00:00+05:30,431.92498779296875,431.92498779296875,410.0,414.82501220703125,392.9121398925781,29103504,0.0,0.0
2020-04-03 00:00:00+05:30,421.5,422.0,405.0,406.92498779296875,385.4294128417969,34996280,0.0,0.0
2020-04-07 00:00:00+05:30,437.0,453.6499938964844,422.67498779296875,448.04998779296875,424.38201904296875,60412638,0.0,0.0
2020-04-08 00:00:00+05:30,439.9750061035156,472.5,433.04998779296875,444.45001220703125,420.9721984863281,56219352,0.0,0.0
2020-04-09 00:00:00+05:30,456.5,465.45001220703125,445.0,462.5249938964844,438.0923767089844,44457146,0.0,0.0
2020-04-13 00:00:00+05:30,467.0,473.3500061035156,443.1000061035156,447.67498779296875,424.02679443359375,34158056,0.0,0.0
2020-04-15 00:00:00+05:30,465.25,465.25,421.5,431.6499938964844,408.8483581542969,57978752,0.0,0.0
2020-04-16 00:00:00+05:30,432.5,445.3500061035156,428.125,439.875,416.638916015625,53854396,0.0,0.0
2020-04-17 00:00:00+05:30,457.5,460.0,443.625,455.1499938964844,431.1069641113281,55883462,0.0,0.0
2020-04-20 00:00:00+05:30,475.5,480.4750061035156,467.5,472.42498779296875,447.4694519042969,66232986,0.0,0.0
2020-04-21 00:00:00+05:30,462.5,467.0,454.0,460.82501220703125,436.48223876953125,33178006,0.0,0.0
2020-04-22 00:00:00+05:30,459.57501220703125,466.5,453.6499938964844,464.29998779296875,439.7735900878906,38289354,0.0,0.0
2020-04-23 00:00:00+05:30,467.5,479.25,456.2749938964844,477.4750061035156,452.252685546875,40901222,0.0,0.0
2020-04-24 00:00:00+05:30,466.5,479.20001220703125,463.0,469.0249938964844,444.24908447265625,33284568,0.0,0.0
2020-04-27 00:00:00+05:30,472.57501220703125,478.70001220703125,463.1499938964844,464.8500061035156,440.29461669921875,27421072,0.0,0.0
2020-04-28 00:00:00+05:30,471.8999938964844,471.8999938964844,461.0,465.70001220703125,441.0997314453125,29441436,0.0,0.0
2020-04-29 00:00:00+05:30,467.5,496.3500061035156,467.04998779296875,488.54998779296875,462.74261474609375,55877778,0.0,0.0
2020-04-30 00:00:00+05:30,500.70001220703125,509.5,496.04998779296875,500.8999938964844,474.4402770996094,43793134,0.0,0.0
2020-05-04 00:00:00+05:30,478.75,480.0,458.75,461.5,437.12158203125,26722324,0.0,0.0
2020-05-05 00:00:00+05:30,469.0,472.0,454.0249938964844,455.7250061035156,431.651611328125,29672858,0.0,0.0
2020-05-06 00:00:00+05:30,459.5,475.0,452.82501220703125,473.20001220703125,448.2035217285156,33785846,0.0,0.0
2020-05-07 00:00:00+05:30,470.25,471.6499938964844,460.67498779296875,462.5,438.0687255859375,21831730,0.0,0.0
2020-05-08 00:00:00+05:30,471.0,471.9750061035156,462.6000061035156,464.5249938964844,439.98675537109375,20807484,0.0,0.0
2020-05-11 00:00:00+05:30,468.5,477.0,457.0,457.8999938964844,433.71173095703125,28550784,0.0,0.0
2020-05-12 00:00:00+05:30,450.5,454.70001220703125,435.54998779296875,450.7749938964844,426.96307373046875,49568418,0.0,0.0
2020-05-13 00:00:00+05:30,475.5,480.0,461.04998779296875,463.82501220703125,439.3237609863281,44346966,0.0,0.0
2020-05-14 00:00:00+05:30,449.0,455.5,445.0,446.8500061035156,423.24542236328125,39554890,0.0,0.0
2020-05-15 00:00:00+05:30,445.25,446.20001220703125,437.5,444.07501220703125,420.6170349121094,24349628,0.0,0.0
2020-05-18 00:00:00+05:30,444.0,444.0,415.6499938964844,418.32501220703125,396.2272644042969,46649964,0.0,0.0
2020-05-19 00:00:00+05:30,430.42498779296875,433.6499938964844,413.04998779296875,415.32501220703125,393.3857421875,47460692,0.0,0.0
2020-05-20 00:00:00+05:30,418.2250061035156,432.0,416.1000061035156,428.54998779296875,405.9120788574219,40014306,0.0,0.0
2020-05-21 00:00:00+05:30,430.7250061035156,442.0,426.1499938964844,429.7749938964844,407.0724182128906,48478908,0.0,0.0
2020-05-22 00:00:00+05:30,425.0,435.1499938964844,416.5249938964844,419.42498779296875,397.26910400390625,42047432,0.0,0.0
2020-05-26 00:00:00+05:30,428.5,435.875,424.375,426.20001220703125,403.686279296875,38005152,0.0,0.0
2020-05-27 00:00:00+05:30,429.95001220703125,454.8999938964844,428.57501220703125,451.82501220703125,427.9576721191406,56025754,0.0,0.0
2020-05-28 00:00:00+05:30,460.0,475.0,456.9750061035156,472.625,447.6589050292969,75488806,0.0,0.0
2020-05-29 00:00:00+05:30,472.0,477.5,461.7250061035156,475.82501220703125,450.6898498535156,53025166,0.0,0.0
2020-06-01 00:00:00+05:30,487.5,497.5,483.04998779296875,493.82501220703125,467.7390441894531,39190230,0.0,0.0
2020-06-02 00:00:00+05:30,493.3500061035156,502.5,487.6000061035156,500.5,474.0613708496094,41623594,0.0,0.0
2020-06-03 00:00:00+05:30,510.0,523.125,507.7250061035156,511.125,484.1251525878906,50546088,0.0,0.0
2020-06-04 00:00:00+05:30,514.0250244140625,519.4749755859375,495.54998779296875,500.8500061035156,474.39288330078125,54275882,0.0,0.0
2020-06-05 00:00:00+05:30,501.54998779296875,521.2000122070312,501.3999938964844,516.6749877929688,489.3819274902344,35195984,0.0,0.0
2020-06-08 00:00:00+05:30,530.0,533.3250122070312,503.20001220703125,507.95001220703125,481.1178894042969,49812664,0.0,0.0
2020-06-09 00:00:00+05:30,510.0,513.375,489.7749938964844,493.6499938964844,467.5732727050781,61844146,0.0,0.0
2020-06-10 00:00:00+05:30,495.0,499.92498779296875,489.1000061035156,495.92498779296875,469.7281188964844,36497730,0.0,0.0
2020-06-11 00:00:00+05:30,492.5,494.20001220703125,482.5,484.29998779296875,458.7171325683594,30897714,0.0,0.0
2020-06-12 00:00:00+05:30,464.0,493.32501220703125,464.0,491.375,465.4184265136719,42644876,0.0,0.0
2020-06-15 00:00:00+05:30,484.0,487.0,471.5,474.92498779296875,449.83740234375,32009936,0.0,0.0
2020-06-16 00:00:00+05:30,487.5,496.9750061035156,476.0,495.20001220703125,469.0414123535156,45399970,0.0,0.0
2020-06-17 00:00:00+05:30,494.5,499.45001220703125,486.625,489.625,463.7608642578125,36957838,0.0,0.0
2020-06-18 00:00:00+05:30,490.0,512.4500122070312,486.0,509.9750061035156,483.0359191894531,40870126,0.0,0.0
2020-06-19 00:00:00+05:30,508.9750061035156,521.5,506.07501220703125,516.6749877929688,489.3819274902344,47877752,0.0,0.0
2020-06-22 00:00:00+05:30,519.7249755859375,522.9749755859375,511.8999938964844,514.375,487.2034606933594,29694474,0.0,0.0
2020-06-23 00:00:00+05:30,519.5,522.5,508.2749938964844,521.1500244140625,493.62060546875,28830512,0.0,0.0
2020-06-24 00:00:00+05:30,524.25,528.75,515.0250244140625,516.25,488.97943115234375,39429246,0.0,0.0
2020-06-25 00:00:00+05:30,510.95001220703125,524.5,503.5,514.375,487.2034606933594,70646790,0.0,0.0
2020-06-26 00:00:00+05:30,520.5,531.5,514.0,528.2249755859375,500.3219299316406,39969138,0.0,0.0
2020-06-29 00:00:00+05:30,518.5,541.2999877929688,518.5,538.0250244140625,509.60418701171875,46005956,0.0,0.0
2020-06-30 00:00:00+05:30,537.0,539.2750244140625,528.1500244140625,532.9249877929688,504.7735595703125,35746130,0.0,0.0
2020-07-01 00:00:00+05:30,532.9249877929688,548.0,530.6500244140625,542.2999877929688,513.6533203125,34846718,0.0,0.0
2020-07-02 00:00:00+05:30,545.1500244140625,555.625,542.5999755859375,544.7000122070312,515.9265747070312,36954496,0.0,0.0
2020-07-03 00:00:00+05:30,546.5,547.9000244140625,535.0,536.9749755859375,508.6096496582031,27597254,0.0,0.0
2020-07-06 00:00:00+05:30,553.9749755859375,559.9500122070312,550.0,551.5,522.3673706054688,35558216,0.0,0.0
2020-07-07 00:00:00+05:30,554.7000122070312,555.8499755859375,546.5250244140625,552.5750122070312,523.3856811523438,24349850,0.0,0.0
2020-07-08 00:00:00+05:30,553.5,562.4500122070312,552.5,555.1749877929688,525.8482055664062,30056350,0.0,0.0
2020-07-09 00:00:00+05:30,559.0,564.8499755859375,553.625,562.4749755859375,532.7626342773438,20114484,0.0,0.0
2020-07-10 00:00:00+05:30,558.9500122070312,560.0,549.7750244140625,552.5499877929688,523.36181640625,17562978,0.0,0.0
2020-07-13 00:00:00+05:30,554.9500122070312,556.5,535.6500244140625,540.125,511.59320068359375,29922114,0.0,0.0
2020-07-14 00:00:00+05:30,531.2999877929688,534.4500122070312,525.0,529.4249877929688,501.4584655761719,26612674,0.0,0.0
2020-07-15 00:00:00+05:30,535.0999755859375,539.5,525.0499877929688,526.5750122070312,498.759033203125,20974394,0.0,0.0
2020-07-16 00:00:00+05:30,526.8250122070312,532.75,517.0499877929688,531.2750244140625,503.2107849121094,23662456,0.0,0.0
2020-07-17 00:00:00+05:30,529.5250244140625,552.0,529.1500244140625,549.2249755859375,520.2125854492188,28405738,0.0,0.0
2020-07-20 00:00:00+05:30,567.5,576.4500122070312,562.0750122070312,566.5250244140625,536.5986328125,65124096,0.0,0.0
2020-07-21 00:00:00+05:30,576.0250244140625,578.9749755859375,567.0,569.2750244140625,539.2034301757812,47512422,0.0,0.0
2020-07-22 00:00:00+05:30,569.25,572.25,558.7750244140625,563.1749877929688,533.4255981445312,24718012,0.0,0.0
2020-07-23 00:00:00+05:30,562.5,571.9500122070312,558.125,565.2000122070312,535.3436279296875,20149122,0.0,0.0
2020-07-24 00:00:00+05:30,561.4500122070312,561.4500122070312,550.625,559.5499877929688,529.9920654296875,19598440,0.0,0.0
2020-07-27 00:00:00+05:30,549.9249877929688,551.5,537.6749877929688,539.75,511.2380676269531,37970094,0.0,0.0
2020-07-28 00:00:00+05:30,539.5,547.2000122070312,529.75,543.3250122070312,514.624267578125,35596450,0.0,0.0
2020-07-29 00:00:00+05:30,540.5,544.25,527.7750244140625,532.2999877929688,504.1816101074219,33592086,0.0,0.0
2020-07-30 00:00:00+05:30,537.0,541.8250122070312,523.3499755859375,525.3250122070312,497.5750732421875,26956266,0.0,0.0
2020-07-31 00:00:00+05:30,528.8499755859375,528.8499755859375,510.0249938964844,516.4000244140625,489.12152099609375,37726696,0.0,0.0
2020-08-03 00:00:00+05:30,512.9749755859375,513.4749755859375,496.5,501.0,474.5350036621094,31783542,0.0,0.0
2020-08-04 00:00:00+05:30,504.0,530.5250244140625,501.5,520.8250122070312,493.3127746582031,60306168,0.0,0.0
2020-08-05 00:00:00+05:30,523.9749755859375,527.9000244140625,510.0,513.7750244140625,486.6351623535156,33221360,0.0,0.0
2020-08-06 00:00:00+05:30,518.5,527.5,513.125,520.3499755859375,492.8628234863281,33646888,0.0,0.0
2020-08-07 00:00:00+05:30,517.4249877929688,523.5999755859375,510.29998779296875,521.9249877929688,494.3546142578125,24836784,0.0,0.0
2020-08-10 00:00:00+05:30,522.0,532.0,521.9000244140625,525.3250122070312,497.5750732421875,22172854,0.0,0.0
2020-08-11 00:00:00+05:30,524.25,535.5,524.25,533.3250122070312,505.15240478515625,20136148,0.0,0.0
2020-08-12 00:00:00+05:30,532.5,533.0,524.0,531.8499755859375,503.75531005859375,20666432,0.0,0.0
2020-08-13 00:00:00+05:30,533.9749755859375,535.6749877929688,528.25,529.5250244140625,501.55322265625,19892740,0.0,0.0
2020-08-14 00:00:00+05:30,532.9500122070312,532.9500122070312,513.6500244140625,517.2249755859375,489.9028625488281,20924512,0.0,0.0
2020-08-17 00:00:00+05:30,523.5,523.5,510.1000061035156,516.375,489.09783935546875,19561012,0.0,0.0
2020-08-18 00:00:00+05:30,514.0,530.8250122070312,511.0,528.25,500.3455810546875,24040824,0.0,0.0
2020-08-19 00:00:00+05:30,532.5,534.9000244140625,528.125,533.2999877929688,505.1287841796875,17715624,0.0,0.0
2020-08-20 00:00:00+05:30,527.4749755859375,534.4749755859375,526.0,529.5,501.5295104980469,19216734,0.0,0.0
2020-08-21 00:00:00+05:30,532.7000122070312,544.4000244140625,532.2999877929688,542.8250122070312,514.150634765625,28924302,0.0,0.0
2020-08-24 00:00:00+05:30,543.0,561.4749755859375,542.8250122070312,558.5250244140625,529.0213012695312,36779740,0.0,0.0
2020-08-25 00:00:00+05:30,559.5,563.5,553.0999755859375,559.8499755859375,530.2762451171875,27601738,0.0,0.0
2020-08-26 00:00:00+05:30,560.5,565.875,554.75,559.2249755859375,529.6842651367188,25190062,0.0,0.0
2020-08-27 00:00:00+05:30,562.9000244140625,564.9500122070312,553.125,556.0499877929688,526.6770629882812,20645996,0.0,0.0
2020-08-28 00:00:00+05:30,555.9749755859375,562.5,547.5,557.25,527.8135986328125,38696610,0.0,0.0
2020-08-31 00:00:00+05:30,564.75,574.4000244140625,550.3499755859375,557.9249877929688,528.4530029296875,38501166,0.0,0.0
2020-09-01 00:00:00+05:30,564.0,571.7999877929688,554.0,563.6500244140625,533.8756103515625,28877884,0.0,0.0
2020-09-02 00:00:00+05:30,562.0499877929688,569.5,560.3499755859375,567.0750122070312,537.1196899414062,19761682,0.0,0.0
2020-09-03 00:00:00+05:30,568.625,572.9749755859375,564.0,565.4500122070312,535.5804443359375,19833362,0.0,0.0
2020-09-04 00:00:00+05:30,555.0,562.7000122070312,552.2000122070312,559.6500244140625,530.0868530273438,23661370,0.0,0.0
2020-09-07 00:00:00+05:30,558.1500244140625,559.75,549.5,555.25,525.9192504882812,17615466,0.0,0.0
2020-09-08 00:00:00+05:30,557.0,559.4000244140625,551.5,556.2249755859375,526.8427734375,14624918,0.0,0.0
2020-09-09 00:00:00+05:30,550.5,555.0,545.625,548.25,519.2889404296875,15728872,0.0,0.0
2020-09-10 00:00:00+05:30,551.5,552.4249877929688,542.0,545.2750244140625,516.47119140625,15188088,0.0,0.0
2020-09-11 00:00:00+05:30,548.2249755859375,552.4249877929688,535.5,539.3250122070312,510.8355407714844,20794730,0.0,0.0
2020-09-14 00:00:00+05:30,544.0,547.0,526.1749877929688,528.9749755859375,501.0321960449219,21650590,0.0,0.0
2020-09-15 00:00:00+05:30,534.0,538.0750122070312,529.0499877929688,535.25,506.97576904296875,16505110,0.0,0.0
2020-09-16 00:00:00+05:30,535.0999755859375,548.0,534.1749877929688,546.8250122070312,517.9393310546875,18710112,0.0,0.0
2020-09-17 00:00:00+05:30,542.0,547.0,539.0,541.7999877929688,513.1798095703125,18318686,0.0,0.0
2020-09-18 00:00:00+05:30,546.0,546.0999755859375,523.5999755859375,528.6500244140625,500.7243957519531,23481778,0.0,0.0
2020-09-21 00:00:00+05:30,527.5,535.6749877929688,520.75,524.6500244140625,496.9356689453125,19842878,0.0,0.0
2020-09-22 00:00:00+05:30,527.0250244140625,529.0750122070312,514.75,517.7000122070312,490.35284423828125,18620678,0.0,0.0
2020-09-23 00:00:00+05:30,523.0,527.5,517.1749877929688,523.625,495.96484375,16079828,0.0,0.0
2020-09-24 00:00:00+05:30,519.0,523.5,512.5,515.2000122070312,487.98492431640625,19809510,0.0,0.0
2020-09-25 00:00:00+05:30,525.0,525.9749755859375,512.8250122070312,522.0,494.42572021484375,20321544,0.0,0.0
2020-09-28 00:00:00+05:30,524.4749755859375,529.5,521.3250122070312,527.0999755859375,499.2562255859375,16152422,0.0,0.0
2020-09-29 00:00:00+05:30,529.0,534.9500122070312,525.5,531.2750244140625,503.2107849121094,12644446,0.0,0.0
2020-09-30 00:00:00+05:30,530.0,543.4500122070312,526.0,539.2999877929688,510.8117980957031,18813842,0.0,0.0
2020-10-01 00:00:00+05:30,545.0499877929688,555.0,545.0499877929688,553.4749755859375,524.2379760742188,21203080,0.0,0.0
2020-10-05 00:00:00+05:30,556.0,566.0,555.5,557.1749877929688,527.7426147460938,16940126,0.0,0.0
2020-10-06 00:00:00+05:30,567.5250244140625,574.0,563.0999755859375,572.0499877929688,541.8318481445312,19371990,0.0,0.0
2020-10-07 00:00:00+05:30,572.4500122070312,582.4249877929688,568.7999877929688,581.125,550.4274291992188,21248778,0.0,0.0
2020-10-08 00:00:00+05:30,590.0,601.5,581.6749877929688,595.9000244140625,564.4219360351562,35060674,0.0,0.0
2020-10-09 00:00:00+05:30,600.5,618.5,595.8250122070312,616.7750244140625,584.1942749023438,44972388,0.0,0.0
2020-10-12 00:00:00+05:30,615.7750244140625,621.375,602.7999877929688,606.8250122070312,574.7698364257812,19220546,0.0,0.0
2020-10-13 00:00:00+05:30,606.7000122070312,611.2249755859375,597.5,599.2249755859375,567.5713500976562,18353952,0.0,0.0
2020-10-14 00:00:00+05:30,597.7750244140625,607.1500244140625,587.75,605.75,573.7516479492188,22582918,0.0,0.0
2020-10-15 00:00:00+05:30,607.0999755859375,608.5,582.0,584.625,553.7425537109375,28246896,0.0,0.0
2020-10-16 00:00:00+05:30,590.0,601.75,586.5,599.6749877929688,567.9974975585938,25822848,0.0,0.0
2020-10-19 00:00:00+05:30,617.5,617.5,596.2999877929688,601.7750244140625,569.9866333007812,42359556,0.0,0.0
2020-10-20 00:00:00+05:30,603.75,613.7000122070312,602.9500122070312,611.9749755859375,579.6477661132812,27411978,0.0,0.0
2020-10-21 00:00:00+05:30,615.2999877929688,625.5,610.8499755859375,623.3499755859375,590.421875,35640752,0.0,0.0
2020-10-22 00:00:00+05:30,619.9749755859375,625.0,611.5,616.6500244140625,584.075927734375,21913060,0.0,0.0
2020-10-23 00:00:00+05:30,621.75,624.2249755859375,615.5999755859375,617.9000244140625,585.2598266601562,15866230,0.0,0.0
2020-10-26 00:00:00+05:30,614.9000244140625,621.0,602.2999877929688,605.4500122070312,573.467529296875,19571976,0.0,0.0
2020-10-27 00:00:00+05:30,613.0,618.0,598.9249877929688,616.5499877929688,583.9810791015625,24317780,0.0,0.0
2020-10-28 00:00:00+05:30,614.0,616.0,600.75,604.7999877929688,572.8517456054688,16571186,0.0,0.0
2020-10-29 00:00:00+05:30,600.2999877929688,602.2249755859375,589.25,593.5999755859375,562.2434692382812,23060024,0.0,0.0
2020-10-30 00:00:00+05:30,591.2750244140625,599.6500244140625,588.1749877929688,591.7750244140625,560.514892578125,11522716,0.0,0.0
2020-11-02 00:00:00+05:30,597.1749877929688,612.5,588.75,607.625,575.5275268554688,21926080,0.0,0.0
2020-11-03 00:00:00+05:30,613.2249755859375,625.375,612.75,623.9749755859375,591.013916015625,28164230,0.0,0.0
2020-11-04 00:00:00+05:30,626.0,632.4000244140625,615.0,628.7000122070312,595.4893188476562,23404822,0.0,0.0
2020-11-05 00:00:00+05:30,633.0,638.0,626.1749877929688,634.5999755859375,601.0775756835938,21433928,0.0,0.0
2020-11-06 00:00:00+05:30,633.125,655.0,632.75,653.8250122070312,619.287109375,35705724,0.0,0.0
2020-11-09 00:00:00+05:30,657.5999755859375,672.9749755859375,657.5999755859375,670.2750244140625,634.8681640625,26288440,0.0,0.0
2020-11-10 00:00:00+05:30,678.5,697.5,675.7750244140625,696.8250122070312,660.015625,41517356,0.0,0.0
2020-11-11 00:00:00+05:30,699.9500122070312,707.4000244140625,685.25,694.9749755859375,658.2633056640625,36116194,0.0,0.0
2020-11-12 00:00:00+05:30,688.7000122070312,694.2750244140625,680.0,685.8499755859375,649.6204223632812,27053948,0.0,0.0
2020-11-13 00:00:00+05:30,684.4000244140625,684.4000244140625,673.5,679.4000244140625,643.5111083984375,22472480,0.0,0.0
2020-11-14 00:00:00+05:30,683.9000244140625,687.4749755859375,682.5999755859375,684.8499755859375,648.6732788085938,1835066,0.0,0.0
2020-11-17 00:00:00+05:30,692.9000244140625,706.2999877929688,690.2999877929688,704.2249755859375,667.0247802734375,31059900,0.0,0.0
2020-11-18 00:00:00+05:30,701.5,709.5,699.5250244140625,704.3499755859375,667.1431274414062,18862776,0.0,0.0
2020-11-19 00:00:00+05:30,694.8499755859375,699.7249755859375,684.0,687.1749877929688,650.8753662109375,20266882,0.0,0.0
2020-11-20 00:00:00+05:30,686.3250122070312,704.2000122070312,682.5250244140625,701.8250122070312,664.7515258789062,20405362,0.0,0.0
2020-11-23 00:00:00+05:30,707.5,711.8250122070312,687.6749877929688,697.2999877929688,660.465576171875,25246636,0.0,0.0
2020-11-24 00:00:00+05:30,704.0,722.5,701.0250244140625,719.0999755859375,681.114013671875,40154400,0.0,0.0
2020-11-25 00:00:00+05:30,725.6500244140625,732.2000122070312,698.5,701.4000244140625,664.3490600585938,24152602,0.0,0.0
2020-11-26 00:00:00+05:30,707.5,716.0,693.5,713.3250122070312,675.64404296875,27943126,0.0,0.0
2020-11-27 00:00:00+05:30,715.9000244140625,723.0,707.7750244140625,720.4249877929688,682.3689575195312,17994580,0.0,0.0
2020-12-01 00:00:00+05:30,720.4249877929688,724.5,712.75,716.6500244140625,678.79345703125,17147574,0.0,0.0
2020-12-02 00:00:00+05:30,715.5,715.9000244140625,697.4000244140625,703.4749755859375,666.3143920898438,17892150,0.0,0.0
2020-12-03 00:00:00+05:30,714.5,716.0,687.0250244140625,688.5999755859375,652.22509765625,37933222,0.0,0.0
2020-12-04 00:00:00+05:30,690.5,700.7249755859375,686.6500244140625,692.7999877929688,656.2032470703125,26912322,0.0,0.0
2020-12-07 00:00:00+05:30,687.5,689.9749755859375,679.0499877929688,686.125,649.8809814453125,24316318,0.0,0.0
2020-12-08 00:00:00+05:30,687.5,694.4000244140625,682.5750122070312,688.1500244140625,651.7989501953125,19457896,0.0,0.0
2020-12-09 00:00:00+05:30,688.5,705.0250244140625,687.5250244140625,703.5999755859375,666.4327392578125,22069074,0.0,0.0
2020-12-10 00:00:00+05:30,699.0,701.0,687.875,692.9249877929688,656.3217163085938,19727966,0.0,0.0
2020-12-11 00:00:00+05:30,695.0250244140625,697.5,686.5,691.4000244140625,654.8772583007812,21356384,0.0,0.0
2020-12-14 00:00:00+05:30,691.5,694.0,684.0,686.0750122070312,649.8335571289062,17222050,0.0,0.0
2020-12-15 00:00:00+05:30,690.4000244140625,697.4749755859375,683.0,695.6500244140625,658.9027709960938,21561436,0.0,0.0
2020-12-16 00:00:00+05:30,702.0,708.4000244140625,697.25,705.3499755859375,668.0903930664062,16832092,0.0,0.0
2020-12-17 00:00:00+05:30,709.2999877929688,722.5,702.25,720.9000244140625,682.8189697265625,21924478,0.0,0.0
2020-12-18 00:00:00+05:30,717.5,719.8499755859375,703.1500244140625,705.6749877929688,668.398193359375,22995918,0.0,0.0
2020-12-21 00:00:00+05:30,708.75,711.9249877929688,683.3499755859375,686.3250122070312,650.0703125,23761824,0.0,0.0
2020-12-22 00:00:00+05:30,692.4000244140625,692.4000244140625,672.5,686.5499877929688,650.2833862304688,22851558,0.0,0.0
2020-12-23 00:00:00+05:30,683.75,690.4749755859375,680.5250244140625,687.8250122070312,651.4911499023438,15467394,0.0,0.0
2020-12-24 00:00:00+05:30,694.7000122070312,702.0,688.5,698.5499877929688,661.6495971679688,14952188,0.0,0.0
2020-12-28 00:00:00+05:30,702.5,710.5,702.0,706.4249877929688,669.1085205078125,11699194,0.0,0.0
2020-12-29 00:00:00+05:30,710.5250244140625,717.375,710.0,713.5999755859375,675.9044799804688,14495346,0.0,0.0
2020-12-30 00:00:00+05:30,719.9500122070312,719.9500122070312,706.5,716.25,678.41455078125,16216726,0.0,0.0
2020-12-31 00:00:00+05:30,717.5,722.0,712.5250244140625,718.1500244140625,680.2141723632812,22145750,0.0,0.0
2021-01-01 00:00:00+05:30,720.0,721.5,710.2999877929688,712.5250244140625,674.8862915039062,8810938,0.0,0.0
2021-01-04 00:00:00+05:30,719.0,719.0,699.5,708.0,670.6002807617188,15740192,0.0,0.0
2021-01-05 00:00:00+05:30,709.5999755859375,715.375,704.5,713.3499755859375,675.667724609375,14386824,0.0,0.0
2021-01-06 00:00:00+05:30,717.5,720.0,706.5499877929688,710.2750244140625,672.7551879882812,22134050,0.0,0.0
2021-01-07 00:00:00+05:30,716.25,716.2999877929688,706.2750244140625,708.125,670.71875,19894842,0.0,0.0
2021-01-08 00:00:00+05:30,716.0,721.0,711.5499877929688,715.8250122070312,678.0120239257812,13768764,0.0,0.0
2021-01-11 00:00:00+05:30,725.0,732.4500122070312,718.1500244140625,725.7249755859375,687.3890380859375,17331392,0.0,0.0
2021-01-12 00:00:00+05:30,726.2249755859375,743.8499755859375,724.5499877929688,740.5,701.383544921875,20388156,0.0,0.0
2021-01-13 00:00:00+05:30,746.4500122070312,748.4500122070312,731.0499877929688,735.3250122070312,696.4820556640625,16934650,0.0,0.0
2021-01-14 00:00:00+05:30,735.5750122070312,744.0,728.0,734.375,695.5820922851562,12297166,0.0,0.0
2021-01-15 00:00:00+05:30,734.5499877929688,735.8250122070312,722.5,733.3250122070312,694.5875244140625,14165236,0.0,0.0
2021-01-18 00:00:00+05:30,734.9500122070312,751.4249877929688,733.5,741.5499877929688,702.3779907226562,42825632,0.0,0.0
2021-01-19 00:00:00+05:30,745.9000244140625,755.8250122070312,733.5,751.9249877929688,712.205078125,17360254,0.0,0.0
2021-01-20 00:00:00+05:30,750.5,750.5,743.0,746.0,706.593017578125,13346052,0.0,0.0
2021-01-21 00:00:00+05:30,746.0,747.1749877929688,734.0750122070312,737.4000244140625,698.4473266601562,26333054,0.0,0.0
2021-01-22 00:00:00+05:30,733.9500122070312,733.9500122070312,720.0750122070312,721.7750244140625,683.6477661132812,15392364,0.0,0.0
2021-01-25 00:00:00+05:30,732.5499877929688,740.5,727.5750122070312,731.4249877929688,692.7879028320312,20344718,0.0,0.0
2021-01-27 00:00:00+05:30,734.0,735.9500122070312,703.0750122070312,704.7999877929688,667.5693359375,23556276,0.0,0.0
2021-01-28 00:00:00+05:30,694.9500122070312,700.6500244140625,671.0,685.7249755859375,649.501953125,42704446,0.0,0.0
2021-01-29 00:00:00+05:30,695.6749877929688,704.375,682.25,695.25,658.52392578125,28704502,0.0,0.0
2021-02-01 00:00:00+05:30,705.125,741.25,700.5,738.375,699.3707885742188,26370544,0.0,0.0
2021-02-02 00:00:00+05:30,750.5,789.25,748.7000122070312,780.2750244140625,739.0575561523438,42420206,0.0,0.0
2021-02-03 00:00:00+05:30,789.5,790.8499755859375,771.0,787.4000244140625,745.8060913085938,20237254,0.0,0.0
2021-02-04 00:00:00+05:30,783.0,794.0,771.7249755859375,789.5499877929688,747.842529296875,24484684,0.0,0.0
2021-02-05 00:00:00+05:30,774.0,809.125,774.0,798.7999877929688,756.6038208007812,27054716,0.0,0.0
2021-02-08 00:00:00+05:30,810.0,815.8250122070312,797.8499755859375,802.625,760.2268676757812,17447580,0.0,0.0
2021-02-09 00:00:00+05:30,805.0,814.0,793.3499755859375,805.9249877929688,763.3524780273438,18421366,0.0,0.0
2021-02-10 00:00:00+05:30,804.1749877929688,807.4249877929688,783.5,790.875,749.0975341796875,19788006,0.0,0.0
2021-02-11 00:00:00+05:30,791.0,798.9000244140625,782.0999755859375,786.1749877929688,744.6458129882812,13648618,0.0,0.0
2021-02-12 00:00:00+05:30,786.9500122070312,796.25,786.5,790.9749755859375,749.192138671875,9910106,0.0,0.0
2021-02-15 00:00:00+05:30,800.0499877929688,812.5,798.3499755859375,808.2999877929688,765.60205078125,10355244,0.0,0.0
2021-02-16 00:00:00+05:30,810.5999755859375,820.5,804.2249755859375,813.3250122070312,770.361572265625,13897358,0.0,0.0
2021-02-17 00:00:00+05:30,810.0,810.9000244140625,791.5,793.25,751.3471069335938,12794426,0.0,0.0
2021-02-18 00:00:00+05:30,802.9749755859375,802.9749755859375,774.0,777.1500244140625,736.0975952148438,14720560,0.0,0.0
2021-02-19 00:00:00+05:30,772.5,782.0999755859375,766.5,769.5499877929688,728.8990478515625,17139508,0.0,0.0
2021-02-22 00:00:00+05:30,772.5250244140625,786.9500122070312,769.7249755859375,774.0,733.1139526367188,29451838,0.0,0.0
2021-02-23 00:00:00+05:30,776.875,778.8499755859375,761.3250122070312,764.5750122070312,724.1868286132812,18239906,0.0,0.0
2021-02-24 00:00:00+05:30,763.25,806.9749755859375,758.125,803.2249755859375,760.7951049804688,14314332,0.0,0.0
2021-02-25 00:00:00+05:30,804.875,818.125,801.0,803.2000122070312,760.771484375,20109570,0.0,0.0
2021-02-26 00:00:00+05:30,793.5250244140625,794.4500122070312,760.5,767.2000122070312,726.6731567382812,27912846,0.0,0.0
2021-03-01 00:00:00+05:30,782.0,786.2750244140625,770.3499755859375,779.4500122070312,738.2760620117188,13536018,0.0,0.0
2021-03-02 00:00:00+05:30,787.8499755859375,793.75,775.5,784.0999755859375,742.6803588867188,16110038,0.0,0.0
2021-03-03 00:00:00+05:30,792.0,798.0,782.5,793.4249877929688,751.5127563476562,11222410,0.0,0.0
2021-03-04 00:00:00+05:30,774.2750244140625,785.5,769.5499877929688,776.0250244140625,735.0320434570312,16291438,0.0,0.0
2021-03-05 00:00:00+05:30,765.5,772.7999877929688,760.5499877929688,765.0,724.5894165039062,17445822,0.0,0.0
2021-03-08 00:00:00+05:30,771.0,777.5,756.25,759.75,719.6166381835938,15117050,0.0,0.0
2021-03-09 00:00:00+05:30,772.5,782.8499755859375,769.125,781.25,739.9808959960938,15066696,0.0,0.0
2021-03-10 00:00:00+05:30,786.0,787.5,776.0750122070312,777.875,736.7841796875,11055016,0.0,0.0
2021-03-12 00:00:00+05:30,800.0,800.0,767.5250244140625,775.9749755859375,734.9845581054688,15631204,0.0,0.0
2021-03-15 00:00:00+05:30,774.2000122070312,774.2000122070312,757.6500244140625,764.3250122070312,723.9500122070312,12230386,0.0,0.0
2021-03-16 00:00:00+05:30,765.4500122070312,770.2000122070312,755.0,756.0750122070312,716.1358032226562,13722366,0.0,0.0
2021-03-17 00:00:00+05:30,762.125,769.5,745.0999755859375,747.6749877929688,708.1795043945312,21064428,0.0,0.0
2021-03-18 00:00:00+05:30,755.875,761.0250244140625,740.5750122070312,745.5,706.1194458007812,18065540,0.0,0.0
2021-03-19 00:00:00+05:30,742.5,755.5999755859375,737.0250244140625,748.75,709.1978149414062,21235020,0.0,0.0
2021-03-22 00:00:00+05:30,747.4500122070312,747.4500122070312,730.2000122070312,734.5750122070312,695.7715454101562,14015632,0.0,0.0
2021-03-23 00:00:00+05:30,735.0,753.7249755859375,734.5499877929688,750.0750122070312,710.4528198242188,19761428,0.0,0.0
2021-03-24 00:00:00+05:30,745.4500122070312,753.2249755859375,735.5,739.4000244140625,700.3417358398438,16368900,0.0,0.0
2021-03-25 00:00:00+05:30,745.0999755859375,747.7750244140625,725.125,731.6749877929688,693.024658203125,23964356,0.0,0.0
2021-03-26 00:00:00+05:30,747.0,749.5,737.0,745.6500244140625,706.2615966796875,12021258,0.0,0.0
2021-03-30 00:00:00+05:30,753.3250122070312,781.2750244140625,750.7750244140625,776.8499755859375,735.8133544921875,25607644,0.0,0.0
2021-03-31 00:00:00+05:30,774.0,774.0,744.0,746.8250122070312,707.37451171875,30774506,0.0,0.0
2021-04-01 00:00:00+05:30,749.7000122070312,749.7000122070312,732.5,743.375,704.1067504882812,35763762,0.0,0.0
2021-04-05 00:00:00+05:30,740.0,742.5,715.5,724.7999877929688,686.5128784179688,16006586,0.0,0.0
2021-04-06 00:00:00+05:30,730.0,731.3250122070312,716.3250122070312,720.125,682.0848999023438,15075734,0.0,0.0
2021-04-07 00:00:00+05:30,719.6500244140625,728.3499755859375,710.7750244140625,723.5999755859375,685.3762817382812,25088180,0.0,0.0
2021-04-08 00:00:00+05:30,726.5,730.4500122070312,715.25,716.4000244140625,678.556640625,17613592,0.0,0.0
2021-04-09 00:00:00+05:30,713.0,716.4000244140625,707.5499877929688,710.875,673.3235473632812,28157816,0.0,0.0
2021-04-12 00:00:00+05:30,696.5,699.5,676.5,683.5250244140625,647.4182739257812,22549128,0.0,0.0
2021-04-13 00:00:00+05:30,684.0,703.2249755859375,680.5,700.1749877929688,663.1886596679688,18600682,0.0,0.0
2021-04-15 00:00:00+05:30,702.5,718.3499755859375,695.5,715.0499877929688,677.2778930664062,34444984,0.0,0.0
2021-04-16 00:00:00+05:30,717.4749755859375,722.5,711.75,714.3250122070312,676.59130859375,15606526,0.0,0.0
2021-04-19 00:00:00+05:30,695.0,708.8499755859375,686.1500244140625,706.2000122070312,668.8954467773438,24069242,0.0,0.0
2021-04-20 00:00:00+05:30,712.5,713.2000122070312,691.9749755859375,695.7000122070312,658.9501342773438,23186270,0.0,0.0
2021-04-22 00:00:00+05:30,690.0,713.4000244140625,685.5250244140625,711.25,673.6786499023438,38485312,0.0,0.0
2021-04-23 00:00:00+05:30,704.5,717.2999877929688,700.0999755859375,707.0750122070312,669.7241821289062,22713528,0.0,0.0
2021-04-26 00:00:00+05:30,706.5,714.5,701.375,702.4000244140625,665.2962646484375,30170952,0.0,0.0
2021-04-27 00:00:00+05:30,703.625,721.0,702.4000244140625,719.3499755859375,681.3507080078125,20592906,0.0,0.0
2021-04-28 00:00:00+05:30,718.125,739.5,715.5,738.4000244140625,699.3945922851562,24103940,0.0,0.0
2021-04-29 00:00:00+05:30,743.0999755859375,751.8250122070312,730.5,736.25,697.3580932617188,24078552,0.0,0.0
2021-04-30 00:00:00+05:30,722.5,726.9000244140625,703.75,706.1500244140625,668.8480834960938,35232902,0.0,0.0
2021-05-03 00:00:00+05:30,696.5,710.9500122070312,688.6500244140625,707.2249755859375,669.8663330078125,22473700,0.0,0.0
2021-05-04 00:00:00+05:30,704.9749755859375,711.5,691.6500244140625,694.1749877929688,657.5056762695312,21486328,0.0,0.0
2021-05-05 00:00:00+05:30,700.5,704.7999877929688,690.8499755859375,701.2999877929688,664.2542114257812,14421612,0.0,0.0
2021-05-06 00:00:00+05:30,703.7999877929688,705.4000244140625,697.5,700.4500122070312,663.4491577148438,11477044,0.0,0.0
2021-05-07 00:00:00+05:30,706.4749755859375,712.4749755859375,705.125,707.375,670.0083618164062,12048334,0.0,0.0
2021-05-10 00:00:00+05:30,713.5,715.0,706.4000244140625,709.9249877929688,672.4236450195312,11060050,0.0,0.0
2021-05-11 00:00:00+05:30,698.0,712.0999755859375,697.5250244140625,701.7750244140625,664.7042846679688,14519034,0.0,0.0
2021-05-12 00:00:00+05:30,699.875,704.2999877929688,694.4249877929688,699.75,662.7861328125,13774926,0.0,0.0
2021-05-14 00:00:00+05:30,697.1749877929688,699.4500122070312,691.1749877929688,693.4249877929688,656.7952880859375,10604142,0.0,0.0
2021-05-17 00:00:00+05:30,697.5750122070312,721.2999877929688,690.6500244140625,720.125,682.0848999023438,15120692,0.0,0.0
2021-05-18 00:00:00+05:30,729.4749755859375,741.375,727.5,738.3499755859375,699.34716796875,22165280,0.0,0.0
2021-05-19 00:00:00+05:30,735.0999755859375,739.4249877929688,726.2750244140625,729.0999755859375,690.5857543945312,10130916,0.0,0.0
2021-05-20 00:00:00+05:30,729.1749877929688,732.9500122070312,714.25,716.4000244140625,678.556640625,10684184,0.0,0.0
2021-05-21 00:00:00+05:30,721.5,750.9500122070312,721.5,748.6500244140625,709.1030883789062,19341646,0.0,0.0
2021-05-24 00:00:00+05:30,751.625,760.2249755859375,749.25,754.9749755859375,715.0938720703125,22146102,0.0,0.0
2021-05-25 00:00:00+05:30,755.25,756.875,735.25,739.4749755859375,700.4126586914062,19236974,0.0,0.0
2021-05-26 00:00:00+05:30,740.0,743.5,735.0,738.5250244140625,699.5128784179688,12283990,0.0,0.0
2021-05-27 00:00:00+05:30,736.5499877929688,744.5,731.2249755859375,741.3250122070312,702.1649169921875,20439496,0.0,0.0
2021-05-28 00:00:00+05:30,745.4500122070312,756.5,739.375,751.7249755859375,712.015625,17750020,0.0,0.0
2021-05-31 00:00:00+05:30,750.0,759.75,743.75,757.9249877929688,717.8881225585938,15661054,0.0,0.0
2021-06-01 00:00:00+05:30,760.1500244140625,763.5,753.625,755.8499755859375,715.9226684570312,11030162,0.0,0.0
2021-06-02 00:00:00+05:30,755.0,755.0999755859375,746.5,752.0,712.2760620117188,10624016,0.0,0.0
2021-06-03 00:00:00+05:30,754.0,762.4749755859375,743.875,760.2750244140625,720.1138916015625,10287260,0.0,0.0
2021-06-04 00:00:00+05:30,758.0,760.3250122070312,749.5999755859375,750.4749755859375,710.8316650390625,9424476,0.0,0.0
2021-06-07 00:00:00+05:30,755.0,757.0,748.0,749.9249877929688,710.3106689453125,8091668,0.0,0.0
2021-06-08 00:00:00+05:30,748.2750244140625,750.6500244140625,740.75,741.5250244140625,702.3544921875,9872540,0.0,0.0
2021-06-09 00:00:00+05:30,741.9500122070312,751.0,736.0250244140625,740.1500244140625,701.0520629882812,10223442,0.0,0.0
2021-06-10 00:00:00+05:30,741.0499877929688,744.5,736.8250122070312,740.5250244140625,701.4072265625,11483540,0.0,0.0
2021-06-11 00:00:00+05:30,745.5,748.2750244140625,740.5250244140625,743.1749877929688,703.9171752929688,7205974,0.0,0.0
2021-06-14 00:00:00+05:30,739.125,743.0,731.2750244140625,739.7249755859375,700.6494750976562,8881964,0.0,0.0
2021-06-15 00:00:00+05:30,743.0,748.0,737.4000244140625,745.125,705.7642211914062,7569602,0.0,0.0
2021-06-16 00:00:00+05:30,744.0,747.0,739.0499877929688,742.2999877929688,703.0884399414062,7702098,0.0,0.0
2021-06-17 00:00:00+05:30,733.0,739.375,730.0,733.0499877929688,694.3270874023438,9283802,0.0,0.0
2021-06-18 00:00:00+05:30,734.75,745.0,727.5,739.9000244140625,700.8152465820312,11938060,0.0,0.0
2021-06-21 00:00:00+05:30,730.6749877929688,745.9000244140625,729.5,744.3499755859375,705.0302124023438,7260472,0.0,0.0
2021-06-22 00:00:00+05:30,748.5,754.0,740.0,741.9000244140625,702.7096557617188,14366824,0.0,0.0
2021-06-23 00:00:00+05:30,745.0,748.9000244140625,739.2999877929688,742.75,703.5147705078125,7844868,0.0,0.0
2021-06-24 00:00:00+05:30,745.0,756.7249755859375,744.0,753.125,713.3416748046875,14785024,0.0,0.0
2021-06-25 00:00:00+05:30,755.5499877929688,761.0,753.5,757.5499877929688,717.5328979492188,10383176,0.0,0.0
2021-06-28 00:00:00+05:30,760.0,761.5,752.5,754.1749877929688,714.336181640625,9356786,0.0,0.0
2021-06-29 00:00:00+05:30,753.5,754.0999755859375,746.0750122070312,751.0250244140625,714.4313354492188,10971692,3.25,0.0
2021-06-30 00:00:00+05:30,749.0,754.5,747.0499877929688,748.9500122070312,712.4574584960938,9679022,0.0,0.0
2021-07-01 00:00:00+05:30,751.0,751.0,741.5,743.375,707.154052734375,16911442,0.0,0.0
2021-07-02 00:00:00+05:30,742.5,744.625,738.5,740.2000122070312,704.1337890625,14827036,0.0,0.0
2021-07-05 00:00:00+05:30,744.9749755859375,752.25,742.2750244140625,747.7249755859375,711.2920532226562,7373882,0.0,0.0
2021-07-06 00:00:00+05:30,748.5,770.0,748.0,767.3499755859375,729.9608154296875,17669032,0.0,0.0
2021-07-07 00:00:00+05:30,767.0,772.6749877929688,763.8499755859375,769.75,732.2439575195312,9629190,0.0,0.0
2021-07-08 00:00:00+05:30,762.5,768.8499755859375,756.7249755859375,760.2249755859375,723.1829833984375,8420922,0.0,0.0
2021-07-09 00:00:00+05:30,756.2750244140625,758.0,748.75,751.0,714.4075317382812,10695842,0.0,0.0
2021-07-12 00:00:00+05:30,751.0,751.0,742.0,743.5,707.27294921875,14458978,0.0,0.0
2021-07-13 00:00:00+05:30,748.0499877929688,753.0499877929688,742.0499877929688,750.9249877929688,714.336181640625,18178142,0.0,0.0
2021-07-14 00:00:00+05:30,748.75,753.6749877929688,745.5499877929688,749.5750122070312,713.0519409179688,9788494,0.0,0.0
2021-07-15 00:00:00+05:30,752.5,763.375,749.8250122070312,760.3499755859375,723.302001953125,10438802,0.0,0.0
2021-07-16 00:00:00+05:30,763.9749755859375,764.9749755859375,759.4000244140625,761.1749877929688,724.0867309570312,5170628,0.0,0.0
2021-07-19 00:00:00+05:30,743.5,744.4249877929688,733.0,735.5,699.662841796875,25111600,0.0,0.0
2021-07-20 00:00:00+05:30,721.0,727.0,718.0750122070312,721.5750122070312,686.4163208007812,24174250,0.0,0.0
2021-07-22 00:00:00+05:30,728.0499877929688,734.25,722.5,724.3499755859375,689.0560913085938,13207114,0.0,0.0
2021-07-23 00:00:00+05:30,725.75,728.7249755859375,717.6500244140625,721.375,686.22607421875,13126684,0.0,0.0
2021-07-26 00:00:00+05:30,715.0,722.0,714.0499877929688,717.2750244140625,682.3258056640625,13167166,0.0,0.0
2021-07-27 00:00:00+05:30,718.0499877929688,724.9500122070312,718.0499877929688,719.875,684.799072265625,22401430,0.0,0.0
2021-07-28 00:00:00+05:30,717.5250244140625,719.3499755859375,702.0,708.6500244140625,674.1210327148438,20670342,0.0,0.0
2021-07-29 00:00:00+05:30,714.125,714.9749755859375,706.6500244140625,709.125,674.5728759765625,13702230,0.0,0.0
2021-07-30 00:00:00+05:30,709.5,715.875,703.9749755859375,713.2249755859375,678.4730834960938,11655488,0.0,0.0
2021-08-02 00:00:00+05:30,717.5,717.5,708.125,711.3250122070312,676.6657104492188,13258786,0.0,0.0
2021-08-03 00:00:00+05:30,705.0,719.9500122070312,705.0,717.3499755859375,682.3971557617188,12033120,0.0,0.0
2021-08-04 00:00:00+05:30,720.5,737.25,720.0,732.6500244140625,696.9515991210938,22053948,0.0,0.0
2021-08-05 00:00:00+05:30,733.5499877929688,753.5250244140625,728.7000122070312,742.4249877929688,706.2503662109375,18822408,0.0,0.0
2021-08-06 00:00:00+05:30,741.7750244140625,750.0,737.0,746.3250122070312,709.9602661132812,13339270,0.0,0.0
2021-08-09 00:00:00+05:30,746.0,753.6749877929688,738.0,751.9500122070312,715.3113403320312,10998048,0.0,0.0
2021-08-10 00:00:00+05:30,744.5,759.875,744.5,753.8250122070312,717.0949096679688,14838346,0.0,0.0
2021-08-11 00:00:00+05:30,757.4500122070312,759.4249877929688,745.5250244140625,747.4749755859375,711.0542602539062,12585786,0.0,0.0
2021-08-12 00:00:00+05:30,748.5,753.7999877929688,744.6500244140625,750.7000122070312,714.1221313476562,8597674,0.0,0.0
2021-08-13 00:00:00+05:30,750.5999755859375,765.5,750.5,763.0999755859375,725.91796875,16658428,0.0,0.0
2021-08-16 00:00:00+05:30,763.0750122070312,767.5,760.7249755859375,765.2999877929688,728.0108032226562,6252778,0.0,0.0
2021-08-17 00:00:00+05:30,758.5999755859375,762.0,752.6500244140625,757.3250122070312,720.4243774414062,8282666,0.0,0.0
2021-08-18 00:00:00+05:30,778.3499755859375,782.6749877929688,754.1749877929688,756.5,719.6395263671875,22985932,0.0,0.0
2021-08-20 00:00:00+05:30,743.0250244140625,759.9000244140625,743.0250244140625,757.375,720.471923828125,13150406,0.0,0.0
2021-08-23 00:00:00+05:30,764.9249877929688,766.5750122070312,754.3250122070312,762.2999877929688,725.1569213867188,10843054,0.0,0.0
2021-08-24 00:00:00+05:30,765.0,782.25,763.7249755859375,779.4249877929688,741.447509765625,18381314,0.0,0.0
2021-08-25 00:00:00+05:30,776.0499877929688,782.4000244140625,774.0,778.7000122070312,740.7578735351562,7727974,0.0,0.0
2021-08-26 00:00:00+05:30,775.0,785.5,771.7249755859375,777.4000244140625,739.5211181640625,11119002,0.0,0.0
2021-08-27 00:00:00+05:30,776.0,779.3250122070312,772.625,774.2249755859375,736.5008544921875,6382138,0.0,0.0
2021-08-30 00:00:00+05:30,777.7999877929688,785.0,775.7999877929688,784.125,745.9185791015625,9049166,0.0,0.0
2021-08-31 00:00:00+05:30,781.75,791.6749877929688,781.0999755859375,790.7000122070312,752.1732177734375,12062576,0.0,0.0
2021-09-01 00:00:00+05:30,787.5,799.0,787.25,789.5499877929688,751.0791625976562,12422558,0.0,0.0
2021-09-02 00:00:00+05:30,787.0499877929688,796.0,785.625,794.5,755.7879638671875,9618524,0.0,0.0
2021-09-03 00:00:00+05:30,793.0499877929688,799.0,784.1500244140625,788.0250244140625,749.6284790039062,10735334,0.0,0.0
2021-09-06 00:00:00+05:30,789.9749755859375,790.4749755859375,780.9749755859375,782.8499755859375,744.70556640625,7876896,0.0,0.0
2021-09-07 00:00:00+05:30,781.25,791.0,777.5999755859375,784.625,746.3942260742188,7245496,0.0,0.0
2021-09-08 00:00:00+05:30,785.9749755859375,790.25,782.7999877929688,788.2000122070312,749.794921875,6724080,0.0,0.0
2021-09-09 00:00:00+05:30,787.0,789.7249755859375,780.5,784.2999877929688,746.0850219726562,8250948,0.0,0.0
2021-09-13 00:00:00+05:30,781.0,792.0,776.8250122070312,777.7750244140625,739.8779907226562,8959164,0.0,0.0
2021-09-14 00:00:00+05:30,780.0,782.25,773.2999877929688,774.2750244140625,736.5485229492188,9758506,0.0,0.0
2021-09-15 00:00:00+05:30,767.5,777.4000244140625,767.5,773.4000244140625,735.7161254882812,14822998,0.0,0.0
2021-09-16 00:00:00+05:30,768.875,782.1500244140625,768.1500244140625,779.9749755859375,741.970703125,10260550,0.0,0.0
2021-09-17 00:00:00+05:30,784.5,794.5,779.5999755859375,791.0750122070312,752.5299072265625,20498102,0.0,0.0
2021-09-20 00:00:00+05:30,782.0,790.8499755859375,779.0,779.9249877929688,741.9232177734375,8781610,0.0,0.0
2021-09-21 00:00:00+05:30,781.0,784.3250122070312,764.4749755859375,775.9749755859375,738.1655883789062,14774996,0.0,0.0
2021-09-22 00:00:00+05:30,774.5,775.0750122070312,765.0,766.8499755859375,729.4852905273438,10582202,0.0,0.0
2021-09-23 00:00:00+05:30,771.0,786.0,771.0,785.0,746.7508544921875,13664304,0.0,0.0
2021-09-24 00:00:00+05:30,789.5,803.9749755859375,787.5,800.7750244140625,761.7572631835938,20806702,0.0,0.0
2021-09-27 00:00:00+05:30,807.8499755859375,817.75,804.0,812.5499877929688,772.9584350585938,16415462,0.0,0.0
2021-09-28 00:00:00+05:30,816.0,816.0,791.0,807.5250244140625,768.1784057617188,12773790,0.0,0.0
2021-09-29 00:00:00+05:30,798.5,803.2999877929688,792.5750122070312,796.9249877929688,758.0947875976562,16263036,0.0,0.0
2021-09-30 00:00:00+05:30,793.0,803.1749877929688,791.5499877929688,797.4749755859375,758.6179809570312,15975348,0.0,0.0
2021-10-01 00:00:00+05:30,791.5,794.5,782.625,791.3499755859375,752.7914428710938,11128596,0.0,0.0
2021-10-04 00:00:00+05:30,794.5,800.6749877929688,791.7999877929688,792.875,754.2421875,7051028,0.0,0.0
2021-10-05 00:00:00+05:30,796.0,798.75,788.125,797.7249755859375,758.8558959960938,10257178,0.0,0.0
2021-10-06 00:00:00+05:30,798.0,813.4249877929688,793.5,807.4500122070312,768.1069946289062,18600830,0.0,0.0
2021-10-07 00:00:00+05:30,813.2999877929688,813.8499755859375,803.5,805.25,766.0142211914062,11265724,0.0,0.0
2021-10-08 00:00:00+05:30,806.0,811.0,800.0750122070312,801.3250122070312,762.2803955078125,7245562,0.0,0.0
2021-10-11 00:00:00+05:30,799.9500122070312,822.5,799.5,816.9000244140625,777.0965576171875,13080848,0.0,0.0
2021-10-12 00:00:00+05:30,812.5,820.7750244140625,812.5,814.7999877929688,775.098876953125,8176946,0.0,0.0
2021-10-13 00:00:00+05:30,818.5,824.0,815.0,819.7000122070312,779.7601318359375,6225644,0.0,0.0
2021-10-14 00:00:00+05:30,819.0,845.0,819.0,843.7000122070312,802.5906982421875,14757288,0.0,0.0
2021-10-18 00:00:00+05:30,852.5,862.5,833.5250244140625,835.1500244140625,794.457275390625,28856456,0.0,0.0
2021-10-19 00:00:00+05:30,837.7249755859375,846.2249755859375,835.5,844.3499755859375,803.208984375,8987540,0.0,0.0
2021-10-20 00:00:00+05:30,844.5499877929688,849.375,832.2249755859375,836.9249877929688,796.1458740234375,10908568,0.0,0.0
2021-10-21 00:00:00+05:30,835.9000244140625,840.9749755859375,830.4249877929688,838.1500244140625,797.3112182617188,9738190,0.0,0.0
2021-10-22 00:00:00+05:30,840.0499877929688,854.0,835.375,840.375,799.4276733398438,12175554,0.0,0.0
2021-10-25 00:00:00+05:30,845.0,845.0,806.9000244140625,828.5,788.13134765625,16426766,0.0,0.0
2021-10-26 00:00:00+05:30,825.0,836.9249877929688,823.1749877929688,826.375,786.1099243164062,12090656,0.0,0.0
2021-10-27 00:00:00+05:30,826.375,832.5250244140625,818.6500244140625,821.4000244140625,781.3773193359375,13249642,0.0,0.0
2021-10-28 00:00:00+05:30,825.0,825.0,793.5750122070312,796.7999877929688,757.9758911132812,17797750,0.0,0.0
2021-10-29 00:00:00+05:30,795.0,801.0,780.0,791.4249877929688,752.8628540039062,12406874,0.0,0.0
2021-11-01 00:00:00+05:30,792.5,805.5,791.7750244140625,802.6500244140625,763.5408935546875,8122320,0.0,0.0
2021-11-02 00:00:00+05:30,803.0,811.0,800.0250244140625,803.375,764.2305908203125,13237722,0.0,0.0
2021-11-03 00:00:00+05:30,802.5499877929688,804.9500122070312,787.7750244140625,790.7249755859375,752.1968994140625,10207338,0.0,0.0
2021-11-04 00:00:00+05:30,797.5,798.9249877929688,795.0499877929688,796.9749755859375,758.142333984375,1096808,0.0,0.0
2021-11-08 00:00:00+05:30,796.0499877929688,802.3499755859375,785.2249755859375,800.125,761.138916015625,18943580,0.0,0.0
2021-11-09 00:00:00+05:30,797.2999877929688,797.2999877929688,784.5250244140625,786.125,747.821044921875,12695476,0.0,0.0
2021-11-10 00:00:00+05:30,784.0,784.5,775.0,777.625,739.7351684570312,13714126,0.0,0.0
2021-11-11 00:00:00+05:30,775.0250244140625,777.4500122070312,767.7999877929688,774.1500244140625,736.4296264648438,7999404,0.0,0.0
2021-11-12 00:00:00+05:30,775.0,779.5250244140625,772.5250244140625,776.5,738.6650390625,14914092,0.0,0.0
2021-11-15 00:00:00+05:30,781.0499877929688,785.9249877929688,777.2000122070312,778.625,740.6865234375,9533594,0.0,0.0
2021-11-16 00:00:00+05:30,777.5,778.5999755859375,770.7999877929688,774.0,736.286865234375,8245406,0.0,0.0
2021-11-17 00:00:00+05:30,768.4500122070312,772.0,764.25,765.4000244140625,728.1058349609375,7598878,0.0,0.0
2021-11-18 00:00:00+05:30,763.0250244140625,771.75,762.625,769.7000122070312,732.1964111328125,9152874,0.0,0.0
2021-11-22 00:00:00+05:30,773.0,776.3499755859375,749.5250244140625,757.6749877929688,720.7572631835938,15261272,0.0,0.0
2021-11-23 00:00:00+05:30,751.0,763.9000244140625,748.1749877929688,757.7750244140625,720.8524169921875,11235214,0.0,0.0
2021-11-24 00:00:00+05:30,762.0,768.1749877929688,757.0250244140625,759.0250244140625,722.0415649414062,30802286,0.0,0.0
2021-11-25 00:00:00+05:30,757.4000244140625,766.6500244140625,753.5,762.9749755859375,725.7990112304688,10251652,0.0,0.0
2021-11-26 00:00:00+05:30,750.0,753.3499755859375,742.5,744.9500122070312,708.6522827148438,18624936,0.0,0.0
2021-11-29 00:00:00+05:30,747.4000244140625,753.8250122070312,731.0,750.625,714.05078125,12990996,0.0,0.0
2021-11-30 00:00:00+05:30,747.5,764.5,743.2750244140625,746.7750244140625,710.388427734375,25221542,0.0,0.0
2021-12-01 00:00:00+05:30,747.5,753.5250244140625,744.5499877929688,752.3250122070312,715.6679077148438,8677634,0.0,0.0
2021-12-02 00:00:00+05:30,752.25,764.4000244140625,750.0,762.875,725.7039184570312,11203110,0.0,0.0
2021-12-03 00:00:00+05:30,762.9000244140625,767.9749755859375,753.5250244140625,756.7750244140625,719.901123046875,8124694,0.0,0.0
2021-12-06 00:00:00+05:30,756.5,759.4000244140625,748.6749877929688,751.9000244140625,715.263671875,7029532,0.0,0.0
2021-12-07 00:00:00+05:30,756.9749755859375,766.0,754.9500122070312,762.8499755859375,725.6801147460938,12427534,0.0,0.0
2021-12-08 00:00:00+05:30,768.0,777.5250244140625,767.0,776.9000244140625,739.0455932617188,15295534,0.0,0.0
2021-12-09 00:00:00+05:30,772.5999755859375,777.3499755859375,761.0,763.4249877929688,726.2271118164062,11747744,0.0,0.0
2021-12-10 00:00:00+05:30,762.4500122070312,764.0,754.2249755859375,761.2750244140625,724.181884765625,7779384,0.0,0.0
2021-12-13 00:00:00+05:30,763.0,768.8250122070312,753.5999755859375,755.5750122070312,718.7596435546875,10322142,0.0,0.0
2021-12-14 00:00:00+05:30,751.25,758.0,748.5250244140625,751.2249755859375,714.62158203125,9191100,0.0,0.0
2021-12-15 00:00:00+05:30,751.5,761.6749877929688,747.8250122070312,750.0,713.456298828125,10115148,0.0,0.0
2021-12-16 00:00:00+05:30,756.4000244140625,758.5,747.0,750.0499877929688,713.5037841796875,13210432,0.0,0.0
2021-12-17 00:00:00+05:30,748.5,753.0,733.8499755859375,736.5250244140625,700.6378173828125,14994768,0.0,0.0
2021-12-20 00:00:00+05:30,726.0,729.0,707.0499877929688,712.8250122070312,678.0927124023438,21156668,0.0,0.0
2021-12-21 00:00:00+05:30,719.75,725.375,715.0,720.9000244140625,685.774169921875,9118750,0.0,0.0
2021-12-22 00:00:00+05:30,726.1500244140625,728.0,717.8499755859375,722.5999755859375,687.3912963867188,8577484,0.0,0.0
2021-12-23 00:00:00+05:30,726.625,728.9000244140625,718.4249877929688,722.0499877929688,686.8681030273438,9779166,0.0,0.0
2021-12-24 00:00:00+05:30,722.75,726.0,714.0,719.4500122070312,684.394775390625,5561024,0.0,0.0
2021-12-27 00:00:00+05:30,714.4500122070312,727.0,711.0750122070312,725.4000244140625,690.0548706054688,4705098,0.0,0.0
2021-12-28 00:00:00+05:30,730.3499755859375,733.4500122070312,726.7000122070312,730.4000244140625,694.811279296875,5450678,0.0,0.0
2021-12-29 00:00:00+05:30,728.0250244140625,730.5,723.7000122070312,726.9249877929688,691.5055541992188,7668702,0.0,0.0
2021-12-30 00:00:00+05:30,729.25,733.4249877929688,722.5,730.75,695.1442260742188,7215918,0.0,0.0
2021-12-31 00:00:00+05:30,730.75,742.4000244140625,730.75,739.7000122070312,703.658203125,6325736,0.0,0.0
2022-01-03 00:00:00+05:30,742.5,761.5,740.25,759.8250122070312,722.8025512695312,9069184,0.0,0.0
2022-01-04 00:00:00+05:30,760.0,766.4500122070312,753.9000244140625,764.2750244140625,727.0357666015625,8857352,0.0,0.0
2022-01-05 00:00:00+05:30,768.4000244140625,786.0,764.0499877929688,782.4249877929688,744.3013305664062,14332638,0.0,0.0
2022-01-06 00:00:00+05:30,771.5,777.375,765.0250244140625,769.875,732.3628540039062,9628930,0.0,0.0
2022-01-07 00:00:00+05:30,772.0,783.375,767.9500122070312,775.2750244140625,737.4998168945312,11179384,0.0,0.0
2022-01-10 00:00:00+05:30,779.0,786.0,772.75,779.5750122070312,741.5901489257812,8856496,0.0,0.0
2022-01-11 00:00:00+05:30,780.7750244140625,784.3499755859375,773.9000244140625,782.9500122070312,744.8008422851562,8389198,0.0,0.0
2022-01-12 00:00:00+05:30,784.0,788.3250122070312,776.0,778.3250122070312,740.401123046875,21085530,0.0,0.0
2022-01-13 00:00:00+05:30,777.5,777.5,760.2000122070312,764.0,726.7740478515625,41963896,0.0,0.0
2022-01-14 00:00:00+05:30,765.0,774.3499755859375,759.5,772.5750122070312,734.9312744140625,11208968,0.0,0.0
2022-01-17 00:00:00+05:30,765.0,778.0,759.5750122070312,760.75,723.6824951171875,22989372,0.0,0.0
2022-01-18 00:00:00+05:30,766.5,775.4500122070312,761.5,764.625,727.36865234375,12341152,0.0,0.0
2022-01-19 00:00:00+05:30,767.0,769.875,756.6749877929688,759.2249755859375,722.2318115234375,14317626,0.0,0.0
2022-01-20 00:00:00+05:30,764.2249755859375,764.25,750.0499877929688,754.5,717.7369995117188,15197846,0.0,0.0
2022-01-21 00:00:00+05:30,750.0,764.9000244140625,742.7999877929688,760.7999877929688,723.72998046875,11537694,0.0,0.0
2022-01-24 00:00:00+05:30,754.9749755859375,760.625,733.7750244140625,743.3250122070312,707.1065673828125,11868508,0.0,0.0
2022-01-25 00:00:00+05:30,729.3250122070312,747.5,722.0,744.0250244140625,707.7724609375,13594248,0.0,0.0
2022-01-27 00:00:00+05:30,725.0,742.5,717.5,737.4749755859375,701.54150390625,28617838,0.0,0.0
2022-01-28 00:00:00+05:30,738.75,743.3499755859375,730.0,731.625,695.9765625,24925208,0.0,0.0
2022-01-31 00:00:00+05:30,736.375,745.7750244140625,733.4000244140625,742.8499755859375,706.6546630859375,12842546,0.0,0.0
2022-02-01 00:00:00+05:30,754.25,758.5,736.7249755859375,748.5,712.0293579101562,14739484,0.0,0.0
2022-02-02 00:00:00+05:30,755.9749755859375,767.5,752.7999877929688,765.5999755859375,728.296142578125,13969290,0.0,0.0
2022-02-03 00:00:00+05:30,764.375,769.9749755859375,754.5,757.6749877929688,720.7572631835938,10564762,0.0,0.0
2022-02-04 00:00:00+05:30,764.2000122070312,766.4249877929688,757.0499877929688,762.0,724.87158203125,11579958,0.0,0.0
2022-02-07 00:00:00+05:30,756.0499877929688,759.5,730.0,734.0750122070312,698.3071899414062,12268042,0.0,0.0
2022-02-08 00:00:00+05:30,738.2000122070312,739.2249755859375,722.2750244140625,730.9249877929688,695.3107299804688,13981130,0.0,0.0
2022-02-09 00:00:00+05:30,737.0,749.8499755859375,733.5,748.7999877929688,712.314697265625,11308342,0.0,0.0
2022-02-10 00:00:00+05:30,757.0,767.75,750.8250122070312,762.5499877929688,725.3947143554688,14314530,0.0,0.0
2022-02-11 00:00:00+05:30,750.125,762.5,749.75,759.4249877929688,722.4219970703125,10711104,0.0,0.0
2022-02-14 00:00:00+05:30,745.0,749.7249755859375,734.6500244140625,736.8499755859375,700.947021484375,14656620,0.0,0.0
2022-02-15 00:00:00+05:30,738.0,762.4500122070312,736.5250244140625,758.9000244140625,721.9226684570312,13135066,0.0,0.0
2022-02-16 00:00:00+05:30,767.1749877929688,767.375,753.5,757.875,720.9476318359375,10032264,0.0,0.0
2022-02-17 00:00:00+05:30,756.5499877929688,761.0,751.0,753.25,716.5479125976562,7351208,0.0,0.0
2022-02-18 00:00:00+05:30,749.1500244140625,758.5,745.2249755859375,756.1749877929688,719.3303833007812,7796128,0.0,0.0
2022-02-21 00:00:00+05:30,752.0,765.3499755859375,747.7750244140625,761.0499877929688,723.9677734375,7468066,0.0,0.0
2022-02-22 00:00:00+05:30,744.9000244140625,761.0499877929688,743.9749755859375,755.3499755859375,718.5455322265625,9536196,0.0,0.0
2022-02-23 00:00:00+05:30,762.5499877929688,762.8499755859375,747.8250122070312,750.4500122070312,713.8843383789062,9029562,0.0,0.0
2022-02-24 00:00:00+05:30,724.9500122070312,737.4749755859375,703.5750122070312,709.7000122070312,675.1199340820312,23630766,0.0,0.0
2022-02-25 00:00:00+05:30,719.9749755859375,732.9500122070312,716.4249877929688,728.0499877929688,692.5757446289062,18318654,0.0,0.0
2022-02-28 00:00:00+05:30,713.0,719.2750244140625,707.0250244140625,713.125,678.3779907226562,24880832,0.0,0.0
2022-03-02 00:00:00+05:30,693.25,699.2000122070312,677.2000122070312,687.125,653.6448364257812,38505560,0.0,0.0
2022-03-03 00:00:00+05:30,690.5,696.0,681.4500122070312,685.5,652.0990600585938,17527922,0.0,0.0
2022-03-04 00:00:00+05:30,680.0,693.0,668.4500122070312,683.25,649.9586791992188,21219364,0.0,0.0
2022-03-07 00:00:00+05:30,659.25,666.1749877929688,648.5250244140625,662.4000244140625,630.1246337890625,27054458,0.0,0.0
2022-03-08 00:00:00+05:30,651.0999755859375,667.0,646.0,663.9000244140625,631.551513671875,39212492,0.0,0.0
2022-03-09 00:00:00+05:30,665.0,687.3499755859375,659.4249877929688,685.5750122070312,652.1703491210938,23134694,0.0,0.0
2022-03-10 00:00:00+05:30,713.5,713.5,690.125,696.3499755859375,662.4202880859375,22273206,0.0,0.0
2022-03-11 00:00:00+05:30,694.0,704.4749755859375,686.3499755859375,698.4000244140625,664.3704833984375,15150780,0.0,0.0
2022-03-14 00:00:00+05:30,707.5,725.0,707.5,721.2750244140625,686.1309204101562,25018126,0.0,0.0
2022-03-15 00:00:00+05:30,721.75,724.75,705.875,712.0,677.3078002929688,18867928,0.0,0.0
2022-03-16 00:00:00+05:30,723.5,727.5,718.0999755859375,724.0750122070312,688.79443359375,13364108,0.0,0.0
2022-03-17 00:00:00+05:30,736.0,744.9000244140625,735.2750244140625,740.0250244140625,703.9673461914062,14823954,0.0,0.0
2022-03-21 00:00:00+05:30,743.5,746.8250122070312,736.4000244140625,743.25,707.03515625,12257876,0.0,0.0
2022-03-22 00:00:00+05:30,740.6500244140625,749.0,728.5999755859375,747.0750122070312,710.6737670898438,10461814,0.0,0.0
2022-03-23 00:00:00+05:30,753.5,759.4000244140625,736.7999877929688,739.625,703.5868530273438,31188256,0.0,0.0
2022-03-24 00:00:00+05:30,733.0,734.8250122070312,717.2750244140625,721.3250122070312,686.178466796875,20160044,0.0,0.0
2022-03-25 00:00:00+05:30,725.5,726.0,709.5,715.4500122070312,680.5897216796875,16366462,0.0,0.0
2022-03-28 00:00:00+05:30,715.4500122070312,719.0,700.7999877929688,716.4000244140625,681.493408203125,15754886,0.0,0.0
2022-03-29 00:00:00+05:30,720.5,730.125,715.0,725.9000244140625,690.5305786132812,12377448,0.0,0.0
2022-03-30 00:00:00+05:30,736.0,741.375,727.0250244140625,738.4749755859375,702.4928588867188,20109742,0.0,0.0
2022-03-31 00:00:00+05:30,735.5,742.3499755859375,732.9500122070312,735.1749877929688,699.3536376953125,14295714,0.0,0.0
2022-04-01 00:00:00+05:30,738.2000122070312,755.0,735.1500244140625,753.0,716.31005859375,14568556,0.0,0.0
2022-04-04 00:00:00+05:30,790.0,861.0499877929688,781.2750244140625,828.4000244140625,788.0362548828125,97450970,0.0,0.0
2022-04-05 00:00:00+05:30,833.3499755859375,833.3499755859375,801.0,804.125,764.9440307617188,30922582,0.0,0.0
2022-04-06 00:00:00+05:30,793.8499755859375,794.9000244140625,773.6749877929688,775.4249877929688,737.6424560546875,27027860,0.0,0.0
2022-04-07 00:00:00+05:30,770.6500244140625,770.6749877929688,756.8499755859375,758.375,721.4231567382812,40781732,0.0,0.0
2022-04-08 00:00:00+05:30,756.0499877929688,762.875,748.6500244140625,757.3250122070312,720.4243774414062,41256322,0.0,0.0
2022-04-11 00:00:00+05:30,753.0,755.0,746.625,748.0750122070312,711.6250610351562,20799066,0.0,0.0
2022-04-12 00:00:00+05:30,742.0,753.4249877929688,740.0750122070312,746.75,710.3646240234375,27435402,0.0,0.0
2022-04-13 00:00:00+05:30,745.0,751.1500244140625,731.3250122070312,732.4749755859375,696.78515625,28892520,0.0,0.0
2022-04-18 00:00:00+05:30,709.4249877929688,715.8250122070312,695.0250244140625,697.7249755859375,663.7283325195312,45620376,0.0,0.0
2022-04-19 00:00:00+05:30,690.4500122070312,694.7750244140625,663.5,671.0999755859375,638.4005737304688,74096022,0.0,0.0
2022-04-20 00:00:00+05:30,677.2249755859375,679.9500122070312,667.6749877929688,677.1500244140625,644.1558837890625,49325736,0.0,0.0
2022-04-21 00:00:00+05:30,682.5,689.9000244140625,676.6500244140625,687.1749877929688,653.6924438476562,52446270,0.0,0.0
2022-04-22 00:00:00+05:30,680.0,687.6749877929688,674.5750122070312,677.7999877929688,644.774169921875,20659148,0.0,0.0
2022-04-25 00:00:00+05:30,675.0,685.3250122070312,661.125,682.875,649.6019897460938,20935488,0.0,0.0
2022-04-26 00:00:00+05:30,686.0,690.9749755859375,678.5750122070312,686.0250244140625,652.5985107421875,17016842,0.0,0.0
2022-04-27 00:00:00+05:30,680.0,689.5,678.0499877929688,686.2750244140625,652.8363037109375,18054334,0.0,0.0
2022-04-28 00:00:00+05:30,686.0,689.5,681.0499877929688,685.6749877929688,652.2655029296875,20773722,0.0,0.0
2022-04-29 00:00:00+05:30,690.1749877929688,702.375,685.7750244140625,692.2999877929688,658.5676879882812,28401476,0.0,0.0
2022-05-02 00:00:00+05:30,681.0250244140625,703.2249755859375,681.0250244140625,701.8499755859375,667.65234375,19494316,0.0,0.0
2022-05-04 00:00:00+05:30,700.0,701.7999877929688,675.0,678.0,644.9644165039062,29055916,0.0,0.0
2022-05-05 00:00:00+05:30,687.5,687.5,673.25,676.4749755859375,643.5137329101562,17862912,0.0,0.0
2022-05-06 00:00:00+05:30,665.0,667.5,656.5,658.7999877929688,626.699951171875,26731268,0.0,0.0
2022-05-09 00:00:00+05:30,650.0,663.25,647.75,659.9249877929688,627.7701416015625,32762434,0.0,0.0
2022-05-10 00:00:00+05:30,657.5250244140625,676.5,657.5250244140625,670.5250244140625,637.8536376953125,20113812,0.0,0.0
2022-05-11 00:00:00+05:30,676.5,677.5,664.3250122070312,674.2999877929688,641.4447021484375,17102924,0.0,0.0
2022-05-12 00:00:00+05:30,660.5499877929688,663.4000244140625,646.5,651.5250244140625,626.9856567382812,22382290,7.75,0.0
2022-05-13 00:00:00+05:30,655.0250244140625,659.0,643.5,645.6749877929688,621.3560180664062,16768238,0.0,0.0
2022-05-16 00:00:00+05:30,649.5,656.0,642.6500244140625,652.5499877929688,627.9719848632812,9804356,0.0,0.0
2022-05-17 00:00:00+05:30,656.2999877929688,658.5,649.0999755859375,657.0,632.25439453125,16641444,0.0,0.0
2022-05-18 00:00:00+05:30,662.0250244140625,666.6500244140625,655.0,656.9500122070312,632.206298828125,15732384,0.0,0.0
2022-05-19 00:00:00+05:30,643.0999755859375,648.2000122070312,639.1500244140625,643.5250244140625,619.2869873046875,20537506,0.0,0.0
2022-05-20 00:00:00+05:30,651.5,662.0999755859375,646.1749877929688,660.4749755859375,635.5985107421875,13919350,0.0,0.0
2022-05-23 00:00:00+05:30,657.0,664.9749755859375,649.5499877929688,652.0,627.4427490234375,19486320,0.0,0.0
2022-05-24 00:00:00+05:30,650.0,662.5,648.4500122070312,659.4749755859375,634.6361694335938,12870796,0.0,0.0
2022-05-25 00:00:00+05:30,665.0,667.9749755859375,661.5999755859375,664.4000244140625,639.375732421875,12887112,0.0,0.0
2022-05-26 00:00:00+05:30,671.0750122070312,685.5,670.0,683.3499755859375,657.6119384765625,26992428,0.0,0.0
2022-05-27 00:00:00+05:30,685.9000244140625,697.3499755859375,685.375,696.0250244140625,669.8096313476562,24031718,0.0,0.0
2022-05-30 00:00:00+05:30,705.125,710.25,699.2249755859375,700.7750244140625,674.3806762695312,12624674,0.0,0.0
2022-05-31 00:00:00+05:30,697.9500122070312,702.4000244140625,690.0,694.4749755859375,668.3179321289062,13485388,0.0,0.0
2022-06-01 00:00:00+05:30,690.0,700.2249755859375,689.5750122070312,697.4249877929688,671.1568603515625,12091896,0.0,0.0
2022-06-02 00:00:00+05:30,693.625,694.0,689.2999877929688,692.5499877929688,666.4653930664062,11475020,0.0,0.0
2022-06-03 00:00:00+05:30,699.1500244140625,700.375,688.1500244140625,690.1500244140625,664.1558837890625,6957244,0.0,0.0
2022-06-06 00:00:00+05:30,688.1500244140625,693.5,680.3250122070312,689.2249755859375,663.2656860351562,6173266,0.0,0.0
2022-06-07 00:00:00+05:30,681.0,687.1500244140625,677.0499877929688,681.2999877929688,655.63916015625,10253966,0.0,0.0
2022-06-08 00:00:00+05:30,686.6500244140625,690.5,678.5,683.7000122070312,657.9487915039062,5986588,0.0,0.0
2022-06-09 00:00:00+05:30,681.125,691.0250244140625,678.5750122070312,688.8499755859375,662.90478515625,7311816,0.0,0.0
2022-06-10 00:00:00+05:30,680.0499877929688,683.9749755859375,671.7999877929688,675.5499877929688,650.1057739257812,9155430,0.0,0.0
2022-06-13 00:00:00+05:30,661.7999877929688,665.0,654.1500244140625,663.2999877929688,638.317138671875,10892572,0.0,0.0
2022-06-14 00:00:00+05:30,655.625,663.0,652.5,656.0,631.2921142578125,11870356,0.0,0.0
2022-06-15 00:00:00+05:30,650.8250122070312,657.9000244140625,649.2000122070312,653.7249755859375,629.1027221679688,11810470,0.0,0.0
2022-06-16 00:00:00+05:30,655.0,660.2750244140625,639.0,640.6500244140625,616.5202026367188,12169192,0.0,0.0
2022-06-17 00:00:00+05:30,637.5,649.5,635.7999877929688,644.875,620.5861206054688,14723922,0.0,0.0
2022-06-20 00:00:00+05:30,652.3499755859375,662.5,647.0750122070312,661.0750122070312,636.1759643554688,15936840,0.0,0.0
2022-06-21 00:00:00+05:30,668.4500122070312,677.0,662.0250244140625,668.2750244140625,643.1048583984375,13220684,0.0,0.0
2022-06-22 00:00:00+05:30,666.125,668.4749755859375,661.5999755859375,665.125,640.0734252929688,8159698,0.0,0.0
2022-06-23 00:00:00+05:30,665.25,674.0,659.25,667.5750122070312,642.4310913085938,15372244,0.0,0.0
2022-06-24 00:00:00+05:30,669.2750244140625,680.8250122070312,669.2750244140625,676.9000244140625,651.4049072265625,8013432,0.0,0.0
2022-06-27 00:00:00+05:30,685.0,688.0,676.0,678.125,652.583740234375,9804164,0.0,0.0
2022-06-28 00:00:00+05:30,672.0,675.5,669.2000122070312,672.9500122070312,647.6036987304688,9770574,0.0,0.0
2022-06-29 00:00:00+05:30,665.625,675.375,665.625,671.9749755859375,646.6653442382812,9994046,0.0,0.0
2022-06-30 00:00:00+05:30,668.0,677.0,668.0,674.0,648.6141357421875,12475822,0.0,0.0
2022-07-01 00:00:00+05:30,671.9749755859375,680.0,665.0250244140625,676.875,651.380859375,11472452,0.0,0.0
2022-07-04 00:00:00+05:30,676.8499755859375,680.0999755859375,671.125,677.8250122070312,652.2951049804688,8487480,0.0,0.0
2022-07-05 00:00:00+05:30,682.0,689.6749877929688,674.1500244140625,676.2999877929688,650.8275146484375,14325718,0.0,0.0
2022-07-06 00:00:00+05:30,674.0,686.7000122070312,673.5499877929688,685.625,659.80126953125,15049078,0.0,0.0
2022-07-07 00:00:00+05:30,690.0,699.0,687.2249755859375,697.9000244140625,671.6139526367188,17743142,0.0,0.0
2022-07-08 00:00:00+05:30,705.0,705.0,697.375,698.5499877929688,672.2394409179688,12474030,0.0,0.0
2022-07-11 00:00:00+05:30,697.0,704.9500122070312,696.625,703.0750122070312,676.593994140625,7462880,0.0,0.0
2022-07-12 00:00:00+05:30,702.625,702.625,694.7000122070312,695.9000244140625,669.6893310546875,9876974,0.0,0.0
2022-07-13 00:00:00+05:30,695.0,697.0999755859375,677.125,678.9249877929688,653.3536376953125,15945610,0.0,0.0
2022-07-14 00:00:00+05:30,681.0,686.3250122070312,674.625,675.5250244140625,650.0817260742188,10372410,0.0,0.0
2022-07-15 00:00:00+05:30,676.5,682.4500122070312,673.4000244140625,681.0250244140625,655.3745727539062,13595646,0.0,0.0
2022-07-18 00:00:00+05:30,674.0,683.0499877929688,671.0250244140625,673.7750244140625,648.3975830078125,20332220,0.0,0.0
2022-07-19 00:00:00+05:30,668.5,679.2750244140625,668.5,674.0250244140625,648.6382446289062,15792538,0.0,0.0
2022-07-20 00:00:00+05:30,679.9500122070312,685.5499877929688,677.625,682.5250244140625,656.8180541992188,20347862,0.0,0.0
2022-07-21 00:00:00+05:30,680.2750244140625,684.75,679.0499877929688,680.375,654.7490234375,12640278,0.0,0.0
2022-07-22 00:00:00+05:30,683.0,698.5,681.2000122070312,696.25,670.026123046875,12729592,0.0,0.0
2022-07-25 00:00:00+05:30,697.5,702.2999877929688,691.6500244140625,698.2999877929688,671.9989013671875,10143126,0.0,0.0
2022-07-26 00:00:00+05:30,698.0,701.0,693.1500244140625,696.875,670.6275024414062,8527964,0.0,0.0
2022-07-27 00:00:00+05:30,694.4500122070312,703.0,692.125,702.2000122070312,675.751953125,9212778,0.0,0.0
2022-07-28 00:00:00+05:30,707.5250244140625,712.0,705.5,708.4249877929688,681.7425537109375,17420406,0.0,0.0
2022-07-29 00:00:00+05:30,719.0,719.2999877929688,707.6500244140625,717.0999755859375,690.0906982421875,20019736,0.0,0.0
2022-08-01 00:00:00+05:30,719.5,724.2249755859375,715.0250244140625,723.0750122070312,695.8407592773438,13193036,0.0,0.0
2022-08-02 00:00:00+05:30,721.0,722.2999877929688,711.5250244140625,715.125,688.190185546875,15036510,0.0,0.0
2022-08-03 00:00:00+05:30,712.4749755859375,717.875,708.5,716.7999877929688,689.8020629882812,10975498,0.0,0.0
2022-08-04 00:00:00+05:30,720.0,723.3499755859375,706.4749755859375,715.9500122070312,688.984130859375,12012206,0.0,0.0
2022-08-05 00:00:00+05:30,716.5,718.4749755859375,710.5750122070312,713.5250244140625,686.6504516601562,9268982,0.0,0.0
2022-08-08 00:00:00+05:30,714.0,732.25,713.5499877929688,731.0250244140625,703.4913330078125,15357736,0.0,0.0
2022-08-10 00:00:00+05:30,730.6749877929688,735.75,724.5250244140625,733.1500244140625,705.5363159179688,17353102,0.0,0.0
2022-08-11 00:00:00+05:30,743.25,745.5,737.2750244140625,742.8499755859375,714.8709106445312,18301766,0.0,0.0
2022-08-12 00:00:00+05:30,742.5,744.6500244140625,737.9749755859375,742.5750122070312,714.6063232421875,8850370,0.0,0.0
2022-08-16 00:00:00+05:30,747.4000244140625,754.25,744.0250244140625,751.0750122070312,722.7861328125,12563756,0.0,0.0
2022-08-17 00:00:00+05:30,750.0,756.375,742.875,754.9500122070312,726.5152587890625,12384350,0.0,0.0
2022-08-18 00:00:00+05:30,750.0,756.9500122070312,749.8250122070312,755.8499755859375,727.3812255859375,8342138,0.0,0.0
2022-08-19 00:00:00+05:30,755.0,756.0,745.0,746.5250244140625,718.4075317382812,8063702,0.0,0.0
2022-08-22 00:00:00+05:30,742.4000244140625,744.1749877929688,733.8499755859375,735.1749877929688,707.4849853515625,8234066,0.0,0.0
2022-08-23 00:00:00+05:30,726.6500244140625,737.9749755859375,725.2000122070312,732.9000244140625,705.2957153320312,14966884,0.0,0.0
2022-08-24 00:00:00+05:30,730.9500122070312,737.75,729.5999755859375,736.4249877929688,708.6879272460938,13455520,0.0,0.0
2022-08-25 00:00:00+05:30,739.9500122070312,743.4000244140625,728.5,732.4249877929688,704.838623046875,11823040,0.0,0.0
2022-08-26 00:00:00+05:30,736.0250244140625,740.9000244140625,730.5999755859375,732.5499877929688,704.9588623046875,7706176,0.0,0.0
2022-08-29 00:00:00+05:30,718.5,723.0,714.2999877929688,719.7000122070312,692.5928955078125,8653178,0.0,0.0
2022-08-30 00:00:00+05:30,723.2249755859375,744.9749755859375,721.5499877929688,743.0499877929688,715.0633544921875,10135400,0.0,0.0
2022-09-01 00:00:00+05:30,732.375,744.7249755859375,729.5,736.0750122070312,708.35107421875,22403136,0.0,0.0
2022-09-02 00:00:00+05:30,736.0750122070312,745.25,732.5999755859375,742.75,714.7747192382812,12038086,0.0,0.0
2022-09-05 00:00:00+05:30,743.0499877929688,749.5,742.0499877929688,747.5250244140625,719.369873046875,12131932,0.0,0.0
2022-09-06 00:00:00+05:30,749.4500122070312,753.3250122070312,743.2249755859375,744.6749877929688,716.6271362304688,12238696,0.0,0.0
2022-09-07 00:00:00+05:30,735.6500244140625,745.0,735.6500244140625,741.1500244140625,713.2349853515625,9776206,0.0,0.0
2022-09-08 00:00:00+05:30,745.0499877929688,750.0,741.0750122070312,748.7999877929688,720.5968017578125,11164690,0.0,0.0
2022-09-09 00:00:00+05:30,748.0999755859375,754.5,747.0250244140625,749.2999877929688,721.0780029296875,15128888,0.0,0.0
2022-09-12 00:00:00+05:30,750.0,752.0,745.0,746.7750244140625,718.6481323242188,11080492,0.0,0.0
2022-09-13 00:00:00+05:30,749.4500122070312,757.9500122070312,749.2750244140625,756.5499877929688,728.0548706054688,13001966,0.0,0.0
2022-09-14 00:00:00+05:30,747.0250244140625,769.4500122070312,746.1749877929688,764.3250122070312,735.537109375,20219760,0.0,0.0
2022-09-15 00:00:00+05:30,765.0,770.4749755859375,756.0,760.3499755859375,731.7117919921875,13539372,0.0,0.0
2022-09-16 00:00:00+05:30,751.5499877929688,757.3499755859375,741.5,746.375,718.2631225585938,20560046,0.0,0.0
2022-09-19 00:00:00+05:30,744.5,757.0,740.0,751.2999877929688,723.0026245117188,12076038,0.0,0.0
2022-09-20 00:00:00+05:30,757.0,762.0,754.9500122070312,760.3499755859375,731.7117919921875,10781668,0.0,0.0
2022-09-21 00:00:00+05:30,754.0,760.75,752.5,759.1749877929688,730.5811157226562,9072304,0.0,0.0
2022-09-22 00:00:00+05:30,751.0,755.0750122070312,741.375,743.0,715.0153198242188,12048144,0.0,0.0
2022-09-23 00:00:00+05:30,736.1749877929688,737.5,718.5,723.0750122070312,695.8407592773438,15806252,0.0,0.0
2022-09-26 00:00:00+05:30,712.6749877929688,718.2249755859375,709.0,713.3250122070312,686.4579467773438,8923486,0.0,0.0
2022-09-27 00:00:00+05:30,716.2000122070312,720.0,703.5,706.9249877929688,680.2990112304688,12639700,0.0,0.0
2022-09-28 00:00:00+05:30,703.0,705.2999877929688,692.9500122070312,694.7750244140625,668.606689453125,11816132,0.0,0.0
2022-09-29 00:00:00+05:30,698.1500244140625,701.0999755859375,689.4000244140625,691.1749877929688,665.1422119140625,14410388,0.0,0.0
2022-09-30 00:00:00+05:30,689.4000244140625,715.7249755859375,682.5,710.6749877929688,683.9077758789062,15781756,0.0,0.0
2022-10-03 00:00:00+05:30,704.9749755859375,708.9249877929688,700.5499877929688,706.5999755859375,679.9862670898438,11541112,0.0,0.0
2022-10-04 00:00:00+05:30,714.75,729.0,713.0750122070312,726.5,699.1368408203125,11538526,0.0,0.0
2022-10-06 00:00:00+05:30,729.9749755859375,731.2999877929688,717.0999755859375,718.5,691.4380493164062,12549198,0.0,0.0
2022-10-07 00:00:00+05:30,715.125,717.4749755859375,710.1749877929688,715.4000244140625,688.4547729492188,13297994,0.0,0.0
2022-10-10 00:00:00+05:30,704.0,713.0,699.0999755859375,707.5,680.852294921875,13109302,0.0,0.0
2022-10-11 00:00:00+05:30,700.5499877929688,708.5,699.7249755859375,700.3250122070312,673.9476318359375,14521620,0.0,0.0
2022-10-12 00:00:00+05:30,701.5999755859375,707.4249877929688,698.6500244140625,704.9000244140625,678.3502807617188,9225050,0.0,0.0
2022-10-13 00:00:00+05:30,701.0250244140625,703.125,692.0,696.7999877929688,670.555419921875,14714234,0.0,0.0
2022-10-14 00:00:00+05:30,708.5,723.5,707.625,719.5,692.400390625,12849920,0.0,0.0
2022-10-17 00:00:00+05:30,717.5,728.7999877929688,713.5,723.2750244140625,696.0332641601562,18410500,0.0,0.0
2022-10-18 00:00:00+05:30,729.0250244140625,731.4500122070312,720.0,721.9249877929688,694.7340698242188,10561108,0.0,0.0
2022-10-19 00:00:00+05:30,732.0,738.7000122070312,726.7000122070312,729.3250122070312,701.8553466796875,12967040,0.0,0.0
2022-10-20 00:00:00+05:30,722.0,726.4500122070312,721.25,724.4000244140625,697.1159057617188,7898078,0.0,0.0
2022-10-21 00:00:00+05:30,726.0,728.8250122070312,717.0,719.2999877929688,692.2079467773438,10492606,0.0,0.0
2022-10-24 00:00:00+05:30,727.1500244140625,731.5,727.1500244140625,730.5250244140625,703.0101928710938,2167794,0.0,0.0
2022-10-25 00:00:00+05:30,730.5499877929688,733.9000244140625,722.5,725.4500122070312,698.1262817382812,13773394,0.0,0.0
2022-10-27 00:00:00+05:30,732.25,733.6749877929688,725.625,727.2000122070312,699.8104248046875,15937276,0.0,0.0
2022-10-28 00:00:00+05:30,725.0,733.5,723.7000122070312,729.3499755859375,701.87939453125,10474278,0.0,0.0
2022-10-31 00:00:00+05:30,736.0,749.0,733.625,748.3499755859375,720.1637573242188,12830528,0.0,0.0
2022-11-01 00:00:00+05:30,751.75,764.5,749.4500122070312,756.625,728.1270751953125,19073756,0.0,0.0
2022-11-02 00:00:00+05:30,758.5,764.125,755.7999877929688,757.0999755859375,728.5841674804688,12720406,0.0,0.0
2022-11-03 00:00:00+05:30,748.8499755859375,760.125,748.5,753.7750244140625,725.3844604492188,10332352,0.0,0.0
2022-11-04 00:00:00+05:30,751.5999755859375,758.0499877929688,744.7999877929688,748.5750122070312,720.3803100585938,10818060,0.0,0.0
2022-11-07 00:00:00+05:30,755.0,756.0,746.0499877929688,754.4000244140625,725.9859619140625,9835834,0.0,0.0
2022-11-09 00:00:00+05:30,757.5250244140625,758.9749755859375,752.0,754.1749877929688,725.7693481445312,9269790,0.0,0.0
2022-11-10 00:00:00+05:30,748.5499877929688,763.5,747.5250244140625,762.375,733.6605834960938,12774182,0.0,0.0
2022-11-11 00:00:00+05:30,772.5,818.5,769.0,805.5750122070312,775.2334594726562,56722338,0.0,0.0
2022-11-14 00:00:00+05:30,806.0,814.0,799.0,807.5250244140625,777.1100463867188,19195390,0.0,0.0
2022-11-15 00:00:00+05:30,811.5750122070312,811.5750122070312,802.625,809.5,779.0106201171875,11030202,0.0,0.0
2022-11-16 00:00:00+05:30,809.3250122070312,821.0,806.0,816.4500122070312,785.6988525390625,13578150,0.0,0.0
2022-11-17 00:00:00+05:30,809.0499877929688,815.7750244140625,806.9500122070312,809.0750122070312,778.6015625,12100930,0.0,0.0
2022-11-18 00:00:00+05:30,810.5,811.5,802.625,806.9500122070312,776.556640625,10459232,0.0,0.0
2022-11-21 00:00:00+05:30,803.8250122070312,806.0,795.0999755859375,798.6749877929688,768.5933227539062,8344816,0.0,0.0
2022-11-22 00:00:00+05:30,800.0,802.1749877929688,795.5,797.5,767.4625244140625,8546314,0.0,0.0
2022-11-23 00:00:00+05:30,802.5,802.5,797.0,799.5750122070312,769.45947265625,10185738,0.0,0.0
2022-11-24 00:00:00+05:30,802.9749755859375,816.0,799.5750122070312,812.5750122070312,781.9697875976562,17197960,0.0,0.0
2022-11-25 00:00:00+05:30,814.8499755859375,815.8499755859375,807.0499877929688,808.8250122070312,778.3610229492188,8410496,0.0,0.0
2022-11-28 00:00:00+05:30,801.4500122070312,803.7249755859375,797.0250244140625,800.125,769.9887084960938,16105980,0.0,0.0
2022-11-29 00:00:00+05:30,798.625,806.1749877929688,796.4249877929688,798.9249877929688,768.8338623046875,12638236,0.0,0.0
2022-11-30 00:00:00+05:30,798.5499877929688,806.4500122070312,798.5499877929688,804.2249755859375,773.9342041015625,15184806,0.0,0.0
2022-12-01 00:00:00+05:30,811.0,818.5,807.5,809.75,779.251220703125,20446366,0.0,0.0
2022-12-02 00:00:00+05:30,805.0,809.2999877929688,802.5750122070312,803.5499877929688,773.28466796875,7811078,0.0,0.0
2022-12-05 00:00:00+05:30,804.9749755859375,807.2999877929688,798.0999755859375,806.4749755859375,776.0994873046875,11592622,0.0,0.0
2022-12-06 00:00:00+05:30,800.5,806.8499755859375,800.0,805.5750122070312,775.2334594726562,12353092,0.0,0.0
2022-12-07 00:00:00+05:30,807.0750122070312,809.2999877929688,802.2249755859375,805.2249755859375,774.8966064453125,11674720,0.0,0.0
2022-12-08 00:00:00+05:30,805.0,813.0,802.5,809.75,779.251220703125,14803634,0.0,0.0
2022-12-09 00:00:00+05:30,813.0,817.4249877929688,810.0,815.5250244140625,784.8086547851562,11963384,0.0,0.0
2022-12-12 00:00:00+05:30,812.5,826.7999877929688,810.7000122070312,821.875,790.9195556640625,14434808,0.0,0.0
2022-12-13 00:00:00+05:30,825.0,828.5,822.5,824.1500244140625,793.1088256835938,17031702,0.0,0.0
2022-12-14 00:00:00+05:30,826.5,832.75,825.0,831.125,799.821044921875,14227640,0.0,0.0
2022-12-15 00:00:00+05:30,828.5250244140625,834.7000122070312,813.5250244140625,815.9000244140625,785.1695556640625,18182648,0.0,0.0
2022-12-16 00:00:00+05:30,810.0250244140625,822.5499877929688,804.5,819.8250122070312,788.9467163085938,14647958,0.0,0.0
2022-12-19 00:00:00+05:30,822.0,823.3250122070312,813.0999755859375,822.375,791.400634765625,9604542,0.0,0.0
2022-12-20 00:00:00+05:30,810.0999755859375,818.2000122070312,810.0999755859375,816.7000122070312,785.939453125,7174698,0.0,0.0
2022-12-21 00:00:00+05:30,820.5,822.4000244140625,803.2750244140625,808.7999877929688,778.3369140625,9269198,0.0,0.0
2022-12-22 00:00:00+05:30,811.0999755859375,813.75,804.5,806.0250244140625,775.6665649414062,9747096,0.0,0.0
2022-12-23 00:00:00+05:30,793.5,802.0750122070312,792.7249755859375,798.8250122070312,768.7376708984375,10693152,0.0,0.0
2022-12-26 00:00:00+05:30,799.75,819.5,795.0,814.7249755859375,784.0387573242188,9907322,0.0,0.0
2022-12-27 00:00:00+05:30,816.5,817.9749755859375,806.75,815.5499877929688,784.832763671875,7926772,0.0,0.0
2022-12-28 00:00:00+05:30,811.5499877929688,816.5,811.5499877929688,814.9000244140625,784.2072143554688,8691870,0.0,0.0
2022-12-29 00:00:00+05:30,810.0499877929688,821.75,805.5,820.6500244140625,789.7406616210938,11012896,0.0,0.0
2022-12-30 00:00:00+05:30,822.5,822.5,810.0,814.0750122070312,783.4132690429688,7122640,0.0,0.0
2023-01-02 00:00:00+05:30,813.5,819.875,809.2750244140625,814.3499755859375,783.6779174804688,4381378,0.0,0.0
2023-01-03 00:00:00+05:30,811.0999755859375,821.5,811.0999755859375,819.6749877929688,788.8023681640625,8378030,0.0,0.0
2023-01-04 00:00:00+05:30,817.5,822.875,803.5,805.0250244140625,774.7041625976562,10351600,0.0,0.0
2023-01-05 00:00:00+05:30,807.5,809.0250244140625,794.7000122070312,799.8499755859375,769.7239990234375,10941436,0.0,0.0
2023-01-06 00:00:00+05:30,801.0,804.5499877929688,789.0999755859375,797.2000122070312,767.1738891601562,9092462,0.0,0.0
2023-01-09 00:00:00+05:30,798.0,805.7750244140625,795.0,798.75,768.66552734375,10729340,0.0,0.0
2023-01-10 00:00:00+05:30,800.0,800.0,782.5,784.1500244140625,754.6154174804688,16371766,0.0,0.0
2023-01-11 00:00:00+05:30,783.9749755859375,799.0,780.0,795.4500122070312,765.48974609375,15195798,0.0,0.0
2023-01-12 00:00:00+05:30,793.9000244140625,801.9500122070312,792.0750122070312,799.7000122070312,769.5797119140625,9250070,0.0,0.0
2023-01-13 00:00:00+05:30,799.375,804.9500122070312,793.0,800.3250122070312,770.1812133789062,9244546,0.0,0.0
2023-01-16 00:00:00+05:30,807.5,810.6500244140625,790.1500244140625,792.6500244140625,762.7952270507812,14748094,0.0,0.0
2023-01-17 00:00:00+05:30,794.9000244140625,805.5,788.75,804.4500122070312,774.1508178710938,10786354,0.0,0.0
2023-01-18 00:00:00+05:30,802.5,820.7999877929688,799.8499755859375,818.6500244140625,787.8159790039062,19090642,0.0,0.0
2023-01-19 00:00:00+05:30,818.5,825.0,816.5,822.0499877929688,791.0878295898438,11172162,0.0,0.0
2023-01-20 00:00:00+05:30,822.0499877929688,834.5,821.7000122070312,830.4749755859375,799.195556640625,18843404,0.0,0.0
2023-01-23 00:00:00+05:30,833.125,841.2999877929688,830.7000122070312,836.5499877929688,805.041748046875,15444400,0.0,0.0
2023-01-24 00:00:00+05:30,837.5250244140625,851.2000122070312,837.5,847.75,815.8198852539062,24983940,0.0,0.0
2023-01-25 00:00:00+05:30,845.7000122070312,846.4749755859375,822.6500244140625,824.3250122070312,793.2772216796875,14704142,0.0,0.0
2023-01-27 00:00:00+05:30,816.0,818.5,794.9749755859375,807.9000244140625,777.4708862304688,35179948,0.0,0.0
2023-01-30 00:00:00+05:30,797.5,812.6500244140625,791.0,807.0750122070312,776.6769409179688,18512822,0.0,0.0
2023-01-31 00:00:00+05:30,809.8499755859375,811.3499755859375,797.5,801.75,771.552490234375,18596244,0.0,0.0
2023-02-01 00:00:00+05:30,812.0,832.5,803.0,813.7750244140625,783.1246337890625,17302790,0.0,0.0
2023-02-02 00:00:00+05:30,804.0499877929688,812.25,794.375,801.6749877929688,771.4802856445312,17497106,0.0,0.0
2023-02-03 00:00:00+05:30,805.5,830.25,803.5,829.4000244140625,798.1611328125,14411100,0.0,0.0
2023-02-06 00:00:00+05:30,830.0,834.7000122070312,823.0999755859375,825.875,794.768798828125,11167672,0.0,0.0
2023-02-07 00:00:00+05:30,829.7000122070312,832.4500122070312,816.2999877929688,827.0999755859375,795.9476318359375,10264588,0.0,0.0
2023-02-08 00:00:00+05:30,827.125,834.0999755859375,825.0,827.0,795.8515014648438,8444826,0.0,0.0
2023-02-09 00:00:00+05:30,830.0,830.8250122070312,817.7750244140625,825.2750244140625,794.1914672851562,11777336,0.0,0.0
2023-02-10 00:00:00+05:30,824.4000244140625,829.25,821.0999755859375,828.5499877929688,797.3430786132812,8172116,0.0,0.0
2023-02-13 00:00:00+05:30,827.5,830.875,822.2750244140625,829.1749877929688,797.9445190429688,5736944,0.0,0.0
2023-02-14 00:00:00+05:30,832.5,838.75,828.9749755859375,836.8499755859375,805.3305053710938,10908592,0.0,0.0
2023-02-15 00:00:00+05:30,839.0,839.0,828.375,835.1500244140625,803.694580078125,11438712,0.0,0.0
2023-02-16 00:00:00+05:30,836.5999755859375,840.9500122070312,830.5,832.125,800.783447265625,8062500,0.0,0.0
2023-02-17 00:00:00+05:30,830.5,834.0750122070312,821.4749755859375,827.9500122070312,796.7657470703125,8956270,0.0,0.0
2023-02-20 00:00:00+05:30,830.0,834.7249755859375,817.4000244140625,820.1749877929688,789.2835693359375,8086706,0.0,0.0
2023-02-21 00:00:00+05:30,820.0,831.1749877929688,817.0,823.25,792.2427368164062,12389296,0.0,0.0
2023-02-22 00:00:00+05:30,819.5,820.9749755859375,804.5250244140625,807.0999755859375,776.7009887695312,10359102,0.0,0.0
2023-02-23 00:00:00+05:30,806.5,809.4249877929688,796.0499877929688,801.625,771.4321899414062,27882010,0.0,0.0
2023-02-24 00:00:00+05:30,808.9500122070312,808.9500122070312,792.5999755859375,794.4749755859375,764.5514526367188,17061740,0.0,0.0
2023-02-27 00:00:00+05:30,792.9500122070312,799.5,788.6500244140625,796.4500122070312,766.4521484375,14312972,0.0,0.0
2023-02-28 00:00:00+05:30,796.0,802.6500244140625,794.3499755859375,799.7999877929688,769.6759033203125,18993992,0.0,0.0
2023-03-01 00:00:00+05:30,806.0,806.5,797.875,799.0250244140625,768.93017578125,14137256,0.0,0.0
2023-03-02 00:00:00+05:30,797.0,802.9749755859375,791.0,792.2249755859375,762.38623046875,17391814,0.0,0.0
2023-03-03 00:00:00+05:30,798.0,810.0,794.0,807.9500122070312,777.5189819335938,14986234,0.0,0.0
2023-03-06 00:00:00+05:30,810.0,819.7249755859375,809.0250244140625,813.6500244140625,783.0043334960938,27004710,0.0,0.0
2023-03-08 00:00:00+05:30,810.0,819.75,810.0,815.2750244140625,784.568115234375,20099774,0.0,0.0
2023-03-09 00:00:00+05:30,814.9749755859375,822.9749755859375,813.5,815.3499755859375,784.6402587890625,20700166,0.0,0.0
2023-03-10 00:00:00+05:30,805.2249755859375,806.875,792.5,794.3250122070312,764.4072265625,27387000,0.0,0.0
2023-03-13 00:00:00+05:30,793.9500122070312,801.9000244140625,782.4749755859375,784.2750244140625,754.7357177734375,26443550,0.0,0.0
2023-03-14 00:00:00+05:30,785.125,791.7999877929688,779.6500244140625,782.1749877929688,752.7147827148438,33185612,0.0,0.0
2023-03-15 00:00:00+05:30,789.0,791.4500122070312,768.2999877929688,770.9500122070312,741.9125366210938,37264754,0.0,0.0
2023-03-16 00:00:00+05:30,769.5,779.5499877929688,766.0250244140625,775.9500122070312,746.7242431640625,21753342,0.0,0.0
2023-03-17 00:00:00+05:30,778.75,789.5999755859375,770.0,786.3250122070312,756.7084350585938,22950876,0.0,0.0
2023-03-20 00:00:00+05:30,783.9749755859375,784.0499877929688,772.7000122070312,780.875,751.4636840820312,26503114,0.0,0.0
2023-03-21 00:00:00+05:30,785.9749755859375,791.25,778.0999755859375,789.7249755859375,759.9803466796875,33050494,0.0,0.0
2023-03-22 00:00:00+05:30,792.0,793.0250244140625,782.6500244140625,787.9000244140625,758.22412109375,14177324,0.0,0.0
2023-03-23 00:00:00+05:30,783.875,795.1749877929688,779.2750244140625,781.5750122070312,752.1373901367188,28364178,0.0,0.0
2023-03-24 00:00:00+05:30,780.0,786.9500122070312,777.4749755859375,780.3250122070312,750.9344482421875,31477748,0.0,0.0
2023-03-27 00:00:00+05:30,781.0999755859375,789.7249755859375,779.4500122070312,783.7249755859375,754.2063598632812,31872006,0.0,0.0
2023-03-28 00:00:00+05:30,782.8499755859375,791.4500122070312,782.0499877929688,790.0999755859375,760.3412475585938,39276302,0.0,0.0
2023-03-29 00:00:00+05:30,792.0,801.0,790.9500122070312,793.9000244140625,763.9981079101562,39763612,0.0,0.0
2023-03-31 00:00:00+05:30,797.7999877929688,806.4749755859375,796.2000122070312,804.7750244140625,774.4635620117188,34711228,0.0,0.0
2023-04-03 00:00:00+05:30,803.7750244140625,807.8499755859375,801.375,805.2750244140625,774.9447631835938,40025398,0.0,0.0
2023-04-05 00:00:00+05:30,809.2999877929688,828.0,808.0,826.875,795.7311401367188,43365392,0.0,0.0
2023-04-06 00:00:00+05:30,824.2750244140625,834.5999755859375,823.5499877929688,833.1749877929688,801.7938842773438,44637344,0.0,0.0
2023-04-10 00:00:00+05:30,831.625,835.5,827.0,829.2249755859375,797.9926147460938,31813286,0.0,0.0
2023-04-11 00:00:00+05:30,829.5,834.7000122070312,825.5499877929688,831.6500244140625,800.3262939453125,42361542,0.0,0.0
2023-04-12 00:00:00+05:30,834.0,844.0999755859375,833.9000244140625,842.4500122070312,810.7195434570312,26955504,0.0,0.0
2023-04-13 00:00:00+05:30,844.1500244140625,848.5250244140625,839.0750122070312,846.2249755859375,814.3523559570312,35330086,0.0,0.0
2023-04-17 00:00:00+05:30,860.0,860.0,826.6500244140625,833.3250122070312,801.9382934570312,32405148,0.0,0.0
2023-04-18 00:00:00+05:30,835.0,838.625,828.2000122070312,829.7999877929688,798.5459594726562,29637226,0.0,0.0
2023-04-19 00:00:00+05:30,832.5,835.1500244140625,828.5750122070312,832.8499755859375,801.4810791015625,24741168,0.0,0.0
2023-04-20 00:00:00+05:30,835.8499755859375,838.7249755859375,833.2000122070312,835.9500122070312,804.4644165039062,32922716,0.0,0.0
2023-04-21 00:00:00+05:30,834.5,838.4749755859375,831.625,837.2999877929688,805.7634887695312,20128618,0.0,0.0
2023-04-24 00:00:00+05:30,843.5,845.7249755859375,837.0499877929688,844.0750122070312,812.2833862304688,35675852,0.0,0.0
2023-04-25 00:00:00+05:30,843.8499755859375,843.8499755859375,830.9500122070312,832.0750122070312,800.7353515625,50353068,0.0,0.0
2023-04-26 00:00:00+05:30,830.0,837.5,827.5,835.9000244140625,804.416259765625,27392750,0.0,0.0
2023-04-27 00:00:00+05:30,835.25,842.625,832.9249877929688,840.5,808.8429565429688,47790392,0.0,0.0
2023-04-28 00:00:00+05:30,842.3499755859375,845.5,835.0,843.7999877929688,812.0186767578125,27916272,0.0,0.0
2023-05-02 00:00:00+05:30,844.3499755859375,849.5,841.0,843.625,811.8502807617188,32221184,0.0,0.0
2023-05-03 00:00:00+05:30,842.4749755859375,848.0,839.8250122070312,846.5750122070312,814.689208984375,29407270,0.0,0.0
2023-05-04 00:00:00+05:30,843.5499877929688,867.2249755859375,843.5499877929688,863.9000244140625,831.3616943359375,56854638,0.0,0.0
2023-05-05 00:00:00+05:30,819.5,830.4749755859375,811.0499877929688,812.8250122070312,782.2103881835938,62770416,0.0,0.0
2023-05-08 00:00:00+05:30,817.5,825.1749877929688,815.0,822.2249755859375,791.2562866210938,37244524,0.0,0.0
2023-05-09 00:00:00+05:30,824.9500122070312,828.0,819.9749755859375,822.25,791.2803344726562,43688938,0.0,0.0
2023-05-10 00:00:00+05:30,822.25,827.3250122070312,816.5499877929688,826.0499877929688,794.937255859375,46340550,0.0,0.0
2023-05-11 00:00:00+05:30,832.5750122070312,844.0,824.625,826.5999755859375,795.4664916992188,35734618,0.0,0.0
2023-05-12 00:00:00+05:30,823.5,836.4000244140625,822.125,833.9000244140625,802.4916381835938,22478760,0.0,0.0
2023-05-15 00:00:00+05:30,836.0,840.375,832.5499877929688,837.9000244140625,806.3409423828125,18512260,0.0,0.0
2023-05-16 00:00:00+05:30,835.9000244140625,835.9000244140625,822.0,823.6500244140625,801.7174072265625,32722086,9.5,0.0
2023-05-17 00:00:00+05:30,825.0,825.0,812.6749877929688,819.2249755859375,797.4102172851562,30466868,0.0,0.0
2023-05-18 00:00:00+05:30,824.0,826.9749755859375,820.0,822.5,800.5980224609375,49646942,0.0,0.0
2023-05-19 00:00:00+05:30,824.0,825.0,815.7750244140625,823.4500122070312,801.5228271484375,30460332,0.0,0.0
2023-05-22 00:00:00+05:30,822.5,826.4500122070312,816.3499755859375,820.5250244140625,798.6757202148438,28334032,0.0,0.0
2023-05-23 00:00:00+05:30,824.5,824.7999877929688,816.7249755859375,818.5999755859375,796.8018798828125,22470074,0.0,0.0
2023-05-24 00:00:00+05:30,813.7750244140625,817.375,806.7999877929688,807.9000244140625,786.3868408203125,33588112,0.0,0.0
2023-05-25 00:00:00+05:30,807.8499755859375,810.0250244140625,798.6749877929688,804.7999877929688,783.3693237304688,29776930,0.0,0.0
2023-05-26 00:00:00+05:30,809.5,809.5,801.125,807.9000244140625,786.3868408203125,26635066,0.0,0.0
2023-05-29 00:00:00+05:30,814.25,820.5,812.4249877929688,817.75,795.9744873046875,21816292,0.0,0.0
2023-05-30 00:00:00+05:30,816.7999877929688,821.3250122070312,814.2750244140625,818.375,796.5828857421875,37125928,0.0,0.0
2023-05-31 00:00:00+05:30,814.9500122070312,817.4749755859375,802.3250122070312,805.4249877929688,783.9777221679688,43334270,0.0,0.0
2023-06-01 00:00:00+05:30,809.9500122070312,809.9500122070312,800.0,802.0,780.6439208984375,50366938,0.0,0.0
2023-06-02 00:00:00+05:30,806.2249755859375,807.4000244140625,800.5,803.25,781.8606567382812,17859710,0.0,0.0
2023-06-05 00:00:00+05:30,807.25,808.25,801.2249755859375,802.2000122070312,780.838623046875,18697242,0.0,0.0
2023-06-06 00:00:00+05:30,803.8250122070312,804.9249877929688,796.125,799.7000122070312,778.4051513671875,32182852,0.0,0.0
2023-06-07 00:00:00+05:30,801.7249755859375,806.2750244140625,798.0,803.8499755859375,782.4446411132812,24949026,0.0,0.0
2023-06-08 00:00:00+05:30,801.625,813.0,801.625,804.3499755859375,782.9312744140625,37395522,0.0,0.0
2023-06-09 00:00:00+05:30,807.9500122070312,809.25,803.5,805.2999877929688,783.8560180664062,18212578,0.0,0.0
2023-06-12 00:00:00+05:30,806.2750244140625,807.9000244140625,799.7249755859375,800.4000244140625,779.0865478515625,13408292,0.0,0.0
2023-06-13 00:00:00+05:30,795.0499877929688,804.5,795.0499877929688,801.75,780.4005737304688,27926108,0.0,0.0
2023-06-14 00:00:00+05:30,805.2249755859375,806.0,800.0999755859375,800.875,779.5488891601562,20113968,0.0,0.0
2023-06-15 00:00:00+05:30,802.0,802.9749755859375,789.5,791.0250244140625,769.961181640625,35377476,0.0,0.0
2023-06-16 00:00:00+05:30,793.5750122070312,804.5999755859375,792.0,801.375,780.0355224609375,15779272,0.0,0.0
2023-06-19 00:00:00+05:30,805.5,807.125,799.1749877929688,802.0750122070312,780.7169799804688,24829146,0.0,0.0
2023-06-20 00:00:00+05:30,802.0750122070312,805.5,795.3250122070312,803.75,782.3473510742188,20005626,0.0,0.0
2023-06-21 00:00:00+05:30,808.0,818.625,805.5,817.7999877929688,796.0231323242188,24308946,0.0,0.0
2023-06-22 00:00:00+05:30,820.0,828.7750244140625,819.5250244140625,821.7999877929688,799.9166870117188,56596140,0.0,0.0
2023-06-23 00:00:00+05:30,818.7750244140625,829.9500122070312,817.0250244140625,821.75,799.8680419921875,21339218,0.0,0.0
2023-06-26 00:00:00+05:30,822.5,825.375,814.3499755859375,817.7750244140625,795.9989013671875,16130314,0.0,0.0
2023-06-27 00:00:00+05:30,821.4749755859375,836.4500122070312,819.2750244140625,829.2999877929688,807.2169799804688,33831864,0.0,0.0
2023-06-28 00:00:00+05:30,835.0,839.9500122070312,830.25,838.0750122070312,815.7583618164062,59562950,0.0,0.0
2023-06-30 00:00:00+05:30,852.0,854.4000244140625,841.625,850.7000122070312,828.0470581054688,40699016,0.0,0.0
2023-07-03 00:00:00+05:30,856.25,878.75,855.0,859.9000244140625,837.0021362304688,44104116,0.0,0.0
2023-07-04 00:00:00+05:30,861.7249755859375,873.5,856.9000244140625,864.0999755859375,841.0902099609375,38795188,0.0,0.0
2023-07-05 00:00:00+05:30,858.125,860.0,834.2750244140625,836.6500244140625,814.3712768554688,37165754,0.0,0.0
2023-07-06 00:00:00+05:30,836.5,843.9249877929688,830.2000122070312,837.5,815.1986083984375,52156544,0.0,0.0
2023-07-07 00:00:00+05:30,832.5,837.5,828.1500244140625,830.2000122070312,808.093017578125,19926336,0.0,0.0
2023-07-10 00:00:00+05:30,830.5,838.375,824.8499755859375,828.2249755859375,806.1705322265625,38398442,0.0,0.0
2023-07-11 00:00:00+05:30,831.5,838.0,822.75,824.2000122070312,802.2527465820312,50670426,0.0,0.0
2023-07-12 00:00:00+05:30,827.6749877929688,833.1500244140625,813.5750122070312,816.4749755859375,794.7334594726562,70958358,0.0,0.0
2023-07-13 00:00:00+05:30,828.3499755859375,828.7249755859375,819.0250244140625,820.5499877929688,798.6998901367188,41913546,0.0,0.0
2023-07-14 00:00:00+05:30,826.7999877929688,826.7999877929688,817.5,822.25,800.3546752929688,24727214,0.0,0.0
2023-07-17 00:00:00+05:30,825.0,841.0,816.5,839.4500122070312,817.0966796875,49252928,0.0,0.0
2023-07-18 00:00:00+05:30,849.0,852.0,835.0,838.75,816.4153442382812,81076818,0.0,0.0
2023-07-19 00:00:00+05:30,840.5499877929688,844.375,837.5,842.5499877929688,820.1141357421875,32935134,0.0,0.0
2023-07-20 00:00:00+05:30,840.5750122070312,846.0,840.0,844.375,821.8905639648438,56210948,0.0,0.0
2023-07-21 00:00:00+05:30,840.0,844.9000244140625,836.625,837.875,815.5635986328125,42154248,0.0,0.0
2023-07-24 00:00:00+05:30,839.25,842.3250122070312,835.0499877929688,839.2000122070312,816.8533935546875,32179444,0.0,0.0
2023-07-25 00:00:00+05:30,842.3250122070312,849.5,839.2000122070312,848.2999877929688,825.7109985351562,55992596,0.0,0.0
2023-07-26 00:00:00+05:30,849.7999877929688,849.7999877929688,844.0,845.3499755859375,822.8395385742188,24794358,0.0,0.0
2023-07-27 00:00:00+05:30,849.9500122070312,851.5,833.7249755859375,836.5750122070312,814.2982177734375,59741302,0.0,0.0
2023-07-28 00:00:00+05:30,830.75,834.4500122070312,820.5499877929688,821.75,799.8680419921875,41015684,0.0,0.0
2023-07-31 00:00:00+05:30,825.0250244140625,828.4000244140625,819.3499755859375,825.5999755859375,803.6154174804688,34565006,0.0,0.0
2023-08-01 00:00:00+05:30,827.2249755859375,833.7249755859375,825.0,831.125,808.9933471679688,35394188,0.0,0.0
2023-08-02 00:00:00+05:30,821.0,825.75,816.5750122070312,820.25,798.4080200195312,28116322,0.0,0.0
2023-08-03 00:00:00+05:30,820.0,825.6749877929688,811.5,814.3250122070312,792.6407470703125,57673946,0.0,0.0
2023-08-04 00:00:00+05:30,817.5750122070312,828.25,814.625,826.0999755859375,804.1021728515625,37388304,0.0,0.0
2023-08-07 00:00:00+05:30,831.5499877929688,831.5499877929688,823.7750244140625,825.625,803.6398315429688,28300918,0.0,0.0
2023-08-08 00:00:00+05:30,825.8499755859375,827.7999877929688,821.0250244140625,824.9500122070312,802.9828491210938,43773828,0.0,0.0
2023-08-09 00:00:00+05:30,826.5,827.25,815.5499877929688,825.25,803.2747802734375,33361236,0.0,0.0
2023-08-10 00:00:00+05:30,823.5250244140625,827.125,815.5,817.9249877929688,796.1448364257812,50781118,0.0,0.0
2023-08-11 00:00:00+05:30,819.2000122070312,819.2000122070312,808.0999755859375,809.4000244140625,787.8468627929688,28225822,0.0,0.0
2023-08-14 00:00:00+05:30,805.5,807.5,800.125,805.4500122070312,784.0021362304688,31304410,0.0,0.0
2023-08-16 00:00:00+05:30,791.5499877929688,804.8250122070312,790.6500244140625,803.0999755859375,781.714599609375,34137542,0.0,0.0
2023-08-17 00:00:00+05:30,798.7999877929688,804.9500122070312,797.0,798.6500244140625,777.3831176757812,52884040,0.0,0.0
2023-08-18 00:00:00+05:30,793.7750244140625,798.1500244140625,792.75,795.375,774.1953125,25633366,0.0,0.0
2023-08-21 00:00:00+05:30,800.25,800.25,793.5,794.75,773.5869750976562,21837270,0.0,0.0
2023-08-22 00:00:00+05:30,798.1749877929688,799.0,790.0,791.3499755859375,770.2774658203125,32273570,0.0,0.0
2023-08-23 00:00:00+05:30,790.0,795.2750244140625,786.625,793.2999877929688,772.1755981445312,36498588,0.0,0.0
2023-08-24 00:00:00+05:30,796.6500244140625,798.0999755859375,788.0750122070312,789.6500244140625,768.6227416992188,43145792,0.0,0.0
2023-08-25 00:00:00+05:30,787.2750244140625,788.75,779.2000122070312,780.75,759.9597778320312,30069756,0.0,0.0
2023-08-28 00:00:00+05:30,780.75,791.3250122070312,780.75,788.875,767.868408203125,28867238,0.0,0.0
2023-08-29 00:00:00+05:30,794.8499755859375,796.3250122070312,790.7249755859375,795.1500244140625,773.9763793945312,35538932,0.0,0.0
2023-08-30 00:00:00+05:30,801.9749755859375,801.9749755859375,786.8499755859375,789.3499755859375,768.3307495117188,28084204,0.0,0.0
2023-08-31 00:00:00+05:30,789.5,791.5750122070312,781.5499877929688,785.7249755859375,764.80224609375,100075772,0.0,0.0
2023-09-01 00:00:00+05:30,785.5,789.5,779.6749877929688,787.3499755859375,766.3839721679688,43226776,0.0,0.0
2023-09-04 00:00:00+05:30,795.0,795.7249755859375,787.4500122070312,792.2750244140625,771.1779174804688,25073638,0.0,0.0
2023-09-05 00:00:00+05:30,794.2000122070312,794.2000122070312,785.2999877929688,787.4500122070312,766.4814453125,38712082,0.0,0.0
2023-09-06 00:00:00+05:30,788.4000244140625,800.0,787.4500122070312,797.75,776.507080078125,56320910,0.0,0.0
2023-09-07 00:00:00+05:30,797.75,807.0,793.5750122070312,805.4249877929688,783.9777221679688,34208342,0.0,0.0
2023-09-08 00:00:00+05:30,804.1500244140625,816.4500122070312,803.7999877929688,811.7000122070312,790.0856323242188,34502210,0.0,0.0
2023-09-11 00:00:00+05:30,814.4500122070312,818.25,812.0,815.9000244140625,794.173828125,31573022,0.0,0.0
2023-09-12 00:00:00+05:30,820.0,821.4500122070312,812.5250244140625,818.4500122070312,796.6559448242188,39033340,0.0,0.0
2023-09-13 00:00:00+05:30,815.6500244140625,825.7999877929688,814.2999877929688,821.9500122070312,800.0626831054688,46420094,0.0,0.0
2023-09-14 00:00:00+05:30,822.125,825.0,817.5499877929688,821.4500122070312,799.5759887695312,23538848,0.0,0.0
2023-09-15 00:00:00+05:30,825.0,835.0,825.0,830.875,808.7500610351562,173411202,0.0,0.0
2023-09-18 00:00:00+05:30,826.875,827.5,813.0499877929688,814.5250244140625,792.83544921875,37056288,0.0,0.0
2023-09-20 00:00:00+05:30,799.5,799.5,780.2000122070312,781.8499755859375,761.0304565429688,115474648,0.0,0.0
2023-09-21 00:00:00+05:30,776.5,784.4749755859375,768.5250244140625,776.6749877929688,755.9932861328125,72841442,0.0,0.0
2023-09-22 00:00:00+05:30,779.5,782.2000122070312,761.875,764.8250122070312,744.4588623046875,61704250,0.0,0.0
2023-09-25 00:00:00+05:30,762.5,770.3499755859375,762.5,765.5,745.1158447265625,40208754,0.0,0.0
2023-09-26 00:00:00+05:30,762.5,770.0,762.5,768.8250122070312,748.3523559570312,27575308,0.0,0.0
2023-09-27 00:00:00+05:30,761.5,766.25,757.5,763.4249877929688,743.0961303710938,39338538,0.0,0.0
2023-09-28 00:00:00+05:30,767.0,768.7999877929688,759.1749877929688,761.8499755859375,741.5630493164062,55354188,0.0,0.0
2023-09-29 00:00:00+05:30,761.8499755859375,767.7249755859375,761.1500244140625,763.1500244140625,742.8284301757812,32053782,0.0,0.0
2023-10-03 00:00:00+05:30,763.5,763.5,753.0,754.0250244140625,733.9464721679688,38971694,0.0,0.0
2023-10-04 00:00:00+05:30,747.5,767.5,744.625,764.7750244140625,744.4102172851562,54649430,0.0,0.0
2023-10-05 00:00:00+05:30,767.5250244140625,775.7750244140625,766.2999877929688,767.875,747.4276123046875,48512674,0.0,0.0
2023-10-06 00:00:00+05:30,772.0,772.5,764.9249877929688,767.0250244140625,746.6002807617188,17759356,0.0,0.0
2023-10-09 00:00:00+05:30,764.0,765.0,756.0,758.125,737.937255859375,16454972,0.0,0.0
2023-10-10 00:00:00+05:30,760.2750244140625,764.5,757.5999755859375,762.4249877929688,742.1226806640625,33266292,0.0,0.0
2023-10-11 00:00:00+05:30,765.0499877929688,771.0750122070312,764.25,769.7999877929688,749.3013916015625,31333360,0.0,0.0
2023-10-12 00:00:00+05:30,768.0499877929688,776.0,765.7999877929688,774.9249877929688,754.2898559570312,22025336,0.0,0.0
2023-10-13 00:00:00+05:30,770.0,774.4000244140625,764.9749755859375,767.875,747.4276123046875,39745300,0.0,0.0
2023-10-16 00:00:00+05:30,765.75,767.2249755859375,760.25,764.7999877929688,744.4345092773438,17856084,0.0,0.0
2023-10-17 00:00:00+05:30,777.875,777.875,767.5,770.5999755859375,750.0800170898438,32902558,0.0,0.0
2023-10-18 00:00:00+05:30,770.5999755859375,770.5999755859375,759.0499877929688,759.875,739.6406860351562,31216200,0.0,0.0
2023-10-19 00:00:00+05:30,752.7000122070312,763.125,751.5999755859375,757.4749755859375,737.3045043945312,30252364,0.0,0.0
2023-10-20 00:00:00+05:30,752.5,763.5,752.5,761.4000244140625,741.1250610351562,21094010,0.0,0.0
2023-10-23 00:00:00+05:30,761.75,764.375,750.0499877929688,753.0250244140625,732.9730834960938,22376136,0.0,0.0
2023-10-25 00:00:00+05:30,760.5,761.4000244140625,745.7249755859375,748.25,728.3251953125,28311996,0.0,0.0
2023-10-26 00:00:00+05:30,745.625,746.0,730.125,731.7000122070312,712.2158813476562,55561798,0.0,0.0
2023-10-27 00:00:00+05:30,734.75,739.0,733.4500122070312,734.5750122070312,715.0143432617188,31940532,0.0,0.0
2023-10-30 00:00:00+05:30,731.625,744.9749755859375,730.9500122070312,742.5499877929688,722.7770385742188,23310982,0.0,0.0
2023-10-31 00:00:00+05:30,752.0,752.0,737.0,738.25,718.5914916992188,32634824,0.0,0.0
2023-11-01 00:00:00+05:30,731.125,738.7249755859375,731.125,737.25,717.6181030273438,33877466,0.0,0.0
2023-11-02 00:00:00+05:30,742.5,745.25,733.5750122070312,738.375,718.7131958007812,45225154,0.0,0.0
2023-11-03 00:00:00+05:30,744.0,745.7000122070312,740.8250122070312,741.875,722.1199951171875,18095340,0.0,0.0
2023-11-06 00:00:00+05:30,749.0,749.0,741.5,747.25,727.3518676757812,25593730,0.0,0.0
2023-11-07 00:00:00+05:30,747.0,747.0,738.5999755859375,743.625,723.8233032226562,41952848,0.0,0.0
2023-11-08 00:00:00+05:30,741.9749755859375,746.7249755859375,740.5,745.7750244140625,725.9161376953125,31399546,0.0,0.0
2023-11-09 00:00:00+05:30,743.0,746.2999877929688,741.75,742.8250122070312,723.0447387695312,22116740,0.0,0.0
2023-11-10 00:00:00+05:30,740.0499877929688,748.0,740.0250244140625,745.75,725.891845703125,14015186,0.0,0.0
2023-11-13 00:00:00+05:30,746.0499877929688,747.9749755859375,742.9500122070312,744.4000244140625,724.5778198242188,20605914,0.0,0.0
2023-11-15 00:00:00+05:30,752.0499877929688,755.4749755859375,750.2750244140625,752.2000122070312,732.1699829101562,41245460,0.0,0.0
2023-11-16 00:00:00+05:30,754.8499755859375,759.5,751.875,754.1749877929688,734.0924072265625,29713838,0.0,0.0
2023-11-17 00:00:00+05:30,745.0,753.75,744.5,752.5499877929688,732.5106811523438,23701874,0.0,0.0
2023-11-20 00:00:00+05:30,756.5,756.5,750.7750244140625,752.5999755859375,732.559326171875,19331452,0.0,0.0
2023-11-21 00:00:00+05:30,759.5,761.0,756.0499877929688,758.9749755859375,738.7646484375,24959972,0.0,0.0
2023-11-22 00:00:00+05:30,760.0,760.0,751.7750244140625,756.2750244140625,736.1365966796875,29123650,0.0,0.0
2023-11-23 00:00:00+05:30,754.25,761.9249877929688,754.25,760.6500244140625,740.3950805664062,13046220,0.0,0.0
2023-11-24 00:00:00+05:30,760.5999755859375,766.5750122070312,759.9249877929688,766.0499877929688,745.6511840820312,16469192,0.0,0.0
2023-11-28 00:00:00+05:30,767.5999755859375,768.625,762.9000244140625,764.3250122070312,743.97216796875,28489338,0.0,0.0
2023-11-29 00:00:00+05:30,766.9500122070312,781.5,766.5,779.5750122070312,758.8160400390625,34042488,0.0,0.0
2023-11-30 00:00:00+05:30,784.5750122070312,786.2249755859375,771.0750122070312,779.4000244140625,758.645751953125,69491440,0.0,0.0
2023-12-01 00:00:00+05:30,778.9500122070312,782.875,776.0499877929688,777.7000122070312,756.9910278320312,22153536,0.0,0.0
2023-12-04 00:00:00+05:30,794.0,806.0,786.8250122070312,804.7000122070312,783.2720336914062,50662456,0.0,0.0
2023-12-05 00:00:00+05:30,818.25,819.5,808.25,811.8499755859375,790.2315673828125,52230820,0.0,0.0
2023-12-06 00:00:00+05:30,819.2249755859375,819.2249755859375,808.3250122070312,813.9000244140625,792.22705078125,38613060,0.0,0.0
2023-12-07 00:00:00+05:30,812.5,817.0,808.0999755859375,815.2249755859375,793.5167236328125,20450386,0.0,0.0
2023-12-08 00:00:00+05:30,815.2249755859375,827.5,815.2249755859375,826.5999755859375,804.5888061523438,33728038,0.0,0.0
2023-12-11 00:00:00+05:30,825.0250244140625,831.8499755859375,823.5,825.5,803.5181274414062,23187620,0.0,0.0
2023-12-12 00:00:00+05:30,827.0999755859375,828.125,815.9249877929688,817.2999877929688,795.5364990234375,36581476,0.0,0.0
2023-12-13 00:00:00+05:30,816.2249755859375,818.0,807.5499877929688,815.4500122070312,793.7357788085938,29346914,0.0,0.0
2023-12-14 00:00:00+05:30,823.0,829.4749755859375,822.5,825.0750122070312,803.1044921875,35172366,0.0,0.0
2023-12-15 00:00:00+05:30,825.0,834.0,823.2999877929688,828.2750244140625,806.21923828125,138837130,0.0,0.0
2023-12-18 00:00:00+05:30,830.3499755859375,832.3499755859375,825.4749755859375,827.8499755859375,805.8055419921875,18014754,0.0,0.0
2023-12-19 00:00:00+05:30,825.0,829.3250122070312,822.0250244140625,826.4500122070312,804.44287109375,24008446,0.0,0.0
2023-12-20 00:00:00+05:30,829.0,834.4749755859375,822.2249755859375,828.5,806.438232421875,34232520,0.0,0.0
2023-12-21 00:00:00+05:30,828.5,844.875,825.125,843.3499755859375,820.892822265625,36589240,0.0,0.0
2023-12-22 00:00:00+05:30,841.7999877929688,842.9500122070312,833.5499877929688,835.4249877929688,813.1788940429688,48578850,0.0,0.0
2023-12-26 00:00:00+05:30,836.625,842.9749755859375,834.2750244140625,841.2249755859375,818.8244018554688,18045856,0.0,0.0
2023-12-27 00:00:00+05:30,840.75,853.25,839.2999877929688,851.6500244140625,828.9718017578125,27009078,0.0,0.0
2023-12-28 00:00:00+05:30,854.6500244140625,860.7000122070312,851.0,852.625,829.9208374023438,44076470,0.0,0.0
2023-12-29 00:00:00+05:30,848.5,857.4500122070312,848.0,854.625,831.8676147460938,25011426,0.0,0.0
2024-01-01 00:00:00+05:30,853.0,854.5750122070312,846.0,849.0499877929688,826.4410400390625,14239686,0.0,0.0
2024-01-02 00:00:00+05:30,849.4000244140625,851.4000244140625,844.3499755859375,849.5499877929688,826.927734375,29242092,0.0,0.0
2024-01-03 00:00:00+05:30,851.0,852.3499755859375,834.4749755859375,836.4500122070312,814.1766357421875,28389762,0.0,0.0
2024-01-04 00:00:00+05:30,839.0,847.4749755859375,835.3499755859375,845.4249877929688,822.91259765625,26734056,0.0,0.0
2024-01-05 00:00:00+05:30,843.5750122070312,852.4500122070312,834.0499877929688,841.0999755859375,818.7027587890625,31889470,0.0,0.0
2024-01-08 00:00:00+05:30,839.25,841.1749877929688,830.0,831.7249755859375,809.577392578125,17998470,0.0,0.0
2024-01-09 00:00:00+05:30,833.5750122070312,838.9000244140625,823.375,825.25,803.2747802734375,25326888,0.0,0.0
2024-01-10 00:00:00+05:30,821.5,829.9749755859375,820.7000122070312,827.9749755859375,805.92724609375,16115824,0.0,0.0
2024-01-11 00:00:00+05:30,830.0,831.4500122070312,821.5,824.5,802.5447998046875,18314010,0.0,0.0
2024-01-12 00:00:00+05:30,826.0,828.0,816.7999877929688,820.5999755859375,798.74853515625,19773552,0.0,0.0
2024-01-15 00:00:00+05:30,823.8499755859375,840.4500122070312,821.7999877929688,836.4000244140625,814.1279907226562,28320356,0.0,0.0
2024-01-16 00:00:00+05:30,836.5,841.8250122070312,829.0499877929688,839.5750122070312,817.2183837890625,25322500,0.0,0.0
2024-01-17 00:00:00+05:30,785.0,798.4000244140625,764.2000122070312,768.75,748.279296875,170145236,0.0,0.0
2024-01-18 00:00:00+05:30,747.0,757.5,740.0250244140625,743.0750122070312,723.2879638671875,161070930,0.0,0.0
2024-01-19 00:00:00+05:30,752.9749755859375,755.125,734.2000122070312,735.3250122070312,715.744384765625,109600538,0.0,0.0
2024-01-23 00:00:00+05:30,732.5,737.3499755859375,712.5,713.6749877929688,694.6708984375,115469402,0.0,0.0
2024-01-24 00:00:00+05:30,690.125,729.2249755859375,690.125,727.9500122070312,708.5657958984375,86004404,0.0,0.0
2024-01-25 00:00:00+05:30,726.25,728.6749877929688,709.7000122070312,717.4500122070312,698.3453979492188,98941852,0.0,0.0
2024-01-29 00:00:00+05:30,724.0250244140625,731.4000244140625,722.9000244140625,727.3250122070312,707.9573974609375,65645498,0.0,0.0
2024-01-30 00:00:00+05:30,727.2750244140625,731.5999755859375,720.4500122070312,722.1500244140625,702.9202270507812,41728768,0.0,0.0
2024-01-31 00:00:00+05:30,719.75,737.4749755859375,718.4000244140625,731.2750244140625,711.80224609375,65761040,0.0,0.0
2024-02-01 00:00:00+05:30,732.5250244140625,736.7999877929688,728.0250244140625,733.1749877929688,713.651611328125,32690740,0.0,0.0
2024-02-02 00:00:00+05:30,737.5,740.4249877929688,721.0250244140625,723.0750122070312,703.8206176757812,44867754,0.0,0.0
2024-02-05 00:00:00+05:30,723.0,725.9500122070312,717.0250244140625,722.4249877929688,703.1878662109375,38605046,0.0,0.0
2024-02-06 00:00:00+05:30,722.7750244140625,724.8499755859375,716.2999877929688,722.0499877929688,702.8228759765625,41075740,0.0,0.0
2024-02-07 00:00:00+05:30,726.5,726.9000244140625,713.3250122070312,714.9749755859375,695.9362182617188,54837086,0.0,0.0
2024-02-08 00:00:00+05:30,714.9249877929688,719.4749755859375,700.25,701.5250244140625,682.8444213867188,69106124,0.0,0.0
2024-02-09 00:00:00+05:30,696.0750122070312,707.0999755859375,693.5,701.7999877929688,683.112060546875,56642124,0.0,0.0
2024-02-12 00:00:00+05:30,699.8250122070312,706.8250122070312,691.6749877929688,695.0,676.4932250976562,34447812,0.0,0.0
2024-02-13 00:00:00+05:30,695.9749755859375,702.1749877929688,692.1749877929688,697.2249755859375,678.6588745117188,57580994,0.0,0.0
2024-02-14 00:00:00+05:30,688.0,695.75,681.7750244140625,692.0250244140625,673.5974731445312,91320810,0.0,0.0
2024-02-15 00:00:00+05:30,692.5,707.75,692.1749877929688,707.0250244140625,688.197998046875,41584944,0.0,0.0
2024-02-16 00:00:00+05:30,711.9500122070312,713.8499755859375,704.2249755859375,709.9500122070312,691.0451049804688,32175742,0.0,0.0
2024-02-19 00:00:00+05:30,714.5,714.5,707.5999755859375,708.5499877929688,689.682373046875,34451756,0.0,0.0
2024-02-20 00:00:00+05:30,707.5,728.625,705.9000244140625,727.1500244140625,707.7870483398438,56133508,0.0,0.0
2024-02-21 00:00:00+05:30,732.0,732.0,717.5,719.5750122070312,700.4137573242188,45893136,0.0,0.0
2024-02-22 00:00:00+05:30,708.875,714.4000244140625,706.0999755859375,709.7750244140625,690.874755859375,50560882,0.0,0.0
2024-02-23 00:00:00+05:30,711.2750244140625,716.9500122070312,709.0,710.2999877929688,691.3857421875,29833452,0.0,0.0
2024-02-26 00:00:00+05:30,706.7750244140625,717.4249877929688,706.7750244140625,711.1500244140625,692.2131958007812,23506870,0.0,0.0
2024-02-27 00:00:00+05:30,706.7750244140625,713.3499755859375,706.5250244140625,710.0750122070312,691.1668090820312,32087150,0.0,0.0
2024-02-28 00:00:00+05:30,710.0750122070312,712.0999755859375,702.0,704.7000122070312,685.9348754882812,25321986,0.0,0.0
2024-02-29 00:00:00+05:30,701.0499877929688,705.2000122070312,698.6500244140625,701.7000122070312,683.0147705078125,53295700,0.0,0.0
2024-03-01 00:00:00+05:30,700.0,716.375,700.0,715.375,696.3256225585938,34738898,0.0,0.0
2024-03-04 00:00:00+05:30,715.4749755859375,718.5,712.1500244140625,716.3499755859375,697.2745971679688,35616474,0.0,0.0
2024-03-05 00:00:00+05:30,711.0,721.5,710.8250122070312,720.4249877929688,701.2411499023438,37991672,0.0,0.0
2024-03-06 00:00:00+05:30,716.7750244140625,726.4249877929688,716.7750244140625,721.2999877929688,702.0928344726562,42409530,0.0,0.0
2024-03-07 00:00:00+05:30,722.75,725.5250244140625,720.7000122070312,723.0499877929688,703.7962036132812,49348046,0.0,0.0
2024-03-11 00:00:00+05:30,715.0,722.9749755859375,711.5,713.9000244140625,694.8899536132812,50531094,0.0,0.0
2024-03-12 00:00:00+05:30,717.0,732.0,714.625,729.7750244140625,710.3421630859375,65418454,0.0,0.0
2024-03-13 00:00:00+05:30,732.75,735.7999877929688,725.0499877929688,730.2000122070312,710.755859375,63067454,0.0,0.0
2024-03-14 00:00:00+05:30,731.0499877929688,733.0,722.1500244140625,727.7249755859375,708.3467407226562,52432158,0.0,0.0
2024-03-15 00:00:00+05:30,725.0,729.6500244140625,721.125,726.3250122070312,706.9840698242188,143613804,0.0,0.0
2024-03-18 00:00:00+05:30,723.5,728.0,717.9000244140625,723.0250244140625,703.77197265625,21437856,0.0,0.0
2024-03-19 00:00:00+05:30,717.75,726.2000122070312,717.75,724.6749877929688,705.3779296875,36183594,0.0,0.0
2024-03-20 00:00:00+05:30,724.5250244140625,725.8250122070312,712.3250122070312,715.5250244140625,696.4716796875,43606094,0.0,0.0
2024-03-21 00:00:00+05:30,721.2999877929688,725.625,719.1500244140625,722.875,703.6259155273438,28922860,0.0,0.0
2024-03-22 00:00:00+05:30,720.5,725.375,718.875,721.4249877929688,702.2144775390625,45980326,0.0,0.0
2024-03-26 00:00:00+05:30,713.5999755859375,718.9749755859375,711.0750122070312,712.7000122070312,693.7218627929688,56844290,0.0,0.0
2024-03-27 00:00:00+05:30,711.7750244140625,723.9749755859375,710.625,720.3499755859375,701.1681518554688,62168668,0.0,0.0
2024-03-28 00:00:00+05:30,720.3499755859375,730.25,720.3499755859375,723.9500122070312,704.6722412109375,55592142,0.0,0.0
2024-04-01 00:00:00+05:30,729.0,736.9000244140625,727.7999877929688,735.25,715.67138671875,25199570,0.0,0.0
2024-04-02 00:00:00+05:30,732.5750122070312,747.4249877929688,731.625,740.0750122070312,720.367919921875,41225446,0.0,0.0
2024-04-03 00:00:00+05:30,736.0499877929688,747.8250122070312,735.7000122070312,741.1500244140625,721.414306640625,45584386,0.0,0.0
2024-04-04 00:00:00+05:30,752.0,765.0,752.0,763.7999877929688,743.461181640625,88935066,0.0,0.0
2024-04-05 00:00:00+05:30,769.5,777.25,765.0750122070312,774.7750244140625,754.1439208984375,59055902,0.0,0.0
2024-04-08 00:00:00+05:30,777.4749755859375,778.625,770.7750244140625,773.2999877929688,752.7081298828125,20482940,0.0,0.0
2024-04-09 00:00:00+05:30,777.4249877929688,777.4249877929688,770.1500244140625,774.2750244140625,753.6572875976562,21884494,0.0,0.0
2024-04-10 00:00:00+05:30,774.9500122070312,774.9500122070312,766.4749755859375,768.1749877929688,747.7196655273438,27807400,0.0,0.0
2024-04-12 00:00:00+05:30,760.5,764.9249877929688,756.7249755859375,759.4749755859375,739.2512817382812,41084208,0.0,0.0
2024-04-15 00:00:00+05:30,748.7750244140625,755.0,746.0250244140625,747.3499755859375,727.4491577148438,23415248,0.0,0.0
2024-04-16 00:00:00+05:30,743.5,756.4500122070312,741.125,754.625,734.5304565429688,20744886,0.0,0.0
2024-04-18 00:00:00+05:30,754.9000244140625,759.4249877929688,745.5250244140625,747.3499755859375,727.4491577148438,34234884,0.0,0.0
2024-04-19 00:00:00+05:30,743.2750244140625,767.4749755859375,740.125,765.6500244140625,745.2619018554688,34576434,0.0,0.0
2024-04-22 00:00:00+05:30,778.7000122070312,778.7000122070312,754.1500244140625,756.0999755859375,735.9661865234375,42298438,0.0,0.0
2024-04-23 00:00:00+05:30,763.1500244140625,763.25,751.625,753.7999877929688,733.7274169921875,26827060,0.0,0.0
2024-04-24 00:00:00+05:30,757.5,760.875,754.5250244140625,755.8499755859375,735.7227783203125,22441580,0.0,0.0
2024-04-25 00:00:00+05:30,753.125,759.8499755859375,753.125,755.375,735.260498046875,35445204,0.0,0.0
2024-04-26 00:00:00+05:30,759.9000244140625,764.0,752.7750244140625,754.9000244140625,734.7981567382812,24854694,0.0,0.0
2024-04-29 00:00:00+05:30,757.5,767.2249755859375,753.2750244140625,764.75,744.3858642578125,36093350,0.0,0.0
2024-04-30 00:00:00+05:30,764.5999755859375,769.75,757.4500122070312,760.0499877929688,739.8109741210938,52307382,0.0,0.0
2024-05-02 00:00:00+05:30,761.0,768.5,760.1749877929688,766.125,745.7242431640625,33475006,0.0,0.0
2024-05-03 00:00:00+05:30,766.625,770.2999877929688,753.5999755859375,759.7999877929688,739.567626953125,31865242,0.0,0.0
2024-05-06 00:00:00+05:30,761.0,767.25,758.5750122070312,761.3250122070312,741.0520629882812,28793396,0.0,0.0
2024-05-07 00:00:00+05:30,760.9749755859375,762.0250244140625,752.0750122070312,753.0750122070312,733.021728515625,28480602,0.0,0.0
2024-05-08 00:00:00+05:30,747.9749755859375,748.4749755859375,740.1749877929688,741.3250122070312,721.5845947265625,41687862,0.0,0.0
2024-05-09 00:00:00+05:30,737.4749755859375,743.375,722.6500244140625,723.75,704.4776000976562,46281278,0.0,0.0
2024-05-10 00:00:00+05:30,719.5,725.9749755859375,713.4000244140625,718.9500122070312,709.3616333007812,27276608,9.75,0.0
2024-05-13 00:00:00+05:30,716.0,729.9000244140625,715.1500244140625,727.625,717.9208984375,27047202,0.0,0.0
2024-05-14 00:00:00+05:30,726.125,732.75,725.1500244140625,730.4749755859375,720.7328491210938,25665142,0.0,0.0
2024-05-15 00:00:00+05:30,729.8499755859375,729.8499755859375,717.9000244140625,719.25,709.6575317382812,38931996,0.0,0.0
2024-05-16 00:00:00+05:30,723.0250244140625,731.2750244140625,717.75,730.125,720.3875122070312,34945236,0.0,0.0
2024-05-17 00:00:00+05:30,723.0999755859375,734.0,723.0999755859375,732.0499877929688,722.286865234375,20920190,0.0,0.0
2024-05-21 00:00:00+05:30,725.0499877929688,734.8499755859375,725.0499877929688,729.4000244140625,719.6722412109375,43769978,0.0,0.0
2024-05-22 00:00:00+05:30,728.9249877929688,732.7999877929688,724.0750122070312,729.5999755859375,719.8695678710938,39996278,0.0,0.0
2024-05-23 00:00:00+05:30,729.3250122070312,747.8250122070312,728.5250244140625,746.2999877929688,736.3468017578125,40861920,0.0,0.0
2024-05-24 00:00:00+05:30,743.75,759.9500122070312,743.0,758.5999755859375,748.4827270507812,31060206,0.0,0.0
2024-05-27 00:00:00+05:30,761.6749877929688,772.5,759.5250244140625,763.8499755859375,753.6627807617188,29385440,0.0,0.0
2024-05-28 00:00:00+05:30,765.0499877929688,768.0250244140625,762.4000244140625,765.25,755.0441284179688,27908904,0.0,0.0
2024-05-29 00:00:00+05:30,759.0,761.9249877929688,750.625,754.1500244140625,744.0921630859375,35147706,0.0,0.0
2024-05-30 00:00:00+05:30,749.5999755859375,761.7999877929688,748.8250122070312,757.4249877929688,747.3234252929688,33755350,0.0,0.0
2024-05-31 00:00:00+05:30,759.5,768.0,757.0,765.7750244140625,755.5620727539062,74079588,0.0,0.0
2024-06-03 00:00:00+05:30,799.5,799.5,775.0,786.0999755859375,775.6160278320312,72637256,0.0,0.0
2024-06-04 00:00:00+05:30,778.5,779.5,727.0,741.5750122070312,731.684814453125,89531240,0.0,0.0
2024-06-05 00:00:00+05:30,747.0250244140625,779.7999877929688,741.1749877929688,775.9000244140625,765.5520629882812,81631650,0.0,0.0
2024-06-06 00:00:00+05:30,782.4500122070312,782.7249755859375,773.2999877929688,779.8499755859375,769.4493408203125,46422870,0.0,0.0
2024-06-07 00:00:00+05:30,780.5250244140625,792.1749877929688,776.0250244140625,786.6749877929688,776.183349609375,36712216,0.0,0.0
2024-06-10 00:00:00+05:30,787.0,790.3250122070312,778.7999877929688,780.6500244140625,770.2387084960938,22454058,0.0,0.0
2024-06-11 00:00:00+05:30,778.0,785.5,776.0999755859375,782.4000244140625,771.9653930664062,29545326,0.0,0.0
2024-06-12 00:00:00+05:30,787.5,794.1500244140625,783.2000122070312,787.0750122070312,776.5780029296875,39280436,0.0,0.0
2024-06-13 00:00:00+05:30,790.875,792.8499755859375,787.0,790.375,779.8340454101562,24120192,0.0,0.0
2024-06-14 00:00:00+05:30,792.0,799.5,788.8499755859375,798.4500122070312,787.80126953125,25540554,0.0,0.0
2024-06-18 00:00:00+05:30,798.4500122070312,805.25,794.7249755859375,803.9000244140625,793.1786499023438,32415714,0.0,0.0
2024-06-19 00:00:00+05:30,806.7000122070312,834.9500122070312,802.0,828.9249877929688,817.869873046875,90131196,0.0,0.0
2024-06-20 00:00:00+05:30,834.9000244140625,840.7249755859375,826.0,834.6749877929688,823.5431518554688,41408742,0.0,0.0
2024-06-21 00:00:00+05:30,836.4249877929688,836.4249877929688,821.5750122070312,832.875,821.7671508789062,51630776,0.0,0.0
2024-06-24 00:00:00+05:30,823.5,837.5499877929688,822.875,836.2000122070312,825.0478515625,28544994,0.0,0.0
2024-06-25 00:00:00+05:30,835.5499877929688,858.4749755859375,835.5499877929688,855.6749877929688,844.2631225585938,74521548,0.0,0.0
2024-06-26 00:00:00+05:30,853.9749755859375,855.4500122070312,845.5499877929688,850.75,839.40380859375,47596666,0.0,0.0
2024-06-27 00:00:00+05:30,848.0499877929688,856.5,843.2999877929688,848.0750122070312,836.7644653320312,55074650,0.0,0.0
2024-06-28 00:00:00+05:30,848.7999877929688,853.2999877929688,839.5,841.9000244140625,830.6718139648438,26476046,0.0,0.0
2024-07-01 00:00:00+05:30,840.0,853.6500244140625,840.0,852.5999755859375,841.2291259765625,21187024,0.0,0.0
2024-07-02 00:00:00+05:30,857.5,867.4500122070312,851.375,865.2999877929688,853.7597045898438,45921690,0.0,0.0
2024-07-03 00:00:00+05:30,895.5,897.0,882.3250122070312,884.3250122070312,872.5310668945312,123217802,0.0,0.0
2024-07-04 00:00:00+05:30,879.875,879.875,862.4249877929688,863.5750122070312,852.0578002929688,45848658,0.0,0.0
2024-07-05 00:00:00+05:30,842.5,842.5,821.0999755859375,824.0499877929688,813.0598754882812,82242548,0.0,0.0
2024-07-08 00:00:00+05:30,822.6500244140625,827.4749755859375,813.5750122070312,817.6749877929688,806.7698974609375,39087800,0.0,0.0
2024-07-09 00:00:00+05:30,812.5,823.3499755859375,810.1749877929688,818.25,807.3372192382812,48550878,0.0,0.0
2024-07-10 00:00:00+05:30,814.9749755859375,820.0,810.375,813.0499877929688,802.2066040039062,45507182,0.0,0.0
2024-07-11 00:00:00+05:30,811.9749755859375,812.9249877929688,800.5,810.9500122070312,800.1345825195312,44177074,0.0,0.0
2024-07-12 00:00:00+05:30,811.0,819.2000122070312,805.5750122070312,811.3499755859375,800.5292358398438,56049960,0.0,0.0
2024-07-15 00:00:00+05:30,811.75,814.9000244140625,807.5999755859375,811.0499877929688,800.2332763671875,33375694,0.0,0.0
2024-07-16 00:00:00+05:30,810.375,813.5,808.4000244140625,809.875,799.073974609375,28950324,0.0,0.0
2024-07-18 00:00:00+05:30,804.0,811.9749755859375,799.5750122070312,807.4000244140625,796.6319580078125,33717064,0.0,0.0
2024-07-19 00:00:00+05:30,808.0,811.5,801.75,803.6500244140625,792.9320068359375,26002152,0.0,0.0
2024-07-22 00:00:00+05:30,808.5,825.5,806.3250122070312,821.2750244140625,810.3218994140625,53744822,0.0,0.0
2024-07-23 00:00:00+05:30,823.7750244140625,823.9000244140625,802.5,809.2000122070312,798.407958984375,52002152,0.0,0.0
2024-07-24 00:00:00+05:30,804.0750122070312,810.5,794.0250244140625,802.0250244140625,791.3286743164062,61728206,0.0,0.0
2024-07-25 00:00:00+05:30,796.5,812.5,796.5,808.2999877929688,797.5199584960938,25535732,0.0,0.0
2024-07-26 00:00:00+05:30,802.5,810.875,798.2249755859375,809.0750122070312,798.2846069335938,43810540,0.0,0.0
2024-07-29 00:00:00+05:30,807.5,815.9249877929688,799.1500244140625,802.5250244140625,791.822021484375,51001148,0.0,0.0
2024-07-30 00:00:00+05:30,801.0,817.375,799.5,807.7750244140625,797.001953125,54595834,0.0,0.0
2024-07-31 00:00:00+05:30,807.0,813.9500122070312,804.5999755859375,807.875,797.1005859375,37820484,0.0,0.0
2024-08-01 00:00:00+05:30,811.4500122070312,825.0250244140625,808.9749755859375,819.4000244140625,808.471923828125,26215174,0.0,0.0
2024-08-02 00:00:00+05:30,815.5,835.25,815.5,829.5750122070312,818.5111694335938,44119238,0.0,0.0
2024-08-05 00:00:00+05:30,820.0499877929688,823.0,800.5,807.875,797.1005859375,41333634,0.0,0.0
2024-08-06 00:00:00+05:30,815.0,816.4749755859375,796.6500244140625,800.5999755859375,789.922607421875,45116050,0.0,0.0
2024-08-07 00:00:00+05:30,808.5,815.0,801.0999755859375,811.75,800.9238891601562,42346264,0.0,0.0
2024-08-08 00:00:00+05:30,812.0,826.6500244140625,809.625,821.3499755859375,810.3958740234375,33976950,0.0,0.0
2024-08-09 00:00:00+05:30,826.0,831.2750244140625,822.9000244140625,825.0999755859375,814.0958251953125,26644618,0.0,0.0
2024-08-12 00:00:00+05:30,826.0,837.9749755859375,823.6749877929688,830.0499877929688,818.9798583984375,39316196,0.0,0.0
2024-08-13 00:00:00+05:30,814.0,816.2000122070312,800.5750122070312,801.5999755859375,790.9092407226562,54055042,0.0,0.0
2024-08-14 00:00:00+05:30,803.25,806.8499755859375,801.5999755859375,803.9000244140625,793.1786499023438,32334428,0.0,0.0
2024-08-16 00:00:00+05:30,814.25,817.0750122070312,805.5,816.0499877929688,805.1666259765625,27849246,0.0,0.0
2024-08-19 00:00:00+05:30,818.8250122070312,818.8250122070312,811.8499755859375,815.7750244140625,804.895263671875,19502164,0.0,0.0
2024-08-20 00:00:00+05:30,813.7249755859375,823.0,813.7249755859375,818.8499755859375,807.9292602539062,31134494,0.0,0.0
2024-08-21 00:00:00+05:30,814.0499877929688,817.2750244140625,808.9000244140625,812.9000244140625,802.0586547851562,47630904,0.0,0.0
2024-08-22 00:00:00+05:30,816.0,819.1500244140625,814.0,815.6500244140625,804.77197265625,21300638,0.0,0.0
2024-08-23 00:00:00+05:30,817.0,817.0,811.5,812.5250244140625,801.6885986328125,20333422,0.0,0.0
2024-08-26 00:00:00+05:30,816.0999755859375,823.9749755859375,816.0999755859375,819.9749755859375,809.0392456054688,22364266,0.0,0.0
2024-08-27 00:00:00+05:30,821.7000122070312,823.7000122070312,816.0999755859375,818.875,807.9539184570312,35773244,0.0,0.0
2024-08-28 00:00:00+05:30,818.875,819.875,815.0999755859375,818.5499877929688,807.6332397460938,26921188,0.0,0.0
2024-08-29 00:00:00+05:30,821.0,822.2000122070312,815.5750122070312,819.2750244140625,808.3485717773438,49052604,0.0,0.0
2024-08-30 00:00:00+05:30,828.0,831.0,810.5750122070312,818.4500122070312,807.5346069335938,445342100,0.0,0.0
2024-09-02 00:00:00+05:30,823.4000244140625,823.4000244140625,811.5999755859375,813.4749755859375,802.6258544921875,34049680,0.0,0.0
2024-09-03 00:00:00+05:30,817.0,819.9749755859375,812.2999877929688,818.6749877929688,807.756591796875,37282860,0.0,0.0
2024-09-04 00:00:00+05:30,819.5,822.4000244140625,816.0,820.9000244140625,809.951904296875,24682744,0.0,0.0
2024-09-05 00:00:00+05:30,823.0,824.9500122070312,821.0,822.7249755859375,811.7525024414062,22876318,0.0,0.0
2024-09-06 00:00:00+05:30,819.1500244140625,823.875,817.0499877929688,818.4749755859375,807.5592041015625,26029602,0.0,0.0
2024-09-09 00:00:00+05:30,819.0,824.25,815.0499877929688,823.25,812.2705688476562,23792914,0.0,0.0
2024-09-10 00:00:00+05:30,827.0,827.0,819.0,825.1749877929688,814.1698608398438,26606646,0.0,0.0
2024-09-11 00:00:00+05:30,825.2000122070312,826.25,819.5999755859375,821.9500122070312,810.9879150390625,22226684,0.0,0.0
2024-09-12 00:00:00+05:30,827.0,835.0,823.5250244140625,833.2999877929688,822.1865234375,32424046,0.0,0.0
2024-09-13 00:00:00+05:30,837.0,837.0,828.5250244140625,832.9749755859375,821.8658447265625,23860532,0.0,0.0
2024-09-16 00:00:00+05:30,833.5,838.9000244140625,832.0250244140625,835.4749755859375,824.3324584960938,15172820,0.0,0.0
2024-09-17 00:00:00+05:30,839.0,839.0,832.0750122070312,834.4000244140625,823.2718505859375,20127122,0.0,0.0
2024-09-18 00:00:00+05:30,835.9249877929688,849.4500122070312,835.5499877929688,847.4000244140625,836.0984497070312,40917342,0.0,0.0
2024-09-19 00:00:00+05:30,849.5999755859375,859.5,849.5750122070312,854.25,842.8571166992188,30651776,0.0,0.0
2024-09-20 00:00:00+05:30,858.25,872.4749755859375,853.7750244140625,870.5999755859375,858.989013671875,60623386,0.0,0.0
2024-09-23 00:00:00+05:30,874.5,883.1749877929688,870.125,879.9000244140625,868.1651000976562,26965350,0.0,0.0
2024-09-24 00:00:00+05:30,882.5,890.8250122070312,877.125,884.0250244140625,872.2350463867188,33039036,0.0,0.0
2024-09-25 00:00:00+05:30,880.0750122070312,894.0,880.0750122070312,889.5499877929688,877.686279296875,31965312,0.0,0.0
2024-09-26 00:00:00+05:30,886.5250244140625,894.0,884.0250244140625,891.7249755859375,879.8323364257812,31899644,0.0,0.0
2024-09-27 00:00:00+05:30,888.5,889.0999755859375,875.0,876.3250122070312,864.6376953125,35613502,0.0,0.0
2024-09-30 00:00:00+05:30,874.4000244140625,875.7249755859375,862.2000122070312,866.0250244140625,854.47509765625,26383534,0.0,0.0
2024-10-01 00:00:00+05:30,862.0,871.0,860.0499877929688,863.0999755859375,851.5890502929688,24572284,0.0,0.0
2024-10-03 00:00:00+05:30,857.8250122070312,863.0750122070312,836.6749877929688,841.0,829.7838134765625,48473398,0.0,0.0
2024-10-04 00:00:00+05:30,837.25,845.3250122070312,826.5,828.8250122070312,817.771240234375,48683232,0.0,0.0
2024-10-07 00:00:00+05:30,826.0999755859375,829.5,806.5,808.9000244140625,798.1119384765625,94458296,0.0,0.0
2024-10-08 00:00:00+05:30,815.0,828.4000244140625,811.0,825.5250244140625,814.5152587890625,29734406,0.0,0.0
2024-10-09 00:00:00+05:30,824.75,828.375,814.3499755859375,816.5750122070312,805.6845703125,41125642,0.0,0.0
2024-10-10 00:00:00+05:30,819.5,832.7249755859375,816.25,831.2000122070312,820.114501953125,21754766,0.0,0.0
2024-10-11 00:00:00+05:30,832.2249755859375,832.2249755859375,821.625,825.5,814.4905395507812,23672594,0.0,0.0
2024-10-14 00:00:00+05:30,828.0250244140625,846.0250244140625,827.0,844.0499877929688,832.7931518554688,18527508,0.0,0.0
2024-10-15 00:00:00+05:30,847.0,849.0,837.75,842.0499877929688,830.81982421875,19651130,0.0,0.0
2024-10-16 00:00:00+05:30,840.0499877929688,853.9749755859375,840.0499877929688,849.9000244140625,838.565185546875,20470682,0.0,0.0
2024-10-17 00:00:00+05:30,847.4749755859375,848.8250122070312,832.5999755859375,836.5750122070312,825.4178466796875,14695732,0.0,0.0
2024-10-18 00:00:00+05:30,831.5499877929688,845.5,827.0499877929688,840.9249877929688,829.7098388671875,24809724,0.0,0.0
2024-10-21 00:00:00+05:30,857.5,874.0750122070312,855.5250244140625,864.3499755859375,852.8223876953125,46548354,0.0,0.0
2024-10-22 00:00:00+05:30,865.0250244140625,870.0,855.3499755859375,857.2750244140625,845.841796875,38875280,0.0,0.0
2024-10-23 00:00:00+05:30,852.5250244140625,873.25,852.5250244140625,867.9000244140625,856.3251342773438,38036090,0.0,0.0
2024-10-24 00:00:00+05:30,869.0499877929688,884.3250122070312,869.0499877929688,874.8250122070312,863.15771484375,30832258,0.0,0.0
2024-10-25 00:00:00+05:30,877.5,878.9249877929688,864.3499755859375,871.7000122070312,860.0744018554688,26130478,0.0,0.0
2024-10-28 00:00:00+05:30,871.0,875.5,864.4500122070312,867.0999755859375,855.5357055664062,22012142,0.0,0.0
2024-10-29 00:00:00+05:30,863.0750122070312,882.0,862.5499877929688,875.9249877929688,864.2430419921875,35794926,0.0,0.0
2024-10-30 00:00:00+05:30,871.0,877.375,862.0999755859375,867.2999877929688,855.7330322265625,32715724,0.0,0.0
2024-10-31 00:00:00+05:30,864.0,869.4500122070312,859.7000122070312,867.8499755859375,856.2757568359375,22895912,0.0,0.0
2024-11-01 00:00:00+05:30,866.5,872.0499877929688,863.0499877929688,868.6500244140625,857.0650634765625,1759692,0.0,0.0
2024-11-04 00:00:00+05:30,872.5,872.5,855.4500122070312,857.0499877929688,845.6197509765625,28089248,0.0,0.0
2024-11-05 00:00:00+05:30,851.5,881.3499755859375,848.9500122070312,878.9249877929688,867.2030029296875,44232406,0.0,0.0
2024-11-06 00:00:00+05:30,885.75,885.75,872.6749877929688,877.625,865.9203491210938,27787910,0.0,0.0
2024-11-07 00:00:00+05:30,872.1500244140625,880.4749755859375,869.0,873.2750244140625,861.62841796875,18895456,0.0,0.0
2024-11-08 00:00:00+05:30,876.0,880.9000244140625,872.9249877929688,877.2249755859375,865.525634765625,19902986,0.0,0.0
2024-11-11 00:00:00+05:30,877.2750244140625,891.4000244140625,875.5999755859375,883.1500244140625,871.3717041015625,24565362,0.0,0.0
2024-11-12 00:00:00+05:30,886.0,887.5,854.3250122070312,859.0999755859375,847.6424560546875,31395406,0.0,0.0
2024-11-13 00:00:00+05:30,858.375,864.7000122070312,836.5,840.6749877929688,829.463134765625,35728500,0.0,0.0
2024-11-14 00:00:00+05:30,836.5499877929688,852.4249877929688,836.0499877929688,846.375,835.087158203125,27146470,0.0,0.0
2024-11-18 00:00:00+05:30,850.0,859.4500122070312,847.5,852.5499877929688,841.1797485351562,27081968,0.0,0.0
2024-11-19 00:00:00+05:30,857.0,876.875,851.3499755859375,871.125,859.507080078125,50981272,0.0,0.0
2024-11-21 00:00:00+05:30,874.7000122070312,879.5,867.0999755859375,870.5999755859375,858.989013671875,35716512,0.0,0.0
2024-11-22 00:00:00+05:30,871.7750244140625,877.1500244140625,864.7750244140625,872.7999877929688,861.15966796875,24773612,0.0,0.0
2024-11-25 00:00:00+05:30,892.5250244140625,901.7750244140625,882.4500122070312,892.7999877929688,880.8929443359375,427737274,0.0,0.0
2024-11-26 00:00:00+05:30,905.0,905.0,884.9000244140625,892.7750244140625,880.8683471679688,30935566,0.0,0.0
2024-11-27 00:00:00+05:30,894.9500122070312,908.6749877929688,892.5750122070312,906.1500244140625,894.06494140625,32714976,0.0,0.0
2024-11-28 00:00:00+05:30,909.5,918.0499877929688,894.0,896.5750122070312,884.6176147460938,35722392,0.0,0.0
2024-11-29 00:00:00+05:30,900.6500244140625,902.2999877929688,891.4500122070312,898.0250244140625,886.04833984375,27669536,0.0,0.0
2024-12-02 00:00:00+05:30,901.75,904.0750122070312,887.5,902.3499755859375,890.3156127929688,15110876,0.0,0.0
2024-12-03 00:00:00+05:30,911.3499755859375,918.7000122070312,908.0499877929688,913.1500244140625,900.9715576171875,43410242,0.0,0.0
2024-12-04 00:00:00+05:30,919.0,932.5,915.5750122070312,930.0499877929688,917.6461791992188,44669084,0.0,0.0
2024-12-05 00:00:00+05:30,930.0,939.9749755859375,917.5999755859375,932.875,920.4335327148438,39682714,0.0,0.0
2024-12-06 00:00:00+05:30,928.5,932.0999755859375,922.0,927.9249877929688,915.5494995117188,17783156,0.0,0.0
2024-12-09 00:00:00+05:30,926.8250122070312,940.0,924.5,935.0,922.5302124023438,26947912,0.0,0.0
2024-12-10 00:00:00+05:30,938.8499755859375,938.8499755859375,929.2750244140625,934.0499877929688,921.5928344726562,13325480,0.0,0.0
2024-12-11 00:00:00+05:30,930.8499755859375,935.9500122070312,928.375,931.5499877929688,919.1261596679688,14045426,0.0,0.0
2024-12-12 00:00:00+05:30,925.5,934.3250122070312,924.3499755859375,929.625,917.2268676757812,17293790,0.0,0.0
2024-12-13 00:00:00+05:30,931.25,937.5,914.625,935.875,923.3934936523438,19009002,0.0,0.0
2024-12-16 00:00:00+05:30,932.5499877929688,934.9749755859375,927.625,932.5999755859375,920.1621704101562,13107082,0.0,0.0
2024-12-17 00:00:00+05:30,928.1749877929688,931.1749877929688,913.25,916.625,904.4002685546875,21079532,0.0,0.0
2024-12-18 00:00:00+05:30,914.9249877929688,918.0,903.5750122070312,905.3499755859375,893.275634765625,23422312,0.0,0.0
2024-12-19 00:00:00+05:30,899.7999877929688,900.5499877929688,889.5,896.75,884.790283203125,25380770,0.0,0.0
2024-12-20 00:00:00+05:30,891.0999755859375,898.7750244140625,883.5250244140625,885.75,873.93701171875,25692348,0.0,0.0
2024-12-23 00:00:00+05:30,891.0,903.0,890.6500244140625,900.5,888.4902954101562,11044592,0.0,0.0
2024-12-24 00:00:00+05:30,901.0250244140625,904.3499755859375,894.7750244140625,899.0499877929688,887.0596313476562,14485834,0.0,0.0
2024-12-26 00:00:00+05:30,899.2750244140625,906.0,890.375,895.375,883.4336547851562,10481678,0.0,0.0
2024-12-27 00:00:00+05:30,897.4000244140625,902.9749755859375,894.5499877929688,899.125,887.1336669921875,7259330,0.0,0.0
2024-12-30 00:00:00+05:30,896.0999755859375,907.5,885.5,888.9500122070312,877.0943603515625,22222218,0.0,0.0
2024-12-31 00:00:00+05:30,885.1500244140625,890.9000244140625,882.7999877929688,886.4249877929688,874.6029663085938,14117236,0.0,0.0
2025-01-01 00:00:00+05:30,886.7249755859375,897.0,880.5499877929688,891.375,879.4869995117188,7313806,0.0,0.0
2025-01-02 00:00:00+05:30,888.5499877929688,901.7249755859375,886.5,896.875,884.9136352539062,18558576,0.0,0.0
2025-01-03 00:00:00+05:30,895.5,897.625,873.1500244140625,874.5999755859375,862.9356689453125,24426194,0.0,0.0
2025-01-06 00:00:00+05:30,870.0499877929688,878.5999755859375,852.9000244140625,855.25,843.84375,18816348,0.0,0.0
2025-01-07 00:00:00+05:30,857.5,860.5,850.0,856.7000122070312,845.2744140625,13527906,0.0,0.0
2025-01-08 00:00:00+05:30,854.125,855.8250122070312,841.6749877929688,847.1500244140625,835.8518676757812,19738190,0.0,0.0
2025-01-09 00:00:00+05:30,842.0750122070312,844.5,829.0499877929688,833.9000244140625,822.778564453125,40420222,0.0,0.0
2025-01-10 00:00:00+05:30,835.5,837.4500122070312,827.0,828.375,817.3272094726562,17453280,0.0,0.0
2025-01-13 00:00:00+05:30,820.0,823.375,812.1500244140625,815.4249877929688,804.5499267578125,21669066,0.0,0.0
2025-01-14 00:00:00+05:30,819.9500122070312,828.0999755859375,818.5,823.2999877929688,812.3198852539062,26661432,0.0,0.0
2025-01-15 00:00:00+05:30,828.25,831.3499755859375,818.1500244140625,821.5250244140625,810.568603515625,14022892,0.0,0.0
2025-01-16 00:00:00+05:30,826.4249877929688,830.2750244140625,821.4249877929688,826.0250244140625,815.0086059570312,21212454,0.0,0.0
2025-01-17 00:00:00+05:30,821.75,825.25,814.25,818.375,807.4605712890625,23112076,0.0,0.0
2025-01-20 00:00:00+05:30,813.0,830.4749755859375,813.0,825.625,814.6138916015625,17557618,0.0,0.0
2025-01-21 00:00:00+05:30,829.125,830.5250244140625,816.5250244140625,821.2000122070312,810.2479248046875,31158144,0.0,0.0
2025-01-22 00:00:00+05:30,821.2000122070312,835.9500122070312,812.7249755859375,833.0250244140625,821.9152221679688,30619306,0.0,0.0
2025-01-23 00:00:00+05:30,843.5,843.5,825.625,832.4500122070312,821.347900390625,34909158,0.0,0.0
2025-01-24 00:00:00+05:30,830.0,835.1500244140625,822.25,824.9000244140625,813.8986206054688,24236200,0.0,0.0
2025-01-27 00:00:00+05:30,820.5499877929688,821.7999877929688,813.0,814.9000244140625,804.0319213867188,22804166,0.0,0.0
2025-01-28 00:00:00+05:30,823.5,842.1500244140625,823.5,835.2000122070312,824.0612182617188,30179312,0.0,0.0
2025-01-29 00:00:00+05:30,837.5,840.5750122070312,834.4249877929688,838.6500244140625,827.4651489257812,12619890,0.0,0.0
2025-01-30 00:00:00+05:30,840.5,848.9500122070312,836.2750244140625,845.75,834.4705200195312,25744846,0.0,0.0
2025-01-31 00:00:00+05:30,843.625,852.3499755859375,841.9749755859375,849.375,838.047119140625,15821686,0.0,0.0
2025-02-01 00:00:00+05:30,848.75,856.5,838.0250244140625,845.4749755859375,834.1991577148438,5587528,0.0,0.0
2025-02-03 00:00:00+05:30,835.0,843.4000244140625,831.7249755859375,839.0,827.8104858398438,20276540,0.0,0.0
2025-02-04 00:00:00+05:30,844.3499755859375,862.9000244140625,840.0250244140625,860.4500122070312,848.9744873046875,28616502,0.0,0.0
2025-02-05 00:00:00+05:30,866.5,872.0999755859375,859.4500122070312,868.9000244140625,857.311767578125,23675506,0.0,0.0
2025-02-06 00:00:00+05:30,867.75,874.5,862.0,871.9249877929688,860.29638671875,26760716,0.0,0.0
2025-02-07 00:00:00+05:30,875.0,883.5,862.5,866.375,854.8204345703125,23509600,0.0,0.0
2025-02-10 00:00:00+05:30,858.6500244140625,861.7249755859375,854.25,857.875,846.4337158203125,17195950,0.0,0.0
2025-02-11 00:00:00+05:30,851.5,855.5,844.3499755859375,850.7000122070312,839.3544311523438,22724704,0.0,0.0
2025-02-12 00:00:00+05:30,846.5,856.0,840.5999755859375,853.4000244140625,842.0184326171875,22809570,0.0,0.0
2025-02-13 00:00:00+05:30,849.5,857.125,846.7750244140625,848.8499755859375,837.5291137695312,12602434,0.0,0.0
2025-02-14 00:00:00+05:30,850.9500122070312,850.9500122070312,840.0,847.4249877929688,836.1231079101562,19959892,0.0,0.0
2025-02-17 00:00:00+05:30,842.5999755859375,860.0,840.625,858.6749877929688,847.2230834960938,12938946,0.0,0.0
2025-02-18 00:00:00+05:30,856.5250244140625,865.7750244140625,853.0750122070312,861.5250244140625,850.0350952148438,16350910,0.0,0.0
2025-02-19 00:00:00+05:30,858.5,868.9500122070312,856.2249755859375,863.5999755859375,852.0823974609375,11884112,0.0,0.0
2025-02-20 00:00:00+05:30,855.5,857.3499755859375,842.6500244140625,843.5499877929688,832.2998046875,26390510,0.0,0.0
2025-02-21 00:00:00+05:30,840.4500122070312,847.4749755859375,838.625,846.25,834.9638061523438,15680940,0.0,0.0
2025-02-24 00:00:00+05:30,840.5499877929688,842.0999755859375,830.5499877929688,838.5499877929688,827.366455078125,20693646,0.0,0.0
2025-02-25 00:00:00+05:30,835.5499877929688,844.0,835.5499877929688,841.1749877929688,829.9564819335938,24138708,0.0,0.0
2025-02-27 00:00:00+05:30,841.2750244140625,855.375,841.2750244140625,850.3499755859375,839.0091552734375,35786800,0.0,0.0
2025-02-28 00:00:00+05:30,842.5,868.625,842.5,866.2000122070312,854.6477661132812,54516728,0.0,0.0
2025-03-03 00:00:00+05:30,869.9000244140625,871.5250244140625,847.0499877929688,850.7750244140625,839.428466796875,21205364,0.0,0.0
2025-03-04 00:00:00+05:30,849.0,857.1500244140625,846.625,855.0,843.5971069335938,19920958,0.0,0.0
2025-03-05 00:00:00+05:30,850.9749755859375,855.4000244140625,844.125,845.0,833.73046875,21583872,0.0,0.0
2025-03-06 00:00:00+05:30,843.5,849.9500122070312,836.125,845.5999755859375,834.3224487304688,32966088,0.0,0.0
2025-03-07 00:00:00+05:30,841.0,850.5750122070312,838.7999877929688,844.625,833.3604736328125,13372914,0.0,0.0
2025-03-10 00:00:00+05:30,844.5,849.9500122070312,841.5250244140625,843.75,832.4971313476562,15604050,0.0,0.0
2025-03-11 00:00:00+05:30,841.2000122070312,847.0,835.0250244140625,842.75,831.510498046875,19898430,0.0,0.0
2025-03-12 00:00:00+05:30,845.7750244140625,859.25,845.7750244140625,855.5750122070312,844.1644287109375,18784106,0.0,0.0
2025-03-13 00:00:00+05:30,858.0250244140625,860.4000244140625,850.0250244140625,853.2999877929688,841.9197998046875,15736264,0.0,0.0
2025-03-17 00:00:00+05:30,852.5,862.0,852.5,855.2000122070312,843.79443359375,18950652,0.0,0.0
2025-03-18 00:00:00+05:30,855.2000122070312,855.2000122070312,855.2000122070312,855.2000122070312,843.79443359375,0,0.0,0.0
2025-03-19 00:00:00+05:30,867.5,875.5,866.0999755859375,872.0499877929688,860.4197387695312,15221406,0.0,0.0
2025-03-20 00:00:00+05:30,877.0,887.0,874.6500244140625,884.375,872.5803833007812,17833978,0.0,0.0
2025-03-21 00:00:00+05:30,877.7750244140625,887.0499877929688,877.7750244140625,885.1749877929688,873.3696899414062,33508264,0.0,0.0
2025-03-24 00:00:00+05:30,889.5,902.2000122070312,886.8250122070312,900.0,887.9969482421875,17393736,0.0,0.0
2025-03-25 00:00:00+05:30,902.4500122070312,921.8499755859375,900.75,910.7249755859375,898.5789184570312,39101416,0.0,0.0
2025-03-26 00:00:00+05:30,912.5,913.75,901.0,903.2750244140625,891.2283325195312,24478442,0.0,0.0
2025-03-27 00:00:00+05:30,900.0,920.5,899.0499877929688,912.6749877929688,900.5029296875,41658100,0.0,0.0
2025-03-28 00:00:00+05:30,914.5,918.0,902.9249877929688,914.0999755859375,901.908935546875,28773648,0.0,0.0
2025-04-01 00:00:00+05:30,901.0,904.9500122070312,882.6749877929688,883.9249877929688,872.1363525390625,28511006,0.0,0.0
2025-04-02 00:00:00+05:30,885.3499755859375,899.5999755859375,885.3499755859375,898.4500122070312,886.4676513671875,11573564,0.0,0.0
2025-04-03 00:00:00+05:30,890.5499877929688,902.0,888.5,897.4249877929688,885.456298828125,11250038,0.0,0.0
2025-04-04 00:00:00+05:30,906.5,920.9749755859375,905.5499877929688,908.6500244140625,896.5316162109375,33540454,0.0,0.0
2025-04-07 00:00:00+05:30,881.4000244140625,889.9249877929688,869.0999755859375,878.8499755859375,867.1289672851562,37995450,0.0,0.0
2025-04-08 00:00:00+05:30,882.5,891.0,875.1500244140625,884.5750122070312,872.7777099609375,35563872,0.0,0.0
2025-04-09 00:00:00+05:30,882.5,887.5,876.75,882.5,870.7303466796875,22454608,0.0,0.0
2025-04-11 00:00:00+05:30,887.375,909.7000122070312,887.375,903.375,891.3269653320312,32775766,0.0,0.0
2025-04-15 00:00:00+05:30,932.5,938.4000244140625,927.5,932.4500122070312,920.01416015625,49298344,0.0,0.0
2025-04-16 00:00:00+05:30,941.9000244140625,941.9000244140625,930.25,939.0,926.476806640625,19136820,0.0,0.0
2025-04-17 00:00:00+05:30,941.0,959.8499755859375,938.3499755859375,953.3499755859375,940.6353759765625,35703084,0.0,0.0
2025-04-21 00:00:00+05:30,962.0,975.3499755859375,955.0,963.5499877929688,950.6994018554688,34247298,0.0,0.0
2025-04-22 00:00:00+05:30,967.5,985.2999877929688,967.5,980.8499755859375,967.7686767578125,45961750,0.0,0.0
2025-04-23 00:00:00+05:30,989.4500122070312,989.4500122070312,960.25,961.9500122070312,949.1207885742188,30570642,0.0,0.0
2025-04-24 00:00:00+05:30,955.0,961.9500122070312,952.5499877929688,958.4000244140625,945.6181030273438,25931754,0.0,0.0
2025-04-25 00:00:00+05:30,962.4000244140625,966.5,945.9000244140625,955.5999755859375,942.8554077148438,18500878,0.0,0.0
2025-04-28 00:00:00+05:30,955.5999755859375,964.8499755859375,954.2000122070312,960.0999755859375,947.29541015625,13920492,0.0,0.0
2025-04-29 00:00:00+05:30,959.4000244140625,964.4000244140625,950.0999755859375,954.4000244140625,941.6715087890625,18918308,0.0,0.0
2025-04-30 00:00:00+05:30,956.5,968.4500122070312,955.1500244140625,962.5,949.6633911132812,31936870,0.0,0.0
2025-05-02 00:00:00+05:30,964.9000244140625,970.9500122070312,960.0,960.9500122070312,948.1340942382812,17840404,0.0,0.0
2025-05-05 00:00:00+05:30,969.5,976.0,966.1500244140625,968.4000244140625,955.4847412109375,15068024,0.0,0.0
2025-05-06 00:00:00+05:30,965.0,970.0499877929688,962.1500244140625,965.8499755859375,952.9686889648438,17490156,0.0,0.0
2025-05-07 00:00:00+05:30,967.0,974.3499755859375,961.2000122070312,972.7999877929688,959.8259887695312,21420778,0.0,0.0
2025-05-08 00:00:00+05:30,977.4000244140625,977.4000244140625,959.5499877929688,964.25,951.3900756835938,34803430,0.0,0.0
2025-05-09 00:00:00+05:30,955.0499877929688,959.5,943.4000244140625,944.8499755859375,932.248779296875,17188796,0.0,0.0
2025-05-12 00:00:00+05:30,958.7999877929688,979.9500122070312,956.1500244140625,978.5999755859375,965.5486450195312,18618972,0.0,0.0
2025-05-13 00:00:00+05:30,975.0,980.8499755859375,960.0,961.2999877929688,948.4794311523438,24242102,0.0,0.0
2025-05-14 00:00:00+05:30,961.0499877929688,965.0999755859375,951.5,955.2999877929688,942.5594482421875,15445308,0.0,0.0
2025-05-15 00:00:00+05:30,956.75,972.4000244140625,948.5,966.9000244140625,954.0047607421875,32241458,0.0,0.0
2025-05-16 00:00:00+05:30,966.9000244140625,971.9000244140625,964.2000122070312,967.3499755859375,954.44873046875,15868010,0.0,0.0
2025-05-19 00:00:00+05:30,968.5,972.5,965.5,969.3499755859375,956.4220581054688,10202964,0.0,0.0
2025-05-20 00:00:00+05:30,964.0499877929688,967.2999877929688,956.5,957.4500122070312,944.6807861328125,23879090,0.0,0.0
2025-05-21 00:00:00+05:30,963.5,973.4500122070312,960.5499877929688,963.4000244140625,950.5514526367188,15132040,0.0,0.0
2025-05-22 00:00:00+05:30,957.5999755859375,962.0999755859375,952.5999755859375,959.9500122070312,947.1474609375,21306670,0.0,0.0
2025-05-23 00:00:00+05:30,960.0499877929688,968.5,957.25,966.7999877929688,953.906005859375,9566072,0.0,0.0
2025-05-26 00:00:00+05:30,967.5,974.9500122070312,963.4500122070312,970.0999755859375,957.1620483398438,10802860,0.0,0.0
2025-05-27 00:00:00+05:30,965.7999877929688,974.0,958.1500244140625,963.1500244140625,950.3048095703125,26162148,0.0,0.0
2025-05-28 00:00:00+05:30,960.0999755859375,967.25,958.8499755859375,961.75,948.9234619140625,18157594,0.0,0.0
2025-05-29 00:00:00+05:30,964.0,970.4000244140625,953.6500244140625,963.75,950.896728515625,28917794,0.0,0.0
2025-05-30 00:00:00+05:30,965.9500122070312,974.4000244140625,962.7000122070312,972.4500122070312,959.4807739257812,28748078,0.0,0.0
2025-06-02 00:00:00+05:30,965.0499877929688,968.0,954.0,966.0499877929688,953.1660766601562,14668822,0.0,0.0
2025-06-03 00:00:00+05:30,969.0,976.0,960.0,962.2999877929688,949.466064453125,24377584,0.0,0.0
2025-06-04 00:00:00+05:30,960.5,971.6500244140625,960.4500122070312,970.5999755859375,957.6553955078125,12961542,0.0,0.0
2025-06-05 00:00:00+05:30,974.0,979.4500122070312,970.0999755859375,974.7999877929688,961.7993774414062,22255418,0.0,0.0
2025-06-06 00:00:00+05:30,972.0,998.1500244140625,971.3499755859375,989.3499755859375,976.1552734375,30127008,0.0,0.0
2025-06-09 00:00:00+05:30,997.5,997.5,987.9500122070312,989.4500122070312,976.2539672851562,13202588,0.0,0.0
2025-06-10 00:00:00+05:30,991.4000244140625,991.4000244140625,980.5499877929688,982.6500244140625,969.5447387695312,15533126,0.0,0.0
2025-06-11 00:00:00+05:30,983.7999877929688,983.7999877929688,973.5,975.2000122070312,962.194091796875,11096394,0.0,0.0
2025-06-12 00:00:00+05:30,975.0,980.5,967.6500244140625,971.7000122070312,958.74072265625,16349130,0.0,0.0
2025-06-13 00:00:00+05:30,960.0,966.5,956.5,958.7999877929688,946.0127563476562,12117762,0.0,0.0
2025-06-16 00:00:00+05:30,962.0,969.4500122070312,960.0499877929688,967.7000122070312,954.7940673828125,16513746,0.0,0.0
2025-06-17 00:00:00+05:30,968.5,970.7999877929688,959.5499877929688,964.7999877929688,951.9327392578125,16978736,0.0,0.0
2025-06-18 00:00:00+05:30,958.5,968.1500244140625,958.5,966.9500122070312,954.0540771484375,18433816,0.0,0.0
2025-06-19 00:00:00+05:30,966.9500122070312,973.4000244140625,962.7999877929688,967.6500244140625,954.7447509765625,16876220,0.0,0.0
2025-06-20 00:00:00+05:30,965.7999877929688,984.9500122070312,965.7999877929688,982.3499755859375,969.2486572265625,32900408,0.0,0.0
2025-06-23 00:00:00+05:30,974.2000122070312,978.9500122070312,970.9000244140625,974.2000122070312,961.2073364257812,11739518,0.0,0.0
2025-06-24 00:00:00+05:30,982.5,989.5,977.7999877929688,980.4500122070312,967.3740234375,22625322,0.0,0.0
2025-06-25 00:00:00+05:30,983.0,991.0,981.9500122070312,990.0999755859375,976.8953247070312,18405932,0.0,0.0
2025-06-26 00:00:00+05:30,990.7000122070312,1013.5499877929688,990.0,1010.9000244140625,997.41796875,50084830,0.0,0.0
2025-06-27 00:00:00+05:30,1006.5,1009.9000244140625,996.7000122070312,1007.4500122070312,1004.9491577148438,28213384,11.0,0.0
2025-06-30 00:00:00+05:30,1005.75,1006.9000244140625,997.75,1000.75,998.2658081054688,13649020,0.0,0.0
2025-07-01 00:00:00+05:30,1002.5,1008.0,1002.0,1006.0499877929688,1003.5526123046875,14389386,0.0,0.0
2025-07-02 00:00:00+05:30,1009.9500122070312,1009.9500122070312,988.9500122070312,993.0,990.5350341796875,18878250,0.0,0.0
2025-07-03 00:00:00+05:30,997.4500122070312,1004.0,992.1500244140625,993.5499877929688,991.0836181640625,16860506,0.0,0.0
2025-07-04 00:00:00+05:30,993.5499877929688,1001.75,990.0,994.6500244140625,992.1809692382812,7863944,0.0,0.0
2025-07-07 00:00:00+05:30,994.5,999.2000122070312,991.9000244140625,993.7000122070312,991.2332763671875,11349426,0.0,0.0
2025-07-08 00:00:00+05:30,988.5,1002.5,988.5,1000.7000122070312,998.2159423828125,15224316,0.0,0.0
2025-07-09 00:00:00+05:30,1003.5,1006.9000244140625,999.0499877929688,1005.5999755859375,1003.1036987304688,13861428,0.0,0.0
2025-07-10 00:00:00+05:30,1008.0,1008.5,1000.0,1003.0999755859375,1000.6099243164062,17030310,0.0,0.0
2025-07-11 00:00:00+05:30,999.0,1002.4000244140625,990.4500122070312,991.8499755859375,989.3878784179688,12516922,0.0,0.0
2025-07-14 00:00:00+05:30,991.5,994.3499755859375,985.2999877929688,991.5,989.0387573242188,13088850,0.0,0.0
2025-07-15 00:00:00+05:30,986.5,1001.7999877929688,986.5,997.75,995.2732543945312,14498168,0.0,0.0
2025-07-16 00:00:00+05:30,1009.0,1011.3499755859375,996.2999877929688,998.1500244140625,995.6722412109375,17994612,0.0,0.0
2025-07-17 00:00:00+05:30,1002.0,1002.4000244140625,991.3499755859375,993.4500122070312,990.98388671875,22529158,0.0,0.0
2025-07-18 00:00:00+05:30,993.4500122070312,998.5,976.5,978.7000122070312,976.2705078125,16129446,0.0,0.0
2025-07-21 00:00:00+05:30,989.0999755859375,1001.0,988.25,1000.25,997.7670288085938,22309078,0.0,0.0
2025-07-22 00:00:00+05:30,1006.5499877929688,1009.0,1001.5,1003.5499877929688,1001.058837890625,14836814,0.0,0.0
2025-07-23 00:00:00+05:30,1005.5,1014.9000244140625,1001.5,1012.1500244140625,1009.6375122070312,13634916,0.0,0.0
2025-07-24 00:00:00+05:30,1018.8499755859375,1018.8499755859375,1004.2000122070312,1007.0999755859375,1004.5999755859375,19107176,0.0,0.0
2025-07-25 00:00:00+05:30,1007.5,1007.5,999.5,1002.2999877929688,1002.2999877929688,9306598,2.5,0.0
2025-07-28 00:00:00+05:30,1001.5,1010.7000122070312,1000.25,1004.25,1004.25,12059580,0.0,0.0
2025-07-29 00:00:00+05:30,999.9500122070312,1013.25,998.1500244140625,1010.7999877929688,1010.7999877929688,19895696,0.0,0.0
2025-07-30 00:00:00+05:30,1014.0,1016.2999877929688,1008.5,1012.9000244140625,1012.9000244140625,15154036,0.0,0.0
2025-07-31 00:00:00+05:30,1007.2999877929688,1015.7000122070312,1004.0,1009.0999755859375,1009.0999755859375,22183032,0.0,0.0
2025-08-01 00:00:00+05:30,1007.0,1014.1500244140625,1004.6500244140625,1006.0999755859375,1006.0999755859375,11317258,0.0,0.0
2025-08-04 00:00:00+05:30,1005.0499877929688,1009.25,994.0499877929688,996.0,996.0,13933946,0.0,0.0
2025-08-05 00:00:00+05:30,993.25,997.2000122070312,982.75,988.7999877929688,988.7999877929688,23978058,0.0,0.0
2025-08-06 00:00:00+05:30,985.5499877929688,994.0,985.0,992.6500244140625,992.6500244140625,14080204,0.0,0.0
2025-08-07 00:00:00+05:30,990.0499877929688,1000.7999877929688,988.4000244140625,997.7000122070312,997.7000122070312,13081186,0.0,0.0
2025-08-08 00:00:00+05:30,993.5499877929688,996.4000244140625,985.0,986.9500122070312,986.9500122070312,13895264,0.0,0.0
2025-08-11 00:00:00+05:30,987.9500122070312,998.7999877929688,986.5499877929688,997.7999877929688,997.7999877929688,9105854,0.0,0.0
2025-08-12 00:00:00+05:30,995.9500122070312,998.0,983.75,984.9500122070312,984.9500122070312,12937802,0.0,0.0
2025-08-13 00:00:00+05:30,997.0,997.0,984.5499877929688,990.1500244140625,990.1500244140625,13577396,0.0,0.0
2025-08-14 00:00:00+05:30,989.0,998.0,985.5999755859375,995.5499877929688,995.5499877929688,17511716,0.0,0.0
2025-08-18 00:00:00+05:30,1005.0,1013.2999877929688,997.7999877929688,1001.7999877929688,1001.7999877929688,19284796,0.0,0.0
2025-08-19 00:00:00+05:30,999.1500244140625,1003.0499877929688,993.3499755859375,995.5499877929688,995.5499877929688,12352438,0.0,0.0
2025-08-20 00:00:00+05:30,993.5,996.0,989.5,994.0999755859375,994.0999755859375,9950228,0.0,0.0
2025-08-21 00:00:00+05:30,998.75,998.75,991.5999755859375,995.5999755859375,995.5999755859375,12439850,0.0,0.0
2025-08-22 00:00:00+05:30,994.9500122070312,998.0,978.5499877929688,982.2999877929688,982.2999877929688,19833502,0.0,0.0
2025-08-25 00:00:00+05:30,980.0999755859375,988.7000122070312,978.5,982.0499877929688,982.0499877929688,17518044,0.0,0.0
2025-08-26 00:00:00+05:30,979.5,985.7000122070312,968.0,973.4000244140625,973.4000244140625,16917731,0.0,2.0
2025-08-28 00:00:00+05:30,967.0,972.2000122070312,955.0,957.7999877929688,957.7999877929688,25438255,0.0,0.0
2025-08-29 00:00:00+05:30,954.0,963.2999877929688,950.0999755859375,951.5999755859375,951.5999755859375,14823813,0.0,0.0
2025-09-01 00:00:00+05:30,949.5999755859375,957.4500122070312,946.3499755859375,950.5999755859375,950.5999755859375,20178344,0.0,0.0
2025-09-02 00:00:00+05:30,951.0,954.7999877929688,944.0,944.5,944.5,14196320,0.0,0.0
2025-09-03 00:00:00+05:30,945.0,956.2999877929688,940.0,954.4500122070312,954.4500122070312,16083481,0.0,0.0
2025-09-04 00:00:00+05:30,960.2000122070312,965.7000122070312,956.25,961.25,961.25,17597657,0.0,0.0
2025-09-05 00:00:00+05:30,967.5,967.5,954.0499877929688,963.4000244140625,963.4000244140625,11602111,0.0,0.0
2025-09-08 00:00:00+05:30,969.0,973.1500244140625,960.4500122070312,966.0,966.0,11711307,0.0,0.0
2025-09-09 00:00:00+05:30,974.0,974.4000244140625,962.7000122070312,965.1500244140625,965.1500244140625,13985539,0.0,0.0
2025-09-10 00:00:00+05:30,973.9000244140625,973.9000244140625,961.7000122070312,965.9000244140625,965.9000244140625,18091100,0.0,0.0
2025-09-11 00:00:00+05:30,960.2999877929688,969.25,959.9000244140625,967.7999877929688,967.7999877929688,15113633,0.0,0.0
2025-09-12 00:00:00+05:30,969.9000244140625,970.75,962.25,967.2999877929688,967.2999877929688,14363519,0.0,0.0
2025-09-15 00:00:00+05:30,969.5999755859375,972.3499755859375,965.0,967.0499877929688,967.0499877929688,14486377,0.0,0.0
2025-09-16 00:00:00+05:30,961.2000122070312,969.3499755859375,961.2000122070312,966.8499755859375,966.8499755859375,18661794,0.0,0.0
2025-09-17 00:00:00+05:30,965.1500244140625,974.4000244140625,964.3499755859375,966.5,966.5,17361476,0.0,0.0
2025-09-18 00:00:00+05:30,973.2999877929688,979.6500244140625,969.25,976.9000244140625,976.9000244140625,17791598,0.0,0.0
2025-09-19 00:00:00+05:30,974.9000244140625,976.7000122070312,962.0999755859375,966.9000244140625,966.9000244140625,31243267,0.0,0.0
2025-09-22 00:00:00+05:30,964.0,971.2000122070312,961.9500122070312,964.2000122070312,964.2000122070312,10854415,0.0,0.0
2025-09-23 00:00:00+05:30,967.0,968.2000122070312,955.5,957.2000122070312,957.2000122070312,21022298,0.0,0.0
2025-09-24 00:00:00+05:30,952.2000122070312,956.4500122070312,943.0,951.0499877929688,951.0499877929688,15117220,0.0,0.0
2025-09-25 00:00:00+05:30,952.5,958.0,947.4000244140625,949.8499755859375,949.8499755859375,31413279,0.0,0.0
2025-09-26 00:00:00+05:30,945.0999755859375,951.4500122070312,941.2999877929688,945.0499877929688,945.0499877929688,14874656,0.0,0.0
2025-09-29 00:00:00+05:30,946.0499877929688,956.7999877929688,939.0999755859375,950.2999877929688,950.2999877929688,32398179,0.0,0.0
2025-09-30 00:00:00+05:30,958.0499877929688,960.0,946.2999877929688,951.0,951.0,28296687,0.0,0.0
2025-10-01 00:00:00+05:30,952.7000122070312,969.5999755859375,946.0,965.25,965.25,25350832,0.0,0.0
2025-10-03 00:00:00+05:30,952.0,966.75,952.0,965.1500244140625,965.1500244140625,26658296,0.0,0.0
2025-10-06 00:00:00+05:30,971.9000244140625,977.4000244140625,962.0,973.4500122070312,973.4500122070312,18542683,0.0,0.0
2025-10-07 00:00:00+05:30,974.0,989.8499755859375,971.0,982.5,982.5,25535736,0.0,0.0
2025-10-08 00:00:00+05:30,976.0,985.9000244140625,974.5499877929688,978.7000122070312,978.7000122070312,15939710,0.0,0.0
2025-10-09 00:00:00+05:30,974.5,979.0,970.1500244140625,977.0999755859375,977.0999755859375,15370950,0.0,0.0
2025-10-10 00:00:00+05:30,979.0,986.2000122070312,978.0999755859375,980.9000244140625,980.9000244140625,13757080,0.0,0.0
2025-10-13 00:00:00+05:30,974.2999877929688,981.0,972.0,977.0,977.0,18634254,0.0,0.0
2025-10-14 00:00:00+05:30,970.0,980.4500122070312,967.0,977.1500244140625,977.1500244140625,22934382,0.0,0.0
2025-10-15 00:00:00+05:30,975.0,984.9000244140625,973.3499755859375,978.25,978.25,23310447,0.0,0.0
2025-10-16 00:00:00+05:30,982.6500244140625,996.5999755859375,981.5,994.3499755859375,994.3499755859375,22936566,0.0,0.0
2025-10-17 00:00:00+05:30,993.9500122070312,1009.0,986.0,1002.5499877929688,1002.5499877929688,25210511,0.0,0.0
2025-10-20 00:00:00+05:30,997.0,1020.0,997.0,1002.9500122070312,1002.9500122070312,22195202,0.0,0.0
2025-10-21 00:00:00+05:30,1006.0,1010.0,1004.0,1007.7000122070312,1007.7000122070312,3471600,0.0,0.0
2025-10-23 00:00:00+05:30,1016.0,1020.5,1006.0,1008.7999877929688,1008.7999877929688,43526526,0.0,0.0
2025-10-24 00:00:00+05:30,1011.0,1011.9500122070312,991.2999877929688,994.75,994.75,17707768,0.0,0.0
2025-10-27 00:00:00+05:30,996.5,1009.0499877929688,996.2000122070312,1002.9500122070312,1002.9500122070312,15700796,0.0,0.0
2025-10-28 00:00:00+05:30,997.6500244140625,1008.0,995.0,1003.5499877929688,1003.5499877929688,33904289,0.0,0.0
2025-10-29 00:00:00+05:30,1004.9000244140625,1012.5,1000.0,1007.8499755859375,1007.8499755859375,17769445,0.0,0.0
2025-10-30 00:00:00+05:30,1000.0,1009.5,997.0999755859375,998.1500244140625,998.1500244140625,19962917,0.0,0.0
2025-10-31 00:00:00+05:30,994.0,1004.4500122070312,981.1500244140625,987.2999877929688,987.2999877929688,23221330,0.0,0.0
2025-11-03 00:00:00+05:30,985.0,994.5499877929688,983.2999877929688,992.6500244140625,992.6500244140625,16607180,0.0,0.0
2025-11-04 00:00:00+05:30,987.0,997.0,983.7000122070312,985.25,985.25,20024544,0.0,0.0
2025-11-05 00:00:00+05:30,985.25,985.25,985.25,985.25,985.25,0,0.0,0.0
2025-11-06 00:00:00+05:30,981.0,991.0499877929688,974.0,984.6500244140625,984.6500244140625,22279516,0.0,0.0
2025-11-07 00:00:00+05:30,980.0,984.9000244140625,974.75,982.2999877929688,982.2999877929688,15004568,0.0,0.0
2025-11-10 00:00:00+05:30,982.2999877929688,990.9500122070312,980.2000122070312,984.5,984.5,15988262,0.0,0.0
2025-11-11 00:00:00+05:30,983.5,993.5,978.0,991.7000122070312,991.7000122070312,10200530,0.0,0.0
2025-11-12 00:00:00+05:30,998.7999877929688,999.0,987.7000122070312,989.5,989.5,13137263,0.0,0.0
2025-11-13 00:00:00+05:30,984.0,990.0999755859375,982.5999755859375,986.6500244140625,986.6500244140625,14124839,0.0,0.0
2025-11-14 00:00:00+05:30,976.0499877929688,991.6500244140625,976.0499877929688,989.5999755859375,989.5999755859375,21386965,0.0,0.0
2025-11-17 00:00:00+05:30,991.25,997.9500122070312,985.5999755859375,996.5499877929688,996.5499877929688,18396408,0.0,0.0
2025-11-18 00:00:00+05:30,997.6500244140625,999.0,990.0,992.4500122070312,992.4500122070312,20002640,0.0,0.0
2025-11-19 00:00:00+05:30,990.0,996.5499877929688,984.0,994.5999755859375,994.5999755859375,19813847,0.0,0.0
2025-11-20 00:00:00+05:30,995.2999877929688,1011.5999755859375,992.4500122070312,1008.8499755859375,1008.8499755859375,19850865,0.0,0.0
2025-11-21 00:00:00+05:30,1003.0999755859375,1008.2999877929688,996.5499877929688,998.0499877929688,998.0499877929688,17499897,0.0,0.0
2025-11-24 00:00:00+05:30,1000.0,1011.4500122070312,993.5999755859375,999.1500244140625,999.1500244140625,32204053,0.0,0.0
2025-11-25 00:00:00+05:30,1004.0,1006.0999755859375,988.4000244140625,989.7999877929688,989.7999877929688,24989383,0.0,0.0
2025-11-26 00:00:00+05:30,981.2999877929688,1006.9500122070312,981.2999877929688,1003.9000244140625,1003.9000244140625,19494356,0.0,0.0
2025-11-27 00:00:00+05:30,1002.0999755859375,1016.7999877929688,1001.0,1009.5,1009.5,25536848,0.0,0.0
2025-11-28 00:00:00+05:30,1007.0,1012.0499877929688,1004.2000122070312,1007.5999755859375,1007.5999755859375,15988807,0.0,0.0
2025-12-01 00:00:00+05:30,1017.5,1017.5,999.2999877929688,1002.0999755859375,1002.0999755859375,16746566,0.0,0.0
2025-12-02 00:00:00+05:30,988.0,994.4000244140625,985.0,989.7999877929688,989.7999877929688,27316662,0.0,0.0
2025-12-03 00:00:00+05:30,986.0,1002.2999877929688,986.0,1000.5,1000.5,15448777,0.0,0.0
2025-12-04 00:00:00+05:30,1000.0,1004.7000122070312,993.0,997.2000122070312,997.2000122070312,14528169,0.0,0.0
2025-12-05 00:00:00+05:30,992.0,1008.0,990.2000122070312,1003.2999877929688,1003.2999877929688,12843366,0.0,0.0
2025-12-08 00:00:00+05:30,1000.0,1006.5,997.5,1003.0999755859375,1003.0999755859375,12901022,0.0,0.0
2025-12-09 00:00:00+05:30,994.9000244140625,1002.7999877929688,994.0,997.0999755859375,997.0999755859375,15294322,0.0,0.0
2025-12-10 00:00:00+05:30,997.5,998.5,985.2999877929688,989.7999877929688,989.7999877929688,15322830,0.0,0.0
2025-12-11 00:00:00+05:30,990.0,1002.7000122070312,988.5,1000.2999877929688,1000.2999877929688,11844809,0.0,0.0
2025-12-12 00:00:00+05:30,1003.0,1004.7000122070312,998.2000122070312,1001.5,1001.5,11988618,0.0,0.0
2025-12-15 00:00:00+05:30,992.0,1001.7999877929688,992.0,996.0999755859375,996.0999755859375,9790060,0.0,0.0
2025-12-16 00:00:00+05:30,990.0999755859375,998.7000122070312,990.0999755859375,994.2999877929688,994.2999877929688,20049088,0.0,0.0
2025-12-17 00:00:00+05:30,996.0,996.0,980.7999877929688,984.0,984.0,19080922,0.0,0.0
2025-12-18 00:00:00+05:30,973.2999877929688,987.4000244140625,973.2999877929688,979.7000122070312,979.7000122070312,14912404,0.0,0.0
2025-12-19 00:00:00+05:30,987.0,988.0,978.7000122070312,985.5,985.5,25952384,0.0,0.0
2025-12-22 00:00:00+05:30,988.0,992.9000244140625,983.9000244140625,987.7000122070312,987.7000122070312,13540411,0.0,0.0
2025-12-23 00:00:00+05:30,990.5,998.9000244140625,987.7000122070312,996.5999755859375,996.5999755859375,17927849,0.0,0.0
2025-12-24 00:00:00+05:30,993.0,999.4000244140625,993.0,997.2000122070312,997.2000122070312,13699996,0.0,0.0
2025-12-25 00:00:00+05:30,997.2000122070312,997.2000122070312,997.2000122070312,997.2000122070312,997.2000122070312,0,0.0,0.0
2025-12-26 00:00:00+05:30,996.0,997.2000122070312,987.7000122070312,992.0999755859375,992.0999755859375,9360853,0.0,0.0
2025-12-29 00:00:00+05:30,993.0999755859375,997.4000244140625,987.2000122070312,991.7000122070312,991.7000122070312,13545749,0.0,0.0
2025-12-30 00:00:00+05:30,990.2000122070312,995.0,982.2000122070312,990.9000244140625,990.9000244140625,33155849,0.0,0.0
2025-12-31 00:00:00+05:30,991.0,997.5999755859375,987.5999755859375,991.2000122070312,991.2000122070312,10963454,0.0,0.0
2026-01-01 00:00:00+05:30,993.5,997.5499877929688,989.5,991.1500244140625,991.1500244140625,7132074,0.0,0.0
2026-01-02 00:00:00+05:30,991.1500244140625,1003.2000122070312,988.7999877929688,1001.5999755859375,1001.5999755859375,11751459,0.0,0.0
2026-01-05 00:00:00+05:30,1005.75,1006.4000244140625,976.2999877929688,977.5,977.5,27647379,0.0,0.0
2026-01-06 00:00:00+05:30,962.7000122070312,966.7000122070312,956.0,962.2000122070312,962.2000122070312,31988783,0.0,0.0
2026-01-07 00:00:00+05:30,956.0,956.4500122070312,946.0,949.0499877929688,949.0499877929688,52884712,0.0,0.0
2026-01-08 00:00:00+05:30,944.7000122070312,953.0,941.4000244140625,946.7000122070312,946.7000122070312,21928849,0.0,0.0
2026-01-09 00:00:00+05:30,945.0,950.5999755859375,933.2999877929688,939.0,939.0,38183839,0.0,0.0
2026-01-12 00:00:00+05:30,937.5,942.0,929.5999755859375,936.9500122070312,936.9500122070312,21071666,0.0,0.0
2026-01-13 00:00:00+05:30,947.7000122070312,947.7000122070312,932.5999755859375,937.3499755859375,937.3499755859375,32042827,0.0,0.0
2026-01-14 00:00:00+05:30,930.0,940.0499877929688,920.2000122070312,925.4500122070312,925.4500122070312,36688248,0.0,0.0
2026-01-15 00:00:00+05:30,925.4500122070312,925.4500122070312,925.4500122070312,925.4500122070312,925.4500122070312,0,0.0,0.0
2026-01-16 00:00:00+05:30,922.0,935.9500122070312,919.2000122070312,931.0999755859375,931.0999755859375,37780235,0.0,0.0
2026-01-19 00:00:00+05:30,935.9000244140625,936.1500244140625,919.5,927.9000244140625,927.9000244140625,38191942,0.0,0.0
2026-01-20 00:00:00+05:30,929.2999877929688,934.5,919.5999755859375,931.2000122070312,931.2000122070312,36022727,0.0,0.0
2026-01-21 00:00:00+05:30,925.0,932.1500244140625,915.5,920.3499755859375,920.3499755859375,32766854,0.0,0.0
2026-01-22 00:00:00+05:30,928.0,928.2999877929688,913.2000122070312,918.7000122070312,918.7000122070312,44444755,0.0,0.0
2026-01-23 00:00:00+05:30,920.0,926.0999755859375,909.25,916.0999755859375,916.0999755859375,30985247,0.0,0.0
