Date,Open,High,Low,Close,Adj Close,Volume,Dividends,Stock Splits
1996-01-01 00:00:00+05:30,78.56979370117188,86.39187622070312,77.88035583496094,78.22081756591797,58.14008712768555,15273,0.0,0.0
1996-01-02 00:00:00+05:30,78.22081756591797,78.43360900878906,78.13570404052734,78.39105224609375,58.2666130065918,17623,0.0,0.0
1996-01-03 00:00:00+05:30,78.39105224609375,78.13570404052734,78.05059051513672,78.05059051513672,58.01355743408203,5286,0.0,0.0
1996-01-04 00:00:00+05:30,77.88035583496094,77.88035583496094,77.20368957519531,77.20368957519531,57.38407897949219,12336,0.0,0.0
1996-01-05 00:00:00+05:30,77.11431884765625,77.1994400024414,76.88451385498047,76.99516296386719,57.22908401489258,12923,0.0,0.0
1996-01-08 00:00:00+05:30,77.02920532226562,77.11431884765625,76.60363006591797,76.6334228515625,56.960208892822266,14685,0.0,0.0
1996-01-09 00:00:00+05:30,76.6334228515625,77.11431884765625,75.75247955322266,76.60363006591797,56.938053131103516,26434,0.0,0.0
1996-01-10 00:00:00+05:30,76.60363006591797,77.45478057861328,76.60363006591797,76.60363006591797,56.938053131103516,7636,0.0,0.0
1996-01-11 00:00:00+05:30,76.60363006591797,77.02920532226562,74.90132904052734,77.02920532226562,57.25437545776367,14685,0.0,0.0
1996-01-12 00:00:00+05:30,77.02920532226562,77.28455352783203,76.60363006591797,77.1994400024414,57.380924224853516,6461,0.0,0.0
1996-01-15 00:00:00+05:30,77.1994400024414,76.944091796875,76.60363006591797,76.60363006591797,56.938053131103516,14685,0.0,0.0
1996-01-16 00:00:00+05:30,76.60363006591797,76.3908462524414,75.41201782226562,75.45457458496094,56.08396911621094,10573,0.0,0.0
1996-01-17 00:00:00+05:30,75.45457458496094,77.36966705322266,75.82908630371094,77.20368957519531,57.38407897949219,67555,0.0,0.0
1996-01-18 00:00:00+05:30,77.20368957519531,77.88035583496094,74.05017852783203,76.69300079345703,57.004478454589844,46407,0.0,0.0
1996-01-19 00:00:00+05:30,76.69300079345703,81.71054077148438,76.43340301513672,76.95260620117188,57.197452545166016,24085,0.0,0.0
1996-01-22 00:00:00+05:30,76.95260620117188,76.944091796875,76.48872375488281,76.83344268798828,57.108882904052734,15273,0.0,0.0
1996-01-23 00:00:00+05:30,76.83344268798828,77.03346252441406,76.6078872680664,76.61214447021484,56.94438934326172,43470,0.0,0.0
1996-01-24 00:00:00+05:30,76.61214447021484,76.944091796875,76.01207733154297,76.48021697998047,56.84633255004883,82241,0.0,0.0
1996-01-25 00:00:00+05:30,76.48021697998047,77.11431884765625,76.18231201171875,76.99942016601562,57.23223876953125,46407,0.0,0.0
1996-01-26 00:00:00+05:30,76.99942016601562,76.99942016601562,76.99942016601562,76.99942016601562,57.23223876953125,0,0.0,0.0
1996-01-29 00:00:00+05:30,76.99942016601562,77.45478057861328,76.27168273925781,77.11431884765625,57.317649841308594,249074,0.0,0.0
1996-01-30 00:00:00+05:30,77.11431884765625,78.47616577148438,76.69300079345703,77.51436614990234,57.614994049072266,293719,0.0,0.0
1996-01-31 00:00:00+05:30,77.51436614990234,77.88035583496094,77.02920532226562,77.11431884765625,57.317649841308594,12336,0.0,0.0
1996-02-01 00:00:00+05:30,77.11431884765625,80.4338150024414,77.45903778076172,79.1145248413086,58.804351806640625,358338,0.0,0.0
1996-02-02 00:00:00+05:30,79.1145248413086,82.56169128417969,80.68915557861328,82.56169128417969,61.3665771484375,27609,0.0,0.0
1996-02-05 00:00:00+05:30,82.56169128417969,90.64337158203125,81.45519256591797,85.49391174316406,63.54603958129883,509897,0.0,0.0
1996-02-06 00:00:00+05:30,85.49391174316406,86.81745147705078,83.83841705322266,85.43858337402344,63.504940032958984,647945,0.0,0.0
1996-02-07 00:00:00+05:30,85.43858337402344,86.81745147705078,83.83841705322266,85.57476806640625,63.606143951416016,549255,0.0,0.0
1996-02-08 00:00:00+05:30,85.57476806640625,91.498779296875,85.96629333496094,88.17929077148438,65.54203033447266,520471,0.0,0.0
1996-02-09 00:00:00+05:30,88.17929077148438,93.24364471435547,87.32814025878906,92.4265365600586,68.69892883300781,142747,0.0,0.0
1996-02-12 00:00:00+05:30,94.81827545166016,96.18011474609375,93.62666320800781,93.924560546875,69.8123779296875,99864,0.0,0.0
1996-02-13 00:00:00+05:30,93.924560546875,95.32896423339844,91.92435455322266,95.18001556396484,70.74553680419922,109851,0.0,0.0
1996-02-14 00:00:00+05:30,95.18001556396484,104.6916275024414,94.9885025024414,103.63619995117188,77.0308837890625,511072,0.0,0.0
1996-02-15 00:00:00+05:30,103.63619995117188,99.15914154052734,97.03126525878906,98.32076263427734,73.08001708984375,54631,0.0,0.0
1996-02-16 00:00:00+05:30,98.32076263427734,99.15914154052734,88.94532775878906,98.12074279785156,72.93133544921875,98102,0.0,0.0
1996-02-19 00:00:00+05:30,98.12074279785156,96.18011474609375,90.22205352783203,95.39705657958984,70.9068603515625,31134,0.0,0.0
1996-02-20 00:00:00+05:30,95.39705657958984,95.49919128417969,93.62666320800781,95.1757583618164,70.74239349365234,48757,0.0,0.0
1996-02-21 00:00:00+05:30,95.1757583618164,95.1757583618164,95.1757583618164,95.1757583618164,70.74239349365234,0,0.0,0.0
1996-02-22 00:00:00+05:30,95.1757583618164,97.03126525878906,95.49919128417969,95.83965301513672,71.23582458496094,25847,0.0,0.0
1996-02-23 00:00:00+05:30,95.83965301513672,98.64845275878906,95.32896423339844,97.20574951171875,72.25122833251953,56394,0.0,0.0
1996-02-26 00:00:00+05:30,97.20574951171875,98.39311218261719,95.7545394897461,97.87815856933594,72.75103759765625,60506,0.0,0.0
1996-02-27 00:00:00+05:30,97.87815856933594,99.15914154052734,94.69059753417969,95.69070434570312,71.12513732910156,37596,0.0,0.0
1996-02-28 00:00:00+05:30,95.69070434570312,99.41448974609375,96.18437194824219,97.9632797241211,72.8143081665039,102214,0.0,0.0
1996-02-29 00:00:00+05:30,97.9632797241211,101.96369171142578,94.90338897705078,96.05670166015625,71.39717102050781,65205,0.0,0.0
1996-03-01 00:00:00+05:30,96.05670166015625,96.18011474609375,93.62666320800781,95.6609115600586,71.10299682617188,18210,0.0,0.0
1996-03-04 00:00:00+05:30,95.6609115600586,98.05265045166016,95.32896423339844,97.71218872070312,72.6276626586914,173882,0.0,0.0
1996-03-05 00:00:00+05:30,97.71218872070312,97.71218872070312,97.71218872070312,97.71218872070312,72.6276626586914,0,0.0,0.0
1996-03-06 00:00:00+05:30,97.71218872070312,98.2228775024414,95.7545394897461,97.76750946044922,72.66879272460938,32896,0.0,0.0
1996-03-07 00:00:00+05:30,97.76750946044922,97.45684051513672,96.73336029052734,96.86529541015625,71.99817657470703,11161,0.0,0.0
1996-03-08 00:00:00+05:30,96.86529541015625,96.52057647705078,95.32896423339844,96.18011474609375,71.4889144897461,21735,0.0,0.0
1996-03-11 00:00:00+05:30,96.18011474609375,94.733154296875,92.7755126953125,93.924560546875,69.8123779296875,16448,0.0,0.0
1996-03-12 00:00:00+05:30,93.924560546875,94.05223846435547,93.20108795166016,93.3287582397461,69.36953735351562,41120,0.0,0.0
1996-03-13 00:00:00+05:30,93.3287582397461,94.38844299316406,93.28620147705078,93.28620147705078,69.33792114257812,22322,0.0,0.0
1996-03-14 00:00:00+05:30,93.28620147705078,94.47781372070312,92.86062622070312,94.03946685791016,69.8978042602539,32896,0.0,0.0
1996-03-15 00:00:00+05:30,89.36664581298828,94.62676239013672,89.36664581298828,93.5457992553711,69.5308609008789,14098,0.0,0.0
1996-03-18 00:00:00+05:30,93.5457992553711,93.62666320800781,92.86062622070312,92.92871856689453,69.07219696044922,7636,0.0,0.0
1996-03-19 00:00:00+05:30,92.92871856689453,96.6056900024414,93.62666320800781,94.28630065917969,70.08124542236328,380660,0.0,0.0
1996-03-20 00:00:00+05:30,94.28630065917969,94.28630065917969,94.28630065917969,94.28630065917969,70.08124542236328,0,0.0,0.0
1996-03-21 00:00:00+05:30,94.28630065917969,93.62666320800781,93.20108795166016,93.62240600585938,69.58780670166016,127474,0.0,0.0
1996-03-22 00:00:00+05:30,93.62240600585938,94.3927001953125,89.37090301513672,93.62666320800781,69.59095001220703,116900,0.0,0.0
1996-03-25 00:00:00+05:30,93.62666320800781,92.7755126953125,91.24343872070312,91.25194549560547,67.82589721679688,16448,0.0,0.0
1996-03-26 00:00:00+05:30,91.25194549560547,92.88190460205078,89.37090301513672,91.86477661132812,68.28137969970703,25259,0.0,0.0
1996-03-27 00:00:00+05:30,91.86477661132812,95.7545394897461,91.92435455322266,95.54600524902344,71.01758575439453,31134,0.0,0.0
1996-03-28 00:00:00+05:30,95.54600524902344,96.18011474609375,95.32896423339844,95.7545394897461,71.17256927490234,9986,0.0,0.0
1996-03-29 00:00:00+05:30,95.7545394897461,96.6056900024414,94.47781372070312,95.96732330322266,71.33071899414062,34658,0.0,0.0
1996-04-01 00:00:00+05:30,95.96732330322266,96.6056900024414,95.78007507324219,96.6056900024414,71.80522918701172,7636,0.0,0.0
1996-04-02 00:00:00+05:30,96.6056900024414,97.02700805664062,95.7545394897461,95.91200256347656,71.28964233398438,29959,0.0,0.0
1996-04-03 00:00:00+05:30,95.91200256347656,97.03126525878906,95.7545394897461,96.26522827148438,71.55215454101562,17623,0.0,0.0
1996-04-04 00:00:00+05:30,96.26522827148438,97.88241577148438,95.92902374267578,96.46524810791016,71.70083618164062,18798,0.0,0.0
1996-04-05 00:00:00+05:30,96.46524810791016,96.46524810791016,96.46524810791016,96.46524810791016,71.70083618164062,0,0.0,0.0
1996-04-08 00:00:00+05:30,96.46524810791016,97.83135223388672,96.18862915039062,97.11637878417969,72.18479919433594,15273,0.0,0.0
1996-04-09 00:00:00+05:30,97.11637878417969,98.73356628417969,96.6056900024414,98.28245544433594,73.05152893066406,28784,0.0,0.0
1996-04-10 00:00:00+05:30,98.28245544433594,98.73782348632812,97.6270751953125,98.73356628417969,73.38683319091797,25847,0.0,0.0
1996-04-11 00:00:00+05:30,98.73356628417969,102.05306243896484,97.64835357666016,98.30799102783203,73.07051086425781,22910,0.0,0.0
1996-04-12 00:00:00+05:30,98.30799102783203,99.75495147705078,97.88241577148438,99.58472442626953,74.01947784423828,37008,0.0,0.0
1996-04-15 00:00:00+05:30,99.58472442626953,103.75110626220703,99.58472442626953,103.19786071777344,76.70506286621094,84591,0.0,0.0
1996-04-16 00:00:00+05:30,103.19786071777344,104.18093872070312,101.71260070800781,102.20626831054688,75.96802520751953,94577,0.0,0.0
1996-04-17 00:00:00+05:30,102.20626831054688,106.3726577758789,104.6916275024414,105.49171447753906,78.4100341796875,59331,0.0,0.0
1996-04-18 00:00:00+05:30,105.49171447753906,107.41531372070312,105.88323974609375,106.59395599365234,79.22931671142578,315455,0.0,0.0
1996-04-19 00:00:00+05:30,106.59395599365234,109.37296295166016,105.54277801513672,108.9729232788086,80.99755096435547,114550,0.0,0.0
1996-04-22 00:00:00+05:30,108.9729232788086,108.56436920166016,107.37275695800781,107.7344970703125,80.0770263671875,57569,0.0,0.0
1996-04-23 00:00:00+05:30,107.7344970703125,107.4791488647461,105.3342514038086,106.6194839477539,79.248291015625,32309,0.0,0.0
1996-04-24 00:00:00+05:30,106.6194839477539,108.9473876953125,106.44499969482422,108.78992462158203,80.86154174804688,41120,0.0,0.0
1996-04-25 00:00:00+05:30,108.78992462158203,114.90119171142578,107.75577545166016,108.63671875,80.7476577758789,82828,0.0,0.0
1996-04-26 00:00:00+05:30,108.63671875,107.67066192626953,106.39392852783203,107.37701416015625,79.81136322021484,22322,0.0,0.0
1996-04-29 00:00:00+05:30,107.37701416015625,108.09623718261719,103.08295440673828,107.67066192626953,80.02960205078125,24085,0.0,0.0
1996-04-30 00:00:00+05:30,107.67066192626953,111.50083923339844,106.39392852783203,111.33911895751953,82.75628662109375,137460,0.0,0.0
1996-05-01 00:00:00+05:30,111.33911895751953,112.7775650024414,110.73480224609375,112.29241180419922,83.46484375,56394,0.0,0.0
1996-05-02 00:00:00+05:30,112.29241180419922,113.62872314453125,111.58595275878906,112.96907806396484,83.96784210205078,129236,0.0,0.0
1996-05-03 00:00:00+05:30,112.96907806396484,113.03291320800781,112.36476135253906,112.49668884277344,83.61669158935547,43470,0.0,0.0
1996-05-06 00:00:00+05:30,112.49668884277344,111.9264144897461,110.22411346435547,111.77320861816406,83.07896423339844,65793,0.0,0.0
1996-05-07 00:00:00+05:30,111.77320861816406,113.20314025878906,111.50083923339844,113.01163482666016,83.99946594238281,64030,0.0,0.0
1996-05-08 00:00:00+05:30,113.01163482666016,115.07567596435547,111.50083923339844,114.89693450927734,85.40076446533203,108676,0.0,0.0
1996-05-09 00:00:00+05:30,114.89693450927734,126.31087493896484,112.44136047363281,113.7734146118164,84.56568908691406,118662,0.0,0.0
1996-05-10 00:00:00+05:30,113.7734146118164,118.22493743896484,110.39434051513672,115.77787780761719,86.05554962158203,168595,0.0,0.0
1996-05-13 00:00:00+05:30,110.64968872070312,112.09664916992188,106.4024429321289,111.76044464111328,83.06946563720703,152734,0.0,0.0
1996-05-14 00:00:00+05:30,111.76044464111328,113.37337493896484,110.82843017578125,112.64563751220703,83.72743225097656,108088,0.0,0.0
1996-05-15 00:00:00+05:30,112.64563751220703,114.05004119873047,112.7775650024414,113.6116943359375,84.44547271728516,44645,0.0,0.0
1996-05-16 00:00:00+05:30,113.6116943359375,115.33102416992188,114.56498718261719,115.33102416992188,85.72339630126953,28197,0.0,0.0
1996-05-17 00:00:00+05:30,115.33102416992188,115.33102416992188,114.0542984008789,115.15653991699219,85.5937271118164,55806,0.0,0.0
1996-05-20 00:00:00+05:30,115.15653991699219,114.56498718261719,112.7775650024414,113.53509521484375,84.38853454589844,30546,0.0,0.0
1996-05-21 00:00:00+05:30,113.53509521484375,114.0542984008789,111.17740631103516,112.7775650024414,83.82549285888672,41120,0.0,0.0
1996-05-22 00:00:00+05:30,112.7775650024414,113.19889068603516,111.9264144897461,112.1817626953125,83.38262176513672,5874,0.0,0.0
1996-05-23 00:00:00+05:30,112.1817626953125,112.01153564453125,111.07526397705078,112.01153564453125,83.25611114501953,35246,0.0,0.0
1996-05-24 00:00:00+05:30,112.01153564453125,114.14366912841797,111.51361083984375,114.12664031982422,84.82823181152344,66380,0.0,0.0
1996-05-27 00:00:00+05:30,114.12664031982422,113.03291320800781,111.58595275878906,112.09239196777344,83.31619262695312,17035,0.0,0.0
1996-05-28 00:00:00+05:30,112.09239196777344,113.19889068603516,110.64968872070312,112.74352264404297,83.8001708984375,19972,0.0,0.0
1996-05-29 00:00:00+05:30,112.74352264404297,112.7775650024414,111.07952117919922,112.35198974609375,83.50916290283203,12923,0.0,0.0
1996-05-30 00:00:00+05:30,112.35198974609375,112.7775650024414,111.84130096435547,112.7775650024414,83.82549285888672,14685,0.0,0.0
1996-05-31 00:00:00+05:30,112.7775650024414,113.62872314453125,111.50083923339844,113.56913757324219,84.41383361816406,83416,0.0,0.0
1996-06-03 00:00:00+05:30,113.56913757324219,113.88406372070312,112.01153564453125,113.68404388427734,84.49925994873047,162720,0.0,0.0
1996-06-04 00:00:00+05:30,113.68404388427734,113.5436019897461,111.76044464111328,112.86268615722656,83.88875579833984,12336,0.0,0.0
1996-06-05 00:00:00+05:30,112.7775650024414,113.62872314453125,110.64968872070312,113.20314025878906,84.14179992675781,294307,0.0,0.0
1996-06-06 00:00:00+05:30,112.60733795166016,113.37337493896484,112.54350280761719,113.01163482666016,83.99946594238281,51107,0.0,0.0
1996-06-07 00:00:00+05:30,112.86268615722656,113.62872314453125,112.36050415039062,113.09249114990234,84.05955505371094,28197,0.0,0.0
1996-06-10 00:00:00+05:30,112.47966766357422,112.7775650024414,112.4371109008789,112.69245147705078,83.76220703125,10573,0.0,0.0
1996-06-11 00:00:00+05:30,111.75618743896484,112.7775650024414,111.50083923339844,111.9264144897461,83.19283294677734,13511,0.0,0.0
1996-06-12 00:00:00+05:30,114.90544891357422,114.90544891357422,112.7775650024414,114.0542984008789,84.77445983886719,187393,0.0,0.0
1996-06-13 00:00:00+05:30,114.05004119873047,114.0542984008789,112.7775650024414,112.7775650024414,83.82549285888672,11161,0.0,0.0
1996-06-14 00:00:00+05:30,112.82012939453125,113.62872314453125,112.7775650024414,113.49253845214844,84.35689544677734,449391,0.0,0.0
1996-06-17 00:00:00+05:30,114.90544891357422,115.75659942626953,113.5436019897461,113.7989501953125,84.58465576171875,45232,0.0,0.0
1996-06-18 00:00:00+05:30,113.20314025878906,113.88406372070312,111.67107391357422,112.78607940673828,83.83180236816406,25259,0.0,0.0
1996-06-19 00:00:00+05:30,117.54401397705078,117.61636352539062,112.10090637207031,112.62010192871094,83.70842742919922,229688,0.0,0.0
1996-06-20 00:00:00+05:30,121.28482818603516,121.28482818603516,111.9264144897461,112.16048431396484,83.36681365966797,243199,0.0,0.0
1996-06-21 00:00:00+05:30,113.22016906738281,113.5436019897461,112.39454650878906,112.91374969482422,83.92669677734375,24085,0.0,0.0
1996-06-24 00:00:00+05:30,112.54350280761719,112.54350280761719,108.01537322998047,108.43244171142578,80.5958480834961,84003,0.0,0.0
1996-06-25 00:00:00+05:30,114.05004119873047,114.05004119873047,107.1684799194336,108.20262908935547,80.42501831054688,28784,0.0,0.0
1996-06-26 00:00:00+05:30,106.66629791259766,107.24508666992188,104.01071166992188,104.2873306274414,77.51481628417969,65205,0.0,0.0
1996-06-27 00:00:00+05:30,104.6916275024414,105.7130126953125,103.32978820800781,105.23210906982422,78.21707916259766,84003,0.0,0.0
1996-06-28 00:00:00+05:30,106.3088150024414,106.39392852783203,105.54277801513672,106.13433074951172,78.88768005371094,41708,0.0,0.0
1996-07-01 00:00:00+05:30,105.24488067626953,105.88323974609375,104.26605224609375,104.35116577148438,77.56230163574219,17623,0.0,0.0
1996-07-02 00:00:00+05:30,104.26605224609375,104.5001220703125,103.32978820800781,103.52555084228516,76.94862365722656,28784,0.0,0.0
1996-07-03 00:00:00+05:30,99.66983795166016,101.96794128417969,99.15914154052734,100.11243438720703,74.41172790527344,108676,0.0,0.0
1996-07-04 00:00:00+05:30,97.967529296875,101.71260070800781,90.1369400024414,100.57630920410156,74.75650787353516,105151,0.0,0.0
1996-07-05 00:00:00+05:30,102.81909942626953,102.81909942626953,100.69547271728516,101.92538452148438,75.75926971435547,93402,0.0,0.0
1996-07-08 00:00:00+05:30,101.54236602783203,101.71260070800781,101.28702545166016,101.37213897705078,75.34803009033203,77542,0.0,0.0
1996-07-09 00:00:00+05:30,100.43587493896484,100.43587493896484,99.75495147705078,100.26138305664062,74.5224380493164,54631,0.0,0.0
1996-07-10 00:00:00+05:30,99.58472442626953,100.43587493896484,98.39311218261719,99.75495147705078,74.14600372314453,18798,0.0,0.0
1996-07-11 00:00:00+05:30,101.71260070800781,101.71260070800781,100.8614501953125,101.17637634277344,75.2025375366211,27022,0.0,0.0
1996-07-12 00:00:00+05:30,100.43587493896484,101.201904296875,99.58472442626953,99.58472442626953,74.01947784423828,11161,0.0,0.0
1996-07-15 00:00:00+05:30,99.15914154052734,100.01029968261719,99.15914154052734,99.92517852783203,74.27252960205078,41120,0.0,0.0
1996-07-16 00:00:00+05:30,97.88241577148438,99.15914154052734,97.54195404052734,97.66963195800781,72.59603118896484,21147,0.0,0.0
1996-07-17 00:00:00+05:30,97.88241577148438,97.88241577148438,96.69506072998047,97.71218872070312,72.6276626586914,18798,0.0,0.0
1996-07-18 00:00:00+05:30,97.88241577148438,98.30799102783203,97.12063598632812,97.84837341308594,72.72888946533203,29371,0.0,0.0
1996-07-19 00:00:00+05:30,97.88241577148438,97.88241577148438,96.6056900024414,97.20149993896484,72.24807739257812,28784,0.0,0.0
1996-07-22 00:00:00+05:30,97.88241577148438,97.88241577148438,96.2822494506836,96.88231658935547,72.01081848144531,10573,0.0,0.0
1996-07-23 00:00:00+05:30,97.12063598632812,97.71218872070312,92.60953521728516,93.52452087402344,69.51502990722656,565116,0.0,0.0
1996-07-24 00:00:00+05:30,89.37090301513672,92.26481628417969,88.17929077148438,90.23482513427734,67.06986999511719,20560,0.0,0.0
1996-07-25 00:00:00+05:30,88.98788452148438,89.37090301513672,87.6686019897461,87.88990020751953,65.32694244384766,326616,0.0,0.0
1996-07-26 00:00:00+05:30,87.24302673339844,89.37090301513672,83.412841796875,87.455810546875,65.00431060791016,559829,0.0,0.0
1996-07-29 00:00:00+05:30,87.6686019897461,87.6686019897461,85.37049102783203,86.22589874267578,64.0901107788086,229688,0.0,0.0
1996-07-30 00:00:00+05:30,85.11514282226562,85.11514282226562,78.73150634765625,84.11930084228516,62.52430725097656,53456,0.0,0.0
1996-07-31 00:00:00+05:30,83.412841796875,86.60466003417969,81.88076782226562,86.58338165283203,64.35581970214844,383598,0.0,0.0
1996-08-01 00:00:00+05:30,87.58348846435547,87.6686019897461,85.96629333496094,86.39187622070312,64.2134780883789,18798,0.0,0.0
1996-08-02 00:00:00+05:30,85.91948699951172,85.96629333496094,85.11940002441406,85.41730499267578,63.48910140991211,95165,0.0,0.0
1996-08-05 00:00:00+05:30,85.11514282226562,85.85990142822266,85.11514282226562,85.49816131591797,63.549198150634766,9986,0.0,0.0
1996-08-06 00:00:00+05:30,86.81745147705078,86.81745147705078,83.92353057861328,85.22579193115234,63.346763610839844,86353,0.0,0.0
1996-08-07 00:00:00+05:30,86.39187622070312,86.72808074951172,85.41730499267578,85.62583923339844,63.64409637451172,8811,0.0,0.0
1996-08-08 00:00:00+05:30,84.68956756591797,85.11514282226562,83.92353057861328,84.09376525878906,62.50534439086914,37008,0.0,0.0
1996-08-09 00:00:00+05:30,82.73617553710938,83.412841796875,82.13611602783203,82.57020568847656,61.37290573120117,37008,0.0,0.0
1996-08-12 00:00:00+05:30,82.47657775878906,84.26399230957031,82.26378631591797,82.81278228759766,61.55322265625,183868,0.0,0.0
1996-08-13 00:00:00+05:30,82.73191833496094,84.17887878417969,81.795654296875,82.6723403930664,61.44883346557617,111026,0.0,0.0
1996-08-14 00:00:00+05:30,82.56169128417969,83.412841796875,81.62542724609375,82.0382308959961,60.977508544921875,133348,0.0,0.0
1996-08-15 00:00:00+05:30,82.0382308959961,82.0382308959961,82.0382308959961,82.0382308959961,60.977508544921875,0,0.0,0.0
1996-08-16 00:00:00+05:30,81.00833892822266,82.1318588256836,81.00833892822266,81.49774932861328,60.57576370239258,144510,0.0,0.0
1996-08-19 00:00:00+05:30,80.85939025878906,81.37007904052734,80.09761047363281,80.34444427490234,59.718536376953125,115138,0.0,0.0
1996-08-20 00:00:00+05:30,80.00823974609375,82.02120971679688,80.00823974609375,81.3232650756836,60.44606399536133,132761,0.0,0.0
1996-08-21 00:00:00+05:30,82.17867279052734,82.17867279052734,80.94876098632812,81.37007904052734,60.48085021972656,23497,0.0,0.0
1996-08-22 00:00:00+05:30,81.71054077148438,82.77022552490234,81.71054077148438,82.63829803466797,61.42350769042969,55806,0.0,0.0
1996-08-23 00:00:00+05:30,82.47657775878906,86.81745147705078,82.30634307861328,85.43006896972656,63.49859619140625,202079,0.0,0.0
1996-08-26 00:00:00+05:30,85.56199645996094,85.56199645996094,84.68956756591797,84.77468872070312,63.01144027709961,151559,0.0,0.0
1996-08-27 00:00:00+05:30,84.81724548339844,85.88117980957031,84.00865173339844,85.6513671875,63.66307830810547,40533,0.0,0.0
1996-08-28 00:00:00+05:30,85.11514282226562,85.79180908203125,85.11514282226562,85.79180908203125,63.7674674987793,7049,0.0,0.0
1996-08-29 00:00:00+05:30,85.37049102783203,86.13652801513672,85.37049102783203,85.48539733886719,63.53971481323242,126886,0.0,0.0
1996-08-30 00:00:00+05:30,85.2853775024414,86.13652801513672,85.2853775024414,86.13652801513672,64.02367401123047,11748,0.0,0.0
1996-09-02 00:00:00+05:30,87.6686019897461,87.6686019897461,86.81745147705078,87.58348846435547,65.09918975830078,36421,0.0,0.0
1996-09-03 00:00:00+05:30,87.24302673339844,89.37090301513672,86.0514144897461,88.20482635498047,65.56101989746094,79304,0.0,0.0
1996-09-04 00:00:00+05:30,56.175994873046875,58.63582229614258,56.175994873046875,57.93788146972656,43.06415557861328,107501,0.0,0.0
1996-09-05 00:00:00+05:30,58.01448440551758,58.72945022583008,58.01448440551758,58.554962158203125,43.522823333740234,119250,0.0,0.0
1996-09-06 00:00:00+05:30,58.308128356933594,59.47420883178711,58.30387496948242,59.248653411865234,44.038421630859375,122774,0.0,0.0
1996-09-09 00:00:00+05:30,59.1507682800293,59.58060073852539,58.899681091308594,59.155025482177734,43.968833923339844,137460,0.0,0.0
1996-09-10 00:00:00+05:30,58.83158874511719,58.83158874511719,57.878299713134766,58.01873779296875,43.12425994873047,133348,0.0,0.0
1996-09-11 00:00:00+05:30,57.7208366394043,58.17620086669922,57.36760711669922,57.46123504638672,42.709877014160156,172707,0.0,0.0
1996-09-12 00:00:00+05:30,56.60157012939453,57.746368408203125,56.60157012939453,57.57188415527344,42.792118072509766,275509,0.0,0.0
1996-09-13 00:00:00+05:30,57.45272445678711,57.49528121948242,57.11651611328125,57.3505859375,42.627628326416016,153909,0.0,0.0
1996-09-16 00:00:00+05:30,57.278236389160156,57.66551208496094,57.133541107177734,57.39739990234375,42.66242218017578,220877,0.0,0.0
1996-09-17 00:00:00+05:30,57.36760711669922,57.622955322265625,57.282493591308594,57.60593032836914,42.817420959472656,99864,0.0,0.0
1996-09-18 00:00:00+05:30,57.11651611328125,59.72955322265625,57.11651611328125,58.9337272644043,43.804351806640625,373024,0.0,0.0
1996-09-19 00:00:00+05:30,58.72945022583008,59.58060073852539,58.31238555908203,58.47835922241211,43.465877532958984,374786,0.0,0.0
1996-09-20 00:00:00+05:30,59.4061164855957,59.4061164855957,57.622955322265625,59.138004302978516,43.9561882019043,127474,0.0,0.0
1996-09-23 00:00:00+05:30,58.9081916809082,59.58060073852539,58.72945022583008,59.46995162963867,44.20291519165039,255536,0.0,0.0
1996-09-24 00:00:00+05:30,59.32525634765625,61.368019104003906,59.17630386352539,60.6785888671875,45.10126495361328,551018,0.0,0.0
1996-09-25 00:00:00+05:30,60.00617980957031,60.42749786376953,59.155025482177734,59.61039352416992,44.307308197021484,182693,0.0,0.0
1996-09-26 00:00:00+05:30,59.41037368774414,59.58060073852539,58.2187614440918,58.942237854003906,43.8106689453125,233213,0.0,0.0
1996-09-27 00:00:00+05:30,58.81456756591797,58.81456756591797,57.88255310058594,58.24855041503906,43.295066833496094,132761,0.0,0.0
1996-09-30 00:00:00+05:30,57.75062561035156,58.282596588134766,57.71232223510742,58.25706100463867,43.3013916015625,118662,0.0,0.0
1996-10-01 00:00:00+05:30,58.64433670043945,59.58060073852539,57.474002838134766,57.81020736694336,42.9692497253418,163308,0.0,0.0
1996-10-02 00:00:00+05:30,57.81020736694336,57.81020736694336,57.81020736694336,57.81020736694336,42.9692497253418,0,0.0,0.0
1996-10-03 00:00:00+05:30,57.878299713134766,58.21450424194336,56.60157012939453,56.95905685424805,42.33661651611328,92815,0.0,0.0
1996-10-04 00:00:00+05:30,56.610084533691406,56.610084533691406,54.13323211669922,54.27792739868164,40.34378433227539,151559,0.0,0.0
1996-10-07 00:00:00+05:30,54.899269104003906,54.899269104003906,51.567012786865234,51.567012786865234,38.328800201416016,92815,0.0,0.0
1996-10-08 00:00:00+05:30,49.87747573852539,51.92023849487305,49.200809478759766,51.35422134399414,38.17063522338867,111613,0.0,0.0
1996-10-09 00:00:00+05:30,51.49466323852539,51.49466323852539,48.85609436035156,49.49445724487305,36.78831481933594,92815,0.0,0.0
1996-10-10 00:00:00+05:30,50.43072509765625,51.40103530883789,49.83917236328125,51.222293853759766,38.07258605957031,102214,0.0,0.0
1996-10-11 00:00:00+05:30,51.24357223510742,51.92023849487305,50.711605072021484,51.48615264892578,38.268707275390625,118075,0.0,0.0
1996-10-14 00:00:00+05:30,50.664791107177734,50.664791107177734,49.79661560058594,50.366886138916016,37.43677520751953,106913,0.0,0.0
1996-10-15 00:00:00+05:30,50.55839538574219,51.34571075439453,49.87747573852539,50.27326202392578,37.3671760559082,145684,0.0,0.0
1996-10-16 00:00:00+05:30,49.962589263916016,50.27751541137695,48.32412338256836,48.68160629272461,36.18413162231445,62856,0.0,0.0
1996-10-17 00:00:00+05:30,47.91982650756836,48.85609436035156,47.8985481262207,48.702884674072266,36.19994354248047,53456,0.0,0.0
1996-10-18 00:00:00+05:30,48.51563262939453,49.02632522583008,48.34965896606445,48.796512603759766,36.26954650878906,50519,0.0,0.0
1996-10-21 00:00:00+05:30,48.796512603759766,48.796512603759766,48.796512603759766,48.796512603759766,36.26954650878906,0,0.0,0.0
1996-10-22 00:00:00+05:30,49.28166961669922,50.983970642089844,49.27315902709961,50.32858657836914,37.408302307128906,71667,0.0,0.0
1996-10-23 00:00:00+05:30,51.409549713134766,51.409549713134766,49.87747573852539,50.30305099487305,37.38932800292969,31134,0.0,0.0
1996-10-24 00:00:00+05:30,49.83491897583008,50.111541748046875,49.7923583984375,49.96684646606445,37.13943099975586,72255,0.0,0.0
1996-10-25 00:00:00+05:30,49.7923583984375,50.260494232177734,49.7923583984375,50.19240188598633,37.30708312988281,41120,0.0,0.0
1996-10-28 00:00:00+05:30,50.64351272583008,50.7286262512207,49.97535705566406,50.46477127075195,37.50953674316406,81654,0.0,0.0
1996-10-29 00:00:00+05:30,50.13282012939453,51.28187561035156,49.87747573852539,50.813743591308594,37.7689094543457,59918,0.0,0.0
1996-10-30 00:00:00+05:30,50.813743591308594,50.813743591308594,50.813743591308594,50.813743591308594,37.7689094543457,0,0.0,0.0
1996-10-31 00:00:00+05:30,48.690120697021484,51.069087982177734,48.690120697021484,49.98812484741211,37.15525436401367,100452,0.0,0.0
1996-11-01 00:00:00+05:30,49.57957077026367,50.13282012939453,49.57957077026367,49.68596649169922,36.93065643310547,25259,0.0,0.0
1996-11-04 00:00:00+05:30,49.53701400756836,49.7923583984375,48.90290832519531,49.57957077026367,36.85157775878906,35246,0.0,0.0
1996-11-05 00:00:00+05:30,49.456153869628906,49.87747573852539,49.366783142089844,49.58808517456055,36.857906341552734,56394,0.0,0.0
1996-11-06 00:00:00+05:30,48.56670379638672,49.366783142089844,48.56670379638672,49.03057861328125,36.44352722167969,17035,0.0,0.0
1996-11-07 00:00:00+05:30,49.19655227661133,49.7923583984375,49.19655227661133,49.511478424072266,36.80096435546875,7049,0.0,0.0
1996-11-08 00:00:00+05:30,50.047706604003906,50.047706604003906,49.707244873046875,49.754058837890625,36.98126983642578,26434,0.0,0.0
1996-11-11 00:00:00+05:30,49.366783142089844,50.983970642089844,49.366783142089844,50.311561584472656,37.395652770996094,264347,0.0,0.0
1996-11-12 00:00:00+05:30,50.311561584472656,50.311561584472656,50.311561584472656,50.311561584472656,37.395652770996094,0,0.0,0.0
1996-11-13 00:00:00+05:30,49.7923583984375,51.02653121948242,49.57957077026367,49.962589263916016,37.13626480102539,191505,0.0,0.0
1996-11-14 00:00:00+05:30,50.55839538574219,50.55839538574219,49.62638473510742,50.03919219970703,37.193214416503906,45820,0.0,0.0
1996-11-15 00:00:00+05:30,49.70298767089844,49.707244873046875,49.33273696899414,49.53276062011719,36.81678771972656,31134,0.0,0.0
1996-11-18 00:00:00+05:30,49.62213134765625,49.62213134765625,48.09431457519531,48.25177764892578,35.86465072631836,59331,0.0,0.0
1996-11-19 00:00:00+05:30,48.1751708984375,48.51563262939453,46.813331604003906,47.47297286987305,35.28578186035156,425893,0.0,0.0
1996-11-20 00:00:00+05:30,46.813331604003906,46.813331604003906,45.111026763916016,46.230289459228516,34.362125396728516,265522,0.0,0.0
1996-11-21 00:00:00+05:30,45.96217727661133,48.53691101074219,45.96217727661133,48.42626190185547,35.994346618652344,333078,0.0,0.0
1996-11-22 00:00:00+05:30,48.08580017089844,48.51563262939453,47.23890686035156,48.511375427246094,36.057613372802734,172707,0.0,0.0
1996-11-25 00:00:00+05:30,47.40913772583008,49.7923583984375,47.21337127685547,49.52850341796875,36.8136100769043,102214,0.0,0.0
1996-11-26 00:00:00+05:30,49.87747573852539,51.069087982177734,49.707244873046875,50.562652587890625,37.582279205322266,212653,0.0,0.0
1996-11-27 00:00:00+05:30,48.94120788574219,48.94120788574219,48.034732818603516,48.298587799072266,35.899452209472656,169182,0.0,0.0
1996-11-28 00:00:00+05:30,48.09431457519531,48.94120788574219,48.09431457519531,48.94120788574219,36.37709426879883,75192,0.0,0.0
1996-11-29 00:00:00+05:30,50.13282012939453,50.38816452026367,49.366783142089844,49.800872802734375,37.01606369018555,44057,0.0,0.0
1996-12-02 00:00:00+05:30,49.962589263916016,50.30305099487305,49.19655227661133,49.68170928955078,36.927490234375,46407,0.0,0.0
1996-12-03 00:00:00+05:30,49.7923583984375,50.21793746948242,48.643306732177734,49.97535705566406,37.1457633972168,140398,0.0,0.0
1996-12-04 00:00:00+05:30,47.4942512512207,49.1114387512207,47.4942512512207,48.200706481933594,35.826698303222656,366562,0.0,0.0
1996-12-05 00:00:00+05:30,48.26028823852539,49.02632522583008,48.21773147583008,49.02632522583008,36.44036102294922,18798,0.0,0.0
1996-12-06 00:00:00+05:30,48.94120788574219,49.40934371948242,48.94120788574219,49.077392578125,36.478309631347656,62856,0.0,0.0
1996-12-09 00:00:00+05:30,48.51988983154297,49.341251373291016,48.51563262939453,49.341251373291016,36.67444610595703,17623,0.0,0.0
1996-12-10 00:00:00+05:30,49.19655227661133,49.78384780883789,48.85609436035156,49.39231872558594,36.71238708496094,39945,0.0,0.0
1996-12-11 00:00:00+05:30,49.53701400756836,50.21793746948242,49.53701400756836,49.96684646606445,37.13943099975586,29959,0.0,0.0
1996-12-12 00:00:00+05:30,51.49466323852539,51.49466323852539,49.63489532470703,49.7923583984375,37.009735107421875,27022,0.0,0.0
1996-12-13 00:00:00+05:30,49.28166961669922,49.87747573852539,49.28166961669922,49.87747573852539,37.073001861572266,14685,0.0,0.0
1996-12-16 00:00:00+05:30,50.30305099487305,51.579776763916016,50.30305099487305,51.15420150756836,38.02195739746094,328378,0.0,0.0
1996-12-17 00:00:00+05:30,51.575523376464844,53.128875732421875,51.49892044067383,52.60541534423828,39.10063552856445,63443,0.0,0.0
1996-12-18 00:00:00+05:30,53.196964263916016,54.048118591308594,53.196964263916016,54.048118591308594,40.1729621887207,25259,0.0,0.0
1996-12-19 00:00:00+05:30,53.62254333496094,54.47369384765625,53.00545883178711,53.20122146606445,39.543487548828125,46407,0.0,0.0
1996-12-20 00:00:00+05:30,54.63541030883789,55.835533142089844,53.62679672241211,55.49507522583008,41.24846267700195,88703,0.0,0.0
1996-12-23 00:00:00+05:30,55.32484436035156,56.473899841308594,54.9248046875,55.6738166809082,41.38131332397461,246724,0.0,0.0
1996-12-24 00:00:00+05:30,56.005767822265625,57.27397918701172,54.899269104003906,56.93352127075195,42.31763458251953,368912,0.0,0.0
1996-12-25 00:00:00+05:30,56.93352127075195,56.93352127075195,56.93352127075195,56.93352127075195,42.31763458251953,0,0.0,0.0
1996-12-26 00:00:00+05:30,56.94203186035156,57.3505859375,56.776058197021484,56.85691833496094,42.260704040527344,16448,0.0,0.0
1996-12-27 00:00:00+05:30,56.85691833496094,56.85691833496094,56.85691833496094,56.85691833496094,42.260704040527344,0,0.0,0.0
1996-12-30 00:00:00+05:30,56.85691833496094,56.85691833496094,56.85691833496094,56.85691833496094,42.260704040527344,0,0.0,0.0
1996-12-31 00:00:00+05:30,55.754676818847656,57.02714920043945,55.75041961669922,56.03129959106445,41.64702224731445,78129,0.0,0.0
1997-01-01 00:00:00+05:30,57.02714920043945,57.878299713134766,56.68668746948242,57.46123504638672,42.709877014160156,80479,0.0,0.0
1997-01-02 00:00:00+05:30,57.878299713134766,57.878299713134766,56.269622802734375,57.776161193847656,42.943946838378906,284908,0.0,0.0
1997-01-03 00:00:00+05:30,57.11226272583008,57.96341323852539,57.02714920043945,57.886810302734375,43.02619171142578,35833,0.0,0.0
1997-01-06 00:00:00+05:30,58.30387496948242,58.899681091308594,57.878299713134766,57.96767044067383,43.086299896240234,22910,0.0,0.0
1997-01-07 00:00:00+05:30,58.2187614440918,59.155025482177734,57.622955322265625,58.678382873535156,43.61454772949219,130999,0.0,0.0
1997-01-08 00:00:00+05:30,58.55921936035156,60.516868591308594,58.55921936035156,60.43600845336914,44.920963287353516,210303,0.0,0.0
1997-01-09 00:00:00+05:30,60.516868591308594,61.28290557861328,60.19768524169922,61.28290557861328,45.550445556640625,27609,0.0,0.0
1997-01-10 00:00:00+05:30,62.538352966308594,64.34705352783203,62.134056091308594,63.51292037963867,47.207977294921875,98689,0.0,0.0
1997-01-13 00:00:00+05:30,64.17681884765625,65.24076080322266,63.49589920043945,65.11734008789062,48.4005126953125,111026,0.0,0.0
1997-01-14 00:00:00+05:30,66.8111343383789,67.240966796875,65.53866577148438,66.32172393798828,49.29570770263672,578040,0.0,0.0
1997-01-15 00:00:00+05:30,68.43257904052734,69.62419128417969,68.09211730957031,69.30926513671875,51.51628494262695,195029,0.0,0.0
1997-01-16 00:00:00+05:30,71.49671936035156,71.49671936035156,66.47492980957031,67.09201049804688,49.86825180053711,142160,0.0,0.0
1997-01-17 00:00:00+05:30,64.77262878417969,67.23670959472656,64.77262878417969,66.38981628417969,49.34632110595703,475826,0.0,0.0
1997-01-20 00:00:00+05:30,66.38981628417969,66.38981628417969,63.83635711669922,64.26618957519531,47.76786422729492,93402,0.0,0.0
1997-01-21 00:00:00+05:30,63.83635711669922,65.11308288574219,62.985206604003906,64.56409454345703,47.989295959472656,333078,0.0,0.0
1997-01-22 00:00:00+05:30,64.36407470703125,65.96424102783203,64.36407470703125,65.87911987304688,48.966732025146484,78716,0.0,0.0
1997-01-23 00:00:00+05:30,65.87911987304688,65.87911987304688,65.87911987304688,65.87911987304688,48.966732025146484,0,0.0,0.0
1997-01-24 00:00:00+05:30,65.5556869506836,67.41119384765625,65.5556869506836,66.47492980957031,49.40958786010742,365387,0.0,0.0
1997-01-27 00:00:00+05:30,67.240966796875,67.92188262939453,66.64515686035156,66.65367126464844,49.54243469238281,222639,0.0,0.0
1997-01-28 00:00:00+05:30,67.23670959472656,68.09211730957031,66.90050506591797,67.94741821289062,50.50404739379883,126299,0.0,0.0
1997-01-29 00:00:00+05:30,66.49195098876953,66.49195098876953,65.90039825439453,65.92167663574219,48.99836730957031,16448,0.0,0.0
1997-01-30 00:00:00+05:30,65.53866577148438,65.87911987304688,63.197994232177734,63.66613006591797,47.32185363769531,220289,0.0,0.0
1997-01-31 00:00:00+05:30,62.81923294067383,63.83635711669922,62.729862213134766,62.94690704345703,46.78727340698242,25847,0.0,0.0
1997-02-03 00:00:00+05:30,62.985206604003906,62.985206604003906,62.12980270385742,62.134056091308594,46.18310546875,38771,0.0,0.0
1997-02-04 00:00:00+05:30,60.4317512512207,62.81497573852539,60.4317512512207,61.636131286621094,45.812992095947266,24085,0.0,0.0
1997-02-05 00:00:00+05:30,62.64474868774414,62.985206604003906,59.58060073852539,60.967979431152344,45.31637191772461,44645,0.0,0.0
1997-02-06 00:00:00+05:30,60.857330322265625,60.857330322265625,59.77210998535156,60.13810729980469,44.69953918457031,104564,0.0,0.0
1997-02-07 00:00:00+05:30,60.09129333496094,60.772212982177734,60.09129333496094,60.52963638305664,44.99055862426758,10573,0.0,0.0
1997-02-10 00:00:00+05:30,60.47431182861328,61.49569320678711,60.47431182861328,61.14672088623047,45.449222564697266,25847,0.0,0.0
1997-02-11 00:00:00+05:30,61.28290557861328,62.985206604003906,61.28290557861328,61.94680404663086,46.04391098022461,264347,0.0,0.0
1997-02-12 00:00:00+05:30,61.70848083496094,63.151180267333984,61.70848083496094,62.942649841308594,46.78410720825195,39358,0.0,0.0
1997-02-13 00:00:00+05:30,62.985206604003906,63.83635711669922,62.985206604003906,63.42354965209961,47.14155197143555,93402,0.0,0.0
1997-02-14 00:00:00+05:30,64.26193237304688,64.26193237304688,63.58101272583008,63.951263427734375,47.533790588378906,153321,0.0,0.0
1997-02-17 00:00:00+05:30,64.68750762939453,64.68750762939453,63.500152587890625,63.83635711669922,47.44837951660156,48170,0.0,0.0
1997-02-18 00:00:00+05:30,63.83635711669922,63.92147445678711,62.985206604003906,63.01925277709961,46.8410530090332,66380,0.0,0.0
1997-02-19 00:00:00+05:30,63.0703239440918,63.41078186035156,62.50004959106445,63.21501922607422,46.98655700683594,86353,0.0,0.0
1997-02-20 00:00:00+05:30,63.0703239440918,63.41078186035156,63.0703239440918,63.27885437011719,47.03400802612305,24085,0.0,0.0
1997-02-21 00:00:00+05:30,63.1384162902832,63.1384162902832,61.87871170043945,62.39791488647461,46.37921905517578,65205,0.0,0.0
1997-02-24 00:00:00+05:30,62.134056091308594,62.985206604003906,61.55952835083008,62.55963134765625,46.499412536621094,387710,0.0,0.0
1997-02-25 00:00:00+05:30,61.70848083496094,62.56388854980469,61.70848083496094,62.2361946105957,46.259010314941406,28784,0.0,0.0
1997-02-26 00:00:00+05:30,62.134056091308594,62.55963134765625,61.968082427978516,62.55112075805664,46.493099212646484,11748,0.0,0.0
1997-02-27 00:00:00+05:30,62.134056091308594,62.985206604003906,62.134056091308594,62.9766960144043,46.80941390991211,31134,0.0,0.0
1997-02-28 00:00:00+05:30,66.56004333496094,70.2199935913086,66.56004333496094,69.21563720703125,51.44670104980469,75779,0.0,0.0
1997-03-03 00:00:00+05:30,73.8714370727539,76.31423950195312,73.8714370727539,75.06730651855469,55.796146392822266,187980,0.0,0.0
1997-03-04 00:00:00+05:30,76.17805480957031,77.45478057861328,74.81621551513672,76.80790710449219,57.08991622924805,373611,0.0,0.0
1997-03-05 00:00:00+05:30,80.00823974609375,80.63809204101562,78.39530181884766,80.63809204101562,59.93680191040039,454678,0.0,0.0
1997-03-06 00:00:00+05:30,78.3059310913086,84.4342269897461,78.3059310913086,84.1958999633789,62.581268310546875,519296,0.0,0.0
1997-03-07 00:00:00+05:30,84.1958999633789,84.1958999633789,84.1958999633789,84.1958999633789,62.581268310546875,0,0.0,0.0
1997-03-10 00:00:00+05:30,81.28496551513672,82.22122955322266,80.09761047363281,80.8253402709961,60.07598114013672,401221,0.0,0.0
1997-03-11 00:00:00+05:30,78.92301940917969,81.2721939086914,77.88035583496094,78.96131896972656,58.690494537353516,375373,0.0,0.0
1997-03-12 00:00:00+05:30,81.96588134765625,81.96588134765625,79.34859466552734,79.9656753540039,59.437007904052734,143335,0.0,0.0
1997-03-13 00:00:00+05:30,80.51892852783203,80.51892852783203,78.3059310913086,78.73150634765625,58.51966094970703,73429,0.0,0.0
1997-03-14 00:00:00+05:30,78.22081756591797,80.00823974609375,77.28455352783203,79.8933334350586,59.38322830200195,1247134,0.0,0.0
1997-03-17 00:00:00+05:30,80.00823974609375,81.71054077148438,78.98685455322266,80.85087585449219,60.09495544433594,432355,0.0,0.0
1997-03-18 00:00:00+05:30,80.178466796875,81.62542724609375,80.178466796875,81.30624389648438,60.43343734741211,210303,0.0,0.0
1997-03-19 00:00:00+05:30,80.94450378417969,81.45519256591797,80.09335327148438,80.59127807617188,59.90201950073242,58156,0.0,0.0
1997-03-20 00:00:00+05:30,80.00823974609375,81.11473083496094,79.72735595703125,80.51041412353516,59.84189987182617,39358,0.0,0.0
1997-03-21 00:00:00+05:30,80.85087585449219,81.19559478759766,80.44657897949219,80.67213439941406,59.96210479736328,21735,0.0,0.0
1997-03-24 00:00:00+05:30,80.67213439941406,80.67213439941406,80.67213439941406,80.67213439941406,59.96210479736328,0,0.0,0.0
1997-03-25 00:00:00+05:30,80.85939025878906,81.71054077148438,80.4338150024414,81.52328491210938,60.59474563598633,139810,0.0,0.0
1997-03-26 00:00:00+05:30,81.795654296875,82.98726654052734,81.12324523925781,81.93183898925781,60.898433685302734,507547,0.0,0.0
1997-03-27 00:00:00+05:30,81.20835876464844,83.79586029052734,81.20835876464844,83.32772827148438,61.93596267700195,310755,0.0,0.0
1997-03-28 00:00:00+05:30,83.32772827148438,83.32772827148438,83.32772827148438,83.32772827148438,61.93596267700195,0,0.0,0.0
1997-03-31 00:00:00+05:30,80.4338150024414,80.4338150024414,75.326904296875,77.13134765625,57.330299377441406,64030,0.0,0.0
1997-04-01 00:00:00+05:30,78.3059310913086,78.3059310913086,76.60363006591797,77.6335220336914,57.70357131958008,123362,0.0,0.0
1997-04-02 00:00:00+05:30,79.15708923339844,80.30188751220703,79.15708923339844,80.03377532958984,59.487632751464844,390647,0.0,0.0
1997-04-03 00:00:00+05:30,80.60404205322266,80.60404205322266,79.50180053710938,80.178466796875,59.59518051147461,33484,0.0,0.0
1997-04-04 00:00:00+05:30,80.15718841552734,80.582763671875,79.41668701171875,80.23379516601562,59.63630294799805,73429,0.0,0.0
1997-04-07 00:00:00+05:30,79.33157348632812,80.13165283203125,78.85918426513672,79.49329376220703,59.08589172363281,103976,0.0,0.0
1997-04-08 00:00:00+05:30,79.49329376220703,79.49329376220703,79.49329376220703,79.49329376220703,59.08589172363281,0,0.0,0.0
1997-04-09 00:00:00+05:30,80.178466796875,83.412841796875,79.59542846679688,80.13591003417969,59.563541412353516,359512,0.0,0.0
1997-04-10 00:00:00+05:30,79.83800506591797,79.9231185913086,78.73576354980469,79.21240997314453,58.87711715698242,326616,0.0,0.0
1997-04-11 00:00:00+05:30,77.9697265625,80.00823974609375,77.53990173339844,79.87631225585938,59.37059020996094,187980,0.0,0.0
1997-04-14 00:00:00+05:30,79.87631225585938,79.87631225585938,79.87631225585938,79.87631225585938,59.37059020996094,0,0.0,0.0
1997-04-15 00:00:00+05:30,80.60404205322266,80.60404205322266,78.0080337524414,78.17400360107422,58.10528564453125,149209,0.0,0.0
1997-04-16 00:00:00+05:30,78.17400360107422,78.17400360107422,78.17400360107422,78.17400360107422,58.10528564453125,0,0.0,0.0
1997-04-17 00:00:00+05:30,78.73150634765625,80.00823974609375,78.64639282226562,79.87205505371094,59.367431640625,385947,0.0,0.0
1997-04-18 00:00:00+05:30,79.87205505371094,79.87205505371094,79.87205505371094,79.87205505371094,59.367431640625,0,0.0,0.0
1997-04-21 00:00:00+05:30,80.00823974609375,81.71054077148438,79.88056182861328,81.15303802490234,60.31955337524414,408857,0.0,0.0
1997-04-22 00:00:00+05:30,81.28496551513672,81.28496551513672,80.7444839477539,81.0806884765625,60.265777587890625,266697,0.0,0.0
1997-04-23 00:00:00+05:30,80.94450378417969,81.71054077148438,80.81683349609375,80.85939025878906,60.10127258300781,40533,0.0,0.0
1997-04-24 00:00:00+05:30,80.4338150024414,81.88076782226562,80.26358032226562,81.6041488647461,60.65486145019531,1343474,0.0,0.0
1997-04-25 00:00:00+05:30,80.85939025878906,81.28496551513672,80.85939025878906,81.2041015625,60.357521057128906,42295,0.0,0.0
1997-04-28 00:00:00+05:30,80.76576232910156,80.76576232910156,79.9231185913086,80.26358032226562,59.65842819213867,27609,0.0,0.0
1997-04-29 00:00:00+05:30,77.45478057861328,79.32305908203125,77.45478057861328,79.06346130371094,58.766422271728516,156258,0.0,0.0
1997-04-30 00:00:00+05:30,79.63372802734375,80.0550537109375,78.98685455322266,79.82098388671875,59.32946014404297,207366,0.0,0.0
1997-05-01 00:00:00+05:30,79.82098388671875,79.82098388671875,79.82098388671875,79.82098388671875,59.32946014404297,0,0.0,0.0
1997-05-02 00:00:00+05:30,79.15708923339844,79.66777801513672,78.57830047607422,79.32305908203125,58.95936965942383,149797,0.0,0.0
1997-05-05 00:00:00+05:30,79.23368835449219,79.23368835449219,77.13985443115234,77.34413146972656,57.488441467285156,162720,0.0,0.0
1997-05-06 00:00:00+05:30,77.02920532226562,77.62501525878906,75.24604797363281,76.25891876220703,56.68184280395508,294307,0.0,0.0
1997-05-07 00:00:00+05:30,75.34392547607422,76.77386474609375,75.34392547607422,75.73971557617188,56.295928955078125,86941,0.0,0.0
1997-05-08 00:00:00+05:30,75.326904296875,76.26316833496094,74.05017852783203,76.17805480957031,56.62173843383789,283145,0.0,0.0
1997-05-09 00:00:00+05:30,75.75247955322266,76.99516296386719,75.75247955322266,76.67172241210938,56.9886589050293,313692,0.0,0.0
1997-05-12 00:00:00+05:30,76.3482894897461,77.11431884765625,76.22061157226562,77.0377197265625,57.26071548461914,227926,0.0,0.0
1997-05-13 00:00:00+05:30,76.73555755615234,77.45052337646484,76.60363006591797,77.23348236083984,57.40622329711914,224401,0.0,0.0
1997-05-14 00:00:00+05:30,77.28455352783203,77.88035583496094,76.77386474609375,77.76119995117188,57.798439025878906,71080,0.0,0.0
1997-05-15 00:00:00+05:30,77.79524230957031,78.3059310913086,77.79524230957031,77.88461303710938,57.89019012451172,78129,0.0,0.0
1997-05-16 00:00:00+05:30,77.5611801147461,78.09314727783203,77.5611801147461,77.86333465576172,57.8743782043457,44057,0.0,0.0
1997-05-19 00:00:00+05:30,78.22081756591797,78.22081756591797,77.80375671386719,77.90589141845703,57.90602493286133,76954,0.0,0.0
1997-05-20 00:00:00+05:30,77.9654769897461,77.9654769897461,77.02920532226562,77.2292251586914,57.403053283691406,64030,0.0,0.0
1997-05-21 00:00:00+05:30,76.60363006591797,77.41222381591797,75.75247955322266,76.83344268798828,57.108882904052734,264347,0.0,0.0
1997-05-22 00:00:00+05:30,75.83759307861328,76.6887435913086,73.709716796875,76.24614715576172,56.67234420776367,249661,0.0,0.0
1997-05-23 00:00:00+05:30,76.60363006591797,77.85482025146484,76.60363006591797,77.47605895996094,57.58652114868164,116900,0.0,0.0
1997-05-26 00:00:00+05:30,78.3059310913086,78.64639282226562,77.28455352783203,77.88461303710938,57.89019012451172,226751,0.0,0.0
1997-05-27 00:00:00+05:30,78.13570404052734,79.13155364990234,77.9654769897461,78.75704193115234,58.53865051269531,136285,0.0,0.0
1997-05-28 00:00:00+05:30,79.15708923339844,81.28496551513672,78.22081756591797,78.38253784179688,58.260284423828125,45820,0.0,0.0
1997-05-29 00:00:00+05:30,77.88035583496094,79.5826644897461,77.88035583496094,78.79534912109375,58.5671272277832,46995,0.0,0.0
1997-05-30 00:00:00+05:30,78.9911117553711,79.15708923339844,78.73150634765625,79.1145248413086,58.804351806640625,16448,0.0,0.0
1997-06-02 00:00:00+05:30,79.41242980957031,79.91886901855469,78.7740707397461,79.5613784790039,59.13648223876953,133348,0.0,0.0
1997-06-03 00:00:00+05:30,79.99972534179688,79.99972534179688,78.78257751464844,79.00387573242188,58.722103118896484,114550,0.0,0.0
1997-06-04 00:00:00+05:30,79.76140594482422,79.76140594482422,78.73150634765625,79.69331359863281,59.234561920166016,306055,0.0,0.0
1997-06-05 00:00:00+05:30,79.49754333496094,79.83800506591797,79.24645233154297,79.71459197998047,59.25038146972656,69317,0.0,0.0
1997-06-06 00:00:00+05:30,79.07196807861328,80.00823974609375,79.07196807861328,79.66352081298828,59.21240997314453,223227,0.0,0.0
1997-06-09 00:00:00+05:30,79.24220275878906,81.28496551513672,79.16559600830078,80.51892852783203,60.13737869262695,954589,0.383018,0.0
1997-06-10 00:00:00+05:30,80.64234161376953,81.6041488647461,78.73150634765625,79.28475952148438,59.215614318847656,609174,0.0,0.0
1997-06-11 00:00:00+05:30,81.71054077148438,82.8170394897461,81.71054077148438,82.3616714477539,61.5136604309082,398871,0.0,0.0
1997-06-12 00:00:00+05:30,82.22122955322266,83.24261474609375,82.09355926513672,82.84256744384766,61.87284851074219,166245,0.0,0.0
1997-06-13 00:00:00+05:30,83.20005798339844,83.24261474609375,82.56169128417969,82.96173095703125,61.96182632446289,250836,0.0,0.0
1997-06-16 00:00:00+05:30,82.2254867553711,82.73191833496094,81.8892822265625,82.05950927734375,61.287967681884766,587439,0.0,0.0
1997-06-17 00:00:00+05:30,82.38294982910156,82.73191833496094,81.96588134765625,82.54041290283203,61.647159576416016,71667,0.0,0.0
1997-06-18 00:00:00+05:30,82.56169128417969,82.8170394897461,81.28496551513672,81.3360366821289,60.74765396118164,178581,0.0,0.0
1997-06-19 00:00:00+05:30,81.05089569091797,81.45519256591797,80.85939025878906,81.28496551513672,60.70948791503906,48757,0.0,0.0
1997-06-20 00:00:00+05:30,81.11473083496094,81.71054077148438,81.11473083496094,81.25942993164062,60.690452575683594,42883,0.0,0.0
1997-06-23 00:00:00+05:30,81.2041015625,81.795654296875,80.94450378417969,80.99557495117188,60.49336242675781,82241,0.0,0.0
1997-06-24 00:00:00+05:30,80.987060546875,81.28496551513672,80.85939025878906,80.93598937988281,60.448848724365234,18798,0.0,0.0
1997-06-25 00:00:00+05:30,81.62542724609375,81.62542724609375,78.73150634765625,79.59542846679688,59.447635650634766,58156,0.0,0.0
1997-06-26 00:00:00+05:30,80.00823974609375,80.00823974609375,79.50180053710938,79.68479919433594,59.51438903808594,85178,0.0,0.0
1997-06-27 00:00:00+05:30,79.49754333496094,81.7020263671875,79.28475952148438,80.65511322021484,60.23906707763672,239675,0.0,0.0
1997-06-30 00:00:00+05:30,80.582763671875,84.17887878417969,80.582763671875,82.93194580078125,61.9395751953125,747223,0.0,0.0
1997-07-01 00:00:00+05:30,83.42135620117188,85.11514282226562,83.412841796875,84.73212432861328,63.28410720825195,429418,0.0,0.0
1997-07-02 00:00:00+05:30,84.85980224609375,88.83893585205078,84.69808197021484,86.69403076171875,64.74937438964844,662631,0.0,0.0
1997-07-03 00:00:00+05:30,85.96629333496094,88.09417724609375,84.34910583496094,85.43858337402344,63.811729431152344,433530,0.0,0.0
1997-07-04 00:00:00+05:30,85.11514282226562,87.20046997070312,85.11514282226562,86.83447265625,64.85427856445312,454090,0.0,0.0
1997-07-07 00:00:00+05:30,87.62604522705078,89.79647827148438,87.62604522705078,89.1410903930664,66.5770263671875,589201,0.0,0.0
1997-07-08 00:00:00+05:30,90.22205352783203,91.15831756591797,88.77510070800781,90.38803100585938,67.5083236694336,520471,0.0,0.0
1997-07-09 00:00:00+05:30,91.07320404052734,92.60527801513672,90.64762878417969,91.76689147949219,68.53815460205078,529283,0.0,0.0
1997-07-10 00:00:00+05:30,92.69039154052734,94.22246551513672,90.64762878417969,90.77104949951172,67.79439544677734,445866,0.0,0.0
1997-07-11 00:00:00+05:30,89.79647827148438,90.22205352783203,88.1154556274414,88.77084350585938,66.30049133300781,217940,0.0,0.0
1997-07-14 00:00:00+05:30,88.5197525024414,89.79647827148438,86.98767852783203,88.06012725830078,65.7696762084961,590964,0.0,0.0
1997-07-15 00:00:00+05:30,86.0514144897461,87.830322265625,84.68956756591797,85.20451354980469,63.63690185546875,667331,0.0,0.0
1997-07-16 00:00:00+05:30,86.39187622070312,86.39187622070312,82.57020568847656,84.08950805664062,62.80411911010742,206191,0.0,0.0
1997-07-17 00:00:00+05:30,83.92353057861328,84.51934051513672,83.412841796875,83.58732604980469,62.42905044555664,182106,0.0,0.0
1997-07-18 00:00:00+05:30,83.58732604980469,83.58732604980469,83.58732604980469,83.58732604980469,62.42905044555664,0,0.0,0.0
1997-07-21 00:00:00+05:30,82.56169128417969,82.56169128417969,80.00823974609375,82.12334442138672,61.33564376831055,182106,0.0,0.0
1997-07-22 00:00:00+05:30,83.6256332397461,83.83841705322266,82.39997100830078,82.99152374267578,61.98408126831055,55806,0.0,0.0
1997-07-23 00:00:00+05:30,84.26399230957031,86.39187622070312,83.49795532226562,85.96204376220703,64.20268249511719,294307,0.0,0.0
1997-07-24 00:00:00+05:30,86.81745147705078,90.14545440673828,86.81745147705078,89.41345977783203,66.78043365478516,617986,0.0,0.0
1997-07-25 00:00:00+05:30,89.79647827148438,90.55825805664062,88.5197525024414,88.92830657958984,66.41808319091797,487574,0.0,0.0
1997-07-28 00:00:00+05:30,88.5197525024414,88.94532775878906,88.10694122314453,88.45166015625,66.0621109008789,53456,0.0,0.0
1997-07-29 00:00:00+05:30,88.09417724609375,89.79647827148438,88.09417724609375,89.62625122070312,66.93938446044922,449978,0.0,0.0
1997-07-30 00:00:00+05:30,91.92435455322266,94.10755920410156,91.92435455322266,94.10755920410156,70.28634643554688,346589,0.0,0.0
1997-07-31 00:00:00+05:30,96.0098876953125,98.69100952148438,95.15872955322266,98.09520721435547,73.26461029052734,983961,0.0,0.0
1997-08-01 00:00:00+05:30,97.3717269897461,98.73356628417969,94.90764617919922,98.09095001220703,73.26144409179688,596251,0.0,0.0
1997-08-04 00:00:00+05:30,98.30799102783203,99.07402801513672,97.3717269897461,97.78878784179688,73.03573608398438,232626,0.0,0.0
1997-08-05 00:00:00+05:30,97.88241577148438,99.8400650024414,97.79730224609375,99.41023254394531,74.24675750732422,259060,0.0,0.0
1997-08-06 00:00:00+05:30,100.43587493896484,100.43587493896484,98.3973617553711,99.11658477783203,74.02745056152344,29959,0.0,0.0
1997-08-07 00:00:00+05:30,99.66983795166016,100.8614501953125,97.03126525878906,97.86539459228516,73.09297180175781,324854,0.0,0.0
1997-08-08 00:00:00+05:30,97.45684051513672,100.26564025878906,96.61420440673828,97.73346710205078,72.99443817138672,215590,0.0,0.0
1997-08-11 00:00:00+05:30,94.47781372070312,96.6056900024414,94.47781372070312,95.29491424560547,71.17312622070312,190917,0.0,0.0
1997-08-12 00:00:00+05:30,95.46514892578125,95.7970962524414,91.24343872070312,91.80094146728516,68.56359100341797,179169,0.0,0.0
1997-08-13 00:00:00+05:30,89.5453872680664,92.34142303466797,89.5453872680664,91.14129638671875,68.07093048095703,148034,0.0,0.0
1997-08-14 00:00:00+05:30,89.45601654052734,90.22205352783203,87.67285919189453,88.5197525024414,66.11296844482422,41708,0.0,0.0
1997-08-15 00:00:00+05:30,88.5197525024414,88.5197525024414,88.5197525024414,88.5197525024414,66.11296844482422,0,0.0,0.0
1997-08-18 00:00:00+05:30,88.09417724609375,88.09417724609375,86.9025650024414,87.20046997070312,65.12763214111328,133936,0.0,0.0
1997-08-19 00:00:00+05:30,86.81745147705078,88.09417724609375,85.96629333496094,86.31526947021484,64.46649932861328,56394,0.0,0.0
1997-08-20 00:00:00+05:30,85.96629333496094,85.96629333496094,84.68956756591797,85.13217163085938,63.58287811279297,444691,0.0,0.0
1997-08-21 00:00:00+05:30,86.38336181640625,86.38336181640625,82.1446304321289,82.58722686767578,61.68212890625,87528,0.0,0.0
1997-08-22 00:00:00+05:30,82.15739440917969,82.77448272705078,80.85939025878906,81.54031372070312,60.900203704833984,408857,0.0,0.0
1997-08-25 00:00:00+05:30,80.09335327148438,82.56169128417969,80.00823974609375,82.47657775878906,61.599464416503906,117487,0.0,0.0
1997-08-26 00:00:00+05:30,82.604248046875,82.8170394897461,82.0126953125,82.61701965332031,61.704376220703125,152146,0.0,0.0
1997-08-27 00:00:00+05:30,84.26399230957031,85.71095275878906,84.00865173339844,85.11514282226562,63.57015609741211,228513,0.0,0.0
1997-08-28 00:00:00+05:30,84.4767837524414,85.37049102783203,81.83821105957031,82.47657775878906,61.599464416503906,226164,0.0,0.0
1997-08-29 00:00:00+05:30,81.71054077148438,82.47657775878906,80.77427673339844,81.88076782226562,61.15447998046875,224401,0.0,0.0
1997-09-01 00:00:00+05:30,82.0510025024414,83.24261474609375,81.96588134765625,83.00428771972656,61.99360656738281,150384,0.0,0.0
1997-09-02 00:00:00+05:30,82.98726654052734,83.83841705322266,81.28922271728516,82.20846557617188,61.399234771728516,159783,0.0,0.0
1997-09-03 00:00:00+05:30,81.795654296875,83.75330352783203,81.795654296875,83.24261474609375,62.171607971191406,21735,0.0,0.0
1997-09-04 00:00:00+05:30,82.64680480957031,82.98726654052734,82.56169128417969,82.64680480957031,61.726619720458984,21147,0.0,0.0
1997-09-05 00:00:00+05:30,82.98726654052734,83.73202514648438,82.57020568847656,83.41709899902344,62.301937103271484,69317,0.0,0.0
1997-09-08 00:00:00+05:30,83.412841796875,85.11514282226562,83.412841796875,84.51508331298828,63.121986389160156,114550,0.0,0.0
1997-09-09 00:00:00+05:30,85.11514282226562,85.11514282226562,83.16175079345703,83.44263458251953,62.32099914550781,39358,0.0,0.0
1997-09-10 00:00:00+05:30,84.26399230957031,84.26399230957031,83.07238006591797,83.6256332397461,62.45767593383789,22910,0.0,0.0
1997-09-11 00:00:00+05:30,84.85980224609375,84.85980224609375,80.85939025878906,84.20441436767578,62.88996124267578,33484,0.0,0.0
1997-09-12 00:00:00+05:30,83.58732604980469,83.58732604980469,82.98726654052734,82.98726654052734,61.98089599609375,77542,0.0,0.0
1997-09-15 00:00:00+05:30,82.8170394897461,83.412841796875,82.56169128417969,82.8595962524414,61.88554000854492,20560,0.0,0.0
1997-09-16 00:00:00+05:30,83.24261474609375,83.24261474609375,82.22122955322266,82.84256744384766,61.87284851074219,68142,0.0,0.0
1997-09-17 00:00:00+05:30,82.39146423339844,83.817138671875,82.39146423339844,83.35326385498047,62.254241943359375,33484,0.0,0.0
1997-09-18 00:00:00+05:30,82.90215301513672,83.412841796875,82.64680480957031,82.98726654052734,61.98089599609375,292544,0.0,0.0
1997-09-19 00:00:00+05:30,82.73191833496094,83.83841705322266,82.64680480957031,83.25963592529297,62.184322357177734,134523,0.0,0.0
1997-09-22 00:00:00+05:30,83.23835754394531,83.412841796875,82.65106201171875,82.86385345458984,61.88873291015625,403570,0.0,0.0
1997-09-23 00:00:00+05:30,83.23835754394531,83.32772827148438,82.13611602783203,82.8595962524414,61.88554000854492,126299,0.0,0.0
1997-09-24 00:00:00+05:30,84.05120849609375,84.05120849609375,82.73617553710938,83.008544921875,61.99679183959961,192092,0.0,0.0
1997-09-25 00:00:00+05:30,83.07238006591797,83.24261474609375,82.57020568847656,82.57020568847656,61.669410705566406,19385,0.0,0.0
1997-09-26 00:00:00+05:30,83.40858459472656,83.412841796875,82.8170394897461,82.98726654052734,61.98089599609375,12336,0.0,0.0
1997-09-29 00:00:00+05:30,82.98726654052734,85.11514282226562,82.98726654052734,84.86405944824219,63.38262939453125,119837,0.0,0.0
1997-09-30 00:00:00+05:30,86.39187622070312,91.498779296875,84.18313598632812,90.47314453125,67.5718994140625,392409,0.0,0.0
1997-10-01 00:00:00+05:30,87.6686019897461,87.94522094726562,86.39187622070312,87.23876953125,65.15623474121094,239675,0.0,0.0
1997-10-02 00:00:00+05:30,87.23876953125,87.23876953125,87.23876953125,87.23876953125,65.15623474121094,0,0.0,0.0
1997-10-03 00:00:00+05:30,87.23876953125,87.23876953125,87.23876953125,87.23876953125,65.15623474121094,0,0.0,0.0
1997-10-06 00:00:00+05:30,87.23876953125,87.23876953125,87.23876953125,87.23876953125,65.15623474121094,0,0.0,0.0
1997-10-07 00:00:00+05:30,87.23876953125,87.23876953125,87.23876953125,87.23876953125,65.15623474121094,0,0.0,0.0
1997-10-08 00:00:00+05:30,87.23876953125,87.23876953125,87.23876953125,87.23876953125,65.15623474121094,0,0.0,0.0
1997-10-09 00:00:00+05:30,86.75786590576172,86.81745147705078,86.13652801513672,86.33229064941406,64.47920989990234,61681,0.0,0.0
1997-10-10 00:00:00+05:30,86.22164154052734,86.647216796875,85.88117980957031,86.41741180419922,64.54278564453125,142160,0.0,0.0
1997-10-13 00:00:00+05:30,86.81745147705078,87.04725646972656,85.96629333496094,86.1237564086914,64.3234634399414,130999,0.0,0.0
1997-10-14 00:00:00+05:30,85.54072570800781,85.54072570800781,82.56594848632812,82.80001068115234,61.841041564941406,64030,0.0,0.0
1997-10-15 00:00:00+05:30,84.85980224609375,84.94491577148438,84.26399230957031,84.58317565917969,63.1728401184082,24672,0.0,0.0
1997-10-16 00:00:00+05:30,85.88117980957031,87.24302673339844,85.11514282226562,85.58328247070312,63.9197998046875,182106,0.0,0.0
1997-10-17 00:00:00+05:30,86.04290008544922,86.34931182861328,85.20026397705078,85.35346984863281,63.74815368652344,36421,0.0,0.0
1997-10-20 00:00:00+05:30,85.1236572265625,86.00885772705078,85.11514282226562,85.35346984863281,63.74815368652344,39358,0.0,0.0
1997-10-21 00:00:00+05:30,84.86405944824219,86.39187622070312,84.86405944824219,85.63434600830078,63.95792770385742,472888,0.0,0.0
1997-10-22 00:00:00+05:30,87.6686019897461,87.6686019897461,85.11514282226562,85.11514282226562,63.57015609741211,24085,0.0,0.0
1997-10-23 00:00:00+05:30,84.68956756591797,84.68956756591797,84.26399230957031,84.32357788085938,62.97894287109375,17623,0.0,0.0
1997-10-24 00:00:00+05:30,83.4383773803711,83.65967559814453,82.58722686767578,83.58307647705078,62.4258918762207,63443,0.0,0.0
1997-10-27 00:00:00+05:30,83.1574935913086,83.6256332397461,83.1574935913086,83.6256332397461,62.45767593383789,9399,0.0,0.0
1997-10-28 00:00:00+05:30,81.4594497680664,81.4594497680664,76.60363006591797,76.90153503417969,57.435646057128906,552780,0.0,0.0
1997-10-29 00:00:00+05:30,81.71054077148438,81.71054077148438,80.00823974609375,81.04663848876953,60.531517028808594,210303,0.0,0.0
1997-10-30 00:00:00+05:30,80.85939025878906,80.8636474609375,79.83800506591797,79.97418975830078,59.73052215576172,17623,0.0,0.0
1997-10-31 00:00:00+05:30,79.97418975830078,79.97418975830078,79.97418975830078,79.97418975830078,59.73052215576172,0,0.0,0.0
1997-11-03 00:00:00+05:30,80.7317123413086,81.02961730957031,80.0550537109375,80.09335327148438,59.819522857666016,42295,0.0,0.0
1997-11-04 00:00:00+05:30,81.71054077148438,82.98726654052734,80.85939025878906,81.9573745727539,61.21168899536133,257298,0.0,0.0
1997-11-05 00:00:00+05:30,82.56169128417969,83.24261474609375,82.13611602783203,83.07238006591797,62.044464111328125,92228,0.0,0.0
1997-11-06 00:00:00+05:30,82.39571380615234,82.8170394897461,80.85939025878906,81.4849853515625,60.85889434814453,85178,0.0,0.0
1997-11-07 00:00:00+05:30,80.4338150024414,82.1446304321289,77.62501525878906,78.81237030029297,58.86279296875,553955,0.0,0.0
1997-11-10 00:00:00+05:30,77.92716979980469,78.72725677490234,75.75247955322266,76.47595977783203,57.1177978515625,131586,0.0,0.0
1997-11-11 00:00:00+05:30,76.17805480957031,77.26753234863281,75.02899932861328,75.45883178710938,56.35810470581055,484050,0.0,0.0
1997-11-12 00:00:00+05:30,75.15667724609375,75.326904296875,73.75653076171875,74.60342407226562,55.719234466552734,54044,0.0,0.0
1997-11-13 00:00:00+05:30,73.80760192871094,75.28434753417969,73.80760192871094,74.56938171386719,55.69381332397461,324854,0.0,0.0
1997-11-14 00:00:00+05:30,74.56938171386719,74.56938171386719,74.56938171386719,74.56938171386719,55.69381332397461,0,0.0,0.0
1997-11-17 00:00:00+05:30,74.47575378417969,74.47575378417969,73.62460327148438,74.05443572998047,55.30921936035156,447628,0.0,0.0
1997-11-18 00:00:00+05:30,73.79483032226562,74.09273529052734,71.49671936035156,72.23297119140625,53.94881057739258,367149,0.0,0.0
1997-11-19 00:00:00+05:30,70.73068237304688,73.36925506591797,70.64556884765625,73.12242126464844,54.61312484741211,65793,0.0,0.0
1997-11-20 00:00:00+05:30,71.59034729003906,75.66736602783203,71.59034729003906,73.25860595703125,54.71482467651367,81654,0.0,0.0
1997-11-21 00:00:00+05:30,73.53948974609375,74.8545150756836,72.77345275878906,72.9564437866211,54.48915481567383,81066,0.0,0.0
1997-11-24 00:00:00+05:30,72.96495819091797,73.20753479003906,72.092529296875,72.11380767822266,53.859806060791016,222052,0.0,0.0
1997-11-25 00:00:00+05:30,72.77345275878906,73.53948974609375,72.45426940917969,72.79473114013672,54.368370056152344,207953,0.0,0.0
1997-11-26 00:00:00+05:30,72.3478775024414,75.24179077148438,69.36884307861328,70.475341796875,52.636085510253906,299594,0.0,0.0
1997-11-27 00:00:00+05:30,69.84123229980469,71.92229461669922,69.79441833496094,71.5392837524414,53.430721282958984,58156,0.0,0.0
1997-11-28 00:00:00+05:30,70.81580352783203,70.98603057861328,70.30510711669922,70.98603057861328,53.01749801635742,125712,0.0,0.0
1997-12-01 00:00:00+05:30,70.1391372680664,70.1391372680664,68.94326782226562,69.51354217529297,51.9177360534668,119837,0.0,0.0
1997-12-02 00:00:00+05:30,69.32628631591797,71.0711441040039,68.94326782226562,70.47108459472656,52.632911682128906,280796,0.0,0.0
1997-12-03 00:00:00+05:30,68.94326782226562,70.90091705322266,68.858154296875,70.51364135742188,52.66469192504883,168007,0.0,0.0
1997-12-04 00:00:00+05:30,68.51769256591797,70.04976654052734,68.51769256591797,68.96028900146484,51.50454330444336,117487,0.0,0.0
1997-12-05 00:00:00+05:30,69.3177719116211,69.3177719116211,66.47492980957031,66.78559875488281,49.88032150268555,32309,0.0,0.0
1997-12-08 00:00:00+05:30,66.07063293457031,67.240966796875,65.96424102783203,66.77283477783203,49.87078857421875,296069,0.0,0.0
1997-12-09 00:00:00+05:30,66.81539154052734,67.04519653320312,64.94285583496094,66.63239288330078,49.76588439941406,27022,0.0,0.0
1997-12-10 00:00:00+05:30,66.30469512939453,66.81539154052734,64.6960220336914,66.72176361083984,49.8326416015625,28784,0.0,0.0
1997-12-11 00:00:00+05:30,66.26213836669922,66.30469512939453,60.60198211669922,64.13851928710938,47.903289794921875,209128,0.0,0.0
1997-12-12 00:00:00+05:30,63.66613006591797,63.66613006591797,57.878299713134766,60.38494110107422,45.0998420715332,247312,0.0,0.0
1997-12-15 00:00:00+05:30,60.00617980957031,60.00617980957031,57.1973762512207,60.001922607421875,44.813785552978516,85178,0.0,0.0
1997-12-16 00:00:00+05:30,60.00617980957031,60.512611389160156,59.750831604003906,60.1210823059082,44.902774810791016,93402,0.0,0.0
1997-12-17 00:00:00+05:30,60.52112579345703,62.21916961669922,60.52112579345703,62.01063919067383,46.31402587890625,147447,0.0,0.0
1997-12-18 00:00:00+05:30,62.81497573852539,64.94285583496094,62.0744743347168,62.76390838623047,46.876625061035156,75192,0.0,0.0
1997-12-19 00:00:00+05:30,62.55963134765625,63.24055480957031,62.24045181274414,62.942649841308594,47.0101318359375,36421,0.0,0.0
1997-12-22 00:00:00+05:30,62.985206604003906,68.09211730957031,62.985206604003906,64.26193237304688,47.99546432495117,215590,0.0,0.0
1997-12-23 00:00:00+05:30,64.64495086669922,65.11308288574219,62.134056091308594,62.82774353027344,46.92430877685547,105151,0.0,0.0
1997-12-24 00:00:00+05:30,61.4531364440918,62.985206604003906,58.742218017578125,62.278751373291016,46.5142822265625,1160193,0.0,0.0
1997-12-25 00:00:00+05:30,62.278751373291016,62.278751373291016,62.278751373291016,62.278751373291016,46.5142822265625,0,0.0,0.0
1997-12-26 00:00:00+05:30,62.30428695678711,62.55963134765625,61.29141616821289,61.85317611694336,46.19641876220703,58743,0.0,0.0
1997-12-29 00:00:00+05:30,62.96392822265625,63.40227127075195,62.410682678222656,63.087345123291016,47.11819839477539,128061,0.0,0.0
1997-12-30 00:00:00+05:30,62.77241897583008,63.491641998291016,62.227684020996094,62.925628662109375,46.99741744995117,106913,0.0,0.0
1997-12-31 00:00:00+05:30,63.41078186035156,64.26193237304688,62.985206604003906,63.81082534790039,47.658546447753906,143335,0.0,0.0
1998-01-01 00:00:00+05:30,63.41078186035156,64.26193237304688,63.41078186035156,64.14703369140625,47.90964126586914,24085,0.0,0.0
1998-01-02 00:00:00+05:30,64.17681884765625,64.98541259765625,63.83635711669922,64.62367248535156,48.26564025878906,153321,0.0,0.0
1998-01-05 00:00:00+05:30,65.11308288574219,67.15585327148438,65.11308288574219,66.16000366210938,49.41307830810547,130999,0.0,0.0
1998-01-06 00:00:00+05:30,66.04509735107422,66.38981628417969,65.11308288574219,65.7216567993164,49.08567428588867,271397,0.0,0.0
1998-01-07 00:00:00+05:30,65.87911987304688,69.53907775878906,62.985206604003906,63.65336227416992,47.54093551635742,356575,0.0,0.0
1998-01-08 00:00:00+05:30,63.41078186035156,63.41078186035156,61.28290557861328,61.40206527709961,45.85950469970703,274334,0.0,0.0
1998-01-09 00:00:00+05:30,60.516868591308594,60.94244384765625,58.2187614440918,58.99330520629883,44.060482025146484,424131,0.0,0.0
1998-01-12 00:00:00+05:30,57.878299713134766,57.878299713134766,53.62254333496094,53.97151565551758,40.30983352661133,472301,0.0,0.0
1998-01-13 00:00:00+05:30,54.899269104003906,55.75041961669922,53.62254333496094,53.82681655883789,40.20176315307617,415907,0.0,0.0
1998-01-14 00:00:00+05:30,55.49507522583008,56.175994873046875,54.38857650756836,55.90788269042969,41.75605392456055,297831,0.0,0.0
1998-01-15 00:00:00+05:30,55.5801887512207,56.175994873046875,55.15461349487305,55.958953857421875,41.794193267822266,116313,0.0,0.0
1998-01-16 00:00:00+05:30,56.13343811035156,56.34622573852539,55.75893020629883,56.05257797241211,41.86412811279297,100452,0.0,0.0
1998-01-19 00:00:00+05:30,54.48220443725586,55.75041961669922,54.48220443725586,55.54188919067383,41.48270034790039,52869,0.0,0.0
1998-01-20 00:00:00+05:30,55.835533142089844,56.04832458496094,54.75031661987305,54.992897033691406,41.07268142700195,179756,0.0,0.0
1998-01-21 00:00:00+05:30,54.907779693603516,55.06949996948242,54.72903823852539,54.81840896606445,40.94236373901367,64030,0.0,0.0
1998-01-22 00:00:00+05:30,55.02694320678711,55.02694320678711,54.22260284423828,54.448158264160156,40.665836334228516,60506,0.0,0.0
1998-01-23 00:00:00+05:30,54.303462982177734,54.34601974487305,53.06929397583008,53.55445098876953,39.99834060668945,100452,0.0,0.0
1998-01-26 00:00:00+05:30,53.55445098876953,53.55445098876953,53.55445098876953,53.55445098876953,39.99834060668945,0,0.0,0.0
1998-01-27 00:00:00+05:30,53.196964263916016,53.62254333496094,50.39667892456055,51.09036636352539,38.15797424316406,374198,0.0,0.0
1998-01-28 00:00:00+05:30,51.49466323852539,51.579776763916016,49.7923583984375,49.99238204956055,37.337928771972656,123949,0.0,0.0
1998-01-29 00:00:00+05:30,49.7923583984375,50.809486389160156,48.600746154785156,50.30305099487305,37.56995391845703,158608,0.0,0.0
1998-01-30 00:00:00+05:30,50.64351272583008,51.75000762939453,50.64351272583008,50.911624908447266,38.024478912353516,215590,0.0,0.0
1998-02-02 00:00:00+05:30,51.09462356567383,54.3672981262207,51.069087982177734,53.52040481567383,39.97291564941406,230863,0.0,0.0
1998-02-03 00:00:00+05:30,53.196964263916016,53.45231246948242,51.069087982177734,51.822357177734375,38.704689025878906,847087,0.0,0.0
1998-02-04 00:00:00+05:30,51.9415168762207,52.933109283447266,51.92023849487305,51.9415168762207,38.79368591308594,119250,0.0,0.0
1998-02-05 00:00:00+05:30,51.92023849487305,52.3458137512207,51.622337341308594,51.75851821899414,38.65701675415039,524583,0.0,0.0
1998-02-06 00:00:00+05:30,51.664894104003906,52.51604461669922,51.49466323852539,51.99258804321289,38.831825256347656,181518,0.0,0.0
1998-02-09 00:00:00+05:30,51.92023849487305,52.686275482177734,51.89896011352539,52.49476623535156,39.20689392089844,52282,0.0,0.0
1998-02-10 00:00:00+05:30,52.435184478759766,52.77138900756836,51.92023849487305,52.32453536987305,39.079750061035156,210890,0.0,0.0
1998-02-11 00:00:00+05:30,52.77138900756836,52.79692459106445,52.17558288574219,52.724578857421875,39.378536224365234,57569,0.0,0.0
1998-02-12 00:00:00+05:30,51.928749084472656,52.55860137939453,51.924495697021484,52.45646286010742,39.17829132080078,138635,0.0,0.0
1998-02-13 00:00:00+05:30,52.601158142089844,53.090572357177734,52.430931091308594,52.830970764160156,39.458003997802734,72255,0.0,0.0
1998-02-16 00:00:00+05:30,52.830970764160156,52.830970764160156,52.830970764160156,52.830970764160156,39.458003997802734,0,0.0,0.0
1998-02-17 00:00:00+05:30,53.20122146606445,53.486358642578125,52.430931091308594,52.9033203125,39.51202392578125,140398,0.0,0.0
1998-02-18 00:00:00+05:30,53.196964263916016,53.196964263916016,51.92023849487305,52.31602478027344,39.07340621948242,48170,0.0,0.0
1998-02-19 00:00:00+05:30,51.9670524597168,52.171329498291016,50.89885711669922,51.567012786865234,38.51398468017578,72842,0.0,0.0
1998-02-20 00:00:00+05:30,51.49466323852539,52.09046936035156,51.49466323852539,51.813846588134766,38.69832229614258,53456,0.0,0.0
1998-02-23 00:00:00+05:30,51.83512496948242,52.218143463134766,51.626590728759766,52.141536712646484,38.94306945800781,27022,0.0,0.0
1998-02-24 00:00:00+05:30,52.026634216308594,52.09046936035156,50.983970642089844,51.74149703979492,38.644287109375,245549,0.0,0.0
1998-02-25 00:00:00+05:30,52.09046936035156,52.941619873046875,51.92023849487305,52.481998443603516,39.19735336303711,83416,0.0,0.0
1998-02-26 00:00:00+05:30,52.77138900756836,53.79277038574219,52.3458137512207,53.01396942138672,39.59465789794922,92815,0.0,0.0
1998-02-27 00:00:00+05:30,53.03099060058594,56.167484283447266,53.026737213134766,54.494972229003906,40.7007942199707,370086,0.0,0.0
1998-03-02 00:00:00+05:30,55.75041961669922,59.155025482177734,55.06949996948242,58.542198181152344,43.72355270385742,580977,0.0,0.0
1998-03-03 00:00:00+05:30,56.729244232177734,56.85691833496094,53.30335998535156,55.83979034423828,41.705196380615234,217352,0.0,0.0
1998-03-04 00:00:00+05:30,56.222808837890625,57.282493591308594,55.929161071777344,56.737754821777344,42.37587356567383,69905,0.0,0.0
1998-03-05 00:00:00+05:30,56.005767822265625,57.0058708190918,55.75041961669922,56.21855545043945,41.98809051513672,113375,0.0,0.0
1998-03-06 00:00:00+05:30,56.30366897583008,56.60157012939453,55.06949996948242,56.1376953125,41.92768859863281,136873,0.0,0.0
1998-03-09 00:00:00+05:30,56.175994873046875,56.60157012939453,55.754676818847656,56.48666763305664,42.188331604003906,71667,0.0,0.0
1998-03-10 00:00:00+05:30,56.34622573852539,56.60157012939453,55.929161071777344,56.23557662963867,42.000797271728516,113963,0.0,0.0
1998-03-11 00:00:00+05:30,56.34622573852539,56.929264068603516,56.175994873046875,56.71647644042969,42.35996627807617,52282,0.0,0.0
1998-03-12 00:00:00+05:30,56.354736328125,56.94203186035156,56.175994873046875,56.729244232177734,42.369503021240234,143922,0.0,0.0
1998-03-13 00:00:00+05:30,56.729244232177734,56.729244232177734,56.729244232177734,56.729244232177734,42.369503021240234,0,0.0,0.0
1998-03-16 00:00:00+05:30,58.64433670043945,58.64433670043945,57.02714920043945,57.12077331542969,42.66193389892578,63443,0.0,0.0
1998-03-17 00:00:00+05:30,56.34622573852539,57.02714920043945,55.75041961669922,56.737754821777344,42.37587356567383,135111,0.0,0.0
1998-03-18 00:00:00+05:30,56.737754821777344,57.878299713134766,56.737754821777344,57.61444091796875,43.03063201904297,68142,0.0,0.0
1998-03-19 00:00:00+05:30,58.47410583496094,58.47410583496094,56.77180099487305,57.02714920043945,42.59199523925781,150971,0.0,0.0
1998-03-20 00:00:00+05:30,56.85691833496094,56.85691833496094,55.33761215209961,55.94618606567383,41.78466796875,499323,0.0,0.0
1998-03-23 00:00:00+05:30,55.848304748535156,56.175994873046875,55.84404754638672,56.175994873046875,41.95630645751953,32309,0.0,0.0
1998-03-24 00:00:00+05:30,55.75041961669922,56.59305953979492,55.49507522583008,56.34622573852539,42.083438873291016,399458,0.0,0.0
1998-03-25 00:00:00+05:30,57.36760711669922,57.36760711669922,56.073856353759766,56.478153228759766,42.181976318359375,252598,0.0,0.0
1998-03-26 00:00:00+05:30,56.70796585083008,59.155025482177734,56.70796585083008,57.35909652709961,42.83993148803711,427655,0.0,0.0
1998-03-27 00:00:00+05:30,57.622955322265625,58.50815200805664,57.11226272583008,58.184715270996094,43.45656204223633,654995,0.0,0.0
1998-03-30 00:00:00+05:30,58.30387496948242,60.26152420043945,57.622955322265625,58.02299499511719,43.33577346801758,809491,0.0,0.0
1998-03-31 00:00:00+05:30,58.38898849487305,58.38898849487305,56.36750411987305,56.81010437011719,42.42990493774414,399458,0.0,0.0
1998-04-01 00:00:00+05:30,57.282493591308594,58.133644104003906,57.282493591308594,57.43144226074219,42.89396667480469,1071489,0.0,0.0
1998-04-02 00:00:00+05:30,58.04853057861328,58.47410583496094,57.282493591308594,57.86127471923828,43.21499252319336,1220111,0.0,0.0
1998-04-03 00:00:00+05:30,57.11226272583008,57.45272445678711,56.77180099487305,57.25270462036133,42.76046371459961,261410,0.0,0.0
1998-04-06 00:00:00+05:30,57.45272445678711,59.41037368774414,57.03565979003906,58.1251335144043,43.41206359863281,635022,0.0,0.0
1998-04-07 00:00:00+05:30,58.72945022583008,61.28290557861328,58.554962158203125,59.06991195678711,44.11769104003906,626797,0.0,0.0
1998-04-08 00:00:00+05:30,59.06991195678711,59.06991195678711,59.06991195678711,59.06991195678711,44.11769104003906,0,0.0,0.0
1998-04-09 00:00:00+05:30,60.857330322265625,62.474517822265625,60.09129333496094,61.14246368408203,45.665626525878906,635609,0.0,0.0
1998-04-10 00:00:00+05:30,60.857330322265625,61.70848083496094,59.58060073852539,59.78062057495117,44.648494720458984,415907,0.0,0.0
1998-04-13 00:00:00+05:30,58.640079498291016,59.708274841308594,58.04853057861328,58.291107177734375,43.53601837158203,649120,0.0,0.0
1998-04-14 00:00:00+05:30,58.291107177734375,58.291107177734375,58.291107177734375,58.291107177734375,43.53601837158203,0,0.0,0.0
1998-04-15 00:00:00+05:30,60.772212982177734,63.746986389160156,60.772212982177734,62.6660270690918,46.80352020263672,1356397,0.0,0.0
1998-04-16 00:00:00+05:30,62.55963134765625,66.2195816040039,62.30854034423828,64.38961029052734,48.09081268310547,2714557,0.0,0.0
1998-04-17 00:00:00+05:30,65.53866577148438,70.2199935913086,65.02796936035156,69.74760437011719,52.092552185058594,2283377,0.0,0.0
1998-04-20 00:00:00+05:30,69.79441833496094,72.80323791503906,69.53907775878906,72.05422973632812,53.81531524658203,2015504,0.0,0.0
1998-04-21 00:00:00+05:30,71.0711441040039,72.7521743774414,70.86261749267578,72.15210723876953,53.888404846191406,420606,0.0,0.0
1998-04-22 00:00:00+05:30,74.05017852783203,75.30562591552734,67.75165557861328,68.7900619506836,51.37738800048828,902307,0.0,0.0
1998-04-23 00:00:00+05:30,68.94326782226562,71.49671936035156,66.81539154052734,67.56439971923828,50.46198272705078,777769,0.0,0.0
1998-04-24 00:00:00+05:30,64.006591796875,67.75165557861328,60.810516357421875,63.26183319091797,47.24851989746094,976324,0.0,0.0
1998-04-27 00:00:00+05:30,64.77262878417969,67.240966796875,63.58101272583008,63.883174896240234,47.712581634521484,631497,0.0,0.0
1998-04-28 00:00:00+05:30,63.83635711669922,63.83635711669922,61.112674713134766,61.33823013305664,45.81183624267578,1075014,0.0,0.0
1998-04-29 00:00:00+05:30,62.21916961669922,66.9856185913086,62.21916961669922,63.585269927978516,47.490081787109375,355400,0.0,0.0
1998-04-30 00:00:00+05:30,62.64474868774414,65.02796936035156,62.389400482177734,64.41939544677734,48.11306381225586,410032,0.0,0.0
1998-05-01 00:00:00+05:30,64.41939544677734,64.41939544677734,64.41939544677734,64.41939544677734,48.11306381225586,0,0.0,0.0
1998-05-04 00:00:00+05:30,65.68761444091797,66.9856185913086,65.11308288574219,66.54302215576172,49.69915008544922,534569,0.0,0.0
1998-05-05 00:00:00+05:30,66.81539154052734,69.36884307861328,65.96424102783203,67.92613983154297,50.732154846191406,785994,0.0,0.0
1998-05-06 00:00:00+05:30,69.79441833496094,69.79441833496094,67.1218032836914,67.6707992553711,50.54145431518555,1127296,0.0,0.0
1998-05-07 00:00:00+05:30,67.6707992553711,67.6707992553711,67.6707992553711,67.6707992553711,50.54145431518555,0,0.0,0.0
1998-05-08 00:00:00+05:30,68.7389907836914,69.02838134765625,62.568145751953125,65.39396667480469,48.84095001220703,2205835,0.0,0.0
1998-05-11 00:00:00+05:30,63.15543746948242,64.34705352783203,59.589111328125,60.57645034790039,45.24288558959961,1544965,0.0,0.0
1998-05-12 00:00:00+05:30,60.27003479003906,60.4317512512207,54.558807373046875,58.85712432861328,43.95875930786133,2706921,0.0,0.0
1998-05-13 00:00:00+05:30,56.60157012939453,60.4317512512207,56.431339263916016,59.0954475402832,44.13676452636719,1124359,0.0,0.0
1998-05-14 00:00:00+05:30,59.58060073852539,61.69997024536133,59.58060073852539,60.83179473876953,45.433589935302734,710801,0.0,0.0
1998-05-15 00:00:00+05:30,61.28290557861328,61.28290557861328,57.878299713134766,59.23588562011719,44.24164962768555,1536741,0.0,0.0
1998-05-18 00:00:00+05:30,60.0274543762207,60.0274543762207,57.878299713134766,58.989051818847656,44.05729675292969,515771,0.0,0.0
1998-05-19 00:00:00+05:30,58.98479461669922,59.58060073852539,58.440059661865234,59.303977966308594,44.292510986328125,548081,0.0,0.0
1998-05-20 00:00:00+05:30,59.58060073852539,60.00617980957031,59.06991195678711,59.542301177978516,44.47050857543945,612111,0.0,0.0
1998-05-21 00:00:00+05:30,59.750831604003906,59.750831604003906,57.02714920043945,57.80595016479492,43.17367172241211,842388,0.0,0.0
1998-05-22 00:00:00+05:30,57.537837982177734,58.133644104003906,57.282493591308594,57.93788146972656,43.2722053527832,293719,0.0,0.0
1998-05-25 00:00:00+05:30,57.537837982177734,58.29536437988281,57.537837982177734,57.933624267578125,43.269039154052734,185043,0.0,0.0
1998-05-26 00:00:00+05:30,57.793182373046875,57.793182373046875,56.60157012939453,56.75477981567383,42.38856887817383,530457,0.0,0.0
1998-05-27 00:00:00+05:30,57.1973762512207,57.282493591308594,56.175994873046875,56.5419921875,42.22964859008789,709626,0.0,0.0
1998-05-28 00:00:00+05:30,55.367401123046875,55.920650482177734,54.899269104003906,55.29079818725586,41.295166015625,747223,0.0,0.0
1998-05-29 00:00:00+05:30,54.048118591308594,54.048118591308594,51.069087982177734,52.20537567138672,38.99075698852539,2975968,0.0,0.0
1998-06-01 00:00:00+05:30,53.53742599487305,56.85691833496094,53.45231246948242,54.209835052490234,40.487831115722656,1151968,0.0,0.0
1998-06-02 00:00:00+05:30,54.47369384765625,56.7930793762207,54.052371978759766,55.74616622924805,41.63527297973633,1601947,0.0,0.0
1998-06-03 00:00:00+05:30,56.68668746948242,58.291107177734375,55.23973083496094,57.67402267456055,43.075130462646484,1131408,0.0,0.0
1998-06-04 00:00:00+05:30,57.02714920043945,58.38898849487305,56.431339263916016,57.635719299316406,43.04652404785156,1022732,0.0,0.0
1998-06-05 00:00:00+05:30,56.516456604003906,57.45272445678711,56.516456604003906,56.96331024169922,42.5443229675293,419431,0.0,0.0
1998-06-08 00:00:00+05:30,57.45272445678711,57.793182373046875,54.13323211669922,56.3887825012207,42.115230560302734,898195,0.0,0.0
1998-06-09 00:00:00+05:30,56.18025207519531,57.0058708190918,55.754676818847656,56.4824104309082,42.18515396118164,979261,0.0,0.0
1998-06-10 00:00:00+05:30,56.60157012939453,56.814361572265625,54.643924713134766,56.60582733154297,42.2773323059082,264935,0.0,0.0
1998-06-11 00:00:00+05:30,55.75041961669922,55.920650482177734,54.47369384765625,55.82276916503906,41.692501068115234,215002,0.0,0.0
1998-06-12 00:00:00+05:30,56.261112213134766,56.60157012939453,55.754676818847656,56.26536560058594,42.02304458618164,150384,0.0,0.0
1998-06-15 00:00:00+05:30,55.75041961669922,55.79297637939453,52.3458137512207,52.66925048828125,39.33720779418945,431768,0.0,0.0
1998-06-16 00:00:00+05:30,51.15420150756836,51.15420150756836,47.485740661621094,50.64351272583008,37.824241638183594,558067,0.0,0.0
1998-06-17 00:00:00+05:30,54.899269104003906,55.6993522644043,54.13323211669922,55.6993522644043,41.60030746459961,398871,0.0,0.0
1998-06-18 00:00:00+05:30,57.02714920043945,57.45272445678711,54.899269104003906,57.11651611328125,42.65874481201172,1348761,0.0,0.0
1998-06-19 00:00:00+05:30,56.62285232543945,56.62285232543945,54.048118591308594,55.03119659423828,41.101287841796875,218527,0.0,0.0
1998-06-22 00:00:00+05:30,53.290592193603516,53.86937713623047,49.7923583984375,52.49476623535156,39.20689392089844,330141,0.0,0.0
1998-06-23 00:00:00+05:30,51.49466323852539,53.690635681152344,50.89885711669922,53.42251968383789,39.89980697631836,141572,0.0,0.0
1998-06-24 00:00:00+05:30,53.62254333496094,55.5801887512207,53.456565856933594,55.38016891479492,41.36192321777344,139810,0.0,0.0
1998-06-25 00:00:00+05:30,56.073856353759766,57.36760711669922,55.920650482177734,57.04417037963867,42.60472106933594,181518,0.0,0.0
1998-06-26 00:00:00+05:30,57.02714920043945,57.36760711669922,55.707862854003906,56.8186149597168,42.4362678527832,145684,0.0,0.0
1998-06-29 00:00:00+05:30,55.5801887512207,57.878299713134766,55.5801887512207,57.631465911865234,43.043357849121094,125712,0.0,0.0
1998-06-30 00:00:00+05:30,57.11226272583008,57.69955825805664,56.68668746948242,57.014381408691406,42.91521453857422,89878,0.446855,0.0
1998-07-01 00:00:00+05:30,56.18450927734375,56.60157012939453,55.49507522583008,56.03555679321289,42.17845153808594,125124,0.0,0.0
1998-07-02 00:00:00+05:30,55.665306091308594,55.707862854003906,54.21834945678711,55.31633377075195,41.6370735168457,287257,0.0,0.0
1998-07-03 00:00:00+05:30,54.899269104003906,55.48656463623047,51.91172790527344,52.16281509399414,39.263404846191406,696115,0.0,0.0
1998-07-06 00:00:00+05:30,52.77138900756836,54.03960418701172,51.332942962646484,52.28623580932617,39.356300354003906,388297,0.0,0.0
1998-07-07 00:00:00+05:30,52.686275482177734,53.70765686035156,52.66499710083008,53.026737213134766,39.91368865966797,61681,0.0,0.0
1998-07-08 00:00:00+05:30,53.20122146606445,54.37155532836914,53.20122146606445,53.98427963256836,40.634437561035156,88115,0.0,0.0
1998-07-09 00:00:00+05:30,54.46518325805664,56.60157012939453,54.46518325805664,56.520713806152344,42.543636322021484,373024,0.0,0.0
1998-07-10 00:00:00+05:30,56.77180099487305,56.77180099487305,55.15461349487305,55.80574417114258,42.00546646118164,223814,0.0,0.0
1998-07-13 00:00:00+05:30,56.175994873046875,56.175994873046875,54.899269104003906,55.095035552978516,41.47050476074219,319567,0.0,0.0
1998-07-14 00:00:00+05:30,54.856712341308594,55.32484436035156,54.56306457519531,55.056732177734375,41.441673278808594,330728,0.0,0.0
1998-07-15 00:00:00+05:30,55.15461349487305,55.49507522583008,54.81415557861328,55.1758918762207,41.5313720703125,160370,0.0,0.0
1998-07-16 00:00:00+05:30,54.47369384765625,55.5801887512207,53.5587043762207,55.19291687011719,41.544185638427734,182693,0.0,0.0
1998-07-17 00:00:00+05:30,54.899269104003906,56.175994873046875,54.856712341308594,55.048221588134766,41.43528366088867,179756,0.0,0.0
1998-07-20 00:00:00+05:30,54.72903823852539,55.15461349487305,54.048118591308594,54.92054748535156,41.33917236328125,318392,0.0,0.0
1998-07-21 00:00:00+05:30,54.72478485107422,55.32484436035156,53.196964263916016,53.503379821777344,40.2724609375,656757,0.0,0.0
1998-07-22 00:00:00+05:30,54.558807373046875,55.06949996948242,53.45231246948242,53.76723861694336,40.47106170654297,226751,0.0,0.0
1998-07-23 00:00:00+05:30,53.45231246948242,53.750213623046875,52.3458137512207,52.56285858154297,39.56452560424805,427068,0.0,0.0
1998-07-24 00:00:00+05:30,52.00535583496094,52.77138900756836,51.49466323852539,52.54158020019531,39.548500061035156,145097,0.0,0.0
1998-07-27 00:00:00+05:30,52.686275482177734,52.77138900756836,51.66063690185547,51.74149703979492,38.94627380371094,106326,0.0,0.0
1998-07-28 00:00:00+05:30,51.664894104003906,52.686275482177734,51.49466323852539,52.44795227050781,39.47802734375,172119,0.0,0.0
1998-07-29 00:00:00+05:30,52.601158142089844,53.196964263916016,52.29474639892578,52.82246017456055,39.75992202758789,61093,0.0,0.0
1998-07-30 00:00:00+05:30,53.62254333496094,53.62254333496094,52.133026123046875,52.435184478759766,39.468414306640625,187980,0.0,0.0
1998-07-31 00:00:00+05:30,52.26070022583008,52.51604461669922,52.00535583496094,52.20962905883789,39.298641204833984,39945,0.0,0.0
1998-08-03 00:00:00+05:30,51.49892044067383,51.92023849487305,49.13271713256836,49.72852325439453,37.43109130859375,161545,0.0,0.0
1998-08-04 00:00:00+05:30,50.213680267333984,50.213680267333984,48.94120788574219,49.12846374511719,36.97942352294922,252598,0.0,0.0
1998-08-05 00:00:00+05:30,48.600746154785156,49.1114387512207,47.91982650756836,48.57521438598633,36.562984466552734,539269,0.0,0.0
1998-08-06 00:00:00+05:30,49.53701400756836,50.64351272583008,49.1114387512207,49.405086517333984,37.18763732910156,526933,0.0,0.0
1998-08-07 00:00:00+05:30,49.19655227661133,49.366783142089844,48.52414321899414,49.26890182495117,37.08512496948242,196204,0.0,0.0
1998-08-10 00:00:00+05:30,48.51563262939453,48.600746154785156,47.4942512512207,47.75385284423828,35.94474411010742,192092,0.0,0.0
1998-08-11 00:00:00+05:30,47.00484085083008,47.081443786621094,46.519683837890625,46.634586334228516,35.10224914550781,394171,0.0,0.0
1998-08-12 00:00:00+05:30,46.132408142089844,46.132408142089844,44.68545150756836,44.9748420715332,33.85294723510742,351876,0.0,0.0
1998-08-13 00:00:00+05:30,44.68545150756836,45.53660202026367,43.54490661621094,44.71949768066406,33.660736083984375,521058,0.0,0.0
1998-08-14 00:00:00+05:30,44.34498977661133,45.02591323852539,44.33647918701172,44.413082122802734,33.430110931396484,148034,0.0,0.0
1998-08-17 00:00:00+05:30,44.68545150756836,45.111026763916016,44.08964538574219,44.264129638671875,33.317996978759766,249074,0.0,0.0
1998-08-18 00:00:00+05:30,43.91941452026367,44.00453186035156,41.876651763916016,41.987300872802734,31.604204177856445,509897,0.0,0.0
1998-08-19 00:00:00+05:30,42.30222702026367,43.391700744628906,41.7064208984375,42.140506744384766,31.719532012939453,475826,0.0,0.0
1998-08-20 00:00:00+05:30,42.6426887512207,43.7279052734375,41.7064208984375,43.33211898803711,32.616458892822266,373611,0.0,0.0
1998-08-21 00:00:00+05:30,42.55757141113281,43.11082077026367,41.7064208984375,41.91069793701172,31.546550750732422,437642,0.0,0.0
1998-08-24 00:00:00+05:30,41.36595916748047,41.36595916748047,39.37852096557617,40.297767639160156,30.332487106323242,404158,0.0,0.0
1998-08-25 00:00:00+05:30,40.42969512939453,42.131996154785156,40.004119873046875,40.50204086303711,30.486242294311523,629147,0.0,0.0
1998-08-26 00:00:00+05:30,40.50204086303711,40.50204086303711,40.50204086303711,40.50204086303711,30.486242294311523,0,0.0,0.0
1998-08-27 00:00:00+05:30,41.7064208984375,42.04688262939453,40.0892333984375,40.17009353637695,30.236371994018555,627972,0.0,0.0
1998-08-28 00:00:00+05:30,39.59556579589844,39.89772415161133,37.288944244384766,37.52726745605469,28.247106552124023,674967,0.0,0.0
1998-08-31 00:00:00+05:30,36.599510192871094,37.025089263916016,35.407901763916016,36.527164459228516,27.49431037902832,342477,0.0,0.0
1998-09-01 00:00:00+05:30,34.98232650756836,35.57813262939453,34.13117218017578,34.39077377319336,25.88623046875,582152,0.0,0.0
1998-09-02 00:00:00+05:30,35.2376708984375,35.322784423828125,34.407798767089844,34.76953887939453,26.17133331298828,426481,0.0,0.0
1998-09-03 00:00:00+05:30,34.57802963256836,35.003604888916016,34.3014030456543,34.458866119384766,25.937488555908203,338365,0.0,0.0
1998-09-04 00:00:00+05:30,34.93976593017578,37.17829513549805,34.514190673828125,36.93571853637695,27.801837921142578,1828699,0.0,0.0
1998-09-07 00:00:00+05:30,37.195316314697266,39.56577682495117,37.025089263916016,38.757179260253906,29.172866821289062,1418666,0.0,0.0
1998-09-08 00:00:00+05:30,38.72739028930664,39.62110137939453,38.40821075439453,39.28915023803711,29.57328224182129,775420,0.0,0.0
1998-09-09 00:00:00+05:30,40.004119873046875,41.323402404785156,39.58705520629883,40.10200119018555,30.185121536254883,2030778,0.0,0.0
1998-09-10 00:00:00+05:30,39.663658142089844,40.25520706176758,39.42533493041992,39.974327087402344,30.089014053344727,638546,0.0,0.0
1998-09-11 00:00:00+05:30,38.81250762939453,39.4083137512207,37.87623977661133,39.02529525756836,29.37467384338379,1337012,0.0,0.0
1998-09-14 00:00:00+05:30,39.57854461669922,42.14902114868164,39.57854461669922,42.140506744384766,31.719532012939453,2440223,0.0,0.0
1998-09-15 00:00:00+05:30,41.876651763916016,43.3236083984375,41.7064208984375,42.851219177246094,32.254486083984375,1686538,0.0,0.0
1998-09-16 00:00:00+05:30,43.40872573852539,43.749183654785156,42.55757141113281,42.72780227661133,32.161590576171875,860598,0.0,0.0
1998-09-17 00:00:00+05:30,43.11082077026367,43.81302261352539,42.55757141113281,43.44276809692383,32.69974899291992,832989,0.0,0.0
1998-09-18 00:00:00+05:30,43.749183654785156,43.749183654785156,42.898033142089844,43.37467956542969,32.64849853515625,683192,0.0,0.0
1998-09-21 00:00:00+05:30,43.3236083984375,43.4512825012207,40.77015686035156,42.21711349487305,31.77718162536621,1047404,0.0,0.0
1998-09-22 00:00:00+05:30,42.45969009399414,42.72780227661133,42.00857925415039,42.353294372558594,31.87968635559082,661456,0.0,0.0
1998-09-23 00:00:00+05:30,42.81291961669922,44.2598762512207,42.429901123046875,43.78322982788086,32.95600891113281,1019794,0.0,0.0
1998-09-24 00:00:00+05:30,44.34498977661133,45.634483337402344,44.34498977661133,45.35360336303711,34.1380500793457,684367,0.0,0.0
1998-09-25 00:00:00+05:30,45.53660202026367,45.96217727661133,44.60033416748047,44.706729888916016,33.65114212036133,675555,0.0,0.0
1998-09-28 00:00:00+05:30,45.28125762939453,45.70683288574219,44.52798843383789,44.872703552246094,33.77607345581055,687891,0.0,0.0
1998-09-29 00:00:00+05:30,44.817378997802734,44.9407958984375,43.595977783203125,43.97473907470703,33.10016632080078,582739,0.0,0.0
1998-09-30 00:00:00+05:30,44.08964538574219,44.23859786987305,43.3236083984375,43.63002395629883,32.840702056884766,628560,0.0,0.0
1998-10-01 00:00:00+05:30,43.63002395629883,43.63002395629883,43.63002395629883,43.63002395629883,32.840702056884766,0,0.0,0.0
1998-10-02 00:00:00+05:30,43.63002395629883,43.63002395629883,43.63002395629883,43.63002395629883,32.840702056884766,0,0.0,0.0
1998-10-05 00:00:00+05:30,41.791534423828125,42.04688262939453,40.77015686035156,41.44681930541992,31.19738006591797,1033893,0.0,0.0
1998-10-06 00:00:00+05:30,41.38298416137695,43.06826400756836,40.982940673828125,41.87239456176758,31.51771354675293,489924,0.0,0.0
1998-10-07 00:00:00+05:30,42.98314666748047,44.08964538574219,42.55757141113281,43.851322174072266,33.00727081298828,687304,0.0,0.0
1998-10-08 00:00:00+05:30,44.21731948852539,44.98335266113281,42.55757141113281,42.7916374206543,32.20964050292969,853549,0.0,0.0
1998-10-09 00:00:00+05:30,42.98314666748047,43.91941452026367,42.98314666748047,43.21721649169922,32.52997589111328,1051516,0.0,0.0
1998-10-12 00:00:00+05:30,43.66407012939453,44.00453186035156,42.72780227661133,43.37042236328125,32.645294189453125,630322,0.0,0.0
1998-10-13 00:00:00+05:30,43.081031799316406,43.40872573852539,42.898033142089844,43.17891311645508,32.50115203857422,657344,0.0,0.0
1998-10-14 00:00:00+05:30,43.3236083984375,44.251365661621094,42.85547637939453,44.01304244995117,33.12901306152344,875872,0.0,0.0
1998-10-15 00:00:00+05:30,43.83430099487305,45.53660202026367,43.83430099487305,45.0940055847168,33.942649841308594,842388,0.0,0.0
1998-10-16 00:00:00+05:30,45.53660202026367,46.30263900756836,44.69396209716797,46.13666534423828,34.72746658325195,1245371,0.0,0.0
1998-10-19 00:00:00+05:30,46.6856575012207,46.728214263916016,45.02591323852539,45.102516174316406,33.94905090332031,336602,0.0,0.0
1998-10-20 00:00:00+05:30,44.9407958984375,45.19614028930664,43.83430099487305,44.64714813232422,33.60629653930664,989248,0.0,0.0
1998-10-21 00:00:00+05:30,44.64714813232422,44.64714813232422,44.64714813232422,44.64714813232422,33.60629653930664,0,0.0,0.0
1998-10-22 00:00:00+05:30,44.00453186035156,45.0684700012207,43.00442886352539,43.757694244384766,32.93680191040039,548668,0.0,0.0
1998-10-23 00:00:00+05:30,43.40872573852539,44.047088623046875,41.36595916748047,41.783023834228516,31.450443267822266,1913290,0.0,0.0
1998-10-26 00:00:00+05:30,42.540550231933594,44.2598762512207,42.540550231933594,43.92792510986328,33.06492614746094,1334075,0.0,0.0
1998-10-27 00:00:00+05:30,44.2598762512207,44.2598762512207,42.898033142089844,43.3576545715332,32.63568878173828,1114372,0.0,0.0
1998-10-28 00:00:00+05:30,43.91941452026367,44.68545150756836,43.63853454589844,43.78322982788086,32.95600891113281,596838,0.0,0.0
1998-10-29 00:00:00+05:30,43.66407012939453,44.659915924072266,43.58320999145508,44.17050552368164,33.24752426147461,1211887,0.0,0.0
1998-10-30 00:00:00+05:30,44.60033416748047,44.60033416748047,43.58320999145508,43.795997619628906,32.96562576293945,692003,0.0,0.0
1998-11-02 00:00:00+05:30,43.3236083984375,43.62151336669922,42.47245788574219,43.502349853515625,32.744590759277344,465839,0.0,0.0
1998-11-03 00:00:00+05:30,43.40872573852539,43.91941452026367,42.991661071777344,43.200191497802734,32.51715087890625,983373,0.0,0.0
1998-11-04 00:00:00+05:30,43.200191497802734,43.200191497802734,43.200191497802734,43.200191497802734,32.51715087890625,0,0.0,0.0
1998-11-05 00:00:00+05:30,43.1959342956543,43.57895278930664,42.131996154785156,42.646942138671875,32.10072708129883,866473,0.0,0.0
1998-11-06 00:00:00+05:30,43.1959342956543,43.1959342956543,41.876651763916016,42.35755157470703,31.882883071899414,1650705,0.0,0.0
1998-11-09 00:00:00+05:30,43.1959342956543,44.2598762512207,42.898033142089844,43.97899627685547,33.10337448120117,1056803,0.0,0.0
1998-11-10 00:00:00+05:30,43.83430099487305,44.2598762512207,43.40872573852539,44.03432083129883,33.14501190185547,795393,0.0,0.0
1998-11-11 00:00:00+05:30,44.855682373046875,47.55808639526367,44.855682373046875,46.566497802734375,35.05100631713867,2447860,0.0,0.0
1998-11-12 00:00:00+05:30,46.132408142089844,47.14527893066406,45.7493896484375,46.76226043701172,35.198360443115234,1230685,0.0,0.0
1998-11-13 00:00:00+05:30,47.57936477661133,47.91982650756836,46.43031311035156,47.23039245605469,35.55072784423828,1366384,0.0,0.0
1998-11-16 00:00:00+05:30,46.813331604003906,46.89844512939453,45.974945068359375,46.36647415161133,34.90045166015625,657344,0.0,0.0
1998-11-17 00:00:00+05:30,46.26008224487305,46.387752532958984,45.664276123046875,45.84727478027344,34.50965118408203,959288,0.0,0.0
1998-11-18 00:00:00+05:30,46.20901107788086,47.23890686035156,46.04729461669922,46.87290954589844,35.281646728515625,253186,0.0,0.0
1998-11-19 00:00:00+05:30,47.234649658203125,47.243160247802734,46.39626693725586,46.5579833984375,35.044593811035156,320741,0.0,0.0
1998-11-20 00:00:00+05:30,46.64310073852539,46.6856575012207,46.30263900756836,46.55373001098633,35.0413932800293,215002,0.0,0.0
1998-11-23 00:00:00+05:30,45.80046081542969,46.217525482177734,45.72385787963867,46.11112976074219,34.708251953125,206191,0.0,0.0
1998-11-24 00:00:00+05:30,46.04729461669922,46.20475769042969,44.349246978759766,44.68545150756836,33.6351318359375,306643,0.0,0.0
1998-11-25 00:00:00+05:30,44.68545150756836,44.68545150756836,44.68545150756836,44.68545150756836,33.6351318359375,0,0.0,0.0
1998-11-26 00:00:00+05:30,43.17465591430664,44.43010711669922,42.47245788574219,43.06826400756836,32.41785430908203,463489,0.0,0.0
1998-11-27 00:00:00+05:30,42.3873405456543,42.81291961669922,41.621307373046875,42.131996154785156,31.71312141418457,445279,0.0,0.0
1998-11-30 00:00:00+05:30,41.71493148803711,42.5490608215332,41.49363327026367,42.4809684753418,31.97579002380371,190330,0.0,0.0
1998-12-01 00:00:00+05:30,42.5150146484375,42.98314666748047,42.21711349487305,42.55757141113281,32.03345489501953,301943,0.0,0.0
1998-12-02 00:00:00+05:30,42.65119934082031,43.144866943359375,42.47245788574219,42.685245513916016,32.12955093383789,295482,0.0,0.0
1998-12-03 00:00:00+05:30,42.57884979248047,42.91505432128906,42.400108337402344,42.770362854003906,32.19361877441406,251424,0.0,0.0
1998-12-04 00:00:00+05:30,42.57884979248047,42.96612548828125,42.30222702026367,42.96612548828125,32.34096908569336,289020,0.0,0.0
1998-12-07 00:00:00+05:30,43.06826400756836,43.74067306518555,43.06826400756836,43.3831901550293,32.654911041259766,260823,0.0,0.0
1998-12-08 00:00:00+05:30,43.40872573852539,43.493839263916016,42.21711349487305,42.2383918762207,31.7932071685791,380660,0.0,0.0
1998-12-09 00:00:00+05:30,42.5150146484375,43.83430099487305,42.5150146484375,43.4512825012207,32.7061653137207,291957,0.0,0.0
1998-12-10 00:00:00+05:30,43.53639602661133,45.8770637512207,43.53639602661133,45.27274703979492,34.077186584472656,1016270,0.0,0.0
1998-12-11 00:00:00+05:30,45.625972747802734,45.8770637512207,44.9407958984375,45.10676956176758,33.95225524902344,481112,0.0,0.0
1998-12-14 00:00:00+05:30,45.23870086669922,45.23870086669922,43.92367172241211,44.01304244995117,33.12901306152344,393584,0.0,0.0
1998-12-15 00:00:00+05:30,44.06836700439453,44.06836700439453,42.14902114868164,42.72780227661133,32.161590576171875,511659,0.0,0.0
1998-12-16 00:00:00+05:30,42.72780227661133,43.400211334228516,42.30222702026367,42.96186828613281,32.337772369384766,381835,0.0,0.0
1998-12-17 00:00:00+05:30,41.8340950012207,42.72780227661133,41.66386413574219,41.7064208984375,31.392784118652344,864123,0.0,0.0
1998-12-18 00:00:00+05:30,41.7064208984375,42.47245788574219,41.7064208984375,42.30222702026367,31.841249465942383,333665,0.0,0.0
1998-12-21 00:00:00+05:30,42.72780227661133,43.1959342956543,42.485225677490234,42.72780227661133,32.161590576171875,910531,0.0,0.0
1998-12-22 00:00:00+05:30,43.153377532958984,43.293819427490234,42.336273193359375,42.81291961669922,32.22565460205078,582152,0.0,0.0
1998-12-23 00:00:00+05:30,43.749183654785156,43.749183654785156,42.834197998046875,43.00442886352539,32.36979675292969,437642,0.0,0.0
1998-12-24 00:00:00+05:30,42.81291961669922,43.05549621582031,42.140506744384766,42.6426887512207,32.09752655029297,313105,0.0,0.0
1998-12-25 00:00:00+05:30,42.6426887512207,42.6426887512207,42.6426887512207,42.6426887512207,32.09752655029297,0,0.0,0.0
1998-12-28 00:00:00+05:30,42.6426887512207,43.238494873046875,42.40862274169922,43.06826400756836,32.41785430908203,378898,0.0,0.0
1998-12-29 00:00:00+05:30,42.3873405456543,42.898033142089844,41.876651763916016,41.96176528930664,31.584980010986328,541619,0.0,0.0
1998-12-30 00:00:00+05:30,42.72780227661133,43.66407012939453,42.72780227661133,43.493839263916016,32.73818588256836,235563,0.0,0.0
1998-12-31 00:00:00+05:30,43.67258071899414,45.08549118041992,43.25977325439453,43.57895278930664,32.80225372314453,938728,0.0,0.0
1999-01-01 00:00:00+05:30,44.00453186035156,45.0003776550293,43.847068786621094,44.38754653930664,33.4109001159668,478175,0.0,0.0
1999-01-04 00:00:00+05:30,44.864192962646484,45.08974838256836,44.2598762512207,44.58331298828125,33.558250427246094,647945,0.0,0.0
1999-01-05 00:00:00+05:30,44.72800827026367,44.72800827026367,44.00453186035156,44.515220642089844,33.506996154785156,397109,0.0,0.0
1999-01-06 00:00:00+05:30,45.53660202026367,45.96217727661133,44.68545150756836,45.919620513916016,34.5640983581543,508722,0.0,0.0
1999-01-07 00:00:00+05:30,46.11112976074219,46.983558654785156,45.83450698852539,46.20901107788086,34.78192138671875,602712,0.0,0.0
1999-01-08 00:00:00+05:30,47.21337127685547,48.94120788574219,46.47712326049805,48.345401763916016,36.39000701904297,1912703,0.0,0.0
1999-01-11 00:00:00+05:30,50.452003479003906,50.452003479003906,48.090057373046875,48.3028450012207,36.35797119140625,1027431,0.0,0.0
1999-01-12 00:00:00+05:30,48.090057373046875,49.1114387512207,47.23890686035156,47.3665771484375,35.65323257446289,646770,0.0,0.0
1999-01-13 00:00:00+05:30,48.51563262939453,49.53701400756836,47.57936477661133,48.1751708984375,36.26188659667969,431768,0.0,0.0
1999-01-14 00:00:00+05:30,47.32402038574219,48.51563262939453,47.15378952026367,47.41339111328125,35.688472747802734,486987,0.0,0.0
1999-01-15 00:00:00+05:30,46.813331604003906,46.813331604003906,43.62151336669922,43.62151336669922,32.83428192138672,774245,0.0,0.0
1999-01-18 00:00:00+05:30,43.493839263916016,43.91941452026367,41.81281661987305,42.944847106933594,32.324954986572266,407095,0.0,0.0
1999-01-19 00:00:00+05:30,42.21711349487305,43.57895278930664,42.131996154785156,42.131996154785156,31.71312141418457,616224,0.0,0.0
1999-01-20 00:00:00+05:30,42.131996154785156,42.131996154785156,42.131996154785156,42.131996154785156,31.71312141418457,0,0.0,0.0
1999-01-21 00:00:00+05:30,42.6426887512207,43.153377532958984,41.536190032958984,42.55757141113281,32.03345489501953,601538,0.0,0.0
1999-01-22 00:00:00+05:30,43.238494873046875,43.302330017089844,41.96176528930664,42.131996154785156,31.71312141418457,399458,0.0,0.0
1999-01-25 00:00:00+05:30,42.02985763549805,42.30648422241211,41.536190032958984,42.04688262939453,31.649051666259766,968687,0.0,0.0
1999-01-26 00:00:00+05:30,42.04688262939453,42.04688262939453,42.04688262939453,42.04688262939453,31.649051666259766,0,0.0,0.0
1999-01-27 00:00:00+05:30,42.32350540161133,43.74067306518555,42.31073760986328,42.804405212402344,32.21925354003906,1052691,0.0,0.0
1999-01-28 00:00:00+05:30,43.1959342956543,43.40872573852539,42.00432586669922,42.131996154785156,31.71312141418457,511659,0.0,0.0
1999-01-29 00:00:00+05:30,41.791534423828125,42.21711349487305,41.791534423828125,42.21711349487305,31.77718162536621,296069,0.0,0.0
1999-02-01 00:00:00+05:30,42.45117950439453,42.45117950439453,41.029754638671875,41.029754638671875,30.883447647094727,294894,0.0,0.0
1999-02-02 00:00:00+05:30,40.616947174072266,41.280845642089844,40.0551872253418,40.067955017089844,30.159500122070312,766608,0.0,0.0
1999-02-03 00:00:00+05:30,41.536190032958984,41.536190032958984,40.85527038574219,41.0255012512207,30.880252838134766,258473,0.0,0.0
1999-02-04 00:00:00+05:30,40.85527038574219,41.280845642089844,40.2169075012207,40.51055145263672,30.492647171020508,296069,0.0,0.0
1999-02-05 00:00:00+05:30,40.42969512939453,40.42969512939453,39.16999053955078,40.0892333984375,30.175508499145508,242612,0.0,0.0
1999-02-08 00:00:00+05:30,40.09774398803711,40.09774398803711,39.23808288574219,39.49342727661133,29.72704315185547,316629,0.0,0.0
1999-02-09 00:00:00+05:30,39.1529655456543,39.1529655456543,38.3443717956543,38.72739028930664,29.150447845458984,338365,0.0,0.0
1999-02-10 00:00:00+05:30,38.897621154785156,39.4083137512207,38.757179260253906,39.4083137512207,29.662982940673828,139810,0.0,0.0
1999-02-11 00:00:00+05:30,39.79132843017578,42.55757141113281,39.23808288574219,39.32319641113281,29.598922729492188,203841,0.0,0.0
1999-02-12 00:00:00+05:30,39.67216873168945,39.67216873168945,38.59971618652344,38.642276763916016,29.08637809753418,172707,0.0,0.0
1999-02-15 00:00:00+05:30,38.98273849487305,39.57854461669922,38.4720458984375,38.557159423828125,29.022310256958008,227339,0.0,0.0
1999-02-16 00:00:00+05:30,38.31458282470703,38.68483352661133,37.47194290161133,37.47194290161133,28.205455780029297,492274,0.0,0.0
1999-02-17 00:00:00+05:30,38.046470642089844,38.557159423828125,37.70600891113281,38.301815032958984,28.83010482788086,190330,0.0,0.0
1999-02-18 00:00:00+05:30,38.3443717956543,39.06785202026367,38.11030578613281,38.22521209716797,28.77245330810547,279621,0.0,0.0
1999-02-19 00:00:00+05:30,38.71036911010742,39.06785202026367,37.62089538574219,37.62089538574219,28.31757354736328,376548,0.0,0.0
1999-02-22 00:00:00+05:30,37.87623977661133,38.03795623779297,36.646324157714844,37.025089263916016,27.869108200073242,146272,0.0,0.0
1999-02-23 00:00:00+05:30,36.51439666748047,37.016578674316406,36.433536529541016,36.55695343017578,27.5167236328125,411207,0.0,0.0
1999-02-24 00:00:00+05:30,37.45066452026367,37.96135330200195,36.71867370605469,37.45066452026367,28.189441680908203,187393,0.0,0.0
1999-02-25 00:00:00+05:30,37.79112243652344,39.1529655456543,37.493221282958984,37.72728729248047,28.397653579711914,514597,0.0,0.0
1999-02-26 00:00:00+05:30,38.21670150756836,38.4720458984375,37.6634521484375,37.803890228271484,28.455322265625,291369,0.0,0.0
1999-03-01 00:00:00+05:30,36.684627532958984,36.684627532958984,35.16106414794922,35.74835968017578,26.908098220825195,721375,0.0,0.0
1999-03-02 00:00:00+05:30,35.74835968017578,35.74835968017578,35.74835968017578,35.74835968017578,26.908098220825195,0,0.0,0.0
1999-03-03 00:00:00+05:30,35.96114730834961,37.45066452026367,35.96114730834961,36.34416580200195,27.356571197509766,414732,0.0,0.0
1999-03-04 00:00:00+05:30,36.55695343017578,36.55695343017578,35.33555221557617,35.74835968017578,26.908098220825195,227339,0.0,0.0
1999-03-05 00:00:00+05:30,35.57813262939453,35.83347702026367,34.73549270629883,34.90571975708008,26.273839950561523,439992,0.0,0.0
1999-03-08 00:00:00+05:30,34.99083709716797,36.1739387512207,34.98232650756836,35.23341369628906,26.52049446105957,394759,0.0,0.0
1999-03-09 00:00:00+05:30,35.49301528930664,36.12712478637695,35.2376708984375,35.322784423828125,26.5877685546875,747810,0.0,0.0
1999-03-10 00:00:00+05:30,37.36554718017578,37.36554718017578,34.89720916748047,34.89720916748047,26.26743507385254,650882,0.0,0.0
1999-03-11 00:00:00+05:30,35.322784423828125,35.49301528930664,33.331092834472656,33.450252532958984,25.178295135498047,1358747,0.0,0.0
1999-03-12 00:00:00+05:30,33.6204833984375,34.050315856933594,32.6842155456543,34.050315856933594,25.62997055053711,364212,0.0,0.0
1999-03-15 00:00:00+05:30,34.046058654785156,35.1099967956543,33.28002166748047,34.718467712402344,26.132890701293945,799505,0.0,0.0
1999-03-16 00:00:00+05:30,34.53546905517578,35.77815246582031,34.13117218017578,34.4290771484375,25.915069580078125,1059740,0.0,0.0
1999-03-17 00:00:00+05:30,35.067440032958984,36.08882141113281,35.067440032958984,35.15255355834961,26.45963478088379,924042,0.0,0.0
1999-03-18 00:00:00+05:30,35.2376708984375,35.663246154785156,35.067440032958984,35.663246154785156,26.84403419494629,546906,0.0,0.0
1999-03-19 00:00:00+05:30,35.74835968017578,37.45066452026367,35.57813262939453,35.57813262939453,26.779970169067383,1966160,0.0,0.0
1999-03-22 00:00:00+05:30,35.65473556518555,38.45927810668945,35.57813262939453,37.4421501159668,28.18303108215332,2804436,0.0,0.0
1999-03-23 00:00:00+05:30,37.86772918701172,40.42969512939453,37.55705642700195,38.4720458984375,28.958242416381836,3106380,0.0,0.0
1999-03-24 00:00:00+05:30,40.004119873046875,40.004119873046875,35.407901763916016,36.30160903930664,27.32452964782715,2187037,0.0,0.0
1999-03-25 00:00:00+05:30,33.53536605834961,37.195316314697266,33.53536605834961,36.73569869995117,27.651281356811523,2651114,0.0,0.0
1999-03-26 00:00:00+05:30,37.195316314697266,37.87623977661133,35.49301528930664,36.939971923828125,27.805036544799805,2451972,0.0,0.0
1999-03-29 00:00:00+05:30,36.939971923828125,36.939971923828125,36.939971923828125,36.939971923828125,27.805036544799805,0,0.0,0.0
1999-03-30 00:00:00+05:30,35.49301528930664,37.45066452026367,35.322784423828125,37.45066452026367,28.189441680908203,2039589,0.0,0.0
1999-03-31 00:00:00+05:30,37.87623977661133,40.44671630859375,37.70600891113281,39.4083137512207,29.662982940673828,1151757,0.0,0.0
1999-04-01 00:00:00+05:30,40.17435073852539,42.04688262939453,39.57854461669922,40.59992218017578,30.559911727905273,1405402,0.0,0.0
1999-04-02 00:00:00+05:30,40.59992218017578,40.59992218017578,40.59992218017578,40.59992218017578,30.559911727905273,0,0.0,0.0
1999-04-05 00:00:00+05:30,38.046470642089844,39.32319641113281,38.046470642089844,38.46353530883789,28.95183563232422,684390,0.0,0.0
1999-04-06 00:00:00+05:30,37.897518157958984,39.14445495605469,37.87623977661133,38.72739028930664,29.150447845458984,608704,0.0,0.0
1999-04-07 00:00:00+05:30,38.7486686706543,39.816864013671875,38.7486686706543,38.77420425415039,29.185678482055664,314009,0.0,0.0
1999-04-08 00:00:00+05:30,39.57854461669922,40.59992218017578,38.51460266113281,38.72739028930664,29.150447845458984,661633,0.0,0.0
1999-04-09 00:00:00+05:30,38.557159423828125,38.98273849487305,38.13158416748047,38.25925827026367,28.798070907592773,364118,0.0,0.0
1999-04-12 00:00:00+05:30,38.301815032958984,39.4083137512207,38.301815032958984,38.85932159423828,29.24974822998047,458907,0.0,0.0
1999-04-13 00:00:00+05:30,38.72313690185547,38.897621154785156,38.301815032958984,38.56992721557617,29.03192138671875,819865,0.0,0.0
1999-04-14 00:00:00+05:30,38.56992721557617,38.56992721557617,38.56992721557617,38.56992721557617,29.03192138671875,0,0.0,0.0
1999-04-15 00:00:00+05:30,38.301815032958984,40.17435073852539,38.13158416748047,38.98273849487305,29.342639923095703,460364,0.0,0.0
1999-04-16 00:00:00+05:30,39.412567138671875,42.10220718383789,38.897621154785156,42.10220718383789,31.690696716308594,2655367,0.0,0.0
1999-04-19 00:00:00+05:30,38.301815032958984,41.25956726074219,38.301815032958984,40.34457778930664,30.367708206176758,646759,0.0,0.0
1999-04-20 00:00:00+05:30,40.59992218017578,43.57469940185547,40.59992218017578,43.57469940185547,32.79905700683594,958971,0.0,0.0
1999-04-21 00:00:00+05:30,44.08964538574219,47.06441879272461,44.08964538574219,47.06441879272461,35.42578887939453,1756338,0.0,0.0
1999-04-22 00:00:00+05:30,50.83076477050781,50.83076477050781,46.49414825439453,49.7923583984375,37.4791374206543,4534727,0.0,0.0
1999-04-23 00:00:00+05:30,53.196964263916016,53.196964263916016,49.366783142089844,50.64351272583008,38.11980438232422,1620263,0.0,0.0
1999-04-26 00:00:00+05:30,47.834712982177734,50.10728454589844,47.32402038574219,49.27315902709961,37.08833694458008,1421356,0.0,0.0
1999-04-27 00:00:00+05:30,49.27315902709961,49.27315902709961,49.27315902709961,49.27315902709961,37.08833694458008,0,0.0,0.0
1999-04-28 00:00:00+05:30,48.430519104003906,53.196964263916016,47.45169448852539,50.21793746948242,37.799468994140625,3151248,0.0,0.0
1999-04-29 00:00:00+05:30,50.46477127075195,50.46477127075195,46.821842193603516,47.41339111328125,35.688472747802734,758137,0.0,0.0
1999-04-30 00:00:00+05:30,48.51563262939453,49.19655227661133,47.32402038574219,48.090057373046875,36.197811126708984,846935,0.0,0.0
1999-05-03 00:00:00+05:30,48.1751708984375,48.94120788574219,46.64310073852539,46.89844512939453,35.300865173339844,539069,0.0,0.0
1999-05-04 00:00:00+05:30,47.3665771484375,50.64776611328125,46.983558654785156,48.51563262939453,36.518131256103516,1162719,0.0,0.0
1999-05-05 00:00:00+05:30,49.341251373291016,49.962589263916016,46.89844512939453,48.66458511352539,36.63026428222656,1776863,0.0,0.0
1999-05-06 00:00:00+05:30,48.605003356933594,51.877681732177734,48.605003356933594,50.460514068603516,37.98207473754883,2897674,0.0,0.0
1999-05-07 00:00:00+05:30,52.09046936035156,54.499229431152344,52.086212158203125,53.79277038574219,40.49028396606445,4398394,0.0,0.0
1999-05-10 00:00:00+05:30,54.81415557861328,58.091087341308594,54.47369384765625,55.75041961669922,41.96383285522461,1783372,0.0,0.0
1999-05-11 00:00:00+05:30,56.175994873046875,56.94203186035156,52.7756462097168,55.32484436035156,41.643489837646484,1192137,0.0,0.0
1999-05-12 00:00:00+05:30,55.571678161621094,55.571678161621094,52.81820297241211,54.3672981262207,40.922733306884766,965574,0.0,0.0
1999-05-13 00:00:00+05:30,54.21834945678711,55.15461349487305,53.026737213134766,53.196964263916016,40.041812896728516,639698,0.0,0.0
1999-05-14 00:00:00+05:30,53.52891540527344,55.72488784790039,52.00535583496094,52.77138900756836,39.72148895263672,1754999,0.0,0.0
1999-05-17 00:00:00+05:30,52.77138900756836,53.36719512939453,50.047706604003906,51.792564392089844,38.98471450805664,507947,0.0,0.0
1999-05-18 00:00:00+05:30,50.903114318847656,52.85650634765625,50.38816452026367,50.64351272583008,38.11980438232422,1153695,0.0,0.0
1999-05-19 00:00:00+05:30,51.83512496948242,51.83512496948242,49.19655227661133,49.366783142089844,37.1588134765625,1548666,0.0,0.0
1999-05-20 00:00:00+05:30,49.366783142089844,51.49466323852539,49.02632522583008,49.87747573852539,37.543216705322266,1139891,0.0,0.0
1999-05-21 00:00:00+05:30,49.87747573852539,50.64351272583008,45.92387771606445,49.451900482177734,37.22288131713867,1251939,0.0,0.0
1999-05-24 00:00:00+05:30,49.87747573852539,51.324432373046875,49.366783142089844,50.64351272583008,38.11980438232422,445608,0.0,0.0
1999-05-25 00:00:00+05:30,51.23931884765625,54.38857650756836,50.89034652709961,51.92023849487305,39.080814361572266,1262160,0.0,0.0
1999-05-26 00:00:00+05:30,52.64371871948242,52.64371871948242,49.366783142089844,49.87747573852539,37.543216705322266,1027842,0.0,0.0
1999-05-27 00:00:00+05:30,49.37529754638672,50.983970642089844,48.51563262939453,48.94120788574219,36.838470458984375,365175,0.0,0.0
1999-05-28 00:00:00+05:30,48.51563262939453,49.28166961669922,46.068572998046875,46.813331604003906,35.23680114746094,706783,0.0,0.0
1999-05-31 00:00:00+05:30,47.32402038574219,49.366783142089844,47.32402038574219,48.85609436035156,36.7744026184082,372542,0.0,0.0
1999-06-01 00:00:00+05:30,48.51988983154297,48.77097702026367,47.32402038574219,47.375091552734375,35.659645080566406,311213,0.0,0.0
1999-06-02 00:00:00+05:30,48.21773147583008,48.51563262939453,46.217525482177734,46.90270233154297,35.3040657043457,336732,0.0,0.0
1999-06-03 00:00:00+05:30,47.40913772583008,48.196449279785156,46.983558654785156,47.749595642089844,35.94153594970703,201867,0.0,0.0
1999-06-04 00:00:00+05:30,48.081546783447266,48.94120788574219,48.081546783447266,48.34965896606445,36.39320373535156,553097,0.0,0.0
1999-06-07 00:00:00+05:30,48.85609436035156,51.49466323852539,48.600746154785156,51.49466323852539,38.760475158691406,538153,0.0,0.0
1999-06-08 00:00:00+05:30,49.53701400756836,55.23973083496094,49.53701400756836,55.23973083496094,41.57942199707031,278657,0.0,0.0
1999-06-09 00:00:00+05:30,56.005767822265625,56.005767822265625,51.15420150756836,51.32017517089844,38.62914276123047,422603,0.0,0.0
1999-06-10 00:00:00+05:30,52.17558288574219,52.686275482177734,51.49466323852539,51.775543212890625,38.97190475463867,428396,0.0,0.0
1999-06-11 00:00:00+05:30,51.75000762939453,51.83512496948242,50.21793746948242,51.16271209716797,38.5106086730957,205662,0.0,0.0
1999-06-14 00:00:00+05:30,50.64351272583008,51.54147720336914,49.451900482177734,51.171226501464844,38.51701354980469,689477,0.0,0.0
1999-06-15 00:00:00+05:30,51.579776763916016,55.15461349487305,51.579776763916016,53.77149200439453,40.474273681640625,1520575,0.0,0.0
1999-06-16 00:00:00+05:30,54.37581253051758,55.23973083496094,53.22249984741211,54.12046432495117,40.73694610595703,756998,0.0,0.0
1999-06-17 00:00:00+05:30,54.550296783447266,57.45272445678711,54.550296783447266,56.061092376708984,42.197669982910156,1180812,0.0,0.0
1999-06-18 00:00:00+05:30,56.005767822265625,56.68668746948242,54.605621337890625,55.116310119628906,41.48652267456055,472360,0.0,0.0
1999-06-21 00:00:00+05:30,56.167484283447266,56.175994873046875,55.15461349487305,55.307823181152344,41.63067626953125,688796,0.0,0.0
1999-06-22 00:00:00+05:30,55.32484436035156,59.32525634765625,55.32484436035156,57.593162536621094,43.35087585449219,3070992,0.0,0.0
1999-06-23 00:00:00+05:30,58.81456756591797,59.14225769042969,54.47369384765625,55.3291015625,41.646697998046875,1272393,0.0,0.0
1999-06-24 00:00:00+05:30,54.26090621948242,55.06949996948242,53.30335998535156,54.02684020996094,40.666465759277344,520553,0.0,0.0
1999-06-25 00:00:00+05:30,54.052371978759766,55.06949996948242,49.707244873046875,53.550193786621094,40.30768585205078,913961,0.0,0.0
1999-06-28 00:00:00+05:30,53.95874786376953,54.303462982177734,53.196964263916016,53.97151565551758,40.62482452392578,876706,0.0,0.0
1999-06-29 00:00:00+05:30,54.72903823852539,54.899269104003906,52.98417663574219,53.32038116455078,40.13471603393555,1347351,0.0,0.0
1999-06-30 00:00:00+05:30,54.38857650756836,54.38857650756836,53.11185073852539,53.7119140625,40.42942810058594,1848202,0.0,0.0
1999-07-01 00:00:00+05:30,54.12897872924805,57.537837982177734,54.12897872924805,55.57593536376953,41.83248519897461,4391686,0.0,0.0
1999-07-02 00:00:00+05:30,56.60157012939453,58.2187614440918,54.81840896606445,55.59721374511719,41.848506927490234,6585643,0.0,0.0
1999-07-05 00:00:00+05:30,56.59731674194336,59.708274841308594,56.59731674194336,59.495487213134766,45.232879638671875,4148850,0.553248,0.0
1999-07-06 00:00:00+05:30,59.899784088134766,63.0703239440918,59.899784088134766,62.24896240234375,47.326271057128906,3893079,0.0,0.0
1999-07-07 00:00:00+05:30,62.985206604003906,64.006591796875,62.474517822265625,63.172462463378906,48.02839279174805,3196681,0.0,0.0
1999-07-08 00:00:00+05:30,63.66613006591797,68.22830200195312,63.66613006591797,67.25373077392578,51.13127136230469,5822488,0.0,0.0
1999-07-09 00:00:00+05:30,67.57291412353516,72.63726806640625,67.57291412353516,72.63726806640625,55.224246978759766,4771935,0.0,0.0
1999-07-12 00:00:00+05:30,74.47575378417969,78.45063018798828,74.47575378417969,78.4421157836914,59.63750457763672,6177513,0.0,0.0
1999-07-13 00:00:00+05:30,79.15708923339844,82.39146423339844,77.50159454345703,78.16549682617188,59.42720031738281,3143095,0.0,0.0
1999-07-14 00:00:00+05:30,77.88035583496094,78.64639282226562,73.709716796875,76.54830932617188,58.19770050048828,3078124,0.0,0.0
1999-07-15 00:00:00+05:30,77.88035583496094,78.561279296875,74.47575378417969,75.28434753417969,57.236751556396484,1741852,0.0,0.0
1999-07-16 00:00:00+05:30,74.47575378417969,77.44627380371094,73.19902801513672,75.87590026855469,57.686485290527344,1156797,0.0,0.0
1999-07-19 00:00:00+05:30,76.56107330322266,76.56107330322266,71.92229461669922,73.34797668457031,55.76457977294922,1751486,0.0,0.0
1999-07-20 00:00:00+05:30,71.9435806274414,78.0378189086914,71.75206756591797,72.86707305908203,55.398956298828125,4038129,0.0,0.0
1999-07-21 00:00:00+05:30,72.85856628417969,76.3482894897461,71.92229461669922,75.52266693115234,57.417938232421875,1347292,0.0,0.0
1999-07-22 00:00:00+05:30,75.9227066040039,77.27603912353516,73.62460327148438,74.02890014648438,56.282249450683594,789283,0.0,0.0
1999-07-23 00:00:00+05:30,74.05017852783203,74.47575378417969,72.00741577148438,72.5223617553711,55.13687515258789,969286,0.0,0.0
1999-07-26 00:00:00+05:30,72.17764282226562,72.60321807861328,69.79441833496094,69.82421112060547,53.08553695678711,787262,0.0,0.0
1999-07-27 00:00:00+05:30,69.36884307861328,72.092529296875,69.02838134765625,69.79867553710938,53.06613540649414,828818,0.0,0.0
1999-07-28 00:00:00+05:30,71.0711441040039,72.3478775024414,70.01997375488281,70.6370620727539,53.70352554321289,584326,0.0,0.0
1999-07-29 00:00:00+05:30,70.94347381591797,73.4543685913086,70.94347381591797,72.2840347290039,54.9556884765625,1284694,0.0,0.0
1999-07-30 00:00:00+05:30,71.92229461669922,73.17774963378906,70.81580352783203,72.38191986083984,55.03010177612305,759993,0.0,0.0
1999-08-02 00:00:00+05:30,71.50523376464844,71.75206756591797,70.90091705322266,71.4328842163086,54.3085823059082,232955,0.0,0.0
1999-08-03 00:00:00+05:30,70.64556884765625,77.11431884765625,70.64556884765625,75.0460205078125,57.0555534362793,1061808,0.0,0.0
1999-08-04 00:00:00+05:30,77.88035583496094,80.00398254394531,73.36925506591797,74.91835021972656,56.95848083496094,2943248,0.0,0.0
1999-08-05 00:00:00+05:30,76.43340301513672,78.6804428100586,73.28414154052734,75.1141128540039,57.10732650756836,826680,0.0,0.0
1999-08-06 00:00:00+05:30,74.05017852783203,74.73109436035156,72.85856628417969,73.25009155273438,55.69015121459961,651987,0.0,0.0
1999-08-09 00:00:00+05:30,73.87994384765625,77.62501525878906,73.62460327148438,74.95664978027344,56.987606048583984,904574,0.0,0.0
1999-08-10 00:00:00+05:30,74.15231323242188,75.75247955322266,74.15231323242188,74.99921417236328,57.019962310791016,957068,0.0,0.0
1999-08-11 00:00:00+05:30,71.66695404052734,75.24179077148438,71.66695404052734,73.61183166503906,55.965171813964844,397003,0.0,0.0
1999-08-12 00:00:00+05:30,73.709716796875,74.81621551513672,73.45011138916016,73.63311004638672,55.98135757446289,187616,0.0,0.0
1999-08-13 00:00:00+05:30,74.7736587524414,78.90174102783203,74.7736587524414,78.19103240966797,59.44662857055664,2250516,0.0,0.0
1999-08-16 00:00:00+05:30,79.51457214355469,82.98726654052734,78.73150634765625,81.45519256591797,61.92828369140625,1314995,0.0,0.0
1999-08-17 00:00:00+05:30,81.78714752197266,85.11514282226562,81.02961730957031,83.94055938720703,63.817840576171875,1523583,0.0,0.0
1999-08-18 00:00:00+05:30,87.24302673339844,87.24302673339844,80.94450378417969,82.16165161132812,62.46538543701172,972459,0.0,0.0
1999-08-19 00:00:00+05:30,82.13611602783203,83.412841796875,79.15708923339844,79.60394287109375,60.52082061767578,656592,0.0,0.0
1999-08-20 00:00:00+05:30,80.77427673339844,80.77427673339844,78.05909729003906,79.2209243774414,60.2296257019043,610290,0.0,0.0
1999-08-23 00:00:00+05:30,81.71054077148438,81.71054077148438,79.83800506591797,80.57424926757812,61.25851821899414,524665,0.0,0.0
1999-08-24 00:00:00+05:30,80.09335327148438,80.178466796875,78.34849548339844,78.59957885742188,59.757225036621094,590188,0.0,0.0
1999-08-25 00:00:00+05:30,79.07196807861328,80.85939025878906,76.95685577392578,79.29326629638672,60.284629821777344,385571,0.0,0.0
1999-08-26 00:00:00+05:30,80.34870147705078,80.34870147705078,78.56553649902344,78.90174102783203,59.986961364746094,278646,0.0,0.0
1999-08-27 00:00:00+05:30,78.3059310913086,80.00823974609375,75.326904296875,75.96101379394531,57.75119400024414,1059646,0.0,0.0
1999-08-30 00:00:00+05:30,77.02920532226562,78.60383605957031,73.29264831542969,76.00782775878906,57.78678894042969,548962,0.0,0.0
1999-08-31 00:00:00+05:30,77.45478057861328,79.79544830322266,76.60363006591797,76.61640167236328,58.24946594238281,889019,0.0,0.0
1999-09-01 00:00:00+05:30,78.561279296875,82.11909484863281,78.561279296875,81.40837860107422,61.8926887512207,2110188,0.0,0.0
1999-09-02 00:00:00+05:30,81.37007904052734,81.88076782226562,78.90599822998047,79.37838745117188,60.34933090209961,677893,0.0,0.0
1999-09-03 00:00:00+05:30,78.39105224609375,79.83800506591797,78.39105224609375,79.3017807006836,60.29108810424805,307430,0.0,0.0
1999-09-06 00:00:00+05:30,79.15708923339844,80.178466796875,78.7740707397461,78.96131896972656,60.03223419189453,352827,0.0,0.0
1999-09-07 00:00:00+05:30,79.16133880615234,79.4890365600586,76.69725799560547,77.68033599853516,59.058353424072266,643798,0.0,0.0
1999-09-08 00:00:00+05:30,80.26358032226562,82.13611602783203,79.24220275878906,80.09761047363281,60.89613723754883,859130,0.0,0.0
1999-09-09 00:00:00+05:30,80.4338150024414,81.02961730957031,78.73150634765625,78.99536895751953,60.058135986328125,287434,0.0,0.0
1999-09-10 00:00:00+05:30,79.16985321044922,79.5826644897461,78.07186889648438,78.2761459350586,59.51133728027344,516394,0.0,0.0
1999-09-13 00:00:00+05:30,78.2761459350586,78.2761459350586,78.2761459350586,78.2761459350586,59.51133728027344,0,0.0,0.0
1999-09-14 00:00:00+05:30,79.06346130371094,79.5826644897461,76.73555755615234,77.23348236083984,58.7186279296875,662009,0.0,0.0
1999-09-15 00:00:00+05:30,77.79524230957031,79.41242980957031,77.45478057861328,77.70161437988281,59.07453155517578,661597,0.0,0.0
1999-09-16 00:00:00+05:30,78.47616577148438,79.15708923339844,77.45478057861328,77.50585174560547,58.92570877075195,234470,0.0,0.0
1999-09-17 00:00:00+05:30,76.6887435913086,77.79524230957031,76.60363006591797,76.91429901123047,58.475955963134766,406637,0.0,0.0
1999-09-20 00:00:00+05:30,78.04207611083984,78.39105224609375,76.6887435913086,77.09729766845703,58.615089416503906,296081,0.0,0.0
1999-09-21 00:00:00+05:30,76.6078872680664,77.71012878417969,74.68853759765625,76.69725799560547,58.310935974121094,832730,0.0,0.0
1999-09-22 00:00:00+05:30,78.22081756591797,79.05494689941406,75.83759307861328,76.88876342773438,58.45653533935547,544309,0.0,0.0
1999-09-23 00:00:00+05:30,77.45052337646484,77.45478057861328,75.75247955322266,76.12273406982422,57.874141693115234,262350,0.0,0.0
1999-09-24 00:00:00+05:30,77.00792694091797,78.73150634765625,75.08007049560547,75.76099395751953,57.59913635253906,477282,0.0,0.0
1999-09-27 00:00:00+05:30,76.60363006591797,78.3059310913086,76.17805480957031,76.40786743164062,58.0909423828125,453021,0.0,0.0
1999-09-28 00:00:00+05:30,75.24179077148438,75.75247955322266,74.07145690917969,75.08858489990234,57.087921142578125,662326,0.0,0.0
1999-09-29 00:00:00+05:30,77.02920532226562,78.3059310913086,75.75247955322266,76.32275390625,58.026214599609375,826656,0.0,0.0
1999-09-30 00:00:00+05:30,77.02920532226562,77.1994400024414,75.8801498413086,76.16954040527344,57.90974044799805,484120,0.0,0.0
1999-10-01 00:00:00+05:30,76.17805480957031,80.51892852783203,75.9227066040039,80.08058166503906,60.8831787109375,2731581,0.0,0.0
1999-10-04 00:00:00+05:30,78.65065002441406,80.77427673339844,75.9227066040039,76.62065124511719,58.252716064453125,1683789,0.0,0.0
1999-10-05 00:00:00+05:30,75.7567367553711,76.77386474609375,72.77345275878906,75.82057189941406,57.64442443847656,1198000,0.0,0.0
1999-10-06 00:00:00+05:30,77.02920532226562,77.70161437988281,75.41627502441406,76.2035903930664,57.935638427734375,750724,0.0,0.0
1999-10-07 00:00:00+05:30,77.44627380371094,78.22081756591797,76.60363006591797,77.00792694091797,58.54714584350586,646524,0.0,0.0
1999-10-08 00:00:00+05:30,77.45478057861328,78.64213562011719,75.5822525024414,75.96952056884766,57.75765609741211,1773479,0.0,0.0
1999-10-11 00:00:00+05:30,75.75247955322266,76.92281341552734,74.73109436035156,75.0162353515625,57.03290557861328,317699,0.0,0.0
1999-10-12 00:00:00+05:30,75.41201782226562,76.26316833496094,73.4671401977539,75.69715881347656,57.55059051513672,1922384,0.0,0.0
1999-10-13 00:00:00+05:30,73.305419921875,76.54405212402344,73.305419921875,74.50128936767578,56.641414642333984,845748,0.0,0.0
1999-10-14 00:00:00+05:30,75.28434753417969,75.75247955322266,71.58184051513672,72.75642395019531,55.314842224121094,598201,0.0,0.0
1999-10-15 00:00:00+05:30,73.19902801513672,73.19902801513672,67.32608032226562,71.10093688964844,54.05620193481445,927684,0.0,0.0
1999-10-18 00:00:00+05:30,73.36925506591797,74.05017852783203,68.77304077148438,69.45821380615234,52.807281494140625,867894,0.0,0.0
1999-10-19 00:00:00+05:30,69.45821380615234,69.45821380615234,69.45821380615234,69.45821380615234,52.807281494140625,0,0.0,0.0
1999-10-20 00:00:00+05:30,71.92229461669922,74.39064025878906,71.92229461669922,72.18190002441406,54.878013610839844,535897,0.0,0.0
1999-10-21 00:00:00+05:30,72.092529296875,73.4543685913086,70.82006072998047,71.22010040283203,54.14680862426758,306690,0.0,0.0
1999-10-22 00:00:00+05:30,71.92229461669922,74.47575378417969,71.92229461669922,72.82026672363281,55.363365173339844,1240578,0.0,0.0
1999-10-25 00:00:00+05:30,72.3478775024414,72.77345275878906,68.09211730957031,69.1943588256836,52.60668182373047,572342,0.0,0.0
1999-10-26 00:00:00+05:30,68.94326782226562,68.94326782226562,67.41119384765625,67.65802764892578,51.43864059448242,785453,0.0,0.0
1999-10-27 00:00:00+05:30,68.858154296875,68.94326782226562,64.68750762939453,65.08329772949219,49.481143951416016,452810,0.0,0.0
1999-10-28 00:00:00+05:30,65.11308288574219,66.38981628417969,64.85774230957031,65.58972930908203,49.866180419921875,150490,0.0,0.0
1999-10-29 00:00:00+05:30,65.19820404052734,65.53866577148438,62.134056091308594,62.59793472290039,47.59158706665039,663559,0.0,0.0
1999-11-01 00:00:00+05:30,61.79359436035156,63.751243591308594,61.28290557861328,62.50856399536133,47.52364730834961,391563,0.0,0.0
1999-11-02 00:00:00+05:30,61.47441482543945,67.50907897949219,61.47441482543945,67.50482177734375,51.32217788696289,661597,0.0,0.0
1999-11-03 00:00:00+05:30,68.09211730957031,68.94326782226562,64.51728057861328,67.07498931884766,50.995391845703125,350172,0.0,0.0
1999-11-04 00:00:00+05:30,68.00700378417969,68.00700378417969,65.96424102783203,66.03658294677734,50.20590591430664,121576,0.0,0.0
1999-11-05 00:00:00+05:30,66.38981628417969,67.40693664550781,61.87871170043945,63.30438995361328,48.12868881225586,453961,0.0,0.0
1999-11-08 00:00:00+05:30,63.30438995361328,63.30438995361328,63.30438995361328,63.30438995361328,48.12868881225586,0,0.0,0.0
1999-11-09 00:00:00+05:30,63.751243591308594,66.36002349853516,62.985206604003906,64.40237426757812,48.96345901489258,460529,0.0,0.0
1999-11-10 00:00:00+05:30,65.11308288574219,66.30469512939453,64.43216705322266,65.63228607177734,49.898529052734375,219173,0.0,0.0
1999-11-11 00:00:00+05:30,65.96424102783203,70.88389587402344,65.96424102783203,70.84133911132812,53.85884475708008,975737,0.0,0.0
1999-11-12 00:00:00+05:30,72.3478775024414,73.36925506591797,67.240966796875,72.03295135498047,54.764793395996094,744450,0.0,0.0
1999-11-15 00:00:00+05:30,71.70951080322266,72.0669937133789,69.45821380615234,69.8837890625,53.13084030151367,201491,0.0,0.0
1999-11-16 00:00:00+05:30,68.26234436035156,71.92229461669922,68.26234436035156,71.46267700195312,54.331233978271484,516476,0.0,0.0
1999-11-17 00:00:00+05:30,71.49671936035156,71.8797378540039,66.38981628417969,67.07073211669922,50.99214553833008,435186,0.0,0.0
1999-11-18 00:00:00+05:30,67.240966796875,68.52620697021484,65.96424102783203,66.1514892578125,50.29326629638672,634293,0.0,0.0
1999-11-19 00:00:00+05:30,67.23245239257812,69.96039581298828,66.73027038574219,67.16436004638672,51.063323974609375,861738,0.0,0.0
1999-11-22 00:00:00+05:30,67.49630737304688,69.36884307861328,66.47492980957031,69.07945251464844,52.51932907104492,392891,0.0,0.0
1999-11-23 00:00:00+05:30,69.07945251464844,69.07945251464844,69.07945251464844,69.07945251464844,52.51932907104492,0,0.0,0.0
1999-11-24 00:00:00+05:30,69.4539566040039,70.56045532226562,68.51769256591797,70.27532196044922,53.42851257324219,690758,0.0,0.0
1999-11-25 00:00:00+05:30,70.90091705322266,72.52661895751953,70.90091705322266,72.20743560791016,54.89744186401367,1062901,0.0,0.0
1999-11-26 00:00:00+05:30,73.02879333496094,74.05017852783203,70.475341796875,72.36489868164062,55.01715850830078,1369979,0.0,0.0
1999-11-29 00:00:00+05:30,74.05017852783203,77.19518280029297,72.77345275878906,74.10975646972656,56.3437385559082,1004674,0.0,0.0
1999-11-30 00:00:00+05:30,74.47575378417969,75.326904296875,71.49671936035156,72.22019958496094,54.907142639160156,760405,0.0,0.0
1999-12-01 00:00:00+05:30,73.62460327148438,73.709716796875,69.80293273925781,72.3478775024414,55.00421905517578,645255,0.0,0.0
1999-12-02 00:00:00+05:30,70.475341796875,73.709716796875,70.475341796875,72.6457748413086,55.23069763183594,598824,0.0,0.0
1999-12-03 00:00:00+05:30,73.78206634521484,74.47575378417969,71.0711441040039,71.38182067871094,54.269752502441406,613592,0.0,0.0
1999-12-06 00:00:00+05:30,70.81580352783203,72.00741577148438,70.66259765625,70.9732666015625,53.959144592285156,180625,0.0,0.0
1999-12-07 00:00:00+05:30,70.82006072998047,71.58184051513672,68.09211730957031,68.8836898803711,52.3704948425293,483145,0.0,0.0
1999-12-08 00:00:00+05:30,70.1944580078125,72.26275634765625,67.240966796875,67.63674926757812,51.4224853515625,524419,0.0,0.0
1999-12-09 00:00:00+05:30,67.49630737304688,69.36884307861328,65.96424102783203,68.44534301757812,52.03722381591797,345543,0.0,0.0
1999-12-10 00:00:00+05:30,69.36884307861328,69.96465301513672,67.41119384765625,68.02828216552734,51.72014236450195,362285,0.0,0.0
1999-12-13 00:00:00+05:30,68.51769256591797,69.3603286743164,68.09211730957031,68.62408447265625,52.173118591308594,494506,0.0,0.0
1999-12-14 00:00:00+05:30,68.09211730957031,68.94326782226562,66.30469512939453,67.26224517822266,51.13774490356445,658484,0.0,0.0
1999-12-15 00:00:00+05:30,68.43683624267578,68.51769256591797,66.81539154052734,68.15595245361328,51.81721878051758,304657,0.0,0.0
1999-12-16 00:00:00+05:30,71.8371810913086,71.8371810913086,68.77304077148438,69.33905029296875,52.71668243408203,529412,0.0,0.0
1999-12-17 00:00:00+05:30,69.62419128417969,74.81621551513672,69.62419128417969,73.22030639648438,55.667510986328125,1321727,0.0,0.0
1999-12-20 00:00:00+05:30,74.64598083496094,74.73109436035156,72.00741577148438,72.95219421386719,55.46366882324219,397038,0.0,0.0
1999-12-21 00:00:00+05:30,72.77345275878906,75.66736602783203,71.49671936035156,74.83323669433594,56.893775939941406,770344,0.0,0.0
1999-12-22 00:00:00+05:30,74.05017852783203,74.90132904052734,71.50949096679688,72.65428924560547,55.2371826171875,232355,0.0,0.0
1999-12-23 00:00:00+05:30,71.49671936035156,72.53086853027344,71.49671936035156,71.91804504394531,54.67743682861328,98619,0.0,0.0
1999-12-24 00:00:00+05:30,71.49246978759766,72.092529296875,69.36884307861328,70.5434341430664,53.63233947753906,112106,0.0,0.0
1999-12-27 00:00:00+05:30,69.36884307861328,69.62419128417969,68.26234436035156,68.66664123535156,52.20546340942383,76590,0.0,0.0
1999-12-28 00:00:00+05:30,68.09211730957031,68.51769256591797,67.49630737304688,67.94741821289062,51.65867614746094,255489,0.0,0.0
1999-12-29 00:00:00+05:30,68.00700378417969,69.79441833496094,68.00700378417969,68.65387725830078,52.195762634277344,50778,0.0,0.0
1999-12-30 00:00:00+05:30,69.80293273925781,70.55619812011719,68.2666015625,69.2369155883789,52.63904571533203,87528,0.0,0.0
1999-12-31 00:00:00+05:30,69.2369155883789,69.2369155883789,69.2369155883789,69.2369155883789,52.63904571533203,0,0.0,0.0
2000-01-03 00:00:00+05:30,72.43299102783203,74.7736587524414,72.43299102783203,73.8331298828125,56.13341522216797,397097,0.0,0.0
2000-01-04 00:00:00+05:30,74.81621551513672,79.15708923339844,74.05017852783203,76.6334228515625,58.26240921020508,833506,0.0,0.0
2000-01-05 00:00:00+05:30,71.0711441040039,82.7659683227539,71.0711441040039,82.76171112060547,62.92158126831055,1797917,0.0,0.0
2000-01-06 00:00:00+05:30,89.3836669921875,89.3836669921875,86.40038299560547,89.23897552490234,67.84609985351562,1523912,0.0,0.0
2000-01-07 00:00:00+05:30,93.28620147705078,95.32896423339844,86.39187622070312,93.19683074951172,70.85514068603516,1631072,0.0,0.0
2000-01-10 00:00:00+05:30,95.66942596435547,95.66942596435547,86.39187622070312,87.06428527832031,66.19271087646484,513234,0.0,0.0
2000-01-11 00:00:00+05:30,86.98767852783203,89.79647827148438,82.56169128417969,84.54061889648438,64.27403259277344,757679,0.0,0.0
2000-01-12 00:00:00+05:30,85.96629333496094,86.56210327148438,81.71054077148438,82.67659759521484,62.856876373291016,129365,0.0,0.0
2000-01-13 00:00:00+05:30,82.13611602783203,89.29429626464844,82.13611602783203,83.05961608886719,63.1480827331543,313951,0.0,0.0
2000-01-14 00:00:00+05:30,83.412841796875,84.09376525878906,78.73150634765625,80.35720825195312,61.0935173034668,178475,0.0,0.0
2000-01-17 00:00:00+05:30,80.85939025878906,82.38294982910156,77.6292724609375,78.69746398925781,59.83165740966797,353568,0.0,0.0
2000-01-18 00:00:00+05:30,79.15708923339844,79.15708923339844,75.84610748291016,77.83354187011719,59.17481231689453,426093,0.0,0.0
2000-01-19 00:00:00+05:30,80.85939025878906,84.00865173339844,78.73150634765625,79.07196807861328,60.11635208129883,724336,0.0,0.0
2000-01-20 00:00:00+05:30,80.85939025878906,83.75330352783203,79.5826644897461,80.23804473876953,61.002925872802734,979531,0.0,0.0
2000-01-21 00:00:00+05:30,80.94450378417969,81.71054077148438,77.1994400024414,77.51861572265625,58.93540573120117,532384,0.0,0.0
2000-01-24 00:00:00+05:30,78.05059051513672,78.3059310913086,74.56086730957031,74.94388580322266,56.977882385253906,307653,0.0,0.0
2000-01-25 00:00:00+05:30,72.77345275878906,74.05017852783203,70.2199935913086,71.07965850830078,54.0400390625,893930,0.0,0.0
2000-01-26 00:00:00+05:30,71.07965850830078,71.07965850830078,71.07965850830078,71.07965850830078,54.0400390625,0,0.0,0.0
2000-01-27 00:00:00+05:30,73.62460327148438,74.39064025878906,71.1647720336914,72.67556762695312,55.25334930419922,1014167,0.0,0.0
2000-01-28 00:00:00+05:30,72.51810455322266,73.02879333496094,68.51769256591797,71.48821258544922,54.35064697265625,1760967,0.0,0.0
2000-01-31 00:00:00+05:30,70.64556884765625,70.64556884765625,65.7727279663086,65.7727279663086,50.00531005859375,908475,0.0,0.0
2000-02-01 00:00:00+05:30,64.34705352783203,68.858154296875,61.70848083496094,66.66218566894531,50.6815299987793,1672898,0.0,0.0
2000-02-02 00:00:00+05:30,69.36884307861328,71.9989013671875,69.15605926513672,71.99464416503906,54.735660552978516,2408537,0.0,0.0
2000-02-03 00:00:00+05:30,76.3482894897461,77.75694274902344,74.05017852783203,74.33531188964844,56.51520919799805,1733228,0.0,0.0
2000-02-04 00:00:00+05:30,75.5822525024414,75.5822525024414,70.30510711669922,70.90091705322266,53.90412139892578,906936,0.0,0.0
2000-02-07 00:00:00+05:30,69.87953186035156,73.44586181640625,69.58588409423828,69.96039581298828,53.189083099365234,1027361,0.0,0.0
2000-02-08 00:00:00+05:30,71.0711441040039,71.0711441040039,64.53004455566406,66.16000366210938,50.29975128173828,1780176,0.0,0.0
2000-02-09 00:00:00+05:30,69.36884307861328,69.79441833496094,67.92188262939453,68.96454620361328,52.43195343017578,4088261,0.0,0.0
2000-02-10 00:00:00+05:30,69.79441833496094,73.02879333496094,69.02838134765625,71.03284454345703,54.004432678222656,1639790,0.0,0.0
2000-02-11 00:00:00+05:30,73.19902801513672,76.71853637695312,72.51810455322266,74.00762176513672,56.26607131958008,3312571,0.0,0.0
2000-02-14 00:00:00+05:30,74.47575378417969,76.17805480957031,72.43299102783203,73.33521270751953,55.754878997802734,1392995,0.0,0.0
2000-02-15 00:00:00+05:30,73.53097534179688,73.53097534179688,70.65408325195312,71.33500671386719,54.234161376953125,1025927,0.0,0.0
2000-02-16 00:00:00+05:30,71.67121124267578,72.60321807861328,70.64556884765625,71.08817291259766,54.0464973449707,1584394,0.0,0.0
2000-02-17 00:00:00+05:30,71.0711441040039,71.49671936035156,68.94326782226562,70.18595123291016,53.36055374145508,578063,0.0,0.0
2000-02-18 00:00:00+05:30,68.09211730957031,70.30510711669922,67.58993530273438,67.81123352050781,51.55512619018555,1759040,0.0,0.0
2000-02-21 00:00:00+05:30,68.858154296875,69.70930480957031,67.50482177734375,67.95167541503906,51.66189956665039,1068352,0.0,0.0
2000-02-22 00:00:00+05:30,67.19841003417969,67.66654205322266,65.19820404052734,67.2154312133789,51.102149963378906,493836,0.0,0.0
2000-02-23 00:00:00+05:30,67.66654205322266,69.19861602783203,66.34725952148438,66.41534423828125,50.49388885498047,311930,0.0,0.0
2000-02-24 00:00:00+05:30,65.83656311035156,66.81539154052734,64.26618957519531,66.19404602050781,50.32563781738281,373811,0.0,0.0
2000-02-25 00:00:00+05:30,66.81539154052734,66.81539154052734,64.35981750488281,65.0066909790039,49.422908782958984,164095,0.0,0.0
2000-02-28 00:00:00+05:30,63.92147445678711,67.41119384765625,63.92147445678711,67.240966796875,51.12157440185547,312047,0.0,0.0
2000-02-29 00:00:00+05:30,67.32608032226562,67.32608032226562,63.92147445678711,64.4364242553711,48.98935317993164,1043586,0.0,0.0
2000-03-01 00:00:00+05:30,65.53866577148438,65.53866577148438,61.46590042114258,61.87019729614258,47.03831481933594,282675,0.0,0.0
2000-03-02 00:00:00+05:30,62.134056091308594,63.41078186035156,60.60198211669922,61.09139633178711,46.44621276855469,796626,0.0,0.0
2000-03-03 00:00:00+05:30,56.431339263916016,62.985206604003906,56.205787658691406,57.971927642822266,44.074546813964844,639651,0.0,0.0
2000-03-06 00:00:00+05:30,60.00617980957031,60.00617980957031,56.78031539916992,57.086727142333984,43.401554107666016,540843,0.0,0.0
2000-03-07 00:00:00+05:30,58.72945022583008,58.72945022583008,52.520301818847656,52.520301818847656,39.929832458496094,287434,0.0,0.0
2000-03-08 00:00:00+05:30,50.21793746948242,52.77138900756836,49.33273696899414,51.18399429321289,38.91386795043945,1213978,0.0,0.0
2000-03-09 00:00:00+05:30,50.30305099487305,55.28228759765625,50.2562370300293,55.120567321777344,41.90674591064453,392703,0.0,0.0
2000-03-10 00:00:00+05:30,55.32484436035156,58.27408218383789,53.62254333496094,54.69499206542969,41.58318328857422,681206,0.0,0.0
2000-03-13 00:00:00+05:30,54.899269104003906,55.571678161621094,52.77138900756836,53.80128479003906,40.90373229980469,235246,0.0,0.0
2000-03-14 00:00:00+05:30,54.47369384765625,54.47369384765625,49.507225036621094,52.141536712646484,39.64186096191406,443035,0.0,0.0
2000-03-15 00:00:00+05:30,54.048118591308594,56.316436767578125,52.77138900756836,56.08662414550781,42.64121627807617,196815,0.0,0.0
2000-03-16 00:00:00+05:30,57.427188873291016,60.4317512512207,57.427188873291016,59.614646911621094,45.323486328125,628395,0.0,0.0
2000-03-17 00:00:00+05:30,59.614646911621094,59.614646911621094,59.614646911621094,59.614646911621094,45.323486328125,0,0.0,0.0
2000-03-20 00:00:00+05:30,59.614646911621094,59.614646911621094,59.614646911621094,59.614646911621094,45.323486328125,0,0.0,0.0
2000-03-21 00:00:00+05:30,55.75041961669922,61.60634231567383,55.75041961669922,57.64848709106445,43.82864761352539,689513,0.0,0.0
2000-03-22 00:00:00+05:30,55.49507522583008,59.14225769042969,55.49507522583008,56.86542892456055,43.23332214355469,296656,0.0,0.0
2000-03-23 00:00:00+05:30,59.495487213134766,61.28290557861328,56.68668746948242,59.02735137939453,44.87696838378906,1211065,0.0,0.0
2000-03-24 00:00:00+05:30,61.28290557861328,63.751243591308594,61.28290557861328,63.05329895019531,47.93780517578125,1683014,0.0,0.0
2000-03-27 00:00:00+05:30,64.58537292480469,64.58537292480469,62.985206604003906,63.30864334106445,48.13192367553711,441237,0.0,0.0
2000-03-28 00:00:00+05:30,61.71699142456055,63.6916618347168,61.372276306152344,62.985206604003906,47.88602828979492,552416,0.0,0.0
2000-03-29 00:00:00+05:30,61.70848083496094,62.985206604003906,60.857330322265625,61.20204544067383,46.53033447265625,413275,0.0,0.0
2000-03-30 00:00:00+05:30,59.155025482177734,65.87911987304688,58.72945022583008,62.28300857543945,47.352169036865234,207753,0.0,0.0
2000-03-31 00:00:00+05:30,61.87871170043945,63.742733001708984,60.4317512512207,62.75114059448242,47.708072662353516,174023,0.0,0.0
2000-04-03 00:00:00+05:30,63.83635711669922,63.83635711669922,59.240142822265625,59.76359939575195,45.43672561645508,436338,0.0,0.0
2000-04-04 00:00:00+05:30,56.60157012939453,57.45272445678711,54.98438262939453,55.93341827392578,42.524723052978516,720753,0.0,0.0
2000-04-05 00:00:00+05:30,57.45272445678711,59.155025482177734,56.175994873046875,56.814361572265625,43.19449234008789,183140,0.0,0.0
2000-04-06 00:00:00+05:30,56.85691833496094,60.00617980957031,56.03555679321289,59.16779327392578,45.3232421875,223826,0.425576,0.0
2000-04-07 00:00:00+05:30,60.4317512512207,63.904449462890625,58.98479461669922,63.55122375488281,48.68100357055664,454490,0.0,0.0
2000-04-10 00:00:00+05:30,64.04489135742188,66.47492980957031,62.85753631591797,63.27034378051758,48.46584701538086,558455,0.0,0.0
2000-04-11 00:00:00+05:30,61.368019104003906,68.3346939086914,61.368019104003906,68.22830200195312,52.263710021972656,750336,0.0,0.0
2000-04-12 00:00:00+05:30,70.98603057861328,70.98603057861328,65.96424102783203,66.88773345947266,51.23681640625,417728,0.0,0.0
2000-04-13 00:00:00+05:30,65.53866577148438,66.30469512939453,62.985206604003906,64.93009185791016,49.73723220825195,212688,0.0,0.0
2000-04-14 00:00:00+05:30,64.93009185791016,64.93009185791016,64.93009185791016,64.93009185791016,49.73723220825195,0,0.0,0.0
2000-04-17 00:00:00+05:30,61.71273422241211,64.6023941040039,59.73806381225586,60.12959671020508,46.05999755859375,398413,0.0,0.0
2000-04-18 00:00:00+05:30,63.41078186035156,63.66613006591797,56.85691833496094,58.06129837036133,44.47565460205078,960263,0.0,0.0
2000-04-19 00:00:00+05:30,60.00617980957031,60.4317512512207,57.02714920043945,57.895320892333984,44.34851837158203,364846,0.0,0.0
2000-04-20 00:00:00+05:30,54.47369384765625,59.58060073852539,54.47369384765625,58.38898849487305,44.72667694091797,365363,0.0,0.0
2000-04-21 00:00:00+05:30,58.38898849487305,58.38898849487305,58.38898849487305,58.38898849487305,44.72667694091797,0,0.0,0.0
2000-04-24 00:00:00+05:30,57.1973762512207,59.57634735107422,57.02714920043945,58.11236572265625,44.5147705078125,172636,0.0,0.0
2000-04-25 00:00:00+05:30,56.34622573852539,61.682945251464844,54.72903823852539,59.73806381225586,45.76007843017578,770379,0.0,0.0
2000-04-26 00:00:00+05:30,61.70848083496094,62.2617301940918,59.58060073852539,60.657310485839844,46.4642333984375,373541,0.0,0.0
2000-04-27 00:00:00+05:30,62.729862213134766,62.80646514892578,59.155025482177734,60.0529899597168,46.001319885253906,239076,0.0,0.0
2000-04-28 00:00:00+05:30,59.58060073852539,60.857330322265625,58.899681091308594,60.350894927978516,46.22951126098633,328625,0.0,0.0
2000-05-01 00:00:00+05:30,60.350894927978516,60.350894927978516,60.350894927978516,60.350894927978516,46.22951126098633,0,0.0,0.0
2000-05-02 00:00:00+05:30,60.423240661621094,61.4531364440918,57.96767044067383,60.218963623046875,46.128448486328125,334123,0.0,0.0
2000-05-03 00:00:00+05:30,57.45272445678711,63.83635711669922,57.45272445678711,61.368019104003906,47.00864791870117,226916,0.0,0.0
2000-05-04 00:00:00+05:30,61.62336349487305,63.751243591308594,60.44026565551758,62.334075927734375,47.748653411865234,138529,0.0,0.0
2000-05-05 00:00:00+05:30,62.9766960144043,69.8156967163086,62.31279754638672,68.52620697021484,52.49190139770508,821886,0.0,0.0
2000-05-08 00:00:00+05:30,66.39832305908203,72.26275634765625,65.96424102783203,66.35150909423828,50.826053619384766,534135,0.0,0.0
2000-05-09 00:00:00+05:30,65.87911987304688,65.95572662353516,63.12139129638672,64.78539276123047,49.62638473510742,906936,0.0,0.0
2000-05-10 00:00:00+05:30,65.96424102783203,65.96424102783203,62.65325927734375,63.244808197021484,48.44628143310547,1182280,0.0,0.0
2000-05-11 00:00:00+05:30,61.28290557861328,63.83635711669922,61.28290557861328,62.08298873901367,47.55631637573242,548269,0.0,0.0
2000-05-12 00:00:00+05:30,63.07457733154297,63.83635711669922,62.134056091308594,62.729862213134766,48.05183029174805,798130,0.0,0.0
2000-05-15 00:00:00+05:30,61.71273422241211,63.92147445678711,61.71273422241211,63.72996520996094,48.81793212890625,258062,0.0,0.0
2000-05-16 00:00:00+05:30,62.989463806152344,65.53866577148438,62.985206604003906,63.5682487487793,48.69404220581055,244739,0.0,0.0
2000-05-17 00:00:00+05:30,64.94285583496094,64.94285583496094,62.985206604003906,63.036277770996094,48.28654479980469,146742,0.0,0.0
2000-05-18 00:00:00+05:30,62.3298225402832,63.82784652709961,62.3298225402832,63.12139129638672,48.35175704956055,68659,0.0,0.0
2000-05-19 00:00:00+05:30,63.40652847290039,64.20661163330078,62.985206604003906,63.5682487487793,48.69404220581055,64207,0.0,0.0
2000-05-22 00:00:00+05:30,63.32566833496094,64.26193237304688,60.4317512512207,63.15543746948242,48.377830505371094,576560,0.0,0.0
2000-05-23 00:00:00+05:30,62.64474868774414,62.81497573852539,60.94244384765625,61.929779052734375,47.43895721435547,535674,0.0,0.0
2000-05-24 00:00:00+05:30,61.96382522583008,62.04894256591797,59.755088806152344,60.63177490234375,46.44466781616211,295117,0.0,0.0
2000-05-25 00:00:00+05:30,60.772212982177734,61.28290557861328,58.38898849487305,60.58921432495117,46.412071228027344,469469,0.0,0.0
2000-05-26 00:00:00+05:30,59.68699645996094,61.09565353393555,59.155025482177734,60.653053283691406,46.460975646972656,401338,0.0,0.0
2000-05-29 00:00:00+05:30,60.848819732666016,62.81497573852539,60.018943786621094,61.84040832519531,47.370506286621094,322104,0.0,0.0
2000-05-30 00:00:00+05:30,62.55963134765625,62.729862213134766,61.70848083496094,61.80636215209961,47.34442138671875,162203,0.0,0.0
2000-05-31 00:00:00+05:30,62.134056091308594,64.68750762939453,61.28290557861328,61.55101776123047,47.14883041381836,342066,0.0,0.0
2000-06-01 00:00:00+05:30,60.857330322265625,61.976593017578125,60.606239318847656,61.010536193847656,46.734798431396484,397731,0.0,0.0
2000-06-02 00:00:00+05:30,61.70848083496094,63.41078186035156,61.13395309448242,62.534095764160156,47.90187454223633,862995,0.0,0.0
2000-06-05 00:00:00+05:30,64.09170532226562,66.38981628417969,63.66613006591797,63.742733001708984,48.82769775390625,770015,0.0,0.0
2000-06-06 00:00:00+05:30,63.41078186035156,65.5301513671875,63.41078186035156,64.92583465576172,49.733978271484375,430346,0.0,0.0
2000-06-07 00:00:00+05:30,65.12159729003906,67.62398529052734,65.11308288574219,67.10903930664062,51.406341552734375,442388,0.0,0.0
2000-06-08 00:00:00+05:30,67.240966796875,69.19861602783203,66.60685729980469,67.4026870727539,51.63126754760742,908851,0.0,0.0
2000-06-09 00:00:00+05:30,66.6494140625,71.0711441040039,66.51748657226562,70.04976654052734,53.658966064453125,620958,0.0,0.0
2000-06-12 00:00:00+05:30,70.2199935913086,75.65459442138672,70.2199935913086,73.84590148925781,56.56684112548828,1220946,0.0,0.0
2000-06-13 00:00:00+05:30,72.60321807861328,73.19477081298828,70.30936431884766,70.77749633789062,54.2164192199707,234470,0.0,0.0
2000-06-14 00:00:00+05:30,71.66695404052734,73.44160461425781,70.73068237304688,71.50523376464844,54.77387619018555,374328,0.0,0.0
2000-06-15 00:00:00+05:30,73.19902801513672,73.19902801513672,72.092529296875,72.46703338623047,55.5106315612793,204264,0.0,0.0
2000-06-16 00:00:00+05:30,73.62034606933594,74.79493713378906,72.47554779052734,72.901123046875,55.843135833740234,297655,0.0,0.0
2000-06-19 00:00:00+05:30,73.4543685913086,74.21614837646484,72.3478775024414,72.50534057617188,55.53996276855469,855899,0.0,0.0
2000-06-20 00:00:00+05:30,72.7521743774414,72.7521743774414,71.58184051513672,72.24573516845703,55.34111404418945,984184,0.0,0.0
2000-06-21 00:00:00+05:30,73.19902801513672,76.51851654052734,66.81539154052734,70.34767150878906,53.88717269897461,397391,0.0,0.0
2000-06-22 00:00:00+05:30,70.2199935913086,70.2199935913086,68.26234436035156,68.78154754638672,52.68749237060547,407706,0.0,0.0
2000-06-23 00:00:00+05:30,68.93475341796875,68.93475341796875,66.73027038574219,67.24522399902344,51.51065444946289,685236,0.0,0.0
2000-06-26 00:00:00+05:30,65.54717254638672,68.8326187133789,65.54717254638672,67.23670959472656,51.50413131713867,451177,0.0,0.0
2000-06-27 00:00:00+05:30,65.64080047607422,68.6453628540039,65.64080047607422,67.3090591430664,51.5595588684082,273006,0.0,0.0
2000-06-28 00:00:00+05:30,68.00274658203125,69.34330749511719,67.240966796875,67.26224517822266,51.52368927001953,601197,0.0,0.0
2000-06-29 00:00:00+05:30,68.26234436035156,68.858154296875,67.84528350830078,68.11339569091797,52.175682067871094,152111,0.0,0.0
2000-06-30 00:00:00+05:30,67.77293395996094,67.77293395996094,67.240966796875,67.38140869140625,51.61497497558594,163449,0.0,0.0
2000-07-03 00:00:00+05:30,67.240966796875,70.13488006591797,66.9856185913086,67.21968841552734,51.686954498291016,417281,0.255345,0.0
2000-07-04 00:00:00+05:30,68.09211730957031,69.27947235107422,67.8367691040039,68.1431884765625,52.39706802368164,467954,0.0,0.0
2000-07-05 00:00:00+05:30,71.0711441040039,71.0711441040039,68.09637451171875,68.24958038330078,52.47887420654297,525076,0.0,0.0
2000-07-06 00:00:00+05:30,67.15585327148438,68.858154296875,66.47492980957031,68.22404479980469,52.4592399597168,332561,0.0,0.0
2000-07-07 00:00:00+05:30,68.31341552734375,68.66239166259766,68.09211730957031,68.2410659790039,52.47233581542969,546365,0.0,0.0
2000-07-10 00:00:00+05:30,68.49215698242188,69.28372955322266,67.9303970336914,68.17723083496094,52.42324447631836,117781,0.0,0.0
2000-07-11 00:00:00+05:30,68.51769256591797,68.6028060913086,67.9303970336914,68.24532318115234,52.475608825683594,320918,0.0,0.0
2000-07-12 00:00:00+05:30,68.43257904052734,69.28372955322266,68.09211730957031,69.08796691894531,53.123531341552734,216436,0.0,0.0
2000-07-13 00:00:00+05:30,69.36884307861328,70.56045532226562,68.858154296875,69.39437866210938,53.35914611816406,371555,0.0,0.0
2000-07-14 00:00:00+05:30,70.19871520996094,70.2199935913086,69.02838134765625,69.56886291503906,53.49332046508789,262503,0.0,0.0
2000-07-17 00:00:00+05:30,69.81995391845703,72.84579467773438,69.19861602783203,71.8797378540039,55.270198822021484,787462,0.0,0.0
2000-07-18 00:00:00+05:30,71.283935546875,73.11390686035156,70.475341796875,72.30106353759766,55.59416580200195,426116,0.0,0.0
2000-07-19 00:00:00+05:30,70.64556884765625,71.60311889648438,69.36884307861328,69.86251068115234,53.71910095214844,289783,0.0,0.0
2000-07-20 00:00:00+05:30,69.36884307861328,69.77313995361328,68.09211730957031,68.84113311767578,52.933738708496094,146742,0.0,0.0
2000-07-21 00:00:00+05:30,69.66249084472656,69.66249084472656,68.0240249633789,68.4793930053711,52.655582427978516,802912,0.0,0.0
2000-07-24 00:00:00+05:30,68.51769256591797,68.858154296875,66.81539154052734,67.24522399902344,51.706600189208984,230429,0.0,0.0
2000-07-25 00:00:00+05:30,66.81539154052734,69.56886291503906,66.30469512939453,68.4155502319336,52.606502532958984,366468,0.0,0.0
2000-07-26 00:00:00+05:30,68.858154296875,70.2199935913086,67.8367691040039,68.10063171386719,52.36434555053711,59354,0.0,0.0
2000-07-27 00:00:00+05:30,68.08786010742188,68.33043670654297,67.66654205322266,67.92613983154297,52.23017120361328,197873,0.0,0.0
2000-07-28 00:00:00+05:30,72.51810455322266,72.51810455322266,67.66654205322266,68.03678894042969,52.31524658203125,47805,0.0,0.0
2000-07-31 00:00:00+05:30,67.24522399902344,68.09211730957031,67.24522399902344,68.0112533569336,52.29561233520508,27433,0.0,0.0
2000-08-01 00:00:00+05:30,68.00700378417969,69.11349487304688,67.58993530273438,68.49215698242188,52.665401458740234,146436,0.0,0.0
2000-08-02 00:00:00+05:30,69.70930480957031,72.6883316040039,68.94326782226562,72.13082885742188,55.463253021240234,938281,0.0,0.0
2000-08-03 00:00:00+05:30,72.08401489257812,72.08401489257812,70.2199935913086,70.6668472290039,54.33757019042969,291193,0.0,0.0
2000-08-04 00:00:00+05:30,70.23701477050781,70.96475219726562,69.63269805908203,70.49236297607422,54.203399658203125,197332,0.0,0.0
2000-08-07 00:00:00+05:30,70.475341796875,70.90091705322266,69.2879867553711,69.67951202392578,53.578392028808594,173987,0.0,0.0
2000-08-08 00:00:00+05:30,69.79441833496094,70.2199935913086,69.19861602783203,69.46247100830078,53.41151428222656,214450,0.0,0.0
2000-08-09 00:00:00+05:30,69.36884307861328,70.13488006591797,68.51769256591797,68.57301330566406,52.72755432128906,78376,0.0,0.0
2000-08-10 00:00:00+05:30,68.64962005615234,69.0496597290039,65.96424102783203,67.94741821289062,52.24653625488281,357351,0.0,0.0
2000-08-11 00:00:00+05:30,67.49630737304688,68.77304077148438,66.56004333496094,68.34746551513672,52.55413818359375,312600,0.0,0.0
2000-08-14 00:00:00+05:30,67.58142852783203,68.43257904052734,67.41119384765625,68.39427185058594,52.590126037597656,276566,0.0,0.0
2000-08-15 00:00:00+05:30,68.39427185058594,68.39427185058594,68.39427185058594,68.39427185058594,52.590126037597656,0,0.0,0.0
2000-08-16 00:00:00+05:30,68.94326782226562,68.94326782226562,67.66654205322266,68.2112808227539,52.44942092895508,347282,0.0,0.0
2000-08-17 00:00:00+05:30,66.91326904296875,68.94326782226562,66.91326904296875,68.27511596679688,52.49850845336914,116383,0.0,0.0
2000-08-18 00:00:00+05:30,68.51769256591797,68.6028060913086,68.09211730957031,68.45811462402344,52.63923263549805,582352,0.0,0.0
2000-08-21 00:00:00+05:30,68.43257904052734,68.9262466430664,67.7942123413086,67.90911865234375,52.217079162597656,53797,0.0,0.0
2000-08-22 00:00:00+05:30,67.58142852783203,68.00700378417969,66.91752624511719,67.28352355957031,51.73604202270508,91581,0.0,0.0
2000-08-23 00:00:00+05:30,66.56004333496094,67.91763305664062,66.3940658569336,67.53887176513672,51.932376861572266,26035,0.0,0.0
2000-08-24 00:00:00+05:30,65.75570678710938,67.56015014648438,65.75570678710938,67.47928619384766,51.88658142089844,47758,0.0,0.0
2000-08-25 00:00:00+05:30,67.07073211669922,67.58142852783203,66.81539154052734,67.25798797607422,51.7164192199707,110309,0.0,0.0
2000-08-28 00:00:00+05:30,67.41119384765625,67.5771713256836,66.81964874267578,67.29203033447266,51.74259567260742,73453,0.0,0.0
2000-08-29 00:00:00+05:30,67.240966796875,67.92188262939453,66.94306182861328,67.63249206542969,52.00437927246094,114386,0.0,0.0
2000-08-30 00:00:00+05:30,67.240966796875,68.00700378417969,67.240966796875,67.78144836425781,52.11891555786133,77036,0.0,0.0
2000-08-31 00:00:00+05:30,67.98997497558594,69.61567687988281,67.76441955566406,68.19000244140625,52.43305587768555,791903,0.0,0.0
2000-09-01 00:00:00+05:30,68.19000244140625,68.19000244140625,68.19000244140625,68.19000244140625,52.43305587768555,0,0.0,0.0
2000-09-04 00:00:00+05:30,68.10063171386719,68.94326782226562,67.66654205322266,68.06658172607422,52.338157653808594,861209,0.0,0.0
2000-09-05 00:00:00+05:30,67.9303970336914,69.96465301513672,67.9303970336914,69.06668853759766,53.10718536376953,764482,0.0,0.0
2000-09-06 00:00:00+05:30,69.36884307861328,71.47969818115234,68.39427185058594,69.31352233886719,53.296966552734375,1079525,0.0,0.0
2000-09-07 00:00:00+05:30,70.13488006591797,71.06263732910156,69.36884307861328,70.52215576171875,54.226314544677734,868635,0.0,0.0
2000-09-08 00:00:00+05:30,71.15626525878906,72.76068115234375,70.81580352783203,71.61162567138672,55.06403732299805,1145460,0.0,0.0
2000-09-11 00:00:00+05:30,72.6883316040039,74.39064025878906,68.09211730957031,72.16487884521484,55.489444732666016,896691,0.0,0.0
2000-09-12 00:00:00+05:30,72.26275634765625,73.19902801513672,70.73068237304688,71.96485900878906,55.33565902709961,327638,0.0,0.0
2000-09-13 00:00:00+05:30,73.19902801513672,82.604248046875,73.02879333496094,80.6082992553711,61.9818115234375,1861454,0.0,0.0
2000-09-14 00:00:00+05:30,81.88076782226562,81.96588134765625,74.90132904052734,75.62055206298828,58.1466064453125,1342816,0.0,0.0
2000-09-15 00:00:00+05:30,74.94388580322266,79.99972534179688,74.90132904052734,79.42945098876953,61.075374603271484,1236748,0.0,0.0
2000-09-18 00:00:00+05:30,76.6887435913086,78.3059310913086,75.33541870117188,77.27178192138672,59.41627502441406,702119,0.0,0.0
2000-09-19 00:00:00+05:30,75.93122100830078,76.60363006591797,75.326904296875,76.32275390625,58.686546325683594,522456,0.0,0.0
2000-09-20 00:00:00+05:30,76.17805480957031,76.17805480957031,73.19902801513672,75.37371826171875,57.95679473876953,1524440,0.0,0.0
2000-09-21 00:00:00+05:30,75.66736602783203,76.17805480957031,74.48426055908203,75.61629486083984,58.14333724975586,241061,0.0,0.0
2000-09-22 00:00:00+05:30,73.4543685913086,75.326904296875,69.53907775878906,69.87953186035156,53.732181549072266,770156,0.0,0.0
2000-09-25 00:00:00+05:30,73.62460327148438,73.62460327148438,68.21978759765625,69.51779174804688,53.454044342041016,274510,0.0,0.0
2000-09-26 00:00:00+05:30,70.2199935913086,70.2199935913086,68.26234436035156,68.61982727050781,52.76356506347656,483122,0.0,0.0
2000-09-27 00:00:00+05:30,68.94326782226562,71.82867431640625,68.34746551513672,70.11360168457031,53.91216278076172,254796,0.0,0.0
2000-09-28 00:00:00+05:30,69.36884307861328,71.06263732910156,69.12626647949219,69.32202911376953,53.30350875854492,216154,0.0,0.0
2000-09-29 00:00:00+05:30,70.20722961425781,70.20722961425781,68.34746551513672,69.19010162353516,53.20207977294922,191916,0.0,0.0
2000-10-02 00:00:00+05:30,69.19010162353516,69.19010162353516,69.19010162353516,69.19010162353516,53.20207977294922,0,0.0,0.0
2000-10-03 00:00:00+05:30,70.73068237304688,70.73068237304688,66.38981628417969,69.12626647949219,53.152976989746094,253444,0.0,0.0
2000-10-04 00:00:00+05:30,69.75186157226562,70.64556884765625,69.28372955322266,70.30936431884766,54.06269454956055,127721,0.0,0.0
2000-10-05 00:00:00+05:30,71.66695404052734,71.75206756591797,69.39012145996094,69.62419128417969,53.53584289550781,75485,0.0,0.0
2000-10-06 00:00:00+05:30,69.19861602783203,69.70930480957031,68.09211730957031,68.75601196289062,52.86829376220703,336861,0.0,0.0
2000-10-09 00:00:00+05:30,65.11308288574219,69.53907775878906,65.11308288574219,69.21989440917969,53.224979400634766,347223,0.0,0.0
2000-10-10 00:00:00+05:30,68.30915832519531,70.2199935913086,68.30915832519531,69.37310028076172,53.342769622802734,140210,0.0,0.0
2000-10-11 00:00:00+05:30,70.2199935913086,70.2199935913086,68.09211730957031,68.93901062011719,53.009002685546875,125065,0.0,0.0
2000-10-12 00:00:00+05:30,68.26234436035156,69.0071029663086,67.26224517822266,68.81985473632812,52.9173698425293,471302,0.0,0.0
2000-10-13 00:00:00+05:30,68.09211730957031,68.93475341796875,67.32608032226562,68.30065155029297,52.51814651489258,268025,0.0,0.0
2000-10-16 00:00:00+05:30,68.94326782226562,70.2199935913086,68.09211730957031,68.64110565185547,52.779930114746094,309087,0.0,0.0
2000-10-17 00:00:00+05:30,68.09211730957031,68.18148803710938,67.41119384765625,67.97721099853516,52.26943588256836,441801,0.0,0.0
2000-10-18 00:00:00+05:30,66.98987579345703,69.19861602783203,66.81539154052734,67.13882446289062,51.624786376953125,137648,0.0,0.0
2000-10-19 00:00:00+05:30,67.98572540283203,68.00700378417969,62.985206604003906,63.891685485839844,49.12798309326172,495105,0.0,0.0
2000-10-20 00:00:00+05:30,67.75165557861328,67.75165557861328,60.857330322265625,62.878814697265625,48.349151611328125,308887,0.0,0.0
2000-10-23 00:00:00+05:30,63.751243591308594,63.83635711669922,58.903934478759766,59.52953338623047,45.773807525634766,262785,0.0,0.0
2000-10-24 00:00:00+05:30,58.30387496948242,61.69997024536133,56.68668746948242,61.2658805847168,47.108924865722656,120342,0.0,0.0
2000-10-25 00:00:00+05:30,63.83635711669922,63.83635711669922,61.159488677978516,61.316951751708984,47.14820098876953,552016,0.0,0.0
2000-10-26 00:00:00+05:30,61.4531364440918,63.83635711669922,61.410579681396484,63.3809928894043,48.735294342041016,99923,0.0,0.0
2000-10-27 00:00:00+05:30,61.73401641845703,64.68750762939453,61.368019104003906,63.52143478393555,48.84328079223633,201456,0.0,0.0
2000-10-30 00:00:00+05:30,65.10457611083984,65.10457611083984,59.66997146606445,61.7382698059082,47.47216033935547,232696,0.0,0.0
2000-10-31 00:00:00+05:30,60.52112579345703,61.34674072265625,59.58060073852539,60.83179473876953,46.775150299072266,180837,0.0,0.0
2000-11-01 00:00:00+05:30,61.40632247924805,62.06596374511719,60.17640686035156,60.5253791809082,46.539527893066406,345672,0.0,0.0
2000-11-02 00:00:00+05:30,61.278648376464844,61.278648376464844,59.66571807861328,60.414730072021484,46.45445251464844,247993,0.0,0.0
2000-11-03 00:00:00+05:30,60.465797424316406,61.28290557861328,60.34663772583008,61.04458236694336,46.93876266479492,182670,0.0,0.0
2000-11-06 00:00:00+05:30,62.389400482177734,63.32566833496094,60.09129333496094,61.014793395996094,46.915855407714844,1498558,0.0,0.0
2000-11-07 00:00:00+05:30,60.010433197021484,60.857330322265625,58.72945022583008,59.486976623535156,45.7410888671875,296163,0.0,0.0
2000-11-08 00:00:00+05:30,60.13385009765625,60.4317512512207,59.58060073852539,60.00617980957031,46.14030838012695,447640,0.0,0.0
2000-11-09 00:00:00+05:30,60.09129333496094,60.33386993408203,58.899681091308594,59.286956787109375,45.5872802734375,352369,0.0,0.0
2000-11-10 00:00:00+05:30,57.878299713134766,57.878299713134766,56.34622573852539,56.4824104309082,43.430789947509766,794923,0.0,0.0
2000-11-13 00:00:00+05:30,55.49507522583008,56.59305953979492,55.32484436035156,55.78021240234375,42.89086151123047,262127,0.0,0.0
2000-11-14 00:00:00+05:30,56.175994873046875,56.85691833496094,54.643924713134766,56.02704620361328,43.080650329589844,585136,0.0,0.0
2000-11-15 00:00:00+05:30,57.1973762512207,57.4442138671875,56.77180099487305,57.14630889892578,43.9412727355957,168407,0.0,0.0
2000-11-16 00:00:00+05:30,56.68668746948242,58.49964141845703,56.610084533691406,56.84415054321289,43.70894241333008,199694,0.0,0.0
2000-11-17 00:00:00+05:30,56.431339263916016,57.36760711669922,56.431339263916016,56.75052261352539,43.6369514465332,229254,0.0,0.0
2000-11-20 00:00:00+05:30,56.60157012939453,57.133541107177734,56.34622573852539,56.68668746948242,43.58786392211914,110297,0.0,0.0
2000-11-21 00:00:00+05:30,57.02714920043945,57.02714920043945,54.899269104003906,56.167484283447266,43.18864440917969,389307,0.0,0.0
2000-11-22 00:00:00+05:30,56.60157012939453,57.01012420654297,55.23973083496094,55.41847229003906,42.612701416015625,499029,0.0,0.0
2000-11-23 00:00:00+05:30,55.49507522583008,55.49507522583008,54.643924713134766,54.758827209472656,42.10548400878906,231204,0.0,0.0
2000-11-24 00:00:00+05:30,55.15461349487305,56.252601623535156,54.992897033691406,55.656795501708984,42.79595184326172,325676,0.0,0.0
2000-11-27 00:00:00+05:30,56.175994873046875,57.282493591308594,55.754676818847656,57.00161361694336,43.83002471923828,430945,0.0,0.0
2000-11-28 00:00:00+05:30,57.36760711669922,58.899681091308594,57.1973762512207,57.94639205932617,44.55648422241211,487480,0.0,0.0
2000-11-29 00:00:00+05:30,57.878299713134766,59.6486930847168,57.622955322265625,58.60603332519531,45.06369400024414,706630,0.0,0.0
2000-11-30 00:00:00+05:30,58.81456756591797,59.57634735107422,58.31238555908203,59.257164001464844,45.56436538696289,380496,0.0,0.0
2000-12-01 00:00:00+05:30,58.942237854003906,59.02735137939453,57.49528121948242,57.831485748291016,44.4681282043457,470844,0.0,0.0
2000-12-04 00:00:00+05:30,58.30387496948242,58.55921936035156,57.30802536010742,58.082576751708984,44.66120147705078,549655,0.0,0.0
2000-12-05 00:00:00+05:30,58.04853057861328,62.71283721923828,58.04853057861328,62.19789123535156,47.8255729675293,1171248,0.0,0.0
2000-12-06 00:00:00+05:30,65.96424102783203,65.96424102783203,63.15969467163086,63.8193359375,49.07234573364258,1230615,0.0,0.0
2000-12-07 00:00:00+05:30,64.5598373413086,64.5598373413086,62.64474868774414,63.21927261352539,48.610939025878906,511354,0.0,0.0
2000-12-08 00:00:00+05:30,63.39801788330078,64.85774230957031,62.6660270690918,63.53419876098633,48.85309600830078,636901,0.0,0.0
2000-12-11 00:00:00+05:30,65.11308288574219,66.38981628417969,63.58101272583008,64.01509857177734,49.22286605834961,1040061,0.0,0.0
2000-12-12 00:00:00+05:30,63.0703239440918,64.51728057861328,63.0703239440918,63.593780517578125,48.89891815185547,334723,0.0,0.0
2000-12-13 00:00:00+05:30,63.92147445678711,68.17723083496094,63.844871520996094,66.16000366210938,50.87214279174805,2026196,0.0,0.0
2000-12-14 00:00:00+05:30,67.32608032226562,70.97752380371094,66.2195816040039,69.84123229980469,53.70273971557617,3844450,0.0,0.0
2000-12-15 00:00:00+05:30,68.51769256591797,71.59886169433594,66.38981628417969,68.56876373291016,52.724308013916016,2536129,0.0,0.0
2000-12-18 00:00:00+05:30,67.58142852783203,67.8367691040039,65.71315002441406,66.30469512939453,50.983402252197266,1066496,0.0,0.0
2000-12-19 00:00:00+05:30,65.97274780273438,67.55589294433594,65.96424102783203,66.4579086303711,51.10121154785156,899722,0.0,0.0
2000-12-20 00:00:00+05:30,66.64515686035156,67.92613983154297,65.96424102783203,66.7685775756836,51.340091705322266,821052,0.0,0.0
2000-12-21 00:00:00+05:30,66.057861328125,68.0750961303711,64.36833190917969,66.16426086425781,50.87541580200195,705773,0.0,0.0
2000-12-22 00:00:00+05:30,66.5557861328125,66.5557861328125,64.85774230957031,65.27054595947266,50.18821716308594,366162,0.0,0.0
2000-12-25 00:00:00+05:30,65.27054595947266,65.27054595947266,65.27054595947266,65.27054595947266,50.18821716308594,0,0.0,0.0
2000-12-26 00:00:00+05:30,66.46641540527344,67.31756591796875,62.7341194152832,63.695919036865234,48.97745132446289,293743,0.0,0.0
2000-12-27 00:00:00+05:30,64.67048645019531,64.67048645019531,59.58485794067383,62.823490142822266,48.30661392211914,272818,0.0,0.0
2000-12-28 00:00:00+05:30,62.30428695678711,63.41078186035156,62.15533447265625,62.942649841308594,48.39824295043945,264148,0.0,0.0
2000-12-29 00:00:00+05:30,64.26193237304688,67.240966796875,62.64474868774414,62.84476852416992,48.322967529296875,1093130,0.0,0.0
2001-01-01 00:00:00+05:30,61.03181457519531,63.82784652709961,61.03181457519531,62.993717193603516,48.43750762939453,167349,0.0,0.0
2001-01-02 00:00:00+05:30,62.580909729003906,63.66613006591797,62.55963134765625,62.83625411987305,48.31642532348633,419455,0.0,0.0
2001-01-03 00:00:00+05:30,62.729862213134766,64.68325805664062,62.729862213134766,64.0108413696289,49.219608306884766,851470,0.0,0.0
2001-01-04 00:00:00+05:30,64.61941528320312,66.13446807861328,64.09170532226562,64.61941528320312,49.68754577636719,1102776,0.0,0.0
2001-01-05 00:00:00+05:30,65.09606170654297,65.42800903320312,63.844871520996094,64.27896118164062,49.425758361816406,640450,0.0,0.0
2001-01-08 00:00:00+05:30,63.0703239440918,65.5301513671875,63.0703239440918,64.2491683959961,49.40285110473633,501438,0.0,0.0
2001-01-09 00:00:00+05:30,65.44928741455078,65.6918716430664,64.02787017822266,64.9088134765625,49.91006851196289,562802,0.0,0.0
2001-01-10 00:00:00+05:30,68.09211730957031,68.09211730957031,65.11308288574219,66.52174377441406,51.15029525756836,1210289,0.0,0.0
2001-01-11 00:00:00+05:30,66.30469512939453,67.240966796875,65.11308288574219,65.7854995727539,50.58417892456055,801737,0.0,0.0
2001-01-12 00:00:00+05:30,66.80687713623047,67.62398529052734,65.11308288574219,65.75996398925781,50.564544677734375,1149619,0.0,0.0
2001-01-15 00:00:00+05:30,65.53866577148438,66.38981628417969,65.13011169433594,65.50035858154297,50.36492919921875,420724,0.0,0.0
2001-01-16 00:00:00+05:30,66.11744689941406,66.21107482910156,65.11308288574219,65.57270812988281,50.42056655883789,641201,0.0,0.0
2001-01-17 00:00:00+05:30,66.2195816040039,66.2195816040039,64.73006439208984,65.01520538330078,49.99187088012695,318028,0.0,0.0
2001-01-18 00:00:00+05:30,65.11308288574219,70.2199935913086,64.94285583496094,69.45821380615234,53.408226013183594,2302915,0.0,0.0
2001-01-19 00:00:00+05:30,70.64556884765625,70.81580352783203,67.66654205322266,68.02828216552734,52.308712005615234,1817244,0.0,0.0
2001-01-22 00:00:00+05:30,68.51769256591797,69.27947235107422,67.41119384765625,68.0240249633789,52.30544662475586,895175,0.0,0.0
2001-01-23 00:00:00+05:30,67.45375061035156,68.00700378417969,65.30459594726562,65.5982437133789,50.44019317626953,815847,0.0,0.0
2001-01-24 00:00:00+05:30,66.38981628417969,67.240966796875,65.53866577148438,65.81954193115234,50.61035919189453,657756,0.0,0.0
2001-01-25 00:00:00+05:30,66.1259536743164,66.1259536743164,63.24055480957031,63.85763931274414,49.10179138183594,755611,0.0,0.0
2001-01-26 00:00:00+05:30,63.85763931274414,63.85763931274414,63.85763931274414,63.85763931274414,49.10179138183594,0,0.0,0.0
2001-01-29 00:00:00+05:30,62.389400482177734,64.98541259765625,59.66571807861328,63.704429626464844,48.9839973449707,832284,0.0,0.0
2001-01-30 00:00:00+05:30,61.70848083496094,65.11308288574219,61.70848083496094,63.64485168457031,48.93818283081055,636490,0.0,0.0
2001-01-31 00:00:00+05:30,64.43216705322266,66.13446807861328,64.11724090576172,65.32587432861328,50.23076248168945,1030063,0.0,0.0
2001-02-01 00:00:00+05:30,65.96424102783203,66.56004333496094,65.07052612304688,66.01104736328125,50.75760269165039,1028254,0.0,0.0
2001-02-02 00:00:00+05:30,65.3684310913086,67.23245239257812,65.3684310913086,66.16000366210938,50.87214279174805,921974,0.0,0.0
2001-02-05 00:00:00+05:30,67.07073211669922,67.19415283203125,65.19820404052734,66.2451171875,50.937591552734375,1390927,0.0,0.0
2001-02-06 00:00:00+05:30,65.623779296875,66.47492980957031,64.77262878417969,66.04509735107422,50.78379821777344,1180530,0.0,0.0
2001-02-07 00:00:00+05:30,66.38981628417969,66.81539154052734,65.41950225830078,65.7216567993164,50.53508377075195,799728,0.0,0.0
2001-02-08 00:00:00+05:30,65.24076080322266,68.04104614257812,65.24076080322266,67.6069564819336,51.98475646972656,2071852,0.0,0.0
2001-02-09 00:00:00+05:30,68.09211730957031,70.81580352783203,67.66654205322266,68.66664123535156,52.799556732177734,5928275,0.0,0.0
2001-02-12 00:00:00+05:30,68.94326782226562,71.9052734375,68.94326782226562,71.56481170654297,55.028045654296875,4351387,0.0,0.0
2001-02-13 00:00:00+05:30,71.66695404052734,73.44160461425781,71.66695404052734,72.92240142822266,56.071929931640625,3912629,0.0,0.0
2001-02-14 00:00:00+05:30,72.7819595336914,72.94367980957031,69.96465301513672,70.70515441894531,54.36701202392578,2321619,0.0,0.0
2001-02-15 00:00:00+05:30,70.64556884765625,71.4456558227539,70.13488006591797,70.91368103027344,54.527366638183594,1737704,0.0,0.0
2001-02-16 00:00:00+05:30,70.39022827148438,71.0711441040039,66.38981628417969,67.27500915527344,51.72949981689453,2511773,0.0,0.0
2001-02-19 00:00:00+05:30,68.51769256591797,68.51769256591797,67.12606048583984,68.23255920410156,52.46579360961914,746071,0.0,0.0
2001-02-20 00:00:00+05:30,67.34310150146484,69.27521514892578,67.34310150146484,68.94752502441406,53.015541076660156,1598340,0.0,0.0
2001-02-21 00:00:00+05:30,69.53482055664062,72.51810455322266,69.4539566040039,71.82867431640625,55.23093795776367,4316399,0.0,0.0
2001-02-22 00:00:00+05:30,71.24137878417969,71.24137878417969,68.09211730957031,69.48374938964844,53.42786407470703,1648883,0.0,0.0
2001-02-23 00:00:00+05:30,69.77739715576172,69.7901611328125,68.51769256591797,69.02412414550781,53.074440002441406,1941640,0.0,0.0
2001-02-26 00:00:00+05:30,68.26234436035156,68.52620697021484,67.07073211669922,67.38140869140625,51.811309814453125,593325,0.0,0.0
2001-02-27 00:00:00+05:30,67.50056457519531,68.75601196289062,65.4109878540039,65.88763427734375,50.6627197265625,984149,0.0,0.0
2001-02-28 00:00:00+05:30,60.68709945678711,67.75165557861328,60.68709945678711,64.99392700195312,49.97551727294922,1538551,0.0,0.0
2001-03-01 00:00:00+05:30,64.68750762939453,69.61567687988281,64.68750762939453,68.43257904052734,52.61958694458008,2233844,0.0,0.0
2001-03-02 00:00:00+05:30,68.94326782226562,71.0711441040039,68.09211730957031,69.84123229980469,53.70273971557617,2068985,0.0,0.0
2001-03-05 00:00:00+05:30,68.17723083496094,71.06263732910156,67.28352355957031,68.94752502441406,53.015541076660156,1122491,0.0,0.0
2001-03-06 00:00:00+05:30,68.94752502441406,68.94752502441406,68.94752502441406,68.94752502441406,53.015541076660156,0,0.0,0.0
2001-03-07 00:00:00+05:30,69.11349487304688,70.21573638916016,62.134056091308594,65.4109878540039,50.29620361328125,1136014,0.0,0.0
2001-03-08 00:00:00+05:30,68.09211730957031,68.09211730957031,64.82369232177734,66.87071228027344,51.41862106323242,677059,0.0,0.0
2001-03-09 00:00:00+05:30,65.96424102783203,70.56045532226562,63.92998504638672,65.52589416503906,50.38456344604492,384255,0.0,0.0
2001-03-12 00:00:00+05:30,63.883174896240234,65.96424102783203,63.8789176940918,65.0577621459961,50.02460479736328,351241,0.0,0.0
2001-03-13 00:00:00+05:30,63.844871520996094,65.53866577148438,60.44026565551758,62.71709442138672,48.22480010986328,992267,0.0,0.0
2001-03-14 00:00:00+05:30,62.30428695678711,64.006591796875,62.134056091308594,63.555477142333984,48.86946105957031,663806,0.0,0.0
2001-03-15 00:00:00+05:30,63.0703239440918,66.38981628417969,62.729862213134766,65.7216567993164,50.53508377075195,149526,0.0,0.0
2001-03-16 00:00:00+05:30,65.92167663574219,67.65802764892578,63.92147445678711,64.88752746582031,49.89370346069336,333230,0.0,0.0
2001-03-19 00:00:00+05:30,64.77262878417969,64.93434143066406,63.41929626464844,63.695919036865234,48.97745132446289,263654,0.0,0.0
2001-03-20 00:00:00+05:30,63.83635711669922,63.83635711669922,62.134056091308594,62.534095764160156,48.08409881591797,311096,0.0,0.0
2001-03-21 00:00:00+05:30,62.389400482177734,67.5261001586914,61.47441482543945,63.71719741821289,48.99380111694336,487997,0.0,0.0
2001-03-22 00:00:00+05:30,66.80687713623047,66.80687713623047,62.55963134765625,62.95967483520508,48.41133117675781,171203,0.0,0.0
2001-03-23 00:00:00+05:30,63.751243591308594,64.68750762939453,61.89573287963867,63.41078186035156,48.758201599121094,184855,0.0,0.0
2001-03-26 00:00:00+05:30,64.26193237304688,64.26193237304688,62.985206604003906,63.98530960083008,49.19997024536133,164588,0.0,0.0
2001-03-27 00:00:00+05:30,63.283111572265625,65.87911987304688,63.283111572265625,64.79815673828125,49.82498550415039,341995,0.0,0.0
2001-03-28 00:00:00+05:30,66.47492980957031,67.32608032226562,65.30885314941406,66.84092712402344,51.39572525024414,1022567,0.0,0.0
2001-03-29 00:00:00+05:30,65.53866577148438,66.81539154052734,65.3684310913086,66.51322937011719,51.14375305175781,105551,0.0,0.0
2001-03-30 00:00:00+05:30,65.54291534423828,66.38981628417969,65.28331756591797,65.65782165527344,50.48601150512695,181072,0.0,0.0
2001-04-02 00:00:00+05:30,63.92147445678711,64.6023941040039,62.30428695678711,63.849124908447266,49.09524154663086,208024,0.0,0.0
2001-04-03 00:00:00+05:30,63.751243591308594,67.04519653320312,63.751243591308594,66.58983612060547,51.20265197753906,608916,0.0,0.0
2001-04-04 00:00:00+05:30,64.7768783569336,66.81539154052734,64.7768783569336,66.58557891845703,51.19938659667969,232990,0.0,0.0
2001-04-05 00:00:00+05:30,66.58557891845703,66.58557891845703,66.58557891845703,66.58557891845703,51.19938659667969,0,0.0,0.0
2001-04-06 00:00:00+05:30,67.240966796875,71.58184051513672,66.90050506591797,67.44098663330078,51.85711669921875,655500,0.0,0.0
2001-04-09 00:00:00+05:30,66.56004333496094,67.19841003417969,65.12159729003906,65.96424102783203,50.72161102294922,318309,0.0,0.0
2001-04-10 00:00:00+05:30,65.70889282226562,67.11328887939453,65.28331756591797,66.66218566894531,51.25828170776367,369417,0.0,0.0
2001-04-11 00:00:00+05:30,66.73027038574219,66.77708435058594,63.66613006591797,64.5343017578125,49.622093200683594,321082,0.0,0.0
2001-04-12 00:00:00+05:30,64.12574768066406,66.38555908203125,62.99797439575195,65.20671081542969,50.139129638671875,264559,0.0,0.0
2001-04-13 00:00:00+05:30,65.20671081542969,65.20671081542969,65.20671081542969,65.20671081542969,50.139129638671875,0,0.0,0.0
2001-04-16 00:00:00+05:30,65.87487030029297,66.38981628417969,64.56409454345703,66.2451171875,50.937591552734375,203336,0.0,0.0
2001-04-17 00:00:00+05:30,66.81539154052734,68.72622680664062,65.64505767822266,68.19000244140625,52.43305587768555,214826,0.0,0.0
2001-04-18 00:00:00+05:30,67.51758575439453,68.51769256591797,66.82815551757812,67.72611999511719,52.07637023925781,256499,0.0,0.0
2001-04-19 00:00:00+05:30,68.00700378417969,68.858154296875,65.623779296875,66.43663024902344,51.084842681884766,618526,0.0,0.0
2001-04-20 00:00:00+05:30,66.07063293457031,69.87953186035156,65.623779296875,68.56876373291016,52.724308013916016,1356938,0.0,0.0
2001-04-23 00:00:00+05:30,69.28372955322266,72.3478775024414,69.11349487304688,70.73493957519531,54.38993835449219,1152920,0.0,0.0
2001-04-24 00:00:00+05:30,71.92229461669922,72.22019958496094,70.81580352783203,71.36479187011719,54.87424850463867,585853,0.0,0.0
2001-04-25 00:00:00+05:30,72.43299102783203,73.10540008544922,71.49671936035156,72.10529327392578,55.44363021850586,362121,0.0,0.0
2001-04-26 00:00:00+05:30,72.60321807861328,72.76919555664062,69.03689575195312,70.1944580078125,53.974334716796875,459565,0.0,0.0
2001-04-27 00:00:00+05:30,68.18574523925781,71.24137878417969,65.53866577148438,70.13488006591797,53.92852783203125,761638,0.0,0.0
2001-04-30 00:00:00+05:30,68.94326782226562,70.13488006591797,68.17723083496094,68.93050384521484,53.002445220947266,546706,0.0,0.0
2001-05-01 00:00:00+05:30,68.93050384521484,68.93050384521484,68.93050384521484,68.93050384521484,53.002445220947266,0,0.0,0.0
2001-05-02 00:00:00+05:30,71.41160583496094,71.41160583496094,67.66654205322266,69.36458587646484,53.33623123168945,122669,0.0,0.0
2001-05-03 00:00:00+05:30,69.4539566040039,70.64556884765625,69.36884307861328,69.81143951416016,53.67982482910156,495928,0.0,0.0
2001-05-04 00:00:00+05:30,70.475341796875,70.475341796875,69.36884307861328,69.84548950195312,53.706016540527344,318039,0.0,0.0
2001-05-07 00:00:00+05:30,71.0711441040039,71.66695404052734,70.24127197265625,71.33074951171875,54.84806442260742,147153,0.0,0.0
2001-05-08 00:00:00+05:30,71.46693420410156,75.326904296875,71.46693420410156,74.48001098632812,57.26960754394531,1436430,0.0,0.0
2001-05-09 00:00:00+05:30,74.47575378417969,74.47575378417969,72.94367980957031,73.53948974609375,56.54642105102539,559794,0.0,0.0
2001-05-10 00:00:00+05:30,73.28414154052734,74.00762176513672,73.04581451416016,73.47564697265625,56.49735641479492,1125346,0.0,0.0
2001-05-11 00:00:00+05:30,73.32669830322266,75.32264709472656,73.24158477783203,74.52256774902344,57.302345275878906,847757,0.0,0.0
2001-05-14 00:00:00+05:30,74.43319702148438,74.81621551513672,73.74801635742188,74.02464294433594,56.91946792602539,342500,0.0,0.0
2001-05-15 00:00:00+05:30,73.72673797607422,75.326904296875,73.28414154052734,74.09273529052734,56.97182083129883,544885,0.0,0.0
2001-05-16 00:00:00+05:30,74.05868530273438,77.36966705322266,74.05017852783203,77.11006927490234,59.291934967041016,1953859,0.0,0.0
2001-05-17 00:00:00+05:30,77.79524230957031,78.22081756591797,76.00782775878906,76.48021697998047,58.8076171875,920165,0.0,0.0
2001-05-18 00:00:00+05:30,76.51851654052734,77.1994400024414,76.00782775878906,76.80790710449219,59.05960464477539,1429933,0.0,0.0
2001-05-21 00:00:00+05:30,76.7313003540039,77.79524230957031,75.326904296875,77.4164810180664,59.52755355834961,655335,0.0,0.0
2001-05-22 00:00:00+05:30,77.1994400024414,78.63788604736328,77.1994400024414,78.31444549560547,60.217987060546875,1230415,0.0,0.0
2001-05-23 00:00:00+05:30,78.73150634765625,80.00823974609375,77.02920532226562,77.93568420410156,59.926788330078125,1171824,0.0,0.0
2001-05-24 00:00:00+05:30,78.13570404052734,78.13570404052734,76.43340301513672,76.86748504638672,59.105411529541016,707136,0.0,0.0
2001-05-25 00:00:00+05:30,76.17805480957031,76.93132019042969,74.99495697021484,75.60353088378906,58.13352584838867,728037,0.0,0.0
2001-05-28 00:00:00+05:30,75.9227066040039,76.51851654052734,74.90132904052734,75.74822235107422,58.244781494140625,171438,0.0,0.0
2001-05-29 00:00:00+05:30,76.09294128417969,76.09294128417969,74.38212585449219,74.62470245361328,57.3808708190918,174516,0.0,0.0
2001-05-30 00:00:00+05:30,73.02879333496094,74.90132904052734,72.77345275878906,73.57353210449219,56.57260513305664,146331,0.0,0.0
2001-05-31 00:00:00+05:30,74.73109436035156,74.73109436035156,73.36925506591797,73.8288803100586,56.76893615722656,207683,0.0,0.0
2001-06-01 00:00:00+05:30,73.21604919433594,73.96080780029297,73.21604919433594,73.70545959472656,56.67403793334961,267531,0.0,0.0
2001-06-04 00:00:00+05:30,73.83738708496094,74.46723937988281,73.28839874267578,73.709716796875,56.67731857299805,139093,0.0,0.0
2001-06-05 00:00:00+05:30,73.9650650024414,73.9650650024414,71.92229461669922,72.46277618408203,55.71849822998047,195452,0.0,0.0
2001-06-06 00:00:00+05:30,71.41160583496094,72.6883316040039,71.41160583496094,71.82015991210938,55.224388122558594,180449,0.0,0.0
2001-06-07 00:00:00+05:30,71.67546081542969,72.3478775024414,71.60311889648438,71.84143829345703,55.24074172973633,130200,0.0,0.0
2001-06-08 00:00:00+05:30,71.85845947265625,72.60321807861328,71.41160583496094,72.10955047607422,55.4468994140625,282323,0.0,0.0
2001-06-11 00:00:00+05:30,71.51799774169922,75.05027770996094,71.49671936035156,74.47149658203125,57.2630615234375,488044,0.0,0.0
2001-06-12 00:00:00+05:30,74.73109436035156,74.73109436035156,68.51769256591797,70.19871520996094,53.977622985839844,623261,0.0,0.0
2001-06-13 00:00:00+05:30,70.93070983886719,73.78206634521484,70.56471252441406,72.23722076416016,55.54507827758789,604134,0.0,0.0
2001-06-14 00:00:00+05:30,72.1606216430664,73.62460327148438,71.75206756591797,72.76919555664062,55.954124450683594,408716,0.0,0.0
2001-06-15 00:00:00+05:30,72.092529296875,72.17764282226562,70.64556884765625,71.50949096679688,54.985511779785156,514843,0.0,0.0
2001-06-18 00:00:00+05:30,71.41160583496094,72.36489868164062,69.79441833496094,70.69664001464844,54.3604850769043,239052,0.0,0.0
2001-06-19 00:00:00+05:30,70.24127197265625,71.49671936035156,70.2199935913086,70.53917694091797,54.23940658569336,233883,0.0,0.0
2001-06-20 00:00:00+05:30,71.22010040283203,71.22010040283203,70.2199935913086,70.55619812011719,54.25249481201172,178981,0.0,0.0
2001-06-21 00:00:00+05:30,70.2199935913086,70.64556884765625,69.02838134765625,70.24127197265625,54.01034164428711,106491,0.0,0.0
2001-06-22 00:00:00+05:30,70.04976654052734,70.43278503417969,69.62419128417969,69.73058319091797,53.6176643371582,150971,0.0,0.0
2001-06-25 00:00:00+05:30,69.36884307861328,69.79441833496094,69.02838134765625,69.30500793457031,53.29042434692383,139939,0.0,0.0
2001-06-26 00:00:00+05:30,69.79441833496094,69.79441833496094,68.17723083496094,69.21138000488281,53.21841812133789,141608,0.0,0.0
2001-06-27 00:00:00+05:30,68.6028060913086,69.36884307861328,66.82815551757812,67.93891143798828,52.239990234375,610972,0.0,0.0
2001-06-28 00:00:00+05:30,68.51343536376953,68.51343536376953,67.28352355957031,68.12191009521484,52.380706787109375,104728,0.0,0.0
2001-06-29 00:00:00+05:30,68.51343536376953,73.11390686035156,67.66654205322266,70.66259765625,54.33430862426758,136274,0.0,0.0
2001-07-02 00:00:00+05:30,69.79441833496094,70.64556884765625,69.02838134765625,69.292236328125,54.06201934814453,85648,1.021382,0.0
2001-07-03 00:00:00+05:30,68.17723083496094,68.94326782226562,66.91752624511719,67.31331634521484,52.518062591552734,604228,0.0,0.0
2001-07-04 00:00:00+05:30,68.09211730957031,68.09211730957031,63.41078186035156,63.87040328979492,49.831905364990234,664241,0.0,0.0
2001-07-05 00:00:00+05:30,64.26193237304688,65.87911987304688,64.26193237304688,65.45780181884766,51.07038879394531,237772,0.0,0.0
2001-07-06 00:00:00+05:30,63.8533821105957,66.37278747558594,63.83635711669922,64.85774230957031,50.60222625732422,68178,0.0,0.0
2001-07-09 00:00:00+05:30,65.53866577148438,65.96424102783203,64.11724090576172,65.44928741455078,51.063743591308594,156082,0.0,0.0
2001-07-10 00:00:00+05:30,64.68750762939453,65.53866577148438,64.68750762939453,65.3684310913086,51.00067138671875,61117,0.0,0.0
2001-07-11 00:00:00+05:30,65.10457611083984,65.11308288574219,63.83635711669922,64.25342559814453,50.1307258605957,131233,0.0,0.0
2001-07-12 00:00:00+05:30,65.45354461669922,68.09211730957031,63.500152587890625,64.29598236083984,50.163944244384766,372389,0.0,0.0
2001-07-13 00:00:00+05:30,65.45354461669922,66.81539154052734,63.58101272583008,64.13851928710938,50.041080474853516,347423,0.0,0.0
2001-07-16 00:00:00+05:30,63.15543746948242,65.10883331298828,63.15543746948242,64.70878601074219,50.48601531982422,376313,0.0,0.0
2001-07-17 00:00:00+05:30,64.6023941040039,65.09180450439453,63.934242248535156,64.71304321289062,50.48933029174805,457333,0.0,0.0
2001-07-18 00:00:00+05:30,65.1258544921875,65.79400634765625,64.85774230957031,65.48759460449219,51.0936393737793,35951,0.0,0.0
2001-07-19 00:00:00+05:30,67.15159606933594,67.15585327148438,64.29598236083984,66.2195816040039,51.664730072021484,449661,0.0,0.0
2001-07-20 00:00:00+05:30,64.97689819335938,66.30044555664062,64.97689819335938,65.87911987304688,51.39910125732422,110967,0.0,0.0
2001-07-23 00:00:00+05:30,65.11308288574219,66.36002349853516,65.11308288574219,66.34725952148438,51.76435089111328,728,0.0,0.0
2001-07-24 00:00:00+05:30,65.11308288574219,65.96424102783203,65.11308288574219,65.56845092773438,51.15673065185547,1371342,0.0,0.0
2001-07-25 00:00:00+05:30,65.623779296875,67.240966796875,65.623779296875,66.41109466552734,51.81416702270508,47970,0.0,0.0
2001-07-26 00:00:00+05:30,66.37704467773438,66.38130187988281,63.1639518737793,65.15989685058594,50.83796310424805,969592,0.0,0.0
2001-07-27 00:00:00+05:30,66.38981628417969,67.15585327148438,63.0703239440918,63.883174896240234,49.84186553955078,411571,0.0,0.0
2001-07-30 00:00:00+05:30,63.83635711669922,64.42790985107422,61.4531364440918,63.30864334106445,49.39360809326172,552898,0.0,0.0
2001-07-31 00:00:00+05:30,62.15959167480469,64.1555404663086,62.15959167480469,63.546966552734375,49.57955551147461,84932,0.0,0.0
2001-08-01 00:00:00+05:30,62.64474868774414,64.5045166015625,62.21916961669922,63.07457733154297,49.211002349853516,181624,0.0,0.0
2001-08-02 00:00:00+05:30,60.4317512512207,62.985206604003906,60.26152420043945,60.59772872924805,47.278541564941406,777499,0.0,0.0
2001-08-03 00:00:00+05:30,60.60198211669922,61.16374588012695,59.58060073852539,60.159385681152344,46.936561584472656,1237053,0.0,0.0
2001-08-06 00:00:00+05:30,60.01469039916992,62.49579620361328,60.01469039916992,60.870094299316406,47.491050720214844,346225,0.0,0.0
2001-08-07 00:00:00+05:30,61.96382522583008,62.49579620361328,60.857330322265625,61.270137786865234,47.803165435791016,139469,0.0,0.0
2001-08-08 00:00:00+05:30,61.44887924194336,61.44887924194336,59.92106246948242,60.061500549316406,46.86016845703125,570908,0.0,0.0
2001-08-09 00:00:00+05:30,60.26152420043945,60.4317512512207,59.79338836669922,60.31684875488281,47.05940246582031,635738,0.0,0.0
2001-08-10 00:00:00+05:30,59.66571807861328,60.857330322265625,58.55921936035156,60.84030532836914,47.467811584472656,444397,0.0,0.0
2001-08-13 00:00:00+05:30,59.88275909423828,60.43600845336914,59.88275909423828,60.423240661621094,47.14241409301758,192856,0.0,0.0
2001-08-14 00:00:00+05:30,60.09129333496094,60.52963638305664,60.0870361328125,60.112571716308594,46.900028228759766,399729,0.0,0.0
2001-08-15 00:00:00+05:30,60.112571716308594,60.112571716308594,60.112571716308594,60.112571716308594,46.900028228759766,0,0.0,0.0
2001-08-16 00:00:00+05:30,60.00617980957031,60.26152420043945,58.73796081542969,59.052886962890625,46.07325744628906,608881,0.0,0.0
2001-08-17 00:00:00+05:30,63.742733001708984,63.742733001708984,58.72945022583008,59.755088806152344,46.621131896972656,177113,0.0,0.0
2001-08-20 00:00:00+05:30,60.68709945678711,60.68709945678711,59.58060073852539,60.09980392456055,46.89006423950195,194148,0.0,0.0
2001-08-21 00:00:00+05:30,60.41898727416992,60.4317512512207,59.750831604003906,60.34663772583008,47.0826530456543,544638,0.0,0.0
2001-08-22 00:00:00+05:30,60.34663772583008,60.34663772583008,60.34663772583008,60.34663772583008,47.0826530456543,0,0.0,0.0
2001-08-23 00:00:00+05:30,59.589111328125,60.857330322265625,59.589111328125,60.52963638305664,47.22541427612305,493907,0.0,0.0
2001-08-24 00:00:00+05:30,60.4317512512207,60.60198211669922,60.265777587890625,60.470054626464844,47.17893981933594,110309,0.0,0.0
2001-08-27 00:00:00+05:30,59.62741470336914,60.90839767456055,59.58060073852539,59.78062057495117,46.641029357910156,422275,0.0,0.0
2001-08-28 00:00:00+05:30,59.66571807861328,60.23598861694336,59.58060073852539,59.81467056274414,46.667598724365234,356834,0.0,0.0
2001-08-29 00:00:00+05:30,59.83594512939453,59.83594512939453,57.878299713134766,58.32515335083008,45.50547409057617,1055452,0.0,0.0
2001-08-30 00:00:00+05:30,58.32515335083008,59.5550651550293,55.32484436035156,56.78882598876953,44.306827545166016,2892834,0.0,0.0
2001-08-31 00:00:00+05:30,56.60157012939453,58.2187614440918,56.03129959106445,56.89947509765625,44.393157958984375,1261220,0.0,0.0
2001-09-03 00:00:00+05:30,56.85691833496094,58.72945022583008,56.175994873046875,57.92085647583008,45.190040588378906,364329,0.0,0.0
2001-09-04 00:00:00+05:30,57.96341323852539,58.04853057861328,56.86542892456055,56.95905685424805,44.43963623046875,539034,0.0,0.0
2001-09-05 00:00:00+05:30,61.19778823852539,61.19778823852539,57.11651611328125,58.21024703979492,45.415828704833984,880325,0.0,0.0
2001-09-06 00:00:00+05:30,58.72093963623047,58.72093963623047,57.282493591308594,57.36760711669922,44.75839614868164,334464,0.0,0.0
2001-09-07 00:00:00+05:30,59.41037368774414,59.41037368774414,54.64817810058594,55.28228759765625,43.13142776489258,716711,0.0,0.0
2001-09-10 00:00:00+05:30,56.175994873046875,56.175994873046875,54.95033645629883,55.5801887512207,43.36384963989258,235199,0.0,0.0
2001-09-11 00:00:00+05:30,55.43549346923828,58.30387496948242,55.43549346923828,57.43144226074219,44.808204650878906,140550,0.0,0.0
2001-09-12 00:00:00+05:30,55.23973083496094,57.1973762512207,53.72042465209961,56.11641311645508,43.78221130371094,682616,0.0,0.0
2001-09-13 00:00:00+05:30,53.282081604003906,56.431339263916016,53.282081604003906,56.21855545043945,43.861900329589844,131844,0.0,0.0
2001-09-14 00:00:00+05:30,54.47369384765625,55.75041961669922,52.26070022583008,52.96715545654297,41.32515335083008,975913,0.0,0.0
2001-09-17 00:00:00+05:30,51.15420150756836,54.81415557861328,50.68606948852539,51.013763427734375,39.80109405517578,902107,0.0,0.0
2001-09-18 00:00:00+05:30,50.64351272583008,55.2354736328125,48.94120788574219,51.022274017333984,39.807743072509766,921492,0.0,0.0
2001-09-19 00:00:00+05:30,50.64351272583008,50.813743591308594,48.77097702026367,50.498817443847656,39.39934158325195,466567,0.0,0.0
2001-09-20 00:00:00+05:30,50.47328186035156,51.49466323852539,45.79194641113281,46.90695571899414,36.59696960449219,817833,0.0,0.0
2001-09-21 00:00:00+05:30,47.66448211669922,47.66448211669922,43.83430099487305,45.259979248046875,35.31198501586914,519883,0.0,0.0
2001-09-24 00:00:00+05:30,43.83430099487305,45.5323486328125,42.81291961669922,43.63002395629883,34.040287017822266,332995,0.0,0.0
2001-09-25 00:00:00+05:30,45.79194641113281,45.79194641113281,42.30222702026367,42.493736267089844,33.15374755859375,516794,0.0,0.0
2001-09-26 00:00:00+05:30,44.251365661621094,45.53660202026367,41.96176528930664,42.949100494384766,33.509029388427734,558948,0.0,0.0
2001-09-27 00:00:00+05:30,42.72780227661133,43.57895278930664,42.56182861328125,43.23423767089844,33.73148727416992,658989,0.0,0.0
2001-09-28 00:00:00+05:30,43.18742370605469,43.83430099487305,43.02996063232422,43.36616516113281,33.83442687988281,873240,0.0,0.0
2001-10-01 00:00:00+05:30,43.3831901550293,44.251365661621094,43.3831901550293,43.80876541137695,34.17974090576172,207389,0.0,0.0
2001-10-02 00:00:00+05:30,43.80876541137695,43.80876541137695,43.80876541137695,43.80876541137695,34.17974090576172,0,0.0,0.0
2001-10-03 00:00:00+05:30,43.83430099487305,44.60033416748047,42.98314666748047,44.00453186035156,34.332489013671875,91135,0.0,0.0
2001-10-04 00:00:00+05:30,43.749183654785156,44.60033416748047,43.67258071899414,44.41733932495117,34.6545524597168,204910,0.0,0.0
2001-10-05 00:00:00+05:30,43.33637619018555,44.82163619995117,42.65119934082031,44.40882873535156,34.64791488647461,227397,0.0,0.0
2001-10-08 00:00:00+05:30,42.98314666748047,44.47266387939453,42.72780227661133,44.161991119384766,34.455326080322266,186241,0.0,0.0
2001-10-09 00:00:00+05:30,44.24285125732422,45.408931732177734,44.08964538574219,45.323814392089844,35.36178970336914,77917,0.0,0.0
2001-10-10 00:00:00+05:30,45.362117767333984,45.8770637512207,44.95356369018555,45.23444366455078,35.292057037353516,453644,0.0,0.0
2001-10-11 00:00:00+05:30,44.34498977661133,45.79194641113281,44.34498977661133,44.817378997802734,34.96666717529297,694905,0.0,0.0
2001-10-12 00:00:00+05:30,45.111026763916016,45.111026763916016,43.43000411987305,43.74067306518555,34.126617431640625,543863,0.0,0.0
2001-10-15 00:00:00+05:30,44.60033416748047,44.60033416748047,43.40872573852539,43.6938591003418,34.090091705322266,355483,0.0,0.0
2001-10-16 00:00:00+05:30,43.91941452026367,44.9407958984375,43.417236328125,44.4769172668457,34.701045989990234,677787,0.0,0.0
2001-10-17 00:00:00+05:30,43.53639602661133,45.95366668701172,43.53639602661133,45.23870086669922,35.295379638671875,241320,0.0,0.0
2001-10-18 00:00:00+05:30,45.53660202026367,47.66448211669922,45.45148849487305,46.80056381225586,36.51395797729492,461762,0.0,0.0
2001-10-19 00:00:00+05:30,46.272850036621094,46.472869873046875,45.53660202026367,46.03452682495117,35.916282653808594,239675,0.0,0.0
2001-10-22 00:00:00+05:30,46.387752532958984,46.813331604003906,46.004737854003906,46.70267868041992,36.437591552734375,403371,0.0,0.0
2001-10-23 00:00:00+05:30,46.387752532958984,47.06867599487305,45.96217727661133,46.29412841796875,36.11883544921875,212852,0.0,0.0
2001-10-24 00:00:00+05:30,46.80907440185547,48.00494384765625,46.387752532958984,47.55808639526367,37.10497283935547,249356,0.0,0.0
2001-10-25 00:00:00+05:30,44.47266387939453,48.26028823852539,44.34498977661133,47.44743728637695,37.01865005493164,399975,0.0,0.0
2001-10-26 00:00:00+05:30,47.44743728637695,47.44743728637695,47.44743728637695,47.44743728637695,37.01865005493164,0,0.0,0.0
2001-10-29 00:00:00+05:30,47.749595642089844,48.51563262939453,46.813331604003906,47.57936477661133,37.12158203125,232438,0.0,0.0
2001-10-30 00:00:00+05:30,47.66022491455078,47.66022491455078,45.96217727661133,46.11112976074219,35.97605514526367,779696,0.0,0.0
2001-10-31 00:00:00+05:30,46.728214263916016,48.511375427246094,45.96217727661133,47.575111389160156,37.11825180053711,163578,0.0,0.0
2001-11-01 00:00:00+05:30,47.66448211669922,49.051856994628906,47.621925354003906,48.494354248046875,37.8354606628418,149491,0.0,0.0
2001-11-02 00:00:00+05:30,48.94120788574219,50.047706604003906,48.898651123046875,49.17527389526367,38.3667106628418,146354,0.0,0.0
2001-11-05 00:00:00+05:30,49.02632522583008,50.21793746948242,49.02632522583008,49.46892166137695,38.59580993652344,478152,0.0,0.0
2001-11-06 00:00:00+05:30,47.23890686035156,50.64351272583008,47.23890686035156,50.14558792114258,39.12376022338867,62010,0.0,0.0
2001-11-07 00:00:00+05:30,49.451900482177734,50.64351272583008,49.451900482177734,50.18389129638672,39.15363311767578,237725,0.0,0.0
2001-11-08 00:00:00+05:30,50.047706604003906,54.47369384765625,49.89875411987305,53.128875732421875,41.45132827758789,967865,0.0,0.0
2001-11-09 00:00:00+05:30,55.23973083496094,55.23973083496094,53.20122146606445,54.107696533203125,42.21500015258789,275567,0.0,0.0
2001-11-12 00:00:00+05:30,54.47369384765625,54.47369384765625,53.62254333496094,53.997047424316406,42.12867736816406,110003,0.0,0.0
2001-11-13 00:00:00+05:30,53.196964263916016,54.809898376464844,53.196964263916016,54.54603958129883,42.5569953918457,61939,0.0,0.0
2001-11-14 00:00:00+05:30,54.47369384765625,56.94203186035156,54.47369384765625,55.665306091308594,43.43024826049805,26869,0.0,0.0
2001-11-15 00:00:00+05:30,56.175994873046875,59.750831604003906,55.32484436035156,59.06565475463867,46.083221435546875,557656,0.0,0.0
2001-11-16 00:00:00+05:30,59.06565475463867,59.06565475463867,59.06565475463867,59.06565475463867,46.083221435546875,0,0.0,0.0
2001-11-19 00:00:00+05:30,59.091190338134766,59.92106246948242,55.32484436035156,57.635719299316406,44.967586517333984,265322,0.0,0.0
2001-11-20 00:00:00+05:30,57.87404251098633,57.87404251098633,52.45220947265625,53.72042465209961,41.91284942626953,464887,0.0,0.0
2001-11-21 00:00:00+05:30,54.89501190185547,55.53763198852539,54.89501190185547,54.963104248046875,42.88240051269531,99700,0.0,0.0
2001-11-22 00:00:00+05:30,55.32484436035156,55.55465316772461,54.652435302734375,54.8907585144043,42.82595443725586,372554,0.0,0.0
2001-11-23 00:00:00+05:30,53.70765686035156,57.02714920043945,53.70765686035156,55.65253829956055,43.420284271240234,579062,0.0,0.0
2001-11-26 00:00:00+05:30,56.516456604003906,58.044273376464844,53.62254333496094,57.014381408691406,44.4827995300293,228032,0.0,0.0
2001-11-27 00:00:00+05:30,56.431339263916016,57.878299713134766,56.3887825012207,57.371864318847656,44.76171875,120977,0.0,0.0
2001-11-28 00:00:00+05:30,56.39729690551758,59.58060073852539,56.39729690551758,58.78477478027344,45.86407470703125,149914,0.0,0.0
2001-11-29 00:00:00+05:30,59.155025482177734,60.00617980957031,57.45272445678711,59.36355972290039,46.31565475463867,237125,0.0,0.0
2001-11-30 00:00:00+05:30,59.36355972290039,59.36355972290039,59.36355972290039,59.36355972290039,46.31565475463867,0,0.0,0.0
2001-12-03 00:00:00+05:30,58.72945022583008,58.81456756591797,57.878299713134766,58.0315055847168,45.27637481689453,374727,0.0,0.0
2001-12-04 00:00:00+05:30,57.878299713134766,58.98479461669922,57.50379180908203,58.30387496948242,45.48888397216797,364271,0.0,0.0
2001-12-05 00:00:00+05:30,57.70806884765625,59.87850570678711,57.474002838134766,59.63167190551758,46.52482986450195,322539,0.0,0.0
2001-12-06 00:00:00+05:30,59.750831604003906,60.253013610839844,59.26142120361328,60.0529899597168,46.85353088378906,619008,0.0,0.0
2001-12-07 00:00:00+05:30,60.17215347290039,61.28290557861328,59.6231575012207,60.27003479003906,47.02287673950195,1160639,0.0,0.0
2001-12-10 00:00:00+05:30,61.19778823852539,63.40227127075195,61.159488677978516,62.97243881225586,49.13130187988281,606707,0.0,0.0
2001-12-11 00:00:00+05:30,62.985206604003906,63.66613006591797,60.4317512512207,60.916908264160156,47.527565002441406,356728,0.0,0.0
2001-12-12 00:00:00+05:30,61.28716278076172,62.29151916503906,60.73816680908203,61.0828857421875,47.65707015991211,82382,0.0,0.0
2001-12-13 00:00:00+05:30,59.66997146606445,61.278648376464844,58.30387496948242,60.095550537109375,46.88673782348633,689195,0.0,0.0
2001-12-14 00:00:00+05:30,60.857330322265625,61.87871170043945,59.06991195678711,59.295467376708984,46.26252746582031,182223,0.0,0.0
2001-12-17 00:00:00+05:30,59.295467376708984,59.295467376708984,59.295467376708984,59.295467376708984,46.26252746582031,0,0.0,0.0
2001-12-18 00:00:00+05:30,58.81456756591797,58.81456756591797,57.71232223510742,57.784671783447266,45.08378601074219,57451,0.0,0.0
2001-12-19 00:00:00+05:30,57.02714920043945,57.36760711669922,53.79277038574219,54.43539047241211,42.47066879272461,618056,0.0,0.0
2001-12-20 00:00:00+05:30,54.47369384765625,54.47369384765625,52.3458137512207,52.70755386352539,41.12260437011719,236021,0.0,0.0
2001-12-21 00:00:00+05:30,52.3458137512207,55.23121643066406,52.3458137512207,54.52476119995117,42.5403938293457,195170,0.0,0.0
2001-12-24 00:00:00+05:30,55.15461349487305,55.73765182495117,52.95438766479492,54.72903823852539,42.69977569580078,120154,0.0,0.0
2001-12-25 00:00:00+05:30,54.72903823852539,54.72903823852539,54.72903823852539,54.72903823852539,42.69977569580078,0,0.0,0.0
2001-12-26 00:00:00+05:30,55.665306091308594,55.665306091308594,54.48220443725586,54.91203689575195,42.84255599975586,45432,0.0,0.0
2001-12-27 00:00:00+05:30,54.643924713134766,55.150360107421875,51.92023849487305,53.01822280883789,41.364990234375,869727,0.0,0.0
2001-12-28 00:00:00+05:30,53.45231246948242,53.9630012512207,52.77138900756836,53.40549850463867,41.667152404785156,85131,0.0,0.0
2001-12-31 00:00:00+05:30,55.15461349487305,55.23973083496094,52.85650634765625,54.3672981262207,42.41754913330078,83263,0.0,0.0
2002-01-01 00:00:00+05:30,54.47369384765625,54.47369384765625,53.196964263916016,53.328895568847656,41.60737991333008,57016,0.0,0.0
2002-01-02 00:00:00+05:30,53.6182861328125,54.899269104003906,53.6182861328125,54.499229431152344,42.520477294921875,75403,0.0,0.0
2002-01-03 00:00:00+05:30,56.005767822265625,57.35483932495117,54.558807373046875,56.410064697265625,44.011322021484375,98689,0.0,0.0
2002-01-04 00:00:00+05:30,56.35048294067383,56.93777847290039,55.83979034423828,56.27387619018555,43.905067443847656,101744,0.0,0.0
2002-01-07 00:00:00+05:30,57.537837982177734,59.32525634765625,55.75041961669922,58.997562408447266,46.03010177612305,147000,0.0,0.0
2002-01-08 00:00:00+05:30,58.72945022583008,59.750831604003906,58.31238555908203,59.589111328125,46.49161911010742,551499,0.0,0.0
2002-01-09 00:00:00+05:30,58.41878128051758,59.750831604003906,58.401756286621094,59.644439697265625,46.53478240966797,544615,0.0,0.0
2002-01-10 00:00:00+05:30,59.51676559448242,60.857330322265625,59.51676559448242,60.516868591308594,47.21546936035156,859905,0.0,0.0
2002-01-11 00:00:00+05:30,60.516868591308594,61.28290557861328,60.2402458190918,60.75093460083008,47.3980827331543,303189,0.0,0.0
2002-01-14 00:00:00+05:30,60.4317512512207,62.61921310424805,60.4317512512207,60.90839767456055,47.52093505859375,469634,0.0,0.0
2002-01-15 00:00:00+05:30,60.857330322265625,61.70848083496094,60.5253791809082,61.167999267578125,47.723472595214844,941618,0.0,0.0
2002-01-16 00:00:00+05:30,60.614749908447266,61.274391174316406,60.5253791809082,60.79349136352539,47.43128967285156,567901,0.0,0.0
2002-01-17 00:00:00+05:30,60.4317512512207,60.68709945678711,60.0274543762207,60.453033447265625,47.16566467285156,732043,0.0,0.0
2002-01-18 00:00:00+05:30,60.42749786376953,60.857330322265625,58.81882095336914,60.47431182861328,47.182254791259766,65276,0.0,0.0
2002-01-21 00:00:00+05:30,59.240142822265625,60.857330322265625,59.240142822265625,60.048736572265625,46.85022735595703,210291,0.0,0.0
2002-01-22 00:00:00+05:30,59.58060073852539,60.41898727416992,59.41037368774414,59.51676559448242,46.435176849365234,30370,0.0,0.0
2002-01-23 00:00:00+05:30,58.98479461669922,59.92106246948242,58.55921936035156,58.780521392822266,45.86075210571289,193009,0.0,0.0
2002-01-24 00:00:00+05:30,62.985206604003906,62.985206604003906,59.750831604003906,60.470054626464844,47.17893981933594,363730,0.0,0.0
2002-01-25 00:00:00+05:30,60.13385009765625,61.368019104003906,60.13385009765625,61.22758102416992,47.76995849609375,159924,0.0,0.0
2002-01-28 00:00:00+05:30,61.112674713134766,61.28290557861328,60.4317512512207,60.444522857666016,47.15901184082031,18786,0.0,0.0
2002-01-29 00:00:00+05:30,60.52112579345703,60.52112579345703,59.58060073852539,59.652950286865234,46.54143524169922,39017,0.0,0.0
2002-01-30 00:00:00+05:30,60.4317512512207,60.4317512512207,58.30387496948242,58.895423889160156,45.95039367675781,126851,0.0,0.0
2002-01-31 00:00:00+05:30,60.516868591308594,61.69997024536133,60.112571716308594,61.261627197265625,47.796531677246094,675379,0.0,0.0
2002-02-01 00:00:00+05:30,61.28290557861328,62.134056091308594,61.15523147583008,61.780826568603516,48.20161437988281,832695,0.0,0.0
2002-02-04 00:00:00+05:30,62.134056091308594,62.134056091308594,61.13395309448242,61.31269454956055,47.836368560791016,217270,0.0,0.0
2002-02-05 00:00:00+05:30,61.28290557861328,61.70848083496094,60.6445426940918,61.253116607666016,47.78989028930664,108018,0.0,0.0
2002-02-06 00:00:00+05:30,63.41078186035156,64.68750762939453,60.87860870361328,62.27449417114258,48.586769104003906,603417,0.0,0.0
2002-02-07 00:00:00+05:30,63.83635711669922,63.83635711669922,60.94244384765625,62.12980270385742,48.473873138427734,295305,0.0,0.0
2002-02-08 00:00:00+05:30,62.474517822265625,63.751243591308594,61.368019104003906,61.87871170043945,48.27798080444336,335886,0.0,0.0
2002-02-11 00:00:00+05:30,62.176612854003906,62.46600341796875,61.71699142456055,61.95531463623047,48.33774185180664,34976,0.0,0.0
2002-02-12 00:00:00+05:30,62.134056091308594,62.55963134765625,61.70848083496094,62.11277770996094,48.460594177246094,171320,0.0,0.0
2002-02-13 00:00:00+05:30,61.70848083496094,63.742733001708984,61.325462341308594,63.00648880004883,49.15787124633789,148528,0.0,0.0
2002-02-14 00:00:00+05:30,63.40652847290039,64.26193237304688,63.32566833496094,64.0108413696289,49.94147491455078,904774,0.0,0.0
2002-02-15 00:00:00+05:30,63.83635711669922,64.26193237304688,63.83635711669922,63.844871520996094,49.81198501586914,189731,0.0,0.0
2002-02-18 00:00:00+05:30,63.00223159790039,65.53866577148438,62.15107727050781,65.06627655029297,50.764923095703125,138823,0.0,0.0
2002-02-19 00:00:00+05:30,63.51717758178711,64.26193237304688,63.51717758178711,63.81082534790039,49.78541946411133,191728,0.0,0.0
2002-02-20 00:00:00+05:30,63.4150390625,65.02796936035156,63.4150390625,64.67474365234375,50.45943832397461,601843,0.0,0.0
2002-02-21 00:00:00+05:30,63.41078186035156,65.95146942138672,63.41078186035156,65.53440856933594,51.130165100097656,274815,0.0,0.0
2002-02-22 00:00:00+05:30,65.3684310913086,67.97721099853516,65.3684310913086,67.04094696044922,52.305564880371094,1390281,0.0,0.0
2002-02-25 00:00:00+05:30,66.04935455322266,66.9856185913086,65.96424102783203,66.6749496459961,52.020023345947266,172190,0.0,0.0
2002-02-26 00:00:00+05:30,66.38981628417969,73.34371948242188,66.16000366210938,70.37319946289062,54.90541076660156,2059269,0.0,0.0
2002-02-27 00:00:00+05:30,66.81539154052734,70.73068237304688,66.47492980957031,67.27500915527344,52.488182067871094,173400,0.0,0.0
2002-02-28 00:00:00+05:30,68.00700378417969,68.00700378417969,64.79815673828125,66.38555908203125,51.79423141479492,366339,0.0,0.0
2002-03-01 00:00:00+05:30,65.53866577148438,65.87911987304688,63.83635711669922,65.10883331298828,50.798126220703125,614191,0.0,0.0
2002-03-04 00:00:00+05:30,67.57291412353516,68.94326782226562,63.83635711669922,64.2491683959961,50.12740707397461,327568,0.0,0.0
2002-03-05 00:00:00+05:30,63.96403121948242,65.01946258544922,63.41078186035156,63.58101272583008,49.60612106323242,160441,0.0,0.0
2002-03-06 00:00:00+05:30,63.62356948852539,64.09170532226562,61.72550582885742,63.35120391845703,49.42681884765625,509110,0.0,0.0
2002-03-07 00:00:00+05:30,62.21916961669922,66.9856185913086,62.21916961669922,66.36853790283203,51.78095245361328,326428,0.0,0.0
2002-03-08 00:00:00+05:30,67.15585327148438,67.15585327148438,63.32566833496094,63.8789176940918,49.83855438232422,763436,0.0,0.0
2002-03-11 00:00:00+05:30,63.83635711669922,64.67048645019531,63.500152587890625,63.695919036865234,49.69577407836914,144157,0.0,0.0
2002-03-12 00:00:00+05:30,62.134056091308594,63.92147445678711,62.134056091308594,63.8193359375,49.79206085205078,117816,0.0,0.0
2002-03-13 00:00:00+05:30,63.58101272583008,65.87911987304688,63.538455963134766,64.57685852050781,50.38308334350586,414732,0.0,0.0
2002-03-14 00:00:00+05:30,64.77262878417969,64.92583465576172,64.1555404663086,64.75559997558594,50.52253341674805,33613,0.0,0.0
2002-03-15 00:00:00+05:30,64.81944274902344,64.90029907226562,64.02361297607422,64.59813690185547,50.399681091308594,112306,0.0,0.0
2002-03-18 00:00:00+05:30,63.86614990234375,66.81539154052734,60.4317512512207,66.1259536743164,51.59168243408203,300616,0.0,0.0
2002-03-19 00:00:00+05:30,65.15564727783203,67.23245239257812,65.15564727783203,66.6494140625,52.000091552734375,162485,0.0,0.0
2002-03-20 00:00:00+05:30,66.9856185913086,68.00700378417969,66.38555908203125,67.31331634521484,52.518062591552734,321305,0.0,0.0
2002-03-21 00:00:00+05:30,67.66654205322266,67.66654205322266,65.22373962402344,66.02381896972656,51.51199722290039,191892,0.0,0.0
2002-03-22 00:00:00+05:30,66.81539154052734,66.81539154052734,65.53866577148438,66.1514892578125,51.61159133911133,174328,0.0,0.0
2002-03-25 00:00:00+05:30,66.1514892578125,66.1514892578125,66.1514892578125,66.1514892578125,51.61159133911133,0,0.0,0.0
2002-03-26 00:00:00+05:30,66.29193115234375,66.29193115234375,63.172462463378906,63.67038345336914,49.67584228515625,73371,0.0,0.0
2002-03-27 00:00:00+05:30,63.49589920043945,64.93434143066406,63.45334243774414,64.15979766845703,50.05768966674805,73899,0.0,0.0
2002-03-28 00:00:00+05:30,63.41078186035156,66.37704467773438,63.41078186035156,65.7174072265625,51.27294158935547,189625,0.0,0.0
2002-03-29 00:00:00+05:30,65.7174072265625,65.7174072265625,65.7174072265625,65.7174072265625,51.27294158935547,0,0.0,0.0
2002-04-01 00:00:00+05:30,66.81539154052734,66.81539154052734,64.68750762939453,64.98966979980469,50.70515823364258,98725,0.0,0.0
2002-04-02 00:00:00+05:30,65.95572662353516,65.95572662353516,63.840614318847656,64.22789001464844,50.110816955566406,206978,0.0,0.0
2002-04-03 00:00:00+05:30,64.59813690185547,64.59813690185547,60.4317512512207,62.342586517333984,48.639892578125,525135,0.0,0.0
2002-04-04 00:00:00+05:30,62.134056091308594,63.73847579956055,62.134056091308594,62.46175003051758,48.73286819458008,345778,0.0,0.0
2002-04-05 00:00:00+05:30,63.35971450805664,63.41078186035156,62.14682388305664,62.79795455932617,48.99517059326172,128672,0.0,0.0
2002-04-08 00:00:00+05:30,63.32566833496094,63.32566833496094,62.55963134765625,62.589420318603516,48.83246612548828,233495,0.0,0.0
2002-04-09 00:00:00+05:30,62.985206604003906,62.985206604003906,62.134056091308594,62.172359466552734,48.507076263427734,90806,0.0,0.0
2002-04-10 00:00:00+05:30,62.13831329345703,62.980953216552734,62.13831329345703,62.45323944091797,48.72622299194336,30311,0.0,0.0
2002-04-11 00:00:00+05:30,62.30428695678711,62.55963134765625,61.721248626708984,62.172359466552734,48.507076263427734,977722,0.0,0.0
2002-04-12 00:00:00+05:30,63.742733001708984,63.742733001708984,61.88722229003906,63.10862350463867,49.237545013427734,698571,0.0,0.0
2002-04-15 00:00:00+05:30,62.21916961669922,63.82784652709961,62.21916961669922,62.87030029296875,49.05161666870117,45926,0.0,0.0
2002-04-16 00:00:00+05:30,63.189483642578125,63.189483642578125,61.19778823852539,61.46590042114258,47.955902099609375,69729,0.0,0.0
2002-04-17 00:00:00+05:30,61.45738983154297,62.474517822265625,61.45738983154297,61.84040832519531,48.24808883666992,62527,0.0,0.0
2002-04-18 00:00:00+05:30,61.372276306152344,63.32566833496094,61.372276306152344,62.985206604003906,49.14126968383789,399717,0.0,0.0
2002-04-19 00:00:00+05:30,63.40227127075195,64.17681884765625,59.801902770996094,60.54665756225586,47.23870086669922,441719,0.0,0.0
2002-04-22 00:00:00+05:30,61.027557373046875,61.18927764892578,60.00617980957031,60.670074462890625,47.334983825683594,317099,0.0,0.0
2002-04-23 00:00:00+05:30,60.43600845336914,61.55527114868164,60.4317512512207,61.372276306152344,47.882850646972656,22639,0.0,0.0
2002-04-24 00:00:00+05:30,61.112674713134766,62.55963134765625,60.916908264160156,61.823387145996094,48.23481369018555,117675,0.0,0.0
2002-04-25 00:00:00+05:30,61.29141616821289,62.985206604003906,60.00617980957031,61.88296890258789,48.28129577636719,849789,0.0,0.0
2002-04-26 00:00:00+05:30,61.372276306152344,62.45323944091797,61.372276306152344,61.69997024536133,48.13851547241211,103025,0.0,0.0
2002-04-29 00:00:00+05:30,60.09129333496094,61.53824996948242,60.09129333496094,60.40196228027344,47.12580871582031,189930,0.0,0.0
2002-04-30 00:00:00+05:30,62.55112075805664,62.725608825683594,60.453033447265625,62.14682388305664,48.487159729003906,181906,0.0,0.0
2002-05-01 00:00:00+05:30,62.14682388305664,62.14682388305664,62.14682388305664,62.14682388305664,48.487159729003906,0,0.0,0.0
2002-05-02 00:00:00+05:30,62.13831329345703,62.985206604003906,61.98936080932617,62.92988204956055,49.09809875488281,175033,0.0,0.0
2002-05-03 00:00:00+05:30,62.9766960144043,62.9766960144043,61.98936080932617,62.50430679321289,48.76605987548828,143863,0.0,0.0
2002-05-06 00:00:00+05:30,63.50440979003906,63.83210372924805,62.65325927734375,62.878814697265625,49.05826187133789,81383,0.0,0.0
2002-05-07 00:00:00+05:30,62.985206604003906,63.57250213623047,62.55963134765625,63.036277770996094,49.18111038208008,54878,0.0,0.0
2002-05-08 00:00:00+05:30,63.0703239440918,63.58101272583008,62.55963134765625,62.925628662109375,49.09478759765625,155777,0.0,0.0
2002-05-09 00:00:00+05:30,62.985206604003906,62.985206604003906,61.98936080932617,62.40642547607422,48.689697265625,72689,0.0,0.0
2002-05-10 00:00:00+05:30,62.90009307861328,63.197994232177734,62.55963134765625,62.90009307861328,49.07486343383789,105656,0.0,0.0
2002-05-13 00:00:00+05:30,62.6064453125,63.92147445678711,62.6064453125,63.63633728027344,49.649288177490234,1108698,0.0,0.0
2002-05-14 00:00:00+05:30,64.006591796875,64.006591796875,63.41929626464844,63.640594482421875,49.65259552001953,960698,0.0,0.0
2002-05-15 00:00:00+05:30,63.4150390625,63.83635711669922,63.4150390625,63.734222412109375,49.72565841674805,56629,0.0,0.0
2002-05-16 00:00:00+05:30,63.83635711669922,63.92147445678711,63.41078186035156,63.789546966552734,49.7688102722168,469458,0.0,0.0
2002-05-17 00:00:00+05:30,63.41078186035156,64.17681884765625,62.985206604003906,63.5086669921875,49.54966354370117,960052,0.0,0.0
2002-05-20 00:00:00+05:30,63.83635711669922,63.83635711669922,62.521331787109375,63.44483184814453,49.49987030029297,204605,0.0,0.0
2002-05-21 00:00:00+05:30,62.54261016845703,64.26193237304688,60.17640686035156,61.610599517822266,48.068790435791016,643692,0.0,0.0
2002-05-22 00:00:00+05:30,61.29141616821289,62.81497573852539,61.28290557861328,61.325462341308594,47.8463249206543,183445,0.0,0.0
2002-05-23 00:00:00+05:30,60.465797424316406,61.665924072265625,60.465797424316406,60.857330322265625,47.4810905456543,143523,0.0,0.0
2002-05-24 00:00:00+05:30,60.4317512512207,61.28290557861328,59.41462707519531,59.704017639160156,46.58127212524414,449637,0.0,0.0
2002-05-27 00:00:00+05:30,59.755088806152344,60.423240661621094,59.155025482177734,60.265777587890625,47.019554138183594,481312,0.0,0.0
2002-05-28 00:00:00+05:30,58.554962158203125,63.83635711669922,58.554962158203125,59.6486930847168,46.53810501098633,604404,0.0,0.0
2002-05-29 00:00:00+05:30,59.750831604003906,60.26152420043945,58.82307815551758,59.248653411865234,46.22599411010742,658225,0.0,0.0
2002-05-30 00:00:00+05:30,58.129390716552734,59.6231575012207,58.129390716552734,59.26567459106445,46.23927307128906,625035,0.0,0.0
2002-05-31 00:00:00+05:30,59.155025482177734,59.83594512939453,58.72945022583008,59.10395812988281,46.113101959228516,511530,0.0,0.0
2002-06-03 00:00:00+05:30,58.72945022583008,60.00617980957031,58.30387496948242,59.661460876464844,46.54806900024414,555071,0.0,0.0
2002-06-04 00:00:00+05:30,58.38898849487305,59.908294677734375,58.38898849487305,59.503997802734375,46.42522430419922,421840,0.0,0.0
2002-06-05 00:00:00+05:30,59.19758224487305,60.4317512512207,59.19758224487305,59.76359939575195,46.62776565551758,263819,0.0,0.0
2002-06-06 00:00:00+05:30,59.58060073852539,59.92106246948242,58.133644104003906,58.45282745361328,45.60509490966797,1202829,0.0,0.0
2002-06-07 00:00:00+05:30,58.81456756591797,59.10395812988281,57.66551208496094,57.95915985107422,45.21991729736328,1014096,0.0,0.0
2002-06-10 00:00:00+05:30,58.30387496948242,58.62731170654297,57.1973762512207,58.05278396606445,45.292972564697266,240215,0.0,0.0
2002-06-11 00:00:00+05:30,58.06129837036133,59.155025482177734,58.06129837036133,58.950748443603516,45.99356460571289,661116,0.0,0.0
2002-06-12 00:00:00+05:30,59.41037368774414,60.4317512512207,58.9081916809082,59.3124885559082,46.27580261230469,427186,0.0,0.0
2002-06-13 00:00:00+05:30,59.58060073852539,59.916805267333984,59.155025482177734,59.295467376708984,46.26252746582031,167866,0.0,0.0
2002-06-14 00:00:00+05:30,59.58060073852539,60.60198211669922,59.2443962097168,60.38068389892578,47.10920333862305,64336,0.0,0.0
2002-06-17 00:00:00+05:30,62.04894256591797,62.04894256591797,59.759342193603516,60.73391342163086,47.384788513183594,180226,0.0,0.0
2002-06-18 00:00:00+05:30,60.8360481262207,60.93818664550781,60.48282241821289,60.772212982177734,47.4146842956543,200234,0.0,0.0
2002-06-19 00:00:00+05:30,60.516868591308594,61.53824996948242,60.516868591308594,60.90839767456055,47.52093505859375,646300,0.0,0.0
2002-06-20 00:00:00+05:30,61.027557373046875,62.04894256591797,60.274288177490234,61.24885940551758,47.78656768798828,169253,0.0,0.0
2002-06-21 00:00:00+05:30,61.20204544067383,61.30418395996094,60.67433166503906,61.19778823852539,47.746707916259766,149515,0.0,0.0
2002-06-24 00:00:00+05:30,61.112674713134766,61.368019104003906,60.98500061035156,61.261627197265625,47.796531677246094,317522,0.0,0.0
2002-06-25 00:00:00+05:30,61.28716278076172,61.68720245361328,61.112674713134766,61.19778823852539,47.746707916259766,363378,0.0,0.0
2002-06-26 00:00:00+05:30,59.58060073852539,61.60208511352539,59.58060073852539,60.90414047241211,47.51762008666992,240697,0.0,0.0
2002-06-27 00:00:00+05:30,60.010433197021484,60.963722229003906,60.00617980957031,60.57219314575195,47.258628845214844,151242,0.0,0.0
2002-06-28 00:00:00+05:30,61.104164123535156,61.104164123535156,60.295570373535156,60.59772872924805,47.278541564941406,108782,0.0,0.0
2002-07-01 00:00:00+05:30,60.4317512512207,60.772212982177734,59.844459533691406,60.257266998291016,47.012916564941406,149914,0.0,0.0
2002-07-02 00:00:00+05:30,59.844459533691406,60.857330322265625,59.844459533691406,60.83179473876953,47.46116638183594,68389,0.0,0.0
2002-07-03 00:00:00+05:30,60.29131317138672,60.94244384765625,60.29131317138672,60.77647018432617,47.417999267578125,190424,0.0,0.0
2002-07-04 00:00:00+05:30,60.44026565551758,60.47431182861328,60.00617980957031,60.13385009765625,46.9166259765625,92827,0.0,0.0
2002-07-05 00:00:00+05:30,60.4317512512207,60.4317512512207,60.00617980957031,60.08278274536133,46.87678527832031,702260,0.0,0.0
2002-07-08 00:00:00+05:30,60.35514831542969,60.857330322265625,60.265777587890625,60.44877624511719,47.16233444213867,487363,0.0,0.0
2002-07-09 00:00:00+05:30,59.98915481567383,59.98915481567383,59.495487213134766,59.61890411376953,47.41618347167969,411936,1.149054,0.0
2002-07-10 00:00:00+05:30,59.58060073852539,59.92106246948242,59.58060073852539,59.78487777709961,47.548194885253906,269904,0.0,0.0
2002-07-11 00:00:00+05:30,59.64018249511719,59.66571807861328,58.47410583496094,58.903934478759766,46.84755325317383,508487,0.0,0.0
2002-07-12 00:00:00+05:30,59.32099914550781,59.32525634765625,57.282493591308594,57.76339340209961,45.940460205078125,519566,0.0,0.0
2002-07-15 00:00:00+05:30,58.30387496948242,58.47410583496094,57.96341323852539,58.091087341308594,46.201080322265625,307089,0.0,0.0
2002-07-16 00:00:00+05:30,58.133644104003906,58.640079498291016,57.474002838134766,58.384735107421875,46.434627532958984,224119,0.0,0.0
2002-07-17 00:00:00+05:30,58.30387496948242,58.30387496948242,57.66551208496094,57.988948822021484,46.11984634399414,281042,0.0,0.0
2002-07-18 00:00:00+05:30,57.793182373046875,58.648590087890625,57.71232223510742,58.15492248535156,46.25184631347656,169029,0.0,0.0
2002-07-19 00:00:00+05:30,57.546348571777344,59.23588562011719,57.482513427734375,57.686790466308594,45.87953186035156,493554,0.0,0.0
2002-07-22 00:00:00+05:30,58.725196838378906,59.58060073852539,56.784568786621094,57.76765060424805,45.943843841552734,1134263,0.0,0.0
2002-07-23 00:00:00+05:30,64.68750762939453,64.68750762939453,57.02714920043945,58.23152542114258,46.31277847290039,407365,0.0,0.0
2002-07-24 00:00:00+05:30,57.88255310058594,58.98479461669922,57.01863479614258,58.1591796875,46.25522994995117,125606,0.0,0.0
2002-07-25 00:00:00+05:30,58.31238555908203,58.38898849487305,54.13323211669922,54.4609260559082,43.313934326171875,832930,0.0,0.0
2002-07-26 00:00:00+05:30,54.643924713134766,55.15461349487305,52.3458137512207,53.2735710144043,42.36960983276367,1200338,0.0,0.0
2002-07-29 00:00:00+05:30,55.22696304321289,55.22696304321289,52.388370513916016,53.345916748046875,42.42715835571289,369475,0.0,0.0
2002-07-30 00:00:00+05:30,52.3458137512207,54.303462982177734,52.3458137512207,54.03960418701172,42.97883987426758,135181,0.0,0.0
2002-07-31 00:00:00+05:30,54.303462982177734,54.303462982177734,52.26070022583008,53.239524841308594,42.342529296875,473781,0.0,0.0
2002-08-01 00:00:00+05:30,54.043861389160156,59.495487213134766,51.92023849487305,52.56285858154297,41.80436706542969,375973,0.0,0.0
2002-08-02 00:00:00+05:30,49.366783142089844,52.601158142089844,49.366783142089844,50.17963409423828,39.90892791748047,922538,0.0,0.0
2002-08-05 00:00:00+05:30,50.89885711669922,51.92023849487305,46.08985137939453,47.80066680908203,38.01688766479492,2332957,0.0,0.0
2002-08-06 00:00:00+05:30,47.91982650756836,48.758209228515625,47.32402038574219,48.6135139465332,38.66335678100586,665240,0.0,0.0
2002-08-07 00:00:00+05:30,48.77097702026367,49.57957077026367,48.50712203979492,49.30720520019531,39.21508026123047,911377,0.0,0.0
2002-08-08 00:00:00+05:30,49.7923583984375,49.7923583984375,48.898651123046875,49.37955093383789,39.272613525390625,263031,0.0,0.0
2002-08-09 00:00:00+05:30,49.28166961669922,49.962589263916016,48.898651123046875,49.81364059448242,39.61784362792969,470762,0.0,0.0
2002-08-12 00:00:00+05:30,49.962589263916016,50.813743591308594,49.817893981933594,50.39242172241211,40.078163146972656,289725,0.0,0.0
2002-08-13 00:00:00+05:30,50.30305099487305,50.7286262512207,50.047706604003906,50.33283996582031,40.030784606933594,114198,0.0,0.0
2002-08-14 00:00:00+05:30,46.89844512939453,50.89885711669922,46.89844512939453,49.17953109741211,39.113525390625,123703,0.0,0.0
2002-08-15 00:00:00+05:30,49.17953109741211,49.17953109741211,49.17953109741211,49.17953109741211,39.113525390625,0,0.0,0.0
2002-08-16 00:00:00+05:30,49.37529754638672,49.37529754638672,48.36668014526367,48.95823287963867,38.937522888183594,375585,0.0,0.0
2002-08-19 00:00:00+05:30,49.19655227661133,50.983970642089844,49.1114387512207,49.9455680847168,39.722774505615234,614919,0.0,0.0
2002-08-20 00:00:00+05:30,50.047706604003906,50.38816452026367,49.41785430908203,50.05195999145508,39.80739974975586,499864,0.0,0.0
2002-08-21 00:00:00+05:30,48.94120788574219,50.61371994018555,48.94120788574219,50.2307014465332,39.949546813964844,246795,0.0,0.0
2002-08-22 00:00:00+05:30,50.30305099487305,50.59244155883789,49.7923583984375,50.43923568725586,40.11540603637695,84133,0.0,0.0
2002-08-23 00:00:00+05:30,50.21793746948242,51.49466323852539,50.21793746948242,51.09036636352539,40.63325119018555,179627,0.0,0.0
2002-08-26 00:00:00+05:30,51.29889678955078,51.409549713134766,50.38816452026367,51.12866973876953,40.66373062133789,117793,0.0,0.0
2002-08-27 00:00:00+05:30,51.409549713134766,51.409549713134766,50.813743591308594,51.030784606933594,40.58586502075195,123291,0.0,0.0
2002-08-28 00:00:00+05:30,50.38816452026367,51.23931884765625,50.38816452026367,51.10738754272461,40.646793365478516,52411,0.0,0.0
2002-08-29 00:00:00+05:30,51.23931884765625,51.45210647583008,50.30305099487305,50.64351272583008,40.27785873413086,714091,0.0,0.0
2002-08-30 00:00:00+05:30,50.89885711669922,51.13718032836914,50.38816452026367,50.54988479614258,40.203399658203125,592655,0.0,0.0
2002-09-02 00:00:00+05:30,51.0648307800293,51.0648307800293,50.24772644042969,50.413700103759766,40.095088958740234,305057,0.0,0.0
2002-09-03 00:00:00+05:30,50.64351272583008,50.7286262512207,50.21793746948242,50.260494232177734,39.97325134277344,198777,0.0,0.0
2002-09-04 00:00:00+05:30,50.38816452026367,50.64351272583008,49.87747573852539,50.315818786621094,40.01725769042969,232273,0.0,0.0
2002-09-05 00:00:00+05:30,49.962589263916016,50.983970642089844,49.962589263916016,50.205169677734375,39.92924118041992,346836,0.0,0.0
2002-09-06 00:00:00+05:30,50.13282012939453,50.89885711669922,49.87747573852539,50.103031158447266,39.84800338745117,258955,0.0,0.0
2002-09-09 00:00:00+05:30,50.21793746948242,50.21793746948242,49.53701400756836,49.72426986694336,39.54677200317383,170521,0.0,0.0
2002-09-10 00:00:00+05:30,49.72426986694336,49.72426986694336,49.72426986694336,49.72426986694336,39.54677200317383,0,0.0,0.0
2002-09-11 00:00:00+05:30,49.72001266479492,50.38816452026367,49.63489532470703,50.03919219970703,39.79723358154297,150560,0.0,0.0
2002-09-12 00:00:00+05:30,50.12430953979492,50.72437286376953,49.81364059448242,50.409446716308594,40.09170913696289,43094,0.0,0.0
2002-09-13 00:00:00+05:30,49.962589263916016,50.13282012939453,49.11994934082031,49.443389892578125,39.32337951660156,688138,0.0,0.0
2002-09-16 00:00:00+05:30,49.1114387512207,49.707244873046875,49.047603607177734,49.33699417114258,39.23876953125,261152,0.0,0.0
2002-09-17 00:00:00+05:30,50.64351272583008,50.64351272583008,49.11569595336914,49.358272552490234,39.255699157714844,344650,0.0,0.0
2002-09-18 00:00:00+05:30,49.366783142089844,49.405086517333984,49.06037139892578,49.32422637939453,39.228607177734375,168700,0.0,0.0
2002-09-19 00:00:00+05:30,49.19655227661133,49.358272552490234,48.558189392089844,49.01355743408203,38.98152542114258,105398,0.0,0.0
2002-09-20 00:00:00+05:30,48.52414321899414,50.21793746948242,45.62171936035156,47.489994049072266,37.769798278808594,374292,0.0,0.0
2002-09-23 00:00:00+05:30,47.430416107177734,48.1751708984375,47.41764831542969,47.76236343383789,37.986427307128906,112236,0.0,0.0
2002-09-24 00:00:00+05:30,47.749595642089844,48.345401763916016,47.20486068725586,47.87726974487305,38.077816009521484,119837,0.0,0.0
2002-09-25 00:00:00+05:30,55.00566482543945,55.75041961669922,46.99207305908203,47.243160247802734,37.573486328125,479397,0.0,0.0
2002-09-26 00:00:00+05:30,47.4942512512207,47.57936477661133,46.813331604003906,46.84312057495117,37.25532531738281,93626,0.0,0.0
2002-09-27 00:00:00+05:30,49.7923583984375,49.7923583984375,45.19614028930664,45.43021011352539,36.13161087036133,926427,0.0,0.0
2002-09-30 00:00:00+05:30,45.96217727661133,45.96217727661133,44.2598762512207,44.459896087646484,35.359893798828125,376865,0.0,0.0
2002-10-01 00:00:00+05:30,45.02591323852539,45.111026763916016,44.17475891113281,44.58331298828125,35.45805740356445,216412,0.0,0.0
2002-10-02 00:00:00+05:30,44.58331298828125,44.58331298828125,44.58331298828125,44.58331298828125,35.45805740356445,0,0.0,0.0
2002-10-03 00:00:00+05:30,45.10676956176758,45.111026763916016,44.08964538574219,44.745033264160156,35.58667755126953,290759,0.0,0.0
2002-10-04 00:00:00+05:30,45.111026763916016,45.315303802490234,44.153480529785156,44.23008346557617,35.177120208740234,304704,0.0,0.0
2002-10-07 00:00:00+05:30,44.00453186035156,44.34498977661133,43.8555793762207,44.14496994018555,35.109432220458984,187322,0.0,0.0
2002-10-08 00:00:00+05:30,42.82143020629883,44.2598762512207,42.82143020629883,43.183170318603516,34.3444938659668,380625,0.0,0.0
2002-10-09 00:00:00+05:30,51.579776763916016,51.579776763916016,42.646942138671875,42.82143020629883,34.05678939819336,403946,0.0,0.0
2002-10-10 00:00:00+05:30,42.6426887512207,42.9788932800293,41.19998550415039,41.51491165161133,33.0177001953125,1412192,0.0,0.0
2002-10-11 00:00:00+05:30,42.131996154785156,42.55757141113281,39.32319641113281,41.23828887939453,32.79769515991211,2483330,0.0,0.0
2002-10-14 00:00:00+05:30,42.04688262939453,42.98314666748047,39.927513122558594,40.0892333984375,31.883825302124023,1392971,0.0,0.0
2002-10-15 00:00:00+05:30,40.0892333984375,40.0892333984375,40.0892333984375,40.0892333984375,31.883825302124023,0,0.0,0.0
2002-10-16 00:00:00+05:30,40.53608703613281,41.770259857177734,40.45097351074219,41.38298416137695,32.91277313232422,1139973,0.0,0.0
2002-10-17 00:00:00+05:30,40.68503952026367,41.770259857177734,40.68503952026367,41.60853958129883,33.0921630859375,603241,0.0,0.0
2002-10-18 00:00:00+05:30,41.65535354614258,42.42564392089844,41.60428237915039,41.75323486328125,33.20723342895508,2384969,0.0,0.0
2002-10-21 00:00:00+05:30,41.45107650756836,42.12348556518555,41.45107650756836,41.78728103637695,33.23431396484375,902213,0.0,0.0
2002-10-22 00:00:00+05:30,42.55757141113281,42.55757141113281,41.54044723510742,41.634071350097656,33.11246871948242,421335,0.0,0.0
2002-10-23 00:00:00+05:30,41.7064208984375,42.04688262939453,41.19572830200195,41.65535354614258,33.12938690185547,714267,0.0,0.0
2002-10-24 00:00:00+05:30,40.85527038574219,41.66386413574219,40.514808654785156,41.40851974487305,32.933074951171875,598083,0.0,0.0
2002-10-25 00:00:00+05:30,41.7064208984375,41.7064208984375,40.982940673828125,41.46809768676758,32.9804573059082,324325,0.0,0.0
2002-10-28 00:00:00+05:30,42.55757141113281,42.55757141113281,41.621307373046875,41.723445892333984,33.18354797363281,1129011,0.0,0.0
2002-10-29 00:00:00+05:30,41.79579162597656,42.042625427246094,41.791534423828125,41.970279693603516,33.379852294921875,211818,0.0,0.0
2002-10-30 00:00:00+05:30,39.1529655456543,41.91920852661133,39.1529655456543,41.6723747253418,33.14292907714844,341889,0.0,0.0
2002-10-31 00:00:00+05:30,42.9788932800293,47.15378952026367,41.378726959228516,41.95325469970703,33.36631774902344,874603,0.0,0.0
2002-11-01 00:00:00+05:30,41.7064208984375,42.30222702026367,41.621307373046875,41.71493148803711,33.17677307128906,2727516,0.0,0.0
2002-11-04 00:00:00+05:30,43.40872573852539,43.40872573852539,41.88090515136719,42.90229034423828,34.121097564697266,246936,0.0,0.0
2002-11-05 00:00:00+05:30,42.92356872558594,43.66407012939453,42.770362854003906,43.41297912597656,34.52727127075195,877716,0.0,0.0
2002-11-06 00:00:00+05:30,43.41297912597656,43.41297912597656,43.41297912597656,43.41297912597656,34.52727127075195,0,0.0,0.0
2002-11-07 00:00:00+05:30,43.00442886352539,43.83430099487305,42.6426887512207,43.54490661621094,34.63219451904297,964998,0.0,0.0
2002-11-08 00:00:00+05:30,42.81291961669922,44.07687759399414,42.81291961669922,43.95771789550781,34.96051788330078,258590,0.0,0.0
2002-11-11 00:00:00+05:30,43.43000411987305,45.45148849487305,43.43000411987305,45.33232498168945,36.05375671386719,719225,0.0,0.0
2002-11-12 00:00:00+05:30,44.77482223510742,46.20050048828125,44.68545150756836,46.038780212402344,36.61561965942383,1367805,0.0,0.0
2002-11-13 00:00:00+05:30,45.96217727661133,46.123897552490234,45.45148849487305,45.96217727661133,36.5546989440918,1601230,0.0,0.0
2002-11-14 00:00:00+05:30,45.96217727661133,46.04729461669922,45.53660202026367,45.96217727661133,36.5546989440918,1533076,0.0,0.0
2002-11-15 00:00:00+05:30,45.96217727661133,45.96217727661133,44.99186706542969,45.825992584228516,36.44639587402344,817116,0.0,0.0
2002-11-18 00:00:00+05:30,45.62171936035156,46.115386962890625,45.62171936035156,45.966434478759766,36.55809020996094,368453,0.0,0.0
2002-11-19 00:00:00+05:30,45.966434478759766,45.966434478759766,45.966434478759766,45.966434478759766,36.55809020996094,0,0.0,0.0
2002-11-20 00:00:00+05:30,46.04303741455078,46.34519577026367,45.79194641113281,45.94089889526367,36.53778076171875,269575,0.0,0.0
2002-11-21 00:00:00+05:30,45.79620361328125,46.29838180541992,42.723548889160156,45.86003875732422,36.47346878051758,111225,0.0,0.0
2002-11-22 00:00:00+05:30,47.749595642089844,47.749595642089844,45.23870086669922,45.78769302368164,36.41592788696289,2222213,0.0,0.0
2002-11-25 00:00:00+05:30,46.54096221923828,46.54096221923828,45.79194641113281,45.91536331176758,36.51747131347656,859517,0.0,0.0
2002-11-26 00:00:00+05:30,45.625972747802734,45.96217727661133,45.54511260986328,45.68555450439453,36.334693908691406,315278,0.0,0.0
2002-11-27 00:00:00+05:30,45.94940948486328,45.94940948486328,45.11528396606445,45.43021011352539,36.13161087036133,553168,0.0,0.0
2002-11-28 00:00:00+05:30,45.28125762939453,46.217525482177734,45.28125762939453,45.94940948486328,36.54454803466797,1112445,0.0,0.0
2002-11-29 00:00:00+05:30,45.79620361328125,46.217525482177734,45.63022994995117,45.96217727661133,36.5546989440918,1688442,0.0,0.0
2002-12-02 00:00:00+05:30,45.872806549072266,46.115386962890625,45.53660202026367,45.90685272216797,36.51069259643555,536872,0.0,0.0
2002-12-03 00:00:00+05:30,45.53660202026367,47.10272216796875,44.770565032958984,46.736724853515625,37.170711517333984,3843969,0.0,0.0
2002-12-04 00:00:00+05:30,46.060062408447266,47.55808639526367,45.70683288574219,45.957923889160156,36.55131530761719,1762036,0.0,0.0
2002-12-05 00:00:00+05:30,45.111026763916016,47.4942512512207,45.111026763916016,46.877166748046875,37.28240966796875,3595235,0.0,0.0
2002-12-06 00:00:00+05:30,47.23890686035156,48.41349411010742,46.813331604003906,48.1411247253418,38.28766632080078,526557,0.0,0.0
2002-12-09 00:00:00+05:30,48.68586349487305,49.02632522583008,48.090057373046875,48.90290832519531,38.893531799316406,1758817,0.0,0.0
2002-12-10 00:00:00+05:30,48.51563262939453,49.1114387512207,48.1751708984375,48.73693084716797,38.76151657104492,496621,0.0,0.0
2002-12-11 00:00:00+05:30,50.047706604003906,50.89885711669922,48.51563262939453,48.82630157470703,38.83259582519531,1221098,0.0,0.0
2002-12-12 00:00:00+05:30,48.51988983154297,48.91141891479492,48.51563262939453,48.58372497558594,38.639671325683594,272736,0.0,0.0
2002-12-13 00:00:00+05:30,48.51563262939453,48.72842025756836,48.51563262939453,48.55393600463867,38.61598587036133,191799,0.0,0.0
2002-12-16 00:00:00+05:30,48.51563262939453,48.94120788574219,48.51563262939453,48.749698638916016,38.77168273925781,446289,0.0,0.0
2002-12-17 00:00:00+05:30,48.936954498291016,50.983970642089844,48.605003356933594,48.936954498291016,38.92060852050781,1353895,0.0,0.0
2002-12-18 00:00:00+05:30,47.834712982177734,48.73693084716797,47.834712982177734,48.59223556518555,38.64645767211914,410984,0.0,0.0
2002-12-19 00:00:00+05:30,47.23890686035156,49.53701400756836,47.23890686035156,49.40082931518555,39.289527893066406,270433,0.0,0.0
2002-12-20 00:00:00+05:30,49.366783142089844,49.37104034423828,48.68586349487305,48.78374481201172,38.79875564575195,301591,0.0,0.0
2002-12-23 00:00:00+05:30,48.9837646484375,49.1114387512207,48.85609436035156,48.945465087890625,38.9273796081543,222522,0.0,0.0
2002-12-24 00:00:00+05:30,48.945465087890625,50.21793746948242,48.945465087890625,49.668941497802734,39.50277328491211,655582,0.0,0.0
2002-12-25 00:00:00+05:30,49.668941497802734,49.668941497802734,49.668941497802734,49.668941497802734,39.50277328491211,0,0.0,0.0
2002-12-26 00:00:00+05:30,49.64766311645508,50.89885711669922,49.64766311645508,50.47328186035156,40.142478942871094,259260,0.0,0.0
2002-12-27 00:00:00+05:30,50.30305099487305,50.72437286376953,49.89024353027344,50.28602981567383,39.99354553222656,136885,0.0,0.0
2002-12-30 00:00:00+05:30,49.84342956542969,50.047706604003906,49.707244873046875,49.77533721923828,39.58738708496094,52246,0.0,0.0
2002-12-31 00:00:00+05:30,47.32402038574219,50.28602981567383,47.23890686035156,49.88172912597656,39.672000885009766,219255,0.0,0.0
2003-01-01 00:00:00+05:30,49.02632522583008,50.44774627685547,49.02632522583008,49.86896514892578,39.661842346191406,179873,0.0,0.0
2003-01-02 00:00:00+05:30,49.715755462646484,50.103031158447266,49.53701400756836,49.72001266479492,39.54338455200195,253421,0.0,0.0
2003-01-03 00:00:00+05:30,47.834712982177734,50.34135437011719,47.834712982177734,50.12430953979492,39.864933013916016,1522208,0.0,0.0
2003-01-06 00:00:00+05:30,50.21793746948242,50.30305099487305,50.02642822265625,50.1966552734375,39.922462463378906,566385,0.0,0.0
2003-01-07 00:00:00+05:30,49.02632522583008,50.62223434448242,49.02632522583008,50.23921585083008,39.956321716308594,270304,0.0,0.0
2003-01-08 00:00:00+05:30,49.668941497802734,50.260494232177734,49.62213134765625,49.70298767089844,39.529850006103516,612652,0.0,0.0
2003-01-09 00:00:00+05:30,49.7923583984375,50.47328186035156,49.549781799316406,49.73703384399414,39.55691909790039,1896818,0.0,0.0
2003-01-10 00:00:00+05:30,50.54137420654297,50.89885711669922,49.37529754638672,50.2562370300293,39.96985626220703,332573,0.0,0.0
2003-01-13 00:00:00+05:30,50.47328186035156,50.47328186035156,50.047706604003906,50.23495864868164,39.95293426513672,670526,0.0,0.0
2003-01-14 00:00:00+05:30,50.46477127075195,51.23506164550781,50.21793746948242,51.069087982177734,40.616336822509766,772870,0.0,0.0
2003-01-15 00:00:00+05:30,50.813743591308594,51.069087982177734,50.7286262512207,50.93716049194336,40.51142120361328,701637,0.0,0.0
2003-01-16 00:00:00+05:30,51.15420150756836,51.792564392089844,50.68606948852539,51.069087982177734,40.616336822509766,483838,0.0,0.0
2003-01-17 00:00:00+05:30,51.069087982177734,51.32017517089844,50.524349212646484,50.89034652709961,40.47417449951172,1087338,0.0,0.0
2003-01-20 00:00:00+05:30,50.89885711669922,51.38401412963867,50.69032669067383,50.975460052490234,40.541873931884766,654102,0.0,0.0
2003-01-21 00:00:00+05:30,50.48179244995117,51.15420150756836,50.320072174072266,51.03504180908203,40.58925247192383,175362,0.0,0.0
2003-01-22 00:00:00+05:30,50.78395080566406,51.230804443359375,50.77544021606445,51.0648307800293,40.61295700073242,221593,0.0,0.0
2003-01-23 00:00:00+05:30,52.77138900756836,52.77138900756836,51.069087982177734,51.59254455566406,41.03264617919922,270927,0.0,0.0
2003-01-24 00:00:00+05:30,51.49466323852539,52.25218963623047,51.49466323852539,51.94577407836914,41.31357955932617,1180917,0.0,0.0
2003-01-27 00:00:00+05:30,51.069087982177734,52.07344436645508,51.069087982177734,51.74575424194336,41.154502868652344,1812850,0.0,0.0
2003-01-28 00:00:00+05:30,49.366783142089844,51.91172790527344,49.366783142089844,50.99248504638672,40.55541229248047,2417689,0.0,0.0
2003-01-29 00:00:00+05:30,50.669044494628906,51.069087982177734,50.64351272583008,50.97971725463867,40.54524612426758,436890,0.0,0.0
2003-01-30 00:00:00+05:30,50.21793746948242,51.2265510559082,50.21793746948242,51.00950622558594,40.56895065307617,692990,0.0,0.0
2003-01-31 00:00:00+05:30,51.409549713134766,51.409549713134766,50.70734786987305,51.069087982177734,40.616336822509766,857050,0.0,0.0
2003-02-03 00:00:00+05:30,51.464874267578125,51.464874267578125,50.75841522216797,50.93290328979492,40.508018493652344,355894,0.0,0.0
2003-02-04 00:00:00+05:30,56.005767822265625,56.005767822265625,50.79246139526367,51.120155334472656,40.65694046020508,579638,0.0,0.0
2003-02-05 00:00:00+05:30,54.048118591308594,54.048118591308594,50.911624908447266,51.222293853759766,40.73818588256836,2488217,0.0,0.0
2003-02-06 00:00:00+05:30,51.25634002685547,51.409549713134766,50.90736770629883,51.030784606933594,40.58586502075195,272195,0.0,0.0
2003-02-07 00:00:00+05:30,50.74990463256836,51.069087982177734,50.65202331542969,50.90736770629883,40.48771667480469,706724,0.0,0.0
2003-02-10 00:00:00+05:30,50.89885711669922,51.23931884765625,50.64351272583008,51.09462356567383,40.63664627075195,156693,0.0,0.0
2003-02-11 00:00:00+05:30,52.17558288574219,52.26070022583008,50.89885711669922,51.175479888916016,40.700950622558594,909050,0.0,0.0
2003-02-12 00:00:00+05:30,52.09046936035156,52.3458137512207,50.826507568359375,51.005252838134766,40.5655632019043,620289,0.0,0.0
2003-02-13 00:00:00+05:30,51.005252838134766,51.005252838134766,51.005252838134766,51.005252838134766,40.5655632019043,0,0.0,0.0
2003-02-14 00:00:00+05:30,50.89885711669922,51.069087982177734,50.64351272583008,50.856300354003906,40.447105407714844,283839,0.0,0.0
2003-02-17 00:00:00+05:30,51.792564392089844,51.792564392089844,50.35411834716797,50.46477127075195,40.13571548461914,963306,0.0,0.0
2003-02-18 00:00:00+05:30,50.43072509765625,50.43072509765625,49.7923583984375,50.20942306518555,39.9326286315918,427820,0.0,0.0
2003-02-19 00:00:00+05:30,51.02653121948242,51.02653121948242,49.451900482177734,50.009403228759766,39.77354049682617,500745,0.0,0.0
2003-02-20 00:00:00+05:30,50.047706604003906,50.047706604003906,48.95823287963867,49.1114387512207,39.05937957763672,715959,0.0,0.0
2003-02-21 00:00:00+05:30,49.87747573852539,49.87747573852539,48.60926055908203,48.68160629272461,38.7175178527832,169123,0.0,0.0
2003-02-24 00:00:00+05:30,49.03057861328125,49.03483581542969,48.00494384765625,48.2092170715332,38.34181594848633,621252,0.0,0.0
2003-02-25 00:00:00+05:30,48.48158645629883,48.94120788574219,48.183685302734375,48.31135559082031,38.42305374145508,252293,0.0,0.0
2003-02-26 00:00:00+05:30,48.345401763916016,48.93269729614258,47.84748077392578,48.47732925415039,38.555057525634766,1031614,0.0,0.0
2003-02-27 00:00:00+05:30,48.82630157470703,48.94120788574219,48.090057373046875,48.834815979003906,38.839378356933594,351218,0.0,0.0
2003-02-28 00:00:00+05:30,49.358272552490234,50.21793746948242,48.77097702026367,49.98386764526367,39.753231048583984,1036313,0.0,0.0
2003-03-03 00:00:00+05:30,50.12856674194336,50.34560775756836,49.558292388916016,50.17112350463867,39.902156829833984,298243,0.0,0.0
2003-03-04 00:00:00+05:30,50.53286361694336,50.63925552368164,49.451900482177734,50.35411834716797,40.04771041870117,660023,0.0,0.0
2003-03-05 00:00:00+05:30,49.451900482177734,51.069087982177734,48.77097702026367,49.009300231933594,38.978145599365234,1052174,0.0,0.0
2003-03-06 00:00:00+05:30,47.66448211669922,49.1114387512207,47.66448211669922,48.97100067138672,38.94768142700195,623379,0.0,0.0
2003-03-07 00:00:00+05:30,49.349761962890625,49.366783142089844,48.145381927490234,48.851837158203125,38.85291290283203,754272,0.0,0.0
2003-03-10 00:00:00+05:30,49.707244873046875,49.962589263916016,48.345401763916016,48.62202835083008,38.670143127441406,1007411,0.0,0.0
2003-03-11 00:00:00+05:30,48.77097702026367,49.78384780883789,48.51563262939453,48.7667236328125,38.78521728515625,710049,0.0,0.0
2003-03-12 00:00:00+05:30,48.77523422241211,49.34550476074219,48.6135139465332,48.702884674072266,38.73444747924805,719272,0.0,0.0
2003-03-13 00:00:00+05:30,49.28166961669922,49.7923583984375,47.941104888916016,48.12410354614258,38.27412414550781,580754,0.0,0.0
2003-03-14 00:00:00+05:30,48.12410354614258,48.12410354614258,48.12410354614258,48.12410354614258,38.27412414550781,0,0.0,0.0
2003-03-17 00:00:00+05:30,47.32402038574219,48.68160629272461,46.64310073852539,46.97504806518555,37.36025619506836,372941,0.0,0.0
2003-03-18 00:00:00+05:30,46.97504806518555,46.97504806518555,46.97504806518555,46.97504806518555,37.36025619506836,0,0.0,0.0
2003-03-19 00:00:00+05:30,48.00494384765625,48.00494384765625,46.132408142089844,47.01760482788086,37.394100189208984,543311,0.0,0.0
2003-03-20 00:00:00+05:30,47.66022491455078,47.66022491455078,46.217525482177734,47.11123275756836,37.46856689453125,238288,0.0,0.0
2003-03-21 00:00:00+05:30,46.5579833984375,47.66448211669922,46.5579833984375,47.485740661621094,37.76643371582031,767055,0.0,0.0
2003-03-24 00:00:00+05:30,47.41764831542969,47.8304557800293,47.20486068725586,47.25167465209961,37.58026123046875,160652,0.0,0.0
2003-03-25 00:00:00+05:30,47.234649658203125,47.234649658203125,46.81758499145508,47.10697555541992,37.46518325805664,220982,0.0,0.0
2003-03-26 00:00:00+05:30,46.813331604003906,47.40913772583008,42.56608581542969,46.95376968383789,37.34333419799805,1817067,0.0,0.0
2003-03-27 00:00:00+05:30,46.983558654785156,47.23890686035156,46.84737777709961,47.05165100097656,37.42118453979492,710848,0.0,0.0
2003-03-28 00:00:00+05:30,46.81758499145508,46.983558654785156,45.63022994995117,45.911109924316406,36.51408386230469,619537,0.0,0.0
2003-03-31 00:00:00+05:30,47.15378952026367,47.15378952026367,45.306793212890625,45.50255584716797,36.18915939331055,786276,0.0,0.0
2003-04-01 00:00:00+05:30,45.96217727661133,46.813331604003906,45.28551483154297,46.60054016113281,37.062400817871094,334687,0.0,0.0
2003-04-02 00:00:00+05:30,46.728214263916016,47.05165100097656,46.387752532958984,46.84312057495117,37.25532531738281,1105596,0.0,0.0
2003-04-03 00:00:00+05:30,46.85588836669922,47.10272216796875,46.813331604003906,47.04314041137695,37.41442108154297,283181,0.0,0.0
2003-04-04 00:00:00+05:30,46.93674850463867,47.32402038574219,46.89844512939453,47.23890686035156,37.570106506347656,1106125,0.0,0.0
2003-04-07 00:00:00+05:30,46.90270233154297,47.91982650756836,46.90270233154297,47.7708740234375,37.993194580078125,760440,0.0,0.0
2003-04-08 00:00:00+05:30,47.32402038574219,50.21793746948242,47.32402038574219,49.83491897583008,39.63478469848633,2746667,0.0,0.0
2003-04-09 00:00:00+05:30,49.7923583984375,50.251983642578125,49.19655227661133,50.18814468383789,39.915706634521484,1224082,0.0,0.0
2003-04-10 00:00:00+05:30,49.19655227661133,50.38816452026367,48.945465087890625,50.213680267333984,39.936012268066406,1277105,0.0,0.0
2003-04-11 00:00:00+05:30,51.069087982177734,51.069087982177734,48.77097702026367,49.15825271606445,39.09660339355469,580495,0.0,0.0
2003-04-14 00:00:00+05:30,49.15825271606445,49.15825271606445,49.15825271606445,49.15825271606445,39.09660339355469,0,0.0,0.0
2003-04-15 00:00:00+05:30,48.68586349487305,50.7286262512207,48.68586349487305,49.34550476074219,39.24552536010742,216424,0.0,0.0
2003-04-16 00:00:00+05:30,49.366783142089844,50.55839538574219,49.06462478637695,50.40093231201172,40.084938049316406,725476,0.0,0.0
2003-04-17 00:00:00+05:30,51.04355239868164,51.40529251098633,50.22644805908203,51.2520866394043,40.76188278198242,536050,0.0,0.0
2003-04-18 00:00:00+05:30,51.2520866394043,51.2520866394043,51.2520866394043,51.2520866394043,40.76188278198242,0,0.0,0.0
2003-04-21 00:00:00+05:30,51.324432373046875,52.924598693847656,51.23931884765625,52.788414001464844,41.9837532043457,988578,0.0,0.0
2003-04-22 00:00:00+05:30,52.35007095336914,53.196964263916016,51.95002746582031,52.4053955078125,41.67911911010742,761615,0.0,0.0
2003-04-23 00:00:00+05:30,52.18409729003906,52.481998443603516,51.32868957519531,51.924495697021484,41.296661376953125,738822,0.0,0.0
2003-04-24 00:00:00+05:30,51.37550354003906,52.09046936035156,50.89885711669922,51.9415168762207,41.31019592285156,1359840,0.0,0.0
2003-04-25 00:00:00+05:30,51.83512496948242,51.91598129272461,50.856300354003906,50.97971725463867,40.54524612426758,320330,0.0,0.0
2003-04-28 00:00:00+05:30,51.48615264892578,53.11185073852539,51.069087982177734,52.6820182800293,41.89913558959961,996238,0.0,0.0
2003-04-29 00:00:00+05:30,52.933109283447266,53.9630012512207,52.3458137512207,53.42251968383789,42.488075256347656,1104973,0.0,0.0
2003-04-30 00:00:00+05:30,53.494869232177734,53.87788772583008,52.179840087890625,52.45646286010742,41.719749450683594,1943050,0.0,0.0
2003-05-01 00:00:00+05:30,52.45646286010742,52.45646286010742,52.45646286010742,52.45646286010742,41.719749450683594,0,0.0,0.0
2003-05-02 00:00:00+05:30,52.77138900756836,53.62254333496094,52.46072006225586,53.11610794067383,42.2443733215332,855112,0.0,0.0
2003-05-05 00:00:00+05:30,52.788414001464844,54.12472152709961,52.788414001464844,53.758724212646484,42.755462646484375,565116,0.0,0.0
2003-05-06 00:00:00+05:30,53.06929397583008,53.87363052368164,53.06929397583008,53.72042465209961,42.72500228881836,834951,0.0,0.0
2003-05-07 00:00:00+05:30,53.32463836669922,53.79277038574219,53.32463836669922,53.7119140625,42.71822738647461,554202,0.0,0.0
2003-05-08 00:00:00+05:30,53.550193786621094,53.71616744995117,53.026737213134766,53.06503677368164,42.20375442504883,605450,0.0,0.0
2003-05-09 00:00:00+05:30,52.3458137512207,53.62254333496094,51.92023849487305,53.035247802734375,42.1800651550293,768852,0.0,0.0
2003-05-12 00:00:00+05:30,51.92023849487305,53.750213623046875,51.92023849487305,53.57572937011719,42.60992431640625,371132,0.0,0.0
2003-05-13 00:00:00+05:30,53.62254333496094,53.9630012512207,52.49476623535156,52.971412658691406,42.12929153442383,167443,0.0,0.0
2003-05-14 00:00:00+05:30,53.196964263916016,53.6182861328125,52.941619873046875,53.22675704956055,42.33237838745117,336403,0.0,0.0
2003-05-15 00:00:00+05:30,53.6182861328125,54.98012924194336,53.243778228759766,54.62689971923828,43.44594192504883,558067,0.0,0.0
2003-05-16 00:00:00+05:30,54.4864616394043,55.48656463623047,54.4864616394043,54.98012924194336,43.72686767578125,316629,0.0,0.0
2003-05-19 00:00:00+05:30,55.920650482177734,56.720733642578125,54.899269104003906,56.516456604003906,44.9487419128418,942076,0.0,0.0
2003-05-20 00:00:00+05:30,55.83979034423828,56.60157012939453,55.83979034423828,56.516456604003906,44.9487419128418,446888,0.0,0.0
2003-05-21 00:00:00+05:30,55.94192886352539,56.85691833496094,55.94192886352539,56.427085876464844,44.87766647338867,550336,0.0,0.0
2003-05-22 00:00:00+05:30,55.754676818847656,58.46559143066406,55.754676818847656,58.20599365234375,46.29246520996094,852621,0.0,0.0
2003-05-23 00:00:00+05:30,59.155025482177734,59.750831604003906,57.11226272583008,59.465694427490234,47.29433822631836,839427,0.0,0.0
2003-05-26 00:00:00+05:30,60.17640686035156,60.17640686035156,58.55921936035156,59.6827392578125,47.466949462890625,328073,0.0,0.0
2003-05-27 00:00:00+05:30,59.06991195678711,59.444419860839844,58.72945022583008,58.950748443603516,46.884788513183594,192985,0.0,0.0
2003-05-28 00:00:00+05:30,59.06991195678711,59.495487213134766,57.96341323852539,58.24855041503906,46.32630920410156,152652,0.0,0.0
2003-05-29 00:00:00+05:30,58.10385513305664,59.099700927734375,58.10385513305664,58.76775360107422,46.73925018310547,420430,0.0,0.0
2003-05-30 00:00:00+05:30,58.346431732177734,58.725196838378906,57.81871795654297,58.15492248535156,46.25184631347656,553297,0.0,0.0
2003-06-02 00:00:00+05:30,58.72945022583008,59.129493713378906,56.60157012939453,58.133644104003906,46.234920501708984,306608,0.0,0.0
2003-06-03 00:00:00+05:30,57.282493591308594,58.55070877075195,57.282493591308594,58.00171661376953,46.1300048828125,292533,0.0,0.0
2003-06-04 00:00:00+05:30,59.495487213134766,59.495487213134766,57.45272445678711,57.79743957519531,45.96753692626953,616341,0.0,0.0
2003-06-05 00:00:00+05:30,57.02714920043945,58.30387496948242,57.02714920043945,57.61869812011719,45.82537841796875,1217762,0.0,0.0
2003-06-06 00:00:00+05:30,57.282493591308594,58.11661911010742,57.20163345336914,58.01873779296875,46.14353561401367,309639,0.0,0.0
2003-06-09 00:00:00+05:30,57.886810302734375,59.66571807861328,57.886810302734375,59.51676559448242,47.3349494934082,858507,0.0,0.0
2003-06-10 00:00:00+05:30,58.9081916809082,61.28290557861328,58.9081916809082,60.94244384765625,48.46881866455078,1472205,0.0,0.0
2003-06-11 00:00:00+05:30,61.027557373046875,61.4531364440918,60.34663772583008,60.653053283691406,48.23866653442383,695469,0.0,0.0
2003-06-12 00:00:00+05:30,60.34663772583008,61.69145965576172,60.34663772583008,61.112674713134766,48.60421371459961,505127,0.0,0.0
2003-06-13 00:00:00+05:30,60.94244384765625,60.963722229003906,59.59336853027344,60.16789627075195,47.852813720703125,573822,0.0,0.0
2003-06-16 00:00:00+05:30,60.018943786621094,60.42749786376953,59.58060073852539,60.108314514160156,47.805416107177734,398143,0.0,0.0
2003-06-17 00:00:00+05:30,60.09129333496094,62.81497573852539,59.755088806152344,62.26598358154297,49.52146911621094,1286797,0.0,0.0
2003-06-18 00:00:00+05:30,62.21916961669922,65.11308288574219,62.134056091308594,64.25342559814453,51.10212326049805,1588060,0.0,0.0
2003-06-19 00:00:00+05:30,65.45354461669922,65.79400634765625,63.0703239440918,65.4620590209961,52.06336975097656,1387802,0.0,0.0
2003-06-20 00:00:00+05:30,65.3428955078125,65.3428955078125,63.83635711669922,64.24065399169922,51.09196090698242,249732,0.0,0.0
2003-06-23 00:00:00+05:30,62.30428695678711,64.24065399169922,60.4913330078125,63.81082534790039,50.75010681152344,404428,0.0,0.0
2003-06-24 00:00:00+05:30,62.65751266479492,63.41078186035156,59.79338836669922,60.52112579345703,48.13373947143555,1297665,0.0,0.0
2003-06-25 00:00:00+05:30,62.985206604003906,63.49589920043945,61.70848083496094,62.85327911376953,49.988548278808594,834281,0.0,0.0
2003-06-26 00:00:00+05:30,62.30854034423828,63.15543746948242,62.30854034423828,62.942649841308594,50.059627532958984,706889,0.0,0.0
2003-06-27 00:00:00+05:30,62.568145751953125,64.34705352783203,61.968082427978516,63.695919036865234,50.658721923828125,1235068,0.0,0.0
2003-06-30 00:00:00+05:30,64.17681884765625,64.3427963256836,63.4150390625,63.602291107177734,50.584259033203125,469129,0.0,0.0
2003-07-01 00:00:00+05:30,62.30428695678711,63.66613006591797,61.71699142456055,62.163848876953125,49.44023513793945,845713,0.0,0.0
2003-07-02 00:00:00+05:30,61.96382522583008,63.0703239440918,61.80210876464844,62.55112075805664,49.74824142456055,1024283,0.0,0.0
2003-07-03 00:00:00+05:30,61.28290557861328,62.77241897583008,60.865840911865234,61.35099792480469,48.79375457763672,1436512,0.0,0.0
2003-07-04 00:00:00+05:30,61.53824996948242,62.21916961669922,60.8615837097168,61.610599517822266,49.000221252441406,1370179,0.0,0.0
2003-07-07 00:00:00+05:30,61.70848083496094,64.68750762939453,60.857330322265625,63.44483184814453,50.459022521972656,1511411,0.0,0.0
2003-07-08 00:00:00+05:30,64.68750762939453,66.7983627319336,63.92147445678711,65.21096801757812,51.863677978515625,2077949,0.0,0.0
2003-07-09 00:00:00+05:30,65.28331756591797,65.623779296875,64.51302337646484,65.0322265625,51.72152328491211,964951,0.0,0.0
2003-07-10 00:00:00+05:30,65.11308288574219,65.20671081542969,64.26193237304688,64.70878601074219,51.46427917480469,499135,0.0,0.0
2003-07-11 00:00:00+05:30,64.68750762939453,66.90050506591797,64.68750762939453,65.85784149169922,52.37815475463867,2084247,0.0,0.0
2003-07-14 00:00:00+05:30,65.87911987304688,66.56004333496094,62.55963134765625,65.69612121582031,53.177337646484375,1440425,1.149054,0.0
2003-07-15 00:00:00+05:30,65.11308288574219,66.74729919433594,65.11308288574219,66.01104736328125,53.43224334716797,3073965,0.0,0.0
2003-07-16 00:00:00+05:30,67.15585327148438,68.00700378417969,65.96424102783203,66.41534423828125,53.7595100402832,1915593,0.0,0.0
2003-07-17 00:00:00+05:30,66.64515686035156,68.59429931640625,66.56430053710938,67.3090591430664,54.48291778564453,2145916,0.0,0.0
2003-07-18 00:00:00+05:30,65.623779296875,68.51343536376953,65.623779296875,67.7431411743164,54.834285736083984,1376347,0.0,0.0
2003-07-21 00:00:00+05:30,68.09211730957031,68.6028060913086,67.32608032226562,67.76016998291016,54.84806823730469,1280453,0.0,0.0
2003-07-22 00:00:00+05:30,60.52963638305664,68.34746551513672,60.52963638305664,67.48780059814453,54.62759780883789,1112410,0.0,0.0
2003-07-23 00:00:00+05:30,68.10063171386719,68.10063171386719,65.14287567138672,66.04084014892578,53.456363677978516,925463,0.0,0.0
2003-07-24 00:00:00+05:30,66.13446807861328,66.29193115234375,64.68750762939453,65.61100769042969,53.10844039916992,1146446,0.0,0.0
2003-07-25 00:00:00+05:30,66.38981628417969,68.33895111083984,66.38981628417969,68.09637451171875,55.12020492553711,2055732,0.0,0.0
2003-07-28 00:00:00+05:30,68.51769256591797,70.39022827148438,68.47513580322266,69.64546966552734,56.374122619628906,2145634,0.0,0.0
2003-07-29 00:00:00+05:30,70.36469268798828,70.64556884765625,69.19861602783203,69.85399627685547,56.54290008544922,1429933,0.0,0.0
2003-07-30 00:00:00+05:30,70.6370620727539,71.75206756591797,69.79441833496094,70.59024810791016,57.13885498046875,1202864,0.0,0.0
2003-07-31 00:00:00+05:30,70.30936431884766,72.3478775024414,69.04115295410156,69.62844848632812,56.36033248901367,3094455,0.0,0.0
2003-08-01 00:00:00+05:30,69.36884307861328,69.8837890625,67.59844970703125,69.02412414550781,55.87117385864258,2344670,0.0,0.0
2003-08-04 00:00:00+05:30,69.36884307861328,72.76493835449219,69.36884307861328,72.20743560791016,58.44789123535156,4051452,0.0,0.0
2003-08-05 00:00:00+05:30,72.88410186767578,74.98644256591797,71.92655181884766,72.46703338623047,58.658023834228516,2572691,0.0,0.0
2003-08-06 00:00:00+05:30,74.05017852783203,74.05017852783203,70.64556884765625,71.90953063964844,58.20672607421875,1617925,0.0,0.0
2003-08-07 00:00:00+05:30,73.41181182861328,73.9650650024414,72.35638427734375,72.93942260742188,59.040382385253906,2291354,0.0,0.0
2003-08-08 00:00:00+05:30,73.02879333496094,73.305419921875,72.3478775024414,73.24584197998047,59.28841018676758,1954681,0.0,0.0
2003-08-11 00:00:00+05:30,73.07135009765625,76.60363006591797,72.77770233154297,74.82047271728516,60.562984466552734,2326671,0.0,0.0
2003-08-12 00:00:00+05:30,74.90132904052734,75.75247955322266,73.98634338378906,74.9481430053711,60.66633224487305,1015013,0.0,0.0
2003-08-13 00:00:00+05:30,75.326904296875,76.25040435791016,74.90132904052734,75.90568542480469,61.44139862060547,1939584,0.0,0.0
2003-08-14 00:00:00+05:30,75.83759307861328,76.944091796875,75.326904296875,76.29296112060547,61.75489044189453,1328482,0.0,0.0
2003-08-15 00:00:00+05:30,76.29296112060547,76.29296112060547,76.29296112060547,76.29296112060547,61.75489044189453,0,0.0,0.0
2003-08-18 00:00:00+05:30,76.60363006591797,78.73150634765625,76.17805480957031,78.47190856933594,63.51863098144531,3187294,0.0,0.0
2003-08-19 00:00:00+05:30,79.5826644897461,79.9912109375,77.62501525878906,78.04633331298828,63.174171447753906,1103622,0.0,0.0
2003-08-20 00:00:00+05:30,79.41242980957031,79.5826644897461,77.53990173339844,78.78683471679688,63.773529052734375,1115500,0.0,0.0
2003-08-21 00:00:00+05:30,78.3059310913086,79.83800506591797,77.71012878417969,78.71874237060547,63.718406677246094,1049766,0.0,0.0
2003-08-22 00:00:00+05:30,79.15708923339844,79.15708923339844,77.02920532226562,78.68894958496094,63.694297790527344,1544037,0.0,0.0
2003-08-25 00:00:00+05:30,79.57415008544922,79.5826644897461,75.34818267822266,76.73981475830078,62.1165885925293,2718070,0.0,0.0
2003-08-26 00:00:00+05:30,77.02920532226562,79.5826644897461,77.02920532226562,77.70587158203125,62.8985481262207,1438768,0.0,0.0
2003-08-27 00:00:00+05:30,78.13570404052734,78.72725677490234,77.31008911132812,77.94844818115234,63.09490203857422,1401853,0.0,0.0
2003-08-28 00:00:00+05:30,79.05068969726562,79.05068969726562,77.02920532226562,77.15262603759766,62.45073699951172,1552391,0.0,0.0
2003-08-29 00:00:00+05:30,77.8207778930664,78.41658020019531,76.17805480957031,77.64203643798828,62.84688186645508,1237958,0.0,0.0
2003-09-01 00:00:00+05:30,71.92229461669922,80.85939025878906,71.92229461669922,80.02100372314453,64.77252960205078,1609842,0.0,0.0
2003-09-02 00:00:00+05:30,81.02961730957031,81.44668579101562,77.45478057861328,78.99962615966797,63.94576644897461,970273,0.0,0.0
2003-09-03 00:00:00+05:30,79.5826644897461,79.60819244384766,77.07176208496094,77.58670806884766,62.802093505859375,1480241,0.0,0.0
2003-09-04 00:00:00+05:30,76.6887435913086,78.22081756591797,74.47575378417969,75.06730651855469,60.76280212402344,1709989,0.0,0.0
2003-09-05 00:00:00+05:30,76.60363006591797,77.28455352783203,75.83759307861328,76.71427917480469,62.095924377441406,1129046,0.0,0.0
2003-09-08 00:00:00+05:30,77.02920532226562,77.60798645019531,73.19902801513672,76.3525390625,61.80310821533203,1171178,0.0,0.0
2003-09-09 00:00:00+05:30,77.28455352783203,78.98685455322266,76.60363006591797,77.5101089477539,62.74009704589844,1757137,0.0,0.0
2003-09-10 00:00:00+05:30,77.45478057861328,77.62501525878906,75.83759307861328,77.27178192138672,62.547183990478516,1116757,0.0,0.0
2003-09-11 00:00:00+05:30,76.60363006591797,77.77396392822266,76.51851654052734,77.13985443115234,62.440406799316406,1532253,0.0,0.0
2003-09-12 00:00:00+05:30,77.28455352783203,77.53564453125,74.73109436035156,75.47160339355469,61.090049743652344,1747515,0.0,0.0
2003-09-15 00:00:00+05:30,75.74822235107422,75.74822235107422,73.64588165283203,74.1693344116211,60.035919189453125,770614,0.0,0.0
2003-09-16 00:00:00+05:30,74.3055191040039,77.45478057861328,73.79483032226562,76.33977508544922,61.792781829833984,2283682,0.0,0.0
2003-09-17 00:00:00+05:30,78.47616577148438,78.47616577148438,74.47575378417969,75.02474212646484,60.72834777832031,1961378,0.0,0.0
2003-09-18 00:00:00+05:30,75.41201782226562,75.74396514892578,71.50523376464844,72.22871398925781,58.46510314941406,1163682,0.0,0.0
2003-09-19 00:00:00+05:30,72.3478775024414,74.56086730957031,70.73068237304688,73.66716003417969,59.62944412231445,1520540,0.0,0.0
2003-09-22 00:00:00+05:30,74.05017852783203,74.47575378417969,71.58184051513672,72.27978515625,58.506439208984375,997002,0.0,0.0
2003-09-23 00:00:00+05:30,72.00741577148438,74.3055191040039,71.58184051513672,73.5607681274414,59.54331970214844,1785310,0.0,0.0
2003-09-24 00:00:00+05:30,74.73109436035156,76.6887435913086,73.20753479003906,76.32275390625,61.77899169921875,2388176,0.0,0.0
2003-09-25 00:00:00+05:30,76.43340301513672,77.02920532226562,74.22040557861328,74.71407318115234,60.47686004638672,1207105,0.0,0.0
2003-09-26 00:00:00+05:30,75.326904296875,77.35690307617188,74.9906997680664,76.84620666503906,62.202693939208984,1087468,0.0,0.0
2003-09-29 00:00:00+05:30,76.60363006591797,78.21656036376953,75.0715560913086,77.65054321289062,62.85377502441406,1402887,0.0,0.0
2003-09-30 00:00:00+05:30,78.561279296875,78.73150634765625,77.62501525878906,78.31018829345703,63.3876953125,1099122,0.0,0.0
2003-10-01 00:00:00+05:30,77.48457336425781,82.47657775878906,77.48457336425781,80.69766998291016,65.32025909423828,3449021,0.0,0.0
2003-10-02 00:00:00+05:30,80.69766998291016,80.69766998291016,80.69766998291016,80.69766998291016,65.32025909423828,0,0.0,0.0
2003-10-03 00:00:00+05:30,80.85939025878906,83.412841796875,78.8166275024414,83.18728637695312,67.33546447753906,2132663,0.0,0.0
2003-10-06 00:00:00+05:30,83.83841705322266,85.37049102783203,82.56169128417969,83.95758056640625,67.95896911621094,1437006,0.0,0.0
2003-10-07 00:00:00+05:30,84.26399230957031,85.48965454101562,81.71479797363281,82.11483764648438,66.46737670898438,1945517,0.0,0.0
2003-10-08 00:00:00+05:30,83.16600799560547,87.24302673339844,83.16600799560547,86.23015594482422,69.79850006103516,3270393,0.0,0.0
2003-10-09 00:00:00+05:30,87.24302673339844,90.44335174560547,86.22164154052734,90.14545440673828,72.96770477294922,5561360,0.0,0.0
2003-10-10 00:00:00+05:30,91.73710632324219,93.62666320800781,89.63475799560547,92.59676361083984,74.95191192626953,3331968,0.0,0.0
2003-10-13 00:00:00+05:30,92.7755126953125,94.60548400878906,90.39228820800781,91.85201263427734,74.34906768798828,1692166,0.0,0.0
2003-10-14 00:00:00+05:30,93.45642852783203,94.20118713378906,90.22205352783203,92.00521850585938,74.47307586669922,2964090,0.0,0.0
2003-10-15 00:00:00+05:30,93.20108795166016,94.90338897705078,91.498779296875,92.96276092529297,75.24815368652344,6654068,0.0,0.0
2003-10-16 00:00:00+05:30,94.05223846435547,96.0098876953125,93.20108795166016,94.01393127441406,76.09902954101562,5266007,0.0,0.0
2003-10-17 00:00:00+05:30,94.47355651855469,95.7545394897461,92.82231903076172,93.16703796386719,75.41350555419922,2999489,0.0,0.0
2003-10-20 00:00:00+05:30,94.3927001953125,99.2442626953125,92.43505096435547,95.4864273071289,77.2909164428711,6033555,0.0,0.0
2003-10-21 00:00:00+05:30,95.83965301513672,97.71218872070312,91.15831756591797,92.7372055053711,75.06556701660156,4898141,0.0,0.0
2003-10-22 00:00:00+05:30,94.47781372070312,95.41407775878906,91.498779296875,92.57974243164062,74.93811798095703,2739242,0.0,0.0
2003-10-23 00:00:00+05:30,93.3713150024414,94.90338897705078,85.54072570800781,86.4557113647461,69.98106384277344,5749470,0.0,0.0
2003-10-24 00:00:00+05:30,91.498779296875,91.498779296875,82.31485748291016,87.11534881591797,70.5150146484375,5150528,0.0,0.0
2003-10-27 00:00:00+05:30,89.2857894897461,91.498779296875,85.11514282226562,85.42156219482422,69.14396667480469,1935871,0.0,0.0
2003-10-28 00:00:00+05:30,86.39187622070312,89.10279083251953,85.56199645996094,87.8856430053711,71.13851928710938,3002661,0.0,0.0
2003-10-29 00:00:00+05:30,88.68997955322266,89.37090301513672,87.11534881591797,88.86021423339844,71.92738342285156,2035900,0.0,0.0
2003-10-30 00:00:00+05:30,88.86021423339844,91.07320404052734,88.12396240234375,89.60922241210938,72.53363800048828,5840605,0.0,0.0
2003-10-31 00:00:00+05:30,89.881591796875,94.3927001953125,89.881591796875,93.49473571777344,75.67876434326172,3726375,0.0,0.0
2003-11-03 00:00:00+05:30,89.37090301513672,101.88282775878906,89.37090301513672,101.0784912109375,81.81739044189453,5315082,0.0,0.0
2003-11-04 00:00:00+05:30,101.28702545166016,106.39392852783203,95.7545394897461,105.72151947021484,85.57565307617188,6822698,0.0,0.0
2003-11-05 00:00:00+05:30,105.11720275878906,107.75577545166016,102.13817596435547,103.80643463134766,84.02549743652344,4453919,0.0,0.0
2003-11-06 00:00:00+05:30,105.03208923339844,105.96835327148438,100.43587493896484,101.2657470703125,81.96896362304688,1894809,0.0,0.0
2003-11-07 00:00:00+05:30,102.56375122070312,103.8404769897461,100.43587493896484,100.62312316894531,81.44878387451172,1573444,0.0,0.0
2003-11-10 00:00:00+05:30,100.8614501953125,106.3088150024414,100.26564025878906,104.10008239746094,84.26319122314453,2401734,0.0,0.0
2003-11-11 00:00:00+05:30,104.86186218261719,107.9260025024414,102.2232894897461,104.63204956054688,84.69378662109375,3992133,0.0,0.0
2003-11-12 00:00:00+05:30,105.86621856689453,106.3088150024414,101.28702545166016,102.82334899902344,83.229736328125,983326,0.0,0.0
2003-11-13 00:00:00+05:30,104.0958251953125,104.6916275024414,100.8614501953125,102.30415344238281,82.80950164794922,4071237,0.0,0.0
2003-11-14 00:00:00+05:30,102.2232894897461,102.2232894897461,99.58472442626953,100.41033935546875,81.27654266357422,1954916,0.0,0.0
2003-11-17 00:00:00+05:30,102.05306243896484,102.13817596435547,100.43587493896484,101.6742935180664,82.29964447021484,1258894,0.0,0.0
2003-11-18 00:00:00+05:30,100.43587493896484,104.6916275024414,100.01029968261719,101.59343719482422,82.23419952392578,1804672,0.0,0.0
2003-11-19 00:00:00+05:30,101.28702545166016,101.71260070800781,97.88241577148438,98.82719421386719,79.99507141113281,1916462,0.0,0.0
2003-11-20 00:00:00+05:30,99.32937622070312,102.2232894897461,99.16339874267578,100.30394744873047,81.19043731689453,2541204,0.0,0.0
2003-11-21 00:00:00+05:30,98.86124420166016,100.44012451171875,97.88241577148438,99.7038803100586,80.70470428466797,1536730,0.0,0.0
2003-11-24 00:00:00+05:30,101.28702545166016,101.28702545166016,99.16765594482422,99.6230239868164,80.63927459716797,1584500,0.0,0.0
2003-11-25 00:00:00+05:30,100.35075378417969,100.69121551513672,99.41448974609375,99.98050689697266,80.92863464355469,1258553,0.0,0.0
2003-11-26 00:00:00+05:30,99.98050689697266,99.98050689697266,99.98050689697266,99.98050689697266,80.92863464355469,0,0.0,0.0
2003-11-27 00:00:00+05:30,97.88241577148438,104.77674865722656,97.88241577148438,102.56375122070312,83.01962280273438,4657396,0.0,0.0
2003-11-28 00:00:00+05:30,102.13817596435547,106.39392852783203,102.13817596435547,105.4704360961914,85.37242889404297,2486983,0.0,0.0
2003-12-01 00:00:00+05:30,104.26605224609375,108.42818450927734,104.26605224609375,107.68342590332031,87.16370391845703,2558534,0.0,0.0
2003-12-02 00:00:00+05:30,108.52181243896484,112.35198974609375,107.67916870117188,111.40721130371094,90.17791748046875,3482059,0.0,0.0
2003-12-03 00:00:00+05:30,112.86268615722656,112.94779968261719,109.79853820800781,110.69224548339844,89.59918975830078,2074319,0.0,0.0
2003-12-04 00:00:00+05:30,111.75618743896484,111.75618743896484,106.81951141357422,109.61128234863281,88.72420501708984,1849858,0.0,0.0
2003-12-05 00:00:00+05:30,110.05813598632812,111.33061218261719,106.11305236816406,106.84929656982422,86.488525390625,1484248,0.0,0.0
2003-12-08 00:00:00+05:30,109.5431900024414,109.5431900024414,103.8404769897461,105.53852844238281,85.42753601074219,2204284,0.0,0.0
2003-12-09 00:00:00+05:30,106.39818572998047,110.86248016357422,105.96835327148438,110.21134948730469,89.20991516113281,4566566,0.0,0.0
2003-12-10 00:00:00+05:30,110.5645751953125,111.24549865722656,107.67066192626953,109.7304458618164,88.82064056396484,2443043,0.0,0.0
2003-12-11 00:00:00+05:30,110.64968872070312,114.50115203857422,109.96876525878906,113.5861587524414,91.941650390625,6392281,0.0,0.0
2003-12-12 00:00:00+05:30,113.28826141357422,114.99056243896484,111.93492889404297,113.14781951904297,91.5868148803711,1827982,0.0,0.0
2003-12-15 00:00:00+05:30,113.62872314453125,114.99056243896484,111.9264144897461,112.6115951538086,91.15277099609375,1411675,0.0,0.0
2003-12-16 00:00:00+05:30,112.01153564453125,114.65010070800781,111.07526397705078,113.69255828857422,92.02774810791016,2957804,0.0,0.0
2003-12-17 00:00:00+05:30,112.94779968261719,114.3947525024414,112.52222442626953,112.99887084960938,91.46626281738281,1577533,0.0,0.0
2003-12-18 00:00:00+05:30,112.94779968261719,113.44146728515625,112.1817626953125,112.56478118896484,91.11490631103516,1093201,0.0,0.0
2003-12-19 00:00:00+05:30,113.20314025878906,115.58636474609375,112.86268615722656,113.96917724609375,92.25166320800781,1855791,0.0,0.0
2003-12-22 00:00:00+05:30,115.6714859008789,115.6714859008789,114.0542984008789,114.69265747070312,92.83728790283203,1104339,0.0,0.0
2003-12-23 00:00:00+05:30,115.84171295166016,117.0333251953125,113.37337493896484,113.94364929199219,92.23101043701172,1118003,0.0,0.0
2003-12-24 00:00:00+05:30,114.0542984008789,114.3947525024414,112.60733795166016,113.76065063476562,92.08287811279297,1326426,0.0,0.0
2003-12-25 00:00:00+05:30,113.76065063476562,113.76065063476562,113.76065063476562,113.76065063476562,92.08287811279297,0,0.0,0.0
2003-12-26 00:00:00+05:30,114.13941192626953,116.59923553466797,114.13941192626953,116.13961791992188,94.0085220336914,1147140,0.0,0.0
2003-12-29 00:00:00+05:30,116.52263641357422,117.45890045166016,116.51412200927734,117.10567474365234,94.79048919677734,1139092,0.0,0.0
2003-12-30 00:00:00+05:30,117.88447570800781,118.11003112792969,115.33102416992188,116.42475128173828,94.23932647705078,1547773,0.0,0.0
2003-12-31 00:00:00+05:30,117.02906799316406,121.79977416992188,116.18217468261719,119.84212493896484,97.00550079345703,2584487,0.0,0.0
2004-01-01 00:00:00+05:30,120.5230484008789,121.11885070800781,118.99097442626953,119.28462219238281,96.55422973632812,1172388,0.0,0.0
2004-01-02 00:00:00+05:30,120.2677001953125,125.97041320800781,120.01235961914062,125.34056091308594,101.45616912841797,3787516,0.0,0.0
2004-01-05 00:00:00+05:30,126.56622314453125,126.56622314453125,110.64968872070312,124.81285095214844,101.0290298461914,2367827,0.0,0.0
2004-01-06 00:00:00+05:30,136.09912109375,136.09912109375,122.56581115722656,123.02542877197266,99.58220672607422,1280347,0.0,0.0
2004-01-07 00:00:00+05:30,123.41696166992188,124.69368743896484,120.69327545166016,124.2127914428711,100.54331970214844,1397201,0.0,0.0
2004-01-08 00:00:00+05:30,123.41696166992188,126.05553436279297,123.41696166992188,125.21714782714844,101.35626220703125,1869267,0.0,0.0
2004-01-09 00:00:00+05:30,125.28949737548828,125.54483795166016,122.56581115722656,124.2808837890625,100.59843444824219,2044583,0.0,0.0
2004-01-12 00:00:00+05:30,124.35322570800781,124.35322570800781,119.25482940673828,121.11459350585938,98.03547668457031,841648,0.0,0.0
2004-01-13 00:00:00+05:30,120.01235961914062,121.19971466064453,117.0333251953125,119.28887939453125,96.55767822265625,1052879,0.0,0.0
2004-01-14 00:00:00+05:30,119.16120147705078,122.99138641357422,118.31005096435547,121.81253814697266,98.60042572021484,3034195,0.0,0.0
2004-01-15 00:00:00+05:30,121.61251831054688,126.31087493896484,120.09747314453125,124.68092346191406,100.9222412109375,3374452,0.0,0.0
2004-01-16 00:00:00+05:30,125.54483795166016,125.54483795166016,114.16069030761719,116.76947021484375,94.51834869384766,3572713,0.0,0.0
2004-01-19 00:00:00+05:30,114.99481964111328,121.03373718261719,114.99481964111328,118.88032531738281,96.22698211669922,3460089,0.0,0.0
2004-01-20 00:00:00+05:30,119.81658935546875,121.02522277832031,114.90544891357422,116.27154541015625,94.11531066894531,3871731,0.0,0.0
2004-01-21 00:00:00+05:30,116.69286346435547,120.01235961914062,111.94769287109375,113.85852813720703,92.162109375,1404603,0.0,0.0
2004-01-22 00:00:00+05:30,114.0542984008789,116.44602966308594,106.60671997070312,108.31327819824219,87.67355346679688,1552896,0.0,0.0
2004-01-23 00:00:00+05:30,108.9473876953125,113.62872314453125,99.15914154052734,109.13038635253906,88.3349609375,4079144,0.0,0.0
2004-01-26 00:00:00+05:30,109.13038635253906,109.13038635253906,109.13038635253906,109.13038635253906,88.3349609375,0,0.0,0.0
2004-01-27 00:00:00+05:30,108.9473876953125,113.45848846435547,108.9473876953125,112.60308074951172,91.1458969116211,3415984,0.0,0.0
2004-01-28 00:00:00+05:30,106.4832992553711,113.62872314453125,104.26605224609375,106.6705551147461,86.3438491821289,3780619,0.0,0.0
2004-01-29 00:00:00+05:30,106.90462493896484,108.09623718261719,102.39351654052734,105.28743743896484,85.22431182861328,5452155,0.0,0.0
2004-01-30 00:00:00+05:30,105.27892303466797,105.27892303466797,97.03977966308594,98.84847259521484,80.0123062133789,3287934,0.0,0.0
2004-02-02 00:00:00+05:30,98.84847259521484,98.84847259521484,98.84847259521484,98.84847259521484,80.0123062133789,0,0.0,0.0
2004-02-03 00:00:00+05:30,98.73356628417969,103.7468490600586,96.69080352783203,101.60620880126953,82.24454498291016,4074821,0.0,0.0
2004-02-04 00:00:00+05:30,101.4572525024414,104.30860900878906,100.52098846435547,103.6659927368164,83.91181945800781,2628791,0.0,0.0
2004-02-05 00:00:00+05:30,104.18093872070312,106.39392852783203,97.88241577148438,102.77654266357422,83.19186401367188,1900954,0.0,0.0
2004-02-06 00:00:00+05:30,102.13817596435547,104.26605224609375,101.79771423339844,103.47023010253906,83.75336456298828,1261021,0.0,0.0
2004-02-09 00:00:00+05:30,103.7468490600586,110.98163604736328,103.7468490600586,110.23687744140625,89.2305908203125,1642927,0.0,0.0
2004-02-10 00:00:00+05:30,110.64117431640625,114.0542984008789,109.38147735595703,113.20314025878906,91.63159942626953,3481601,0.0,0.0
2004-02-11 00:00:00+05:30,114.22452545166016,118.73562622070312,112.7775650024414,118.2206802368164,95.69303894042969,3554890,0.0,0.0
2004-02-12 00:00:00+05:30,118.30154418945312,119.16120147705078,113.54785919189453,114.53093719482422,92.7063980102539,3190348,0.0,0.0
2004-02-13 00:00:00+05:30,116.18217468261719,116.18217468261719,112.7775650024414,115.0118408203125,93.09564971923828,1435584,0.0,0.0
2004-02-16 00:00:00+05:30,115.24591064453125,115.4161376953125,113.72234344482422,114.7990493774414,92.92342376708984,1097477,0.0,0.0
2004-02-17 00:00:00+05:30,116.69286346435547,118.19940185546875,114.52668762207031,115.17781829833984,93.2300033569336,2551567,0.0,0.0
2004-02-18 00:00:00+05:30,115.75659942626953,116.26728820800781,113.62872314453125,113.87980651855469,92.1793441772461,1274038,0.0,0.0
2004-02-19 00:00:00+05:30,114.0542984008789,115.33102416992188,111.75618743896484,112.57754516601562,91.12523651123047,1397777,0.0,0.0
2004-02-20 00:00:00+05:30,111.9264144897461,113.62872314453125,109.96876525878906,113.24144744873047,91.66261291503906,1515417,0.0,0.0
2004-02-23 00:00:00+05:30,113.20314025878906,114.47987365722656,111.33061218261719,112.42859649658203,91.00465393066406,1333969,0.0,0.0
2004-02-24 00:00:00+05:30,112.34774017333984,114.0542984008789,109.28784942626953,113.14356231689453,91.58338928222656,1465074,0.0,0.0
2004-02-25 00:00:00+05:30,108.9473876953125,112.86268615722656,105.96835327148438,110.066650390625,89.09278869628906,1780047,0.0,0.0
2004-02-26 00:00:00+05:30,109.28784942626953,111.50083923339844,106.41521453857422,107.3599853515625,86.90190887451172,1436136,0.0,0.0
2004-02-27 00:00:00+05:30,110.5645751953125,110.5645751953125,102.2232894897461,106.05773162841797,85.84782409667969,2157665,0.0,0.0
2004-03-01 00:00:00+05:30,106.81951141357422,109.03250122070312,105.54277801513672,108.3005142211914,87.66321563720703,1962799,0.0,0.0
2004-03-02 00:00:00+05:30,108.3005142211914,108.3005142211914,108.3005142211914,108.3005142211914,87.66321563720703,0,0.0,0.0
2004-03-03 00:00:00+05:30,108.52181243896484,113.96917724609375,108.52181243896484,113.37763214111328,91.77284240722656,2684857,0.0,0.0
2004-03-04 00:00:00+05:30,113.45848846435547,114.34368896484375,107.67066192626953,109.16017150878906,88.35906982421875,1221286,0.0,0.0
2004-03-05 00:00:00+05:30,110.21134948730469,111.683837890625,109.47935485839844,110.84545135498047,89.72320556640625,1300814,0.0,0.0
2004-03-08 00:00:00+05:30,113.20314025878906,113.20314025878906,110.67096710205078,111.43700408935547,90.20201873779297,943533,0.0,0.0
2004-03-09 00:00:00+05:30,111.50083923339844,111.9264144897461,108.53031921386719,109.97727966308594,89.02044677734375,455735,0.0,0.0
2004-03-10 00:00:00+05:30,110.22411346435547,110.64968872070312,108.26646423339844,109.90918731689453,88.96533203125,561380,0.0,0.0
2004-03-11 00:00:00+05:30,108.10474395751953,110.64968872070312,107.67066192626953,109.58149719238281,88.7000961303711,564306,0.0,0.0
2004-03-12 00:00:00+05:30,106.90462493896484,111.50083923339844,106.39392852783203,109.39849853515625,88.55195617675781,776606,0.0,0.0
2004-03-15 00:00:00+05:30,110.64968872070312,111.50083923339844,107.41531372070312,109.31338500976562,88.48307037353516,1226608,0.0,0.0
2004-03-16 00:00:00+05:30,105.75982666015625,110.98163604736328,105.54277801513672,110.33901977539062,89.31326293945312,1131173,0.0,0.0
2004-03-17 00:00:00+05:30,111.50083923339844,112.35198974609375,106.47904968261719,108.88355255126953,88.1351547241211,934545,0.0,0.0
2004-03-18 00:00:00+05:30,109.96876525878906,110.13048553466797,105.6449203491211,107.20677947998047,86.77789306640625,1185429,0.0,0.0
2004-03-19 00:00:00+05:30,106.41946411132812,108.52181243896484,105.54277801513672,107.72172546386719,87.19470977783203,886328,0.0,0.0
2004-03-22 00:00:00+05:30,108.35157775878906,110.17304229736328,106.91313171386719,108.89205932617188,88.14201354980469,881535,0.0,0.0
2004-03-23 00:00:00+05:30,108.43669891357422,111.50083923339844,107.3302001953125,110.33901977539062,89.31326293945312,557550,0.0,0.0
2004-03-24 00:00:00+05:30,110.6198959350586,110.6198959350586,104.8788833618164,106.5471420288086,86.24396514892578,968781,0.0,0.0
2004-03-25 00:00:00+05:30,106.84078979492188,109.37296295166016,102.98932647705078,103.92133331298828,84.11851501464844,1623741,0.0,0.0
2004-03-26 00:00:00+05:30,103.8404769897461,105.0959243774414,101.80197143554688,103.56385040283203,83.82914733886719,2282437,0.0,0.0
2004-03-29 00:00:00+05:30,106.39392852783203,106.39392852783203,103.39788055419922,104.5682144165039,84.64213562011719,778968,0.0,0.0
2004-03-30 00:00:00+05:30,105.20231628417969,105.53852844238281,101.72962188720703,102.3594741821289,82.85426330566406,1180553,0.0,0.0
2004-03-31 00:00:00+05:30,103.32978820800781,104.77674865722656,102.1424331665039,103.87452697753906,84.08061981201172,1604344,0.0,0.0
2004-04-01 00:00:00+05:30,104.26605224609375,110.62415313720703,104.26605224609375,109.28784942626953,88.46240997314453,1797529,0.0,0.0
2004-04-02 00:00:00+05:30,108.6920394897461,112.7775650024414,108.6920394897461,112.3009262084961,90.90131378173828,1566771,0.0,0.0
2004-04-05 00:00:00+05:30,113.62872314453125,116.92267608642578,112.7775650024414,114.91395568847656,93.01641082763672,1437840,0.0,0.0
2004-04-06 00:00:00+05:30,116.94821166992188,116.94821166992188,110.658203125,114.78202819824219,92.90962982177734,923619,0.0,0.0
2004-04-07 00:00:00+05:30,114.22452545166016,115.726806640625,112.0200424194336,115.05439758300781,93.13009643554688,808469,0.0,0.0
2004-04-08 00:00:00+05:30,114.99056243896484,115.7523422241211,112.7775650024414,113.45423126220703,91.83487701416016,735685,0.0,0.0
2004-04-09 00:00:00+05:30,113.45423126220703,113.45423126220703,113.45423126220703,113.45423126220703,91.83487701416016,0,0.0,0.0
2004-04-12 00:00:00+05:30,112.7775650024414,114.80330657958984,111.07526397705078,112.36050415039062,90.94955444335938,564294,0.0,0.0
2004-04-13 00:00:00+05:30,111.50083923339844,114.47561645507812,111.07526397705078,113.53935241699219,91.90377807617188,458555,0.0,0.0
2004-04-14 00:00:00+05:30,113.53935241699219,113.53935241699219,113.53935241699219,113.53935241699219,91.90377807617188,0,0.0,0.0
2004-04-15 00:00:00+05:30,113.95215606689453,114.05004119873047,108.95164489746094,109.90918731689453,88.96533203125,1043515,0.0,0.0
2004-04-16 00:00:00+05:30,110.64968872070312,111.70511627197266,109.54744720458984,110.37306213378906,89.34083557128906,482511,0.0,0.0
2004-04-19 00:00:00+05:30,110.3092269897461,114.05004119873047,110.3092269897461,111.09228515625,89.9229965209961,1435631,0.0,0.0
2004-04-20 00:00:00+05:30,111.07526397705078,112.088134765625,110.23687744140625,111.52637481689453,90.27437591552734,327321,0.0,0.0
2004-04-21 00:00:00+05:30,111.50083923339844,113.5436019897461,110.90503692626953,112.70096588134766,91.22513580322266,977417,0.0,0.0
2004-04-22 00:00:00+05:30,112.7775650024414,112.7775650024414,109.98579406738281,110.56883239746094,89.4992904663086,2981572,0.0,0.0
2004-04-23 00:00:00+05:30,110.64968872070312,111.9264144897461,109.11761474609375,110.7816162109375,89.67152404785156,2925671,0.0,0.0
2004-04-26 00:00:00+05:30,110.7816162109375,110.7816162109375,110.7816162109375,110.7816162109375,89.67152404785156,0,0.0,0.0
2004-04-27 00:00:00+05:30,110.8199234008789,110.8199234008789,100.6061019897461,102.73823547363281,83.16085052490234,2613118,0.0,0.0
2004-04-28 00:00:00+05:30,103.58513641357422,104.52140045166016,100.43587493896484,102.30840301513672,82.81293487548828,1444631,0.0,0.0
2004-04-29 00:00:00+05:30,103.32978820800781,103.32978820800781,95.49919128417969,96.70357513427734,78.2761459350586,2516496,0.0,0.0
2004-04-30 00:00:00+05:30,97.86539459228516,98.07818603515625,93.72454071044922,94.85657501220703,76.78108978271484,926497,0.0,0.0
2004-05-03 00:00:00+05:30,94.47781372070312,95.24385070800781,87.51539611816406,90.69444274902344,73.41207885742188,2397505,0.0,0.0
2004-05-04 00:00:00+05:30,91.7541275024414,94.733154296875,91.08171844482422,93.81816864013672,75.94058227539062,2136082,0.0,0.0
2004-05-05 00:00:00+05:30,94.30757904052734,94.30757904052734,92.52867126464844,93.38407897949219,75.58920288085938,2233445,0.0,0.0
2004-05-06 00:00:00+05:30,96.16309356689453,98.2228775024414,93.37557220458984,97.45258331298828,78.88241577148438,3932978,0.0,0.0
2004-05-07 00:00:00+05:30,96.27374267578125,97.45684051513672,89.20067596435547,93.62666320800781,75.7855453491211,2266658,0.0,0.0
2004-05-10 00:00:00+05:30,91.92435455322266,91.92435455322266,84.4342269897461,87.86436462402344,71.12129974365234,4188514,0.0,0.0
2004-05-11 00:00:00+05:30,86.73233032226562,86.73233032226562,82.13611602783203,84.49806213378906,68.39644622802734,2241469,0.0,0.0
2004-05-12 00:00:00+05:30,83.83841705322266,89.11555480957031,81.76161193847656,82.23400115966797,66.56383514404297,4476394,0.0,0.0
2004-05-13 00:00:00+05:30,78.13570404052734,84.26399230957031,77.07601928710938,80.36146545410156,65.04813385009766,3504722,0.0,0.0
2004-05-14 00:00:00+05:30,80.85939025878906,81.71054077148438,74.47575378417969,76.11847686767578,61.61365509033203,4493066,0.0,0.0
2004-05-17 00:00:00+05:30,75.5822525024414,75.5822525024414,61.28290557861328,73.57778930664062,59.557106018066406,3119597,0.0,0.0
2004-05-18 00:00:00+05:30,71.49671936035156,79.774169921875,70.64556884765625,78.57404327392578,63.60129165649414,5439513,0.0,0.0
2004-05-19 00:00:00+05:30,79.15708923339844,82.02972412109375,72.3478775024414,79.81246948242188,64.60372924804688,4145172,0.0,0.0
2004-05-20 00:00:00+05:30,80.00823974609375,82.02972412109375,76.6078872680664,78.63788604736328,63.6529655456543,1829274,0.0,0.0
2004-05-21 00:00:00+05:30,78.3059310913086,79.1145248413086,77.02920532226562,78.49744415283203,63.53929901123047,2221508,0.0,0.0
2004-05-24 00:00:00+05:30,80.68915557861328,83.92353057861328,78.90174102783203,82.99152374267578,67.177001953125,3392369,0.0,0.0
2004-05-25 00:00:00+05:30,82.56169128417969,82.57020568847656,79.33157348632812,81.8211898803711,66.22968292236328,1404250,0.0,0.0
2004-05-26 00:00:00+05:30,81.28496551513672,82.13611602783203,78.58255767822266,79.90184020996094,64.67608642578125,2351508,0.0,0.0
2004-05-27 00:00:00+05:30,78.8166275024414,79.45498657226562,76.6887435913086,77.69310760498047,62.88822937011719,2886701,0.0,0.0
2004-05-28 00:00:00+05:30,77.88035583496094,80.3401870727539,77.88035583496094,78.76129913330078,63.752864837646484,2600148,0.0,0.0
2004-05-31 00:00:00+05:30,77.88035583496094,79.47201538085938,76.26316833496094,77.08027648925781,62.39216232299805,2140253,0.0,0.0
2004-06-01 00:00:00+05:30,78.29742431640625,80.85939025878906,77.88035583496094,79.64649963378906,64.4693832397461,1794944,0.0,0.0
2004-06-02 00:00:00+05:30,79.15708923339844,83.83841705322266,79.15708923339844,83.10643005371094,67.27000427246094,3306003,0.0,0.0
2004-06-03 00:00:00+05:30,83.32772827148438,85.11514282226562,81.88076782226562,82.6297836303711,66.88420104980469,2220521,0.0,0.0
2004-06-04 00:00:00+05:30,82.55743408203125,83.83841705322266,81.07217407226562,83.14472961425781,67.30098724365234,1058225,0.0,0.0
2004-06-07 00:00:00+05:30,84.26399230957031,85.11514282226562,81.795654296875,83.00428771972656,67.18733215332031,1491050,0.0,0.0
2004-06-08 00:00:00+05:30,83.412841796875,83.412841796875,81.54031372070312,82.199951171875,66.5362548828125,811735,0.0,0.0
2004-06-09 00:00:00+05:30,82.13611602783203,83.23410034179688,81.37433624267578,81.54031372070312,66.0023193359375,1059670,0.0,0.0
2004-06-10 00:00:00+05:30,80.18698120117188,81.52328491210938,80.14442443847656,80.4593505859375,65.12734985351562,1127073,0.0,0.0
2004-06-11 00:00:00+05:30,80.178466796875,81.11048126220703,78.98685455322266,79.36135864257812,64.23857879638672,879126,0.0,0.0
2004-06-14 00:00:00+05:30,78.3059310913086,84.26399230957031,76.69725799560547,80.17420959472656,64.89653778076172,715172,0.0,0.0
2004-06-15 00:00:00+05:30,80.85939025878906,82.34890747070312,79.2507095336914,82.0510025024414,66.41567993164062,603864,0.0,0.0
2004-06-16 00:00:00+05:30,82.13611602783203,82.72766876220703,80.87215423583984,81.26368713378906,65.77841186523438,425834,0.0,0.0
2004-06-17 00:00:00+05:30,81.71054077148438,82.55743408203125,79.15708923339844,80.18698120117188,64.9068603515625,756539,0.0,0.0
2004-06-18 00:00:00+05:30,80.00823974609375,80.66362762451172,77.69310760498047,78.23783874511719,63.32914352416992,1710095,0.0,0.0
2004-06-21 00:00:00+05:30,78.3059310913086,81.28496551513672,77.88461303710938,80.68915557861328,65.31336212158203,1040132,0.0,0.0
2004-06-22 00:00:00+05:30,80.77427673339844,81.96588134765625,78.8166275024414,81.795654296875,66.2090072631836,872547,0.0,0.0
2004-06-23 00:00:00+05:30,80.85939025878906,82.56169128417969,79.07196807861328,79.33157348632812,64.2144546508789,1223800,0.0,0.0
2004-06-24 00:00:00+05:30,79.15708923339844,80.4338150024414,78.64639282226562,79.57840728759766,64.41426849365234,2210805,0.0,0.0
2004-06-25 00:00:00+05:30,79.5826644897461,83.08089447021484,79.5826644897461,82.78298950195312,67.00821685791016,1481545,0.0,0.0
2004-06-28 00:00:00+05:30,83.1574935913086,87.24302673339844,83.1574935913086,86.617431640625,70.11195373535156,1377815,0.0,0.0
2004-06-29 00:00:00+05:30,85.11514282226562,87.24302673339844,84.6938247680664,86.23866271972656,69.80535888671875,843903,0.0,0.0
2004-06-30 00:00:00+05:30,85.96629333496094,87.6686019897461,84.4384765625,84.85128784179688,68.6823501586914,1249577,0.0,0.0
2004-07-01 00:00:00+05:30,85.54072570800781,85.96629333496094,85.11514282226562,85.94501495361328,69.56768035888672,851446,0.0,0.0
2004-07-02 00:00:00+05:30,84.26399230957031,87.6686019897461,84.26399230957031,87.40899658203125,70.752685546875,1375877,0.0,0.0
2004-07-05 00:00:00+05:30,87.75371551513672,89.1921615600586,87.25153350830078,88.08566284179688,71.3004150390625,1286422,0.0,0.0
2004-07-06 00:00:00+05:30,87.6686019897461,92.60527801513672,87.6686019897461,92.2520523071289,74.67288208007812,3112630,0.0,0.0
2004-07-07 00:00:00+05:30,91.92435455322266,96.06946563720703,91.24343872070312,95.137451171875,77.00843811035156,4706248,0.0,0.0
2004-07-08 00:00:00+05:30,95.7545394897461,97.87390899658203,89.45601654052734,93.0478744506836,75.31707000732422,3301950,0.0,0.0
2004-07-09 00:00:00+05:30,92.681884765625,92.681884765625,86.13652801513672,92.04777526855469,74.50752258300781,1277845,0.0,0.0
2004-07-12 00:00:00+05:30,90.2305679321289,93.28620147705078,90.2305679321289,92.13714599609375,74.57986450195312,1033000,0.0,0.0
2004-07-13 00:00:00+05:30,108.09623718261719,108.09623718261719,90.64337158203125,91.4009017944336,73.9839096069336,1915475,0.0,0.0
2004-07-14 00:00:00+05:30,90.22205352783203,91.83924102783203,88.34951782226562,90.06033325195312,72.89879608154297,826503,0.0,0.0
2004-07-15 00:00:00+05:30,90.20503234863281,94.47781372070312,89.80073547363281,93.10746002197266,75.36528015136719,1085083,0.0,0.0
2004-07-16 00:00:00+05:30,91.07320404052734,93.20108795166016,90.34972381591797,92.62229919433594,76.12073516845703,1452937,1.4044,0.0
2004-07-19 00:00:00+05:30,92.7755126953125,93.54154205322266,91.26897430419922,91.74136352539062,75.3967514038086,868505,0.0,0.0
2004-07-20 00:00:00+05:30,92.60527801513672,92.60527801513672,89.881591796875,90.18375396728516,74.11664581298828,2391818,0.0,0.0
2004-07-21 00:00:00+05:30,90.22205352783203,91.07320404052734,88.86021423339844,89.8134994506836,73.81237030029297,976253,0.0,0.0
2004-07-22 00:00:00+05:30,90.22205352783203,91.30301666259766,90.22205352783203,90.51570129394531,74.38948059082031,1503375,0.0,0.0
2004-07-23 00:00:00+05:30,89.80073547363281,90.64762878417969,88.94532775878906,89.79647827148438,73.79837036132812,723220,0.0,0.0
2004-07-26 00:00:00+05:30,89.37090301513672,90.66890716552734,88.95809173583984,90.17098236083984,74.10615539550781,1181822,0.0,0.0
2004-07-27 00:00:00+05:30,90.64762878417969,92.34992980957031,89.54113006591797,90.71146392822266,74.55034637451172,1290651,0.0,0.0
2004-07-28 00:00:00+05:30,90.64762878417969,90.98809051513672,89.79647827148438,90.23482513427734,74.15863037109375,1392760,0.0,0.0
2004-07-29 00:00:00+05:30,90.22205352783203,91.19236755371094,89.77945709228516,90.75402069091797,74.5853271484375,1549336,0.0,0.0
2004-07-30 00:00:00+05:30,91.92435455322266,94.28630065917969,90.65614318847656,93.7756118774414,77.06858825683594,2043420,0.0,0.0
2004-08-02 00:00:00+05:30,93.07341003417969,93.115966796875,90.64762878417969,91.09022521972656,74.86161804199219,1324053,0.0,0.0
2004-08-03 00:00:00+05:30,90.22205352783203,91.31153106689453,88.1026840209961,88.43888854980469,72.68265533447266,1712174,0.0,0.0
2004-08-04 00:00:00+05:30,88.68997955322266,89.61773681640625,86.47698974609375,86.97065734863281,71.47599029541016,2389574,0.0,0.0
2004-08-05 00:00:00+05:30,87.24302673339844,88.94532775878906,86.81745147705078,88.3324966430664,72.59522247314453,1211406,0.0,0.0
2004-08-06 00:00:00+05:30,87.83882904052734,90.39228820800781,87.75371551513672,89.67731475830078,73.70044708251953,1682074,0.0,0.0
2004-08-09 00:00:00+05:30,89.37090301513672,94.3927001953125,88.79637908935547,93.63516998291016,76.95317077636719,3221870,0.0,0.0
2004-08-10 00:00:00+05:30,94.47781372070312,100.01029968261719,92.20098114013672,93.9500961303711,77.21199798583984,3260371,0.0,0.0
2004-08-11 00:00:00+05:30,95.32896423339844,97.35470581054688,93.71177673339844,95.39705657958984,78.40116119384766,4102701,0.0,0.0
2004-08-12 00:00:00+05:30,95.7545394897461,96.86103820800781,92.11161041259766,92.86913299560547,76.3236083984375,2313113,0.0,0.0
2004-08-13 00:00:00+05:30,92.34992980957031,95.66942596435547,92.34992980957031,93.45642852783203,76.8062973022461,1706746,0.0,0.0
2004-08-16 00:00:00+05:30,93.62666320800781,95.32896423339844,92.80104064941406,94.3246078491211,77.51979064941406,1311587,0.0,0.0
2004-08-17 00:00:00+05:30,95.32896423339844,96.42694854736328,93.80965423583984,94.41397857666016,77.59323120117188,1327119,0.0,0.0
2004-08-18 00:00:00+05:30,94.56292724609375,95.05659484863281,93.20533752441406,93.82242584228516,77.10706329345703,878222,0.0,0.0
2004-08-19 00:00:00+05:30,94.90338897705078,96.18011474609375,94.21395874023438,96.04818725585938,78.93627166748047,1234034,0.0,0.0
2004-08-20 00:00:00+05:30,95.43109893798828,97.28661346435547,94.9885025024414,96.40141296386719,79.2265853881836,1429252,0.0,0.0
2004-08-23 00:00:00+05:30,96.94615173339844,97.68665313720703,95.66942596435547,96.04818725585938,78.93627166748047,842940,0.0,0.0
2004-08-24 00:00:00+05:30,95.86518859863281,98.13776397705078,95.86518859863281,97.75900268554688,80.3423080444336,1089441,0.0,0.0
2004-08-25 00:00:00+05:30,96.19713592529297,98.73356628417969,96.19713592529297,97.87390899658203,80.43675994873047,987885,0.0,0.0
2004-08-26 00:00:00+05:30,98.30799102783203,101.27851104736328,97.88667297363281,100.44863891601562,82.55274200439453,2253112,0.0,0.0
2004-08-27 00:00:00+05:30,99.58472442626953,99.58472442626953,97.12489318847656,97.8696517944336,80.4332275390625,1875318,0.0,0.0
2004-08-30 00:00:00+05:30,97.88241577148438,101.09976959228516,97.88241577148438,100.41033935546875,82.5212631225586,1910741,0.0,0.0
2004-08-31 00:00:00+05:30,100.01029968261719,100.43587493896484,98.56759643554688,100.30819702148438,82.43734741210938,1656450,0.0,0.0
2004-09-01 00:00:00+05:30,100.43587493896484,101.43171691894531,100.01029968261719,100.70398712158203,82.76261138916016,761239,0.0,0.0
2004-09-02 00:00:00+05:30,100.01029968261719,101.4572525024414,98.90380096435547,99.80602264404297,82.02464294433594,1440166,0.0,0.0
2004-09-03 00:00:00+05:30,99.26128387451172,101.03167724609375,99.26128387451172,100.37628936767578,82.49331665039062,920047,0.0,0.0
2004-09-06 00:00:00+05:30,100.43587493896484,102.56375122070312,100.43587493896484,102.23605346679688,84.021728515625,1442680,0.0,0.0
2004-09-07 00:00:00+05:30,102.24031066894531,103.0744400024414,101.03167724609375,101.35936737060547,83.30121612548828,1585510,0.0,0.0
2004-09-08 00:00:00+05:30,101.37213897705078,102.0488052368164,100.8614501953125,101.39767456054688,83.33267974853516,838957,0.0,0.0
2004-09-09 00:00:00+05:30,102.13817596435547,102.13817596435547,100.52949523925781,100.94656372070312,82.96194458007812,966608,0.0,0.0
2004-09-10 00:00:00+05:30,100.6061019897461,101.4572525024414,100.21031951904297,100.72100830078125,82.77659606933594,850835,0.0,0.0
2004-09-13 00:00:00+05:30,101.28702545166016,102.39351654052734,100.52098846435547,100.77207946777344,82.81857299804688,708968,0.0,0.0
2004-09-14 00:00:00+05:30,101.201904296875,102.13817596435547,100.09541320800781,101.76366424560547,83.63349914550781,1016799,0.0,0.0
2004-09-15 00:00:00+05:30,102.13817596435547,103.0744400024414,101.57215881347656,102.25308227539062,84.03573608398438,2039907,0.0,0.0
2004-09-16 00:00:00+05:30,102.18073272705078,105.0916748046875,101.38916015625,104.72567749023438,86.06779479980469,2275869,0.0,0.0
2004-09-17 00:00:00+05:30,104.78951263427734,105.54703521728516,103.9341049194336,105.10869598388672,86.38257598876953,2007539,0.0,0.0
2004-09-20 00:00:00+05:30,105.11720275878906,106.81951141357422,104.64481353759766,106.49181365966797,87.519287109375,2750074,0.0,0.0
2004-09-21 00:00:00+05:30,104.77674865722656,110.47520446777344,104.72142028808594,109.3261489868164,89.84864044189453,3401286,0.0,0.0
2004-09-22 00:00:00+05:30,109.88365173339844,110.05388641357422,106.48755645751953,107.3046646118164,88.18731689453125,2859761,0.0,0.0
2004-09-23 00:00:00+05:30,107.24508666992188,109.35594177246094,106.22795867919922,106.8067398071289,87.77810668945312,2503702,0.0,0.0
2004-09-24 00:00:00+05:30,106.81951141357422,108.50479125976562,106.81951141357422,107.2621078491211,88.15234375,845184,0.0,0.0
2004-09-27 00:00:00+05:30,108.08772277832031,111.04972839355469,107.46212768554688,110.07941436767578,90.46771240234375,2245076,0.0,0.0
2004-09-28 00:00:00+05:30,108.52181243896484,111.10079956054688,108.52181243896484,109.97727966308594,90.38378143310547,1900531,0.0,0.0
2004-09-29 00:00:00+05:30,109.62831115722656,112.35198974609375,109.37296295166016,111.9689712524414,92.02062225341797,1276776,0.0,0.0
2004-09-30 00:00:00+05:30,112.35198974609375,116.60774993896484,111.50509643554688,115.43315887451172,94.86764526367188,3133437,0.0,0.0
2004-10-01 00:00:00+05:30,114.13941192626953,118.73562622070312,114.13941192626953,117.75254821777344,96.77378845214844,3485772,0.0,0.0
2004-10-04 00:00:00+05:30,118.98246002197266,119.84212493896484,117.45890045166016,118.11428833007812,97.07109832763672,2406962,0.0,0.0
2004-10-05 00:00:00+05:30,118.3951644897461,118.72711944580078,116.22898864746094,116.75244903564453,95.95188903808594,995052,0.0,0.0
2004-10-06 00:00:00+05:30,117.45890045166016,118.31005096435547,114.99481964111328,115.56934356689453,94.97956848144531,1454511,0.0,0.0
2004-10-07 00:00:00+05:30,116.92267608642578,118.31005096435547,116.02045440673828,116.8162841796875,96.00433349609375,1518824,0.0,0.0
2004-10-08 00:00:00+05:30,117.4120864868164,117.70573425292969,115.9693832397461,116.4375228881836,95.69306945800781,925346,0.0,0.0
2004-10-11 00:00:00+05:30,116.60774993896484,117.37378692626953,114.0542984008789,114.30113220214844,93.93730926513672,867836,0.0,0.0
2004-10-12 00:00:00+05:30,115.33102416992188,116.5098648071289,112.52648162841797,113.00737762451172,92.8740463256836,1614213,0.0,0.0
2004-10-13 00:00:00+05:30,113.00737762451172,113.00737762451172,113.00737762451172,113.00737762451172,92.8740463256836,0,0.0,0.0
2004-10-14 00:00:00+05:30,110.64968872070312,110.64968872070312,102.73823547363281,105.34701538085938,86.57843780517578,5203539,0.0,0.0
2004-10-15 00:00:00+05:30,105.54277801513672,107.67066192626953,105.11720275878906,105.91728973388672,87.04711151123047,2067129,0.0,0.0
2004-10-18 00:00:00+05:30,106.73439025878906,107.58554077148438,105.21083068847656,105.7811050415039,86.9351806640625,872770,0.0,0.0
2004-10-19 00:00:00+05:30,107.57703399658203,107.57703399658203,105.20231628417969,106.13007354736328,87.22197723388672,2601910,0.0,0.0
2004-10-20 00:00:00+05:30,107.0748519897461,107.0748519897461,104.47884368896484,105.10869598388672,86.38257598876953,2625936,0.0,0.0
2004-10-21 00:00:00+05:30,104.86186218261719,104.95548248291016,103.67024993896484,104.6618423461914,86.01535034179688,852621,0.0,0.0
2004-10-22 00:00:00+05:30,104.6618423461914,104.6618423461914,104.6618423461914,104.6618423461914,86.01535034179688,0,0.0,0.0
2004-10-25 00:00:00+05:30,103.17658233642578,104.07879638671875,99.92517852783203,103.09146881103516,84.72474670410156,1652338,0.0,0.0
2004-10-26 00:00:00+05:30,102.56375122070312,107.15996551513672,100.52098846435547,106.74290466308594,87.72562408447266,1873838,0.0,0.0
2004-10-27 00:00:00+05:30,106.47904968261719,107.50042724609375,105.55554962158203,106.47053527832031,87.50180053710938,848568,0.0,0.0
2004-10-28 00:00:00+05:30,106.39392852783203,106.90462493896484,104.0277328491211,104.41075134277344,85.80899047851562,1775841,0.0,0.0
2004-10-29 00:00:00+05:30,102.572265625,103.66173553466797,100.18052673339844,101.04869842529297,83.04591369628906,2150674,0.0,0.0
2004-11-01 00:00:00+05:30,100.43587493896484,103.58087921142578,99.59323120117188,103.23616027832031,84.84365844726562,1550440,0.0,0.0
2004-11-02 00:00:00+05:30,103.8404769897461,104.6916275024414,103.67024993896484,104.34265899658203,85.75302124023438,1605331,0.0,0.0
2004-11-03 00:00:00+05:30,102.4105453491211,106.00666046142578,102.4105453491211,105.77259063720703,86.92818450927734,1353754,0.0,0.0
2004-11-04 00:00:00+05:30,106.39392852783203,109.71342468261719,106.39392852783203,108.72183227539062,89.35198211669922,2210887,0.0,0.0
2004-11-05 00:00:00+05:30,108.9473876953125,109.6368179321289,107.69619750976562,109.01122283935547,89.58982849121094,979919,0.0,0.0
2004-11-08 00:00:00+05:30,108.9473876953125,110.67096710205078,108.9473876953125,109.6070327758789,90.0794906616211,1330996,0.0,0.0
2004-11-09 00:00:00+05:30,108.26646423339844,111.9264144897461,108.26646423339844,109.42403411865234,89.92910766601562,2798926,0.0,0.0
2004-11-10 00:00:00+05:30,108.42818450927734,110.47946166992188,108.42818450927734,110.05813598632812,90.45023345947266,2323992,0.0,0.0
2004-11-11 00:00:00+05:30,110.22411346435547,111.50083923339844,109.56021881103516,110.38157653808594,90.71603393554688,1857836,0.0,0.0
2004-11-12 00:00:00+05:30,110.23262786865234,110.99015045166016,109.82833099365234,110.03685760498047,90.4327392578125,116454,0.0,0.0
2004-11-15 00:00:00+05:30,110.03685760498047,110.03685760498047,110.03685760498047,110.03685760498047,90.4327392578125,0,0.0,0.0
2004-11-16 00:00:00+05:30,109.79853820800781,110.22411346435547,108.31327819824219,109.62831115722656,90.09697723388672,1123936,0.0,0.0
2004-11-17 00:00:00+05:30,110.64968872070312,110.8199234008789,108.61544036865234,109.08782958984375,89.65280151367188,869187,0.0,0.0
2004-11-18 00:00:00+05:30,108.77715301513672,110.05388641357422,108.1132583618164,109.70065307617188,90.15642547607422,1539220,0.0,0.0
2004-11-19 00:00:00+05:30,110.22411346435547,110.5645751953125,108.6920394897461,108.98143005371094,89.5653305053711,1564163,0.0,0.0
2004-11-22 00:00:00+05:30,107.24508666992188,109.24529266357422,107.24508666992188,108.73885345458984,89.3659896850586,1078867,0.0,0.0
2004-11-23 00:00:00+05:30,109.37296295166016,109.65809631347656,108.09623718261719,109.5134048461914,90.00254821777344,1210125,0.0,0.0
2004-11-24 00:00:00+05:30,109.79853820800781,110.38583374023438,108.99420166015625,109.69640350341797,90.15294647216797,825681,0.0,0.0
2004-11-25 00:00:00+05:30,110.47946166992188,110.64968872070312,108.52181243896484,108.99845886230469,89.57936096191406,1162613,0.0,0.0
2004-11-26 00:00:00+05:30,108.99845886230469,108.99845886230469,108.99845886230469,108.99845886230469,89.57936096191406,0,0.0,0.0
2004-11-29 00:00:00+05:30,110.05388641357422,110.64968872070312,108.86227416992188,109.42403411865234,89.92910766601562,930680,0.0,0.0
2004-11-30 00:00:00+05:30,110.5645751953125,112.69245147705078,110.4964828491211,111.37742614746094,91.53447723388672,4414431,0.0,0.0
2004-12-01 00:00:00+05:30,111.9264144897461,113.27974700927734,111.50083923339844,112.10515594482422,92.1325454711914,2125508,0.0,0.0
2004-12-02 00:00:00+05:30,112.38178253173828,114.6330795288086,112.38178253173828,114.0159912109375,93.70295715332031,1775653,0.0,0.0
2004-12-03 00:00:00+05:30,114.64584350585938,114.64584350585938,111.78172302246094,112.275390625,92.27246856689453,1453149,0.0,0.0
2004-12-06 00:00:00+05:30,112.3690185546875,112.7775650024414,108.7345962524414,110.53052520751953,90.83845520019531,2175558,0.0,0.0
2004-12-07 00:00:00+05:30,112.35198974609375,112.35198974609375,111.07526397705078,111.79874420166016,91.88072967529297,900826,0.0,0.0
2004-12-08 00:00:00+05:30,111.1603775024414,112.50945281982422,111.1603775024414,112.16048431396484,92.17801666259766,1193771,0.0,0.0
2004-12-09 00:00:00+05:30,111.50083923339844,112.30943298339844,110.24113464355469,110.7135238647461,90.98885345458984,1067283,0.0,0.0
2004-12-10 00:00:00+05:30,109.79853820800781,110.87950134277344,108.86227416992188,109.38147735595703,89.89412689208984,1304045,0.0,0.0
2004-12-13 00:00:00+05:30,109.37296295166016,109.5431900024414,106.3088150024414,107.52596282958984,88.36919403076172,3029237,0.0,0.0
2004-12-14 00:00:00+05:30,108.01112365722656,109.53042602539062,107.58554077148438,108.22390747070312,88.94278717041016,2783593,0.0,0.0
2004-12-15 00:00:00+05:30,108.86227416992188,110.64968872070312,108.77715301513672,110.39859771728516,90.73004150390625,1428723,0.0,0.0
2004-12-16 00:00:00+05:30,110.64968872070312,111.84130096435547,109.88365173339844,110.3517837524414,90.69158172607422,2105911,0.0,0.0
2004-12-17 00:00:00+05:30,110.7560806274414,111.75618743896484,110.22411346435547,110.470947265625,90.78948974609375,1423659,0.0,0.0
2004-12-20 00:00:00+05:30,110.64968872070312,111.33061218261719,109.28784942626953,111.07952117919922,91.28965759277344,771225,0.0,0.0
2004-12-21 00:00:00+05:30,111.5221176147461,112.7775650024414,111.1178207397461,112.22431945800781,92.23048400878906,2088594,0.0,0.0
2004-12-22 00:00:00+05:30,112.1817626953125,114.0542984008789,109.79853820800781,110.46243286132812,90.78248596191406,1550805,0.0,0.0
2004-12-23 00:00:00+05:30,110.5645751953125,114.03726959228516,110.5645751953125,113.48402404785156,93.2657470703125,3305016,0.0,0.0
2004-12-24 00:00:00+05:30,114.47987365722656,114.8203353881836,113.28826141357422,113.6074447631836,93.3671875,1139409,0.0,0.0
2004-12-27 00:00:00+05:30,111.9391860961914,114.8203353881836,111.9391860961914,112.84565734863281,92.74113464355469,1063958,0.0,0.0
2004-12-28 00:00:00+05:30,113.7989501953125,117.01204681396484,113.03717041015625,116.59923553466797,95.82596588134766,1959768,0.0,0.0
2004-12-29 00:00:00+05:30,116.86309814453125,121.1954574584961,116.86309814453125,120.32302856445312,98.8863296508789,3308294,0.0,0.0
2004-12-30 00:00:00+05:30,121.20396423339844,125.53633117675781,119.58677673339844,123.3403549194336,101.36610412597656,5504190,0.0,0.0
2004-12-31 00:00:00+05:30,124.69368743896484,124.92350006103516,120.43792724609375,121.09331512451172,99.51937866210938,2657787,0.0,0.0
2005-01-03 00:00:00+05:30,121.71466064453125,126.82156372070312,120.4847412109375,122.82540893554688,100.94288635253906,3081178,0.0,0.0
2005-01-04 00:00:00+05:30,126.7364501953125,127.64718627929688,120.4847412109375,121.11885070800781,99.54037475585938,2588058,0.0,0.0
2005-01-05 00:00:00+05:30,120.86351013183594,120.86351013183594,114.90544891357422,116.28005981445312,95.56365966796875,3242301,0.0,0.0
2005-01-06 00:00:00+05:30,110.8199234008789,115.74808502197266,110.74331665039062,112.94779968261719,92.82506561279297,2134132,0.0,0.0
2005-01-07 00:00:00+05:30,112.4371109008789,114.03302001953125,112.35198974609375,112.85842895507812,92.75161743164062,1051328,0.0,0.0
2005-01-10 00:00:00+05:30,113.62872314453125,114.46284484863281,110.3092269897461,110.84545135498047,91.0972671508789,1539831,0.0,0.0
2005-01-11 00:00:00+05:30,110.23262786865234,112.35198974609375,105.25764465332031,106.10453796386719,87.20098876953125,2603496,0.0,0.0
2005-01-12 00:00:00+05:30,106.47904968261719,107.24508666992188,104.26605224609375,105.59810638427734,86.7847900390625,1367723,0.0,0.0
2005-01-13 00:00:00+05:30,105.7130126953125,108.09623718261719,105.54277801513672,107.3982925415039,88.2642593383789,1436771,0.0,0.0
2005-01-14 00:00:00+05:30,103.92559051513672,107.9260025024414,103.92559051513672,106.13858795166016,87.22898864746094,1655757,0.0,0.0
2005-01-17 00:00:00+05:30,106.39392852783203,106.39392852783203,103.67875671386719,105.75982666015625,86.91769409179688,3352493,0.0,0.0
2005-01-18 00:00:00+05:30,108.52181243896484,109.88365173339844,105.11720275878906,109.36019134521484,89.87662506103516,3318915,0.0,0.0
2005-01-19 00:00:00+05:30,109.77300262451172,109.77300262451172,107.67066192626953,108.45797729492188,89.13514709472656,1197624,0.0,0.0
2005-01-20 00:00:00+05:30,107.24508666992188,108.9473876953125,105.73003387451172,107.15145874023438,88.0614242553711,1764550,0.0,0.0
2005-01-24 00:00:00+05:30,107.58554077148438,107.75577545166016,105.03208923339844,105.7385482788086,86.90022277832031,2293422,0.0,0.0
2005-01-25 00:00:00+05:30,108.52181243896484,108.52181243896484,104.01496124267578,106.5216064453125,87.54376220703125,1886667,0.0,0.0
2005-01-27 00:00:00+05:30,108.6920394897461,110.3092269897461,107.24508666992188,108.05368041992188,88.80289459228516,3560987,0.0,0.0
2005-01-28 00:00:00+05:30,109.79853820800781,110.22411346435547,108.52181243896484,109.65809631347656,90.12145233154297,1568334,0.0,0.0
2005-01-31 00:00:00+05:30,114.73521423339844,114.73521423339844,110.24539184570312,110.73480224609375,91.0063247680664,3321641,0.0,0.0
2005-02-01 00:00:00+05:30,111.58595275878906,113.71383666992188,111.09654235839844,113.28400421142578,93.10137939453125,2151802,0.0,0.0
2005-02-02 00:00:00+05:30,113.88406372070312,117.16099548339844,113.45848846435547,116.1991958618164,95.49720764160156,4823019,0.0,0.0
2005-02-03 00:00:00+05:30,116.60774993896484,117.85894012451172,115.75659942626953,116.99076843261719,96.14774322509766,1839273,0.0,0.0
2005-02-04 00:00:00+05:30,117.45890045166016,118.73988342285156,116.22898864746094,118.1270523071289,97.08160400390625,2917671,0.0,0.0
2005-02-07 00:00:00+05:30,118.73137664794922,118.98246002197266,115.33102416992188,116.51412200927734,95.75602722167969,1313350,0.0,0.0
2005-02-08 00:00:00+05:30,115.50125122070312,119.33143615722656,115.24591064453125,117.64189910888672,96.68287658691406,2915697,0.0,0.0
2005-02-09 00:00:00+05:30,118.31005096435547,118.71009063720703,116.86309814453125,117.19930267333984,96.3191146850586,940185,0.0,0.0
2005-02-10 00:00:00+05:30,117.11843872070312,117.37378692626953,115.02035522460938,115.66297149658203,95.05650329589844,556140,0.0,0.0
2005-02-11 00:00:00+05:30,115.66297149658203,117.45890045166016,115.66297149658203,116.6545639038086,95.8714370727539,927872,0.0,0.0
2005-02-14 00:00:00+05:30,116.6545639038086,118.73562622070312,116.6545639038086,117.51847839355469,96.5814437866211,1565009,0.0,0.0
2005-02-15 00:00:00+05:30,117.88447570800781,118.13982391357422,115.51827239990234,116.58647155761719,95.81546783447266,1862794,0.0,0.0
2005-02-16 00:00:00+05:30,116.7779769897461,119.33143615722656,116.65030670166016,118.10152435302734,97.06060791015625,3369882,0.0,0.0
2005-02-17 00:00:00+05:30,117.37378692626953,117.37378692626953,114.74372863769531,116.52689361572266,95.76652526855469,1180588,0.0,0.0
2005-02-18 00:00:00+05:30,116.30133819580078,118.82074737548828,116.30133819580078,117.09716033935547,96.23519134521484,1243632,0.0,0.0
2005-02-21 00:00:00+05:30,117.88447570800781,118.31005096435547,114.90544891357422,116.2247314453125,95.51817321777344,1399386,0.0,0.0
2005-02-22 00:00:00+05:30,116.60774993896484,116.60774993896484,115.16930389404297,115.61190032958984,95.01451873779297,786405,0.0,0.0
2005-02-23 00:00:00+05:30,116.01194763183594,117.96958923339844,116.01194763183594,117.15674591064453,96.28414916992188,2814434,0.0,0.0
2005-02-24 00:00:00+05:30,117.2886734008789,117.96958923339844,115.78639221191406,117.01204681396484,96.16522979736328,3367191,0.0,0.0
2005-02-25 00:00:00+05:30,117.45890045166016,119.23780822753906,117.45890045166016,118.63349151611328,97.49781036376953,1735496,0.0,0.0
2005-02-28 00:00:00+05:30,121.2635498046875,121.2635498046875,117.0333251953125,118.57816314697266,97.45233154296875,1974619,0.0,0.0
2005-03-01 00:00:00+05:30,118.31005096435547,118.57816314697266,114.3947525024414,114.96076965332031,94.47940063476562,2375006,0.0,0.0
2005-03-02 00:00:00+05:30,114.90544891357422,116.86309814453125,114.90544891357422,115.96087646484375,95.30133819580078,975325,0.0,0.0
2005-03-03 00:00:00+05:30,116.18217468261719,117.45890045166016,116.01194763183594,117.1014175415039,96.23868560791016,1209490,0.0,0.0
2005-03-04 00:00:00+05:30,116.60774993896484,120.01235961914062,116.19068908691406,119.42506408691406,98.1483383178711,2945174,0.0,0.0
2005-03-07 00:00:00+05:30,119.58677673339844,122.1402359008789,119.16120147705078,120.55709075927734,99.07870483398438,2266306,0.0,0.0
2005-03-08 00:00:00+05:30,120.86351013183594,124.18299865722656,119.60380554199219,123.82125854492188,101.76130676269531,2287125,0.0,0.0
2005-03-09 00:00:00+05:30,124.26811218261719,124.3106689453125,121.03373718261719,122.6679458618164,100.81346130371094,1349912,0.0,0.0
2005-03-10 00:00:00+05:30,121.79977416992188,123.24673461914062,121.45931243896484,122.19981384277344,100.42874145507812,810455,0.0,0.0
2005-03-11 00:00:00+05:30,121.71466064453125,122.90201568603516,121.03799438476562,121.62528991699219,99.95659637451172,913080,0.0,0.0
2005-03-14 00:00:00+05:30,121.54442596435547,124.69368743896484,121.03373718261719,123.8808364868164,101.81026458740234,2289510,0.0,0.0
2005-03-15 00:00:00+05:30,124.09788513183594,124.09788513183594,121.2890853881836,122.5019760131836,100.67709350585938,1642398,0.0,0.0
2005-03-16 00:00:00+05:30,122.56581115722656,123.64677429199219,122.1402359008789,122.83818054199219,100.9533920288086,1556303,0.0,0.0
2005-03-17 00:00:00+05:30,122.56581115722656,123.27226257324219,120.01235961914062,120.18258666992188,98.77090454101562,567231,0.0,0.0
2005-03-18 00:00:00+05:30,119.60380554199219,120.25067901611328,117.29718017578125,118.39942169189453,97.305419921875,844914,0.0,0.0
2005-03-21 00:00:00+05:30,117.45890045166016,118.63349151611328,116.69286346435547,117.28015899658203,96.38557434082031,1154224,0.0,0.0
2005-03-22 00:00:00+05:30,115.75659942626953,115.75659942626953,112.5605239868164,112.82437896728516,92.7236328125,2377109,0.0,0.0
2005-03-23 00:00:00+05:30,114.47987365722656,114.47987365722656,111.67532348632812,112.66266632080078,92.59074401855469,1233987,0.0,0.0
2005-03-24 00:00:00+05:30,112.35198974609375,112.86268615722656,110.64968872070312,111.79874420166016,91.88072967529297,1333828,0.0,0.0
2005-03-28 00:00:00+05:30,111.79874420166016,114.05004119873047,110.22411346435547,111.06675720214844,91.27914428710938,1414965,0.0,0.0
2005-03-29 00:00:00+05:30,112.7775650024414,112.7775650024414,108.09623718261719,109.17294311523438,89.72274017333984,580989,0.0,0.0
2005-03-30 00:00:00+05:30,108.09623718261719,109.88365173339844,108.09623718261719,109.18144989013672,89.7297134399414,426363,0.0,0.0
2005-03-31 00:00:00+05:30,110.64968872070312,111.58595275878906,107.84088897705078,110.27092742919922,90.6250991821289,1609008,0.0,0.0
2005-04-01 00:00:00+05:30,109.79853820800781,115.92682647705078,109.79853820800781,115.27569580078125,94.73822784423828,842822,0.0,0.0
2005-04-04 00:00:00+05:30,114.90544891357422,117.28441619873047,113.45848846435547,116.73967742919922,95.9413833618164,902518,0.0,0.0
2005-04-05 00:00:00+05:30,116.94821166992188,117.45039367675781,115.1607894897461,116.7779769897461,95.9728775024414,1521562,0.0,0.0
2005-04-06 00:00:00+05:30,116.26728820800781,117.44187927246094,115.34378814697266,116.51837921142578,95.75950622558594,398765,0.0,0.0
2005-04-07 00:00:00+05:30,120.01235961914062,121.70614624023438,115.07567596435547,116.20345306396484,95.50070190429688,341220,0.0,0.0
2005-04-08 00:00:00+05:30,116.60774993896484,116.94821166992188,114.0542984008789,114.57775115966797,94.16463470458984,377347,0.0,0.0
2005-04-11 00:00:00+05:30,114.90544891357422,115.322509765625,112.52222442626953,113.62872314453125,93.38468170166016,688479,0.0,0.0
2005-04-12 00:00:00+05:30,114.47987365722656,115.1607894897461,112.60733795166016,114.05854797363281,93.7379150390625,870761,0.0,0.0
2005-04-13 00:00:00+05:30,114.47987365722656,114.73096466064453,112.78607940673828,113.16909790039062,93.00695037841797,802947,0.0,0.0
2005-04-15 00:00:00+05:30,109.89216613769531,110.64968872070312,105.96835327148438,106.66204833984375,87.65918731689453,1776052,0.0,0.0
2005-04-18 00:00:00+05:30,106.39392852783203,106.39392852783203,102.83612060546875,105.01932525634766,86.30913543701172,1640248,0.0,0.0
2005-04-19 00:00:00+05:30,105.96835327148438,107.15996551513672,105.11720275878906,105.66619873046875,86.84076690673828,1300861,0.0,0.0
2005-04-20 00:00:00+05:30,105.54277801513672,107.41531372070312,105.32147979736328,106.64501953125,87.64521026611328,1390269,0.0,0.0
2005-04-21 00:00:00+05:30,107.65789031982422,108.09623718261719,105.56831359863281,107.57703399658203,88.41116333007812,1090745,0.0,0.0
2005-04-22 00:00:00+05:30,109.36019134521484,109.36019134521484,106.49181365966797,107.32594299316406,88.2048110961914,236397,0.0,0.0
2005-04-25 00:00:00+05:30,108.52181243896484,108.77715301513672,105.54277801513672,106.96420288085938,87.90750122070312,347317,0.0,0.0
2005-04-26 00:00:00+05:30,107.98558807373047,107.98558807373047,106.47904968261719,106.9259033203125,87.87602996826172,189284,0.0,0.0
2005-04-27 00:00:00+05:30,106.13858795166016,107.24933624267578,105.98963165283203,106.70460510253906,87.69416046142578,402901,0.0,0.0
2005-04-28 00:00:00+05:30,105.54277801513672,107.24508666992188,104.5299072265625,105.46617889404297,86.67636108398438,1910247,0.0,0.0
2005-04-29 00:00:00+05:30,105.11720275878906,106.30030822753906,100.35075378417969,100.96784210205078,82.97944641113281,1664615,0.0,0.0
2005-05-02 00:00:00+05:30,104.26605224609375,104.77674865722656,100.6061019897461,102.9510269165039,84.60932922363281,999375,0.0,0.0
2005-05-03 00:00:00+05:30,102.22754669189453,105.54277801513672,102.22754669189453,103.56385040283203,85.11295318603516,1825010,0.0,0.0
2005-05-04 00:00:00+05:30,103.75536346435547,104.42777252197266,102.81909942626953,103.45745849609375,85.02552795410156,619114,0.0,0.0
2005-05-05 00:00:00+05:30,104.18093872070312,104.94697570800781,101.71260070800781,102.22754669189453,84.01475524902344,1543332,0.0,0.0
2005-05-06 00:00:00+05:30,104.60651397705078,104.60651397705078,102.45735931396484,103.63619995117188,85.17241668701172,1878995,0.0,0.0
2005-05-09 00:00:00+05:30,103.92559051513672,104.68737030029297,103.43192291259766,103.89580535888672,85.3857650756836,1958441,0.0,0.0
2005-05-10 00:00:00+05:30,104.01071166992188,104.6916275024414,101.8189926147461,102.20201110839844,83.99374389648438,1333746,0.0,0.0
2005-05-11 00:00:00+05:30,102.2232894897461,103.61066436767578,100.8614501953125,102.9127197265625,84.57783508300781,785206,0.0,0.0
2005-05-12 00:00:00+05:30,102.98932647705078,104.42351531982422,102.56800842285156,103.30850982666016,84.90310668945312,854724,0.0,0.0
2005-05-13 00:00:00+05:30,101.29978942871094,104.18093872070312,101.29978942871094,103.05741882324219,84.69674682617188,370427,0.0,0.0
2005-05-16 00:00:00+05:30,104.60651397705078,104.6490707397461,102.81909942626953,103.64471435546875,85.17941284179688,366186,0.0,0.0
2005-05-17 00:00:00+05:30,103.7468490600586,104.0702896118164,102.15945434570312,102.82334899902344,84.5043716430664,713139,0.0,0.0
2005-05-18 00:00:00+05:30,102.69142150878906,102.69142150878906,99.66983795166016,100.01880645751953,82.19951629638672,809197,0.0,0.0
2005-05-19 00:00:00+05:30,102.05306243896484,102.05306243896484,98.73356628417969,99.36767578125,81.66438293457031,1204544,0.0,0.0
2005-05-20 00:00:00+05:30,101.96794128417969,101.96794128417969,98.2228775024414,98.81868743896484,81.21320343017578,509180,0.0,0.0
2005-05-23 00:00:00+05:30,99.58472442626953,101.28702545166016,98.30799102783203,98.64845275878906,81.07328033447266,1177123,0.0,0.0
2005-05-24 00:00:00+05:30,98.30799102783203,99.58472442626953,97.92922973632812,99.05274963378906,81.40555572509766,3164536,0.0,0.0
2005-05-25 00:00:00+05:30,99.15914154052734,99.8400650024414,98.39311218261719,98.96337890625,81.33209991455078,1336401,0.0,0.0
2005-05-26 00:00:00+05:30,98.73356628417969,100.34650421142578,98.39311218261719,98.8399658203125,81.23068237304688,2573314,0.0,0.0
2005-05-27 00:00:00+05:30,99.58472442626953,105.27892303466797,98.82293701171875,100.06562042236328,82.23798370361328,2608583,0.0,0.0
2005-05-30 00:00:00+05:30,100.43587493896484,101.28702545166016,96.0098876953125,96.44822692871094,79.26505279541016,2012344,0.0,0.0
2005-05-31 00:00:00+05:30,96.44822692871094,97.88241577148438,95.7545394897461,96.1077651977539,78.98524475097656,1663464,0.0,0.0
2005-06-01 00:00:00+05:30,96.18011474609375,97.00572967529297,94.60548400878906,94.85657501220703,77.95696258544922,1766841,0.0,0.0
2005-06-02 00:00:00+05:30,95.24385070800781,97.3717269897461,90.81786346435547,91.94563293457031,75.56465148925781,1290146,0.0,0.0
2005-06-03 00:00:00+05:30,93.45642852783203,95.32896423339844,91.28173828125,93.086181640625,76.50199890136719,756210,0.0,0.0
2005-06-06 00:00:00+05:30,95.15022277832031,95.66942596435547,91.66901397705078,92.11161041259766,75.70104217529297,1150911,0.0,0.0
2005-06-07 00:00:00+05:30,92.10309600830078,94.4480209350586,92.00947570800781,93.00531768798828,76.43553924560547,1128882,0.0,0.0
2005-06-08 00:00:00+05:30,93.54154205322266,95.31619262695312,93.54154205322266,95.107666015625,78.1633071899414,1480171,0.0,0.0
2005-06-09 00:00:00+05:30,95.32896423339844,97.4398193359375,94.9885025024414,96.73761749267578,79.50287628173828,1281781,0.0,0.0
2005-06-10 00:00:00+05:30,97.03126525878906,97.88241577148438,94.2309799194336,94.48207092285156,77.64918518066406,1106806,0.0,0.0
2005-06-13 00:00:00+05:30,95.32896423339844,95.7545394897461,93.8011474609375,94.35865020751953,77.54776000976562,526616,0.0,0.0
2005-06-14 00:00:00+05:30,94.15011596679688,96.69080352783203,93.88200378417969,95.32470703125,78.3416976928711,817727,0.0,0.0
2005-06-15 00:00:00+05:30,96.0098876953125,97.78878784179688,95.4736557006836,96.39715576171875,79.22306823730469,1099851,0.0,0.0
2005-06-16 00:00:00+05:30,97.88241577148438,97.88241577148438,95.34598541259766,95.56302642822266,78.53754425048828,907723,0.0,0.0
2005-06-17 00:00:00+05:30,95.916259765625,97.28661346435547,95.6353759765625,96.66101837158203,79.43992614746094,1313925,0.0,0.0
2005-06-20 00:00:00+05:30,97.03126525878906,101.11679077148438,96.86103820800781,100.88272857666016,82.90950775146484,2114300,0.0,0.0
2005-06-21 00:00:00+05:30,100.94656372070312,102.55523681640625,100.05711364746094,101.41895294189453,83.35017395019531,1760755,0.0,0.0
2005-06-22 00:00:00+05:30,99.66983795166016,102.13817596435547,99.66983795166016,100.63163757324219,82.70315551757812,975784,0.0,0.0
2005-06-23 00:00:00+05:30,100.50821685791016,102.05306243896484,100.01029968261719,101.6700439453125,83.55653381347656,918731,0.0,0.0
2005-06-24 00:00:00+05:30,101.62748718261719,104.30860900878906,101.62322998046875,102.92974853515625,84.59183502197266,2157230,0.0,0.0
2005-06-27 00:00:00+05:30,102.99358367919922,104.52140045166016,101.11679077148438,101.58493041992188,83.48661041259766,1108897,0.0,0.0
2005-06-28 00:00:00+05:30,102.30840301513672,102.4786376953125,100.69121551513672,101.8870849609375,83.73492431640625,1553519,0.0,0.0
2005-06-29 00:00:00+05:30,100.8614501953125,104.18093872070312,98.30799102783203,103.30850982666016,86.34574127197266,2636158,1.702303,0.0
2005-06-30 00:00:00+05:30,104.26605224609375,105.11720275878906,101.2912826538086,102.01475524902344,85.26441955566406,3488991,0.0,0.0
2005-07-01 00:00:00+05:30,102.56375122070312,103.58513641357422,100.8614501953125,101.27425384521484,84.6455307006836,1381328,0.0,0.0
2005-07-04 00:00:00+05:30,101.96794128417969,104.68737030029297,100.18052673339844,104.41925811767578,87.27413177490234,2315980,0.0,0.0
2005-07-05 00:00:00+05:30,104.69588470458984,107.236572265625,103.58513641357422,104.37245178222656,87.23501586914062,3132262,0.0,0.0
2005-07-06 00:00:00+05:30,106.30030822753906,107.96855926513672,104.69588470458984,106.98973846435547,89.42256927490234,2363128,0.0,0.0
2005-07-07 00:00:00+05:30,107.20252227783203,109.79853820800781,102.30840301513672,103.12976837158203,86.19636535644531,5101712,0.0,0.0
2005-07-08 00:00:00+05:30,104.01071166992188,106.3088150024414,102.90421295166016,103.56810760498047,86.5627212524414,2492576,0.0,0.0
2005-07-11 00:00:00+05:30,105.4576644897461,105.96835327148438,104.59375,105.32147979736328,88.02820587158203,1086645,0.0,0.0
2005-07-12 00:00:00+05:30,106.05347442626953,106.90462493896484,103.8404769897461,104.73418426513672,87.53734588623047,1345224,0.0,0.0
2005-07-13 00:00:00+05:30,107.24508666992188,107.62384796142578,104.6916275024414,104.81504821777344,87.60492706298828,1061232,0.0,0.0
2005-07-14 00:00:00+05:30,105.44915771484375,106.05347442626953,104.26605224609375,104.77674865722656,87.57291412353516,950829,0.0,0.0
2005-07-15 00:00:00+05:30,106.47904968261719,106.47904968261719,104.78099822998047,105.35127258300781,88.05310821533203,417152,0.0,0.0
2005-07-18 00:00:00+05:30,104.6916275024414,106.81951141357422,104.6916275024414,106.13433074951172,88.70757293701172,443011,0.0,0.0
2005-07-19 00:00:00+05:30,106.39392852783203,106.81951141357422,105.38957214355469,105.62789916992188,88.2843246459961,382646,0.0,0.0
2005-07-20 00:00:00+05:30,105.63214874267578,107.24508666992188,105.63214874267578,106.47479248046875,88.99214172363281,1377898,0.0,0.0
2005-07-21 00:00:00+05:30,106.47479248046875,108.18135070800781,105.97261047363281,106.93441772460938,89.37629699707031,1292437,0.0,0.0
2005-07-22 00:00:00+05:30,107.24508666992188,108.52181243896484,106.22370147705078,107.8962173461914,90.18017578125,1052715,0.0,0.0
2005-07-25 00:00:00+05:30,108.09623718261719,110.3092269897461,107.9260025024414,108.79418182373047,90.93071746826172,1636970,0.0,0.0
2005-07-26 00:00:00+05:30,108.9473876953125,109.79853820800781,106.47904968261719,109.27933502197266,91.33619689941406,1432083,0.0,0.0
2005-07-27 00:00:00+05:30,109.11761474609375,111.1603775024414,109.03250122070312,110.39009094238281,92.26458740234375,667061,0.0,0.0
2005-07-28 00:00:00+05:30,110.39009094238281,110.39009094238281,110.39009094238281,110.39009094238281,92.26458740234375,0,0.0,0.0
2005-07-29 00:00:00+05:30,110.73480224609375,111.9264144897461,106.02793884277344,107.43659210205078,89.7960433959961,2115075,0.0,0.0
2005-08-01 00:00:00+05:30,108.18135070800781,108.84524536132812,106.39818572998047,107.57703399658203,89.91341400146484,648122,0.0,0.0
2005-08-02 00:00:00+05:30,105.6747055053711,110.22411346435547,105.6747055053711,109.62405395507812,91.62431335449219,830780,0.0,0.0
2005-08-03 00:00:00+05:30,110.64968872070312,112.51371002197266,109.28784942626953,111.63276672363281,93.30321502685547,3004482,0.0,0.0
2005-08-04 00:00:00+05:30,109.79853820800781,113.62872314453125,109.79853820800781,113.51806640625,94.87896728515625,2258328,0.0,0.0
2005-08-05 00:00:00+05:30,113.88406372070312,115.92682647705078,113.88406372070312,114.45433807373047,95.66149139404297,1849518,0.0,0.0
2005-08-08 00:00:00+05:30,114.90544891357422,115.84171295166016,112.44987487792969,113.41167449951172,94.79000854492188,1614518,0.0,0.0
2005-08-09 00:00:00+05:30,114.0542984008789,115.33102416992188,112.35198974609375,114.15643310546875,95.4124984741211,2692963,0.0,0.0
2005-08-10 00:00:00+05:30,115.1607894897461,116.18217468261719,113.90534210205078,115.9821548461914,96.93843841552734,2153330,0.0,0.0
2005-08-11 00:00:00+05:30,116.60774993896484,118.22493743896484,115.85873413085938,117.07162475585938,97.84906005859375,1731289,0.0,0.0
2005-08-12 00:00:00+05:30,117.45890045166016,120.43792724609375,116.26728820800781,119.41654968261719,99.80892944335938,1984887,0.0,0.0
2005-08-16 00:00:00+05:30,119.58677673339844,121.71466064453125,118.73988342285156,121.34014892578125,101.41667938232422,1754153,0.0,0.0
2005-08-17 00:00:00+05:30,121.71466064453125,122.77434539794922,120.44218444824219,122.48494720458984,102.3735122680664,1220781,0.0,0.0
2005-08-18 00:00:00+05:30,123.41696166992188,124.217041015625,120.01235961914062,120.41665649414062,100.64482116699219,1243456,0.0,0.0
2005-08-19 00:00:00+05:30,120.86351013183594,121.20396423339844,118.73988342285156,119.18247985839844,99.6133041381836,716582,0.0,0.0
2005-08-22 00:00:00+05:30,119.58677673339844,120.86351013183594,118.31005096435547,118.73562622070312,99.23979949951172,1447685,0.0,0.0
2005-08-23 00:00:00+05:30,118.73562622070312,119.92723846435547,116.18217468261719,116.82904815673828,97.64627838134766,763694,0.0,0.0
2005-08-24 00:00:00+05:30,117.2886734008789,118.13982391357422,115.60765075683594,116.61200714111328,97.4648666381836,1258448,0.0,0.0
2005-08-25 00:00:00+05:30,117.45890045166016,119.41654968261719,116.6545639038086,117.92703247070312,98.5639877319336,1619746,0.0,0.0
2005-08-26 00:00:00+05:30,118.73562622070312,119.91873168945312,115.46295166015625,116.05024719238281,96.995361328125,2268468,0.0,0.0
2005-08-29 00:00:00+05:30,116.94821166992188,118.73562622070312,114.99481964111328,118.07173156738281,98.6849136352539,1057062,0.0,0.0
2005-08-30 00:00:00+05:30,123.41696166992188,123.41696166992188,120.01235961914062,120.82095336914062,100.98274993896484,1921937,0.0,10.0
2005-08-31 00:00:00+05:30,120.5230484008789,122.31046295166016,119.2037582397461,122.01256561279297,101.97869873046875,1180028,0.0,0.0
2005-09-01 00:00:00+05:30,123.37440490722656,124.05532836914062,121.37419891357422,121.84233093261719,101.83641052246094,1306582,0.0,0.0
2005-09-02 00:00:00+05:30,122.48069763183594,123.58718872070312,121.0762939453125,121.92744445800781,101.90755462646484,1359007,0.0,0.0
2005-09-05 00:00:00+05:30,122.99138641357422,127.58760070800781,122.56581115722656,125.71507263183594,105.07327270507812,2086840,0.0,0.0
2005-09-06 00:00:00+05:30,127.63015747070312,129.33245849609375,124.60857391357422,125.50228118896484,104.89540100097656,2090223,0.0,0.0
2005-09-08 00:00:00+05:30,126.05553436279297,127.24714660644531,124.90647888183594,125.41716766357422,104.82426452636719,1210948,0.0,0.0
2005-09-09 00:00:00+05:30,125.54483795166016,125.54483795166016,122.56581115722656,122.99138641357422,102.79679870605469,1250045,0.0,0.0
2005-09-12 00:00:00+05:30,123.58718872070312,125.54483795166016,123.58718872070312,124.48090362548828,104.0417251586914,1339183,0.0,0.0
2005-09-13 00:00:00+05:30,125.1192626953125,125.80018615722656,123.7574234008789,124.14044189453125,103.75717163085938,983306,0.0,0.0
2005-09-14 00:00:00+05:30,127.67272186279297,135.3330841064453,127.03435516357422,127.88550567626953,106.8873291015625,9363890,0.0,0.0
2005-09-15 00:00:00+05:30,129.33245849609375,131.6305694580078,129.1196746826172,130.43896484375,109.02151489257812,3967592,0.0,0.0
2005-09-16 00:00:00+05:30,131.84336853027344,132.77963256835938,130.22616577148438,131.2901153564453,109.73291015625,3186913,0.0,0.0
2005-09-19 00:00:00+05:30,132.26893615722656,136.18423461914062,132.26893615722656,135.97145080566406,113.64559936523438,4091725,0.0,0.0
2005-09-20 00:00:00+05:30,137.88653564453125,139.97186279296875,135.80120849609375,136.73748779296875,114.28582763671875,5561907,0.0,0.0
2005-09-21 00:00:00+05:30,137.88653564453125,139.16326904296875,127.58760070800781,132.26893615722656,110.55099487304688,5759967,0.0,0.0
2005-09-22 00:00:00+05:30,132.69451904296875,133.29031372070312,121.3316421508789,123.11905670166016,102.90350341796875,6766134,0.0,0.0
2005-09-23 00:00:00+05:30,124.77880096435547,128.01318359375,122.99138641357422,124.01277160644531,103.65047454833984,3954452,0.0,0.0
2005-09-26 00:00:00+05:30,125.1192626953125,128.52386474609375,125.1192626953125,128.09829711914062,107.065185546875,3494811,0.0,0.0
2005-09-27 00:00:00+05:30,128.69410705566406,129.71548461914062,126.31087493896484,127.28970336914062,106.38934326171875,2803446,0.0,0.0
2005-09-28 00:00:00+05:30,127.07691192626953,128.52386474609375,123.41696166992188,127.11946868896484,106.24707794189453,1730076,0.0,0.0
2005-09-29 00:00:00+05:30,127.67272186279297,128.26852416992188,124.48090362548828,125.28949737548828,104.71755981445312,3243259,0.0,0.0
2005-09-30 00:00:00+05:30,126.39598846435547,127.07691192626953,123.20417022705078,125.1192626953125,104.57527923583984,2401907,0.0,0.0
2005-10-03 00:00:00+05:30,126.1832046508789,129.75804138183594,125.1192626953125,128.99200439453125,107.81214141845703,3417006,0.0,0.0
2005-10-04 00:00:00+05:30,130.05593872070312,131.67312622070312,129.37501525878906,130.05593872070312,108.70137786865234,2284384,0.0,0.0
2005-10-05 00:00:00+05:30,130.22616577148438,130.43896484375,126.05553436279297,127.16202545166016,106.28262329101562,2192888,0.0,0.0
2005-10-06 00:00:00+05:30,126.82156372070312,126.82156372070312,123.5020751953125,124.26811218261719,103.86389923095703,2800835,0.0,0.0
2005-10-07 00:00:00+05:30,125.88529968261719,125.97041320800781,123.41696166992188,125.07670593261719,104.53971862792969,1358932,0.0,0.0
2005-10-10 00:00:00+05:30,125.80018615722656,125.80018615722656,121.16140747070312,121.54442596435547,101.58741760253906,2047874,0.0,0.0
2005-10-11 00:00:00+05:30,121.71466064453125,122.48069763183594,118.82074737548828,120.22514343261719,100.4847640991211,2391826,0.0,0.0
2005-10-13 00:00:00+05:30,120.86351013183594,120.86351013183594,115.79915618896484,116.4800796508789,97.3546142578125,2840823,0.0,0.0
2005-10-14 00:00:00+05:30,117.45890045166016,117.45890045166016,111.9264144897461,112.4371109008789,93.97547912597656,4252840,0.0,0.0
2005-10-17 00:00:00+05:30,113.96917724609375,114.0542984008789,108.64948272705078,110.26667022705078,92.16143035888672,3919082,0.0,0.0
2005-10-18 00:00:00+05:30,113.5861587524414,113.84150695800781,110.64968872070312,111.24549865722656,92.97952270507812,2339125,0.0,0.0
2005-10-19 00:00:00+05:30,109.79853820800781,111.45828247070312,106.39392852783203,108.01112365722656,90.2762222290039,2346569,0.0,0.0
2005-10-20 00:00:00+05:30,109.5431900024414,111.50083923339844,102.98932647705078,104.56395721435547,87.39505767822266,2664336,0.0,0.0
2005-10-21 00:00:00+05:30,105.88323974609375,106.2662582397461,101.88282775878906,105.4576644897461,88.14201354980469,3082698,0.0,0.0
2005-10-24 00:00:00+05:30,107.0748519897461,107.0748519897461,102.18073272705078,102.98932647705078,86.07896423339844,1574021,0.0,0.0
2005-10-25 00:00:00+05:30,104.56395721435547,105.75556945800781,103.0744400024414,104.22349548339844,87.1104965209961,1871537,0.0,0.0
2005-10-26 00:00:00+05:30,104.6916275024414,105.4576644897461,103.0318832397461,103.45745849609375,86.47025299072266,1416415,0.0,0.0
2005-10-27 00:00:00+05:30,105.20231628417969,105.20231628417969,100.52098846435547,101.32958221435547,84.6917724609375,3423646,0.0,0.0
2005-10-28 00:00:00+05:30,102.05306243896484,102.4786376953125,99.88262176513672,100.43587493896484,83.94478607177734,1317214,0.0,0.0
2005-10-31 00:00:00+05:30,100.43587493896484,100.43587493896484,95.88220977783203,97.58451843261719,81.56159973144531,4469425,0.0,0.0
2005-11-02 00:00:00+05:30,100.43587493896484,102.98932647705078,98.94635772705078,102.73397827148438,85.86555480957031,3350863,0.0,0.0
2005-11-04 00:00:00+05:30,102.73397827148438,102.73397827148438,102.73397827148438,102.73397827148438,85.86555480957031,0,0.0,0.0
2005-11-07 00:00:00+05:30,104.26605224609375,106.5216064453125,103.15955352783203,106.05347442626953,88.64000701904297,2988499,0.0,0.0
2005-11-08 00:00:00+05:30,106.81951141357422,108.30902099609375,105.96835327148438,106.5216064453125,89.03128051757812,2862461,0.0,0.0
2005-11-09 00:00:00+05:30,104.81930541992188,107.67066192626953,104.60651397705078,105.41510772705078,88.10646057128906,2228448,0.0,0.0
2005-11-10 00:00:00+05:30,106.22370147705078,112.13920593261719,105.11720275878906,111.20293426513672,92.94395446777344,5560972,0.0,0.0
2005-11-11 00:00:00+05:30,113.20314025878906,114.8203353881836,110.64968872070312,111.33061218261719,93.0506820678711,4464853,0.0,0.0
2005-11-14 00:00:00+05:30,111.84130096435547,114.69265747070312,110.22411346435547,111.03270721435547,92.80167388916016,6037301,0.0,0.0
2005-11-16 00:00:00+05:30,113.88406372070312,113.88406372070312,110.64968872070312,111.79874420166016,93.44193267822266,2811524,0.0,0.0
2005-11-17 00:00:00+05:30,111.9264144897461,114.56498718261719,110.77735900878906,114.18196868896484,95.43383026123047,3406065,0.0,0.0
2005-11-18 00:00:00+05:30,114.0542984008789,117.45890045166016,114.0542984008789,116.2247314453125,97.14119720458984,5570386,0.0,0.0
2005-11-21 00:00:00+05:30,119.5417709350586,119.5417709350586,113.06168365478516,113.56015014648438,94.91412353515625,5029438,0.0,0.0
2005-11-22 00:00:00+05:30,113.28826141357422,113.28826141357422,111.92880249023438,112.29132080078125,93.85363006591797,1701734,0.0,0.0
2005-11-23 00:00:00+05:30,114.14924621582031,114.14924621582031,112.20069122314453,112.97105407714844,94.42173767089844,1336926,0.0,0.0
2005-11-24 00:00:00+05:30,112.78978729248047,113.6507797241211,112.0194320678711,112.51789855957031,94.04300689697266,2133771,0.0,0.0
2005-11-25 00:00:00+05:30,113.74140930175781,115.10086822509766,112.4272689819336,112.74447631835938,94.23237609863281,3564866,0.0,0.0
2005-11-28 00:00:00+05:30,114.37582397460938,115.82591247558594,114.19456481933594,114.87429809570312,96.01249694824219,3104533,0.0,0.0
2005-11-29 00:00:00+05:30,115.55402374267578,116.4603271484375,113.6507797241211,114.8289794921875,95.97462463378906,2626334,0.0,0.0
2005-11-30 00:00:00+05:30,115.10086822509766,118.54483032226562,113.46952056884766,113.96798706054688,95.2549819946289,2518771,0.0,0.0
2005-12-01 00:00:00+05:30,114.28519439697266,116.86817169189453,114.28519439697266,116.59627532958984,97.45174407958984,2509798,0.0,0.0
2005-12-02 00:00:00+05:30,117.6385269165039,118.7260971069336,115.73528289794922,116.18843841552734,97.11084747314453,2676765,0.0,0.0
2005-12-05 00:00:00+05:30,118.0463638305664,118.0463638305664,114.19456481933594,114.37582397460938,95.5958480834961,974744,0.0,0.0
2005-12-06 00:00:00+05:30,116.0071792602539,116.0071792602539,112.69915771484375,113.46952056884766,94.83836364746094,781926,0.0,0.0
2005-12-07 00:00:00+05:30,114.19456481933594,114.33051300048828,111.92880249023438,112.33663940429688,93.89151000976562,1367683,0.0,0.0
2005-12-08 00:00:00+05:30,112.8351058959961,113.46952056884766,112.11006164550781,112.97105407714844,94.42173767089844,1525653,0.0,0.0
2005-12-09 00:00:00+05:30,114.0133056640625,115.96186065673828,113.10699462890625,115.41807556152344,96.46697235107422,1284831,0.0,0.0
2005-12-12 00:00:00+05:30,115.14618682861328,117.36663818359375,115.14618682861328,116.77753448486328,97.60321044921875,1934768,0.0,0.0
2005-12-13 00:00:00+05:30,117.32131958007812,118.68077850341797,116.052490234375,117.72915649414062,98.39860534667969,1769149,0.0,0.0
2005-12-14 00:00:00+05:30,117.36663818359375,122.7138442993164,116.68690490722656,122.07942962646484,102.03458404541016,4295985,0.0,0.0
2005-12-15 00:00:00+05:30,122.351318359375,124.97960662841797,121.71690368652344,123.75609588623047,103.43595123291016,4640838,0.0,0.0
2005-12-16 00:00:00+05:30,125.07023620605469,128.60482788085938,123.25762939453125,128.06105041503906,107.03404998779297,5705853,0.0,0.0
2005-12-19 00:00:00+05:30,130.5987091064453,133.68014526367188,129.14862060546875,133.0004119873047,111.16239166259766,10307243,0.0,0.0
2005-12-20 00:00:00+05:30,131.4143829345703,133.68014526367188,129.14862060546875,130.41744995117188,109.0035171508789,3762587,0.0,0.0
2005-12-21 00:00:00+05:30,131.4143829345703,132.32069396972656,125.56871032714844,129.10330200195312,107.90516662597656,2401733,0.0,0.0
2005-12-22 00:00:00+05:30,129.60177612304688,130.41744995117188,127.33600616455078,127.92510223388672,106.92042541503906,1061928,0.0,0.0
2005-12-23 00:00:00+05:30,129.10330200195312,129.4658203125,125.52339172363281,126.52032470703125,105.74629211425781,2355956,0.0,0.0
2005-12-26 00:00:00+05:30,125.07023620605469,126.52032470703125,122.80447387695312,123.84672546386719,103.51168823242188,1729843,0.0,0.0
2005-12-27 00:00:00+05:30,123.80140686035156,127.4266357421875,122.44194793701172,126.47501373291016,105.70843505859375,2080020,0.0,0.0
2005-12-28 00:00:00+05:30,125.97654724121094,126.42969512939453,122.57789611816406,123.43888854980469,103.17082214355469,2922253,0.0,0.0
2005-12-29 00:00:00+05:30,124.57176971435547,127.4719467163086,123.98267364501953,126.33906555175781,105.59479522705078,6639094,0.0,0.0
2005-12-30 00:00:00+05:30,126.70159149169922,130.5987091064453,126.52032470703125,129.96429443359375,108.62479400634766,2913298,0.0,0.0
2006-01-02 00:00:00+05:30,131.32374572753906,132.77383422851562,130.87059020996094,132.501953125,110.74577331542969,2938463,0.0,0.0
2006-01-03 00:00:00+05:30,132.77383422851562,134.6317596435547,131.95816040039062,133.77078247070312,111.8062515258789,3002389,0.0,0.0
2006-01-04 00:00:00+05:30,133.8614044189453,135.85528564453125,133.0004119873047,135.13023376464844,112.94249725341797,3843114,0.0,0.0
2006-01-05 00:00:00+05:30,136.8522186279297,136.8522186279297,133.77078247070312,135.58338928222656,113.32124328613281,3608098,0.0,0.0
2006-01-06 00:00:00+05:30,135.03961181640625,140.38681030273438,135.03961181640625,139.7523956298828,116.80573272705078,4953063,0.0,0.0
2006-01-09 00:00:00+05:30,140.20555114746094,140.9759063720703,137.35069274902344,138.57420349121094,115.82098388671875,2769220,0.0,0.0
2006-01-10 00:00:00+05:30,138.3929443359375,138.3929443359375,135.94590759277344,136.8975372314453,114.41960906982422,1686882,0.0,0.0
2006-01-12 00:00:00+05:30,135.85528564453125,137.03347778320312,133.68014526367188,135.4927520751953,113.24549865722656,4703854,0.0,0.0
2006-01-13 00:00:00+05:30,135.94590759277344,138.57420349121094,133.13636779785156,134.58645629882812,112.48802185058594,4913225,0.0,0.0
2006-01-16 00:00:00+05:30,133.68014526367188,136.580322265625,133.49888610839844,135.31149291992188,113.093994140625,3554758,0.0,0.0
2006-01-17 00:00:00+05:30,135.94590759277344,138.0757293701172,132.54725646972656,133.90672302246094,111.91988372802734,4363990,0.0,0.0
2006-01-18 00:00:00+05:30,133.22698974609375,138.16636657714844,131.18780517578125,137.48663330078125,114.91199493408203,4880843,0.0,0.0
2006-01-19 00:00:00+05:30,138.66482543945312,144.46519470214844,138.211669921875,143.6042022705078,120.02509307861328,6009369,0.0,0.0
2006-01-20 00:00:00+05:30,144.32923889160156,145.00897216796875,141.42906188964844,143.2869873046875,119.75995635986328,3696048,0.0,0.0
2006-01-23 00:00:00+05:30,142.29005432128906,144.0120391845703,139.57113647460938,143.2869873046875,119.75995635986328,3149883,0.0,0.0
2006-01-24 00:00:00+05:30,143.64950561523438,145.915283203125,141.47438049316406,142.15411376953125,118.81309509277344,3353571,0.0,0.0
2006-01-25 00:00:00+05:30,141.47438049316406,144.510498046875,140.29617309570312,142.69789123535156,119.267578125,5704014,0.0,0.0
2006-01-27 00:00:00+05:30,144.14797973632812,146.18716430664062,143.78546142578125,144.96365356445312,121.16133117675781,3963712,0.0,0.0
2006-01-30 00:00:00+05:30,145.915283203125,147.6825714111328,144.7823944091797,145.37149047851562,121.50222778320312,3326805,0.0,0.0
2006-01-31 00:00:00+05:30,144.73707580566406,149.99365234375,142.51663208007812,149.35923767089844,124.83515167236328,6745145,0.0,0.0
2006-02-01 00:00:00+05:30,149.99365234375,152.98446655273438,144.3745574951172,146.18716430664062,122.18394470214844,5609241,0.0,0.0
2006-02-02 00:00:00+05:30,146.91221618652344,151.8062744140625,146.0059051513672,150.35617065429688,125.66839599609375,3996471,0.0,0.0
2006-02-03 00:00:00+05:30,151.35311889648438,152.16879272460938,146.54969787597656,148.2263641357422,123.88831329345703,3073501,0.0,0.0
2006-02-06 00:00:00+05:30,146.8215789794922,154.29861450195312,146.36842346191406,152.0328369140625,127.06979370117188,4165216,0.0,0.0
2006-02-07 00:00:00+05:30,153.1657257080078,154.88771057128906,150.62806701660156,152.16879272460938,127.18340301513672,3902956,0.0,0.0
2006-02-08 00:00:00+05:30,150.44680786132812,152.25941467285156,148.45294189453125,149.72177124023438,125.13818359375,2154043,0.0,0.0
2006-02-10 00:00:00+05:30,149.72177124023438,151.2171630859375,147.77320861816406,148.99671936035156,124.53219604492188,2817513,0.0,0.0
2006-02-13 00:00:00+05:30,149.54049682617188,149.54049682617188,146.09654235839844,147.18411254882812,123.01720428466797,2898087,0.0,0.0
2006-02-14 00:00:00+05:30,146.8215789794922,147.18411254882812,143.2869873046875,143.69482421875,120.100830078125,2300901,0.0,0.0
2006-02-15 00:00:00+05:30,146.73095703125,149.0873565673828,143.1963653564453,147.9544677734375,123.66107177734375,3508040,0.0,0.0
2006-02-16 00:00:00+05:30,148.18104553222656,149.4951934814453,144.46519470214844,145.1902313232422,121.35066223144531,4521369,0.0,0.0
2006-02-17 00:00:00+05:30,142.42599487304688,146.27780151367188,138.57420349121094,139.52581787109375,116.61634063720703,3273370,0.0,0.0
2006-02-20 00:00:00+05:30,139.11798095703125,141.83689880371094,135.6287078857422,139.57113647460938,116.65423583984375,4560737,0.0,0.0
2006-02-21 00:00:00+05:30,141.7915802001953,143.78546142578125,140.06961059570312,140.34149169921875,117.29810333251953,2704486,0.0,0.0
2006-02-22 00:00:00+05:30,140.47744750976562,142.56195068359375,139.97897338867188,141.70095825195312,118.434326171875,2601195,0.0,0.0
2006-02-23 00:00:00+05:30,141.3837432861328,143.06040954589844,137.89447021484375,139.2086181640625,116.35121154785156,4190687,0.0,0.0
2006-02-24 00:00:00+05:30,141.1118621826172,141.20248413085938,137.93978881835938,138.5288848876953,115.78313446044922,1601271,0.0,0.0
2006-02-27 00:00:00+05:30,139.38987731933594,141.1118621826172,137.75852966308594,140.1602325439453,117.1466064453125,2781679,0.0,0.0
2006-02-28 00:00:00+05:30,141.247802734375,141.247802734375,135.40213012695312,138.98204040527344,116.16187286376953,3607137,0.0,0.0
2006-03-01 00:00:00+05:30,138.8914031982422,145.915283203125,138.1210479736328,144.3745574951172,120.6689682006836,4818892,0.0,0.0
2006-03-02 00:00:00+05:30,145.73402404785156,147.50131225585938,141.83689880371094,144.14797973632812,120.47958374023438,4983711,0.0,0.0
2006-03-03 00:00:00+05:30,144.1026611328125,145.28086853027344,141.9275360107422,143.64950561523438,120.06298065185547,1282173,0.0,0.0
2006-03-06 00:00:00+05:30,144.1026611328125,152.25941467285156,143.51356506347656,151.67031860351562,126.76677703857422,5204601,0.0,0.0
2006-03-07 00:00:00+05:30,149.54049682617188,153.34698486328125,148.0450897216797,151.30780029296875,126.46381378173828,3848619,0.0,0.0
2006-03-08 00:00:00+05:30,151.2171630859375,151.2171630859375,142.4713134765625,143.69482421875,120.100830078125,4377265,0.0,0.0
2006-03-09 00:00:00+05:30,144.1026611328125,144.1026611328125,136.8522186279297,143.01510620117188,119.53270721435547,2844210,0.0,0.0
2006-03-10 00:00:00+05:30,144.55581665039062,147.2747344970703,143.2869873046875,145.00897216796875,121.1991958618164,2369644,0.0,0.0
2006-03-13 00:00:00+05:30,146.8215789794922,148.6342010498047,143.74014282226562,144.55581665039062,120.82044982910156,2998597,0.0,0.0
2006-03-14 00:00:00+05:30,145.915283203125,146.18716430664062,140.5680694580078,141.3837432861328,118.16921997070312,3797346,0.0,0.0
2006-03-16 00:00:00+05:30,142.51663208007812,144.19329833984375,141.3837432861328,142.01815795898438,118.69945526123047,2323898,0.0,0.0
2006-03-17 00:00:00+05:30,143.74014282226562,147.4106903076172,140.9305877685547,144.55581665039062,120.82044982910156,2860567,0.0,0.0
2006-03-20 00:00:00+05:30,145.00897216796875,148.18104553222656,145.00897216796875,146.8668975830078,122.75205993652344,4127648,0.0,0.0
2006-03-21 00:00:00+05:30,147.546630859375,149.26861572265625,145.28086853027344,146.91221618652344,122.7899398803711,4603159,0.0,0.0
2006-03-22 00:00:00+05:30,147.6372528076172,147.6372528076172,141.83689880371094,143.33230590820312,119.79784393310547,3381997,0.0,0.0
2006-03-23 00:00:00+05:30,144.1026611328125,147.6825714111328,143.1963653564453,145.82464599609375,121.88095092773438,4262829,0.0,0.0
2006-03-24 00:00:00+05:30,140.47744750976562,155.15960693359375,140.47744750976562,153.9360809326172,128.6605224609375,12557375,0.0,0.0
2006-03-27 00:00:00+05:30,154.97833251953125,160.144287109375,154.97833251953125,158.6035614013672,132.5616455078125,8069617,0.0,0.0
2006-03-28 00:00:00+05:30,162.13815307617188,162.13815307617188,155.8846435546875,156.7003173828125,130.9709014892578,4761804,0.0,0.0
2006-03-29 00:00:00+05:30,158.6035614013672,163.1350860595703,156.83627319335938,162.27410888671875,135.6294708251953,5330817,0.0,0.0
2006-03-30 00:00:00+05:30,162.77256774902344,169.38861083984375,162.22879028320312,166.443115234375,139.11398315429688,6047212,0.0,0.0
2006-03-31 00:00:00+05:30,167.89320373535156,169.2979736328125,164.40391540527344,165.58212280273438,138.39434814453125,3471352,0.0,0.0
2006-04-03 00:00:00+05:30,167.8025665283203,169.34329223632812,165.85401916503906,167.57598876953125,140.06082153320312,3703529,0.0,0.0
2006-04-04 00:00:00+05:30,168.7541961669922,170.47616577148438,165.4461669921875,166.5337371826172,139.18968200683594,3478468,0.0,0.0
2006-04-05 00:00:00+05:30,170.29490661621094,171.15589904785156,166.5337371826172,169.6151885986328,141.76519775390625,4515666,0.0,0.0
2006-04-07 00:00:00+05:30,170.47616577148438,176.91094970703125,166.48841857910156,169.20733642578125,141.42428588867188,8781164,0.0,0.0
2006-04-10 00:00:00+05:30,168.79949951171875,178.90481567382812,164.85707092285156,176.59373474121094,147.59791564941406,9031245,0.0,0.0
2006-04-12 00:00:00+05:30,176.7296905517578,183.3910369873047,171.38247680664062,173.6935577392578,145.1739044189453,13660660,0.0,0.0
2006-04-13 00:00:00+05:30,174.4639129638672,180.62680053710938,165.08364868164062,173.9654541015625,145.40115356445312,9352923,0.0,0.0
2006-04-17 00:00:00+05:30,177.635986328125,181.8956298828125,175.82337951660156,181.03463745117188,151.3096466064453,4833778,0.0,0.0
2006-04-18 00:00:00+05:30,182.1675262451172,185.52085876464844,177.18283081054688,181.12527465820312,151.3853759765625,4215359,0.0,0.0
2006-04-19 00:00:00+05:30,183.07382202148438,188.8741912841797,182.303466796875,184.70518493652344,154.3774871826172,9847716,0.0,0.0
2006-04-20 00:00:00+05:30,186.60841369628906,199.1607666015625,185.92869567871094,195.1730194091797,163.12655639648438,14640279,0.0,0.0
2006-04-21 00:00:00+05:30,195.76211547851562,195.76211547851562,185.8380584716797,191.3665313720703,159.94508361816406,12658553,0.0,0.0
2006-04-24 00:00:00+05:30,192.1368865966797,195.716796875,191.00399780273438,192.2728271484375,160.7025909423828,5923780,0.0,0.0
2006-04-25 00:00:00+05:30,192.5900421142578,192.5900421142578,185.79273986816406,186.60841369628906,155.9681854248047,7236327,0.0,0.0
2006-04-26 00:00:00+05:30,195.21832275390625,195.21832275390625,187.15220642089844,193.90419006347656,162.06607055664062,5768237,0.0,0.0
2006-04-27 00:00:00+05:30,193.49635314941406,200.9280548095703,193.49635314941406,196.71372985839844,164.41427612304688,8080133,0.0,0.0
2006-04-28 00:00:00+05:30,194.04013061523438,194.85580444335938,183.07382202148438,193.269775390625,161.5358123779297,8082036,0.0,0.0
2006-05-02 00:00:00+05:30,208.4503936767578,217.51345825195312,208.4503936767578,213.84292602539062,178.73097229003906,11186064,0.0,0.0
2006-05-03 00:00:00+05:30,213.8882293701172,217.3321990966797,205.77679443359375,209.4020233154297,175.01919555664062,7352778,0.0,0.0
2006-05-04 00:00:00+05:30,212.98193359375,212.98193359375,201.199951171875,203.82823181152344,170.36062622070312,5389913,0.0,0.0
2006-05-05 00:00:00+05:30,205.2783203125,211.1693115234375,204.14544677734375,208.4050750732422,174.1859588623047,4485181,0.0,0.0
2006-05-08 00:00:00+05:30,208.4503936767578,212.03030395507812,206.32057189941406,207.31752014160156,173.27700805664062,4659421,0.0,0.0
2006-05-09 00:00:00+05:30,207.54409790039062,209.35670471191406,201.92498779296875,207.77066040039062,173.65573120117188,3955434,0.0,0.0
2006-05-10 00:00:00+05:30,209.44732666015625,220.95742797851562,209.44732666015625,217.01498413085938,181.38217163085938,9063905,0.0,0.0
2006-05-11 00:00:00+05:30,217.96661376953125,225.21705627441406,214.97579956054688,220.41363525390625,184.22280883789062,10006101,0.0,0.0
2006-05-12 00:00:00+05:30,221.13868713378906,227.7547149658203,218.51039123535156,220.096435546875,183.95767211914062,9405742,0.0,0.0
2006-05-15 00:00:00+05:30,221.13868713378906,221.13868713378906,186.6537322998047,189.9617462158203,158.77093505859375,17413294,0.0,0.0
2006-05-16 00:00:00+05:30,190.32427978515625,199.38734436035156,174.6451873779297,195.94337463378906,163.77040100097656,24337057,0.0,0.0
2006-05-17 00:00:00+05:30,201.199951171875,202.87661743164062,195.4449005126953,197.48410034179688,165.05816650390625,9976490,0.0,0.0
2006-05-18 00:00:00+05:30,182.1675262451172,190.32427978515625,170.56680297851562,174.1013946533203,145.51475524902344,14918728,0.0,0.0
2006-05-19 00:00:00+05:30,182.1675262451172,189.23670959472656,167.6666259765625,171.11058044433594,143.01504516601562,13498857,0.0,0.0
2006-05-22 00:00:00+05:30,173.10446166992188,176.3218536376953,149.4498748779297,159.55519104003906,133.35699462890625,11089691,0.0,0.0
2006-05-23 00:00:00+05:30,163.08978271484375,174.28265380859375,151.30780029296875,172.78724670410156,144.41644287109375,8021716,0.0,0.0
2006-05-24 00:00:00+05:30,176.7296905517578,182.80194091796875,164.04139709472656,168.1650848388672,140.55320739746094,13548262,0.0,0.0
2006-05-25 00:00:00+05:30,164.9477081298828,174.01077270507812,155.97528076171875,166.71499633789062,139.3411865234375,13068952,0.0,0.0
2006-05-26 00:00:00+05:30,170.29490661621094,176.59373474121094,164.1320343017578,167.71194458007812,140.17446899414062,8753857,0.0,0.0
2006-05-29 00:00:00+05:30,167.71194458007812,180.3549041748047,167.71194458007812,171.15589904785156,143.05291748046875,6483712,0.0,0.0
2006-05-30 00:00:00+05:30,172.19815063476562,174.01077270507812,167.03221130371094,167.89320373535156,140.32594299316406,4887736,0.0,0.0
2006-05-31 00:00:00+05:30,164.9477081298828,164.9477081298828,155.2049102783203,160.9599609375,134.53109741210938,7558531,0.0,0.0
2006-06-01 00:00:00+05:30,164.04139709472656,165.80870056152344,147.00283813476562,150.94528198242188,126.16080474853516,7618233,0.0,0.0
2006-06-02 00:00:00+05:30,152.25941467285156,164.9023895263672,147.86383056640625,162.9085235595703,136.15972900390625,10479963,0.0,0.0
2006-06-05 00:00:00+05:30,166.76031494140625,166.76031494140625,153.61888122558594,154.3892364501953,129.03932189941406,7455082,0.0,0.0
2006-06-06 00:00:00+05:30,152.16879272460938,152.16879272460938,143.37762451171875,145.915283203125,121.95669555664062,7937041,0.0,0.0
2006-06-07 00:00:00+05:30,144.0120391845703,148.54356384277344,133.27230834960938,139.97897338867188,116.99507904052734,7722096,0.0,0.0
2006-06-08 00:00:00+05:30,134.17861938476562,145.46212768554688,125.65933990478516,137.75852966308594,115.13925170898438,13904624,0.0,0.0
2006-06-09 00:00:00+05:30,136.4443817138672,146.8215789794922,136.0365447998047,144.60113525390625,120.85832977294922,9178571,0.0,0.0
2006-06-12 00:00:00+05:30,144.1026611328125,146.73095703125,136.8522186279297,138.43824768066406,115.70734405517578,5860930,0.0,0.0
2006-06-13 00:00:00+05:30,135.94590759277344,137.12411499023438,131.45970153808594,134.85833740234375,112.71525573730469,7084622,0.0,0.0
2006-06-14 00:00:00+05:30,141.3837432861328,141.3837432861328,127.8797836303711,130.10023498535156,108.73838806152344,7436447,0.0,0.0
2006-06-15 00:00:00+05:30,132.32069396972656,140.74932861328125,127.83447265625,138.57420349121094,115.82098388671875,8628182,0.0,0.0
2006-06-16 00:00:00+05:30,140.61338806152344,158.6035614013672,139.57113647460938,141.3837432861328,118.16921997070312,9053039,0.0,0.0
2006-06-19 00:00:00+05:30,143.1963653564453,146.64031982421875,139.7523956298828,145.2355499267578,121.3885726928711,4741969,0.0,0.0
2006-06-20 00:00:00+05:30,145.00897216796875,149.99365234375,140.06961059570312,144.28392028808594,120.59320068359375,8831551,0.0,0.0
2006-06-21 00:00:00+05:30,142.29005432128906,151.30780029296875,142.29005432128906,147.86383056640625,123.58527374267578,8442576,0.0,0.0
2006-06-22 00:00:00+05:30,151.35311889648438,158.15040588378906,150.44680786132812,155.38616943359375,129.87249755859375,8344486,0.0,0.0
2006-06-23 00:00:00+05:30,151.35311889648438,156.51905822753906,149.76707458496094,155.25022888183594,129.75892639160156,5009394,0.0,0.0
2006-06-26 00:00:00+05:30,157.69725036621094,158.6035614013672,143.74014282226562,145.915283203125,121.95669555664062,6993072,0.0,0.0
2006-06-27 00:00:00+05:30,147.72789001464844,148.54356384277344,140.06961059570312,146.27780151367188,122.25969696044922,7870913,0.0,0.0
2006-06-28 00:00:00+05:30,145.46212768554688,150.2655487060547,140.5680694580078,149.3139190673828,124.79729461669922,4809386,0.0,0.0
2006-06-29 00:00:00+05:30,161.32247924804688,161.32247924804688,146.0059051513672,147.2747344970703,123.09292602539062,5017445,0.0,0.0
2006-06-30 00:00:00+05:30,152.25941467285156,160.41616821289062,150.89996337890625,159.0567169189453,132.9403533935547,6805467,0.0,0.0
2006-07-03 00:00:00+05:30,160.41616821289062,162.68194580078125,157.96914672851562,159.69113159179688,133.47061157226562,2741119,0.0,0.0
2006-07-04 00:00:00+05:30,160.86932373046875,163.04446411132812,158.83013916015625,160.144287109375,133.849365234375,4692790,0.0,0.0
2006-07-05 00:00:00+05:30,158.6035614013672,163.58824157714844,157.74256896972656,162.13815307617188,135.51585388183594,4033722,0.0,0.0
2006-07-06 00:00:00+05:30,161.32247924804688,161.41311645507812,157.7878875732422,158.78482055664062,132.7130889892578,1855184,0.0,0.0
2006-07-07 00:00:00+05:30,159.60049438476562,162.59130859375,150.94528198242188,152.80320739746094,127.71365356445312,2624895,0.0,0.0
2006-07-10 00:00:00+05:30,154.07203674316406,157.15347290039062,151.57969665527344,155.92996215820312,130.3270263671875,1962346,0.0,0.0
2006-07-11 00:00:00+05:30,154.5251922607422,156.74563598632812,150.809326171875,152.07815551757812,127.10765075683594,2152681,0.0,0.0
2006-07-12 00:00:00+05:30,152.3500518798828,163.406982421875,149.54049682617188,162.9085235595703,136.15972900390625,5322389,0.0,0.0
2006-07-13 00:00:00+05:30,161.32247924804688,167.3947296142578,159.50987243652344,165.08364868164062,137.97769165039062,6149205,0.0,0.0
2006-07-14 00:00:00+05:30,158.01446533203125,162.13815307617188,156.79095458984375,158.42230224609375,134.0289306640625,4105087,1.993873,0.0
2006-07-17 00:00:00+05:30,159.50987243652344,159.50987243652344,150.6733856201172,151.26248168945312,127.9715576171875,3075895,0.0,0.0
2006-07-18 00:00:00+05:30,151.3984375,153.07508850097656,144.23861694335938,145.37149047851562,122.98764038085938,3998942,0.0,0.0
2006-07-19 00:00:00+05:30,146.8215789794922,148.54356384277344,139.616455078125,140.8399658203125,119.15385437011719,3091570,0.0,0.0
2006-07-20 00:00:00+05:30,144.0120391845703,149.99365234375,144.0120391845703,148.81546020507812,125.90132904052734,3541835,0.0,0.0
2006-07-21 00:00:00+05:30,147.72789001464844,147.72789001464844,141.6556396484375,142.69789123535156,120.72571563720703,2540125,0.0,0.0
2006-07-24 00:00:00+05:30,142.29005432128906,142.29005432128906,136.8522186279297,140.79464721679688,119.11551666259766,4384563,0.0,0.0
2006-07-25 00:00:00+05:30,143.33230590820312,144.7823944091797,141.247802734375,143.06040954589844,121.03240203857422,3111586,0.0,0.0
2006-07-26 00:00:00+05:30,143.1963653564453,148.27166748046875,141.83689880371094,147.45599365234375,124.75118255615234,3828143,0.0,0.0
2006-07-27 00:00:00+05:30,149.0420379638672,151.35311889648438,146.14186096191406,149.81239318847656,126.74471282958984,6420025,0.0,0.0
2006-07-28 00:00:00+05:30,151.35311889648438,154.57049560546875,145.099609375,147.50131225585938,124.78952026367188,8665657,0.0,0.0
2006-07-31 00:00:00+05:30,149.54049682617188,152.66725158691406,144.9183349609375,145.5980682373047,123.1793212890625,7233437,0.0,0.0
2006-08-01 00:00:00+05:30,146.54969787597656,147.36537170410156,140.5227508544922,142.7885284423828,120.80237579345703,6687600,0.0,0.0
2006-08-02 00:00:00+05:30,145.00897216796875,146.4137420654297,142.29005432128906,145.77932739257812,123.33264923095703,4475565,0.0,0.0
2006-08-03 00:00:00+05:30,146.54969787597656,148.45294189453125,144.19329833984375,145.1902313232422,122.83428192138672,3119283,0.0,0.0
2006-08-04 00:00:00+05:30,147.2747344970703,148.6342010498047,143.51356506347656,144.9183349609375,122.604248046875,3911815,0.0,0.0
2006-08-07 00:00:00+05:30,145.00897216796875,146.18716430664062,142.65257263183594,143.1963653564453,121.1474380493164,4057466,0.0,0.0
2006-08-08 00:00:00+05:30,144.96365356445312,145.6433868408203,143.1963653564453,145.37149047851562,122.98764038085938,3640185,0.0,0.0
2006-08-09 00:00:00+05:30,142.29005432128906,149.5858154296875,142.29005432128906,148.7701416015625,125.86295318603516,6027580,0.0,0.0
2006-08-10 00:00:00+05:30,148.81546020507812,152.80320739746094,148.67950439453125,151.76095581054688,128.39324951171875,5776289,0.0,0.0
2006-08-11 00:00:00+05:30,152.25941467285156,153.5735626220703,148.7701416015625,150.2655487060547,127.12808227539062,4749909,0.0,0.0
2006-08-14 00:00:00+05:30,150.89996337890625,151.67031860351562,149.177978515625,150.94528198242188,127.70320129394531,4534177,0.0,0.0
2006-08-16 00:00:00+05:30,152.7125701904297,155.56744384765625,152.0328369140625,153.21104431152344,129.62008666992188,6186574,0.0,0.0
2006-08-17 00:00:00+05:30,154.16265869140625,154.70645141601562,148.18104553222656,149.26861572265625,126.28469848632812,6539382,0.0,0.0
2006-08-18 00:00:00+05:30,149.72177124023438,149.72177124023438,144.510498046875,145.86996459960938,123.40933990478516,5786359,0.0,0.0
2006-08-21 00:00:00+05:30,146.0059051513672,147.09347534179688,144.19329833984375,146.18716430664062,123.67769622802734,2823080,0.0,0.0
2006-08-22 00:00:00+05:30,146.8215789794922,150.6733856201172,146.8215789794922,148.99671936035156,126.05465698242188,5073398,0.0,0.0
2006-08-23 00:00:00+05:30,149.0873565673828,150.17491149902344,146.14186096191406,146.77627563476562,124.1761245727539,2456226,0.0,0.0
2006-08-24 00:00:00+05:30,149.99365234375,152.89382934570312,144.60113525390625,152.25941467285156,128.81494140625,5307950,0.0,0.0
2006-08-25 00:00:00+05:30,154.07203674316406,157.65194702148438,151.625,156.47373962402344,132.3804168701172,8878043,0.0,0.0
2006-08-28 00:00:00+05:30,157.24411010742188,160.41616821289062,157.24411010742188,160.00833129882812,135.37075805664062,4238625,0.0,0.0
2006-08-29 00:00:00+05:30,160.86932373046875,161.32247924804688,157.69725036621094,158.96607971191406,134.4889678955078,4830874,0.0,0.0
2006-08-30 00:00:00+05:30,159.10203552246094,160.41616821289062,156.79095458984375,157.15347290039062,132.9554443359375,2945444,0.0,0.0
2006-08-31 00:00:00+05:30,157.15347290039062,160.37086486816406,155.02365112304688,156.0205841064453,131.99700927734375,7827939,0.0,0.0
2006-09-01 00:00:00+05:30,155.8846435546875,158.1957244873047,155.29554748535156,156.7003173828125,132.5720977783203,2711982,0.0,0.0
2006-09-04 00:00:00+05:30,157.65194702148438,159.69113159179688,156.92689514160156,158.2410430908203,133.8755645751953,2788290,0.0,0.0
2006-09-05 00:00:00+05:30,159.23797607421875,163.04446411132812,157.96914672851562,162.09283447265625,137.13427734375,4203152,0.0,0.0
2006-09-06 00:00:00+05:30,163.1350860595703,165.67274475097656,162.41004943847656,164.811767578125,139.43458557128906,5328078,0.0,0.0
2006-09-07 00:00:00+05:30,164.67581176757812,166.0352783203125,162.22879028320312,163.6788787841797,138.47608947753906,4406224,0.0,0.0
2006-09-08 00:00:00+05:30,163.76950073242188,169.47923278808594,163.22572326660156,166.76031494140625,141.0830535888672,5896676,0.0,0.0
2006-09-11 00:00:00+05:30,162.63662719726562,167.6666259765625,155.8846435546875,157.74256896972656,133.453857421875,6163087,0.0,0.0
2006-09-12 00:00:00+05:30,157.69725036621094,157.69725036621094,149.63113403320312,155.83932495117188,131.84364318847656,9986173,0.0,0.0
2006-09-13 00:00:00+05:30,156.88157653808594,158.1051025390625,154.16265869140625,154.88771057128906,131.03858947753906,4256361,0.0,0.0
2006-09-14 00:00:00+05:30,155.8846435546875,157.0175323486328,153.75482177734375,155.52212524414062,131.57530212402344,4407418,0.0,0.0
2006-09-15 00:00:00+05:30,155.25022888183594,155.25022888183594,151.35311889648438,153.48294067382812,129.85009765625,5168562,0.0,0.0
2006-09-18 00:00:00+05:30,152.39537048339844,154.7970733642578,152.0328369140625,152.48599243164062,129.00660705566406,3215483,0.0,0.0
2006-09-19 00:00:00+05:30,155.43148803710938,155.8846435546875,150.08428955078125,151.5343780517578,128.2015380859375,5258260,0.0,0.0
2006-09-20 00:00:00+05:30,152.25941467285156,153.1657257080078,148.6342010498047,152.44068908691406,128.96836853027344,3066481,0.0,0.0
2006-09-21 00:00:00+05:30,153.61888122558594,154.97833251953125,152.6219482421875,154.47987365722656,130.6935272216797,2997329,0.0,0.0
2006-09-22 00:00:00+05:30,155.70338439941406,157.5159912109375,152.3047332763672,154.88771057128906,131.03858947753906,3572230,0.0,0.0
2006-09-25 00:00:00+05:30,154.97833251953125,155.8846435546875,152.80320739746094,153.1204071044922,129.5434112548828,2461779,0.0,0.0
2006-09-26 00:00:00+05:30,154.07203674316406,154.43455505371094,151.76095581054688,153.48294067382812,129.85009765625,2379577,0.0,0.0
2006-09-27 00:00:00+05:30,154.6611328125,155.7940216064453,153.61888122558594,154.2532958984375,130.50186157226562,3426325,0.0,0.0
2006-09-28 00:00:00+05:30,154.07203674316406,155.476806640625,153.25636291503906,154.07203674316406,130.3485107421875,5399588,0.0,0.0
2006-09-29 00:00:00+05:30,155.11428833007812,157.24411010742188,154.5251922607422,155.38616943359375,131.46026611328125,3421530,0.0,0.0
2006-10-03 00:00:00+05:30,155.3408660888672,158.2410430908203,155.3408660888672,156.0205841064453,131.99700927734375,3417966,0.0,0.0
2006-10-04 00:00:00+05:30,155.0689697265625,156.6096954345703,152.3500518798828,155.70338439941406,131.72862243652344,5715628,0.0,0.0
2006-10-05 00:00:00+05:30,155.43148803710938,157.06283569335938,155.43148803710938,156.0205841064453,131.99700927734375,3269772,0.0,0.0
2006-10-06 00:00:00+05:30,156.79095458984375,161.32247924804688,156.47373962402344,159.60049438476562,135.02569580078125,6454287,0.0,0.0
2006-10-09 00:00:00+05:30,157.69725036621094,162.27410888671875,157.69725036621094,160.50680541992188,135.79246520996094,2706257,0.0,0.0
2006-10-10 00:00:00+05:30,162.09283447265625,162.22879028320312,158.87545776367188,159.37391662597656,134.83401489257812,2101548,0.0,0.0
2006-10-11 00:00:00+05:30,160.2802276611328,160.37086486816406,154.43455505371094,155.02365112304688,131.15359497070312,1932245,0.0,0.0
2006-10-12 00:00:00+05:30,155.15960693359375,159.91770935058594,154.61581420898438,158.69419860839844,134.2589569091797,2058871,0.0,0.0
2006-10-13 00:00:00+05:30,160.50680541992188,161.4584197998047,157.96914672851562,158.87545776367188,134.4123077392578,2973023,0.0,0.0
2006-10-16 00:00:00+05:30,160.41616821289062,165.67274475097656,159.96302795410156,165.12896728515625,139.70294189453125,5818907,0.0,0.0
2006-10-17 00:00:00+05:30,165.7633819580078,167.21347045898438,164.9477081298828,166.26185607910156,140.66134643554688,4137219,0.0,0.0
2006-10-18 00:00:00+05:30,166.8509521484375,170.61212158203125,163.63356018066406,170.0230255126953,143.84339904785156,10036820,0.0,0.0
2006-10-19 00:00:00+05:30,171.29185485839844,172.37940979003906,167.7572479248047,169.0260772705078,142.99993896484375,8311349,0.0,0.0
2006-10-20 00:00:00+05:30,168.57293701171875,172.19815063476562,168.57293701171875,170.15896606445312,143.9584197998047,3701017,0.0,0.0
2006-10-23 00:00:00+05:30,170.20428466796875,170.3855438232422,165.89932250976562,166.71499633789062,141.04470825195312,3577624,0.0,0.0
2006-10-26 00:00:00+05:30,166.8509521484375,171.7449951171875,166.76031494140625,170.34022521972656,144.11172485351562,7047140,0.0,0.0
2006-10-27 00:00:00+05:30,171.29185485839844,172.19815063476562,166.76031494140625,169.11671447753906,143.07666015625,6338047,0.0,0.0
2006-10-30 00:00:00+05:30,169.47923278808594,173.46697998046875,168.66355895996094,170.56680297851562,144.30345153808594,2668490,0.0,0.0
2006-10-31 00:00:00+05:30,170.3855438232422,174.373291015625,169.11671447753906,171.06527709960938,144.72515869140625,3895112,0.0,0.0
2006-11-01 00:00:00+05:30,171.83563232421875,174.6451873779297,171.83563232421875,173.01382446289062,146.37367248535156,4216400,0.0,0.0
2006-11-02 00:00:00+05:30,173.92013549804688,173.92013549804688,170.8386993408203,171.38247680664062,144.99351501464844,2380361,0.0,0.0
2006-11-03 00:00:00+05:30,171.38247680664062,172.4700469970703,168.30104064941406,169.20733642578125,143.1532745361328,1789249,0.0,0.0
2006-11-06 00:00:00+05:30,169.38861083984375,170.88400268554688,168.52761840820312,169.75112915039062,143.61334228515625,1572384,0.0,0.0
2006-11-07 00:00:00+05:30,170.8386993408203,173.5576171875,166.35247802734375,172.741943359375,146.14366149902344,4546852,0.0,0.0
2006-11-08 00:00:00+05:30,174.01077270507812,174.373291015625,168.84481811523438,170.47616577148438,144.2267303466797,2959020,0.0,0.0
2006-11-09 00:00:00+05:30,170.3855438232422,171.2012176513672,164.5398712158203,165.67274475097656,140.16293334960938,6855296,0.0,0.0
2006-11-10 00:00:00+05:30,166.48841857910156,169.47923278808594,165.85401916503906,166.80563354492188,141.12142944335938,4772935,0.0,0.0
2006-11-13 00:00:00+05:30,166.66969299316406,167.57598876953125,163.49761962890625,164.85707092285156,139.47286987304688,2659167,0.0,0.0
2006-11-14 00:00:00+05:30,165.40086364746094,165.67274475097656,160.59744262695312,161.73031616210938,136.82754516601562,5284298,0.0,0.0
2006-11-15 00:00:00+05:30,161.41311645507812,162.95382690429688,159.60049438476562,160.91464233398438,136.13751220703125,4344511,0.0,0.0
2006-11-16 00:00:00+05:30,161.86627197265625,162.09283447265625,158.05978393554688,159.0567169189453,134.56561279296875,3201764,0.0,0.0
2006-11-17 00:00:00+05:30,159.4645538330078,161.0959014892578,157.4253692626953,158.37698364257812,133.99057006835938,3942930,0.0,0.0
2006-11-20 00:00:00+05:30,160.41616821289062,160.41616821289062,152.3047332763672,154.7970733642578,130.9618682861328,2675345,0.0,0.0
2006-11-21 00:00:00+05:30,155.8846435546875,159.32861328125,155.0689697265625,158.55824279785156,134.14393615722656,4118999,0.0,0.0
2006-11-22 00:00:00+05:30,159.50987243652344,159.96302795410156,157.28941345214844,158.55824279785156,134.14393615722656,2254982,0.0,0.0
2006-11-23 00:00:00+05:30,159.50987243652344,161.14122009277344,157.8332061767578,158.6035614013672,134.18228149414062,2779871,0.0,0.0
2006-11-24 00:00:00+05:30,158.512939453125,162.00221252441406,157.47067260742188,161.14122009277344,136.32916259765625,2142332,0.0,0.0
2006-11-27 00:00:00+05:30,161.54905700683594,164.9023895263672,161.0505828857422,163.22572326660156,138.09271240234375,4382977,0.0,0.0
2006-11-28 00:00:00+05:30,161.32247924804688,162.22879028320312,159.0567169189453,160.144287109375,135.48574829101562,4559479,0.0,0.0
2006-11-29 00:00:00+05:30,161.32247924804688,162.8632049560547,158.96607971191406,159.60049438476562,135.02569580078125,4918075,0.0,0.0
2006-11-30 00:00:00+05:30,160.41616821289062,160.86932373046875,155.15960693359375,156.92689514160156,132.7637481689453,10282845,0.0,0.0
2006-12-01 00:00:00+05:30,157.8332061767578,158.512939453125,155.0689697265625,155.7487030029297,131.76695251464844,3993177,0.0,0.0
2006-12-04 00:00:00+05:30,156.11122131347656,158.6035614013672,154.97833251953125,157.24411010742188,133.03213500976562,2928543,0.0,0.0
2006-12-05 00:00:00+05:30,159.50987243652344,160.37086486816406,157.24411010742188,159.0113983154297,134.5272979736328,2849814,0.0,0.0
2006-12-06 00:00:00+05:30,160.41616821289062,163.1350860595703,159.64581298828125,161.2318572998047,136.40585327148438,2368987,0.0,0.0
2006-12-07 00:00:00+05:30,160.50680541992188,166.66969299316406,160.50680541992188,166.1712188720703,140.58468627929688,4163005,0.0,0.0
2006-12-08 00:00:00+05:30,167.7572479248047,167.7572479248047,161.32247924804688,162.59130859375,137.5560302734375,3196344,0.0,0.0
2006-12-11 00:00:00+05:30,163.1350860595703,163.1350860595703,154.07203674316406,157.47067260742188,133.2238311767578,3382896,0.0,0.0
2006-12-12 00:00:00+05:30,157.69725036621094,160.77870178222656,146.91221618652344,151.8968963623047,128.50828552246094,4876295,0.0,0.0
2006-12-13 00:00:00+05:30,153.80014038085938,153.80014038085938,148.18104553222656,152.57662963867188,129.08334350585938,4492530,0.0,0.0
2006-12-14 00:00:00+05:30,152.48599243164062,156.6096954345703,151.85157775878906,155.25022888183594,131.3452911376953,1941217,0.0,0.0
2006-12-15 00:00:00+05:30,155.43148803710938,162.22879028320312,155.43148803710938,161.27716064453125,136.44419860839844,3436521,0.0,0.0
2006-12-18 00:00:00+05:30,156.0205841064453,162.22879028320312,156.0205841064453,159.64581298828125,135.0640411376953,2860714,0.0,0.0
2006-12-19 00:00:00+05:30,162.0475311279297,162.0475311279297,152.3500518798828,155.476806640625,131.53695678710938,3354269,0.0,0.0
2006-12-20 00:00:00+05:30,155.43148803710938,157.60662841796875,153.1657257080078,154.2532958984375,130.50186157226562,3269961,0.0,0.0
2006-12-21 00:00:00+05:30,153.25636291503906,155.83932495117188,151.44374084472656,154.9330291748047,131.076904296875,3053546,0.0,0.0
2006-12-22 00:00:00+05:30,158.6035614013672,158.6035614013672,153.5282440185547,155.38616943359375,131.46026611328125,2107512,0.0,0.0
2006-12-26 00:00:00+05:30,158.42230224609375,158.42230224609375,155.0689697265625,157.65194702148438,133.37718200683594,1174931,0.0,0.0
2006-12-27 00:00:00+05:30,158.15040588378906,159.8723907470703,157.923828125,158.46762084960938,134.0672607421875,1981539,0.0,0.0
2006-12-28 00:00:00+05:30,158.6035614013672,160.9599609375,157.0175323486328,158.28636169433594,133.91390991210938,7436866,0.0,0.0
2006-12-29 00:00:00+05:30,160.86932373046875,160.86932373046875,157.5159912109375,157.87852478027344,133.56886291503906,1261500,0.0,0.0
2007-01-02 00:00:00+05:30,159.96302795410156,162.22879028320312,157.87852478027344,161.3677978515625,136.5208740234375,1737983,0.0,0.0
2007-01-03 00:00:00+05:30,163.1350860595703,163.8148193359375,160.46148681640625,162.41004943847656,137.40261840820312,6568517,0.0,0.0
2007-01-04 00:00:00+05:30,162.22879028320312,162.41004943847656,156.51905822753906,158.42230224609375,134.0289306640625,5541476,0.0,0.0
2007-01-05 00:00:00+05:30,157.56130981445312,158.15040588378906,153.61888122558594,155.0689697265625,131.19192504882812,5296083,0.0,0.0
2007-01-08 00:00:00+05:30,154.16265869140625,154.16265869140625,149.99365234375,151.3984375,128.08657836914062,5202449,0.0,0.0
2007-01-09 00:00:00+05:30,151.35311889648438,153.07508850097656,147.9544677734375,149.94833374023438,126.85970306396484,2533966,0.0,0.0
2007-01-10 00:00:00+05:30,150.89996337890625,152.12347412109375,147.72789001464844,149.3139190673828,126.32300567626953,1802655,0.0,0.0
2007-01-11 00:00:00+05:30,152.6219482421875,153.61888122558594,149.54049682617188,152.44068908691406,128.96836853027344,1633897,0.0,0.0
2007-01-12 00:00:00+05:30,154.07203674316406,156.51905822753906,153.9360809326172,154.47987365722656,130.6935272216797,2667385,0.0,0.0
2007-01-15 00:00:00+05:30,155.43148803710938,157.69725036621094,154.29861450195312,156.1565399169922,132.1120147705078,1688998,0.0,0.0
2007-01-16 00:00:00+05:30,154.84239196777344,156.74563598632812,152.98446655273438,153.845458984375,130.15682983398438,1770805,0.0,0.0
2007-01-17 00:00:00+05:30,153.07508850097656,154.97833251953125,151.8968963623047,152.3500518798828,128.8916473388672,2099759,0.0,0.0
2007-01-18 00:00:00+05:30,151.8968963623047,153.1657257080078,151.17185974121094,151.57969665527344,128.2399139404297,2301823,0.0,0.0
2007-01-19 00:00:00+05:30,154.07203674316406,154.07203674316406,149.76707458496094,150.3108673095703,127.1664810180664,3264687,0.0,0.0
2007-01-22 00:00:00+05:30,149.99365234375,151.98753356933594,148.7701416015625,149.177978515625,126.20801544189453,2566636,0.0,0.0
2007-01-23 00:00:00+05:30,149.54049682617188,150.12960815429688,148.40762329101562,149.40455627441406,126.39969635009766,3621809,0.0,0.0
2007-01-24 00:00:00+05:30,150.44680786132812,154.16265869140625,149.99365234375,153.1657257080078,129.58172607421875,3102283,0.0,0.0
2007-01-25 00:00:00+05:30,154.07203674316406,160.2349090576172,154.07203674316406,159.0113983154297,134.5272979736328,9234327,0.0,0.0
2007-01-29 00:00:00+05:30,158.78482055664062,165.7633819580078,158.78482055664062,164.04139709472656,138.78280639648438,6531435,0.0,0.0
2007-01-31 00:00:00+05:30,163.49761962890625,164.44923400878906,158.15040588378906,159.64581298828125,135.0640411376953,5586482,0.0,0.0
2007-02-01 00:00:00+05:30,160.32554626464844,166.48841857910156,159.50987243652344,165.85401916503906,140.31634521484375,1949576,0.0,0.0
2007-02-02 00:00:00+05:30,141.20248413085938,168.93545532226562,141.20248413085938,166.89627075195312,141.19805908203125,5446076,0.0,0.0
2007-02-05 00:00:00+05:30,162.22879028320312,163.58824157714844,158.69419860839844,161.3677978515625,136.5208740234375,4713242,0.0,0.0
2007-02-06 00:00:00+05:30,161.3677978515625,163.86013793945312,157.74256896972656,158.1051025390625,133.7605743408203,4169948,0.0,0.0
2007-02-07 00:00:00+05:30,158.6035614013672,165.67274475097656,158.37698364257812,164.9477081298828,139.549560546875,4062061,0.0,0.0
2007-02-08 00:00:00+05:30,164.9023895263672,165.85401916503906,158.2410430908203,158.6035614013672,134.18228149414062,5160330,0.0,0.0
2007-02-09 00:00:00+05:30,158.6035614013672,163.08978271484375,156.06590270996094,157.47067260742188,133.2238311767578,3323042,0.0,0.0
2007-02-12 00:00:00+05:30,156.79095458984375,156.79095458984375,133.9973602294922,135.2208709716797,114.39999389648438,21157804,0.0,0.0
2007-02-13 00:00:00+05:30,127.83447265625,137.75852966308594,125.07023620605469,129.42050170898438,109.49274444580078,13585872,0.0,0.0
2007-02-14 00:00:00+05:30,127.78915405273438,135.94590759277344,124.6170883178711,132.72853088378906,112.29139709472656,10763482,0.0,0.0
2007-02-15 00:00:00+05:30,131.4143829345703,137.75852966308594,131.4143829345703,137.39599609375,116.24016571044922,6605248,0.0,0.0
2007-02-19 00:00:00+05:30,136.8522186279297,138.43824768066406,133.4082489013672,134.6317596435547,113.90157318115234,5068688,0.0,0.0
2007-02-20 00:00:00+05:30,134.2239227294922,136.62564086914062,132.9097900390625,134.49581909179688,113.78653717041016,5390196,0.0,0.0
2007-02-21 00:00:00+05:30,132.9097900390625,136.8975372314453,132.9097900390625,136.0818634033203,115.1283950805664,4653534,0.0,0.0
2007-02-22 00:00:00+05:30,135.03961181640625,137.12411499023438,131.45970153808594,133.18167114257812,112.67474365234375,10749280,0.0,0.0
2007-02-23 00:00:00+05:30,134.58645629882812,135.6740264892578,128.33294677734375,130.46275329589844,110.37450408935547,6570750,0.0,0.0
2007-02-26 00:00:00+05:30,130.50807189941406,132.32069396972656,129.60177612304688,131.8222198486328,111.5246353149414,2529366,0.0,0.0
2007-02-27 00:00:00+05:30,131.8222198486328,133.22698974609375,128.69546508789062,130.1455535888672,110.10612487792969,3105734,0.0,0.0
2007-02-28 00:00:00+05:30,124.20924377441406,131.4143829345703,120.53871154785156,126.11248779296875,106.6940689086914,3507768,0.0,0.0
2007-03-01 00:00:00+05:30,127.78915405273438,132.32069396972656,121.71690368652344,124.25456237792969,105.12220764160156,4186604,0.0,0.0
2007-03-02 00:00:00+05:30,125.25149536132812,130.41744995117188,123.34825897216797,124.79834747314453,105.582275390625,4124286,0.0,0.0
2007-03-05 00:00:00+05:30,125.07023620605469,125.52339172363281,119.40582275390625,121.71690368652344,102.97529602050781,4699619,0.0,0.0
2007-03-06 00:00:00+05:30,114.421142578125,125.07023620605469,114.421142578125,118.00105285644531,99.83161163330078,4876968,0.0,0.0
2007-03-07 00:00:00+05:30,120.99185943603516,120.99185943603516,113.28826141357422,114.73834991455078,97.0712890625,3530061,0.0,0.0
2007-03-08 00:00:00+05:30,108.75672912597656,121.44501495361328,108.75672912597656,119.9496078491211,101.48013305664062,2627851,0.0,0.0
2007-03-09 00:00:00+05:30,120.53871154785156,120.99185943603516,115.1915054321289,116.32438659667969,98.41311645507812,2336598,0.0,0.0
2007-03-12 00:00:00+05:30,116.0071792602539,119.26988220214844,116.0071792602539,116.55096435546875,98.60480499267578,2179088,0.0,0.0
2007-03-13 00:00:00+05:30,136.8522186279297,136.8522186279297,116.0071792602539,118.13699340820312,99.94660949707031,2264225,0.0,0.0
2007-03-14 00:00:00+05:30,116.0071792602539,119.17925262451172,113.28826141357422,116.09780883789062,98.221435546875,2288740,0.0,0.0
2007-03-15 00:00:00+05:30,117.81979370117188,120.04023742675781,116.91348266601562,118.4542007446289,100.2149887084961,3706995,0.0,0.0
2007-03-16 00:00:00+05:30,116.8228530883789,119.08861541748047,116.73222351074219,117.54789733886719,100.7587890625,3604384,1.54072,0.0
2007-03-19 00:00:00+05:30,117.81979370117188,119.17925262451172,115.91654968261719,116.73222351074219,100.05961608886719,1898702,0.0,0.0
2007-03-20 00:00:00+05:30,117.81979370117188,121.8981704711914,117.14006042480469,120.90122985839844,103.63318634033203,3289726,0.0,0.0
2007-03-21 00:00:00+05:30,120.53871154785156,122.7138442993164,119.85897827148438,121.39969635009766,104.0604476928711,2685793,0.0,0.0
2007-03-22 00:00:00+05:30,122.351318359375,124.16393280029297,121.71690368652344,123.07636260986328,105.49762725830078,2008218,0.0,0.0
2007-03-23 00:00:00+05:30,125.79528045654297,128.2423095703125,112.88042449951172,122.80447387695312,105.26459503173828,2791446,0.0,0.0
2007-03-26 00:00:00+05:30,122.84978485107422,123.5295181274414,119.85897827148438,120.62934112548828,103.40011596679688,2813815,0.0,0.0
2007-03-28 00:00:00+05:30,120.44807434082031,120.44807434082031,117.41194915771484,117.9104232788086,101.06954193115234,1761536,0.0,0.0
2007-03-29 00:00:00+05:30,118.18231201171875,118.68077850341797,115.14618682861328,115.91654968261719,99.36044311523438,3562966,0.0,0.0
2007-03-30 00:00:00+05:30,116.4603271484375,118.7260971069336,116.4603271484375,118.09168243408203,101.22490692138672,3046473,0.0,0.0
2007-04-02 00:00:00+05:30,117.81979370117188,117.81979370117188,115.10086822509766,115.5993423461914,99.0885238647461,2449771,0.0,0.0
2007-04-03 00:00:00+05:30,116.0071792602539,117.72915649414062,114.64772033691406,116.95880126953125,100.25382232666016,1828359,0.0,0.0
2007-04-04 00:00:00+05:30,117.9104232788086,120.44807434082031,117.50257873535156,118.27294158935547,101.38026428222656,1041669,0.0,0.0
2007-04-05 00:00:00+05:30,119.36051177978516,120.7652816772461,117.9104232788086,119.9496078491211,102.8174819946289,1181390,0.0,0.0
2007-04-09 00:00:00+05:30,119.63240051269531,123.71077728271484,119.63240051269531,123.21231079101562,105.61415100097656,1959966,0.0,0.0
2007-04-10 00:00:00+05:30,123.25762939453125,124.3451919555664,121.9434814453125,123.62014770507812,105.96373748779297,1565869,0.0,0.0
2007-04-11 00:00:00+05:30,124.16393280029297,129.82833862304688,123.80140686035156,128.83140563964844,110.4306869506836,5489765,0.0,0.0
2007-04-12 00:00:00+05:30,127.78915405273438,130.73464965820312,126.20311737060547,127.018798828125,108.8769760131836,5226583,0.0,0.0
2007-04-13 00:00:00+05:30,127.33600616455078,128.46888732910156,125.38744354248047,126.97348022460938,108.83814239501953,1996482,0.0,0.0
2007-04-16 00:00:00+05:30,128.28762817382812,132.13941955566406,128.19699096679688,130.9612274169922,112.25631713867188,2282009,0.0,0.0
2007-04-17 00:00:00+05:30,131.7769012451172,132.32069396972656,129.51113891601562,129.96429443359375,111.40177917480469,2495625,0.0,0.0
2007-04-18 00:00:00+05:30,130.50807189941406,133.4082489013672,130.41744995117188,131.64096069335938,112.83895874023438,1617819,0.0,0.0
2007-04-19 00:00:00+05:30,130.5987091064453,132.32069396972656,128.87672424316406,131.8222198486328,112.99433898925781,3080859,0.0,0.0
2007-04-20 00:00:00+05:30,132.501953125,134.17861938476562,131.59564208984375,133.317626953125,114.27615356445312,3309321,0.0,0.0
2007-04-23 00:00:00+05:30,133.68014526367188,135.53807067871094,132.45663452148438,134.2239227294922,115.05298614501953,2856504,0.0,0.0
2007-04-24 00:00:00+05:30,133.22698974609375,135.85528564453125,131.32374572753906,134.6770782470703,115.44145965576172,2308330,0.0,0.0
2007-04-25 00:00:00+05:30,134.13330078125,135.7646484375,132.77383422851562,135.4927520751953,116.1406021118164,2504097,0.0,0.0
2007-04-26 00:00:00+05:30,136.39906311035156,137.57725524902344,133.4535675048828,134.49581909179688,115.28606414794922,4338603,0.0,0.0
2007-04-27 00:00:00+05:30,131.5050048828125,135.4927520751953,127.4266357421875,134.04266357421875,114.89765167236328,2882402,0.0,0.0
2007-04-30 00:00:00+05:30,133.95204162597656,135.58338928222656,131.64096069335938,132.36599731445312,113.46043395996094,2993901,0.0,0.0
2007-05-03 00:00:00+05:30,132.32069396972656,134.6770782470703,131.18780517578125,132.2300567626953,113.34392547607422,2134904,0.0,0.0
2007-05-04 00:00:00+05:30,134.58645629882812,136.21780395507812,126.88285064697266,134.49581909179688,115.28606414794922,2957344,0.0,0.0
2007-05-07 00:00:00+05:30,135.2661895751953,136.8522186279297,130.6893310546875,131.32374572753906,112.56704711914062,2293415,0.0,0.0
2007-05-08 00:00:00+05:30,132.41131591796875,135.40213012695312,130.6893310546875,131.23312377929688,112.4893798828125,1990872,0.0,0.0
2007-05-09 00:00:00+05:30,127.4266357421875,133.95204162597656,127.4266357421875,131.18780517578125,112.4505386352539,1674389,0.0,0.0
2007-05-10 00:00:00+05:30,108.75672912597656,135.85528564453125,108.75672912597656,132.77383422851562,113.8100357055664,3211928,0.0,0.0
2007-05-11 00:00:00+05:30,127.018798828125,133.0004119873047,127.018798828125,131.0065460205078,112.29515838623047,2151389,0.0,0.0
2007-05-14 00:00:00+05:30,108.75672912597656,134.31455993652344,108.75672912597656,132.86447143554688,113.88771057128906,4219368,0.0,0.0
2007-05-15 00:00:00+05:30,133.0457305908203,133.95204162597656,131.45970153808594,132.04879760742188,113.18852996826172,1761073,0.0,0.0
2007-05-16 00:00:00+05:30,133.95204162597656,135.94590759277344,132.41131591796875,135.03961181640625,115.75218963623047,2605413,0.0,0.0
2007-05-17 00:00:00+05:30,136.8522186279297,136.8522186279297,133.68014526367188,134.90365600585938,115.63566589355469,3151142,0.0,0.0
2007-05-18 00:00:00+05:30,135.03961181640625,135.03961181640625,132.41131591796875,133.13636779785156,114.12078857421875,938500,0.0,0.0
2007-05-21 00:00:00+05:30,134.948974609375,135.85528564453125,132.77383422851562,133.8160858154297,114.70340728759766,1635701,0.0,0.0
2007-05-22 00:00:00+05:30,134.58645629882812,135.40213012695312,132.41131591796875,132.9097900390625,113.92657470703125,901890,0.0,0.0
2007-05-23 00:00:00+05:30,133.0457305908203,134.948974609375,130.281494140625,131.14248657226562,112.41168975830078,3217119,0.0,0.0
2007-05-24 00:00:00+05:30,131.4143829345703,132.1847381591797,129.3298797607422,130.23617553710938,111.63482666015625,1184609,0.0,0.0
2007-05-25 00:00:00+05:30,129.60177612304688,132.77383422851562,128.7860870361328,130.64402770996094,111.98441314697266,1537285,0.0,0.0
2007-05-28 00:00:00+05:30,133.18167114257812,133.18167114257812,129.7830352783203,130.50807189941406,111.86788940429688,1714578,0.0,0.0
2007-05-29 00:00:00+05:30,131.32374572753906,132.6378936767578,130.281494140625,131.05186462402344,112.33402252197266,2036980,0.0,0.0
2007-05-30 00:00:00+05:30,130.50807189941406,130.91590881347656,126.88285064697266,127.10942840576172,108.95465087890625,2924176,0.0,0.0
2007-05-31 00:00:00+05:30,127.33600616455078,129.60177612304688,126.42969512939453,127.4266357421875,109.22654724121094,3332219,0.0,0.0
2007-06-01 00:00:00+05:30,128.2423095703125,128.69546508789062,126.97348022460938,127.74384307861328,109.49846649169922,2157120,0.0,0.0
2007-06-04 00:00:00+05:30,129.14862060546875,141.74627685546875,128.69546508789062,132.9097900390625,113.92657470703125,17979337,0.0,0.0
2007-06-05 00:00:00+05:30,133.22698974609375,134.13330078125,131.4143829345703,132.45663452148438,113.53813934326172,4284360,0.0,0.0
2007-06-06 00:00:00+05:30,132.54725646972656,135.94590759277344,131.59564208984375,134.90365600585938,115.63566589355469,5367757,0.0,0.0
2007-06-07 00:00:00+05:30,135.03961181640625,139.79771423339844,133.22698974609375,138.66482543945312,118.859619140625,7075274,0.0,0.0
2007-06-08 00:00:00+05:30,137.57725524902344,145.00897216796875,135.31149291992188,143.01510620117188,122.58856964111328,8663768,0.0,0.0
2007-06-11 00:00:00+05:30,144.0120391845703,147.72789001464844,142.4713134765625,145.82464599609375,124.9968490600586,7374068,0.0,0.0
2007-06-12 00:00:00+05:30,146.8215789794922,147.72789001464844,138.6195068359375,144.46519470214844,123.83155059814453,5110938,0.0,0.0
2007-06-13 00:00:00+05:30,143.1963653564453,146.8215789794922,142.51663208007812,145.326171875,124.5695571899414,3349347,0.0,0.0
2007-06-14 00:00:00+05:30,146.0512237548828,149.0873565673828,144.7823944091797,148.67950439453125,127.4439468383789,4080491,0.0,0.0
2007-06-15 00:00:00+05:30,149.0873565673828,150.44680786132812,144.6917724609375,145.915283203125,125.07453155517578,5024128,0.0,0.0
2007-06-18 00:00:00+05:30,146.91221618652344,148.2263641357422,145.82464599609375,146.4137420654297,125.50180053710938,2585506,0.0,0.0
2007-06-19 00:00:00+05:30,146.77627563476562,147.6372528076172,144.23861694335938,146.59500122070312,125.65716552734375,3036283,0.0,0.0
2007-06-20 00:00:00+05:30,148.6342010498047,149.94833374023438,146.8215789794922,147.45599365234375,126.39518737792969,2617143,0.0,0.0
2007-06-21 00:00:00+05:30,147.50131225585938,152.6219482421875,146.36842346191406,151.2171630859375,129.61912536621094,5595594,0.0,0.0
2007-06-22 00:00:00+05:30,152.25941467285156,154.70645141601562,150.76402282714844,154.07203674316406,132.0662841796875,6198002,0.0,0.0
2007-06-25 00:00:00+05:30,154.07203674316406,155.83932495117188,152.48599243164062,155.25022888183594,133.07615661621094,8993899,0.0,0.0
2007-06-26 00:00:00+05:30,154.88771057128906,155.7940216064453,153.48294067382812,154.2532958984375,132.22164916992188,7273779,0.0,0.0
2007-06-27 00:00:00+05:30,154.07203674316406,155.97528076171875,149.54049682617188,153.845458984375,131.87200927734375,8900610,0.0,0.0
2007-06-28 00:00:00+05:30,154.07203674316406,155.8846435546875,148.81546020507812,153.1657257080078,131.28939819335938,7662432,0.0,0.0
2007-06-29 00:00:00+05:30,154.61581420898438,154.61581420898438,144.14797973632812,145.14491271972656,124.41419219970703,3958552,0.0,0.0
2007-07-02 00:00:00+05:30,146.27780151367188,148.54356384277344,142.83383178710938,143.51356506347656,123.0158462524414,2162763,0.0,0.0
2007-07-03 00:00:00+05:30,145.00897216796875,145.915283203125,142.51663208007812,142.7885284423828,122.39435577392578,1689051,0.0,0.0
2007-07-04 00:00:00+05:30,142.7885284423828,144.32923889160156,140.61338806152344,141.9275360107422,121.65631866455078,1631318,0.0,0.0
2007-07-05 00:00:00+05:30,143.1963653564453,144.28392028808594,139.79771423339844,140.43212890625,120.37449645996094,1473604,0.0,0.0
2007-07-06 00:00:00+05:30,140.38681030273438,142.24473571777344,139.57113647460938,139.93365478515625,119.94723510742188,2101501,0.0,0.0
2007-07-09 00:00:00+05:30,140.8399658203125,141.56500244140625,139.7523956298828,140.06961059570312,120.06375885009766,3585044,0.0,0.0
2007-07-10 00:00:00+05:30,140.5680694580078,141.20248413085938,139.16329956054688,140.38681030273438,120.3356704711914,4015049,0.0,0.0
2007-07-11 00:00:00+05:30,140.65870666503906,143.37762451171875,139.57113647460938,140.38681030273438,120.3356704711914,4137116,0.0,0.0
2007-07-12 00:00:00+05:30,141.3837432861328,150.53744506835938,141.3837432861328,149.0420379638672,127.75465393066406,11725444,0.0,0.0
2007-07-13 00:00:00+05:30,151.8062744140625,161.32247924804688,151.8062744140625,157.87852478027344,135.3290557861328,17227470,0.0,0.0
2007-07-16 00:00:00+05:30,159.50987243652344,164.85707092285156,157.7878875732422,163.49761962890625,140.1455841064453,8811944,0.0,0.0
2007-07-17 00:00:00+05:30,164.04139709472656,165.85401916503906,160.144287109375,161.775634765625,138.6695556640625,5881318,0.0,0.0
2007-07-18 00:00:00+05:30,160.86932373046875,170.29490661621094,156.88157653808594,167.30410766601562,143.40843200683594,3911347,0.0,0.0
2007-07-19 00:00:00+05:30,170.3855438232422,173.92013549804688,167.48536682128906,168.4822998046875,144.4183349609375,5224539,0.0,0.0
2007-07-20 00:00:00+05:30,169.2979736328125,170.29490661621094,164.40391540527344,165.53680419921875,141.89353942871094,2335996,0.0,0.0
2007-07-23 00:00:00+05:30,163.1350860595703,168.93545532226562,163.1350860595703,167.62130737304688,143.68032836914062,2072708,0.0,0.0
2007-07-24 00:00:00+05:30,167.6666259765625,172.19815063476562,167.21347045898438,169.11671447753906,144.96212768554688,5245242,0.0,0.0
2007-07-25 00:00:00+05:30,162.22879028320312,168.79949951171875,162.22879028320312,166.26185607910156,142.51502990722656,2843913,0.0,0.0
2007-07-26 00:00:00+05:30,164.1320343017578,168.02914428710938,164.1320343017578,166.1712188720703,142.43734741210938,6480414,0.0,0.0
2007-07-27 00:00:00+05:30,163.1350860595703,163.1350860595703,154.7517547607422,156.88157653808594,134.4745330810547,1998583,0.0,0.0
2007-07-30 00:00:00+05:30,155.8846435546875,157.24411010742188,149.177978515625,150.22023010253906,128.76461791992188,3138998,0.0,0.0
2007-07-31 00:00:00+05:30,152.98446655273438,155.70338439941406,150.6733856201172,154.02671813964844,132.0273895263672,2704093,0.0,0.0
2007-08-01 00:00:00+05:30,154.02671813964844,154.02671813964844,143.1963653564453,144.19329833984375,123.5984878540039,2307002,0.0,0.0
2007-08-02 00:00:00+05:30,148.9060821533203,148.9060821533203,142.4713134765625,144.6917724609375,124.02574920654297,1582092,0.0,0.0
2007-08-03 00:00:00+05:30,145.2355499267578,147.99978637695312,145.2355499267578,147.36537170410156,126.31749725341797,1980650,0.0,0.0
2007-08-06 00:00:00+05:30,145.00897216796875,145.00897216796875,140.47744750976562,142.7885284423828,122.39435577392578,2354718,0.0,0.0
2007-08-07 00:00:00+05:30,150.44680786132812,150.44680786132812,141.5196990966797,142.15411376953125,121.85055541992188,1695395,0.0,0.0
2007-08-08 00:00:00+05:30,144.0120391845703,147.2747344970703,143.2869873046875,146.50437927246094,125.57950592041016,1141790,0.0,0.0
2007-08-09 00:00:00+05:30,147.2747344970703,150.62806701660156,140.7040252685547,141.3837432861328,121.1902084350586,2328553,0.0,0.0
2007-08-10 00:00:00+05:30,140.47744750976562,140.47744750976562,135.2661895751953,137.07879638671875,117.50013732910156,4176378,0.0,0.0
2007-08-13 00:00:00+05:30,138.66482543945312,139.38987731933594,136.1724853515625,138.1210479736328,118.39351654052734,1302681,0.0,0.0
2007-08-14 00:00:00+05:30,138.66482543945312,141.42906188964844,135.94590759277344,139.52581787109375,119.59764862060547,1879902,0.0,0.0
2007-08-16 00:00:00+05:30,136.8522186279297,136.8522186279297,130.73464965820312,131.3690643310547,112.60588836669922,2479933,0.0,0.0
2007-08-17 00:00:00+05:30,130.50807189941406,133.63482666015625,126.06717681884766,126.92816925048828,108.79930114746094,5919038,0.0,0.0
2007-08-20 00:00:00+05:30,131.4143829345703,131.95816040039062,127.78915405273438,128.5595245361328,110.19764709472656,3054226,0.0,0.0
2007-08-21 00:00:00+05:30,128.60482788085938,129.42050170898438,122.89510345458984,123.43888854980469,105.80840301513672,1864851,0.0,0.0
2007-08-22 00:00:00+05:30,124.6170883178711,127.15473937988281,122.39663696289062,125.93122863769531,107.94474792480469,2449045,0.0,0.0
2007-08-23 00:00:00+05:30,126.88285064697266,130.5987091064453,125.20618438720703,125.97654724121094,107.98358917236328,3256769,0.0,0.0
2007-08-24 00:00:00+05:30,127.10942840576172,129.4658203125,127.0641098022461,128.69546508789062,110.31417083740234,1229262,0.0,0.0
2007-08-27 00:00:00+05:30,130.50807189941406,135.40213012695312,130.10023498535156,134.6770782470703,115.44145965576172,3479203,0.0,0.0
2007-08-28 00:00:00+05:30,134.6770782470703,139.93365478515625,134.17861938476562,138.98204040527344,119.13154602050781,3916175,0.0,0.0
2007-08-29 00:00:00+05:30,136.8522186279297,142.29005432128906,135.94590759277344,141.7915802001953,121.53980255126953,3901435,0.0,0.0
2007-08-30 00:00:00+05:30,143.1963653564453,145.00897216796875,139.79771423339844,144.28392028808594,123.67613983154297,3921334,0.0,0.0
2007-08-31 00:00:00+05:30,144.55581665039062,144.9183349609375,141.88221740722656,143.10572814941406,122.66622924804688,3006236,0.0,0.0
2007-09-03 00:00:00+05:30,144.23861694335938,146.23248291015625,141.9275360107422,145.5074462890625,124.72492218017578,1605677,0.0,0.0
2007-09-04 00:00:00+05:30,144.28392028808594,145.5074462890625,141.9275360107422,142.29005432128906,121.9670639038086,837493,0.0,0.0
2007-09-05 00:00:00+05:30,143.1963653564453,143.51356506347656,139.38987731933594,142.15411376953125,121.85055541992188,2842110,0.0,0.0
2007-09-06 00:00:00+05:30,140.47744750976562,142.15411376953125,139.11798095703125,140.5227508544922,120.45220184326172,2617658,0.0,0.0
2007-09-07 00:00:00+05:30,140.47744750976562,145.73402404785156,140.47744750976562,142.10879516601562,121.81170654296875,2112331,0.0,0.0
2007-09-10 00:00:00+05:30,141.20248413085938,142.0634765625,139.57113647460938,139.84303283691406,119.86954498291016,1565511,0.0,0.0
2007-09-11 00:00:00+05:30,141.1118621826172,143.69482421875,139.2086181640625,142.3353729248047,122.0059585571289,3811731,0.0,0.0
2007-09-12 00:00:00+05:30,141.74627685546875,143.87608337402344,140.47744750976562,140.74932861328125,120.64640045166016,2060680,0.0,0.0
2007-09-13 00:00:00+05:30,141.3837432861328,141.74627685546875,138.84608459472656,139.48049926757812,119.55878448486328,2057040,0.0,0.0
2007-09-14 00:00:00+05:30,140.0242919921875,142.3806915283203,138.03041076660156,139.88833618164062,119.90837097167969,3537560,0.0,0.0
2007-09-17 00:00:00+05:30,140.47744750976562,140.9759063720703,139.3445587158203,139.79771423339844,119.8306884765625,754248,0.0,0.0
2007-09-18 00:00:00+05:30,138.75546264648438,141.20248413085938,138.71014404296875,140.20555114746094,120.1802978515625,1154919,0.0,0.0
2007-09-19 00:00:00+05:30,140.8399658203125,145.73402404785156,140.8399658203125,144.6917724609375,124.02574920654297,2997996,0.0,0.0
2007-09-20 00:00:00+05:30,148.13572692871094,149.0873565673828,144.55581665039062,146.95753479003906,125.9678726196289,2950396,0.0,0.0
2007-09-21 00:00:00+05:30,146.8215789794922,148.0450897216797,144.64645385742188,145.5980682373047,124.8026123046875,2542092,0.0,0.0
2007-09-24 00:00:00+05:30,146.8215789794922,149.22329711914062,143.2869873046875,147.86383056640625,126.7447280883789,2751904,0.0,0.0
2007-09-25 00:00:00+05:30,146.8215789794922,152.89382934570312,146.4590606689453,152.07815551757812,130.357177734375,6275602,0.0,0.0
2007-09-26 00:00:00+05:30,153.1657257080078,153.80014038085938,148.95140075683594,149.76707458496094,128.3761444091797,2391461,0.0,0.0
2007-09-27 00:00:00+05:30,147.18411254882812,153.07508850097656,147.18411254882812,148.9060821533203,127.63815307617188,6610991,0.0,0.0
2007-09-28 00:00:00+05:30,150.44680786132812,157.56130981445312,149.177978515625,156.06590270996094,133.7753448486328,5207867,0.0,0.0
2007-10-01 00:00:00+05:30,156.79095458984375,159.8723907470703,154.29861450195312,156.1565399169922,133.85305786132812,5433630,0.0,0.0
2007-10-03 00:00:00+05:30,157.69725036621094,163.49761962890625,155.8846435546875,162.00221252441406,138.86380004882812,7802018,0.0,0.0
2007-10-04 00:00:00+05:30,158.6035614013672,163.1350860595703,157.69725036621094,160.6427459716797,137.698486328125,2770935,0.0,0.0
2007-10-05 00:00:00+05:30,160.6880645751953,160.6880645751953,150.94528198242188,153.9813995361328,131.9885711669922,2348622,0.0,0.0
2007-10-08 00:00:00+05:30,153.61888122558594,154.2532958984375,145.915283203125,146.73095703125,125.7737045288086,2691107,0.0,0.0
2007-10-09 00:00:00+05:30,145.00897216796875,149.99365234375,144.14797973632812,148.72482299804688,127.48279571533203,2726816,0.0,0.0
2007-10-10 00:00:00+05:30,148.6342010498047,155.7940216064453,147.2747344970703,154.29861450195312,132.260498046875,3312907,0.0,0.0
2007-10-11 00:00:00+05:30,154.97833251953125,161.14122009277344,153.39230346679688,159.4645538330078,136.68858337402344,3984915,0.0,0.0
2007-10-12 00:00:00+05:30,158.55824279785156,164.9477081298828,155.8846435546875,162.4553680419922,139.25225830078125,5369244,0.0,0.0
2007-10-15 00:00:00+05:30,163.1350860595703,172.4700469970703,162.81788635253906,171.06527709960938,146.63241577148438,6026202,0.0,0.0
2007-10-16 00:00:00+05:30,171.2012176513672,182.62066650390625,165.89932250976562,179.08607482910156,153.50759887695312,5051519,0.0,0.0
2007-10-17 00:00:00+05:30,176.7296905517578,184.79580688476562,156.65499877929688,179.1313934326172,153.54649353027344,5159648,0.0,0.0
2007-10-18 00:00:00+05:30,145.00897216796875,188.51165771484375,145.00897216796875,167.62130737304688,143.68032836914062,5354853,0.0,0.0
2007-10-19 00:00:00+05:30,164.04139709472656,168.4822998046875,156.9722137451172,158.46762084960938,135.8340301513672,5295373,0.0,0.0
2007-10-22 00:00:00+05:30,153.9813995361328,166.21653747558594,149.63113403320312,161.41311645507812,138.3588409423828,2591741,0.0,0.0
2007-10-23 00:00:00+05:30,165.85401916503906,170.74806213378906,163.1350860595703,167.3947296142578,143.48609924316406,3373870,0.0,0.0
2007-10-24 00:00:00+05:30,168.6182403564453,175.3249053955078,167.6666259765625,171.7449951171875,147.21502685546875,3812180,0.0,0.0
2007-10-25 00:00:00+05:30,172.19815063476562,181.26121520996094,171.29185485839844,174.14671325683594,149.27371215820312,11075917,0.0,0.0
2007-10-26 00:00:00+05:30,174.01077270507812,180.2642822265625,173.6935577392578,175.41554260253906,150.36131286621094,5579528,0.0,0.0
2007-10-29 00:00:00+05:30,177.5453643798828,181.0799560546875,174.14671325683594,176.18589782714844,151.02163696289062,2132465,0.0,0.0
2007-10-30 00:00:00+05:30,177.5453643798828,179.35797119140625,173.10446166992188,174.8717498779297,149.89520263671875,3302606,0.0,0.0
2007-10-31 00:00:00+05:30,164.58518981933594,185.339599609375,164.58518981933594,178.08914184570312,152.65306091308594,5744195,0.0,0.0
2007-11-01 00:00:00+05:30,180.3549041748047,183.48165893554688,166.08058166503906,170.15896606445312,145.85552978515625,3963186,0.0,0.0
2007-11-02 00:00:00+05:30,149.54049682617188,172.19815063476562,149.54049682617188,170.34022521972656,146.0108642578125,1964911,0.0,0.0
2007-11-05 00:00:00+05:30,166.9868927001953,173.10446166992188,165.40086364746094,166.66969299316406,142.8646697998047,3399423,0.0,0.0
2007-11-06 00:00:00+05:30,165.94464111328125,182.1675262451172,165.94464111328125,174.0560760498047,149.196044921875,5198708,0.0,0.0
2007-11-07 00:00:00+05:30,175.4608612060547,177.635986328125,170.06832885742188,170.9293212890625,146.51585388183594,5185380,0.0,0.0
2007-11-08 00:00:00+05:30,165.85401916503906,188.2850799560547,165.85401916503906,184.79580688476562,158.40182495117188,7247517,0.0,0.0
2007-11-12 00:00:00+05:30,174.4639129638672,192.49940490722656,172.4247283935547,187.42410278320312,160.6547088623047,13827806,0.0,0.0
2007-11-13 00:00:00+05:30,167.6666259765625,194.40264892578125,167.6666259765625,183.934814453125,157.66380310058594,13844066,0.0,0.0
2007-11-14 00:00:00+05:30,167.6666259765625,199.2967071533203,167.6666259765625,197.34814453125,169.16134643554688,11911916,0.0,0.0
2007-11-15 00:00:00+05:30,217.51345825195312,217.51345825195312,193.49635314941406,195.08238220214844,167.21917724609375,8142666,0.0,0.0
2007-11-16 00:00:00+05:30,199.34202575683594,199.34202575683594,182.1675262451172,184.6598663330078,158.28529357910156,8045339,0.0,0.0
2007-11-19 00:00:00+05:30,193.94949340820312,193.94949340820312,182.1675262451172,186.2458953857422,159.64479064941406,3598007,0.0,0.0
2007-11-20 00:00:00+05:30,181.26121520996094,188.7382354736328,171.88095092773438,175.3249053955078,150.28359985351562,7280079,0.0,0.0
2007-11-21 00:00:00+05:30,174.9170684814453,176.7296905517578,165.67274475097656,167.5306854248047,143.60263061523438,4061446,0.0,0.0
2007-11-22 00:00:00+05:30,165.85401916503906,172.56068420410156,163.1350860595703,167.84788513183594,143.87454223632812,4476733,0.0,0.0
2007-11-23 00:00:00+05:30,170.3855438232422,175.7327423095703,167.84788513183594,170.56680297851562,146.20509338378906,3650721,0.0,0.0
2007-11-26 00:00:00+05:30,172.19815063476562,178.95013427734375,172.19815063476562,176.18589782714844,151.02163696289062,3065622,0.0,0.0
2007-11-27 00:00:00+05:30,176.63905334472656,177.18283081054688,172.28878784179688,173.60293579101562,148.80760192871094,1367995,0.0,0.0
2007-11-28 00:00:00+05:30,174.01077270507812,175.77806091308594,165.62744140625,167.12283325195312,143.25302124023438,2591659,0.0,0.0
2007-11-29 00:00:00+05:30,168.1650848388672,171.69969177246094,161.32247924804688,163.3163604736328,139.99024963378906,8015440,0.0,0.0
2007-11-30 00:00:00+05:30,165.85401916503906,170.3855438232422,164.5398712158203,168.02914428710938,144.02992248535156,2673066,0.0,0.0
2007-12-03 00:00:00+05:30,171.29185485839844,176.2765350341797,168.66355895996094,173.92013549804688,149.07948303222656,2460663,0.0,0.0
2007-12-04 00:00:00+05:30,173.10446166992188,177.1375274658203,171.29185485839844,176.23121643066406,151.06051635742188,2435169,0.0,0.0
2007-12-05 00:00:00+05:30,176.8203125,181.98626708984375,174.55455017089844,180.85337829589844,155.0225067138672,3212361,0.0,0.0
2007-12-06 00:00:00+05:30,182.66598510742188,183.0285186767578,173.73887634277344,175.0530242919922,150.05056762695312,3180699,0.0,0.0
2007-12-07 00:00:00+05:30,175.0530242919922,178.45166015625,167.7572479248047,170.29490661621094,145.97206115722656,4959838,0.0,0.0
2007-12-10 00:00:00+05:30,170.3855438232422,176.36715698242188,170.29490661621094,175.18896484375,150.1671142578125,1947740,0.0,0.0
2007-12-11 00:00:00+05:30,181.0799560546875,181.71437072753906,175.37022399902344,180.12832641601562,154.40098571777344,3009645,0.0,0.0
2007-12-12 00:00:00+05:30,178.54229736328125,188.42103576660156,176.7296905517578,186.92562866210938,160.22747802734375,6796963,0.0,0.0
2007-12-13 00:00:00+05:30,188.51165771484375,195.26364135742188,187.15220642089844,189.6898651123047,162.5968475341797,10637084,0.0,0.0
2007-12-14 00:00:00+05:30,192.1368865966797,196.6684112548828,188.96481323242188,193.22445678710938,165.6266326904297,5078063,0.0,0.0
2007-12-17 00:00:00+05:30,192.72598266601562,192.9525604248047,178.54229736328125,181.98626708984375,155.99354553222656,3901089,0.0,0.0
2007-12-18 00:00:00+05:30,192.1368865966797,192.1368865966797,175.37022399902344,180.58148193359375,154.78944396972656,3434920,0.0,0.0
2007-12-19 00:00:00+05:30,183.07382202148438,184.52391052246094,173.19508361816406,179.90174865722656,154.20675659179688,3610880,0.0,0.0
2007-12-20 00:00:00+05:30,185.339599609375,185.70211791992188,179.8564453125,180.58148193359375,154.78944396972656,2987341,0.0,0.0
2007-12-24 00:00:00+05:30,181.26121520996094,184.43328857421875,180.3549041748047,182.53004455566406,156.4596710205078,2277434,0.0,0.0
2007-12-26 00:00:00+05:30,182.25814819335938,191.68373107910156,182.25814819335938,189.87112426757812,162.75222778320312,3599172,0.0,0.0
2007-12-27 00:00:00+05:30,190.41490173339844,196.21527099609375,189.87112426757812,191.18527221679688,163.8787078857422,5885155,0.0,0.0
2007-12-28 00:00:00+05:30,191.23057556152344,194.85580444335938,188.69293212890625,192.68067932128906,165.16050720214844,1967548,0.0,0.0
2007-12-31 00:00:00+05:30,193.58697509765625,200.70147705078125,193.08851623535156,194.71986389160156,166.9084014892578,2858682,0.0,0.0
2008-01-01 00:00:00+05:30,195.76211547851562,197.6653594970703,193.4057159423828,195.3089599609375,167.41339111328125,1408592,0.0,0.0
2008-01-02 00:00:00+05:30,197.30282592773438,199.11544799804688,190.59616088867188,196.98562622070312,168.85057067871094,3015583,0.0,0.0
2008-01-03 00:00:00+05:30,197.57472229003906,200.65615844726562,191.7290496826172,192.9978790283203,165.43240356445312,2793263,0.0,0.0
2008-01-04 00:00:00+05:30,194.85580444335938,200.20301818847656,193.54165649414062,199.2967071533203,170.83160400390625,4763906,0.0,0.0
2008-01-07 00:00:00+05:30,196.6684112548828,198.4810333251953,192.1368865966797,197.57472229003906,169.35552978515625,4374757,0.0,0.0
2008-01-08 00:00:00+05:30,196.6684112548828,197.93724060058594,186.6990509033203,189.32733154296875,162.28614807128906,2372241,0.0,0.0
2008-01-09 00:00:00+05:30,190.32427978515625,194.53860473632812,185.79273986816406,192.09156799316406,164.655517578125,1975643,0.0,0.0
2008-01-10 00:00:00+05:30,192.1368865966797,192.90724182128906,181.03463745117188,182.4394073486328,156.38197326660156,2022069,0.0,0.0
2008-01-11 00:00:00+05:30,183.98013305664062,185.61148071289062,178.7235565185547,183.16445922851562,157.00350952148438,1477635,0.0,0.0
2008-01-14 00:00:00+05:30,185.70211791992188,187.56004333496094,181.44247436523438,182.66598510742188,156.57620239257812,1565206,0.0,0.0
2008-01-15 00:00:00+05:30,183.5269775390625,184.88644409179688,175.95932006835938,179.1313934326172,153.54649353027344,2216145,0.0,0.0
2008-01-16 00:00:00+05:30,176.7296905517578,176.7296905517578,168.79949951171875,173.2404022216797,148.49684143066406,2802610,0.0,0.0
2008-01-17 00:00:00+05:30,172.19815063476562,174.9170684814453,167.89320373535156,173.19508361816406,148.4580078125,2437546,0.0,0.0
2008-01-18 00:00:00+05:30,174.01077270507812,175.50616455078125,166.0352783203125,167.7572479248047,143.79685974121094,3364212,0.0,0.0
2008-01-21 00:00:00+05:30,167.6666259765625,167.6666259765625,135.99122619628906,151.03590393066406,129.46376037597656,3646755,0.0,0.0
2008-01-22 00:00:00+05:30,140.47744750976562,158.6035614013672,126.88285064697266,135.2208709716797,115.9075698852539,4014271,0.0,0.0
2008-01-23 00:00:00+05:30,126.88285064697266,151.35311889648438,126.88285064697266,145.1902313232422,124.4530029296875,2767557,0.0,0.0
2008-01-24 00:00:00+05:30,146.73095703125,153.48294067382812,133.7254638671875,136.0365447998047,116.60675811767578,3466364,0.0,0.0
2008-01-25 00:00:00+05:30,139.57113647460938,163.04446411132812,138.211669921875,157.4253692626953,134.94064331054688,3465152,0.0,0.0
2008-01-28 00:00:00+05:30,154.97833251953125,159.37391662597656,145.915283203125,157.4253692626953,134.94064331054688,2312073,0.0,0.0
2008-01-29 00:00:00+05:30,156.9722137451172,165.3102264404297,153.61888122558594,162.68194580078125,139.4464569091797,3480240,0.0,0.0
2008-01-30 00:00:00+05:30,161.2318572998047,163.04446411132812,156.79095458984375,159.7364501953125,136.921630859375,3806828,0.0,0.0
2008-01-31 00:00:00+05:30,159.50987243652344,159.50987243652344,140.47744750976562,148.58888244628906,127.36626434326172,6423984,0.0,0.0
2008-02-01 00:00:00+05:30,153.9813995361328,161.775634765625,145.915283203125,160.9599609375,137.9703826904297,4073625,0.0,0.0
2008-02-04 00:00:00+05:30,166.1259002685547,172.10752868652344,158.96607971191406,162.09283447265625,138.94146728515625,2801685,0.0,0.0
2008-02-05 00:00:00+05:30,161.41311645507812,166.30715942382812,156.11122131347656,165.2196044921875,141.6216278076172,2633976,0.0,0.0
2008-02-06 00:00:00+05:30,155.92996215820312,160.2349090576172,154.97833251953125,156.2018585205078,133.89187622070312,1735183,0.0,0.0
2008-02-07 00:00:00+05:30,156.79095458984375,158.512939453125,145.915283203125,147.04815673828125,126.04559326171875,2821325,0.0,0.0
2008-02-08 00:00:00+05:30,149.4498748779297,152.25941467285156,143.1963653564453,145.099609375,124.37533569335938,2825030,0.0,0.0
2008-02-11 00:00:00+05:30,144.9183349609375,145.915283203125,135.94590759277344,138.03041076660156,118.31584930419922,3770892,0.0,0.0
2008-02-12 00:00:00+05:30,140.38681030273438,142.51663208007812,135.71932983398438,136.9881591796875,117.42245483398438,3051709,0.0,0.0
2008-02-13 00:00:00+05:30,138.66482543945312,141.74627685546875,133.13636779785156,135.53807067871094,116.17947387695312,1053145,0.0,0.0
2008-02-14 00:00:00+05:30,139.57113647460938,149.9030303955078,139.57113647460938,148.31698608398438,127.13317108154297,3187191,0.0,0.0
2008-02-15 00:00:00+05:30,147.72789001464844,163.95077514648438,145.00897216796875,161.59437561035156,138.51419067382812,5028328,0.0,0.0
2008-02-18 00:00:00+05:30,162.4553680419922,167.6666259765625,159.28329467773438,166.89627075195312,143.05886840820312,3995596,0.0,0.0
2008-02-19 00:00:00+05:30,167.71194458007812,170.65744018554688,159.14735412597656,162.50067138671875,139.29107666015625,4325138,0.0,0.0
2008-02-20 00:00:00+05:30,162.9991455078125,165.7633819580078,157.96914672851562,160.50680541992188,137.58197021484375,2485743,0.0,0.0
2008-02-21 00:00:00+05:30,162.22879028320312,173.01382446289062,162.22879028320312,171.06527709960938,146.63241577148438,3980836,0.0,0.0
2008-02-22 00:00:00+05:30,171.29185485839844,176.50311279296875,166.76031494140625,174.0560760498047,149.196044921875,5401115,0.0,0.0
2008-02-25 00:00:00+05:30,175.0530242919922,179.26734924316406,167.71194458007812,178.17977905273438,152.73074340820312,4004084,0.0,0.0
2008-02-26 00:00:00+05:30,180.2642822265625,182.0315704345703,177.2281494140625,179.67518615722656,154.01255798339844,3217787,0.0,0.0
2008-02-27 00:00:00+05:30,180.8080596923828,185.70211791992188,176.09527587890625,177.59066772460938,152.2257843017578,5275049,0.0,0.0
2008-02-28 00:00:00+05:30,177.635986328125,185.79273986816406,175.37022399902344,185.1583251953125,158.7125701904297,7737723,0.0,0.0
2008-02-29 00:00:00+05:30,183.34571838378906,184.88644409179688,175.82337951660156,183.61761474609375,157.39190673828125,7329421,0.0,0.0
2008-03-03 00:00:00+05:30,177.9078826904297,183.61761474609375,169.5698699951172,172.3341064453125,147.7200164794922,6349132,0.0,0.0
2008-03-04 00:00:00+05:30,172.19815063476562,183.5269775390625,169.705810546875,181.53311157226562,155.60513305664062,5867964,0.0,0.0
2008-03-05 00:00:00+05:30,181.26121520996094,190.9586944580078,178.67823791503906,188.37571716308594,161.47042846679688,9054117,0.0,0.0
2008-03-07 00:00:00+05:30,185.8833770751953,186.6990509033203,172.28878784179688,178.08914184570312,152.65306091308594,3758428,0.0,0.0
2008-03-10 00:00:00+05:30,175.82337951660156,182.4394073486328,169.11671447753906,178.67823791503906,153.1580047607422,3946753,0.0,0.0
2008-03-11 00:00:00+05:30,177.5453643798828,186.1552734375,173.19508361816406,184.11607360839844,157.81919860839844,4465164,0.0,0.0
2008-03-12 00:00:00+05:30,185.79273986816406,187.60536193847656,170.9293212890625,173.82949829101562,149.00180053710938,4666106,0.0,0.0
2008-03-13 00:00:00+05:30,167.7572479248047,171.15589904785156,156.5643768310547,157.60662841796875,135.09600830078125,5560594,0.0,0.0
2008-03-14 00:00:00+05:30,159.50987243652344,167.6666259765625,158.6035614013672,164.9023895263672,141.34974670410156,3281609,0.0,0.0
2008-03-17 00:00:00+05:30,163.04446411132812,163.04446411132812,146.91221618652344,148.86077880859375,127.59932708740234,4888949,0.0,0.0
2008-03-18 00:00:00+05:30,147.72789001464844,152.25941467285156,143.78546142578125,146.14186096191406,125.26873779296875,3698281,0.0,0.0
2008-03-19 00:00:00+05:30,149.4498748779297,152.7125701904297,138.66482543945312,140.1602325439453,120.14146423339844,5324553,0.0,0.0
2008-03-24 00:00:00+05:30,145.915283203125,154.02671813964844,133.7254638671875,139.57113647460938,119.63648223876953,3014824,0.0,0.0
2008-03-25 00:00:00+05:30,141.3837432861328,150.44680786132812,141.3837432861328,147.77320861816406,126.66708374023438,2423766,0.0,0.0
2008-03-26 00:00:00+05:30,148.86077880859375,151.8062744140625,144.19329833984375,146.68563842773438,125.73485565185547,3048221,0.0,0.0
2008-03-27 00:00:00+05:30,143.5588836669922,160.2349090576172,143.5588836669922,156.92689514160156,134.5133514404297,6870638,0.0,0.0
2008-03-28 00:00:00+05:30,159.50987243652344,160.32554626464844,154.97833251953125,158.9207763671875,136.22247314453125,2258501,0.0,0.0
2008-03-31 00:00:00+05:30,158.1957244873047,161.18653869628906,147.90914916992188,149.63113403320312,128.25965881347656,3369336,0.0,0.0
2008-04-01 00:00:00+05:30,145.099609375,156.7003173828125,145.099609375,152.16879272460938,130.4348602294922,2333336,0.0,0.0
2008-04-02 00:00:00+05:30,158.6035614013672,158.6035614013672,149.63113403320312,150.76402282714844,129.23074340820312,1410017,0.0,0.0
2008-04-03 00:00:00+05:30,149.54049682617188,158.3316650390625,149.54049682617188,154.7970733642578,132.687744140625,2510032,0.0,0.0
2008-04-04 00:00:00+05:30,139.7523956298828,156.79095458984375,139.7523956298828,152.93914794921875,131.09519958496094,1965391,0.0,0.0
2008-04-07 00:00:00+05:30,153.25636291503906,157.69725036621094,150.89996337890625,156.9722137451172,134.55221557617188,1488401,0.0,0.0
2008-04-08 00:00:00+05:30,154.97833251953125,157.24411010742188,151.85157775878906,153.80014038085938,131.8332061767578,2081540,0.0,0.0
2008-04-09 00:00:00+05:30,154.97833251953125,157.47067260742188,152.7125701904297,156.7003173828125,134.31915283203125,1902177,0.0,0.0
2008-04-10 00:00:00+05:30,156.7003173828125,161.2318572998047,156.7003173828125,157.56130981445312,135.05714416503906,1746238,0.0,0.0
2008-04-11 00:00:00+05:30,159.50987243652344,162.68194580078125,157.69725036621094,159.8723907470703,137.03817749023438,2312454,0.0,0.0
2008-04-15 00:00:00+05:30,157.69725036621094,160.6427459716797,156.11122131347656,157.3800506591797,134.90182495117188,1898614,0.0,0.0
2008-04-16 00:00:00+05:30,159.50987243652344,162.1834716796875,158.6488800048828,159.96302795410156,137.1158447265625,1264243,0.0,0.0
2008-04-17 00:00:00+05:30,160.41616821289062,170.20428466796875,160.41616821289062,169.1620330810547,145.0009765625,2432337,0.0,0.0
2008-04-21 00:00:00+05:30,171.29185485839844,176.18589782714844,170.8386993408203,174.2373504638672,149.35140991210938,2281980,0.0,0.0
2008-04-22 00:00:00+05:30,173.10446166992188,177.1375274658203,170.521484375,175.00770568847656,150.01173400878906,2358357,0.0,0.0
2008-04-23 00:00:00+05:30,176.7296905517578,176.7296905517578,168.7541961669922,170.521484375,146.166259765625,1049272,0.0,0.0
2008-04-24 00:00:00+05:30,167.8025665283203,173.92013549804688,166.76031494140625,170.74806213378906,146.36048889160156,3127190,0.0,0.0
2008-04-25 00:00:00+05:30,170.74806213378906,173.10446166992188,168.79949951171875,171.7449951171875,147.21502685546875,1221529,0.0,0.0
2008-04-28 00:00:00+05:30,176.63905334472656,176.63905334472656,168.66355895996094,169.25265502929688,145.0786590576172,692066,0.0,0.0
2008-04-29 00:00:00+05:30,170.74806213378906,181.1705780029297,168.66355895996094,179.67518615722656,154.01255798339844,3041236,0.0,0.0
2008-04-30 00:00:00+05:30,181.1705780029297,182.07688903808594,173.42166137695312,175.68743896484375,150.5944061279297,3946560,0.0,0.0
2008-05-02 00:00:00+05:30,179.4486083984375,179.4486083984375,167.7572479248047,168.52761840820312,144.45716857910156,5140081,0.0,0.0
2008-05-05 00:00:00+05:30,168.52761840820312,169.5698699951172,163.76950073242188,166.1712188720703,142.43734741210938,3239419,0.0,0.0
2008-05-06 00:00:00+05:30,166.76031494140625,169.0260772705078,163.406982421875,164.811767578125,141.27207946777344,3436077,0.0,0.0
2008-05-07 00:00:00+05:30,165.40086364746094,167.16815185546875,159.50987243652344,162.63662719726562,139.4075927734375,2094701,0.0,0.0
2008-05-08 00:00:00+05:30,162.22879028320312,165.3102264404297,159.96302795410156,163.6788787841797,140.3009796142578,920185,0.0,0.0
2008-05-09 00:00:00+05:30,155.2049102783203,163.58824157714844,155.2049102783203,157.15347290039062,134.70753479003906,1834863,0.0,0.0
2008-05-12 00:00:00+05:30,158.512939453125,160.77870178222656,151.8968963623047,158.512939453125,135.8728790283203,1793484,0.0,0.0
2008-05-13 00:00:00+05:30,160.41616821289062,167.21347045898438,159.10203552246094,163.08978271484375,139.79603576660156,3174393,0.0,0.0
2008-05-14 00:00:00+05:30,161.32247924804688,176.63905334472656,161.32247924804688,174.28265380859375,149.39024353027344,8434427,0.0,0.0
2008-05-15 00:00:00+05:30,174.28265380859375,187.0615692138672,173.19508361816406,184.88644409179688,158.47950744628906,9663261,0.0,0.0
2008-05-16 00:00:00+05:30,184.88644409179688,186.6537322998047,179.35797119140625,184.38796997070312,158.05223083496094,7907600,0.0,0.0
2008-05-20 00:00:00+05:30,184.88644409179688,184.88644409179688,177.31878662109375,180.53616333007812,154.75059509277344,5890516,0.0,0.0
2008-05-21 00:00:00+05:30,179.1767120361328,182.89256286621094,176.77499389648438,178.8594970703125,153.31336975097656,5506682,0.0,0.0
2008-05-22 00:00:00+05:30,177.635986328125,180.53616333007812,173.33103942871094,179.1313934326172,153.54649353027344,3150162,0.0,0.0
2008-05-23 00:00:00+05:30,179.4486083984375,180.4002227783203,172.56068420410156,174.9170684814453,149.9340362548828,4094435,0.0,0.0
2008-05-26 00:00:00+05:30,172.19815063476562,176.2765350341797,167.71194458007812,168.70887756347656,144.612548828125,4064008,0.0,0.0
2008-05-27 00:00:00+05:30,171.2012176513672,171.7449951171875,167.3947296142578,168.2104034423828,144.18528747558594,2564816,0.0,0.0
2008-05-28 00:00:00+05:30,168.57293701171875,179.90174865722656,166.76031494140625,178.0438232421875,152.6142120361328,3309971,0.0,0.0
2008-05-29 00:00:00+05:30,180.2642822265625,180.2642822265625,169.1620330810547,171.56373596191406,147.0596466064453,2679749,0.0,0.0
2008-05-30 00:00:00+05:30,174.9170684814453,178.90481567382812,172.24346923828125,174.28265380859375,149.39024353027344,3077220,0.0,0.0
2008-06-02 00:00:00+05:30,170.3855438232422,174.7811279296875,156.9722137451172,165.3102264404297,141.69931030273438,2377809,0.0,0.0
2008-06-03 00:00:00+05:30,160.41616821289062,169.8417510986328,158.83013916015625,167.6666259765625,143.71914672851562,1725481,0.0,0.0
2008-06-04 00:00:00+05:30,165.89932250976562,169.47923278808594,159.60049438476562,161.68499755859375,138.59188842773438,3202154,0.0,0.0
2008-06-05 00:00:00+05:30,161.3677978515625,166.30715942382812,156.79095458984375,164.9023895263672,141.34974670410156,2704979,0.0,0.0
2008-06-06 00:00:00+05:30,165.94464111328125,167.62130737304688,158.15040588378906,159.10203552246094,136.37782287597656,1451667,0.0,0.0
2008-06-09 00:00:00+05:30,154.07203674316406,161.2318572998047,153.5282440185547,159.14735412597656,136.4166717529297,1716887,0.0,0.0
2008-06-10 00:00:00+05:30,158.6035614013672,163.49761962890625,156.79095458984375,159.69113159179688,136.88279724121094,1698179,0.0,0.0
2008-06-11 00:00:00+05:30,159.50987243652344,163.406982421875,159.0113983154297,160.46148681640625,137.54310607910156,830072,0.0,0.0
2008-06-12 00:00:00+05:30,156.6096954345703,163.04446411132812,156.6096954345703,160.91464233398438,137.93154907226562,787160,0.0,0.0
2008-06-13 00:00:00+05:30,162.22879028320312,162.22879028320312,158.6035614013672,159.55519104003906,136.76625061035156,916434,0.0,0.0
2008-06-16 00:00:00+05:30,163.36166381835938,163.36166381835938,154.43455505371094,155.29554748535156,133.11502075195312,3331034,0.0,0.0
2008-06-17 00:00:00+05:30,156.7003173828125,158.46762084960938,153.1657257080078,156.5643768310547,134.20262145996094,2117363,0.0,0.0
2008-06-18 00:00:00+05:30,156.74563598632812,160.6880645751953,156.5643768310547,158.2410430908203,135.6398162841797,1578254,0.0,0.0
2008-06-19 00:00:00+05:30,156.79095458984375,159.8723907470703,153.25636291503906,156.06590270996094,133.7753448486328,1657030,0.0,0.0
2008-06-20 00:00:00+05:30,157.06283569335938,157.69725036621094,143.78546142578125,146.09654235839844,125.22991180419922,3748099,0.0,0.0
2008-06-23 00:00:00+05:30,145.915283203125,145.915283203125,133.0004119873047,134.49581909179688,115.28606414794922,3869784,0.0,0.0
2008-06-24 00:00:00+05:30,136.80690002441406,136.8522186279297,128.9673614501953,131.2784423828125,112.5282211303711,2733098,0.0,0.0
2008-06-25 00:00:00+05:30,126.88285064697266,137.21473693847656,125.97654724121094,134.58645629882812,115.3637466430664,3907149,0.0,0.0
2008-06-26 00:00:00+05:30,135.94590759277344,136.8522186279297,128.9673614501953,131.14248657226562,112.41168975830078,4345836,0.0,0.0
2008-06-27 00:00:00+05:30,127.78915405273438,131.09716796875,125.47807312011719,126.38438415527344,108.33317565917969,2878253,0.0,0.0
2008-06-30 00:00:00+05:30,132.27537536621094,132.27537536621094,125.61402130126953,128.9673614501953,110.54723358154297,2288386,0.0,0.0
2008-07-01 00:00:00+05:30,129.69239807128906,131.95816040039062,120.17618560791016,122.12474060058594,104.68191528320312,2542295,0.0,0.0
2008-07-02 00:00:00+05:30,122.351318359375,130.50807189941406,121.80753326416016,129.14862060546875,110.70260620117188,2082529,0.0,0.0
2008-07-03 00:00:00+05:30,124.29988098144531,128.69546508789062,120.99185943603516,122.84978485107422,105.30342102050781,960664,0.0,0.0
2008-07-04 00:00:00+05:30,125.07023620605469,126.74690246582031,122.57789611816406,125.34213256835938,107.43977355957031,627373,0.0,0.0
2008-07-07 00:00:00+05:30,126.88285064697266,130.87059020996094,125.29681396484375,128.87672424316406,110.46955108642578,1162600,0.0,0.0
2008-07-08 00:00:00+05:30,127.38131713867188,133.63482666015625,125.97654724121094,131.686279296875,112.87781524658203,1300867,0.0,0.0
2008-07-09 00:00:00+05:30,133.90672302246094,135.9005889892578,128.42356872558594,132.00347900390625,113.14971160888672,3307176,0.0,0.0
2008-07-10 00:00:00+05:30,132.00347900390625,141.02122497558594,127.83447265625,138.80078125,118.97616577148438,5138609,0.0,0.0
2008-07-11 00:00:00+05:30,138.75546264648438,144.9183349609375,137.75852966308594,140.65870666503906,120.56874084472656,7440956,0.0,0.0
2008-07-14 00:00:00+05:30,139.57113647460938,141.29312133789062,134.58645629882812,135.99122619628906,116.56791687011719,2321871,0.0,0.0
2008-07-15 00:00:00+05:30,134.17861938476562,134.17861938476562,124.3451919555664,125.25149536132812,107.36210632324219,2593387,0.0,0.0
2008-07-16 00:00:00+05:30,125.97654724121094,129.51113891601562,122.89510345458984,124.25456237792969,106.50753784179688,1995854,0.0,0.0
2008-07-17 00:00:00+05:30,126.92816925048828,129.14862060546875,121.58096313476562,126.33906555175781,108.29434204101562,2906656,0.0,0.0
2008-07-18 00:00:00+05:30,126.97348022460938,132.13941955566406,124.16393280029297,129.01266479492188,110.5860824584961,2265080,0.0,0.0
2008-07-21 00:00:00+05:30,130.05491638183594,130.46275329589844,126.20311737060547,129.28456115722656,110.81912231445312,2082167,0.0,0.0
2008-07-22 00:00:00+05:30,131.09716796875,135.58338928222656,129.14862060546875,133.8160858154297,114.70340728759766,2058007,0.0,0.0
2008-07-23 00:00:00+05:30,136.39906311035156,139.93365478515625,135.13023376464844,137.7132110595703,118.04391479492188,2882473,0.0,0.0
2008-07-24 00:00:00+05:30,139.11798095703125,139.11798095703125,134.76771545410156,137.8038330078125,118.12161254882812,1409252,0.0,0.0
2008-07-25 00:00:00+05:30,135.94590759277344,142.15411376953125,134.35987854003906,135.40213012695312,116.06293487548828,2472251,0.0,0.0
2008-07-28 00:00:00+05:30,136.0365447998047,137.75852966308594,132.00347900390625,132.45663452148438,113.53813934326172,3038300,0.0,0.0
2008-07-29 00:00:00+05:30,133.58950805664062,133.58950805664062,125.11555480957031,126.15780639648438,108.13895416259766,3288272,0.0,0.0
2008-07-30 00:00:00+05:30,127.33600616455078,128.69546508789062,125.79528045654297,126.83753204345703,108.72161102294922,3833516,0.0,0.0
2008-07-31 00:00:00+05:30,126.88285064697266,129.60177612304688,126.88285064697266,128.1063690185547,109.80921936035156,2821621,0.0,0.0
2008-08-01 00:00:00+05:30,128.60482788085938,129.60177612304688,125.97654724121094,127.78915405273438,109.53731536865234,3218536,0.0,0.0
2008-08-04 00:00:00+05:30,129.4658203125,129.51113891601562,126.79222106933594,128.83140563964844,110.4306869506836,2193602,0.0,0.0
2008-08-05 00:00:00+05:30,129.51113891601562,131.23312377929688,126.06717681884766,129.10330200195312,110.66376495361328,3370495,0.0,0.0
2008-08-06 00:00:00+05:30,130.50807189941406,131.7769012451172,127.83447265625,128.46888732910156,110.11994171142578,1381340,0.0,0.0
2008-08-07 00:00:00+05:30,129.60177612304688,130.87059020996094,127.83447265625,129.10330200195312,110.66376495361328,1321203,0.0,0.0
2008-08-08 00:00:00+05:30,127.15473937988281,131.8222198486328,127.15473937988281,131.2784423828125,112.5282211303711,1841359,0.0,0.0
2008-08-11 00:00:00+05:30,132.77383422851562,133.13636779785156,130.37213134765625,130.91590881347656,112.21746063232422,1467890,0.0,0.0
2008-08-12 00:00:00+05:30,131.59564208984375,131.7769012451172,128.60482788085938,129.0579833984375,110.62490844726562,1039706,0.0,0.0
2008-08-13 00:00:00+05:30,128.60482788085938,128.650146484375,126.11248779296875,126.52032470703125,108.4496841430664,1823320,0.0,0.0
2008-08-14 00:00:00+05:30,123.75609588623047,127.51726531982422,122.44194793701172,123.21231079101562,105.61415100097656,2092308,0.0,0.0
2008-08-18 00:00:00+05:30,123.25762939453125,123.25762939453125,116.32438659667969,117.41194915771484,100.64225006103516,6678520,0.0,0.0
2008-08-19 00:00:00+05:30,116.77753448486328,120.81060028076172,114.421142578125,120.13086700439453,102.97283172607422,7351895,0.0,0.0
2008-08-20 00:00:00+05:30,121.8981704711914,122.12474060058594,120.17618560791016,121.08248901367188,103.78852844238281,2147859,0.0,0.0
2008-08-21 00:00:00+05:30,121.08248901367188,121.39969635009766,115.87123107910156,116.4150161743164,99.78771209716797,1516528,0.0,0.0
2008-08-22 00:00:00+05:30,117.81979370117188,122.80447387695312,116.91348266601562,122.03411102294922,104.604248046875,2684988,0.0,0.0
2008-08-25 00:00:00+05:30,123.25762939453125,124.39051055908203,121.26375579833984,121.8981704711914,104.48770904541016,1864393,0.0,0.0
2008-08-26 00:00:00+05:30,120.13086700439453,123.21231079101562,120.13086700439453,122.89510345458984,105.34226989746094,2117546,0.0,0.0
2008-08-27 00:00:00+05:30,122.94042205810547,126.83753204345703,122.80447387695312,126.15780639648438,108.13895416259766,3346066,0.0,0.0
2008-08-28 00:00:00+05:30,128.89999389648438,128.89999389648438,119.5,120.5999984741211,104.7673568725586,13062175,1.676666,0.0
2008-08-29 00:00:00+05:30,124.69999694824219,124.69999694824219,122.0,122.4000015258789,106.33104705810547,5022602,0.0,0.0
2008-09-01 00:00:00+05:30,122.0,124.0,121.0999984741211,122.1500015258789,106.11385345458984,6069073,0.0,0.0
2008-09-02 00:00:00+05:30,122.4000015258789,125.4000015258789,121.80000305175781,123.8499984741211,107.59068298339844,5702010,0.0,0.0
2008-09-04 00:00:00+05:30,127.0,127.4000015258789,121.9000015258789,126.69999694824219,110.06651306152344,2694563,0.0,0.0
2008-09-05 00:00:00+05:30,126.0,126.30000305175781,123.19999694824219,123.69999694824219,107.46036529541016,2268197,0.0,0.0
2008-09-08 00:00:00+05:30,125.0,128.8000030517578,125.0,125.8499984741211,109.32810974121094,2416133,0.0,0.0
2008-09-09 00:00:00+05:30,125.0,126.5,123.0999984741211,126.0999984741211,109.54528045654297,1320987,0.0,0.0
2008-09-10 00:00:00+05:30,126.0,127.8499984741211,123.0,124.75,108.37252044677734,3539133,0.0,0.0
2008-09-11 00:00:00+05:30,124.0,124.0,121.3499984741211,122.3499984741211,106.28759765625,1019240,0.0,0.0
2008-09-12 00:00:00+05:30,123.0,124.69999694824219,120.6500015258789,121.3499984741211,105.41889190673828,891049,0.0,0.0
2008-09-15 00:00:00+05:30,120.0,121.3499984741211,112.6500015258789,115.30000305175781,100.16315460205078,1725602,0.0,0.0
2008-09-16 00:00:00+05:30,110.0,115.4000015258789,109.5,113.6500015258789,98.72976684570312,3296864,0.0,0.0
2008-09-17 00:00:00+05:30,115.0,115.30000305175781,111.80000305175781,112.69999694824219,97.90447235107422,1922684,0.0,0.0
2008-09-18 00:00:00+05:30,111.1500015258789,113.0,106.1500015258789,112.5,97.73072814941406,2261224,0.0,0.0
2008-09-19 00:00:00+05:30,113.25,115.0,111.0,112.94999694824219,98.12165069580078,5630197,0.0,0.0
2008-09-22 00:00:00+05:30,114.69999694824219,114.69999694824219,109.1500015258789,110.5,95.99329376220703,2471962,0.0,0.0
2008-09-23 00:00:00+05:30,109.0,110.69999694824219,106.4000015258789,108.44999694824219,94.2124252319336,3269817,0.0,0.0
2008-09-24 00:00:00+05:30,109.0,110.25,107.19999694824219,108.75,94.47305297851562,2694372,0.0,0.0
2008-09-25 00:00:00+05:30,109.5,109.80000305175781,103.55000305175781,104.30000305175781,90.6072769165039,4929590,0.0,0.0
2008-09-26 00:00:00+05:30,104.5,105.0,98.55000305175781,99.3499984741211,86.30708312988281,4711477,0.0,0.0
2008-09-29 00:00:00+05:30,99.3499984741211,99.9000015258789,95.69999694824219,96.69999694824219,84.00499725341797,2932160,0.0,0.0
2008-09-30 00:00:00+05:30,90.0,99.5999984741211,90.0,98.25,85.35150146484375,2862594,0.0,0.0
2008-10-01 00:00:00+05:30,99.9000015258789,100.0,96.05000305175781,98.94999694824219,85.9595947265625,2768717,0.0,0.0
2008-10-03 00:00:00+05:30,95.05000305175781,99.80000305175781,95.05000305175781,97.19999694824219,84.43933868408203,2933615,0.0,0.0
2008-10-06 00:00:00+05:30,95.75,98.5,95.3499984741211,96.44999694824219,83.78779602050781,4882396,0.0,0.0
2008-10-07 00:00:00+05:30,96.5,98.0,93.94999694824219,95.0999984741211,82.61504364013672,4445249,0.0,0.0
2008-10-08 00:00:00+05:30,94.0,94.4000015258789,85.5,90.80000305175781,78.87957763671875,9882050,0.0,0.0
2008-10-10 00:00:00+05:30,88.94999694824219,92.80000305175781,78.0,80.80000305175781,70.19239044189453,14519554,0.0,0.0
2008-10-13 00:00:00+05:30,85.0,90.0,82.4000015258789,89.0999984741211,77.40274047851562,3095162,0.0,0.0
2008-10-14 00:00:00+05:30,94.5,94.9000015258789,84.0999984741211,85.1500015258789,73.9713134765625,4184813,0.0,0.0
2008-10-15 00:00:00+05:30,84.44999694824219,84.44999694824219,78.3499984741211,78.94999694824219,68.58525848388672,2430844,0.0,0.0
2008-10-16 00:00:00+05:30,75.0,75.0,67.0,68.8499984741211,59.81121063232422,5084240,0.0,0.0
2008-10-17 00:00:00+05:30,70.0,71.4000015258789,62.20000076293945,63.79999923706055,55.424190521240234,7555308,0.0,0.0
2008-10-20 00:00:00+05:30,65.0,69.5999984741211,63.79999923706055,65.55000305175781,56.94444274902344,5567606,0.0,0.0
2008-10-21 00:00:00+05:30,66.0999984741211,68.5,61.650001525878906,64.25,55.81510925292969,9552053,0.0,0.0
2008-10-22 00:00:00+05:30,64.0,65.0,59.0,60.45000076293945,52.51398849487305,6058887,0.0,0.0
2008-10-23 00:00:00+05:30,58.900001525878906,58.900001525878906,51.099998474121094,52.45000076293945,45.564239501953125,7982580,0.0,0.0
2008-10-24 00:00:00+05:30,52.45000076293945,52.45000076293945,39.54999923706055,43.29999923706055,37.615474700927734,45474984,0.0,0.0
2008-10-27 00:00:00+05:30,44.099998474121094,45.79999923706055,38.0,40.400001525878906,35.096195220947266,21496546,0.0,0.0
2008-10-29 00:00:00+05:30,45.900001525878906,56.29999923706055,44.79999923706055,53.150001525878906,46.17234420776367,48709734,0.0,0.0
2008-10-31 00:00:00+05:30,55.150001525878906,62.0,52.0,60.5,52.55741500854492,34649169,0.0,0.0
2008-11-03 00:00:00+05:30,63.0,66.5,62.150001525878906,63.45000076293945,55.12012481689453,12102862,0.0,0.0
2008-11-04 00:00:00+05:30,63.5,65.0,60.099998474121094,64.05000305175781,55.641361236572266,16314874,0.0,0.0
2008-11-05 00:00:00+05:30,65.0,67.4000015258789,60.099998474121094,61.349998474121094,53.29582214355469,8436908,0.0,0.0
2008-11-06 00:00:00+05:30,59.0,61.349998474121094,55.099998474121094,56.54999923706055,49.12598419189453,11530417,0.0,0.0
2008-11-07 00:00:00+05:30,57.900001525878906,63.900001525878906,55.099998474121094,60.29999923706055,52.3836784362793,16565508,0.0,0.0
2008-11-10 00:00:00+05:30,62.5,68.80000305175781,61.25,66.9000015258789,58.11720657348633,15931670,0.0,0.0
2008-11-11 00:00:00+05:30,65.0,65.4000015258789,59.5,60.150001525878906,52.253360748291016,10526002,0.0,0.0
2008-11-12 00:00:00+05:30,58.0,59.650001525878906,55.29999923706055,56.599998474121094,49.16941833496094,9211644,0.0,0.0
2008-11-14 00:00:00+05:30,58.0,59.150001525878906,55.650001525878906,56.650001525878906,49.212852478027344,6379958,0.0,0.0
2008-11-17 00:00:00+05:30,57.650001525878906,57.650001525878906,52.599998474121094,54.54999923706055,47.3885498046875,6611442,0.0,0.0
2008-11-18 00:00:00+05:30,65.0,65.0,51.79999923706055,52.900001525878906,45.95516586303711,4480481,0.0,0.0
2008-11-19 00:00:00+05:30,53.150001525878906,55.5,49.95000076293945,50.25,43.65305709838867,4568701,0.0,0.0
2008-11-20 00:00:00+05:30,49.099998474121094,52.20000076293945,47.0,50.04999923706055,43.47932052612305,7567121,0.0,0.0
2008-11-21 00:00:00+05:30,50.25,53.599998474121094,48.099998474121094,51.95000076293945,45.1298828125,8951514,0.0,0.0
2008-11-24 00:00:00+05:30,51.29999923706055,53.400001525878906,50.150001525878906,51.75,44.95613479614258,4227077,0.0,0.0
2008-11-25 00:00:00+05:30,53.150001525878906,54.400001525878906,50.20000076293945,51.29999923706055,44.565208435058594,3532908,0.0,0.0
2008-11-26 00:00:00+05:30,51.900001525878906,53.099998474121094,49.150001525878906,52.599998474121094,45.694541931152344,4951389,0.0,0.0
2008-11-27 00:00:00+05:30,52.599998474121094,52.599998474121094,52.599998474121094,52.599998474121094,45.694541931152344,0,0.0,0.0
2008-11-28 00:00:00+05:30,55.0,55.0,50.0,52.95000076293945,45.998600006103516,21721460,0.0,0.0
2008-12-01 00:00:00+05:30,53.0,55.0,51.0,51.400001525878906,44.65208435058594,4327767,0.0,0.0
2008-12-02 00:00:00+05:30,50.79999923706055,52.650001525878906,48.099998474121094,52.099998474121094,45.260189056396484,5906965,0.0,0.0
2008-12-03 00:00:00+05:30,52.95000076293945,53.0,49.599998474121094,50.95000076293945,44.261165618896484,5138385,0.0,0.0
2008-12-04 00:00:00+05:30,52.900001525878906,52.900001525878906,48.75,52.20000076293945,45.347068786621094,8014255,0.0,0.0
2008-12-05 00:00:00+05:30,53.0,53.0,49.400001525878906,49.849998474121094,43.30557632446289,5256441,0.0,0.0
2008-12-08 00:00:00+05:30,51.650001525878906,53.349998474121094,49.599998474121094,50.75,44.0874137878418,8154205,0.0,0.0
2008-12-10 00:00:00+05:30,51.099998474121094,54.20000076293945,50.79999923706055,53.75,46.69356918334961,11416908,0.0,0.0
2008-12-11 00:00:00+05:30,54.0,55.25,49.900001525878906,51.25,44.521785736083984,10409813,0.0,0.0
2008-12-12 00:00:00+05:30,50.25,53.349998474121094,49.0,52.849998474121094,45.91172409057617,7965107,0.0,0.0
2008-12-15 00:00:00+05:30,53.900001525878906,58.75,53.0,55.849998474121094,48.51788330078125,13847368,0.0,0.0
2008-12-16 00:00:00+05:30,56.0,58.0,54.79999923706055,56.04999923706055,48.691627502441406,4783085,0.0,0.0
2008-12-17 00:00:00+05:30,57.0,58.0,53.75,54.349998474121094,47.21480178833008,6981684,0.0,0.0
2008-12-18 00:00:00+05:30,55.45000076293945,55.45000076293945,50.599998474121094,54.29999923706055,47.171363830566406,9603150,0.0,0.0
2008-12-19 00:00:00+05:30,54.849998474121094,55.45000076293945,53.04999923706055,54.099998474121094,46.99762725830078,9197812,0.0,0.0
2008-12-22 00:00:00+05:30,54.5,55.400001525878906,53.099998474121094,53.70000076293945,46.65013122558594,6399958,0.0,0.0
2008-12-23 00:00:00+05:30,52.5,53.650001525878906,50.5,51.400001525878906,44.65208435058594,6301527,0.0,0.0
2008-12-24 00:00:00+05:30,51.5,51.900001525878906,49.900001525878906,50.349998474121094,43.73991775512695,5585466,0.0,0.0
2008-12-26 00:00:00+05:30,50.900001525878906,51.849998474121094,48.20000076293945,48.54999923706055,42.17623519897461,3077481,0.0,0.0
2008-12-29 00:00:00+05:30,49.5,49.900001525878906,48.150001525878906,49.45000076293945,42.958091735839844,3305850,0.0,0.0
2008-12-30 00:00:00+05:30,49.5,51.45000076293945,49.5,50.650001525878906,44.000553131103516,4136113,0.0,0.0
2008-12-31 00:00:00+05:30,51.400001525878906,53.400001525878906,50.599998474121094,51.400001525878906,44.65208435058594,7229092,0.0,0.0
2009-01-02 00:00:00+05:30,54.900001525878906,57.25,54.900001525878906,56.04999923706055,48.691627502441406,11835593,0.0,0.0
2009-01-05 00:00:00+05:30,57.0,59.349998474121094,56.400001525878906,58.150001525878906,50.515933990478516,8918730,0.0,0.0
2009-01-06 00:00:00+05:30,58.849998474121094,60.150001525878906,56.599998474121094,58.099998474121094,50.47248840332031,6678525,0.0,0.0
2009-01-07 00:00:00+05:30,59.650001525878906,60.95000076293945,53.25,54.79999923706055,47.60572052001953,8695748,0.0,0.0
2009-01-09 00:00:00+05:30,54.0,55.900001525878906,51.79999923706055,52.599998474121094,45.694541931152344,3406603,0.0,0.0
2009-01-12 00:00:00+05:30,52.95000076293945,53.400001525878906,49.0,50.150001525878906,43.566200256347656,4728750,0.0,0.0
2009-01-13 00:00:00+05:30,50.0,51.099998474121094,47.79999923706055,48.54999923706055,42.17623519897461,3190582,0.0,0.0
2009-01-14 00:00:00+05:30,49.349998474121094,51.5,49.0,50.650001525878906,44.000553131103516,2266327,0.0,0.0
2009-01-15 00:00:00+05:30,50.099998474121094,50.099998474121094,47.599998474121094,48.25,41.91563034057617,3223379,0.0,0.0
2009-01-16 00:00:00+05:30,48.099998474121094,50.45000076293945,48.099998474121094,50.0,43.435882568359375,2006114,0.0,0.0
2009-01-19 00:00:00+05:30,52.0,52.0,50.349998474121094,50.650001525878906,44.000553131103516,3424529,0.0,0.0
2009-01-20 00:00:00+05:30,50.349998474121094,50.349998474121094,48.099998474121094,48.45000076293945,42.08937454223633,4193017,0.0,0.0
2009-01-21 00:00:00+05:30,47.5,49.900001525878906,47.04999923706055,47.400001525878906,41.17721939086914,5163464,0.0,0.0
2009-01-22 00:00:00+05:30,48.099998474121094,48.099998474121094,43.20000076293945,43.849998474121094,38.093265533447266,9644449,0.0,0.0
2009-01-23 00:00:00+05:30,43.0,44.400001525878906,41.849998474121094,43.5,37.78921890258789,4693273,0.0,0.0
2009-01-27 00:00:00+05:30,44.70000076293945,45.349998474121094,43.79999923706055,44.20000076293945,38.39732360839844,3561308,0.0,0.0
2009-01-28 00:00:00+05:30,44.45000076293945,44.650001525878906,43.75,44.349998474121094,38.527626037597656,3171309,0.0,0.0
2009-01-29 00:00:00+05:30,44.95000076293945,46.79999923706055,44.0,46.04999923706055,40.00444412231445,5983258,0.0,0.0
2009-01-30 00:00:00+05:30,45.5,50.400001525878906,44.79999923706055,48.95000076293945,42.52373504638672,9119013,0.0,0.0
2009-02-02 00:00:00+05:30,48.20000076293945,49.849998474121094,45.54999923706055,46.150001525878906,40.09131622314453,5586109,0.0,0.0
2009-02-03 00:00:00+05:30,46.599998474121094,47.29999923706055,44.04999923706055,44.900001525878906,39.00541305541992,5345086,0.0,0.0
2009-02-04 00:00:00+05:30,48.79999923706055,48.79999923706055,43.900001525878906,44.29999923706055,38.48419189453125,4887655,0.0,0.0
2009-02-05 00:00:00+05:30,45.0,45.45000076293945,43.099998474121094,43.45000076293945,37.74577713012695,4189177,0.0,0.0
2009-02-06 00:00:00+05:30,44.79999923706055,44.79999923706055,43.900001525878906,44.150001525878906,38.3538818359375,4093460,0.0,0.0
2009-02-09 00:00:00+05:30,44.95000076293945,46.5,44.25,45.95000076293945,39.917572021484375,3937981,0.0,0.0
2009-02-10 00:00:00+05:30,47.900001525878906,47.900001525878906,44.150001525878906,44.95000076293945,39.048858642578125,4038421,0.0,0.0
2009-02-11 00:00:00+05:30,46.900001525878906,46.900001525878906,44.0,44.95000076293945,39.048858642578125,3673336,0.0,0.0
2009-02-12 00:00:00+05:30,45.0,46.0,44.45000076293945,45.150001525878906,39.222599029541016,3151068,0.0,0.0
2009-02-13 00:00:00+05:30,45.900001525878906,46.45000076293945,45.5,45.75,39.743831634521484,3234137,0.0,0.0
2009-02-16 00:00:00+05:30,45.70000076293945,46.0,44.099998474121094,44.29999923706055,38.48419189453125,2830359,0.0,0.0
2009-02-17 00:00:00+05:30,43.79999923706055,44.0,41.79999923706055,42.400001525878906,36.83362579345703,4600180,0.0,0.0
2009-02-18 00:00:00+05:30,41.650001525878906,42.5,40.650001525878906,41.599998474121094,36.1386604309082,3422807,0.0,0.0
2009-02-19 00:00:00+05:30,41.79999923706055,42.099998474121094,39.900001525878906,40.099998474121094,34.83557891845703,5498823,0.0,0.0
2009-02-20 00:00:00+05:30,40.099998474121094,40.099998474121094,39.04999923706055,39.349998474121094,34.18402862548828,3671197,0.0,0.0
2009-02-24 00:00:00+05:30,37.0,39.29999923706055,37.0,39.0,33.87998962402344,2789092,0.0,0.0
2009-02-25 00:00:00+05:30,39.79999923706055,41.45000076293945,39.5,40.0,34.74869918823242,4519294,0.0,0.0
2009-02-26 00:00:00+05:30,40.0,40.650001525878906,38.20000076293945,38.54999923706055,33.48905944824219,7177507,0.0,0.0
2009-02-27 00:00:00+05:30,38.650001525878906,39.29999923706055,38.04999923706055,38.599998474121094,33.532501220703125,4137020,0.0,0.0
2009-03-02 00:00:00+05:30,38.400001525878906,38.400001525878906,37.20000076293945,38.04999923706055,33.05471420288086,2554347,0.0,0.0
2009-03-03 00:00:00+05:30,37.70000076293945,38.45000076293945,37.0,37.400001525878906,32.49003982543945,2908663,0.0,0.0
2009-03-04 00:00:00+05:30,37.79999923706055,38.95000076293945,37.5,38.599998474121094,33.532501220703125,4289456,0.0,0.0
2009-03-05 00:00:00+05:30,39.0,39.400001525878906,37.349998474121094,37.599998474121094,32.66377639770508,2890447,0.0,0.0
2009-03-06 00:00:00+05:30,37.0,39.75,36.75,39.45000076293945,34.270912170410156,3863069,0.0,0.0
2009-03-09 00:00:00+05:30,38.75,39.099998474121094,37.20000076293945,37.95000076293945,32.967838287353516,4515492,0.0,0.0
2009-03-12 00:00:00+05:30,38.5,39.95000076293945,38.04999923706055,39.599998474121094,34.401222229003906,5267115,0.0,0.0
2009-03-13 00:00:00+05:30,40.0,43.75,39.79999923706055,42.25,36.70331573486328,7796430,0.0,0.0
2009-03-16 00:00:00+05:30,42.79999923706055,43.099998474121094,41.349998474121094,42.75,37.13768005371094,4793946,0.0,0.0
2009-03-17 00:00:00+05:30,42.54999923706055,44.75,42.25,43.70000076293945,37.962955474853516,9185494,0.0,0.0
2009-03-18 00:00:00+05:30,44.5,46.45000076293945,44.099998474121094,45.099998474121094,39.17917251586914,8932454,0.0,0.0
2009-03-19 00:00:00+05:30,46.0,46.0,43.70000076293945,45.099998474121094,39.17917251586914,5095219,0.0,0.0
2009-03-20 00:00:00+05:30,45.0,48.0,44.20000076293945,47.650001525878906,41.39439392089844,12720351,0.0,0.0
2009-03-23 00:00:00+05:30,48.5,53.099998474121094,47.70000076293945,52.04999923706055,45.21675491333008,14698153,0.0,0.0
2009-03-24 00:00:00+05:30,52.900001525878906,53.70000076293945,49.04999923706055,50.04999923706055,43.47932052612305,17199443,0.0,0.0
2009-03-25 00:00:00+05:30,49.95000076293945,51.150001525878906,48.0,49.849998474121094,43.30557632446289,9853910,0.0,0.0
2009-03-26 00:00:00+05:30,50.0,52.849998474121094,50.0,52.45000076293945,45.564239501953125,7408977,0.0,0.0
2009-03-27 00:00:00+05:30,53.099998474121094,55.75,52.5,55.099998474121094,47.866336822509766,9516772,0.0,0.0
2009-03-30 00:00:00+05:30,55.0,55.0,49.599998474121094,50.150001525878906,43.566200256347656,6614529,0.0,0.0
2009-03-31 00:00:00+05:30,50.0,53.099998474121094,49.04999923706055,52.04999923706055,45.21675491333008,8294124,0.0,0.0
2009-04-01 00:00:00+05:30,52.0,53.29999923706055,50.900001525878906,52.849998474121094,45.91172409057617,3663656,0.0,0.0
2009-04-02 00:00:00+05:30,54.0,58.25,53.650001525878906,56.5,49.082550048828125,11226062,0.0,0.0
2009-04-06 00:00:00+05:30,58.79999923706055,60.70000076293945,56.25,60.150001525878906,52.253360748291016,12724369,0.0,0.0
2009-04-08 00:00:00+05:30,58.04999923706055,59.0,54.29999923706055,58.20000076293945,50.55936813354492,15897043,0.0,0.0
2009-04-09 00:00:00+05:30,59.0,60.5,57.900001525878906,58.95000076293945,51.210906982421875,9530609,0.0,0.0
2009-04-13 00:00:00+05:30,59.5,61.79999923706055,58.95000076293945,59.45000076293945,51.6452522277832,11557181,0.0,0.0
2009-04-15 00:00:00+05:30,59.400001525878906,64.0999984741211,57.75,62.400001525878906,54.207984924316406,24749818,0.0,0.0
2009-04-16 00:00:00+05:30,64.3499984741211,66.69999694824219,56.599998474121094,57.900001525878906,50.298744201660156,20102230,0.0,0.0
2009-04-17 00:00:00+05:30,58.0,60.29999923706055,53.5,55.099998474121094,47.866336822509766,14924393,0.0,0.0
2009-04-20 00:00:00+05:30,55.0,56.400001525878906,52.599998474121094,53.599998474121094,46.563262939453125,9649336,0.0,0.0
2009-04-21 00:00:00+05:30,52.5,56.150001525878906,52.0,55.650001525878906,48.34413528442383,13331634,0.0,0.0
2009-04-22 00:00:00+05:30,56.900001525878906,57.0,54.0,54.650001525878906,47.47542190551758,6589993,0.0,0.0
2009-04-23 00:00:00+05:30,55.0,57.5,53.75,56.70000076293945,49.256282806396484,7896763,0.0,0.0
2009-04-24 00:00:00+05:30,58.5,58.5,55.70000076293945,57.25,49.73408508300781,6215484,0.0,0.0
2009-04-27 00:00:00+05:30,56.900001525878906,57.900001525878906,54.75,55.79999923706055,48.47444534301758,6794501,0.0,0.0
2009-04-28 00:00:00+05:30,55.25,55.5,53.0,53.400001525878906,46.3895263671875,6327351,0.0,0.0
2009-04-29 00:00:00+05:30,54.20000076293945,54.599998474121094,53.29999923706055,53.75,46.69356918334961,6717263,0.0,0.0
2009-04-30 00:00:00+05:30,53.75,53.75,53.75,53.75,46.69356918334961,0,0.0,0.0
2009-05-04 00:00:00+05:30,55.900001525878906,62.349998474121094,55.900001525878906,61.45000076293945,53.38269805908203,14070591,0.0,0.0
2009-05-05 00:00:00+05:30,63.0,63.75,60.0,62.400001525878906,54.207984924316406,9447035,0.0,0.0
2009-05-06 00:00:00+05:30,62.5,65.6500015258789,61.54999923706055,63.349998474121094,55.03325653076172,15056177,0.0,0.0
2009-05-07 00:00:00+05:30,64.3499984741211,71.6500015258789,63.900001525878906,70.25,61.02741622924805,17054583,0.0,0.0
2009-05-08 00:00:00+05:30,70.0,71.0,65.55000305175781,68.30000305175781,59.33341979980469,16097265,0.0,0.0
2009-05-11 00:00:00+05:30,70.0,70.0,65.30000305175781,66.80000305175781,58.03034210205078,10459326,0.0,0.0
2009-05-12 00:00:00+05:30,67.0999984741211,71.0,65.69999694824219,70.3499984741211,61.11426544189453,15771918,0.0,0.0
2009-05-13 00:00:00+05:30,71.5,73.5,70.25,71.05000305175781,61.72237777709961,11827964,0.0,0.0
2009-05-14 00:00:00+05:30,70.0,71.19999694824219,67.1500015258789,70.55000305175781,61.28804016113281,9988924,0.0,0.0
2009-05-15 00:00:00+05:30,70.6500015258789,72.9000015258789,69.5999984741211,70.44999694824219,61.201141357421875,7623469,0.0,0.0
2009-05-18 00:00:00+05:30,72.0,83.55000305175781,72.0,79.94999694824219,69.4539566040039,65267,0.0,0.0
2009-05-19 00:00:00+05:30,82.0,86.44999694824219,73.0,77.25,67.10843658447266,14493952,0.0,0.0
2009-05-20 00:00:00+05:30,80.19999694824219,84.0,77.6500015258789,83.0999984741211,72.1904296875,11230265,0.0,0.0
2009-05-21 00:00:00+05:30,83.5,84.9000015258789,77.0999984741211,78.80000305175781,68.45497131347656,6996106,0.0,0.0
2009-05-22 00:00:00+05:30,77.30000305175781,80.9000015258789,75.0999984741211,76.9000015258789,66.80438995361328,5939941,0.0,0.0
2009-05-25 00:00:00+05:30,78.4000015258789,78.5999984741211,76.3499984741211,77.3499984741211,67.19530487060547,6245064,0.0,0.0
2009-05-26 00:00:00+05:30,78.5999984741211,82.0,75.19999694824219,80.0999984741211,69.58425903320312,14748839,0.0,0.0
2009-05-27 00:00:00+05:30,81.80000305175781,84.4000015258789,80.0999984741211,81.4000015258789,70.71363067626953,11751491,0.0,0.0
2009-05-28 00:00:00+05:30,81.80000305175781,83.25,79.5999984741211,81.69999694824219,70.9742202758789,11809807,0.0,0.0
2009-05-29 00:00:00+05:30,81.5,85.94999694824219,81.5,84.6500015258789,73.53694152832031,12974834,0.0,0.0
2009-06-01 00:00:00+05:30,85.0,89.5,85.0,87.6500015258789,76.14309692382812,15040839,0.0,0.0
2009-06-02 00:00:00+05:30,88.9000015258789,90.5,83.19999694824219,87.8499984741211,76.31684112548828,19224085,0.0,0.0
2009-06-03 00:00:00+05:30,89.0,94.0999984741211,88.9000015258789,93.30000305175781,81.05136108398438,15918768,0.0,0.0
2009-06-04 00:00:00+05:30,92.5,93.0,88.5,89.80000305175781,78.01082611083984,21946690,0.0,0.0
2009-06-05 00:00:00+05:30,91.8499984741211,94.19999694824219,91.0,92.94999694824219,80.74730682373047,12113378,0.0,0.0
2009-06-08 00:00:00+05:30,93.5,93.9000015258789,86.1500015258789,87.3499984741211,75.88248443603516,7897880,0.0,0.0
2009-06-09 00:00:00+05:30,87.69999694824219,91.9000015258789,85.25,91.05000305175781,79.09672546386719,9735212,0.0,0.0
2009-06-10 00:00:00+05:30,92.19999694824219,96.25,90.05000305175781,94.1500015258789,81.7897720336914,16108501,0.0,0.0
2009-06-11 00:00:00+05:30,94.1500015258789,102.75,91.80000305175781,101.4000015258789,88.08797454833984,26673066,0.0,0.0
2009-06-12 00:00:00+05:30,101.0,106.5,99.19999694824219,100.80000305175781,87.56672668457031,35767252,0.0,0.0
2009-06-15 00:00:00+05:30,104.30000305175781,104.30000305175781,94.0999984741211,95.9000015258789,83.31002044677734,12588199,0.0,0.0
2009-06-16 00:00:00+05:30,94.0,99.75,92.05000305175781,99.1500015258789,86.13335418701172,10272198,0.0,0.0
2009-06-17 00:00:00+05:30,98.80000305175781,98.8499984741211,92.0999984741211,94.0,81.65945434570312,10272162,0.0,0.0
2009-06-18 00:00:00+05:30,95.0,95.94999694824219,86.25,87.3499984741211,75.88248443603516,13181559,0.0,0.0
2009-06-19 00:00:00+05:30,90.0,90.0,83.3499984741211,88.1500015258789,76.57745361328125,9570296,0.0,0.0
2009-06-22 00:00:00+05:30,88.80000305175781,90.5999984741211,83.5,84.25,73.189453125,13044698,0.0,0.0
2009-06-23 00:00:00+05:30,83.0,83.0,78.6500015258789,81.5999984741211,70.88734436035156,14223560,0.0,0.0
2009-06-24 00:00:00+05:30,83.9000015258789,84.80000305175781,81.6500015258789,83.8499984741211,72.84196472167969,8899060,0.0,0.0
2009-06-25 00:00:00+05:30,85.0,87.4000015258789,83.5999984741211,84.44999694824219,73.36320495605469,11650157,0.0,0.0
2009-06-26 00:00:00+05:30,86.30000305175781,88.30000305175781,85.0,86.69999694824219,75.31781005859375,11675776,0.0,0.0
2009-06-29 00:00:00+05:30,87.5,89.30000305175781,86.0,87.8499984741211,76.31684112548828,7194160,0.0,0.0
2009-06-30 00:00:00+05:30,87.5,88.8499984741211,85.0,86.44999694824219,75.10063934326172,13588103,0.0,0.0
2009-07-01 00:00:00+05:30,85.0,85.6500015258789,80.19999694824219,83.5,72.53793334960938,10198425,0.0,0.0
2009-07-02 00:00:00+05:30,87.0,87.0,83.05000305175781,84.80000305175781,73.66725158691406,7219780,0.0,0.0
2009-07-03 00:00:00+05:30,84.5999984741211,84.94999694824219,83.0,83.80000305175781,72.7985610961914,3615252,0.0,0.0
2009-07-06 00:00:00+05:30,84.0999984741211,84.80000305175781,77.25,78.0,67.75997924804688,6844218,0.0,0.0
2009-07-07 00:00:00+05:30,79.80000305175781,79.80000305175781,76.0,78.05000305175781,67.80339813232422,4275047,0.0,0.0
2009-07-08 00:00:00+05:30,77.0,79.4000015258789,73.5999984741211,77.5999984741211,67.4124755859375,9885111,0.0,0.0
2009-07-09 00:00:00+05:30,79.0,79.5,75.0,76.05000305175781,66.06598663330078,5420692,0.0,0.0
2009-07-10 00:00:00+05:30,77.0,77.4000015258789,71.69999694824219,72.80000305175781,63.242637634277344,3865598,0.0,0.0
2009-07-13 00:00:00+05:30,72.5,72.5,68.1500015258789,70.30000305175781,61.07084274291992,5742302,0.0,0.0
2009-07-14 00:00:00+05:30,72.6500015258789,74.94999694824219,71.30000305175781,73.5999984741211,63.93761444091797,4247865,0.0,0.0
2009-07-15 00:00:00+05:30,74.5,80.1500015258789,74.5,79.5999984741211,69.14991760253906,6249551,0.0,0.0
2009-07-16 00:00:00+05:30,80.9000015258789,82.9000015258789,70.0,79.19999694824219,68.80244445800781,8050094,0.0,0.0
2009-07-17 00:00:00+05:30,80.19999694824219,85.19999694824219,79.69999694824219,84.30000305175781,73.2328872680664,7840029,0.0,0.0
2009-07-20 00:00:00+05:30,86.0,89.94999694824219,83.5,89.0,77.31587982177734,11459807,0.0,0.0
2009-07-21 00:00:00+05:30,90.9000015258789,90.9000015258789,86.0,88.5999984741211,76.9683837890625,7945755,0.0,0.0
2009-07-22 00:00:00+05:30,88.4000015258789,91.8499984741211,84.25,85.5999984741211,74.36222839355469,10718301,0.0,0.0
2009-07-23 00:00:00+05:30,86.0999984741211,91.5,86.0999984741211,90.80000305175781,78.87957763671875,10546531,0.0,0.0
2009-07-24 00:00:00+05:30,91.25,94.25,90.69999694824219,93.80000305175781,81.4857177734375,10107288,0.0,0.0
2009-07-27 00:00:00+05:30,94.0,95.6500015258789,91.80000305175781,93.0999984741211,80.87761688232422,6466737,0.0,0.0
2009-07-28 00:00:00+05:30,94.0,94.5,91.80000305175781,93.75,81.44226837158203,5510406,0.0,0.0
2009-07-29 00:00:00+05:30,93.0,95.3499984741211,86.94999694824219,94.5999984741211,82.18070983886719,10408630,0.0,0.0
2009-07-30 00:00:00+05:30,93.9000015258789,95.75,90.55000305175781,93.80000305175781,81.4857177734375,9809972,0.0,0.0
2009-07-31 00:00:00+05:30,94.8499984741211,102.69999694824219,94.6500015258789,100.30000305175781,87.13240051269531,19802427,0.0,0.0
2009-08-03 00:00:00+05:30,105.0,109.4000015258789,101.25,108.30000305175781,94.08212280273438,22237601,0.0,0.0
2009-08-04 00:00:00+05:30,108.9000015258789,116.0,108.0,112.9000015258789,98.0782241821289,37980117,0.0,0.0
2009-08-05 00:00:00+05:30,114.0999984741211,114.5,108.3499984741211,110.8499984741211,96.2973403930664,19760095,0.0,0.0
2009-08-06 00:00:00+05:30,110.0,111.3499984741211,101.69999694824219,103.5,89.91226959228516,15401753,0.0,0.0
2009-08-07 00:00:00+05:30,101.0,103.3499984741211,99.05000305175781,101.3499984741211,88.04452514648438,12576733,0.0,0.0
2009-08-10 00:00:00+05:30,102.3499984741211,106.30000305175781,99.6500015258789,101.8499984741211,88.47888946533203,12831031,0.0,0.0
2009-08-11 00:00:00+05:30,95.25,106.4000015258789,95.25,105.44999694824219,91.60628509521484,10990187,0.0,0.0
2009-08-12 00:00:00+05:30,104.69999694824219,105.30000305175781,100.05000305175781,103.55000305175781,89.95570373535156,10913902,0.0,0.0
2009-08-13 00:00:00+05:30,106.0999984741211,109.0,105.30000305175781,108.69999694824219,94.42960357666016,11631313,0.0,0.0
2009-08-14 00:00:00+05:30,109.05000305175781,112.4000015258789,106.69999694824219,108.3499984741211,94.12555694580078,13020635,0.0,0.0
2009-08-17 00:00:00+05:30,105.0999984741211,106.1500015258789,99.80000305175781,100.25,87.08894348144531,8611829,0.0,0.0
2009-08-18 00:00:00+05:30,100.0,106.9000015258789,99.44999694824219,106.55000305175781,92.56185913085938,14272343,0.0,0.0
2009-08-19 00:00:00+05:30,107.0,109.19999694824219,102.0999984741211,102.69999694824219,89.21729278564453,11701671,0.0,0.0
2009-08-20 00:00:00+05:30,104.0,106.8499984741211,102.5,103.25,89.69509887695312,8391589,0.0,0.0
2009-08-21 00:00:00+05:30,102.0,104.80000305175781,101.0,104.05000305175781,90.39006805419922,7938408,0.0,0.0
2009-08-24 00:00:00+05:30,108.0,110.0999984741211,105.80000305175781,108.44999694824219,94.2124252319336,9105532,0.0,0.0
2009-08-25 00:00:00+05:30,107.0,109.8499984741211,105.80000305175781,107.94999694824219,93.77806091308594,9016841,0.0,0.0
2009-08-26 00:00:00+05:30,108.3499984741211,111.0,106.5999984741211,107.05000305175781,92.9962387084961,8131129,0.0,0.0
2009-08-27 00:00:00+05:30,106.0,107.9000015258789,105.25,106.05000305175781,92.12751770019531,6427171,0.0,0.0
2009-08-28 00:00:00+05:30,107.0,109.9000015258789,105.30000305175781,109.0999984741211,94.777099609375,10119502,0.0,0.0
2009-08-31 00:00:00+05:30,105.0,107.8499984741211,104.5999984741211,106.0,92.08405303955078,7039757,0.0,0.0
2009-09-01 00:00:00+05:30,106.05000305175781,108.4000015258789,102.3499984741211,104.0999984741211,90.43350982666016,8672815,0.0,0.0
2009-09-02 00:00:00+05:30,102.5999984741211,105.80000305175781,101.05000305175781,103.8499984741211,90.2163314819336,5290078,0.0,0.0
2009-09-03 00:00:00+05:30,104.8499984741211,105.80000305175781,102.55000305175781,103.0,89.47789001464844,4720632,0.0,0.0
2009-09-04 00:00:00+05:30,103.0,106.0,103.0,105.19999694824219,91.38908386230469,7420446,0.0,0.0
2009-09-07 00:00:00+05:30,106.0,108.9000015258789,106.0,108.4000015258789,94.1689682006836,5628830,0.0,0.0
2009-09-08 00:00:00+05:30,109.9000015258789,115.55000305175781,109.25,114.94999694824219,99.85907745361328,23662331,0.0,0.0
2009-09-09 00:00:00+05:30,114.0,120.94999694824219,114.0,120.19999694824219,104.41986083984375,25896323,0.0,0.0
2009-09-10 00:00:00+05:30,120.9000015258789,124.25,115.8499984741211,116.9000015258789,102.70661926269531,22259415,1.35,0.0
2009-09-11 00:00:00+05:30,119.0,124.9000015258789,117.5,124.4000015258789,109.2960205078125,27994078,0.0,0.0
2009-09-14 00:00:00+05:30,123.0,124.0,120.19999694824219,120.8499984741211,106.17703247070312,11761901,0.0,0.0
2009-09-15 00:00:00+05:30,121.5,126.0,120.0,125.19999694824219,109.9988784790039,11187611,0.0,0.0
2009-09-16 00:00:00+05:30,127.0,131.89999389648438,124.0,131.10000610351562,115.18254089355469,21064348,0.0,0.0
2009-09-17 00:00:00+05:30,133.0,139.60000610351562,130.5,136.39999389648438,119.83901977539062,25905479,0.0,0.0
2009-09-18 00:00:00+05:30,136.39999389648438,139.89999389648438,125.4000015258789,138.25,121.46442413330078,23495959,0.0,0.0
2009-09-22 00:00:00+05:30,138.35000610351562,139.4499969482422,135.10000610351562,137.10000610351562,120.45405578613281,9907966,0.0,0.0
2009-09-23 00:00:00+05:30,138.89999389648438,138.89999389648438,134.0500030517578,134.4499969482422,118.12579345703125,5062476,0.0,0.0
2009-09-24 00:00:00+05:30,133.5500030517578,133.5500030517578,128.1999969482422,129.0,113.33749389648438,14754837,0.0,0.0
2009-09-25 00:00:00+05:30,127.5,128.75,125.0999984741211,126.69999694824219,111.3167495727539,7578263,0.0,0.0
2009-09-29 00:00:00+05:30,128.60000610351562,130.9499969482422,126.4000015258789,126.9000015258789,111.49247741699219,7454430,0.0,0.0
2009-09-30 00:00:00+05:30,126.9000015258789,130.10000610351562,126.30000305175781,129.0500030517578,113.38143920898438,9166505,0.0,0.0
2009-10-01 00:00:00+05:30,130.0,130.0,125.5999984741211,126.80000305175781,111.40461730957031,6583568,0.0,0.0
2009-10-05 00:00:00+05:30,125.5,125.5999984741211,116.69999694824219,118.0,103.67306518554688,8573519,0.0,0.0
2009-10-06 00:00:00+05:30,120.0,125.9000015258789,118.55000305175781,125.3499984741211,110.13066101074219,13273945,0.0,0.0
2009-10-07 00:00:00+05:30,126.0,129.9499969482422,126.0,127.05000305175781,111.62425231933594,14121904,0.0,0.0
2009-10-08 00:00:00+05:30,129.6999969482422,132.39999389648438,127.5,129.25,113.55716705322266,13561511,0.0,0.0
2009-10-09 00:00:00+05:30,132.0,132.0,127.25,128.10000610351562,112.54676055908203,6201427,0.0,0.0
2009-10-12 00:00:00+05:30,129.0,129.35000610351562,126.0999984741211,128.89999389648438,113.2496337890625,7461726,0.0,0.0
2009-10-13 00:00:00+05:30,128.89999389648438,128.89999389648438,128.89999389648438,128.89999389648438,113.2496337890625,0,0.0,0.0
2009-10-14 00:00:00+05:30,130.25,136.6999969482422,128.85000610351562,135.39999389648438,118.96044158935547,13607425,0.0,0.0
2009-10-15 00:00:00+05:30,136.75,138.14999389648438,133.60000610351562,135.0,118.60902404785156,10807125,0.0,0.0
2009-10-16 00:00:00+05:30,135.10000610351562,137.6999969482422,132.25,136.0,119.48761749267578,5610401,0.0,0.0
2009-10-20 00:00:00+05:30,136.1999969482422,142.8000030517578,135.5,141.14999389648438,124.01229095458984,13940974,0.0,0.0
2009-10-21 00:00:00+05:30,142.0,144.4499969482422,139.6999969482422,141.25,124.10017395019531,8529756,0.0,0.0
2009-10-22 00:00:00+05:30,141.6999969482422,143.1999969482422,136.64999389648438,137.9499969482422,121.20084381103516,6850303,0.0,0.0
2009-10-23 00:00:00+05:30,141.0,143.5,139.5,141.4499969482422,124.2759017944336,7314998,0.0,0.0
2009-10-26 00:00:00+05:30,143.0,143.14999389648438,136.64999389648438,137.3000030517578,120.62977600097656,7101260,0.0,0.0
2009-10-27 00:00:00+05:30,135.1999969482422,135.89999389648438,124.55000305175781,126.0999984741211,110.78958892822266,8486550,0.0,0.0
2009-10-28 00:00:00+05:30,123.5999984741211,129.0,121.0,123.4000015258789,108.41741943359375,13591156,0.0,0.0
2009-10-29 00:00:00+05:30,120.80000305175781,124.3499984741211,118.80000305175781,120.25,105.64988708496094,13069703,0.0,0.0
2009-10-30 00:00:00+05:30,122.30000305175781,127.55000305175781,120.0,121.8499984741211,107.05561065673828,9909581,0.0,0.0
2009-11-03 00:00:00+05:30,118.4000015258789,118.4000015258789,106.30000305175781,109.0,95.76580047607422,10815755,0.0,0.0
2009-11-04 00:00:00+05:30,112.0,120.0,109.9000015258789,119.1500015258789,104.68343353271484,10191535,0.0,0.0
2009-11-05 00:00:00+05:30,119.0,126.3499984741211,116.5,125.25,110.04280090332031,11884390,0.0,0.0
2009-11-06 00:00:00+05:30,127.9000015258789,128.9499969482422,124.1500015258789,125.69999694824219,110.43816375732422,7202640,0.0,0.0
2009-11-09 00:00:00+05:30,126.5,130.3000030517578,125.05000305175781,129.4499969482422,113.73284912109375,5037560,0.0,0.0
2009-11-10 00:00:00+05:30,131.14999389648438,131.89999389648438,126.05000305175781,126.5,111.14103698730469,7651401,0.0,0.0
2009-11-11 00:00:00+05:30,127.0999984741211,132.3000030517578,125.1500015258789,131.85000610351562,115.84148406982422,7164613,0.0,0.0
2009-11-12 00:00:00+05:30,132.0,133.0,127.5999984741211,129.0500030517578,113.38143920898438,7172861,0.0,0.0
2009-11-13 00:00:00+05:30,129.0,131.89999389648438,128.0,130.85000610351562,114.962890625,4249573,0.0,0.0
2009-11-16 00:00:00+05:30,132.1999969482422,135.5,131.5,134.39999389648438,118.08184051513672,5650587,0.0,0.0
2009-11-17 00:00:00+05:30,135.0,136.75,132.60000610351562,135.14999389648438,118.74079132080078,7001544,0.0,0.0
2009-11-18 00:00:00+05:30,134.6999969482422,135.75,133.0,134.64999389648438,118.301513671875,5222250,0.0,0.0
2009-11-19 00:00:00+05:30,134.0500030517578,136.89999389648438,128.6999969482422,130.10000610351562,114.30394744873047,11518480,0.0,0.0
2009-11-20 00:00:00+05:30,128.0,135.0,126.0,134.60000610351562,118.25758361816406,5639315,0.0,0.0
2009-11-23 00:00:00+05:30,135.10000610351562,135.5,130.9499969482422,133.1999969482422,117.02757263183594,6283466,0.0,0.0
2009-11-24 00:00:00+05:30,132.89999389648438,136.4499969482422,131.4499969482422,134.5500030517578,118.2136459350586,12360283,0.0,0.0
2009-11-25 00:00:00+05:30,134.25,136.4499969482422,133.5,135.0,118.60902404785156,7600363,0.0,0.0
2009-11-26 00:00:00+05:30,135.0,140.8000030517578,132.0,133.10000610351562,116.939697265625,20109641,0.0,0.0
2009-11-27 00:00:00+05:30,130.0,134.5,125.30000305175781,132.85000610351562,116.7200698852539,12637738,0.0,0.0
2009-11-30 00:00:00+05:30,134.9499969482422,139.89999389648438,134.14999389648438,138.10000610351562,121.33263397216797,9026334,0.0,0.0
2009-12-01 00:00:00+05:30,138.5,142.5,138.5,142.10000610351562,124.84695434570312,8121954,0.0,0.0
2009-12-02 00:00:00+05:30,143.3000030517578,145.64999389648438,141.6999969482422,142.75,125.41803741455078,10498518,0.0,0.0
2009-12-03 00:00:00+05:30,144.1999969482422,147.8000030517578,143.25,146.0500030517578,128.31739807128906,13649298,0.0,0.0
2009-12-04 00:00:00+05:30,145.0,150.39999389648438,145.0,147.25,129.37168884277344,14884929,0.0,0.0
2009-12-07 00:00:00+05:30,147.5,147.6999969482422,140.25,142.6999969482422,125.37409973144531,13469654,0.0,0.0
2009-12-08 00:00:00+05:30,143.0,146.9499969482422,142.4499969482422,146.10000610351562,128.36131286621094,7638586,0.0,0.0
2009-12-09 00:00:00+05:30,142.10000610351562,145.75,140.89999389648438,141.75,124.53945922851562,7631232,0.0,0.0
2009-12-10 00:00:00+05:30,142.6999969482422,145.0,141.75,143.0,125.63770294189453,7513040,0.0,0.0
2009-12-11 00:00:00+05:30,144.75,145.4499969482422,140.8000030517578,141.89999389648438,124.67123413085938,6298670,0.0,0.0
2009-12-14 00:00:00+05:30,141.89999389648438,145.25,139.5,140.14999389648438,123.13371276855469,10820961,0.0,0.0
2009-12-15 00:00:00+05:30,141.75,143.75,140.3000030517578,141.60000610351562,124.40766906738281,10382527,0.0,0.0
2009-12-16 00:00:00+05:30,139.8000030517578,144.64999389648438,139.8000030517578,143.0500030517578,125.68162536621094,7909278,0.0,0.0
2009-12-17 00:00:00+05:30,143.5,146.9499969482422,142.85000610351562,145.14999389648438,127.52664947509766,8700401,0.0,0.0
2009-12-18 00:00:00+05:30,145.5,145.5,141.60000610351562,142.85000610351562,125.50593566894531,8086898,0.0,0.0
2009-12-21 00:00:00+05:30,143.0,144.6999969482422,136.25,137.14999389648438,120.4979476928711,6516696,0.0,0.0
2009-12-22 00:00:00+05:30,138.14999389648438,142.9499969482422,138.0,142.4499969482422,125.15443420410156,7500212,0.0,0.0
2009-12-23 00:00:00+05:30,143.0,155.89999389648438,142.3000030517578,153.39999389648438,134.77499389648438,20794471,0.0,0.0
2009-12-24 00:00:00+05:30,153.85000610351562,159.89999389648438,152.14999389648438,158.14999389648438,138.9482421875,21658847,0.0,0.0
2009-12-29 00:00:00+05:30,152.25,162.8000030517578,152.25,162.0,142.33082580566406,16533655,0.0,0.0
2009-12-30 00:00:00+05:30,163.0,163.0,158.5,159.89999389648438,140.4857635498047,15195007,0.0,0.0
2009-12-31 00:00:00+05:30,160.4499969482422,162.1999969482422,158.8000030517578,160.85000610351562,141.32044982910156,13651988,0.0,0.0
2010-01-04 00:00:00+05:30,162.0,164.39999389648438,160.1999969482422,163.5,143.64871215820312,5677267,0.0,0.0
2010-01-05 00:00:00+05:30,165.10000610351562,179.8000030517578,164.0,175.1999969482422,153.92813110351562,32066373,0.0,0.0
2010-01-06 00:00:00+05:30,175.85000610351562,175.89999389648438,168.75,171.0500030517578,150.281982421875,18459749,0.0,0.0
2010-01-07 00:00:00+05:30,175.14999389648438,176.75,171.89999389648438,175.14999389648438,153.88421630859375,15284125,0.0,0.0
2010-01-08 00:00:00+05:30,175.0,176.89999389648438,172.5,173.3000030517578,152.25881958007812,10197755,0.0,0.0
2010-01-11 00:00:00+05:30,174.5,176.6999969482422,170.60000610351562,171.6999969482422,150.8530731201172,11270777,0.0,0.0
2010-01-12 00:00:00+05:30,172.0,173.0,166.5,167.85000610351562,147.47052001953125,14443143,0.0,0.0
2010-01-13 00:00:00+05:30,164.9499969482422,172.1999969482422,164.3000030517578,171.14999389648438,150.36988830566406,16146039,0.0,0.0
2010-01-14 00:00:00+05:30,172.0,172.89999389648438,169.5,170.85000610351562,150.10630798339844,7547095,0.0,0.0
2010-01-15 00:00:00+05:30,171.0,171.75,165.75,166.60000610351562,146.372314453125,4959476,0.0,0.0
2010-01-18 00:00:00+05:30,166.1999969482422,168.89999389648438,165.39999389648438,167.25,146.943359375,7243749,0.0,0.0
2010-01-19 00:00:00+05:30,166.0,168.9499969482422,162.0,163.0,143.20936584472656,7199947,0.0,0.0
2010-01-20 00:00:00+05:30,163.0,167.14999389648438,162.60000610351562,165.75,145.62551879882812,8116917,0.0,0.0
2010-01-21 00:00:00+05:30,165.0,165.75,161.6999969482422,162.85000610351562,143.07762145996094,12563207,0.0,0.0
2010-01-22 00:00:00+05:30,160.10000610351562,163.10000610351562,155.25,161.35000610351562,141.75973510742188,13929809,0.0,0.0
2010-01-25 00:00:00+05:30,161.10000610351562,165.6999969482422,157.25,159.1999969482422,139.8707733154297,16233827,0.0,0.0
2010-01-27 00:00:00+05:30,156.5,157.39999389648438,148.64999389648438,150.0500030517578,131.83172607421875,11669010,0.0,0.0
2010-01-28 00:00:00+05:30,150.64999389648438,156.35000610351562,145.8000030517578,148.0,130.03060913085938,10480370,0.0,0.0
2010-01-29 00:00:00+05:30,147.0,149.0,139.8000030517578,147.35000610351562,129.45953369140625,12497942,0.0,0.0
2010-02-01 00:00:00+05:30,145.0,151.5,142.1999969482422,149.39999389648438,131.26063537597656,11674392,0.0,0.0
2010-02-02 00:00:00+05:30,152.0,155.75,150.25,151.0500030517578,132.7103271484375,17608116,0.0,0.0
2010-02-03 00:00:00+05:30,152.10000610351562,157.4499969482422,152.10000610351562,156.25,137.27896118164062,8298172,0.0,0.0
2010-02-04 00:00:00+05:30,147.0,155.0,144.1999969482422,146.14999389648438,128.40525817871094,9673582,0.0,0.0
2010-02-05 00:00:00+05:30,142.39999389648438,143.4499969482422,136.3000030517578,138.14999389648438,121.37657165527344,14972307,0.0,0.0
2010-02-08 00:00:00+05:30,137.0,143.8000030517578,133.6999969482422,136.1999969482422,119.66331481933594,19708455,0.0,0.0
2010-02-09 00:00:00+05:30,137.0,138.25,133.5500030517578,134.39999389648438,118.08184051513672,18330897,0.0,0.0
2010-02-10 00:00:00+05:30,136.0,140.75,135.0,136.5,119.9268798828125,14882092,0.0,0.0
2010-02-11 00:00:00+05:30,137.25,140.35000610351562,137.0,138.25,121.46442413330078,7393889,0.0,0.0
2010-02-15 00:00:00+05:30,139.0,141.6999969482422,137.64999389648438,140.85000610351562,123.74872589111328,10201088,0.0,0.0
2010-02-16 00:00:00+05:30,141.89999389648438,146.5,139.5,145.39999389648438,127.74627685546875,8799233,0.0,0.0
2010-02-17 00:00:00+05:30,147.89999389648438,154.8000030517578,147.4499969482422,152.75,134.20387268066406,17420796,0.0,0.0
2010-02-18 00:00:00+05:30,153.39999389648438,154.8000030517578,150.3000030517578,152.60000610351562,134.0720977783203,19301034,0.0,0.0
2010-02-19 00:00:00+05:30,151.0,152.25,146.39999389648438,149.89999389648438,131.69996643066406,16060506,0.0,0.0
2010-02-22 00:00:00+05:30,151.89999389648438,156.5,151.89999389648438,154.14999389648438,135.43392944335938,13256828,0.0,0.0
2010-02-23 00:00:00+05:30,153.5,156.39999389648438,151.85000610351562,154.8000030517578,136.00498962402344,11954477,0.0,0.0
2010-02-24 00:00:00+05:30,154.0,158.39999389648438,151.89999389648438,155.0,136.18069458007812,14604618,0.0,0.0
2010-02-25 00:00:00+05:30,156.0,156.9499969482422,152.10000610351562,153.35000610351562,134.73104858398438,10630962,0.0,0.0
2010-02-26 00:00:00+05:30,154.0,164.89999389648438,153.35000610351562,162.64999389648438,142.9019012451172,22690392,0.0,0.0
2010-03-02 00:00:00+05:30,164.0,172.8000030517578,163.60000610351562,169.25,148.70057678222656,16002606,0.0,0.0
2010-03-03 00:00:00+05:30,170.0,172.64999389648438,168.64999389648438,171.4499969482422,150.63345336914062,12093085,0.0,0.0
2010-03-04 00:00:00+05:30,171.0,171.0,167.14999389648438,169.1999969482422,148.65663146972656,9418953,0.0,0.0
2010-03-05 00:00:00+05:30,169.0,172.5,167.39999389648438,168.0,147.60231018066406,8038800,0.0,0.0
2010-03-08 00:00:00+05:30,170.10000610351562,171.10000610351562,165.14999389648438,166.1999969482422,146.0208740234375,6279658,0.0,0.0
2010-03-09 00:00:00+05:30,167.8000030517578,167.8000030517578,161.5,162.10000610351562,142.41867065429688,7726110,0.0,0.0
2010-03-10 00:00:00+05:30,163.0,165.1999969482422,160.75,162.6999969482422,142.94580078125,6348450,0.0,0.0
2010-03-11 00:00:00+05:30,162.89999389648438,162.89999389648438,158.14999389648438,159.75,140.35400390625,8638775,0.0,0.0
2010-03-12 00:00:00+05:30,160.8000030517578,166.64999389648438,159.8000030517578,165.0500030517578,145.01051330566406,13238296,0.0,0.0
2010-03-15 00:00:00+05:30,165.0,168.0,162.60000610351562,165.64999389648438,145.5376434326172,8289897,0.0,0.0
2010-03-16 00:00:00+05:30,160.39999389648438,170.35000610351562,160.39999389648438,169.5500030517578,148.96417236328125,7951866,0.0,0.0
2010-03-17 00:00:00+05:30,169.3000030517578,174.6999969482422,169.3000030517578,173.4499969482422,152.39060974121094,11135993,0.0,0.0
2010-03-18 00:00:00+05:30,175.0,177.8000030517578,172.5500030517578,176.35000610351562,154.93849182128906,9317430,0.0,0.0
2010-03-19 00:00:00+05:30,176.60000610351562,177.89999389648438,174.3000030517578,175.60000610351562,154.27960205078125,5724048,0.0,0.0
2010-03-22 00:00:00+05:30,174.0,174.85000610351562,168.60000610351562,169.25,148.70057678222656,6053740,0.0,0.0
2010-03-23 00:00:00+05:30,170.10000610351562,171.6999969482422,168.10000610351562,170.4499969482422,149.75486755371094,5860011,0.0,0.0
2010-03-25 00:00:00+05:30,169.8000030517578,180.0,169.10000610351562,177.64999389648438,156.08065795898438,19185843,0.0,0.0
2010-03-26 00:00:00+05:30,178.0,180.4499969482422,176.5500030517578,178.64999389648438,156.9592742919922,6747907,0.0,0.0
2010-03-29 00:00:00+05:30,170.1999969482422,185.9499969482422,170.1999969482422,184.25,161.87933349609375,11598451,0.0,0.0
2010-03-30 00:00:00+05:30,184.8000030517578,186.89999389648438,183.39999389648438,183.9499969482422,161.61575317382812,8173731,0.0,0.0
2010-03-31 00:00:00+05:30,184.0,185.3000030517578,179.60000610351562,181.25,159.24359130859375,10320209,0.0,0.0
2010-04-01 00:00:00+05:30,182.0,184.6999969482422,180.60000610351562,183.75,161.44003295898438,5545989,0.0,0.0
2010-04-05 00:00:00+05:30,184.0,187.9499969482422,183.89999389648438,187.25,164.5150909423828,5644992,0.0,0.0
2010-04-06 00:00:00+05:30,187.25,188.39999389648438,183.75,184.60000610351562,162.18685913085938,4279282,0.0,0.0
2010-04-07 00:00:00+05:30,184.60000610351562,186.64999389648438,182.6999969482422,184.60000610351562,162.18685913085938,4052396,0.0,0.0
2010-04-08 00:00:00+05:30,184.6999969482422,185.0,175.64999389648438,176.5,155.0703125,7047391,0.0,0.0
2010-04-09 00:00:00+05:30,177.0,180.8000030517578,177.0,178.8000030517578,157.09104919433594,4913419,0.0,0.0
2010-04-12 00:00:00+05:30,180.5,193.0,179.0,180.25,158.36497497558594,5309602,0.0,0.0
2010-04-13 00:00:00+05:30,180.3000030517578,181.39999389648438,176.5,178.35000610351562,156.69569396972656,4145545,0.0,0.0
2010-04-15 00:00:00+05:30,179.1999969482422,182.25,175.8000030517578,176.75,155.28993225097656,4625447,0.0,0.0
2010-04-16 00:00:00+05:30,178.0,178.0,171.9499969482422,174.5,153.3131103515625,6664000,0.0,0.0
2010-04-19 00:00:00+05:30,173.0,178.9499969482422,170.0,178.1999969482422,156.5638885498047,12455984,0.0,0.0
2010-04-20 00:00:00+05:30,178.89999389648438,182.25,178.25,181.6999969482422,159.63893127441406,8587205,0.0,0.0
2010-04-21 00:00:00+05:30,182.5,183.64999389648438,179.39999389648438,179.8000030517578,157.96963500976562,5585171,0.0,0.0
2010-04-22 00:00:00+05:30,179.0,182.14999389648438,176.8000030517578,179.75,157.9257049560547,6094865,0.0,0.0
2010-04-23 00:00:00+05:30,179.75,180.5,177.75,178.1999969482422,156.5638885498047,4148358,0.0,0.0
2010-04-26 00:00:00+05:30,178.3000030517578,185.1999969482422,178.3000030517578,184.14999389648438,161.79148864746094,6101678,0.0,0.0
2010-04-27 00:00:00+05:30,184.0,184.8000030517578,182.14999389648438,183.75,161.44003295898438,5788376,0.0,0.0
2010-04-28 00:00:00+05:30,180.0,180.89999389648438,171.1999969482422,179.3000030517578,157.53033447265625,4410958,0.0,0.0
2010-04-29 00:00:00+05:30,180.35000610351562,181.25,178.5500030517578,180.3000030517578,158.40896606445312,3742301,0.0,0.0
2010-04-30 00:00:00+05:30,179.9499969482422,181.25,177.75,178.5,156.8274688720703,5092041,0.0,0.0
2010-05-03 00:00:00+05:30,176.0,176.6999969482422,171.39999389648438,172.9499969482422,151.9513397216797,7007902,0.0,0.0
2010-05-04 00:00:00+05:30,173.25,174.5,161.64999389648438,162.9499969482422,143.16546630859375,9213219,0.0,0.0
2010-05-05 00:00:00+05:30,158.0,165.0,157.6999969482422,163.64999389648438,143.7804718017578,12121034,0.0,0.0
2010-05-06 00:00:00+05:30,163.5,164.9499969482422,158.5,164.0,144.0879669189453,8407320,0.0,0.0
2010-05-07 00:00:00+05:30,161.0,164.85000610351562,158.0,163.0,143.20936584472656,8305759,0.0,0.0
2010-05-10 00:00:00+05:30,164.0,176.25,164.0,175.4499969482422,154.14772033691406,11428497,0.0,0.0
2010-05-11 00:00:00+05:30,178.0,178.0,168.60000610351562,169.9499969482422,149.3155517578125,10787989,0.0,0.0
2010-05-12 00:00:00+05:30,170.25,173.35000610351562,167.14999389648438,170.64999389648438,149.9305877685547,8811855,0.0,0.0
2010-05-13 00:00:00+05:30,171.0,172.89999389648438,168.10000610351562,169.25,148.70057678222656,5452913,0.0,0.0
2010-05-14 00:00:00+05:30,168.0,169.9499969482422,162.6999969482422,163.39999389648438,143.5608367919922,5912915,0.0,0.0
2010-05-17 00:00:00+05:30,161.8000030517578,166.3000030517578,158.1999969482422,163.85000610351562,143.95620727539062,8852193,0.0,0.0
2010-05-18 00:00:00+05:30,163.5,165.39999389648438,160.14999389648438,162.85000610351562,143.07762145996094,7653429,0.0,0.0
2010-05-19 00:00:00+05:30,160.0,162.75,154.6999969482422,156.5,137.49859619140625,7369071,0.0,0.0
2010-05-20 00:00:00+05:30,158.0,159.25,154.1999969482422,156.5500030517578,137.54254150390625,7011103,0.0,0.0
2010-05-21 00:00:00+05:30,154.0,154.0,148.6999969482422,151.64999389648438,133.23745727539062,11850986,0.0,0.0
2010-05-24 00:00:00+05:30,152.10000610351562,155.64999389648438,144.1999969482422,145.60000610351562,127.9220199584961,8318493,0.0,0.0
2010-05-25 00:00:00+05:30,142.0,144.89999389648438,135.64999389648438,137.75,121.02515411376953,14806296,0.0,0.0
2010-05-26 00:00:00+05:30,139.0,149.5,138.60000610351562,148.1999969482422,130.20632934570312,18968080,0.0,0.0
2010-05-27 00:00:00+05:30,146.0,149.5500030517578,143.64999389648438,148.39999389648438,130.38206481933594,16103054,0.0,0.0
2010-05-28 00:00:00+05:30,150.89999389648438,155.6999969482422,149.3000030517578,150.89999389648438,132.57852172851562,20244094,0.0,0.0
2010-05-31 00:00:00+05:30,150.89999389648438,150.89999389648438,145.60000610351562,150.25,132.00741577148438,9454632,0.0,0.0
2010-06-01 00:00:00+05:30,149.6999969482422,150.9499969482422,142.85000610351562,143.60000610351562,126.16485595703125,11739507,0.0,0.0
2010-06-02 00:00:00+05:30,143.0,145.3000030517578,139.60000610351562,142.6999969482422,125.37409973144531,14440374,0.0,0.0
2010-06-03 00:00:00+05:30,145.0,147.5,144.25,145.9499969482422,128.2295379638672,11215040,0.0,0.0
2010-06-04 00:00:00+05:30,146.0,148.8000030517578,143.60000610351562,147.60000610351562,129.67916870117188,19675237,0.0,0.0
2010-06-07 00:00:00+05:30,142.0,144.89999389648438,135.0,140.64999389648438,123.57302856445312,12602534,0.0,0.0
2010-06-08 00:00:00+05:30,141.0,142.4499969482422,131.3000030517578,132.14999389648438,116.10503387451172,21279339,0.0,0.0
2010-06-09 00:00:00+05:30,134.1999969482422,136.25,129.35000610351562,132.9499969482422,116.80789947509766,40781259,0.0,0.0
2010-06-10 00:00:00+05:30,134.6999969482422,139.1999969482422,132.6999969482422,138.5,121.68406677246094,28929979,0.0,0.0
2010-06-11 00:00:00+05:30,140.0,141.4499969482422,137.39999389648438,139.5,122.56268310546875,23380410,0.0,0.0
2010-06-14 00:00:00+05:30,141.4499969482422,144.0,140.0500030517578,143.25,125.85735321044922,14760925,0.0,0.0
2010-06-15 00:00:00+05:30,143.8000030517578,145.39999389648438,141.5,144.75,127.17522430419922,10650397,0.0,0.0
2010-06-16 00:00:00+05:30,146.0,147.6999969482422,143.9499969482422,145.14999389648438,127.52664947509766,14186472,0.0,0.0
2010-06-17 00:00:00+05:30,145.9499969482422,147.8000030517578,142.35000610351562,146.75,128.93238830566406,13790916,0.0,0.0
2010-06-18 00:00:00+05:30,146.0,146.60000610351562,142.5500030517578,145.35000610351562,127.70237731933594,12393937,0.0,0.0
2010-06-21 00:00:00+05:30,147.5500030517578,154.60000610351562,146.8000030517578,153.60000610351562,134.95071411132812,17769311,0.0,0.0
2010-06-22 00:00:00+05:30,153.0,153.35000610351562,149.75,151.64999389648438,133.23745727539062,12104604,0.0,0.0
2010-06-23 00:00:00+05:30,148.89999389648438,153.3000030517578,148.5500030517578,152.0,133.54495239257812,11656511,0.0,0.0
2010-06-24 00:00:00+05:30,151.6999969482422,153.25,149.39999389648438,151.0,132.66635131835938,14169449,0.0,0.0
2010-06-25 00:00:00+05:30,151.0,151.39999389648438,147.89999389648438,148.5,130.46987915039062,8872985,0.0,0.0
2010-06-28 00:00:00+05:30,149.89999389648438,151.5,149.1999969482422,150.64999389648438,132.35888671875,6726186,0.0,0.0
2010-06-29 00:00:00+05:30,149.8000030517578,150.39999389648438,142.5,144.1999969482422,126.69200134277344,14194437,0.0,0.0
2010-06-30 00:00:00+05:30,143.0,144.9499969482422,140.75,144.5,126.95557403564453,17415650,0.0,0.0
2010-07-01 00:00:00+05:30,143.0,143.89999389648438,141.0,142.9499969482422,125.59379577636719,9715574,0.0,0.0
2010-07-02 00:00:00+05:30,142.9499969482422,145.39999389648438,141.60000610351562,143.75,126.2966537475586,10262312,0.0,0.0
2010-07-05 00:00:00+05:30,144.8000030517578,144.8000030517578,141.25,141.64999389648438,124.45159149169922,4280612,0.0,0.0
2010-07-06 00:00:00+05:30,142.0,145.0,141.5,143.85000610351562,126.3844985961914,7527587,0.0,0.0
2010-07-07 00:00:00+05:30,144.9499969482422,144.9499969482422,141.0500030517578,142.0,124.75911712646484,6342134,0.0,0.0
2010-07-08 00:00:00+05:30,142.5,145.4499969482422,142.5,144.85000610351562,127.26306915283203,8500986,0.0,0.0
2010-07-09 00:00:00+05:30,145.0,149.89999389648438,145.0,149.0,130.90921020507812,12103941,0.0,0.0
2010-07-12 00:00:00+05:30,149.0,151.5,148.5500030517578,149.5,131.3485107421875,6830506,0.0,0.0
2010-07-13 00:00:00+05:30,150.0,151.89999389648438,148.25,151.3000030517578,132.92994689941406,8575696,0.0,0.0
2010-07-14 00:00:00+05:30,153.1999969482422,154.8000030517578,149.35000610351562,150.64999389648438,132.35888671875,12395429,0.0,0.0
2010-07-15 00:00:00+05:30,150.0,151.85000610351562,149.0500030517578,150.89999389648438,132.57852172851562,8889649,0.0,0.0
2010-07-16 00:00:00+05:30,150.5,151.4499969482422,149.89999389648438,150.14999389648438,131.91957092285156,4468616,0.0,0.0
2010-07-19 00:00:00+05:30,148.0,153.35000610351562,148.0,152.60000610351562,134.0720977783203,9645201,0.0,0.0
2010-07-20 00:00:00+05:30,153.0,155.39999389648438,152.10000610351562,152.8000030517578,134.24783325195312,7837473,0.0,0.0
2010-07-21 00:00:00+05:30,153.5,157.0,153.35000610351562,156.4499969482422,137.4546661376953,8207899,0.0,0.0
2010-07-22 00:00:00+05:30,157.0,158.10000610351562,155.35000610351562,157.89999389648438,138.72862243652344,7704895,0.0,0.0
2010-07-23 00:00:00+05:30,158.8000030517578,159.3000030517578,157.0,158.10000610351562,138.90432739257812,7324402,0.0,0.0
2010-07-26 00:00:00+05:30,158.5,159.10000610351562,155.10000610351562,155.5500030517578,136.66395568847656,3736244,0.0,0.0
2010-07-27 00:00:00+05:30,156.8000030517578,159.3000030517578,156.0,157.25,138.1575469970703,4977694,0.0,0.0
2010-07-28 00:00:00+05:30,157.1999969482422,159.1999969482422,157.0,158.3000030517578,139.08004760742188,4181762,0.0,0.0
2010-07-29 00:00:00+05:30,157.0,162.0,157.0,161.0,141.45223999023438,7867795,0.0,0.0
2010-07-30 00:00:00+05:30,160.5,162.89999389648438,159.5500030517578,160.35000610351562,140.88116455078125,7013058,0.0,0.0
2010-08-02 00:00:00+05:30,161.39999389648438,165.0,161.39999389648438,164.39999389648438,144.43943786621094,5540710,0.0,0.0
2010-08-03 00:00:00+05:30,165.5500030517578,166.9499969482422,162.10000610351562,165.5,145.40586853027344,10320953,0.0,0.0
2010-08-04 00:00:00+05:30,165.39999389648438,166.5,163.5500030517578,165.5,145.40586853027344,4790269,0.0,0.0
2010-08-05 00:00:00+05:30,166.0,167.6999969482422,164.75,165.1999969482422,145.14227294921875,5043808,0.0,0.0
2010-08-06 00:00:00+05:30,165.0,166.25,163.0500030517578,164.0,144.0879669189453,2925175,0.0,0.0
2010-08-09 00:00:00+05:30,164.25,167.5,163.75,167.0500030517578,146.76766967773438,3014407,0.0,0.0
2010-08-10 00:00:00+05:30,167.0,169.5,162.39999389648438,163.60000610351562,143.73654174804688,7271355,0.0,0.0
2010-08-11 00:00:00+05:30,163.8000030517578,170.3000030517578,163.1999969482422,164.5500030517578,144.57122802734375,15462609,0.0,0.0
2010-08-12 00:00:00+05:30,163.0,167.89999389648438,162.0,167.0,146.72373962402344,7146376,0.0,0.0
2010-08-13 00:00:00+05:30,166.75,169.8000030517578,164.8000030517578,166.0500030517578,145.8890838623047,4460420,0.0,0.0
2010-08-16 00:00:00+05:30,166.25,169.0,162.10000610351562,164.64999389648438,144.6590576171875,5587990,0.0,0.0
2010-08-17 00:00:00+05:30,164.60000610351562,169.60000610351562,164.60000610351562,168.14999389648438,147.73410034179688,6803834,0.0,0.0
2010-08-18 00:00:00+05:30,169.0,177.0,168.75,176.10000610351562,154.71885681152344,10047685,0.0,0.0
2010-08-19 00:00:00+05:30,179.89999389648438,189.0,174.6999969482422,179.8000030517578,157.96963500976562,14282508,0.0,0.0
2010-08-20 00:00:00+05:30,179.5,179.89999389648438,176.3000030517578,178.5500030517578,156.87139892578125,6310503,0.0,0.0
2010-08-23 00:00:00+05:30,176.0,178.9499969482422,173.8000030517578,175.5500030517578,154.23565673828125,4126181,0.0,0.0
2010-08-24 00:00:00+05:30,176.5,176.5,167.5500030517578,168.5,149.18890380859375,5685105,1.35,0.0
2010-08-25 00:00:00+05:30,168.0,168.0,162.10000610351562,163.64999389648438,144.8947296142578,7169610,0.0,0.0
2010-08-26 00:00:00+05:30,165.0,166.1999969482422,160.0500030517578,164.0500030517578,145.24888610839844,4902050,0.0,0.0
2010-08-27 00:00:00+05:30,163.5,167.75,162.3000030517578,164.0,145.20460510253906,6715308,0.0,0.0
2010-08-30 00:00:00+05:30,165.5500030517578,168.25,164.75,167.0500030517578,147.90509033203125,3701636,0.0,0.0
2010-08-31 00:00:00+05:30,165.89999389648438,167.0,162.35000610351562,166.39999389648438,147.32960510253906,4613836,0.0,0.0
2010-09-01 00:00:00+05:30,167.60000610351562,174.85000610351562,166.5,174.25,154.27992248535156,6357838,0.0,0.0
2010-09-02 00:00:00+05:30,175.25,176.5500030517578,172.5500030517578,173.64999389648438,153.74871826171875,4859996,0.0,0.0
2010-09-03 00:00:00+05:30,172.85000610351562,174.75,169.9499969482422,170.4499969482422,150.91542053222656,3253678,0.0,0.0
2010-09-06 00:00:00+05:30,173.0,180.14999389648438,173.0,178.9499969482422,158.4412841796875,7832701,0.0,0.0
2010-09-07 00:00:00+05:30,177.5,182.75,177.5,180.6999969482422,159.99072265625,7569714,0.0,0.0
2010-09-08 00:00:00+05:30,179.39999389648438,182.39999389648438,178.35000610351562,181.3000030517578,160.52194213867188,5074604,0.0,0.0
2010-09-09 00:00:00+05:30,181.5,183.89999389648438,177.6999969482422,182.39999389648438,161.49586486816406,8061672,0.0,0.0
2010-09-13 00:00:00+05:30,183.5,192.5,183.0,191.0500030517578,169.154541015625,9713766,0.0,0.0
2010-09-14 00:00:00+05:30,191.85000610351562,192.5,185.14999389648438,186.4499969482422,165.0816650390625,9656480,0.0,0.0
2010-09-15 00:00:00+05:30,186.0,192.85000610351562,186.0,189.9499969482422,168.18057250976562,7910999,0.0,0.0
2010-09-16 00:00:00+05:30,189.0,191.6999969482422,185.0500030517578,186.10000610351562,164.77188110351562,5635160,0.0,0.0
2010-09-17 00:00:00+05:30,187.0,191.25,187.0,189.0500030517578,167.38375854492188,11068914,0.0,0.0
2010-09-20 00:00:00+05:30,189.0,195.0,187.14999389648438,193.9499969482422,171.72213745117188,8555553,0.0,0.0
2010-09-21 00:00:00+05:30,193.9499969482422,195.14999389648438,189.3000030517578,191.60000610351562,169.64149475097656,6149036,0.0,0.0
2010-09-22 00:00:00+05:30,191.9499969482422,193.64999389648438,187.39999389648438,189.75,168.00350952148438,6502506,0.0,0.0
2010-09-23 00:00:00+05:30,190.0,192.14999389648438,187.8000030517578,189.6999969482422,167.95925903320312,3745657,0.0,0.0
2010-09-24 00:00:00+05:30,189.6999969482422,192.25,189.1999969482422,191.14999389648438,169.24307250976562,4633382,0.0,0.0
2010-09-27 00:00:00+05:30,192.0,199.6999969482422,192.0,196.85000610351562,174.2898406982422,9955954,0.0,0.0
2010-09-28 00:00:00+05:30,197.0,198.0,192.14999389648438,196.0,173.5372314453125,5409781,0.0,0.0
2010-09-29 00:00:00+05:30,197.0,198.4499969482422,190.3000030517578,191.5500030517578,169.59722900390625,7087483,0.0,0.0
2010-09-30 00:00:00+05:30,192.0,198.6999969482422,188.8000030517578,197.0500030517578,174.46690368652344,9800700,0.0,0.0
2010-10-01 00:00:00+05:30,197.5,205.39999389648438,195.8000030517578,204.35000610351562,180.93028259277344,10584850,0.0,0.0
2010-10-04 00:00:00+05:30,206.0,210.25,204.3000030517578,205.89999389648438,182.30267333984375,8647304,0.0,0.0
2010-10-05 00:00:00+05:30,205.89999389648438,208.0,201.89999389648438,203.0500030517578,179.77928161621094,5160231,0.0,0.0
2010-10-06 00:00:00+05:30,207.6999969482422,212.64999389648438,205.5,210.4499969482422,186.33119201660156,7781453,0.0,0.0
2010-10-07 00:00:00+05:30,212.0,217.3000030517578,209.0,211.8000030517578,187.52647399902344,11713223,0.0,0.0
2010-10-08 00:00:00+05:30,211.8000030517578,217.25,210.8000030517578,214.6999969482422,190.09410095214844,8710910,0.0,0.0
2010-10-11 00:00:00+05:30,215.0500030517578,219.0,214.14999389648438,215.10000610351562,190.44827270507812,6017757,0.0,0.0
2010-10-12 00:00:00+05:30,213.0,215.75,207.1999969482422,210.6999969482422,186.55252075195312,5762596,0.0,0.0
2010-10-13 00:00:00+05:30,212.0,217.10000610351562,212.0,216.4499969482422,191.6435546875,6387491,0.0,0.0
2010-10-14 00:00:00+05:30,217.4499969482422,219.0500030517578,214.10000610351562,215.89999389648438,191.15658569335938,6205392,0.0,0.0
2010-10-15 00:00:00+05:30,216.0,217.9499969482422,212.0,212.60000610351562,188.2347869873047,5394069,0.0,0.0
2010-10-18 00:00:00+05:30,222.89999389648438,222.89999389648438,207.1999969482422,211.39999389648438,187.17227172851562,7589379,0.0,0.0
2010-10-19 00:00:00+05:30,212.3000030517578,213.1999969482422,205.5,206.35000610351562,182.70108032226562,6754298,0.0,0.0
2010-10-20 00:00:00+05:30,203.1999969482422,207.35000610351562,201.1999969482422,203.14999389648438,179.86776733398438,5721696,0.0,0.0
2010-10-21 00:00:00+05:30,205.0,214.89999389648438,203.75,213.35000610351562,188.8988494873047,5790174,0.0,0.0
2010-10-22 00:00:00+05:30,213.0,215.25,210.1999969482422,211.89999389648438,187.61500549316406,5742617,0.0,0.0
2010-10-25 00:00:00+05:30,213.25,223.6999969482422,213.25,221.1999969482422,195.84915161132812,11487287,0.0,0.0
2010-10-26 00:00:00+05:30,221.5,222.0,216.1999969482422,217.75,192.79457092285156,3947835,0.0,0.0
2010-10-27 00:00:00+05:30,215.14999389648438,222.5500030517578,214.39999389648438,219.4499969482422,194.29969787597656,9667913,0.0,0.0
2010-10-28 00:00:00+05:30,220.0,220.5,213.35000610351562,216.3000030517578,191.5107421875,9680145,0.0,0.0
2010-10-29 00:00:00+05:30,216.75,217.25,203.60000610351562,210.5,186.3754425048828,7736689,0.0,0.0
2010-11-01 00:00:00+05:30,214.89999389648438,216.75,211.6999969482422,212.9499969482422,188.544677734375,3685565,0.0,0.0
2010-11-02 00:00:00+05:30,213.35000610351562,216.0,211.64999389648438,215.35000610351562,190.66961669921875,2738600,0.0,0.0
2010-11-03 00:00:00+05:30,216.64999389648438,220.10000610351562,216.64999389648438,218.89999389648438,193.81275939941406,3361738,0.0,0.0
2010-11-04 00:00:00+05:30,221.6999969482422,228.1999969482422,220.1999969482422,226.4499969482422,200.49749755859375,6030744,0.0,0.0
2010-11-08 00:00:00+05:30,235.60000610351562,239.4499969482422,228.5,230.25,203.86199951171875,8195939,0.0,0.0
2010-11-09 00:00:00+05:30,231.75,234.4499969482422,228.8000030517578,230.75,204.30467224121094,4811001,0.0,0.0
2010-11-10 00:00:00+05:30,225.5,230.6999969482422,221.64999389648438,228.10000610351562,201.95838928222656,11377248,0.0,0.0
2010-11-11 00:00:00+05:30,229.0,238.64999389648438,225.4499969482422,233.9499969482422,207.137939453125,14312268,0.0,0.0
2010-11-12 00:00:00+05:30,233.0,233.0,221.3000030517578,223.10000610351562,197.53146362304688,6318087,0.0,0.0
2010-11-15 00:00:00+05:30,223.3000030517578,226.0,215.75,224.0500030517578,198.37257385253906,7869039,0.0,0.0
2010-11-16 00:00:00+05:30,224.9499969482422,224.9499969482422,210.9499969482422,211.89999389648438,187.61500549316406,7731879,0.0,0.0
2010-11-18 00:00:00+05:30,213.0,224.39999389648438,206.75,222.1999969482422,196.73458862304688,14490543,0.0,0.0
2010-11-19 00:00:00+05:30,222.25,222.25,210.60000610351562,212.60000610351562,188.2347869873047,8047785,0.0,0.0
2010-11-22 00:00:00+05:30,214.10000610351562,217.9499969482422,212.5500030517578,214.8000030517578,190.18263244628906,5086196,0.0,0.0
2010-11-23 00:00:00+05:30,211.0,213.1999969482422,204.10000610351562,210.8000030517578,186.64108276367188,8267884,0.0,0.0
2010-11-24 00:00:00+05:30,211.0,214.64999389648438,206.1999969482422,207.60000610351562,183.8077850341797,4513480,0.0,0.0
2010-11-25 00:00:00+05:30,209.3000030517578,211.3000030517578,201.10000610351562,202.8000030517578,179.5579376220703,9144666,0.0,0.0
2010-11-26 00:00:00+05:30,205.0,208.5,194.0,200.0500030517578,177.1230926513672,12258516,0.0,0.0
2010-11-29 00:00:00+05:30,198.5,203.64999389648438,197.3000030517578,201.75,178.62828063964844,4500392,0.0,0.0
2010-11-30 00:00:00+05:30,200.0,208.85000610351562,195.60000610351562,206.5500030517578,182.87814331054688,12987805,0.0,0.0
2010-12-01 00:00:00+05:30,207.0500030517578,216.39999389648438,207.0500030517578,213.6999969482422,189.20872497558594,6762722,0.0,0.0
2010-12-02 00:00:00+05:30,217.3000030517578,220.1999969482422,216.3000030517578,218.75,193.6799774169922,7056051,0.0,0.0
2010-12-03 00:00:00+05:30,219.39999389648438,219.89999389648438,212.60000610351562,215.35000610351562,190.66961669921875,4042692,0.0,0.0
2010-12-06 00:00:00+05:30,215.85000610351562,224.89999389648438,215.85000610351562,221.35000610351562,195.98199462890625,7244950,0.0,0.0
2010-12-07 00:00:00+05:30,222.5,228.5,221.5,226.8000030517578,200.807373046875,9569482,0.0,0.0
2010-12-08 00:00:00+05:30,225.9499969482422,225.9499969482422,220.10000610351562,222.0,196.5574951171875,7545929,0.0,0.0
2010-12-09 00:00:00+05:30,222.10000610351562,223.0500030517578,207.64999389648438,209.75,185.71139526367188,7719510,0.0,0.0
2010-12-10 00:00:00+05:30,207.0,216.75,206.89999389648438,215.3000030517578,190.62533569335938,6190927,0.0,0.0
2010-12-13 00:00:00+05:30,215.9499969482422,222.89999389648438,211.6999969482422,221.60000610351562,196.20333862304688,8199332,0.0,0.0
2010-12-14 00:00:00+05:30,223.0,225.89999389648438,221.14999389648438,224.75,198.99232482910156,5936320,0.0,0.0
2010-12-15 00:00:00+05:30,225.35000610351562,225.75,219.75,222.0500030517578,196.6017608642578,6471004,0.0,0.0
2010-12-16 00:00:00+05:30,221.10000610351562,225.10000610351562,216.25,224.14999389648438,198.46109008789062,6389274,0.0,0.0
2010-12-20 00:00:00+05:30,222.0,226.35000610351562,220.6999969482422,223.9499969482422,198.28399658203125,4555601,0.0,0.0
2010-12-21 00:00:00+05:30,224.39999389648438,235.60000610351562,224.0500030517578,233.60000610351562,206.82809448242188,14269521,0.0,0.0
2010-12-22 00:00:00+05:30,234.89999389648438,238.6999969482422,233.1999969482422,238.10000610351562,210.8123321533203,11748779,0.0,0.0
2010-12-23 00:00:00+05:30,238.1999969482422,239.0,233.0500030517578,233.75,206.96087646484375,5506362,0.0,0.0
2010-12-24 00:00:00+05:30,232.10000610351562,240.5,231.8000030517578,239.60000610351562,212.14047241210938,7848214,0.0,0.0
2010-12-27 00:00:00+05:30,239.0,241.25,235.8000030517578,237.64999389648438,210.4138946533203,4541339,0.0,0.0
2010-12-28 00:00:00+05:30,237.0500030517578,240.3000030517578,236.1999969482422,237.5,210.2810821533203,3782113,0.0,0.0
2010-12-29 00:00:00+05:30,238.5,242.9499969482422,238.25,241.5500030517578,213.866943359375,5771078,0.0,0.0
2010-12-30 00:00:00+05:30,242.39999389648438,245.1999969482422,240.89999389648438,244.64999389648438,216.61166381835938,6462622,0.0,0.0
2010-12-31 00:00:00+05:30,244.75,247.89999389648438,243.3000030517578,247.0,218.69232177734375,5523415,0.0,0.0
2011-01-03 00:00:00+05:30,248.0,249.75,245.39999389648438,246.10000610351562,217.8955078125,3842790,0.0,0.0
2011-01-04 00:00:00+05:30,247.35000610351562,247.89999389648438,241.3000030517578,244.10000610351562,216.12472534179688,6877660,0.0,0.0
2011-01-05 00:00:00+05:30,243.0,249.4499969482422,242.10000610351562,246.5,218.24961853027344,8279087,0.0,0.0
2011-01-06 00:00:00+05:30,249.0,252.85000610351562,246.5,251.35000610351562,222.54383850097656,11312988,0.0,0.0
2011-01-07 00:00:00+05:30,251.4499969482422,251.4499969482422,230.60000610351562,233.3000030517578,206.56243896484375,19294019,0.0,0.0
2011-01-10 00:00:00+05:30,234.64999389648438,234.64999389648438,220.8000030517578,222.10000610351562,196.64605712890625,16700765,0.0,0.0
2011-01-11 00:00:00+05:30,222.0,234.0,222.0,230.60000610351562,204.17189025878906,11698426,0.0,0.0
2011-01-12 00:00:00+05:30,233.75,238.8000030517578,226.4499969482422,237.5,210.2810821533203,10778556,0.0,0.0
2011-01-13 00:00:00+05:30,237.25,240.9499969482422,232.10000610351562,234.25,207.403564453125,7929497,0.0,0.0
2011-01-14 00:00:00+05:30,233.89999389648438,238.75,228.6999969482422,230.0,203.64064025878906,7434960,0.0,0.0
2011-01-17 00:00:00+05:30,228.8000030517578,232.0500030517578,223.75,224.85000610351562,199.08084106445312,8379481,0.0,0.0
2011-01-18 00:00:00+05:30,225.64999389648438,230.60000610351562,225.64999389648438,229.4499969482422,203.15367126464844,5802374,0.0,0.0
2011-01-19 00:00:00+05:30,230.0,237.6999969482422,229.0,235.60000610351562,208.598876953125,9212642,0.0,0.0
2011-01-20 00:00:00+05:30,232.25,239.75,232.0,236.5,209.39572143554688,8696988,0.0,0.0
2011-01-21 00:00:00+05:30,233.10000610351562,237.0,233.10000610351562,234.4499969482422,207.5806427001953,5496192,0.0,0.0
2011-01-24 00:00:00+05:30,234.5,235.89999389648438,230.1999969482422,232.0500030517578,205.4556884765625,4656651,0.0,0.0
2011-01-25 00:00:00+05:30,233.1999969482422,238.6999969482422,232.5,235.10000610351562,208.1561279296875,6623592,0.0,0.0
2011-01-27 00:00:00+05:30,236.0500030517578,238.0,231.5500030517578,232.9499969482422,206.25254821777344,11947821,0.0,0.0
2011-01-28 00:00:00+05:30,232.6999969482422,234.14999389648438,217.60000610351562,223.5500030517578,197.9298553466797,12714864,0.0,0.0
2011-01-31 00:00:00+05:30,220.0,231.39999389648438,217.39999389648438,229.64999389648438,203.33074951171875,10647154,0.0,0.0
2011-02-01 00:00:00+05:30,230.5,233.75,227.6999969482422,229.89999389648438,203.5520782470703,8599323,0.0,0.0
2011-02-02 00:00:00+05:30,232.0,237.89999389648438,231.14999389648438,234.8000030517578,207.8905487060547,9229394,0.0,0.0
2011-02-03 00:00:00+05:30,235.0500030517578,247.0,234.6999969482422,246.0500030517578,217.85122680664062,11916127,0.0,0.0
2011-02-04 00:00:00+05:30,246.5500030517578,251.25,234.5500030517578,236.5500030517578,209.43997192382812,11477428,0.0,0.0
2011-02-07 00:00:00+05:30,236.8000030517578,238.6999969482422,227.9499969482422,232.25,205.63275146484375,11771926,0.0,0.0
2011-02-08 00:00:00+05:30,234.64999389648438,238.9499969482422,231.0500030517578,233.85000610351562,207.04940795898438,10511581,0.0,0.0
2011-02-09 00:00:00+05:30,231.89999389648438,232.1999969482422,217.3000030517578,219.35000610351562,194.211181640625,12632074,0.0,0.0
2011-02-10 00:00:00+05:30,219.0,220.0500030517578,211.8000030517578,215.75,191.02377319335938,9826787,0.0,0.0
2011-02-11 00:00:00+05:30,216.0,216.9499969482422,201.5500030517578,210.9499969482422,186.77383422851562,15181005,0.0,0.0
2011-02-14 00:00:00+05:30,209.9499969482422,219.89999389648438,203.60000610351562,219.3000030517578,194.1669158935547,12331151,0.0,0.0
2011-02-15 00:00:00+05:30,220.0,220.3000030517578,211.5500030517578,212.39999389648438,188.05770874023438,10513954,0.0,0.0
2011-02-16 00:00:00+05:30,213.35000610351562,215.5500030517578,207.60000610351562,211.64999389648438,187.39364624023438,14446222,0.0,0.0
2011-02-17 00:00:00+05:30,212.0,214.35000610351562,210.5500030517578,211.39999389648438,187.17227172851562,6790520,0.0,0.0
2011-02-18 00:00:00+05:30,212.4499969482422,217.4499969482422,208.3000030517578,209.60000610351562,185.57858276367188,8959222,0.0,0.0
2011-02-21 00:00:00+05:30,210.0500030517578,213.5,205.39999389648438,212.6999969482422,188.32330322265625,7855519,0.0,0.0
2011-02-22 00:00:00+05:30,210.0,214.5500030517578,208.10000610351562,212.1999969482422,187.88059997558594,7735703,0.0,0.0
2011-02-23 00:00:00+05:30,211.25,215.6999969482422,210.39999389648438,212.39999389648438,188.05770874023438,8695832,0.0,0.0
2011-02-24 00:00:00+05:30,210.0,211.9499969482422,203.14999389648438,205.3000030517578,181.77139282226562,13043592,0.0,0.0
2011-02-25 00:00:00+05:30,208.5500030517578,209.0,194.5,200.0500030517578,177.1230926513672,12435933,0.0,0.0
2011-02-28 00:00:00+05:30,201.5,209.35000610351562,196.10000610351562,201.35000610351562,178.27410888671875,13912499,0.0,0.0
2011-03-01 00:00:00+05:30,203.14999389648438,213.35000610351562,202.8000030517578,212.4499969482422,188.10194396972656,10904058,0.0,0.0
2011-03-03 00:00:00+05:30,210.0500030517578,212.60000610351562,205.85000610351562,210.0,185.9327392578125,12801838,0.0,0.0
2011-03-04 00:00:00+05:30,212.0,213.39999389648438,207.5,210.0500030517578,185.97702026367188,8571950,0.0,0.0
2011-03-07 00:00:00+05:30,208.5,211.5,207.64999389648438,210.0,185.9327392578125,8185775,0.0,0.0
2011-03-08 00:00:00+05:30,209.0,212.75,207.5500030517578,211.9499969482422,187.65928649902344,7251481,0.0,0.0
2011-03-09 00:00:00+05:30,212.35000610351562,215.39999389648438,211.1999969482422,213.0,188.58892822265625,6555371,0.0,0.0
2011-03-10 00:00:00+05:30,211.0,211.5500030517578,205.85000610351562,209.3000030517578,185.31297302246094,8001364,0.0,0.0
2011-03-11 00:00:00+05:30,206.5,208.5500030517578,203.5,205.75,182.1698455810547,8250452,0.0,0.0
2011-03-14 00:00:00+05:30,203.8000030517578,209.9499969482422,203.8000030517578,209.10000610351562,185.1359100341797,7810428,0.0,0.0
2011-03-15 00:00:00+05:30,203.25,206.10000610351562,202.6999969482422,204.1999969482422,180.79747009277344,8488763,0.0,0.0
2011-03-16 00:00:00+05:30,205.0500030517578,207.0,202.5,203.14999389648438,179.86776733398438,7450369,0.0,0.0
2011-03-17 00:00:00+05:30,201.25,203.39999389648438,196.85000610351562,197.6999969482422,175.04238891601562,8563200,0.0,0.0
2011-03-18 00:00:00+05:30,199.4499969482422,201.64999389648438,196.10000610351562,196.8000030517578,174.2455596923828,7469107,0.0,0.0
2011-03-21 00:00:00+05:30,198.4499969482422,199.0,190.0500030517578,190.6999969482422,168.8446502685547,10668392,0.0,0.0
2011-03-22 00:00:00+05:30,191.8000030517578,193.4499969482422,189.35000610351562,191.85000610351562,169.8628692626953,5082135,0.0,0.0
2011-03-23 00:00:00+05:30,191.3000030517578,197.0500030517578,190.5500030517578,196.35000610351562,173.84715270996094,7407569,0.0,0.0
2011-03-24 00:00:00+05:30,197.89999389648438,205.35000610351562,197.3000030517578,204.8000030517578,181.32872009277344,9414606,0.0,0.0
2011-03-25 00:00:00+05:30,208.89999389648438,208.89999389648438,204.10000610351562,206.64999389648438,182.9667205810547,6928310,0.0,0.0
2011-03-28 00:00:00+05:30,205.75,208.5500030517578,204.1999969482422,205.6999969482422,182.12554931640625,3623626,0.0,0.0
2011-03-29 00:00:00+05:30,205.64999389648438,210.0,204.89999389648438,207.89999389648438,184.07345581054688,6142777,0.0,0.0
2011-03-30 00:00:00+05:30,209.5,210.1999969482422,204.39999389648438,205.25,181.72714233398438,6814808,0.0,0.0
2011-03-31 00:00:00+05:30,206.0,210.0,203.4499969482422,209.14999389648438,185.18017578125,9074245,0.0,0.0
2011-04-01 00:00:00+05:30,209.6999969482422,215.0,209.4499969482422,214.25,189.69569396972656,5264467,0.0,0.0
2011-04-04 00:00:00+05:30,214.0500030517578,217.39999389648438,213.5500030517578,215.89999389648438,191.15658569335938,2510590,0.0,0.0
2011-04-05 00:00:00+05:30,216.75,220.0,213.64999389648438,215.4499969482422,190.7581787109375,7722580,0.0,0.0
2011-04-06 00:00:00+05:30,216.89999389648438,217.8000030517578,211.5,212.39999389648438,188.05770874023438,5130496,0.0,0.0
2011-04-07 00:00:00+05:30,212.6999969482422,217.5,212.6999969482422,216.0500030517578,191.28939819335938,4481867,0.0,0.0
2011-04-08 00:00:00+05:30,215.14999389648438,217.5,208.3000030517578,209.0,185.04734802246094,8061529,0.0,0.0
2011-04-11 00:00:00+05:30,207.9499969482422,210.60000610351562,205.89999389648438,207.39999389648438,183.63072204589844,4872688,0.0,0.0
2011-04-13 00:00:00+05:30,206.39999389648438,210.64999389648438,205.0,209.64999389648438,185.6228485107422,7534852,0.0,0.0
2011-04-15 00:00:00+05:30,208.0500030517578,213.4499969482422,208.0500030517578,210.1999969482422,186.1098175048828,6983239,0.0,0.0
2011-04-18 00:00:00+05:30,211.6999969482422,213.10000610351562,203.0500030517578,203.64999389648438,180.31048583984375,5877222,0.0,0.0
2011-04-19 00:00:00+05:30,203.8000030517578,205.9499969482422,200.0,205.0,181.5058135986328,5369332,0.0,0.0
2011-04-20 00:00:00+05:30,206.35000610351562,215.3000030517578,206.25,214.35000610351562,189.78421020507812,7044590,0.0,0.0
2011-04-21 00:00:00+05:30,216.3000030517578,221.39999389648438,216.0,220.8000030517578,195.4949951171875,8777639,0.0,0.0
2011-04-25 00:00:00+05:30,220.85000610351562,221.64999389648438,215.8000030517578,219.1999969482422,194.07835388183594,4171464,0.0,0.0
2011-04-26 00:00:00+05:30,218.75,224.3000030517578,216.5,223.0,197.44287109375,9563112,0.0,0.0
2011-04-27 00:00:00+05:30,224.1999969482422,224.75,219.10000610351562,220.0500030517578,194.8309783935547,4931238,0.0,0.0
2011-04-28 00:00:00+05:30,220.75,222.39999389648438,218.1999969482422,219.0500030517578,193.94557189941406,6208592,0.0,0.0
2011-04-29 00:00:00+05:30,219.89999389648438,219.89999389648438,213.10000610351562,216.0500030517578,191.28939819335938,4016688,0.0,0.0
2011-05-02 00:00:00+05:30,216.25,219.8000030517578,212.14999389648438,213.35000610351562,188.8988494873047,3572819,0.0,0.0
2011-05-03 00:00:00+05:30,213.1999969482422,214.60000610351562,204.75,206.35000610351562,182.70108032226562,4197215,0.0,0.0
2011-05-04 00:00:00+05:30,204.64999389648438,208.10000610351562,200.3000030517578,205.4499969482422,181.90423583984375,4422055,0.0,0.0
2011-05-05 00:00:00+05:30,204.0,208.64999389648438,200.60000610351562,201.9499969482422,178.80535888671875,6990527,0.0,0.0
2011-05-06 00:00:00+05:30,200.0500030517578,204.39999389648438,196.8000030517578,201.6999969482422,178.58396911621094,6005053,0.0,0.0
2011-05-09 00:00:00+05:30,202.5,206.25,200.75,202.60000610351562,179.380859375,4478705,0.0,0.0
2011-05-10 00:00:00+05:30,204.89999389648438,207.5,201.6999969482422,203.1999969482422,179.9120635986328,4393388,0.0,0.0
2011-05-11 00:00:00+05:30,203.64999389648438,205.9499969482422,202.8000030517578,204.85000610351562,181.37298583984375,3543242,0.0,0.0
2011-05-12 00:00:00+05:30,203.25,203.25,193.5500030517578,195.14999389648438,172.7846221923828,8501421,0.0,0.0
2011-05-13 00:00:00+05:30,196.0,202.1999969482422,195.5,197.9499969482422,175.26377868652344,7199317,0.0,0.0
2011-05-16 00:00:00+05:30,197.39999389648438,198.39999389648438,192.5,194.89999389648438,172.5633087158203,6309738,0.0,0.0
2011-05-17 00:00:00+05:30,194.89999389648438,197.35000610351562,191.89999389648438,193.4499969482422,171.27951049804688,3488663,0.0,0.0
2011-05-18 00:00:00+05:30,195.0,198.5,194.3000030517578,196.5500030517578,174.0242462158203,5730595,0.0,0.0
2011-05-19 00:00:00+05:30,196.5500030517578,198.4499969482422,188.25,189.5,167.78216552734375,4390067,0.0,0.0
2011-05-20 00:00:00+05:30,190.9499969482422,195.0,189.75,192.10000610351562,170.08419799804688,5082647,0.0,0.0
2011-05-23 00:00:00+05:30,190.10000610351562,191.35000610351562,187.35000610351562,188.60000610351562,166.9853515625,3466591,0.0,0.0
2011-05-24 00:00:00+05:30,187.0,188.5,183.10000610351562,186.75,165.34735107421875,6722273,0.0,0.0
2011-05-25 00:00:00+05:30,185.9499969482422,188.89999389648438,181.25,183.89999389648438,162.82395935058594,7130170,0.0,0.0
2011-05-26 00:00:00+05:30,186.0,189.35000610351562,185.5,186.5500030517578,165.1702880859375,7213398,0.0,0.0
2011-05-27 00:00:00+05:30,188.0500030517578,199.0,187.0,197.5500030517578,174.9095916748047,8947292,0.0,0.0
2011-05-30 00:00:00+05:30,198.14999389648438,199.5,191.8000030517578,193.0500030517578,170.9253387451172,5704177,0.0,0.0
2011-05-31 00:00:00+05:30,192.8000030517578,198.0,189.5500030517578,197.35000610351562,174.73252868652344,8169408,0.0,0.0
2011-06-01 00:00:00+05:30,198.25,198.75,195.35000610351562,197.3000030517578,174.688232421875,5579947,0.0,0.0
2011-06-02 00:00:00+05:30,195.0,195.6999969482422,192.39999389648438,194.0,171.7664794921875,3544280,0.0,0.0
2011-06-03 00:00:00+05:30,194.3000030517578,196.5,188.25,189.14999389648438,167.47225952148438,4183106,0.0,0.0
2011-06-06 00:00:00+05:30,189.0,190.9499969482422,185.0,186.3000030517578,164.94891357421875,6845086,0.0,0.0
2011-06-07 00:00:00+05:30,186.0,188.4499969482422,185.0,187.6999969482422,166.18846130371094,4683354,0.0,0.0
2011-06-08 00:00:00+05:30,187.0,188.6999969482422,182.5,183.64999389648438,162.6026153564453,6020295,0.0,0.0
2011-06-09 00:00:00+05:30,184.25,185.14999389648438,181.6999969482422,183.0,162.02711486816406,5010354,0.0,0.0
2011-06-10 00:00:00+05:30,183.75,186.0,183.0,184.75,163.57656860351562,4951050,0.0,0.0
2011-06-13 00:00:00+05:30,183.85000610351562,183.85000610351562,179.5,180.35000610351562,159.68081665039062,6475200,0.0,0.0
2011-06-14 00:00:00+05:30,181.0,181.8000030517578,176.25,176.75,156.493408203125,10126516,0.0,0.0
2011-06-15 00:00:00+05:30,177.0,178.64999389648438,172.8000030517578,173.3000030517578,153.43878173828125,9699189,0.0,0.0
2011-06-16 00:00:00+05:30,171.0,174.64999389648438,170.75,173.14999389648438,153.30599975585938,6263926,0.0,0.0
2011-06-17 00:00:00+05:30,175.60000610351562,175.60000610351562,166.6999969482422,169.85000610351562,150.3842010498047,7948451,0.0,0.0
2011-06-20 00:00:00+05:30,170.64999389648438,170.6999969482422,161.6999969482422,168.60000610351562,149.2774200439453,6326296,0.0,0.0
2011-06-21 00:00:00+05:30,169.4499969482422,172.9499969482422,168.0,169.60000610351562,150.162841796875,6029770,0.0,0.0
2011-06-22 00:00:00+05:30,171.39999389648438,171.60000610351562,166.14999389648438,167.64999389648438,148.43630981445312,4528233,0.0,0.0
2011-06-23 00:00:00+05:30,167.0,168.60000610351562,164.5500030517578,166.64999389648438,147.5509033203125,4632847,0.0,0.0
2011-06-24 00:00:00+05:30,168.0500030517578,174.39999389648438,167.75,172.85000610351562,153.04037475585938,7800403,0.0,0.0
2011-06-27 00:00:00+05:30,172.0,175.85000610351562,171.1999969482422,174.10000610351562,154.14712524414062,5151561,0.0,0.0
2011-06-28 00:00:00+05:30,174.39999389648438,181.39999389648438,173.64999389648438,180.8000030517578,160.07923889160156,8319523,0.0,0.0
2011-06-29 00:00:00+05:30,181.75,184.39999389648438,181.3000030517578,182.0500030517578,161.1859893798828,5567352,0.0,0.0
2011-06-30 00:00:00+05:30,183.8000030517578,183.8000030517578,178.85000610351562,180.5500030517578,159.85791015625,6070224,0.0,0.0
2011-07-01 00:00:00+05:30,184.35000610351562,187.89999389648438,182.1999969482422,187.0,165.56869506835938,7732219,0.0,0.0
2011-07-04 00:00:00+05:30,189.0,190.85000610351562,185.35000610351562,190.25,168.44619750976562,6927024,0.0,0.0
2011-07-05 00:00:00+05:30,191.60000610351562,191.60000610351562,185.0,186.64999389648438,165.2587890625,4285066,0.0,0.0
2011-07-06 00:00:00+05:30,187.0,189.8000030517578,185.6999969482422,189.3000030517578,167.6051025390625,3160065,0.0,0.0
2011-07-07 00:00:00+05:30,189.0,196.0,187.64999389648438,195.64999389648438,173.22735595703125,7742851,0.0,0.0
2011-07-08 00:00:00+05:30,194.8000030517578,194.8000030517578,187.25,188.10000610351562,166.54261779785156,10383793,0.0,0.0
2011-07-11 00:00:00+05:30,187.0,187.0,178.75,180.0500030517578,159.4152069091797,7237024,0.0,0.0
2011-07-12 00:00:00+05:30,176.5,181.5,175.0,175.8000030517578,155.6522674560547,10294219,0.0,0.0
2011-07-13 00:00:00+05:30,177.0,178.89999389648438,174.3000030517578,177.10000610351562,156.8032989501953,6496999,0.0,0.0
2011-07-14 00:00:00+05:30,176.5,181.8000030517578,175.8000030517578,178.25,157.82151794433594,6907656,0.0,0.0
2011-07-15 00:00:00+05:30,178.64999389648438,180.14999389648438,176.3000030517578,176.60000610351562,156.360595703125,5194630,0.0,0.0
2011-07-18 00:00:00+05:30,177.8000030517578,182.9499969482422,177.6999969482422,182.39999389648438,161.49586486816406,7337123,0.0,0.0
2011-07-19 00:00:00+05:30,182.89999389648438,185.0,181.39999389648438,184.5500030517578,163.39947509765625,3828351,0.0,0.0
2011-07-20 00:00:00+05:30,185.85000610351562,185.89999389648438,177.6999969482422,178.8000030517578,158.3084716796875,4303328,0.0,0.0
2011-07-21 00:00:00+05:30,178.8000030517578,178.89999389648438,176.0,176.85000610351562,156.58197021484375,3079282,0.0,0.0
2011-07-22 00:00:00+05:30,179.10000610351562,179.8000030517578,175.3000030517578,176.6999969482422,156.44912719726562,7794606,0.0,0.0
2011-07-25 00:00:00+05:30,176.1999969482422,181.6999969482422,174.85000610351562,181.0,160.25633239746094,6075365,0.0,0.0
2011-07-26 00:00:00+05:30,181.35000610351562,182.60000610351562,176.60000610351562,177.85000610351562,157.4673309326172,3813056,0.0,0.0
2011-07-27 00:00:00+05:30,178.0,178.39999389648438,171.3000030517578,172.64999389648438,152.86326599121094,6914827,0.0,0.0
2011-07-28 00:00:00+05:30,171.5,171.5,167.0500030517578,167.9499969482422,148.70193481445312,5653938,0.0,0.0
2011-07-29 00:00:00+05:30,167.10000610351562,170.35000610351562,166.1999969482422,168.4499969482422,149.1446533203125,7186074,0.0,0.0
2011-08-01 00:00:00+05:30,170.75,171.89999389648438,166.14999389648438,168.25,148.96755981445312,3269893,0.0,0.0
2011-08-02 00:00:00+05:30,167.89999389648438,168.35000610351562,164.0500030517578,164.8000030517578,145.9129180908203,4270123,0.0,0.0
2011-08-03 00:00:00+05:30,162.89999389648438,166.39999389648438,159.4499969482422,165.35000610351562,146.39990234375,4330209,0.0,0.0
2011-08-04 00:00:00+05:30,166.89999389648438,167.89999389648438,160.3000030517578,161.35000610351562,142.85833740234375,5092685,0.0,0.0
2011-08-05 00:00:00+05:30,156.64999389648438,164.0,152.0,162.9499969482422,144.2749481201172,11505554,0.0,0.0
2011-08-08 00:00:00+05:30,158.0,159.1999969482422,150.5,151.64999389648438,134.27000427246094,13043500,0.0,0.0
2011-08-09 00:00:00+05:30,146.1999969482422,154.25,143.35000610351562,147.9499969482422,130.99403381347656,18372621,0.0,0.0
2011-08-10 00:00:00+05:30,152.89999389648438,157.3000030517578,151.3000030517578,155.89999389648438,138.03292846679688,18679302,0.0,0.0
2011-08-11 00:00:00+05:30,154.4499969482422,158.39999389648438,153.10000610351562,157.1999969482422,139.18392944335938,4673973,0.0,0.0
2011-08-12 00:00:00+05:30,159.25,159.25,149.0,150.1999969482422,132.98619079589844,9300179,0.0,0.0
2011-08-16 00:00:00+05:30,151.0,153.14999389648438,142.89999389648438,144.35000610351562,127.80662536621094,7224133,0.0,0.0
2011-08-17 00:00:00+05:30,144.5,146.39999389648438,140.10000610351562,142.5500030517578,126.21293640136719,7156031,0.0,0.0
2011-08-18 00:00:00+05:30,143.85000610351562,143.85000610351562,136.60000610351562,137.64999389648438,121.87450408935547,6934947,0.0,0.0
2011-08-19 00:00:00+05:30,134.0,141.35000610351562,128.1999969482422,139.5500030517578,123.55675506591797,12695831,0.0,0.0
2011-08-22 00:00:00+05:30,140.5,145.0,135.0,144.39999389648438,127.85090637207031,8623048,0.0,0.0
2011-08-23 00:00:00+05:30,145.35000610351562,147.3000030517578,142.10000610351562,145.75,129.04617309570312,5897813,0.0,0.0
2011-08-24 00:00:00+05:30,145.39999389648438,149.6999969482422,145.0,146.64999389648438,129.84304809570312,8489072,0.0,0.0
2011-08-25 00:00:00+05:30,147.9499969482422,148.6999969482422,141.85000610351562,143.3000030517578,126.87699890136719,7406258,0.0,0.0
2011-08-26 00:00:00+05:30,142.89999389648438,143.9499969482422,138.14999389648438,139.14999389648438,123.20259094238281,5933179,0.0,0.0
2011-08-29 00:00:00+05:30,140.6999969482422,146.10000610351562,140.60000610351562,144.10000610351562,127.58531951904297,7194760,0.0,0.0
2011-08-30 00:00:00+05:30,147.0,151.64999389648438,142.60000610351562,150.60000610351562,133.34034729003906,9797241,0.0,0.0
2011-09-02 00:00:00+05:30,155.0,156.89999389648438,150.0,154.64999389648438,136.92617797851562,8502094,0.0,0.0
2011-09-05 00:00:00+05:30,152.39999389648438,154.3000030517578,148.5500030517578,153.5,135.9080047607422,6547768,0.0,0.0
2011-09-06 00:00:00+05:30,152.0,156.5,150.25,155.5500030517578,137.72305297851562,7262367,0.0,0.0
2011-09-07 00:00:00+05:30,156.1999969482422,163.6999969482422,154.85000610351562,159.89999389648438,141.574462890625,10346586,0.0,0.0
2011-09-08 00:00:00+05:30,160.75,161.89999389648438,158.1999969482422,159.0,140.7776641845703,6124824,0.0,0.0
2011-09-09 00:00:00+05:30,159.89999389648438,159.89999389648438,149.5,149.89999389648438,132.72059631347656,6304038,0.0,0.0
2011-09-12 00:00:00+05:30,147.0,147.0,141.60000610351562,142.89999389648438,126.52278900146484,6380669,0.0,0.0
2011-09-13 00:00:00+05:30,144.5,147.25,140.39999389648438,141.9499969482422,125.68167114257812,6744964,0.0,0.0
2011-09-14 00:00:00+05:30,142.5,146.25,139.1999969482422,145.10000610351562,129.84274291992188,7944403,1.5,0.0
2011-09-15 00:00:00+05:30,146.14999389648438,147.0,142.5,144.25,129.0821075439453,7493869,0.0,0.0
2011-09-16 00:00:00+05:30,145.5,149.89999389648438,143.39999389648438,144.64999389648438,129.44004821777344,10180314,0.0,0.0
2011-09-19 00:00:00+05:30,143.39999389648438,145.75,141.10000610351562,144.1999969482422,129.0373992919922,5262456,0.0,0.0
2011-09-20 00:00:00+05:30,143.60000610351562,150.5,143.1999969482422,150.0500030517578,134.2722625732422,6206293,0.0,0.0
2011-09-21 00:00:00+05:30,151.0,151.5500030517578,145.0,145.64999389648438,130.3348846435547,5795587,0.0,0.0
2011-09-22 00:00:00+05:30,142.39999389648438,142.39999389648438,138.4499969482422,139.39999389648438,124.7420883178711,6272905,0.0,0.0
2011-09-23 00:00:00+05:30,137.0,137.6999969482422,132.10000610351562,133.89999389648438,119.82041931152344,9950997,0.0,0.0
2011-09-26 00:00:00+05:30,132.35000610351562,133.0,124.5,128.6999969482422,115.16719055175781,13733719,0.0,0.0
2011-09-27 00:00:00+05:30,133.0,135.85000610351562,130.6999969482422,134.4499969482422,120.31261444091797,10136107,0.0,0.0
2011-09-28 00:00:00+05:30,136.0,136.0,129.25,131.8000030517578,117.94124603271484,6477277,0.0,0.0
2011-09-29 00:00:00+05:30,129.3000030517578,134.39999389648438,128.0,133.85000610351562,119.77569580078125,6927393,0.0,0.0
2011-09-30 00:00:00+05:30,132.0,135.0,130.25,131.4499969482422,117.62804412841797,7273891,0.0,0.0
2011-10-03 00:00:00+05:30,128.5500030517578,128.5500030517578,123.19999694824219,123.94999694824219,110.91666412353516,6764858,0.0,0.0
2011-10-04 00:00:00+05:30,122.05000305175781,126.8499984741211,121.8499984741211,124.9000015258789,111.76677703857422,7295474,0.0,0.0
2011-10-05 00:00:00+05:30,126.5,126.94999694824219,119.30000305175781,120.0999984741211,107.47149658203125,13942794,0.0,0.0
2011-10-07 00:00:00+05:30,125.8499984741211,127.19999694824219,123.8499984741211,125.9000015258789,112.66162109375,13680194,0.0,0.0
2011-10-10 00:00:00+05:30,126.0,129.89999389648438,125.0999984741211,127.05000305175781,113.69070434570312,13395507,0.0,0.0
2011-10-11 00:00:00+05:30,129.3000030517578,132.3000030517578,129.10000610351562,130.35000610351562,116.64370727539062,14384255,0.0,0.0
2011-10-12 00:00:00+05:30,131.0,134.1999969482422,127.6500015258789,132.6999969482422,118.74659729003906,9659038,0.0,0.0
2011-10-13 00:00:00+05:30,134.0,134.39999389648438,127.80000305175781,128.9499969482422,115.39090728759766,8467734,0.0,0.0
2011-10-14 00:00:00+05:30,127.5,130.25,125.0999984741211,128.6999969482422,115.16719055175781,12177286,0.0,0.0
2011-10-17 00:00:00+05:30,129.8000030517578,131.35000610351562,128.25,130.1999969482422,116.50947570800781,10238349,0.0,0.0
2011-10-18 00:00:00+05:30,127.0,128.0,124.0999984741211,125.4000015258789,112.2142105102539,6748421,0.0,0.0
2011-10-19 00:00:00+05:30,127.69999694824219,128.39999389648438,126.5,127.69999694824219,114.27235412597656,6498115,0.0,0.0
2011-10-20 00:00:00+05:30,125.0,126.80000305175781,123.75,124.69999694824219,111.58780670166016,5950320,0.0,0.0
2011-10-21 00:00:00+05:30,125.5,125.5,121.1500015258789,121.75,108.94798278808594,6532613,0.0,0.0
2011-10-24 00:00:00+05:30,124.05000305175781,125.5,122.5,123.4000015258789,110.42449951171875,6283988,0.0,0.0
2011-10-25 00:00:00+05:30,124.5999984741211,126.44999694824219,124.0999984741211,125.3499984741211,112.16944885253906,15943019,0.0,0.0
2011-10-28 00:00:00+05:30,135.10000610351562,144.14999389648438,135.0,142.3000030517578,127.33715057373047,31867922,0.0,0.0
2011-10-31 00:00:00+05:30,141.0,141.0,135.10000610351562,135.9499969482422,121.65489196777344,13641523,0.0,0.0
2011-11-01 00:00:00+05:30,135.35000610351562,137.89999389648438,134.10000610351562,135.85000610351562,121.56538391113281,8754763,0.0,0.0
2011-11-02 00:00:00+05:30,133.3000030517578,137.89999389648438,133.10000610351562,136.14999389648438,121.83381652832031,6391144,0.0,0.0
2011-11-03 00:00:00+05:30,135.10000610351562,137.0,133.1999969482422,135.75,121.47589874267578,7735734,0.0,0.0
2011-11-04 00:00:00+05:30,139.0,139.75,137.10000610351562,139.25,124.60785675048828,7225218,0.0,0.0
2011-11-08 00:00:00+05:30,140.25,141.6999969482422,137.64999389648438,139.85000610351562,125.14480590820312,4602343,0.0,0.0
2011-11-09 00:00:00+05:30,140.0,141.6999969482422,133.3000030517578,134.5,120.35734558105469,5878833,0.0,0.0
2011-11-11 00:00:00+05:30,136.0,136.0,126.3499984741211,128.6999969482422,115.16719055175781,12200524,0.0,0.0
2011-11-14 00:00:00+05:30,131.5,132.6999969482422,125.5,126.19999694824219,112.93008422851562,7465268,0.0,0.0
2011-11-15 00:00:00+05:30,126.0,128.0,123.69999694824219,125.44999694824219,112.25895690917969,5326756,0.0,0.0
2011-11-16 00:00:00+05:30,125.8499984741211,127.5999984741211,121.30000305175781,123.4000015258789,110.42449951171875,7628209,0.0,0.0
2011-11-17 00:00:00+05:30,123.5,127.5,121.05000305175781,122.8499984741211,109.93231964111328,8880668,0.0,0.0
2011-11-18 00:00:00+05:30,121.69999694824219,124.5,118.25,123.69999694824219,110.69295501708984,9535655,0.0,0.0
2011-11-21 00:00:00+05:30,122.0,123.0,118.5999984741211,119.25,106.71086883544922,5766985,0.0,0.0
2011-11-22 00:00:00+05:30,120.0999984741211,123.6500015258789,120.0999984741211,122.0,109.17170715332031,7230164,0.0,0.0
2011-11-23 00:00:00+05:30,119.9000015258789,120.6500015258789,117.25,119.44999694824219,106.88983917236328,7780200,0.0,0.0
2011-11-24 00:00:00+05:30,120.0,120.30000305175781,115.8499984741211,118.05000305175781,105.63705444335938,9908978,0.0,0.0
2011-11-25 00:00:00+05:30,117.4000015258789,117.69999694824219,112.80000305175781,113.5,101.56549072265625,7896679,0.0,0.0
2011-11-28 00:00:00+05:30,115.4000015258789,125.44999694824219,115.4000015258789,124.3499984741211,111.27460479736328,9636964,0.0,0.0
2011-11-29 00:00:00+05:30,124.75,124.75,121.0,122.3499984741211,109.48490142822266,6936757,0.0,0.0
2011-11-30 00:00:00+05:30,121.0,123.94999694824219,120.3499984741211,122.94999694824219,110.02183532714844,6423394,0.0,0.0
2011-12-01 00:00:00+05:30,129.4499969482422,134.1999969482422,129.1999969482422,131.25,117.44905853271484,11017464,0.0,0.0
2011-12-02 00:00:00+05:30,130.4499969482422,136.85000610351562,129.10000610351562,135.39999389648438,121.16268920898438,10097525,0.0,0.0
2011-12-05 00:00:00+05:30,134.3000030517578,137.6999969482422,131.75,136.5,122.14701843261719,10051399,0.0,0.0
2011-12-07 00:00:00+05:30,137.89999389648438,140.3000030517578,136.5500030517578,137.8000030517578,123.31033325195312,9938870,0.0,0.0
2011-12-08 00:00:00+05:30,136.10000610351562,136.5,129.10000610351562,130.60000610351562,116.867431640625,7229118,0.0,0.0
2011-12-09 00:00:00+05:30,126.9000015258789,135.60000610351562,125.94999694824219,132.14999389648438,118.2544174194336,11322225,0.0,0.0
2011-12-12 00:00:00+05:30,134.25,134.60000610351562,122.5999984741211,123.55000305175781,110.5587387084961,14097827,0.0,0.0
2011-12-13 00:00:00+05:30,122.8499984741211,131.1999969482422,121.55000305175781,129.5500030517578,115.92782592773438,13933430,0.0,0.0
2011-12-14 00:00:00+05:30,129.10000610351562,130.60000610351562,126.44999694824219,127.30000305175781,113.9144287109375,9157648,0.0,0.0
2011-12-15 00:00:00+05:30,124.0,128.75,122.0,127.4000015258789,114.00390625,8922687,0.0,0.0
2011-12-16 00:00:00+05:30,128.10000610351562,131.75,124.1500015258789,125.9000015258789,112.66162109375,8609493,0.0,0.0
2011-12-19 00:00:00+05:30,124.5,126.5999984741211,122.5,124.80000305175781,111.67729949951172,5857830,0.0,0.0
2011-12-20 00:00:00+05:30,125.30000305175781,126.19999694824219,118.0999984741211,118.8499984741211,106.35292053222656,8372622,0.0,0.0
2011-12-21 00:00:00+05:30,124.0,124.5,120.19999694824219,122.9000015258789,109.97708129882812,8818636,0.0,0.0
2011-12-22 00:00:00+05:30,121.0,123.3499984741211,119.19999694824219,122.5999984741211,109.70862579345703,9164837,0.0,0.0
2011-12-23 00:00:00+05:30,123.5,125.9000015258789,120.5999984741211,121.75,108.94798278808594,7969883,0.0,0.0
2011-12-26 00:00:00+05:30,122.6500015258789,123.0,120.3499984741211,120.9000015258789,108.1873779296875,7351812,0.0,0.0
2011-12-27 00:00:00+05:30,121.0,122.5999984741211,119.05000305175781,119.5999984741211,107.02405548095703,4560134,0.0,0.0
2011-12-28 00:00:00+05:30,119.0,120.0999984741211,115.75,116.5999984741211,104.33952331542969,7637676,0.0,0.0
2011-12-29 00:00:00+05:30,115.0,118.5,114.75,117.19999694824219,104.87642669677734,8635020,0.0,0.0
2011-12-30 00:00:00+05:30,118.5999984741211,119.4000015258789,115.0999984741211,115.8499984741211,103.66838073730469,6098382,0.0,0.0
2012-01-02 00:00:00+05:30,117.0,117.25,111.19999694824219,112.25,100.4469223022461,9684493,0.0,0.0
2012-01-03 00:00:00+05:30,114.19999694824219,116.0,113.0999984741211,115.55000305175781,103.3999252319336,13791200,0.0,0.0
2012-01-04 00:00:00+05:30,117.0,119.0,114.69999694824219,118.30000305175781,105.86074829101562,12622715,0.0,0.0
2012-01-05 00:00:00+05:30,118.1500015258789,119.0999984741211,115.8499984741211,116.4000015258789,104.1605453491211,7100627,0.0,0.0
2012-01-06 00:00:00+05:30,115.9000015258789,119.69999694824219,114.25,118.69999694824219,106.21870422363281,7793768,0.0,0.0
2012-01-09 00:00:00+05:30,117.5,119.25,115.05000305175781,117.8499984741211,105.45806884765625,6218471,0.0,0.0
2012-01-10 00:00:00+05:30,118.5,123.6500015258789,118.5,123.1500015258789,110.2007827758789,10026329,0.0,0.0
2012-01-11 00:00:00+05:30,124.5,130.8000030517578,124.5,130.35000610351562,116.64370727539062,15398196,0.0,0.0
2012-01-12 00:00:00+05:30,129.5,133.89999389648438,129.0,132.6999969482422,118.74659729003906,8750859,0.0,0.0
2012-01-13 00:00:00+05:30,133.6999969482422,135.64999389648438,130.1999969482422,133.39999389648438,119.37297821044922,13357548,0.0,0.0
2012-01-16 00:00:00+05:30,130.8000030517578,133.5,130.39999389648438,132.5500030517578,118.61238098144531,4644200,0.0,0.0
2012-01-17 00:00:00+05:30,134.0,142.6999969482422,133.9499969482422,140.5,125.72642517089844,14685381,0.0,0.0
2012-01-18 00:00:00+05:30,140.3000030517578,141.8000030517578,137.75,139.75,125.05530548095703,8616281,0.0,0.0
2012-01-19 00:00:00+05:30,142.3000030517578,147.1999969482422,142.25,145.8000030517578,130.46917724609375,13340574,0.0,0.0
2012-01-20 00:00:00+05:30,146.0,147.39999389648438,141.60000610351562,143.60000610351562,128.50048828125,9509475,0.0,0.0
2012-01-23 00:00:00+05:30,142.89999389648438,144.1999969482422,136.3000030517578,137.35000610351562,122.90766143798828,9068528,0.0,0.0
2012-01-24 00:00:00+05:30,137.39999389648438,144.89999389648438,136.3000030517578,143.8000030517578,128.67947387695312,8439820,0.0,0.0
2012-01-25 00:00:00+05:30,144.8000030517578,146.25,141.25,142.0500030517578,127.11343383789062,6330312,0.0,0.0
2012-01-27 00:00:00+05:30,143.85000610351562,148.0,143.0,144.4499969482422,129.26107788085938,9733013,0.0,0.0
2012-01-30 00:00:00+05:30,144.0,144.0,137.0,137.5500030517578,123.08662414550781,6096072,0.0,0.0
2012-01-31 00:00:00+05:30,139.0,148.9499969482422,136.3000030517578,146.60000610351562,131.1850128173828,11435940,0.0,0.0
2012-02-01 00:00:00+05:30,147.1999969482422,153.8000030517578,144.35000610351562,153.1999969482422,137.09104919433594,12920558,0.0,0.0
2012-02-02 00:00:00+05:30,155.60000610351562,159.0,152.5,158.0,141.38629150390625,15481472,0.0,0.0
2012-02-03 00:00:00+05:30,157.8000030517578,157.8000030517578,150.8000030517578,152.64999389648438,136.59884643554688,10359839,0.0,0.0
2012-02-06 00:00:00+05:30,155.60000610351562,157.89999389648438,153.1999969482422,155.3000030517578,138.97023010253906,10310227,0.0,0.0
2012-02-07 00:00:00+05:30,159.0,159.0,152.14999389648438,153.6999969482422,137.53848266601562,7570645,0.0,0.0
2012-02-08 00:00:00+05:30,154.5,162.5,152.5,160.8000030517578,143.89190673828125,13797994,0.0,0.0
2012-02-09 00:00:00+05:30,158.5,161.85000610351562,148.6999969482422,159.10000610351562,142.37063598632812,39919671,0.0,0.0
2012-02-10 00:00:00+05:30,156.39999389648438,159.3000030517578,151.60000610351562,152.89999389648438,136.82260131835938,11858586,0.0,0.0
2012-02-13 00:00:00+05:30,153.85000610351562,156.5,150.0,155.85000610351562,139.46240234375,10249922,0.0,0.0
2012-02-14 00:00:00+05:30,156.5500030517578,163.25,155.10000610351562,161.10000610351562,144.1603546142578,17274438,0.0,0.0
2012-02-15 00:00:00+05:30,162.6999969482422,164.89999389648438,159.75,162.5,145.41314697265625,8179098,0.0,0.0
2012-02-16 00:00:00+05:30,160.25,161.35000610351562,153.10000610351562,154.14999389648438,137.94113159179688,16861421,0.0,0.0
2012-02-17 00:00:00+05:30,157.4499969482422,158.1999969482422,150.1999969482422,150.9499969482422,135.07762145996094,19109618,0.0,0.0
2012-02-21 00:00:00+05:30,152.14999389648438,156.8000030517578,152.0,155.60000610351562,139.23867797851562,11441806,0.0,0.0
2012-02-22 00:00:00+05:30,156.0,157.5,146.5500030517578,148.1999969482422,132.6167755126953,11207543,0.0,0.0
2012-02-23 00:00:00+05:30,148.6999969482422,150.5500030517578,144.10000610351562,146.85000610351562,131.40872192382812,13334619,0.0,0.0
2012-02-24 00:00:00+05:30,147.5,151.3000030517578,146.10000610351562,148.0500030517578,132.48255920410156,8009282,0.0,0.0
2012-02-27 00:00:00+05:30,148.0,148.35000610351562,138.60000610351562,139.9499969482422,125.23426055908203,7451762,0.0,0.0
2012-02-28 00:00:00+05:30,141.0,148.8000030517578,141.0,146.60000610351562,131.1850128173828,7666143,0.0,0.0
2012-02-29 00:00:00+05:30,148.9499969482422,151.5500030517578,145.0,148.89999389648438,133.24314880371094,8380425,0.0,0.0
2012-03-01 00:00:00+05:30,147.3000030517578,152.3000030517578,143.60000610351562,150.35000610351562,134.54071044921875,12157548,0.0,0.0
2012-03-02 00:00:00+05:30,151.6999969482422,155.9499969482422,146.6999969482422,147.75,132.21409606933594,14778896,0.0,0.0
2012-03-05 00:00:00+05:30,146.10000610351562,146.8000030517578,139.5,139.89999389648438,125.18951416015625,8965653,0.0,0.0
2012-03-06 00:00:00+05:30,138.5500030517578,141.75,130.5,131.75,117.89649963378906,21814371,0.0,0.0
2012-03-07 00:00:00+05:30,130.25,133.8000030517578,128.14999389648438,131.3000030517578,117.49381256103516,17558366,0.0,0.0
2012-03-09 00:00:00+05:30,134.5,136.10000610351562,132.1999969482422,134.60000610351562,120.44684600830078,16564880,0.0,0.0
2012-03-12 00:00:00+05:30,137.0,138.14999389648438,132.5,137.5,123.04186248779297,9779451,0.0,0.0
2012-03-13 00:00:00+05:30,138.89999389648438,142.5,138.14999389648438,141.4499969482422,126.57654571533203,9741176,0.0,0.0
2012-03-14 00:00:00+05:30,143.9499969482422,144.89999389648438,142.25,144.10000610351562,128.94789123535156,10073234,0.0,0.0
2012-03-15 00:00:00+05:30,142.8000030517578,143.89999389648438,140.25,141.6999969482422,126.80025482177734,9197925,0.0,0.0
2012-03-16 00:00:00+05:30,141.9499969482422,144.75,138.1999969482422,140.85000610351562,126.03963470458984,7907169,0.0,0.0
2012-03-19 00:00:00+05:30,139.6999969482422,142.8000030517578,138.89999389648438,141.14999389648438,126.30809020996094,6855276,0.0,0.0
2012-03-20 00:00:00+05:30,140.5,143.35000610351562,137.3000030517578,138.3000030517578,123.75777435302734,7915894,0.0,0.0
2012-03-21 00:00:00+05:30,137.8000030517578,137.89999389648438,134.1999969482422,136.85000610351562,122.46025085449219,16148835,0.0,0.0
2012-03-22 00:00:00+05:30,137.5,138.89999389648438,132.25,132.9499969482422,118.97030639648438,11223392,0.0,0.0
2012-03-23 00:00:00+05:30,132.0,135.5,129.0500030517578,131.39999389648438,117.58329010009766,12562865,0.0,0.0
2012-03-26 00:00:00+05:30,131.5,132.3000030517578,126.30000305175781,128.0,114.54081726074219,9766668,0.0,0.0
2012-03-27 00:00:00+05:30,131.0,131.89999389648438,127.19999694824219,129.10000610351562,115.525146484375,14315080,0.0,0.0
2012-03-28 00:00:00+05:30,128.35000610351562,128.35000610351562,125.19999694824219,125.5999984741211,112.39317321777344,10482662,0.0,0.0
2012-03-29 00:00:00+05:30,124.5,125.5,122.6500015258789,124.80000305175781,111.67729949951172,14227529,0.0,0.0
2012-03-30 00:00:00+05:30,126.6500015258789,130.8000030517578,125.69999694824219,129.39999389648438,115.79359436035156,12304827,0.0,0.0
2012-04-02 00:00:00+05:30,130.0,130.64999389648438,126.75,127.30000305175781,113.9144287109375,8610177,0.0,0.0
2012-04-03 00:00:00+05:30,129.0,132.5,128.89999389648438,131.89999389648438,118.03071594238281,9437219,0.0,0.0
2012-04-04 00:00:00+05:30,131.0,133.64999389648438,130.14999389648438,133.10000610351562,119.10455322265625,8419941,0.0,0.0
2012-04-09 00:00:00+05:30,131.85000610351562,131.85000610351562,125.55000305175781,126.0,112.75111389160156,7332357,0.0,0.0
2012-04-10 00:00:00+05:30,127.0,128.0,123.25,124.94999694824219,111.81153106689453,11771578,0.0,0.0
2012-04-11 00:00:00+05:30,124.0,125.9000015258789,122.4000015258789,123.8499984741211,110.82718658447266,12603378,0.0,0.0
2012-04-12 00:00:00+05:30,126.0,128.4499969482422,125.55000305175781,128.0,114.54081726074219,9351937,0.0,0.0
2012-04-13 00:00:00+05:30,129.8000030517578,129.85000610351562,124.3499984741211,124.8499984741211,111.72203826904297,8909484,0.0,0.0
2012-04-16 00:00:00+05:30,124.0,124.55000305175781,122.55000305175781,124.0999984741211,111.05088806152344,6208951,0.0,0.0
2012-04-17 00:00:00+05:30,124.0,128.39999389648438,123.75,128.0,114.54081726074219,6034042,0.0,0.0
2012-04-18 00:00:00+05:30,129.0,132.1999969482422,129.0,130.75,117.00164794921875,8996716,0.0,0.0
2012-04-19 00:00:00+05:30,131.0,131.35000610351562,127.5,128.10000610351562,114.63029479980469,6651948,0.0,0.0
2012-04-20 00:00:00+05:30,126.3499984741211,128.35000610351562,123.9000015258789,125.0,111.85625457763672,9692856,0.0,0.0
2012-04-23 00:00:00+05:30,125.19999694824219,125.69999694824219,118.44999694824219,118.80000305175781,106.30818939208984,11093246,0.0,0.0
2012-04-24 00:00:00+05:30,119.5,122.25,119.0,120.6500015258789,107.96366882324219,7726936,0.0,0.0
2012-04-25 00:00:00+05:30,120.1500015258789,122.19999694824219,118.05000305175781,119.8499984741211,107.24776458740234,5702508,0.0,0.0
2012-04-26 00:00:00+05:30,120.6500015258789,121.1500015258789,115.55000305175781,116.25,104.02631378173828,10257747,0.0,0.0
2012-04-27 00:00:00+05:30,116.94999694824219,119.5,116.25,118.80000305175781,106.30818939208984,4927343,0.0,0.0
2012-04-30 00:00:00+05:30,119.5,122.0,119.25,120.75,108.05314636230469,5195430,0.0,0.0
2012-05-02 00:00:00+05:30,120.1500015258789,121.9000015258789,119.69999694824219,120.0999984741211,107.47149658203125,4088476,0.0,0.0
2012-05-03 00:00:00+05:30,119.0,120.19999694824219,117.80000305175781,118.80000305175781,106.30818939208984,4872334,0.0,0.0
2012-05-04 00:00:00+05:30,118.75,118.80000305175781,114.3499984741211,115.9000015258789,103.71312713623047,9708684,0.0,0.0
2012-05-07 00:00:00+05:30,114.0,116.5,112.4000015258789,115.6500015258789,103.4894027709961,9551892,0.0,0.0
2012-05-08 00:00:00+05:30,115.9000015258789,119.5,113.4000015258789,117.75,105.36859130859375,15845527,0.0,0.0
2012-05-09 00:00:00+05:30,115.80000305175781,121.0999984741211,113.55000305175781,118.80000305175781,106.30818939208984,14630333,0.0,0.0
2012-05-10 00:00:00+05:30,119.19999694824219,120.80000305175781,116.5,117.5,105.14488220214844,6056300,0.0,0.0
2012-05-11 00:00:00+05:30,116.0,117.30000305175781,112.6500015258789,113.1500015258789,101.25230407714844,9608925,0.0,0.0
2012-05-14 00:00:00+05:30,114.19999694824219,115.5,110.30000305175781,111.80000305175781,100.04424285888672,7714533,0.0,0.0
2012-05-15 00:00:00+05:30,111.0,115.05000305175781,110.5,114.3499984741211,102.32611083984375,7262761,0.0,0.0
2012-05-16 00:00:00+05:30,111.55000305175781,112.5999984741211,109.5,110.30000305175781,98.70195007324219,10160344,0.0,0.0
2012-05-17 00:00:00+05:30,111.44999694824219,112.69999694824219,107.9000015258789,108.8499984741211,97.4044189453125,11656030,0.0,0.0
2012-05-18 00:00:00+05:30,106.0,109.1500015258789,105.8499984741211,107.94999694824219,96.59906005859375,11582334,0.0,0.0
2012-05-21 00:00:00+05:30,108.0,111.25,108.0,110.4000015258789,98.79145812988281,8130040,0.0,0.0
2012-05-22 00:00:00+05:30,111.3499984741211,112.4000015258789,106.75,107.05000305175781,95.79370880126953,8693615,0.0,0.0
2012-05-23 00:00:00+05:30,106.0,108.4000015258789,105.4000015258789,107.55000305175781,96.24112701416016,6027827,0.0,0.0
2012-05-24 00:00:00+05:30,109.0,111.4000015258789,107.30000305175781,110.5999984741211,98.97041320800781,7148669,0.0,0.0
2012-05-25 00:00:00+05:30,109.0,112.94999694824219,108.3499984741211,111.9000015258789,100.13373565673828,8126746,0.0,0.0
2012-05-28 00:00:00+05:30,111.9000015258789,115.6500015258789,111.9000015258789,114.94999694824219,102.86302185058594,7015770,0.0,0.0
2012-05-29 00:00:00+05:30,115.9000015258789,115.9000015258789,113.4000015258789,114.55000305175781,102.50506591796875,9242857,0.0,0.0
2012-05-30 00:00:00+05:30,115.05000305175781,115.8499984741211,112.80000305175781,114.44999694824219,102.41558837890625,7722458,0.0,0.0
2012-05-31 00:00:00+05:30,117.0,120.1500015258789,115.44999694824219,116.6500015258789,104.3842544555664,33911150,0.0,0.0
2012-06-01 00:00:00+05:30,115.5999984741211,118.9000015258789,115.5999984741211,116.55000305175781,104.29478454589844,9868116,0.0,0.0
2012-06-04 00:00:00+05:30,115.0,116.5999984741211,112.69999694824219,115.3499984741211,103.22095489501953,6080672,0.0,0.0
2012-06-05 00:00:00+05:30,116.3499984741211,119.0999984741211,116.3499984741211,117.30000305175781,104.9659194946289,6902149,0.0,0.0
2012-06-06 00:00:00+05:30,118.5999984741211,120.9000015258789,118.0,120.44999694824219,107.78468322753906,6557828,0.0,0.0
2012-06-07 00:00:00+05:30,122.6500015258789,122.6500015258789,118.75,120.0,107.38201141357422,7789021,0.0,0.0
2012-06-08 00:00:00+05:30,120.0,121.25,118.30000305175781,120.4000015258789,107.73995208740234,6647407,0.0,0.0
2012-06-11 00:00:00+05:30,122.5,123.19999694824219,120.0,120.5,107.8294448852539,6666754,0.0,0.0
2012-06-12 00:00:00+05:30,119.9000015258789,123.5999984741211,119.0999984741211,123.1500015258789,110.2007827758789,7437501,0.0,0.0
2012-06-13 00:00:00+05:30,123.30000305175781,124.1500015258789,121.1500015258789,122.5999984741211,109.70862579345703,4461171,0.0,0.0
2012-06-14 00:00:00+05:30,122.4000015258789,123.25,119.69999694824219,120.25,107.605712890625,5443532,0.0,0.0
2012-06-15 00:00:00+05:30,121.0,124.44999694824219,120.4000015258789,123.80000305175781,110.7824478149414,7665479,0.0,0.0
2012-06-18 00:00:00+05:30,125.19999694824219,127.0,120.55000305175781,122.30000305175781,109.44015502929688,8104932,0.0,0.0
2012-06-19 00:00:00+05:30,121.69999694824219,123.5999984741211,121.0,122.6500015258789,109.75336456298828,2931381,0.0,0.0
2012-06-20 00:00:00+05:30,123.5,123.80000305175781,119.80000305175781,122.3499984741211,109.48490142822266,5765790,0.0,0.0
2012-06-21 00:00:00+05:30,121.30000305175781,122.19999694824219,119.80000305175781,121.3499984741211,108.59004974365234,5893509,0.0,0.0
2012-06-22 00:00:00+05:30,120.0,120.6500015258789,115.9000015258789,117.30000305175781,104.9659194946289,9080818,0.0,0.0
2012-06-25 00:00:00+05:30,118.25,118.44999694824219,113.8499984741211,114.75,102.68404388427734,9237138,0.0,0.0
2012-06-26 00:00:00+05:30,113.69999694824219,115.94999694824219,113.3499984741211,115.19999694824219,103.08673095703125,6844439,0.0,0.0
2012-06-27 00:00:00+05:30,116.30000305175781,117.55000305175781,115.75,117.0,104.69744873046875,4486403,0.0,0.0
2012-06-28 00:00:00+05:30,117.5,118.25,114.5999984741211,115.1500015258789,103.04198455810547,5390681,0.0,0.0
2012-06-29 00:00:00+05:30,116.9000015258789,120.4000015258789,116.5,119.9000015258789,107.29252624511719,7911448,0.0,0.0
2012-07-02 00:00:00+05:30,120.30000305175781,122.80000305175781,119.05000305175781,121.0,108.27685546875,6395669,0.0,0.0
2012-07-03 00:00:00+05:30,121.55000305175781,124.4000015258789,121.55000305175781,123.80000305175781,110.7824478149414,7911756,0.0,0.0
2012-07-04 00:00:00+05:30,124.69999694824219,126.0,124.3499984741211,125.44999694824219,112.25895690917969,10562781,0.0,0.0
2012-07-05 00:00:00+05:30,125.5,126.69999694824219,124.4000015258789,125.44999694824219,112.25895690917969,6014186,0.0,0.0
2012-07-06 00:00:00+05:30,125.5,125.5999984741211,122.5999984741211,124.05000305175781,111.00614929199219,4166735,0.0,0.0
2012-07-09 00:00:00+05:30,120.80000305175781,125.75,120.80000305175781,124.25,111.18512725830078,5764512,0.0,0.0
2012-07-10 00:00:00+05:30,125.0,127.9000015258789,124.55000305175781,127.6500015258789,114.22761535644531,5849348,0.0,0.0
2012-07-11 00:00:00+05:30,127.0,127.0,123.3499984741211,123.8499984741211,110.82718658447266,6043053,0.0,0.0
2012-07-12 00:00:00+05:30,122.69999694824219,124.5999984741211,121.44999694824219,123.0999984741211,110.15604400634766,7363278,0.0,0.0
2012-07-13 00:00:00+05:30,124.4000015258789,124.4000015258789,119.94999694824219,120.4000015258789,107.73995208740234,6239201,0.0,0.0
2012-07-16 00:00:00+05:30,121.4000015258789,121.44999694824219,117.94999694824219,118.25,105.81600952148438,6498273,0.0,0.0
2012-07-17 00:00:00+05:30,119.30000305175781,120.5,118.94999694824219,119.8499984741211,107.24776458740234,3652785,0.0,0.0
2012-07-18 00:00:00+05:30,119.8499984741211,120.9000015258789,118.25,120.44999694824219,107.78468322753906,3750938,0.0,0.0
2012-07-19 00:00:00+05:30,122.4000015258789,123.30000305175781,121.30000305175781,122.44999694824219,109.57438659667969,3942728,0.0,0.0
2012-07-20 00:00:00+05:30,121.25,123.9000015258789,120.55000305175781,122.19999694824219,109.35066986083984,4919930,0.0,0.0
2012-07-23 00:00:00+05:30,120.5999984741211,120.6500015258789,115.75,116.4000015258789,104.1605453491211,4016268,0.0,0.0
2012-07-24 00:00:00+05:30,116.0999984741211,117.80000305175781,115.25,117.05000305175781,104.74220275878906,3802911,0.0,0.0
2012-07-25 00:00:00+05:30,116.30000305175781,116.69999694824219,113.8499984741211,114.1500015258789,102.14714813232422,3823436,0.0,0.0
2012-07-26 00:00:00+05:30,115.0,121.05000305175781,113.0,114.4000015258789,102.37085723876953,10352085,0.0,0.0
2012-07-27 00:00:00+05:30,116.94999694824219,118.8499984741211,116.0,117.5,105.14488220214844,5402171,0.0,0.0
2012-07-30 00:00:00+05:30,118.9000015258789,118.94999694824219,116.4000015258789,118.5,106.03973388671875,3109357,0.0,0.0
2012-07-31 00:00:00+05:30,119.3499984741211,121.25,115.6500015258789,120.0999984741211,107.47149658203125,6091747,0.0,0.0
2012-08-01 00:00:00+05:30,120.0,120.80000305175781,118.3499984741211,119.19999694824219,106.66613006591797,3328980,0.0,0.0
2012-08-02 00:00:00+05:30,118.5,120.3499984741211,117.94999694824219,119.1500015258789,106.62140655517578,2420823,0.0,0.0
2012-08-03 00:00:00+05:30,118.19999694824219,118.19999694824219,115.44999694824219,116.69999694824219,104.42900085449219,3327089,0.0,0.0
2012-08-06 00:00:00+05:30,118.5,119.0999984741211,117.6500015258789,118.1500015258789,105.7265396118164,2260036,0.0,0.0
2012-08-07 00:00:00+05:30,119.19999694824219,119.9000015258789,118.25,118.80000305175781,106.30818939208984,3303088,0.0,0.0
2012-08-08 00:00:00+05:30,119.0999984741211,123.19999694824219,119.0999984741211,121.4000015258789,108.63481140136719,8688172,0.0,0.0
2012-08-09 00:00:00+05:30,122.0,122.94999694824219,121.05000305175781,121.8499984741211,109.03746795654297,4434914,0.0,0.0
2012-08-10 00:00:00+05:30,121.80000305175781,124.0,121.0999984741211,122.94999694824219,110.02183532714844,4138597,0.0,0.0
2012-08-13 00:00:00+05:30,124.75,124.75,119.5,121.4000015258789,108.63481140136719,4484228,0.0,0.0
2012-08-14 00:00:00+05:30,120.69999694824219,122.75,119.25,120.0999984741211,107.47149658203125,6787109,0.0,0.0
2012-08-16 00:00:00+05:30,118.6500015258789,119.75,116.30000305175781,116.69999694824219,104.42900085449219,6897264,0.0,0.0
2012-08-17 00:00:00+05:30,116.80000305175781,117.1500015258789,113.0,113.69999694824219,101.74444580078125,10128867,0.0,0.0
2012-08-21 00:00:00+05:30,113.0,113.0,110.19999694824219,112.3499984741211,100.53641510009766,11667103,0.0,0.0
2012-08-22 00:00:00+05:30,112.0,114.69999694824219,111.69999694824219,112.75,100.89434814453125,5910827,0.0,0.0
2012-08-23 00:00:00+05:30,113.1500015258789,115.1500015258789,112.4000015258789,113.0999984741211,101.20755004882812,5684979,0.0,0.0
2012-08-24 00:00:00+05:30,112.5999984741211,112.80000305175781,110.5999984741211,111.0,99.328369140625,6035989,0.0,0.0
2012-08-27 00:00:00+05:30,111.4000015258789,111.75,109.55000305175781,110.0999984741211,98.52298736572266,4209084,0.0,0.0
2012-08-28 00:00:00+05:30,109.94999694824219,110.5,105.1500015258789,106.69999694824219,95.48051452636719,7265334,0.0,0.0
2012-08-29 00:00:00+05:30,106.75,108.5,103.3499984741211,103.80000305175781,92.88544464111328,7577081,0.0,0.0
2012-08-30 00:00:00+05:30,103.0,107.19999694824219,102.3499984741211,106.0999984741211,94.943603515625,8219109,0.0,0.0
2012-08-31 00:00:00+05:30,105.0,105.75,102.30000305175781,103.8499984741211,94.30790710449219,6878714,1.55,0.0
2012-09-03 00:00:00+05:30,105.4000015258789,106.0,103.25,103.80000305175781,94.26251983642578,3953821,0.0,0.0
2012-09-04 00:00:00+05:30,103.5,104.3499984741211,102.30000305175781,103.6500015258789,94.12628936767578,4601257,0.0,0.0
2012-09-05 00:00:00+05:30,103.0,104.6500015258789,100.0999984741211,100.8499984741211,91.58354949951172,8606241,0.0,0.0
2012-09-06 00:00:00+05:30,100.05000305175781,103.1500015258789,100.0,101.75,92.40087127685547,8040607,0.0,0.0
2012-09-07 00:00:00+05:30,104.25,105.5,103.5999984741211,105.1500015258789,95.48845672607422,4982320,0.0,0.0
2012-09-10 00:00:00+05:30,106.5,109.44999694824219,106.5,108.30000305175781,98.34903717041016,7508205,0.0,0.0
2012-09-11 00:00:00+05:30,107.0,109.69999694824219,106.5,109.30000305175781,99.25713348388672,5343542,0.0,0.0
2012-09-12 00:00:00+05:30,109.6500015258789,110.4000015258789,106.69999694824219,109.0999984741211,99.07550811767578,6933216,0.0,0.0
2012-09-13 00:00:00+05:30,109.5,110.1500015258789,108.19999694824219,109.55000305175781,99.48416900634766,4083017,0.0,0.0
2012-09-14 00:00:00+05:30,115.0,119.0999984741211,114.5999984741211,118.3499984741211,107.47559356689453,18890281,0.0,0.0
2012-09-17 00:00:00+05:30,119.80000305175781,121.1500015258789,115.30000305175781,117.1500015258789,106.38584899902344,14687666,0.0,0.0
2012-09-18 00:00:00+05:30,116.0,116.19999694824219,113.69999694824219,114.55000305175781,104.02474212646484,8128794,0.0,0.0
2012-09-20 00:00:00+05:30,113.19999694824219,116.19999694824219,112.5,113.6500015258789,103.20745849609375,7415962,0.0,0.0
2012-09-21 00:00:00+05:30,115.25,118.94999694824219,114.6500015258789,118.19999694824219,107.3393783569336,18383349,0.0,0.0
2012-09-24 00:00:00+05:30,118.0999984741211,121.9000015258789,117.25,119.0999984741211,108.15667724609375,10605085,0.0,0.0
2012-09-25 00:00:00+05:30,120.94999694824219,120.94999694824219,117.75,119.55000305175781,108.56533813476562,5080444,0.0,0.0
2012-09-26 00:00:00+05:30,118.75,118.75,116.25,116.6500015258789,105.93181610107422,6688404,0.0,0.0
2012-09-27 00:00:00+05:30,116.69999694824219,118.0999984741211,116.0,116.5,105.79558563232422,8628653,0.0,0.0
2012-09-28 00:00:00+05:30,118.0,121.9000015258789,117.6500015258789,120.69999694824219,109.60966491699219,10678473,0.0,0.0
2012-10-01 00:00:00+05:30,120.5,123.44999694824219,119.0,122.8499984741211,111.56211853027344,7661796,0.0,0.0
2012-10-03 00:00:00+05:30,123.0999984741211,125.3499984741211,121.75,124.69999694824219,113.24214935302734,8320540,0.0,0.0
2012-10-04 00:00:00+05:30,125.0,126.25,123.5,123.94999694824219,112.56105041503906,6416052,0.0,0.0
2012-10-05 00:00:00+05:30,125.0,126.5,100.0,125.0,113.51457977294922,10894777,0.0,0.0
2012-10-08 00:00:00+05:30,124.1500015258789,124.5,119.5,120.5,109.42806243896484,7916017,0.0,0.0
2012-10-09 00:00:00+05:30,121.5,122.55000305175781,117.8499984741211,118.6500015258789,107.74805450439453,6554306,0.0,0.0
2012-10-10 00:00:00+05:30,117.44999694824219,119.5999984741211,115.8499984741211,116.0,105.3415298461914,8642958,0.0,0.0
2012-10-11 00:00:00+05:30,117.0999984741211,118.5999984741211,115.19999694824219,118.05000305175781,107.20317840576172,7402451,0.0,0.0
2012-10-12 00:00:00+05:30,118.30000305175781,119.94999694824219,117.19999694824219,118.05000305175781,107.20317840576172,5461529,0.0,0.0
2012-10-15 00:00:00+05:30,117.0,120.5,117.0,120.0999984741211,109.06478881835938,5231567,0.0,0.0
2012-10-16 00:00:00+05:30,120.75,120.75,116.69999694824219,117.19999694824219,106.4312744140625,4351550,0.0,0.0
2012-10-17 00:00:00+05:30,118.0,118.6500015258789,116.05000305175781,116.75,106.02261352539062,3714102,0.0,0.0
2012-10-18 00:00:00+05:30,117.4000015258789,118.8499984741211,116.6500015258789,117.75,106.93072509765625,4001457,0.0,0.0
2012-10-19 00:00:00+05:30,117.05000305175781,117.9000015258789,114.44999694824219,114.9000015258789,104.34260559082031,4589234,0.0,0.0
2012-10-22 00:00:00+05:30,114.19999694824219,115.8499984741211,113.19999694824219,115.1500015258789,104.56963348388672,4040447,0.0,0.0
2012-10-23 00:00:00+05:30,114.25,115.5999984741211,112.94999694824219,113.3499984741211,102.93502044677734,3463607,0.0,0.0
2012-10-25 00:00:00+05:30,113.44999694824219,114.75,112.94999694824219,113.75,103.29825592041016,4475396,0.0,0.0
2012-10-29 00:00:00+05:30,113.0,114.94999694824219,113.0,113.55000305175781,103.11664581298828,2159560,0.0,0.0
2012-10-30 00:00:00+05:30,113.30000305175781,114.1500015258789,110.44999694824219,110.9000015258789,100.71012878417969,3900867,0.0,0.0
2012-10-31 00:00:00+05:30,110.19999694824219,116.9000015258789,110.19999694824219,116.55000305175781,105.84099578857422,7009452,0.0,0.0
2012-11-01 00:00:00+05:30,116.8499984741211,116.9000015258789,114.5999984741211,116.25,105.56854248046875,3799849,0.0,0.0
2012-11-02 00:00:00+05:30,117.25,118.80000305175781,116.05000305175781,117.69999694824219,106.88532257080078,6480399,0.0,0.0
2012-11-05 00:00:00+05:30,117.5,117.55000305175781,114.0,114.5,103.97935485839844,4781411,0.0,0.0
2012-11-06 00:00:00+05:30,114.0999984741211,114.25,111.55000305175781,112.44999694824219,102.11770629882812,11028270,0.0,0.0
2012-11-07 00:00:00+05:30,112.0,114.69999694824219,111.80000305175781,113.75,103.29825592041016,5776200,0.0,0.0
2012-11-08 00:00:00+05:30,112.0,114.25,111.55000305175781,113.80000305175781,103.34367370605469,3995501,0.0,0.0
2012-11-09 00:00:00+05:30,114.55000305175781,115.80000305175781,113.0,113.30000305175781,102.88961029052734,4486939,0.0,0.0
2012-11-12 00:00:00+05:30,114.0,114.19999694824219,112.30000305175781,112.8499984741211,102.48095703125,2113688,0.0,0.0
2012-11-15 00:00:00+05:30,112.0,112.8499984741211,110.0,111.19999694824219,100.9825668334961,4496728,0.0,0.0
2012-11-16 00:00:00+05:30,111.19999694824219,112.05000305175781,108.55000305175781,108.9000015258789,98.8938980102539,7866646,0.0,0.0
2012-11-19 00:00:00+05:30,109.0,109.3499984741211,107.05000305175781,107.55000305175781,97.66795349121094,5021639,0.0,0.0
2012-11-20 00:00:00+05:30,108.5,109.0,104.80000305175781,105.5999984741211,95.8971176147461,5767873,0.0,0.0
2012-11-21 00:00:00+05:30,106.0,107.69999694824219,105.5,107.0,97.1684799194336,3634167,0.0,0.0
2012-11-22 00:00:00+05:30,107.5,108.8499984741211,106.05000305175781,108.30000305175781,98.34903717041016,4007695,0.0,0.0
2012-11-23 00:00:00+05:30,107.55000305175781,108.69999694824219,107.19999694824219,107.9000015258789,97.98577880859375,2959664,0.0,0.0
2012-11-26 00:00:00+05:30,108.1500015258789,110.55000305175781,107.75,109.80000305175781,99.7112045288086,4734768,0.0,0.0
2012-11-27 00:00:00+05:30,109.9000015258789,112.94999694824219,109.9000015258789,112.5,102.16311645507812,6361487,0.0,0.0
2012-11-29 00:00:00+05:30,112.6500015258789,114.19999694824219,112.5,113.0999984741211,102.7079849243164,5365552,0.0,0.0
2012-11-30 00:00:00+05:30,113.6500015258789,116.94999694824219,113.6500015258789,116.5999984741211,105.88639831542969,6819426,0.0,0.0
2012-12-03 00:00:00+05:30,116.9000015258789,118.44999694824219,115.5999984741211,117.80000305175781,106.97613525390625,5303787,0.0,0.0
2012-12-04 00:00:00+05:30,117.0999984741211,117.55000305175781,116.0999984741211,117.0999984741211,106.3404541015625,2300780,0.0,0.0
2012-12-05 00:00:00+05:30,118.19999694824219,121.5999984741211,117.8499984741211,121.1500015258789,110.01832580566406,7360658,0.0,0.0
2012-12-06 00:00:00+05:30,122.0,123.5,118.30000305175781,122.9000015258789,111.6075439453125,5533477,0.0,0.0
2012-12-07 00:00:00+05:30,123.5,124.5,122.3499984741211,123.80000305175781,112.42485046386719,6208971,0.0,0.0
2012-12-10 00:00:00+05:30,123.80000305175781,124.4000015258789,121.6500015258789,123.05000305175781,111.74374389648438,3364565,0.0,0.0
2012-12-11 00:00:00+05:30,123.25,123.9000015258789,118.0999984741211,119.8499984741211,108.8377685546875,8284742,0.0,0.0
2012-12-12 00:00:00+05:30,120.3499984741211,121.19999694824219,117.80000305175781,118.4000015258789,107.5210189819336,4692451,0.0,0.0
2012-12-13 00:00:00+05:30,118.80000305175781,119.5999984741211,115.3499984741211,115.80000305175781,105.15990447998047,4333607,0.0,0.0
2012-12-14 00:00:00+05:30,116.0,120.4000015258789,115.05000305175781,119.94999694824219,108.9285888671875,6224167,0.0,0.0
2012-12-17 00:00:00+05:30,120.25,124.5,120.1500015258789,124.19999694824219,112.7880859375,10267592,0.0,0.0
2012-12-18 00:00:00+05:30,124.4000015258789,128.4499969482422,122.0999984741211,127.44999694824219,115.7394790649414,13664347,0.0,0.0
2012-12-19 00:00:00+05:30,127.0,130.4499969482422,127.0,129.64999389648438,117.7373046875,9930246,0.0,0.0
2012-12-20 00:00:00+05:30,128.3000030517578,133.6999969482422,127.0999984741211,132.6999969482422,120.50706481933594,16367373,0.0,0.0
2012-12-21 00:00:00+05:30,131.35000610351562,133.25,128.25,129.3000030517578,117.41946411132812,12702910,0.0,0.0
2012-12-24 00:00:00+05:30,129.0,131.39999389648438,127.8499984741211,129.10000610351562,117.23785400390625,8002786,0.0,0.0
2012-12-26 00:00:00+05:30,129.5,131.64999389648438,128.5500030517578,128.89999389648438,117.05622863769531,6868080,0.0,0.0
2012-12-27 00:00:00+05:30,129.5,130.75,127.3499984741211,128.10000610351562,116.32974243164062,7958150,0.0,0.0
2012-12-28 00:00:00+05:30,129.1999969482422,131.5,128.10000610351562,129.39999389648438,117.51028442382812,6972108,0.0,0.0
2012-12-31 00:00:00+05:30,130.0,131.89999389648438,128.60000610351562,130.5,118.50922393798828,4011149,0.0,0.0
2013-01-01 00:00:00+05:30,131.5,134.6999969482422,131.5,134.14999389648438,121.82382202148438,7134099,0.0,0.0
2013-01-02 00:00:00+05:30,136.4499969482422,137.10000610351562,134.5,135.0,122.59573364257812,6934542,0.0,0.0
2013-01-03 00:00:00+05:30,135.64999389648438,136.0,133.10000610351562,134.39999389648438,122.05084991455078,4968022,0.0,0.0
2013-01-04 00:00:00+05:30,133.0500030517578,133.8000030517578,130.8000030517578,132.5500030517578,120.3708724975586,5798690,0.0,0.0
2013-01-07 00:00:00+05:30,133.0,136.0,132.25,134.39999389648438,122.05084991455078,5957987,0.0,0.0
2013-01-08 00:00:00+05:30,134.10000610351562,134.10000610351562,131.25,133.0,120.7795181274414,4031319,0.0,0.0
2013-01-09 00:00:00+05:30,134.0500030517578,135.0,131.4499969482422,132.0500030517578,119.91680908203125,7741914,0.0,0.0
2013-01-10 00:00:00+05:30,133.10000610351562,133.64999389648438,129.0,130.0500030517578,118.10057067871094,10305042,0.0,0.0
2013-01-11 00:00:00+05:30,129.25,130.75,126.5,127.05000305175781,115.37621307373047,6063225,0.0,0.0
2013-01-14 00:00:00+05:30,126.55000305175781,128.8000030517578,125.4000015258789,128.25,116.46595001220703,7377731,0.0,0.0
2013-01-15 00:00:00+05:30,128.8000030517578,130.1999969482422,128.0,129.10000610351562,117.23785400390625,5680905,0.0,0.0
2013-01-16 00:00:00+05:30,129.0,129.5500030517578,123.0,123.4000015258789,112.06159973144531,5598439,0.0,0.0
2013-01-17 00:00:00+05:30,122.0,123.94999694824219,120.30000305175781,122.05000305175781,110.83563232421875,10642611,0.0,0.0
2013-01-18 00:00:00+05:30,122.80000305175781,124.9000015258789,122.19999694824219,122.75,111.47132873535156,5857034,0.0,0.0
2013-01-21 00:00:00+05:30,122.0,124.5999984741211,122.0,122.75,111.47132873535156,3733592,0.0,0.0
2013-01-22 00:00:00+05:30,122.9000015258789,123.75,119.25,119.75,108.74697875976562,5344542,0.0,0.0
2013-01-23 00:00:00+05:30,120.0,121.0999984741211,116.0,117.8499984741211,107.02152252197266,7443568,0.0,0.0
2013-01-24 00:00:00+05:30,118.0999984741211,118.44999694824219,113.25,113.9000015258789,103.43448638916016,8651011,0.0,0.0
2013-01-25 00:00:00+05:30,113.0,117.75,112.69999694824219,116.4000015258789,105.70478057861328,6066863,0.0,0.0
2013-01-28 00:00:00+05:30,117.4000015258789,119.5,115.25,118.4000015258789,107.5210189819336,5580358,0.0,0.0
2013-01-29 00:00:00+05:30,118.0,119.55000305175781,114.44999694824219,115.44999694824219,104.8420639038086,5062131,0.0,0.0
2013-01-30 00:00:00+05:30,115.5999984741211,116.55000305175781,114.5,115.05000305175781,104.47882080078125,5109210,0.0,0.0
2013-01-31 00:00:00+05:30,114.05000305175781,116.9000015258789,113.5999984741211,116.19999694824219,105.52314758300781,8784944,0.0,0.0
2013-02-01 00:00:00+05:30,116.05000305175781,117.4000015258789,113.0,113.30000305175781,102.88961029052734,8014047,0.0,0.0
2013-02-04 00:00:00+05:30,114.0,115.25,112.8499984741211,113.19999694824219,102.79878234863281,4727480,0.0,0.0
2013-02-05 00:00:00+05:30,112.0,114.4000015258789,111.6500015258789,113.5,103.07122802734375,5971025,0.0,0.0
2013-02-06 00:00:00+05:30,114.25,115.5,113.3499984741211,114.4000015258789,103.8885498046875,8416196,0.0,0.0
2013-02-07 00:00:00+05:30,113.80000305175781,115.4000015258789,112.75,113.3499984741211,102.93502044677734,4313994,0.0,0.0
2013-02-08 00:00:00+05:30,113.05000305175781,114.25,108.75,109.69999694824219,99.62039184570312,15775966,0.0,0.0
2013-02-11 00:00:00+05:30,109.80000305175781,112.69999694824219,107.9000015258789,112.30000305175781,101.98149871826172,9989725,0.0,0.0
2013-02-12 00:00:00+05:30,112.75,113.30000305175781,111.0,112.5999984741211,102.2539291381836,6902951,0.0,0.0
2013-02-13 00:00:00+05:30,112.0,113.5,110.05000305175781,110.5,100.34689331054688,5822068,0.0,0.0
2013-02-14 00:00:00+05:30,110.25,111.4000015258789,108.8499984741211,110.6500015258789,100.48311614990234,4795232,0.0,0.0
2013-02-15 00:00:00+05:30,109.80000305175781,111.19999694824219,109.0999984741211,109.6500015258789,99.5749740600586,4204225,0.0,0.0
2013-02-18 00:00:00+05:30,110.05000305175781,111.69999694824219,109.8499984741211,111.0,100.80094146728516,5420355,0.0,0.0
2013-02-19 00:00:00+05:30,110.5999984741211,112.3499984741211,109.6500015258789,112.0,101.70906829833984,4956450,0.0,0.0
2013-02-20 00:00:00+05:30,112.9000015258789,113.4000015258789,110.69999694824219,111.55000305175781,101.30039978027344,9989553,0.0,0.0
2013-02-21 00:00:00+05:30,110.05000305175781,110.69999694824219,107.30000305175781,107.80000305175781,97.89498138427734,8142335,0.0,0.0
2013-02-22 00:00:00+05:30,107.0,108.25,105.4000015258789,107.05000305175781,97.21388244628906,8026436,0.0,0.0
2013-02-25 00:00:00+05:30,107.0999984741211,107.94999694824219,106.0,106.6500015258789,96.85065460205078,6425189,0.0,0.0
2013-02-26 00:00:00+05:30,106.6500015258789,106.6500015258789,101.19999694824219,101.75,92.40087127685547,12356631,0.0,0.0
2013-02-27 00:00:00+05:30,102.80000305175781,103.25,99.75,102.25,92.85492706298828,11568128,0.0,0.0
2013-02-28 00:00:00+05:30,103.5,103.9000015258789,98.0,98.9000015258789,89.81273651123047,14636637,0.0,0.0
2013-03-01 00:00:00+05:30,98.9000015258789,99.6500015258789,97.5,98.94999694824219,89.8581314086914,7542160,0.0,0.0
2013-03-04 00:00:00+05:30,98.25,98.5,93.8499984741211,94.3499984741211,85.68079376220703,10336404,0.0,0.0
2013-03-05 00:00:00+05:30,94.75,99.1500015258789,94.5999984741211,98.5999984741211,89.54031372070312,8264711,0.0,0.0
2013-03-06 00:00:00+05:30,99.69999694824219,102.5,99.19999694824219,101.80000305175781,92.44627380371094,8092286,0.0,0.0
2013-03-07 00:00:00+05:30,101.69999694824219,101.75,99.0999984741211,101.0999984741211,91.81059265136719,5696259,0.0,0.0
2013-03-08 00:00:00+05:30,101.55000305175781,102.5999984741211,99.6500015258789,101.30000305175781,91.99222564697266,8498923,0.0,0.0
2013-03-11 00:00:00+05:30,100.8499984741211,101.5,99.05000305175781,100.69999694824219,91.44732666015625,10007382,0.0,0.0
2013-03-12 00:00:00+05:30,100.75,101.8499984741211,98.5,99.44999694824219,90.31217956542969,7605318,0.0,0.0
2013-03-13 00:00:00+05:30,99.0,99.0,95.5,95.80000305175781,86.99757385253906,14201065,0.0,0.0
2013-03-14 00:00:00+05:30,96.0,96.5,93.9000015258789,96.05000305175781,87.22460174560547,12394783,0.0,0.0
2013-03-15 00:00:00+05:30,97.0,98.5999984741211,95.1500015258789,95.5999984741211,86.81595611572266,12975662,0.0,0.0
2013-03-18 00:00:00+05:30,94.94999694824219,96.1500015258789,93.5999984741211,95.30000305175781,86.54351043701172,5934442,0.0,0.0
2013-03-19 00:00:00+05:30,95.55000305175781,96.19999694824219,92.5,93.05000305175781,84.5002670288086,10548598,0.0,0.0
2013-03-20 00:00:00+05:30,92.05000305175781,93.8499984741211,90.0,90.30000305175781,82.00292205810547,7972634,0.0,0.0
2013-03-21 00:00:00+05:30,90.5,92.1500015258789,87.8499984741211,88.1500015258789,80.05048370361328,7563390,0.0,0.0
2013-03-22 00:00:00+05:30,87.55000305175781,90.94999694824219,87.3499984741211,89.6500015258789,81.41265106201172,7451650,0.0,0.0
2013-03-25 00:00:00+05:30,92.44999694824219,92.44999694824219,87.5999984741211,88.0,79.91425323486328,5622910,0.0,0.0
2013-03-26 00:00:00+05:30,87.5,89.0,86.9000015258789,88.19999694824219,80.09587860107422,6766929,0.0,0.0
2013-03-28 00:00:00+05:30,88.19999694824219,91.94999694824219,87.6500015258789,91.5999984741211,83.18347930908203,13010048,0.0,0.0
2013-04-01 00:00:00+05:30,92.19999694824219,92.69999694824219,90.5,91.69999694824219,83.27429962158203,4414052,0.0,0.0
2013-04-02 00:00:00+05:30,91.5,93.4000015258789,91.25,93.1500015258789,84.59105682373047,4370443,0.0,0.0
2013-04-03 00:00:00+05:30,92.5,93.9000015258789,89.5999984741211,90.5,82.18456268310547,6856262,0.0,0.0
2013-04-04 00:00:00+05:30,89.80000305175781,90.75,88.25,88.5,80.36833953857422,4545436,0.0,0.0
2013-04-05 00:00:00+05:30,88.0,90.25,87.55000305175781,89.8499984741211,81.59428405761719,7366012,0.0,0.0
2013-04-08 00:00:00+05:30,90.0999984741211,91.19999694824219,89.6500015258789,90.5999984741211,82.27537536621094,5753327,0.0,0.0
2013-04-09 00:00:00+05:30,91.6500015258789,92.4000015258789,90.5999984741211,90.8499984741211,82.50238037109375,7646303,0.0,0.0
2013-04-10 00:00:00+05:30,91.25,91.94999694824219,88.80000305175781,90.94999694824219,82.59319305419922,5252564,0.0,0.0
2013-04-11 00:00:00+05:30,91.9000015258789,91.94999694824219,89.4000015258789,90.0999984741211,81.8213119506836,3714734,0.0,0.0
2013-04-12 00:00:00+05:30,89.0,93.25,88.9000015258789,91.5999984741211,83.18347930908203,4435867,0.0,0.0
2013-04-15 00:00:00+05:30,91.4000015258789,91.5999984741211,89.5,91.1500015258789,82.77482604980469,4755374,0.0,0.0
2013-04-16 00:00:00+05:30,90.0,93.30000305175781,89.75,92.8499984741211,84.3186264038086,5608091,0.0,0.0
2013-04-17 00:00:00+05:30,93.0999984741211,93.9000015258789,91.4000015258789,93.0999984741211,84.545654296875,6041053,0.0,0.0
2013-04-18 00:00:00+05:30,93.0,94.30000305175781,91.80000305175781,93.75,85.13593292236328,7013200,0.0,0.0
2013-04-22 00:00:00+05:30,94.44999694824219,96.1500015258789,93.0,95.44999694824219,86.67973327636719,7264653,0.0,0.0
2013-04-23 00:00:00+05:30,95.5999984741211,97.5999984741211,95.0999984741211,96.30000305175781,87.45162963867188,6402187,0.0,0.0
2013-04-25 00:00:00+05:30,96.5999984741211,98.5,96.5999984741211,98.1500015258789,89.13163757324219,5221811,0.0,0.0
2013-04-26 00:00:00+05:30,98.0,99.80000305175781,98.0,99.0,89.90354919433594,6230237,0.0,0.0
2013-04-29 00:00:00+05:30,99.0,99.6500015258789,97.55000305175781,98.8499984741211,89.767333984375,2978869,0.0,0.0
2013-04-30 00:00:00+05:30,99.19999694824219,99.5,95.4000015258789,97.25,88.31434631347656,5726841,0.0,0.0
2013-05-02 00:00:00+05:30,97.05000305175781,97.4000015258789,95.55000305175781,95.94999694824219,87.13378143310547,4364022,0.0,0.0
2013-05-03 00:00:00+05:30,95.94999694824219,98.80000305175781,94.80000305175781,98.05000305175781,89.04084777832031,4464583,0.0,0.0
2013-05-06 00:00:00+05:30,99.0,102.1500015258789,98.75,101.69999694824219,92.35546112060547,6785285,0.0,0.0
2013-05-07 00:00:00+05:30,102.0,103.80000305175781,101.4000015258789,101.94999694824219,92.58247375488281,6985141,0.0,0.0
2013-05-08 00:00:00+05:30,102.30000305175781,103.80000305175781,101.6500015258789,103.0,93.5360107421875,7409486,0.0,0.0
2013-05-09 00:00:00+05:30,102.69999694824219,104.1500015258789,102.5999984741211,103.55000305175781,94.03547668457031,7470893,0.0,0.0
2013-05-10 00:00:00+05:30,103.5999984741211,106.5,103.1500015258789,105.94999694824219,96.21495819091797,5930251,0.0,0.0
2013-05-13 00:00:00+05:30,105.94999694824219,106.30000305175781,103.44999694824219,105.05000305175781,95.39765167236328,13696216,0.0,0.0
2013-05-14 00:00:00+05:30,104.30000305175781,107.5,103.44999694824219,105.5,95.8062973022461,8583986,0.0,0.0
2013-05-15 00:00:00+05:30,106.5,109.5,106.44999694824219,108.3499984741211,98.39443969726562,8242372,0.0,0.0
2013-05-16 00:00:00+05:30,107.0999984741211,112.55000305175781,107.0999984741211,111.0999984741211,100.89176940917969,7569341,0.0,0.0
2013-05-17 00:00:00+05:30,111.0,112.0999984741211,109.44999694824219,110.1500015258789,100.02904510498047,5189367,0.0,0.0
2013-05-20 00:00:00+05:30,110.30000305175781,111.9000015258789,109.80000305175781,110.1500015258789,100.02904510498047,3996080,0.0,0.0
2013-05-21 00:00:00+05:30,110.0,112.4000015258789,109.30000305175781,110.4000015258789,100.25609588623047,14920677,0.0,0.0
2013-05-22 00:00:00+05:30,110.9000015258789,111.3499984741211,108.3499984741211,110.6500015258789,100.48311614990234,5142628,0.0,0.0
2013-05-23 00:00:00+05:30,110.0,110.80000305175781,107.0999984741211,108.9000015258789,98.8938980102539,13357897,0.0,0.0
2013-05-24 00:00:00+05:30,109.9000015258789,110.19999694824219,104.80000305175781,107.05000305175781,97.21388244628906,8991868,0.0,0.0
2013-05-27 00:00:00+05:30,106.5999984741211,111.5,106.4000015258789,110.5999984741211,100.43769073486328,5154867,0.0,0.0
2013-05-28 00:00:00+05:30,110.9000015258789,110.9000015258789,108.5,110.05000305175781,99.93824768066406,9193504,0.0,0.0
2013-05-29 00:00:00+05:30,108.9000015258789,110.69999694824219,108.1500015258789,110.1500015258789,100.02904510498047,5256339,0.0,0.0
2013-05-30 00:00:00+05:30,109.0,110.5999984741211,106.0,106.8499984741211,97.03227233886719,10861618,0.0,0.0
2013-05-31 00:00:00+05:30,106.1500015258789,106.5,101.0,102.4000015258789,92.99115753173828,9148981,0.0,0.0
2013-06-03 00:00:00+05:30,102.4000015258789,103.1500015258789,99.25,101.4000015258789,92.08301544189453,5575586,0.0,0.0
2013-06-04 00:00:00+05:30,103.69999694824219,103.69999694824219,100.0,100.8499984741211,91.58354949951172,4522679,0.0,0.0
2013-06-05 00:00:00+05:30,100.5,103.25,100.30000305175781,102.5,93.08193969726562,4667579,0.0,0.0
2013-06-06 00:00:00+05:30,101.80000305175781,103.44999694824219,99.9000015258789,102.8499984741211,93.39978790283203,4967248,0.0,0.0
2013-06-07 00:00:00+05:30,102.5,104.5,101.5,101.94999694824219,92.58247375488281,3896574,0.0,0.0
2013-06-10 00:00:00+05:30,102.55000305175781,103.25,99.8499984741211,100.5999984741211,91.35652923583984,3531868,0.0,0.0
2013-06-11 00:00:00+05:30,100.0,100.5999984741211,93.19999694824219,94.3499984741211,85.68079376220703,9481909,0.0,0.0
2013-06-12 00:00:00+05:30,93.0,94.69999694824219,91.5,92.30000305175781,83.81916809082031,6952543,0.0,0.0
2013-06-13 00:00:00+05:30,91.75,97.9000015258789,91.0,96.80000305175781,87.90570068359375,10520991,0.0,0.0
2013-06-14 00:00:00+05:30,97.0,105.19999694824219,97.0,103.6500015258789,94.12628936767578,12196294,0.0,0.0
2013-06-17 00:00:00+05:30,105.0999984741211,105.3499984741211,101.05000305175781,102.0,92.62789916992188,8909126,0.0,0.0
2013-06-18 00:00:00+05:30,101.9000015258789,103.9000015258789,100.19999694824219,101.30000305175781,91.99222564697266,6626285,0.0,0.0
2013-06-19 00:00:00+05:30,101.19999694824219,105.4000015258789,100.6500015258789,104.30000305175781,94.71656799316406,6678170,0.0,0.0
2013-06-20 00:00:00+05:30,102.0999984741211,102.4000015258789,97.19999694824219,97.75,88.76840209960938,10484687,0.0,0.0
2013-06-21 00:00:00+05:30,96.5,101.0,91.1500015258789,94.0,85.36296844482422,11354652,0.0,0.0
2013-06-24 00:00:00+05:30,96.05000305175781,96.9000015258789,92.6500015258789,94.0999984741211,85.4537582397461,6540033,0.0,0.0
2013-06-25 00:00:00+05:30,95.5999984741211,98.1500015258789,94.75,97.05000305175781,88.1327133178711,7980824,0.0,0.0
2013-06-26 00:00:00+05:30,97.0999984741211,97.80000305175781,94.0999984741211,94.69999694824219,85.9986343383789,4472739,0.0,0.0
2013-06-27 00:00:00+05:30,96.9000015258789,97.0,94.80000305175781,95.80000305175781,86.99757385253906,6247947,0.0,0.0
2013-06-28 00:00:00+05:30,97.0999984741211,100.6500015258789,96.5999984741211,99.80000305175781,90.63005065917969,6716298,0.0,0.0
2013-07-01 00:00:00+05:30,99.0,102.9000015258789,98.1500015258789,101.9000015258789,92.5370864868164,5796204,0.0,0.0
2013-07-02 00:00:00+05:30,101.80000305175781,104.3499984741211,101.05000305175781,102.44999694824219,93.03655242919922,6291540,0.0,0.0
2013-07-03 00:00:00+05:30,101.55000305175781,101.55000305175781,97.55000305175781,98.9000015258789,89.81273651123047,5372862,0.0,0.0
2013-07-04 00:00:00+05:30,99.3499984741211,100.9000015258789,98.0999984741211,99.94999694824219,90.76626586914062,4699475,0.0,0.0
2013-07-05 00:00:00+05:30,101.05000305175781,102.9000015258789,98.19999694824219,99.94999694824219,90.76626586914062,3698882,0.0,0.0
2013-07-08 00:00:00+05:30,99.05000305175781,101.0,96.75,100.1500015258789,90.9478759765625,4357406,0.0,0.0
2013-07-09 00:00:00+05:30,101.0,101.94999694824219,99.5,100.8499984741211,91.58354949951172,4020564,0.0,0.0
2013-07-10 00:00:00+05:30,101.25,101.5,97.69999694824219,98.19999694824219,89.17704772949219,3961539,0.0,0.0
2013-07-11 00:00:00+05:30,99.9000015258789,104.4000015258789,99.69999694824219,102.80000305175781,93.35440063476562,8199130,0.0,0.0
2013-07-12 00:00:00+05:30,103.0999984741211,103.5,100.69999694824219,101.80000305175781,92.44627380371094,4027737,0.0,0.0
2013-07-15 00:00:00+05:30,101.5999984741211,106.19999694824219,100.25,105.4000015258789,95.71550750732422,7054795,0.0,0.0
2013-07-16 00:00:00+05:30,102.5,104.4000015258789,102.0,103.9000015258789,94.35331726074219,4815809,0.0,0.0
2013-07-17 00:00:00+05:30,103.69999694824219,104.4000015258789,100.75,101.9000015258789,92.5370864868164,4538415,0.0,0.0
2013-07-18 00:00:00+05:30,102.4000015258789,105.5999984741211,102.4000015258789,104.4000015258789,94.80738067626953,7285184,0.0,0.0
2013-07-19 00:00:00+05:30,104.19999694824219,104.9000015258789,103.0,103.6500015258789,94.12628936767578,4057651,0.0,0.0
2013-07-22 00:00:00+05:30,103.30000305175781,106.1500015258789,102.9000015258789,104.3499984741211,94.76197052001953,4479336,0.0,0.0
2013-07-23 00:00:00+05:30,105.0,106.0,103.75,105.1500015258789,95.48845672607422,5916408,0.0,0.0
2013-07-24 00:00:00+05:30,104.44999694824219,105.05000305175781,101.5999984741211,103.25,93.7630386352539,3802684,0.0,0.0
2013-07-25 00:00:00+05:30,103.0,103.69999694824219,101.30000305175781,102.19999694824219,92.80950164794922,5696212,0.0,0.0
2013-07-26 00:00:00+05:30,102.30000305175781,103.19999694824219,93.80000305175781,94.44999694824219,85.77161407470703,9553322,0.0,0.0
2013-07-29 00:00:00+05:30,95.5,95.5999984741211,89.4000015258789,90.6500015258789,82.32077026367188,7939096,0.0,0.0
2013-07-30 00:00:00+05:30,91.05000305175781,91.6500015258789,85.19999694824219,86.5,78.55207061767578,8851620,0.0,0.0
2013-07-31 00:00:00+05:30,86.5,90.80000305175781,84.5,90.0999984741211,81.8213119506836,6882175,0.0,0.0
2013-08-01 00:00:00+05:30,91.0,92.0,86.4000015258789,87.5,79.460205078125,5414718,0.0,0.0
2013-08-02 00:00:00+05:30,88.0999984741211,89.0,84.55000305175781,86.69999694824219,78.73371124267578,6503281,0.0,0.0
2013-08-05 00:00:00+05:30,87.0,87.9000015258789,85.19999694824219,86.30000305175781,78.37047576904297,3901121,0.0,0.0
2013-08-06 00:00:00+05:30,85.30000305175781,86.9000015258789,84.5,85.55000305175781,77.68939208984375,5157109,0.0,0.0
2013-08-07 00:00:00+05:30,85.5,87.8499984741211,83.0999984741211,86.5,78.55207061767578,8781589,0.0,0.0
2013-08-08 00:00:00+05:30,86.5,92.4000015258789,86.19999694824219,91.69999694824219,83.27429962158203,8935982,0.0,0.0
2013-08-12 00:00:00+05:30,92.80000305175781,94.8499984741211,90.0,94.05000305175781,85.40837860107422,7344754,0.0,0.0
2013-08-13 00:00:00+05:30,92.0,93.9000015258789,89.69999694824219,91.4000015258789,83.0018539428711,22789755,0.0,0.0
2013-08-14 00:00:00+05:30,92.1500015258789,98.80000305175781,91.55000305175781,98.19999694824219,89.17704772949219,16664295,0.0,0.0
2013-08-16 00:00:00+05:30,97.3499984741211,97.80000305175781,92.05000305175781,93.55000305175781,84.9543228149414,9314657,0.0,0.0
2013-08-19 00:00:00+05:30,93.0,96.6500015258789,90.69999694824219,96.05000305175781,87.22460174560547,9593013,0.0,0.0
2013-08-20 00:00:00+05:30,93.0,98.69999694824219,92.30000305175781,97.3499984741211,88.40515899658203,12915528,0.0,0.0
2013-08-21 00:00:00+05:30,99.0,99.9000015258789,92.0999984741211,93.30000305175781,84.72728729248047,11279306,0.0,0.0
2013-08-22 00:00:00+05:30,94.75,105.30000305175781,93.55000305175781,104.0,94.44412994384766,19204284,0.0,0.0
2013-08-23 00:00:00+05:30,104.30000305175781,105.55000305175781,100.80000305175781,103.80000305175781,94.26251983642578,11149842,0.0,0.0
2013-08-26 00:00:00+05:30,103.9000015258789,107.5,102.5,104.4000015258789,94.80738067626953,9829310,0.0,0.0
2013-08-27 00:00:00+05:30,102.4000015258789,104.80000305175781,98.0,99.1500015258789,90.0397720336914,9714221,0.0,0.0
2013-08-28 00:00:00+05:30,98.3499984741211,103.3499984741211,96.5999984741211,102.0999984741211,92.71870422363281,10128111,0.0,0.0
2013-08-29 00:00:00+05:30,103.0,108.5,102.0999984741211,107.0999984741211,97.2593002319336,15191190,0.0,0.0
2013-08-30 00:00:00+05:30,106.4000015258789,109.0,101.80000305175781,105.05000305175781,96.66119384765625,12961890,1.4,0.0
2013-09-02 00:00:00+05:30,105.0,109.5,104.69999694824219,108.94999694824219,100.249755859375,8545257,0.0,0.0
2013-09-03 00:00:00+05:30,109.4000015258789,110.4000015258789,103.75,104.4000015258789,96.06310272216797,11638850,0.0,0.0
2013-09-04 00:00:00+05:30,104.75,109.5,103.8499984741211,108.55000305175781,99.8817138671875,10579678,0.0,0.0
2013-09-05 00:00:00+05:30,110.05000305175781,110.8499984741211,106.69999694824219,108.19999694824219,99.55963897705078,10731601,0.0,0.0
2013-09-06 00:00:00+05:30,108.30000305175781,109.5,106.0,107.9000015258789,99.28360748291016,8174003,0.0,0.0
2013-09-10 00:00:00+05:30,109.5,111.25,107.0999984741211,110.19999694824219,101.39993286132812,10171012,0.0,0.0
2013-09-11 00:00:00+05:30,110.5,115.3499984741211,109.1500015258789,114.44999694824219,105.31056213378906,12710941,0.0,0.0
2013-09-12 00:00:00+05:30,114.5,114.5,110.05000305175781,111.19999694824219,102.32007598876953,6488525,0.0,0.0
2013-09-13 00:00:00+05:30,110.1500015258789,113.69999694824219,110.0999984741211,112.4000015258789,103.42427062988281,5066014,0.0,0.0
2013-09-16 00:00:00+05:30,113.55000305175781,115.25,111.5,113.0999984741211,104.06837463378906,6926671,0.0,0.0
2013-09-17 00:00:00+05:30,112.80000305175781,114.69999694824219,111.55000305175781,113.9000015258789,104.80448150634766,4628986,0.0,0.0
2013-09-18 00:00:00+05:30,113.9000015258789,115.80000305175781,113.4000015258789,114.6500015258789,105.49459075927734,5013717,0.0,0.0
2013-09-19 00:00:00+05:30,117.0999984741211,119.69999694824219,116.0,118.5,109.03714752197266,7588877,0.0,0.0
2013-09-20 00:00:00+05:30,117.4000015258789,118.1500015258789,112.4000015258789,113.94999694824219,104.85047912597656,7175240,0.0,0.0
2013-09-23 00:00:00+05:30,113.9000015258789,117.1500015258789,113.1500015258789,116.55000305175781,107.24285888671875,5854812,0.0,0.0
2013-09-24 00:00:00+05:30,115.8499984741211,116.75,111.44999694824219,112.0,103.05621337890625,7708701,0.0,0.0
2013-09-25 00:00:00+05:30,112.0,117.55000305175781,111.1500015258789,116.80000305175781,107.47289276123047,7855335,0.0,0.0
2013-09-26 00:00:00+05:30,116.19999694824219,119.1500015258789,115.1500015258789,117.05000305175781,107.70293426513672,7970953,0.0,0.0
2013-09-27 00:00:00+05:30,117.0999984741211,118.5,113.25,113.9000015258789,104.80448150634766,5494749,0.0,0.0
2013-09-30 00:00:00+05:30,112.05000305175781,113.8499984741211,110.55000305175781,111.9000015258789,102.96419525146484,5614201,0.0,0.0
2013-10-01 00:00:00+05:30,111.75,112.5,109.1500015258789,110.5,101.67598724365234,5375233,0.0,0.0
2013-10-03 00:00:00+05:30,111.19999694824219,116.19999694824219,110.5,115.55000305175781,106.3227310180664,6776388,0.0,0.0
2013-10-04 00:00:00+05:30,114.75,119.8499984741211,114.1500015258789,118.05000305175781,108.62308502197266,10374519,0.0,0.0
2013-10-07 00:00:00+05:30,117.1500015258789,122.4000015258789,116.5,121.8499984741211,112.11964416503906,14800082,0.0,0.0
2013-10-08 00:00:00+05:30,123.0,123.0,119.0999984741211,119.44999694824219,109.91127014160156,8023428,0.0,0.0
2013-10-09 00:00:00+05:30,118.5,120.5999984741211,117.9000015258789,119.5999984741211,110.04930114746094,9207369,0.0,0.0
2013-10-10 00:00:00+05:30,119.0999984741211,121.44999694824219,116.19999694824219,117.05000305175781,107.70293426513672,7408245,0.0,0.0
2013-10-11 00:00:00+05:30,119.0,119.0999984741211,113.5,114.25,105.12652587890625,12420442,0.0,0.0
2013-10-14 00:00:00+05:30,114.25,114.25,109.80000305175781,110.5999984741211,101.76800537109375,10461942,0.0,0.0
2013-10-15 00:00:00+05:30,108.0,113.3499984741211,105.0,112.0999984741211,103.14820861816406,22947336,0.0,0.0
2013-10-17 00:00:00+05:30,110.0,113.75,109.30000305175781,111.1500015258789,102.27408599853516,9822584,0.0,0.0
2013-10-18 00:00:00+05:30,110.19999694824219,115.80000305175781,110.19999694824219,114.8499984741211,105.6786117553711,12059655,0.0,0.0
2013-10-21 00:00:00+05:30,115.5999984741211,119.80000305175781,114.94999694824219,118.4000015258789,108.94513702392578,10397418,0.0,0.0
2013-10-22 00:00:00+05:30,117.80000305175781,121.1500015258789,115.69999694824219,116.5,107.19684600830078,10174738,0.0,0.0
2013-10-23 00:00:00+05:30,115.5,118.6500015258789,113.30000305175781,115.9000015258789,106.64476013183594,11436312,0.0,0.0
2013-10-24 00:00:00+05:30,115.0999984741211,118.0999984741211,113.9000015258789,114.55000305175781,105.40255737304688,6134457,0.0,0.0
2013-10-25 00:00:00+05:30,114.0,114.0,108.9000015258789,109.19999694824219,100.47979736328125,11030631,0.0,0.0
2013-10-28 00:00:00+05:30,109.5,110.6500015258789,106.5,107.05000305175781,98.50150299072266,7039471,0.0,0.0
2013-10-29 00:00:00+05:30,107.0,110.69999694824219,106.0999984741211,110.25,101.4459457397461,6557724,0.0,0.0
2013-10-30 00:00:00+05:30,110.6500015258789,113.9000015258789,109.94999694824219,113.44999694824219,104.39039611816406,7013388,0.0,0.0
2013-10-31 00:00:00+05:30,112.55000305175781,116.30000305175781,111.69999694824219,115.05000305175781,105.8626480102539,8231615,0.0,0.0
2013-11-01 00:00:00+05:30,114.25,115.9000015258789,113.3499984741211,115.19999694824219,106.00066375732422,6356485,0.0,0.0
2013-11-05 00:00:00+05:30,115.9000015258789,118.8499984741211,114.5999984741211,117.69999694824219,108.30101776123047,5356086,0.0,0.0
2013-11-06 00:00:00+05:30,117.55000305175781,118.05000305175781,114.3499984741211,115.25,106.04667663574219,3544847,0.0,0.0
2013-11-07 00:00:00+05:30,115.5,119.19999694824219,114.69999694824219,116.8499984741211,107.51890563964844,8682989,0.0,0.0
2013-11-08 00:00:00+05:30,116.9000015258789,117.9000015258789,114.4000015258789,116.5,107.19684600830078,5874233,0.0,0.0
2013-11-11 00:00:00+05:30,115.9000015258789,116.30000305175781,110.80000305175781,111.3499984741211,102.4581069946289,7096767,0.0,0.0
2013-11-12 00:00:00+05:30,112.25,114.44999694824219,110.0,111.25,102.36607360839844,10337140,0.0,0.0
2013-11-13 00:00:00+05:30,110.19999694824219,114.9000015258789,109.0999984741211,113.94999694824219,104.85047912597656,8827958,0.0,0.0
2013-11-14 00:00:00+05:30,115.0,117.0,114.3499984741211,115.19999694824219,106.00066375732422,6313951,0.0,0.0
2013-11-18 00:00:00+05:30,116.5,119.4000015258789,113.94999694824219,119.0,109.49720764160156,8677657,0.0,0.0
2013-11-19 00:00:00+05:30,119.3499984741211,124.69999694824219,119.30000305175781,124.25,114.32797241210938,16182171,0.0,0.0
2013-11-20 00:00:00+05:30,124.0999984741211,125.0,120.1500015258789,120.75,111.10746765136719,7845073,0.0,0.0
2013-11-21 00:00:00+05:30,120.19999694824219,122.1500015258789,118.9000015258789,119.5,109.95728302001953,7108124,0.0,0.0
2013-11-22 00:00:00+05:30,120.5,121.6500015258789,116.4000015258789,118.4000015258789,108.94513702392578,8317855,0.0,0.0
2013-11-25 00:00:00+05:30,119.0,120.8499984741211,117.0,118.1500015258789,108.71509552001953,5389057,0.0,0.0
2013-11-26 00:00:00+05:30,118.0,122.0,117.5999984741211,118.44999694824219,108.99112701416016,8244575,0.0,0.0
2013-11-27 00:00:00+05:30,119.0,120.5999984741211,116.9000015258789,118.75,109.26717376708984,6496457,0.0,0.0
2013-11-28 00:00:00+05:30,119.5999984741211,122.3499984741211,118.75,121.4000015258789,111.70556640625,8327954,0.0,0.0
2013-11-29 00:00:00+05:30,121.0,123.4000015258789,121.0,122.69999694824219,112.90174102783203,5005082,0.0,0.0
2013-12-02 00:00:00+05:30,122.75,123.4000015258789,120.3499984741211,121.8499984741211,112.11964416503906,5004229,0.0,0.0
2013-12-03 00:00:00+05:30,120.75,126.3499984741211,120.4000015258789,124.05000305175781,114.1439437866211,9469051,0.0,0.0
2013-12-04 00:00:00+05:30,124.0,124.44999694824219,120.1500015258789,120.69999694824219,111.06146240234375,5586058,0.0,0.0
2013-12-05 00:00:00+05:30,122.6500015258789,123.94999694824219,121.25,121.75,112.0276107788086,4796038,0.0,0.0
2013-12-06 00:00:00+05:30,119.05000305175781,122.44999694824219,119.0,120.5,110.87743377685547,5150035,0.0,0.0
2013-12-09 00:00:00+05:30,123.80000305175781,124.94999694824219,121.1500015258789,123.9000015258789,114.00592041015625,6669984,0.0,0.0
2013-12-10 00:00:00+05:30,124.4000015258789,126.0,120.69999694824219,125.0999984741211,115.11009216308594,8452805,0.0,0.0
2013-12-11 00:00:00+05:30,125.0,126.8499984741211,122.69999694824219,123.44999694824219,113.59186553955078,8394182,0.0,0.0
2013-12-12 00:00:00+05:30,122.0,123.25,120.5,121.05000305175781,111.38350677490234,3781269,0.0,0.0
2013-12-13 00:00:00+05:30,120.19999694824219,121.05000305175781,117.80000305175781,118.69999694824219,109.22118377685547,6925600,0.0,0.0
2013-12-16 00:00:00+05:30,118.0,119.0,115.6500015258789,116.6500015258789,107.33488464355469,4894608,0.0,0.0
2013-12-17 00:00:00+05:30,117.5,119.0,116.0999984741211,116.44999694824219,107.15084838867188,4133927,0.0,0.0
2013-12-18 00:00:00+05:30,116.6500015258789,118.44999694824219,116.05000305175781,117.80000305175781,108.3930435180664,4704581,0.0,0.0
2013-12-19 00:00:00+05:30,118.5,120.75,117.6500015258789,119.0,109.49720764160156,9030128,0.0,0.0
2013-12-20 00:00:00+05:30,118.0,120.1500015258789,118.0,119.44999694824219,109.91127014160156,5390331,0.0,0.0
2013-12-23 00:00:00+05:30,120.0,124.80000305175781,120.0,123.55000305175781,113.68387603759766,6397430,0.0,0.0
2013-12-24 00:00:00+05:30,123.5999984741211,124.3499984741211,121.5,122.0,112.25764465332031,2888364,0.0,0.0
2013-12-26 00:00:00+05:30,120.80000305175781,122.69999694824219,120.3499984741211,121.0999984741211,111.42951202392578,5727281,0.0,0.0
2013-12-27 00:00:00+05:30,121.0999984741211,123.0999984741211,120.5999984741211,122.44999694824219,112.67171478271484,2847198,0.0,0.0
2013-12-30 00:00:00+05:30,123.0,123.4000015258789,121.0999984741211,121.75,112.0276107788086,2793865,0.0,0.0
2013-12-31 00:00:00+05:30,122.0,123.1500015258789,121.25,122.5999984741211,112.80973052978516,2175457,0.0,0.0
2014-01-01 00:00:00+05:30,122.5999984741211,123.80000305175781,121.3499984741211,121.80000305175781,112.07362365722656,4120036,0.0,0.0
2014-01-02 00:00:00+05:30,121.80000305175781,125.6500015258789,120.0,120.6500015258789,111.01545715332031,7275995,0.0,0.0
2014-01-03 00:00:00+05:30,120.0,120.69999694824219,117.0999984741211,118.75,109.26717376708984,4279292,0.0,0.0
2014-01-06 00:00:00+05:30,118.5,119.5999984741211,117.19999694824219,118.25,108.8071060180664,3307710,0.0,0.0
2014-01-07 00:00:00+05:30,118.1500015258789,118.94999694824219,115.0,116.05000305175781,106.78279876708984,4922926,0.0,0.0
2014-01-08 00:00:00+05:30,118.25,118.30000305175781,114.5,115.25,106.04667663574219,5002283,0.0,0.0
2014-01-09 00:00:00+05:30,115.0,115.25,112.0,112.6500015258789,103.65428924560547,5398443,0.0,0.0
2014-01-10 00:00:00+05:30,112.80000305175781,113.0,110.1500015258789,110.55000305175781,101.72200012207031,9012277,0.0,0.0
2014-01-13 00:00:00+05:30,110.19999694824219,112.25,108.5,110.0,101.21590423583984,4214147,0.0,0.0
2014-01-14 00:00:00+05:30,110.0,111.25,108.75,109.4000015258789,100.663818359375,2923798,0.0,0.0
2014-01-15 00:00:00+05:30,110.30000305175781,112.9000015258789,110.19999694824219,110.8499984741211,101.99803924560547,4817973,0.0,0.0
2014-01-16 00:00:00+05:30,111.44999694824219,113.3499984741211,111.1500015258789,112.94999694824219,103.9303207397461,4745742,0.0,0.0
2014-01-17 00:00:00+05:30,113.5,114.0,110.5,111.30000305175781,102.412109375,5325344,0.0,0.0
2014-01-20 00:00:00+05:30,110.0999984741211,113.5,110.0999984741211,112.0999984741211,103.14820861816406,3113909,0.0,0.0
2014-01-21 00:00:00+05:30,112.44999694824219,113.4000015258789,110.6500015258789,113.0,103.97634887695312,3825639,0.0,0.0
2014-01-22 00:00:00+05:30,112.5999984741211,115.4000015258789,112.5,115.19999694824219,106.00066375732422,5517465,0.0,0.0
2014-01-23 00:00:00+05:30,114.19999694824219,115.25,113.5999984741211,114.30000305175781,105.17253112792969,2853691,0.0,0.0
2014-01-24 00:00:00+05:30,113.1500015258789,115.3499984741211,113.0,114.0,104.89649200439453,5737135,0.0,0.0
2014-01-27 00:00:00+05:30,112.0,112.69999694824219,109.30000305175781,111.0999984741211,102.22808074951172,8724577,0.0,0.0
2014-01-28 00:00:00+05:30,110.0,115.0,109.75,113.80000305175781,104.71246337890625,4513345,0.0,0.0
2014-01-29 00:00:00+05:30,114.5,114.75,111.1500015258789,111.75,102.826171875,4713458,0.0,0.0
2014-01-30 00:00:00+05:30,110.19999694824219,110.69999694824219,107.5999984741211,108.0999984741211,99.4676284790039,5077231,0.0,0.0
2014-01-31 00:00:00+05:30,109.05000305175781,110.0,107.0,109.55000305175781,100.80184173583984,8287236,0.0,0.0
2014-02-03 00:00:00+05:30,109.0,109.4000015258789,103.0,103.44999694824219,95.18896484375,5572627,0.0,0.0
2014-02-04 00:00:00+05:30,102.0,103.44999694824219,99.80000305175781,102.44999694824219,94.26880645751953,13935173,0.0,0.0
2014-02-05 00:00:00+05:30,102.4000015258789,105.1500015258789,101.0,104.25,95.92508697509766,9106760,0.0,0.0
2014-02-06 00:00:00+05:30,104.6500015258789,106.5,103.0999984741211,105.75,97.30530548095703,10194884,0.0,0.0
2014-02-07 00:00:00+05:30,106.1500015258789,107.69999694824219,104.75,106.4000015258789,97.90339660644531,9650511,0.0,0.0
2014-02-10 00:00:00+05:30,106.44999694824219,107.69999694824219,105.80000305175781,106.80000305175781,98.2714614868164,3124538,0.0,0.0
2014-02-11 00:00:00+05:30,106.9000015258789,107.0999984741211,104.25,104.55000305175781,96.20112609863281,3964390,0.0,0.0
2014-02-12 00:00:00+05:30,105.1500015258789,105.5999984741211,103.05000305175781,103.5,95.23497009277344,5325176,0.0,0.0
2014-02-13 00:00:00+05:30,103.9000015258789,104.55000305175781,99.75,100.19999694824219,92.198486328125,12652556,0.0,0.0
2014-02-14 00:00:00+05:30,100.75,101.0,97.8499984741211,99.9000015258789,91.92244720458984,6390793,0.0,0.0
2014-02-17 00:00:00+05:30,100.0,100.75,97.6500015258789,98.5,90.63426208496094,6870442,0.0,0.0
2014-02-18 00:00:00+05:30,98.69999694824219,100.5,97.75,99.30000305175781,91.37036895751953,8475360,0.0,0.0
2014-02-19 00:00:00+05:30,99.5999984741211,100.0999984741211,98.4000015258789,98.8499984741211,90.956298828125,4582897,0.0,0.0
2014-02-20 00:00:00+05:30,98.5,98.55000305175781,97.05000305175781,97.3499984741211,89.5760726928711,3404267,0.0,0.0
2014-02-21 00:00:00+05:30,97.30000305175781,98.25,97.30000305175781,97.6500015258789,89.85212707519531,6484994,0.0,0.0
2014-02-24 00:00:00+05:30,97.6500015258789,98.80000305175781,96.69999694824219,97.44999694824219,89.66810607910156,8047904,0.0,0.0
2014-02-25 00:00:00+05:30,97.1500015258789,99.05000305175781,97.0,98.80000305175781,90.9103012084961,15034041,0.0,0.0
2014-02-26 00:00:00+05:30,99.75,99.75,98.05000305175781,98.4000015258789,90.54222106933594,12130348,0.0,0.0
2014-02-28 00:00:00+05:30,99.0,106.4000015258789,99.0,105.3499984741211,96.93724060058594,26493472,0.0,0.0
2014-03-03 00:00:00+05:30,105.0,107.3499984741211,104.69999694824219,105.5999984741211,97.16728973388672,9870841,0.0,0.0
2014-03-04 00:00:00+05:30,105.4000015258789,114.25,105.4000015258789,113.5999984741211,104.52845001220703,16427565,0.0,0.0
2014-03-05 00:00:00+05:30,114.8499984741211,117.19999694824219,112.19999694824219,115.75,106.50674438476562,12023136,0.0,0.0
2014-03-06 00:00:00+05:30,115.75,121.19999694824219,114.69999694824219,120.80000305175781,111.15347290039062,16609108,0.0,0.0
2014-03-07 00:00:00+05:30,120.0999984741211,125.8499984741211,119.80000305175781,124.55000305175781,114.6040267944336,15695038,0.0,0.0
2014-03-10 00:00:00+05:30,123.05000305175781,123.5,121.0,121.94999694824219,112.21163940429688,8823020,0.0,0.0
2014-03-11 00:00:00+05:30,121.9000015258789,121.9000015258789,116.19999694824219,117.4000015258789,108.02499389648438,14421017,0.0,0.0
2014-03-12 00:00:00+05:30,115.69999694824219,118.4000015258789,113.94999694824219,114.75,105.58660125732422,9497798,0.0,0.0
2014-03-13 00:00:00+05:30,114.5,118.94999694824219,114.5,115.6500015258789,106.41472625732422,6402750,0.0,0.0
2014-03-14 00:00:00+05:30,114.69999694824219,116.0999984741211,113.5,115.19999694824219,106.00066375732422,5684021,0.0,0.0
2014-03-18 00:00:00+05:30,116.0,116.4000015258789,114.19999694824219,114.8499984741211,105.6786117553711,8034386,0.0,0.0
2014-03-19 00:00:00+05:30,115.25,121.0999984741211,114.05000305175781,120.05000305175781,110.46336364746094,15915307,0.0,0.0
2014-03-20 00:00:00+05:30,119.6500015258789,121.94999694824219,119.0,119.6500015258789,110.0953140258789,7021283,0.0,0.0
2014-03-21 00:00:00+05:30,120.55000305175781,124.0,119.80000305175781,123.5,113.63785552978516,10588714,0.0,0.0
2014-03-24 00:00:00+05:30,120.0,122.5,118.19999694824219,121.5999984741211,111.88957214355469,7514958,0.0,0.0
2014-03-25 00:00:00+05:30,120.94999694824219,122.6500015258789,120.25,120.75,111.10746765136719,8547719,0.0,0.0
2014-03-26 00:00:00+05:30,121.0999984741211,125.94999694824219,121.0999984741211,125.4000015258789,115.38614654541016,14059505,0.0,0.0
2014-03-27 00:00:00+05:30,125.19999694824219,126.44999694824219,124.05000305175781,125.4000015258789,115.38614654541016,6763076,0.0,0.0
2014-03-28 00:00:00+05:30,125.4000015258789,131.6999969482422,125.0,130.89999389648438,120.44691467285156,9719662,0.0,0.0
2014-03-31 00:00:00+05:30,132.0,142.9499969482422,131.0500030517578,141.75,130.43048095703125,27873616,0.0,0.0
2014-04-01 00:00:00+05:30,142.0,142.5,136.10000610351562,138.1999969482422,127.16400146484375,12584698,0.0,0.0
2014-04-02 00:00:00+05:30,139.0,139.5500030517578,134.60000610351562,136.0,125.13967895507812,10111996,0.0,0.0
2014-04-03 00:00:00+05:30,136.0,140.89999389648438,133.3000030517578,137.14999389648438,126.1978530883789,10256995,0.0,0.0
2014-04-04 00:00:00+05:30,137.89999389648438,139.39999389648438,136.10000610351562,137.64999389648438,126.65790557861328,5444146,0.0,0.0
2014-04-07 00:00:00+05:30,137.5,138.9499969482422,134.1999969482422,137.35000610351562,126.3818588256836,4661247,0.0,0.0
2014-04-09 00:00:00+05:30,138.0,143.9499969482422,137.8000030517578,142.89999389648438,131.4886474609375,9943888,0.0,0.0
2014-04-10 00:00:00+05:30,143.5,145.10000610351562,140.60000610351562,142.5,131.12060546875,8923225,0.0,0.0
2014-04-11 00:00:00+05:30,141.10000610351562,143.25,139.1999969482422,140.6999969482422,129.46434020996094,5404598,0.0,0.0
2014-04-15 00:00:00+05:30,140.6999969482422,142.10000610351562,133.1999969482422,134.0500030517578,123.34539031982422,5422799,0.0,0.0
2014-04-16 00:00:00+05:30,133.3000030517578,137.85000610351562,131.60000610351562,135.4499969482422,124.63359832763672,8006291,0.0,0.0
2014-04-17 00:00:00+05:30,135.75,142.0,135.0,141.4499969482422,130.15444946289062,8629888,0.0,0.0
2014-04-21 00:00:00+05:30,141.8000030517578,144.5,141.5,143.5,132.04074096679688,4436455,0.0,0.0
2014-04-22 00:00:00+05:30,142.0,147.1999969482422,140.3000030517578,144.85000610351562,133.282958984375,6223989,0.0,0.0
2014-04-23 00:00:00+05:30,145.0,146.0,142.8000030517578,145.14999389648438,133.55899047851562,5031335,0.0,0.0
2014-04-24 00:00:00+05:30,145.14999389648438,145.14999389648438,145.14999389648438,145.14999389648438,133.55899047851562,0,0.0,0.0
2014-04-25 00:00:00+05:30,143.3000030517578,146.89999389648438,142.1999969482422,143.75,132.2707977294922,4116077,0.0,0.0
2014-04-28 00:00:00+05:30,143.0,145.3000030517578,140.8000030517578,141.25,129.97042846679688,4118525,0.0,0.0
2014-04-29 00:00:00+05:30,141.0,143.0,136.3000030517578,137.1999969482422,126.24384307861328,4775590,0.0,0.0
2014-04-30 00:00:00+05:30,136.64999389648438,138.85000610351562,132.0500030517578,134.3000030517578,123.57543182373047,7609347,0.0,0.0
2014-05-02 00:00:00+05:30,135.1999969482422,136.0,130.25,131.64999389648438,121.13703918457031,5364611,0.0,0.0
2014-05-05 00:00:00+05:30,130.0,141.0,129.85000610351562,138.89999389648438,127.80809783935547,9715098,0.0,0.0
2014-05-06 00:00:00+05:30,139.39999389648438,140.64999389648438,135.8000030517578,138.6999969482422,127.62408447265625,4170017,0.0,0.0
2014-05-07 00:00:00+05:30,138.35000610351562,138.64999389648438,134.3000030517578,135.1999969482422,124.40357208251953,3592081,0.0,0.0
2014-05-08 00:00:00+05:30,136.25,139.10000610351562,135.0,136.75,125.82976531982422,4178306,0.0,0.0
2014-05-09 00:00:00+05:30,136.5,144.6999969482422,136.5,144.10000610351562,132.5928497314453,7371362,0.0,0.0
2014-05-12 00:00:00+05:30,143.5,144.8000030517578,140.5500030517578,143.39999389648438,131.94873046875,8081158,0.0,0.0
2014-05-13 00:00:00+05:30,144.0,149.8000030517578,141.1999969482422,142.1999969482422,130.8445587158203,16612600,0.0,0.0
2014-05-14 00:00:00+05:30,142.1999969482422,145.8000030517578,140.39999389648438,141.1999969482422,129.9244384765625,12157631,0.0,0.0
2014-05-15 00:00:00+05:30,142.0,143.4499969482422,137.10000610351562,138.5,127.4400405883789,6154288,0.0,0.0
2014-05-16 00:00:00+05:30,141.89999389648438,145.9499969482422,139.10000610351562,141.1999969482422,129.9244384765625,13107049,0.0,0.0
2014-05-19 00:00:00+05:30,142.60000610351562,152.9499969482422,142.0,152.0500030517578,139.9080047607422,13751989,0.0,0.0
2014-05-20 00:00:00+05:30,155.14999389648438,159.0,152.35000610351562,156.1999969482422,143.72657775878906,9385502,0.0,0.0
2014-05-21 00:00:00+05:30,156.10000610351562,163.64999389648438,152.0500030517578,159.6999969482422,146.94708251953125,13573762,0.0,0.0
2014-05-22 00:00:00+05:30,161.85000610351562,161.85000610351562,154.0,155.10000610351562,142.7144317626953,12270836,0.0,0.0
2014-05-23 00:00:00+05:30,156.9499969482422,156.9499969482422,149.6999969482422,152.0500030517578,139.9080047607422,19542712,0.0,0.0
2014-05-26 00:00:00+05:30,155.0,155.1999969482422,143.6999969482422,147.10000610351562,135.353271484375,12522081,0.0,0.0
2014-05-27 00:00:00+05:30,147.89999389648438,150.5,141.75,149.64999389648438,137.69964599609375,13805470,0.0,0.0
2014-05-28 00:00:00+05:30,149.6999969482422,151.5500030517578,146.10000610351562,147.1999969482422,135.4453125,11376239,0.0,0.0
2014-05-29 00:00:00+05:30,146.5,153.1999969482422,143.10000610351562,149.3000030517578,137.3776092529297,19321960,0.0,0.0
2014-05-30 00:00:00+05:30,151.5,152.5,147.0,148.0,136.18141174316406,11040937,0.0,0.0
2014-06-02 00:00:00+05:30,147.3000030517578,151.14999389648438,146.35000610351562,150.0500030517578,138.06773376464844,13844656,0.0,0.0
2014-06-03 00:00:00+05:30,150.6999969482422,155.6999969482422,149.35000610351562,155.1999969482422,142.80641174316406,23276134,0.0,0.0
2014-06-04 00:00:00+05:30,156.0,161.75,155.1999969482422,160.6999969482422,147.8672332763672,15948295,0.0,0.0
2014-06-05 00:00:00+05:30,160.60000610351562,171.0,159.9499969482422,169.85000610351562,156.2865753173828,20296986,0.0,0.0
2014-06-06 00:00:00+05:30,172.0,172.10000610351562,165.3000030517578,169.25,155.73448181152344,13769155,0.0,0.0
2014-06-09 00:00:00+05:30,169.8000030517578,173.64999389648438,167.60000610351562,169.60000610351562,156.05653381347656,10337636,0.0,0.0
2014-06-10 00:00:00+05:30,169.64999389648438,173.35000610351562,162.1999969482422,169.75,156.19456481933594,13457788,0.0,0.0
2014-06-11 00:00:00+05:30,170.0,171.5,161.0,162.64999389648438,149.6614990234375,11473448,0.0,0.0
2014-06-12 00:00:00+05:30,162.8000030517578,170.0,162.0,169.25,155.73448181152344,13367632,0.0,0.0
2014-06-13 00:00:00+05:30,169.4499969482422,169.4499969482422,158.5,162.35000610351562,149.38551330566406,11006055,0.0,0.0
2014-06-16 00:00:00+05:30,161.5,168.25,158.60000610351562,161.1999969482422,148.32730102539062,10365321,0.0,0.0
2014-06-17 00:00:00+05:30,161.0,163.6999969482422,157.0,162.64999389648438,149.6614990234375,9823831,0.0,0.0
2014-06-18 00:00:00+05:30,161.35000610351562,169.60000610351562,161.35000610351562,166.8000030517578,153.48011779785156,14186255,0.0,0.0
2014-06-19 00:00:00+05:30,167.9499969482422,170.6999969482422,164.14999389648438,167.75,154.35426330566406,14719990,0.0,0.0
2014-06-20 00:00:00+05:30,167.89999389648438,169.8000030517578,163.0,163.8000030517578,150.7197265625,8800606,0.0,0.0
2014-06-23 00:00:00+05:30,163.5,167.39999389648438,163.14999389648438,165.3000030517578,152.09994506835938,8765528,0.0,0.0
2014-06-24 00:00:00+05:30,166.10000610351562,168.35000610351562,165.3000030517578,166.8000030517578,153.48011779785156,6166113,0.0,0.0
2014-06-25 00:00:00+05:30,167.0,168.0,165.64999389648438,166.6999969482422,153.38807678222656,4898203,0.0,0.0
2014-06-26 00:00:00+05:30,166.5,168.25,164.0,165.25,152.0539093017578,7655847,0.0,0.0
2014-06-27 00:00:00+05:30,165.10000610351562,165.3000030517578,160.25,160.89999389648438,148.05128479003906,6538554,0.0,0.0
2014-06-30 00:00:00+05:30,160.5,165.3000030517578,160.0,164.1999969482422,151.08773803710938,5259988,0.0,0.0
2014-07-01 00:00:00+05:30,167.1999969482422,177.1999969482422,167.1999969482422,175.25,161.25534057617188,18819612,0.0,0.0
2014-07-02 00:00:00+05:30,177.8000030517578,179.14999389648438,174.0500030517578,178.25,164.01580810546875,11699288,0.0,0.0
2014-07-03 00:00:00+05:30,178.25,180.75,172.85000610351562,173.75,159.87513732910156,12055737,0.0,0.0
2014-07-04 00:00:00+05:30,171.9499969482422,174.5500030517578,171.0500030517578,173.25,159.41506958007812,6733395,0.0,0.0
2014-07-07 00:00:00+05:30,173.4499969482422,175.85000610351562,172.10000610351562,174.5,160.56524658203125,7093773,0.0,0.0
2014-07-08 00:00:00+05:30,174.6999969482422,175.89999389648438,168.14999389648438,169.0,155.50445556640625,6479098,0.0,0.0
2014-07-09 00:00:00+05:30,168.35000610351562,177.60000610351562,167.3000030517578,170.5500030517578,156.9306640625,11753471,0.0,0.0
2014-07-10 00:00:00+05:30,172.0,184.89999389648438,168.3000030517578,176.25,162.17547607421875,13850220,0.0,0.0
2014-07-11 00:00:00+05:30,176.5,177.64999389648438,165.35000610351562,166.75,153.4341278076172,9546897,0.0,0.0
2014-07-14 00:00:00+05:30,165.4499969482422,175.0,165.0,173.39999389648438,159.55307006835938,7338881,0.0,0.0
2014-07-15 00:00:00+05:30,175.39999389648438,176.39999389648438,167.64999389648438,174.6999969482422,160.74928283691406,8803424,0.0,0.0
2014-07-16 00:00:00+05:30,176.0,183.3000030517578,174.3000030517578,182.3000030517578,167.7423553466797,10109551,0.0,0.0
2014-07-17 00:00:00+05:30,183.3000030517578,189.5,180.60000610351562,188.64999389648438,173.5852813720703,11547823,0.0,0.0
2014-07-18 00:00:00+05:30,187.0,187.14999389648438,183.5500030517578,184.60000610351562,169.8587188720703,9555163,0.0,0.0
2014-07-21 00:00:00+05:30,185.85000610351562,186.0,179.1999969482422,183.85000610351562,169.16859436035156,12711833,0.0,0.0
2014-07-22 00:00:00+05:30,184.60000610351562,190.0,183.0,188.25,173.21722412109375,12856830,0.0,0.0
2014-07-23 00:00:00+05:30,189.0,194.5,189.0,193.75,178.27804565429688,16908175,0.0,0.0
2014-07-24 00:00:00+05:30,194.1999969482422,198.89999389648438,192.5,198.0,182.1886444091797,14784601,0.0,0.0
2014-07-25 00:00:00+05:30,198.89999389648438,198.89999389648438,190.5,191.8000030517578,176.48374938964844,14535973,0.0,0.0
2014-07-28 00:00:00+05:30,191.8000030517578,194.39999389648438,186.5,187.8000030517578,172.8031463623047,7659739,0.0,0.0
2014-07-30 00:00:00+05:30,188.0500030517578,193.8000030517578,186.10000610351562,192.60000610351562,177.21987915039062,10593328,0.0,0.0
2014-07-31 00:00:00+05:30,193.10000610351562,195.0,188.64999389648438,191.6999969482422,176.39173889160156,13370034,0.0,0.0
2014-08-01 00:00:00+05:30,189.6999969482422,194.6999969482422,183.14999389648438,184.3000030517578,169.58265686035156,12377607,0.0,0.0
2014-08-04 00:00:00+05:30,184.10000610351562,193.14999389648438,184.10000610351562,190.89999389648438,175.65560913085938,9443678,0.0,0.0
2014-08-05 00:00:00+05:30,191.39999389648438,196.60000610351562,189.10000610351562,195.64999389648438,180.0262908935547,10095697,0.0,0.0
2014-08-06 00:00:00+05:30,194.25,196.6999969482422,190.9499969482422,191.75,176.437744140625,6055467,0.0,0.0
2014-08-07 00:00:00+05:30,192.0,193.35000610351562,188.10000610351562,189.10000610351562,173.9993438720703,7742761,0.0,0.0
2014-08-08 00:00:00+05:30,186.8000030517578,187.1999969482422,180.5500030517578,183.9499969482422,169.26058959960938,9919821,0.0,0.0
2014-08-11 00:00:00+05:30,185.0,187.89999389648438,184.5,185.64999389648438,170.82485961914062,4670064,0.0,0.0
2014-08-12 00:00:00+05:30,187.8000030517578,187.8000030517578,183.3000030517578,185.39999389648438,170.59483337402344,7032239,0.0,0.0
2014-08-13 00:00:00+05:30,184.5500030517578,185.4499969482422,177.14999389648438,180.0500030517578,165.6720428466797,7549317,0.0,0.0
2014-08-14 00:00:00+05:30,180.8000030517578,183.4499969482422,175.75,178.60000610351562,164.33787536621094,14030737,0.0,0.0
2014-08-18 00:00:00+05:30,176.4499969482422,185.25,176.0500030517578,182.25,167.69638061523438,9334923,0.0,0.0
2014-08-19 00:00:00+05:30,182.39999389648438,185.64999389648438,179.8000030517578,180.85000610351562,166.40818786621094,10288612,0.0,0.0
2014-08-20 00:00:00+05:30,180.4499969482422,183.0,179.4499969482422,180.35000610351562,165.94808959960938,10604946,0.0,0.0
2014-08-21 00:00:00+05:30,179.0,182.35000610351562,176.5,177.89999389648438,163.6937255859375,7638544,0.0,0.0
2014-08-22 00:00:00+05:30,178.0500030517578,184.14999389648438,178.0500030517578,182.5,167.92640686035156,8364204,0.0,0.0
2014-08-25 00:00:00+05:30,183.75,184.6999969482422,160.14999389648438,164.85000610351562,151.6858673095703,18698120,0.0,0.0
2014-08-26 00:00:00+05:30,159.0,171.60000610351562,157.6999969482422,170.5,156.88465881347656,22135877,0.0,0.0
2014-08-27 00:00:00+05:30,171.0,173.3000030517578,168.25,172.3000030517578,158.54092407226562,9876204,0.0,0.0
2014-08-28 00:00:00+05:30,171.85000610351562,173.8000030517578,169.5,170.10000610351562,156.5166015625,6182439,0.0,0.0
2014-09-01 00:00:00+05:30,171.89999389648438,178.9499969482422,169.39999389648438,176.14999389648438,162.08346557617188,11752433,0.0,0.0
2014-09-02 00:00:00+05:30,176.0,177.5,173.5,174.85000610351562,160.88729858398438,7741063,0.0,0.0
2014-09-03 00:00:00+05:30,174.0,177.25,173.1999969482422,175.10000610351562,161.1173553466797,8545333,0.0,0.0
2014-09-04 00:00:00+05:30,173.3000030517578,174.9499969482422,165.85000610351562,169.5,155.9645233154297,6861332,0.0,0.0
2014-09-05 00:00:00+05:30,168.5500030517578,172.4499969482422,166.0500030517578,167.6999969482422,154.30825805664062,5787423,0.0,0.0
2014-09-08 00:00:00+05:30,168.10000610351562,174.0,168.10000610351562,173.4499969482422,160.5564727783203,8514685,1.0,0.0
2014-09-09 00:00:00+05:30,172.5,174.9499969482422,169.35000610351562,172.89999389648438,160.04739379882812,7951226,0.0,0.0
2014-09-10 00:00:00+05:30,170.60000610351562,174.89999389648438,170.10000610351562,172.89999389648438,160.04739379882812,4651282,0.0,0.0
2014-09-11 00:00:00+05:30,172.0500030517578,175.4499969482422,171.6999969482422,173.0,160.1399383544922,4690133,0.0,0.0
2014-09-12 00:00:00+05:30,173.0,173.4499969482422,167.10000610351562,168.60000610351562,156.0670166015625,6512210,0.0,0.0
2014-09-15 00:00:00+05:30,167.9499969482422,168.75,162.9499969482422,163.60000610351562,151.43869018554688,8421482,0.0,0.0
2014-09-16 00:00:00+05:30,162.0,165.9499969482422,160.0,160.35000610351562,148.43028259277344,8528462,0.0,0.0
2014-09-17 00:00:00+05:30,162.0500030517578,163.3000030517578,157.0,160.64999389648438,148.70799255371094,7797094,0.0,0.0
2014-09-18 00:00:00+05:30,160.5,165.25,159.4499969482422,163.0,150.88330078125,4836865,0.0,0.0
2014-09-19 00:00:00+05:30,163.3000030517578,166.5,162.10000610351562,164.3000030517578,152.08665466308594,8650571,0.0,0.0
2014-09-22 00:00:00+05:30,164.10000610351562,165.35000610351562,160.25,162.1999969482422,150.1427459716797,5133026,0.0,0.0
2014-09-23 00:00:00+05:30,161.5500030517578,164.0,155.1999969482422,157.14999389648438,145.46815490722656,7484298,0.0,0.0
2014-09-24 00:00:00+05:30,155.60000610351562,162.5,148.6999969482422,156.10000610351562,144.4962158203125,22873474,0.0,0.0
2014-09-25 00:00:00+05:30,154.8000030517578,155.64999389648438,133.0500030517578,149.14999389648438,138.06285095214844,31086655,0.0,0.0
2014-09-26 00:00:00+05:30,146.6999969482422,159.10000610351562,146.10000610351562,157.25,145.56072998046875,13351556,0.0,0.0
2014-09-29 00:00:00+05:30,157.8000030517578,161.64999389648438,153.60000610351562,159.6999969482422,147.8285675048828,9198699,0.0,0.0
2014-09-30 00:00:00+05:30,158.5,163.0,155.89999389648438,156.75,145.097900390625,10734306,0.0,0.0
2014-10-01 00:00:00+05:30,155.1999969482422,158.39999389648438,152.64999389648438,155.25,143.70941162109375,8703260,0.0,0.0
2014-10-07 00:00:00+05:30,153.8000030517578,154.5500030517578,147.25,148.25,137.229736328125,12921339,0.0,0.0
2014-10-08 00:00:00+05:30,146.8000030517578,149.8000030517578,145.6999969482422,148.8000030517578,137.7388916015625,9467940,0.0,0.0
2014-10-09 00:00:00+05:30,151.10000610351562,158.5,151.10000610351562,157.85000610351562,146.11611938476562,12406852,0.0,0.0
2014-10-10 00:00:00+05:30,155.0500030517578,155.0500030517578,149.4499969482422,150.14999389648438,138.98849487304688,10095610,0.0,0.0
2014-10-13 00:00:00+05:30,149.6999969482422,152.0,147.39999389648438,151.10000610351562,139.86785888671875,7777533,0.0,0.0
2014-10-14 00:00:00+05:30,151.60000610351562,155.1999969482422,147.5500030517578,151.0,139.7753448486328,11878963,0.0,0.0
2014-10-15 00:00:00+05:30,151.0,151.0,151.0,151.0,139.7753448486328,0,0.0,0.0
2014-10-16 00:00:00+05:30,151.0,151.0,141.3000030517578,142.39999389648438,131.8146209716797,11734190,0.0,0.0
2014-10-17 00:00:00+05:30,143.0,144.0,138.14999389648438,139.4499969482422,129.08389282226562,13305567,0.0,0.0
2014-10-20 00:00:00+05:30,143.0,147.5500030517578,141.9499969482422,146.5,135.60984802246094,10451491,0.0,0.0
2014-10-21 00:00:00+05:30,147.5500030517578,150.89999389648438,147.0500030517578,147.89999389648438,136.90576171875,8449946,0.0,0.0
2014-10-22 00:00:00+05:30,150.0,151.0,145.5,148.4499969482422,137.41488647460938,7869325,0.0,0.0
2014-10-27 00:00:00+05:30,150.0,151.5,146.5500030517578,147.35000610351562,136.39666748046875,6682773,0.0,0.0
2014-10-28 00:00:00+05:30,146.60000610351562,148.89999389648438,144.64999389648438,147.6999969482422,136.72061157226562,6866486,0.0,0.0
2014-10-29 00:00:00+05:30,148.1999969482422,158.3000030517578,148.1999969482422,156.89999389648438,145.23675537109375,12809507,0.0,0.0
2014-10-30 00:00:00+05:30,156.75,162.0,154.60000610351562,160.35000610351562,148.43028259277344,11033080,0.0,0.0
2014-10-31 00:00:00+05:30,160.1999969482422,164.4499969482422,158.8000030517578,163.6999969482422,151.53125,7740469,0.0,0.0
2014-11-03 00:00:00+05:30,163.10000610351562,166.0,160.5,163.5500030517578,151.39244079589844,7051365,0.0,0.0
2014-11-05 00:00:00+05:30,163.4499969482422,164.0500030517578,155.3000030517578,156.5,144.8665008544922,8390745,0.0,0.0
2014-11-07 00:00:00+05:30,157.0500030517578,160.4499969482422,154.60000610351562,156.10000610351562,144.4962158203125,9383309,0.0,0.0
2014-11-10 00:00:00+05:30,156.5500030517578,157.0,151.5,152.0,140.7009735107422,9011011,0.0,0.0
2014-11-11 00:00:00+05:30,153.0,154.8000030517578,149.64999389648438,151.25,140.00674438476562,11436433,0.0,0.0
2014-11-12 00:00:00+05:30,151.5,153.64999389648438,150.64999389648438,151.3000030517578,140.0530242919922,10127123,0.0,0.0
2014-11-13 00:00:00+05:30,152.3000030517578,154.5,149.60000610351562,151.89999389648438,140.6083984375,13597431,0.0,0.0
2014-11-14 00:00:00+05:30,152.0,158.64999389648438,150.9499969482422,157.3000030517578,145.6070098876953,10434031,0.0,0.0
2014-11-17 00:00:00+05:30,156.14999389648438,159.0500030517578,155.5,158.0500030517578,146.30123901367188,5914642,0.0,0.0
2014-11-18 00:00:00+05:30,157.0,160.75,154.5500030517578,155.3000030517578,143.7556915283203,9471205,0.0,0.0
2014-11-19 00:00:00+05:30,157.5,160.1999969482422,154.0500030517578,154.75,143.24658203125,9177295,0.0,0.0
2014-11-20 00:00:00+05:30,156.5,157.60000610351562,154.10000610351562,156.0,144.40362548828125,6453261,0.0,0.0
2014-11-21 00:00:00+05:30,156.5,161.0,155.89999389648438,160.3000030517578,148.38401794433594,8704409,0.0,0.0
2014-11-24 00:00:00+05:30,162.64999389648438,168.0,161.9499969482422,165.64999389648438,153.33628845214844,10540335,0.0,0.0
2014-11-25 00:00:00+05:30,165.60000610351562,166.5,158.8000030517578,165.5500030517578,153.24374389648438,9865469,0.0,0.0
2014-11-26 00:00:00+05:30,164.60000610351562,169.8000030517578,162.14999389648438,169.14999389648438,156.57614135742188,7594843,0.0,0.0
2014-11-27 00:00:00+05:30,170.0,176.60000610351562,168.8000030517578,172.60000610351562,159.76966857910156,16167478,0.0,0.0
2014-11-28 00:00:00+05:30,173.39999389648438,175.1999969482422,172.10000610351562,174.0500030517578,161.11187744140625,8705076,0.0,0.0
2014-12-01 00:00:00+05:30,173.0,175.0500030517578,165.64999389648438,167.39999389648438,154.9562225341797,9673977,0.0,0.0
2014-12-02 00:00:00+05:30,167.0,172.25,166.0,171.0500030517578,158.3348846435547,9360449,0.0,0.0
2014-12-03 00:00:00+05:30,171.8000030517578,173.0,168.0,169.0500030517578,156.4835968017578,6342942,0.0,0.0
2014-12-04 00:00:00+05:30,170.0500030517578,171.3000030517578,165.3000030517578,165.89999389648438,153.56771850585938,7635372,0.0,0.0
2014-12-05 00:00:00+05:30,167.4499969482422,167.8000030517578,162.89999389648438,163.1999969482422,151.06842041015625,6802949,0.0,0.0
2014-12-08 00:00:00+05:30,162.75,164.85000610351562,157.8000030517578,159.14999389648438,147.3195037841797,9025091,0.0,0.0
2014-12-09 00:00:00+05:30,157.6999969482422,158.75,152.5,154.4499969482422,142.96885681152344,7678563,0.0,0.0
2014-12-10 00:00:00+05:30,154.8000030517578,157.1999969482422,153.1999969482422,154.0,142.5523223876953,4808967,0.0,0.0
2014-12-11 00:00:00+05:30,153.3000030517578,157.0500030517578,151.5,155.5500030517578,143.9871063232422,5043248,0.0,0.0
2014-12-12 00:00:00+05:30,158.0,158.0,152.10000610351562,153.5500030517578,142.13575744628906,6382001,0.0,0.0
2014-12-15 00:00:00+05:30,152.0,155.1999969482422,151.5,153.1999969482422,141.81179809570312,5268900,0.0,0.0
2014-12-16 00:00:00+05:30,151.0,151.85000610351562,141.85000610351562,144.75,133.98989868164062,16684445,0.0,0.0
2014-12-17 00:00:00+05:30,143.0,148.1999969482422,139.0,147.10000610351562,136.1652374267578,11916627,0.0,0.0
2014-12-18 00:00:00+05:30,149.0,154.9499969482422,149.0,152.9499969482422,141.58038330078125,8113040,0.0,0.0
2014-12-19 00:00:00+05:30,152.0,158.5,152.0,157.8000030517578,146.0698699951172,11532006,0.0,0.0
2014-12-22 00:00:00+05:30,156.5,158.85000610351562,154.9499969482422,155.8000030517578,144.218505859375,4714890,0.0,0.0
2014-12-23 00:00:00+05:30,155.10000610351562,155.6999969482422,152.1999969482422,153.10000610351562,141.71923828125,6821884,0.0,0.0
2014-12-24 00:00:00+05:30,153.10000610351562,153.5,149.60000610351562,150.60000610351562,139.4050750732422,8568559,0.0,0.0
2014-12-26 00:00:00+05:30,150.75,153.60000610351562,149.75,152.0,140.7009735107422,4821806,0.0,0.0
2014-12-29 00:00:00+05:30,153.0,157.89999389648438,152.1999969482422,157.0500030517578,145.37562561035156,4804910,0.0,0.0
2014-12-30 00:00:00+05:30,157.10000610351562,157.60000610351562,154.75,156.35000610351562,144.72764587402344,3056250,0.0,0.0
2014-12-31 00:00:00+05:30,156.4499969482422,159.6999969482422,156.39999389648438,157.5500030517578,145.83840942382812,4327309,0.0,0.0
2015-01-01 00:00:00+05:30,157.39999389648438,159.0,155.39999389648438,158.4499969482422,146.67147827148438,2350082,0.0,0.0
2015-01-02 00:00:00+05:30,158.89999389648438,161.1999969482422,158.35000610351562,160.10000610351562,148.19886779785156,2923839,0.0,0.0
2015-01-05 00:00:00+05:30,161.0,161.9499969482422,155.5,156.85000610351562,145.19046020507812,4830121,0.0,0.0
2015-01-06 00:00:00+05:30,156.3000030517578,156.3000030517578,151.14999389648438,153.39999389648438,141.99691772460938,7054029,0.0,0.0
2015-01-07 00:00:00+05:30,153.8000030517578,154.5,146.6999969482422,148.89999389648438,137.8314208984375,6638158,0.0,0.0
2015-01-08 00:00:00+05:30,150.6999969482422,153.1999969482422,148.5500030517578,152.5500030517578,141.2101287841797,3540099,0.0,0.0
2015-01-09 00:00:00+05:30,153.10000610351562,155.25,152.10000610351562,155.0,143.47799682617188,3743205,0.0,0.0
2015-01-12 00:00:00+05:30,155.1999969482422,155.1999969482422,150.5,151.10000610351562,139.86785888671875,4659450,0.0,0.0
2015-01-13 00:00:00+05:30,152.10000610351562,154.39999389648438,150.75,151.6999969482422,140.42327880859375,4324660,0.0,0.0
2015-01-14 00:00:00+05:30,150.9499969482422,151.35000610351562,140.8000030517578,142.14999389648438,131.58316040039062,13580758,0.0,0.0
2015-01-15 00:00:00+05:30,143.5500030517578,145.75,138.35000610351562,141.89999389648438,131.35174560546875,10860317,0.0,0.0
2015-01-16 00:00:00+05:30,141.5,143.39999389648438,137.75,138.5500030517578,128.25079345703125,9096928,0.0,0.0
2015-01-19 00:00:00+05:30,140.9499969482422,141.6999969482422,139.5,140.25,129.82440185546875,8541810,0.0,0.0
2015-01-20 00:00:00+05:30,141.0,145.1999969482422,141.0,144.6999969482422,133.9436492919922,8856169,0.0,0.0
2015-01-21 00:00:00+05:30,145.64999389648438,146.35000610351562,140.5,143.1999969482422,132.55514526367188,8871757,0.0,0.0
2015-01-22 00:00:00+05:30,143.0500030517578,144.89999389648438,141.10000610351562,143.4499969482422,132.7865753173828,6918171,0.0,0.0
2015-01-23 00:00:00+05:30,145.60000610351562,146.25,142.10000610351562,144.8000030517578,134.03622436523438,6943971,0.0,0.0
2015-01-27 00:00:00+05:30,139.89999389648438,144.5,139.0,142.5,131.9071502685547,7886739,0.0,0.0
2015-01-28 00:00:00+05:30,141.75,143.10000610351562,139.64999389648438,140.14999389648438,129.7318572998047,7496686,0.0,0.0
2015-01-29 00:00:00+05:30,139.89999389648438,142.89999389648438,138.25,142.39999389648438,131.8146209716797,10636771,0.0,0.0
2015-01-30 00:00:00+05:30,143.0,143.10000610351562,138.60000610351562,139.6999969482422,129.31532287597656,7570814,0.0,0.0
2015-02-02 00:00:00+05:30,140.0,145.6999969482422,139.5,145.25,134.45274353027344,7296741,0.0,0.0
2015-02-03 00:00:00+05:30,145.85000610351562,148.5,142.89999389648438,146.4499969482422,135.56353759765625,6262548,0.0,0.0
2015-02-04 00:00:00+05:30,147.0,153.8000030517578,146.0,152.39999389648438,141.07127380371094,8349284,0.0,0.0
2015-02-05 00:00:00+05:30,152.3000030517578,153.89999389648438,146.75,148.0500030517578,137.04461669921875,6672029,0.0,0.0
2015-02-06 00:00:00+05:30,148.0,150.0,145.64999389648438,147.3000030517578,136.3503875732422,5623571,0.0,0.0
2015-02-09 00:00:00+05:30,146.3000030517578,149.0,145.5,146.5500030517578,135.6561279296875,9737189,0.0,0.0
2015-02-10 00:00:00+05:30,148.5,153.6999969482422,146.5500030517578,149.1999969482422,138.10914611816406,8706407,0.0,0.0
2015-02-11 00:00:00+05:30,149.5500030517578,151.5,147.0500030517578,149.85000610351562,138.71078491210938,6154345,0.0,0.0
2015-02-12 00:00:00+05:30,151.8000030517578,153.39999389648438,149.0500030517578,152.8000030517578,141.4415283203125,10713094,0.0,0.0
2015-02-13 00:00:00+05:30,153.0,156.10000610351562,152.0,153.5500030517578,142.13575744628906,5666609,0.0,0.0
2015-02-16 00:00:00+05:30,157.0,158.0,150.25,150.9499969482422,139.7290496826172,4949268,0.0,0.0
2015-02-18 00:00:00+05:30,151.0,152.4499969482422,149.60000610351562,151.64999389648438,140.3769989013672,3717870,0.0,0.0
2015-02-19 00:00:00+05:30,151.0,157.8000030517578,150.10000610351562,156.25,144.63504028320312,8185032,0.0,0.0
2015-02-20 00:00:00+05:30,158.0,160.6999969482422,155.1999969482422,156.5500030517578,144.9127655029297,6630757,0.0,0.0
2015-02-23 00:00:00+05:30,161.60000610351562,161.8000030517578,154.1999969482422,154.85000610351562,143.33912658691406,6743403,0.0,0.0
2015-02-24 00:00:00+05:30,155.0,156.89999389648438,151.39999389648438,153.64999389648438,142.2283477783203,6455384,0.0,0.0
2015-02-25 00:00:00+05:30,154.60000610351562,155.4499969482422,152.25,153.64999389648438,142.2283477783203,3479311,0.0,0.0
2015-02-26 00:00:00+05:30,153.10000610351562,154.0,148.0,149.75,138.61825561523438,9010829,0.0,0.0
2015-02-27 00:00:00+05:30,150.5500030517578,155.8000030517578,149.8000030517578,155.14999389648438,143.61685180664062,6534491,0.0,0.0
2015-03-02 00:00:00+05:30,154.1999969482422,157.39999389648438,153.5,156.5500030517578,144.9127655029297,4452819,0.0,0.0
2015-03-03 00:00:00+05:30,157.5,159.3000030517578,156.14999389648438,158.6999969482422,146.90293884277344,3718817,0.0,0.0
2015-03-04 00:00:00+05:30,160.0,160.0,152.3000030517578,153.10000610351562,141.71923828125,5559004,0.0,0.0
2015-03-05 00:00:00+05:30,153.0500030517578,154.0,146.89999389648438,148.10000610351562,137.0908966064453,8404364,0.0,0.0
2015-03-09 00:00:00+05:30,149.39999389648438,149.85000610351562,140.0,140.8000030517578,130.33355712890625,8031261,0.0,0.0
2015-03-10 00:00:00+05:30,142.60000610351562,142.60000610351562,136.64999389648438,138.0500030517578,127.78797912597656,6588296,0.0,0.0
2015-03-11 00:00:00+05:30,138.85000610351562,138.85000610351562,127.19999694824219,130.35000610351562,120.66035461425781,21561044,0.0,0.0
2015-03-12 00:00:00+05:30,131.75,135.6999969482422,129.10000610351562,134.89999389648438,124.87212371826172,14242872,0.0,0.0
2015-03-13 00:00:00+05:30,136.6999969482422,136.75,131.0500030517578,131.6999969482422,121.90999603271484,6690050,0.0,0.0
2015-03-16 00:00:00+05:30,131.0,131.39999389648438,123.0999984741211,126.80000305175781,117.37425231933594,10785285,0.0,0.0
2015-03-17 00:00:00+05:30,128.0,134.75,126.80000305175781,134.25,124.27043151855469,9699896,0.0,0.0
2015-03-18 00:00:00+05:30,134.0,134.8000030517578,131.8000030517578,133.14999389648438,123.25221252441406,4154051,0.0,0.0
2015-03-19 00:00:00+05:30,134.0,136.1999969482422,131.3000030517578,132.3000030517578,122.46540832519531,4626972,0.0,0.0
2015-03-20 00:00:00+05:30,132.14999389648438,135.0,130.5500030517578,132.0500030517578,122.23400115966797,4836454,0.0,0.0
2015-03-23 00:00:00+05:30,131.9499969482422,136.8000030517578,131.9499969482422,135.89999389648438,125.79778289794922,6306085,0.0,0.0
2015-03-24 00:00:00+05:30,135.8000030517578,135.89999389648438,132.0,132.85000610351562,122.97452545166016,4386125,0.0,0.0
2015-03-25 00:00:00+05:30,133.0,134.4499969482422,132.35000610351562,132.89999389648438,123.02079010009766,2895061,0.0,0.0
2015-03-26 00:00:00+05:30,132.39999389648438,133.39999389648438,128.5500030517578,129.5500030517578,119.9198226928711,7955596,0.0,0.0
2015-03-27 00:00:00+05:30,131.0,134.4499969482422,130.0500030517578,133.9499969482422,123.99275207519531,5241353,0.0,0.0
2015-03-30 00:00:00+05:30,134.25,134.6999969482422,130.3000030517578,131.14999389648438,121.40089416503906,3651285,0.0,0.0
2015-03-31 00:00:00+05:30,133.0,133.4499969482422,128.39999389648438,129.0,119.41070556640625,8516432,0.0,0.0
2015-04-01 00:00:00+05:30,129.0,132.89999389648438,127.5,132.1999969482422,122.37283325195312,7180617,0.0,0.0
2015-04-06 00:00:00+05:30,133.39999389648438,135.10000610351562,132.0,134.6999969482422,124.68699645996094,5542921,0.0,0.0
2015-04-07 00:00:00+05:30,135.0,137.5500030517578,134.1999969482422,136.9499969482422,126.76973724365234,6514199,0.0,0.0
2015-04-08 00:00:00+05:30,137.25,138.89999389648438,136.14999389648438,137.9499969482422,127.69539642333984,6176434,0.0,0.0
2015-04-09 00:00:00+05:30,138.60000610351562,140.85000610351562,136.60000610351562,139.89999389648438,129.50045776367188,6142066,0.0,0.0
2015-04-10 00:00:00+05:30,139.0,139.1999969482422,137.0500030517578,137.89999389648438,127.64912414550781,4860480,0.0,0.0
2015-04-13 00:00:00+05:30,138.0,138.9499969482422,135.10000610351562,136.10000610351562,125.98294067382812,5017864,0.0,0.0
2015-04-15 00:00:00+05:30,136.0,137.39999389648438,134.60000610351562,135.14999389648438,125.10353088378906,8714291,0.0,0.0
2015-04-16 00:00:00+05:30,135.85000610351562,137.89999389648438,135.39999389648438,137.14999389648438,126.95490264892578,5457847,0.0,0.0
2015-04-17 00:00:00+05:30,138.0,141.6999969482422,137.60000610351562,139.75,129.36158752441406,8674061,0.0,0.0
2015-04-20 00:00:00+05:30,140.89999389648438,141.6999969482422,137.1999969482422,138.25,127.97309875488281,5669966,0.0,0.0
2015-04-21 00:00:00+05:30,138.39999389648438,139.35000610351562,133.6999969482422,134.3000030517578,124.3167495727539,6236971,0.0,0.0
2015-04-22 00:00:00+05:30,133.5,135.5,132.60000610351562,134.64999389648438,124.64071655273438,6263990,0.0,0.0
2015-04-23 00:00:00+05:30,135.5,137.0,133.8000030517578,135.0500030517578,125.01100158691406,6782890,0.0,0.0
2015-04-24 00:00:00+05:30,134.85000610351562,135.8000030517578,130.10000610351562,131.14999389648438,121.40089416503906,7487405,0.0,0.0
2015-04-27 00:00:00+05:30,132.0,132.9499969482422,128.25,130.0500030517578,120.38265991210938,4805160,0.0,0.0
2015-04-28 00:00:00+05:30,130.89999389648438,132.4499969482422,129.60000610351562,131.35000610351562,121.58602905273438,6154792,0.0,0.0
2015-04-29 00:00:00+05:30,131.39999389648438,131.39999389648438,128.6999969482422,130.60000610351562,120.89177703857422,7223085,0.0,0.0
2015-04-30 00:00:00+05:30,130.0,130.89999389648438,127.05000305175781,128.60000610351562,119.04045104980469,11618447,0.0,0.0
2015-05-04 00:00:00+05:30,130.39999389648438,133.60000610351562,129.5,133.14999389648438,123.25221252441406,4003261,0.0,0.0
2015-05-05 00:00:00+05:30,133.4499969482422,140.1999969482422,132.35000610351562,139.35000610351562,128.99134826660156,8946517,0.0,0.0
2015-05-06 00:00:00+05:30,138.89999389648438,142.0,135.0500030517578,137.75,127.5102767944336,9503948,0.0,0.0
2015-05-07 00:00:00+05:30,136.89999389648438,136.89999389648438,132.25,134.3000030517578,124.3167495727539,5764064,0.0,0.0
2015-05-08 00:00:00+05:30,135.1999969482422,139.5,134.85000610351562,138.9499969482422,128.62109375,4144037,0.0,0.0
2015-05-11 00:00:00+05:30,140.8000030517578,145.10000610351562,140.1999969482422,142.5,131.9071502685547,6190079,0.0,0.0
2015-05-12 00:00:00+05:30,142.39999389648438,142.5,136.1999969482422,137.60000610351562,127.37142944335938,5822453,0.0,0.0
2015-05-13 00:00:00+05:30,134.89999389648438,136.39999389648438,131.75,133.5,123.57618713378906,9200683,0.0,0.0
2015-05-14 00:00:00+05:30,134.10000610351562,138.0,132.5,137.4499969482422,127.23260498046875,3697331,0.0,0.0
2015-05-15 00:00:00+05:30,137.6999969482422,138.75,134.5500030517578,137.0,126.81602478027344,3519076,0.0,0.0
2015-05-18 00:00:00+05:30,138.0,141.85000610351562,137.89999389648438,139.10000610351562,128.75990295410156,5044666,0.0,0.0
2015-05-19 00:00:00+05:30,138.85000610351562,140.5500030517578,136.60000610351562,139.9499969482422,129.54673767089844,4364176,0.0,0.0
2015-05-20 00:00:00+05:30,140.64999389648438,140.64999389648438,138.14999389648438,138.9499969482422,128.62109375,3050410,0.0,0.0
2015-05-21 00:00:00+05:30,137.6999969482422,139.89999389648438,136.25,139.10000610351562,128.75990295410156,3942179,0.0,0.0
2015-05-22 00:00:00+05:30,139.0,139.0,136.5,136.89999389648438,126.72345733642578,2577977,0.0,0.0
2015-05-25 00:00:00+05:30,136.75,138.39999389648438,133.89999389648438,134.5,124.50187683105469,2879752,0.0,0.0
2015-05-26 00:00:00+05:30,135.14999389648438,135.64999389648438,133.1999969482422,134.3000030517578,124.3167495727539,2693352,0.0,0.0
2015-05-27 00:00:00+05:30,133.0,134.60000610351562,132.1999969482422,133.5500030517578,123.62249755859375,3168751,0.0,0.0
2015-05-28 00:00:00+05:30,132.60000610351562,134.0,129.8000030517578,131.60000610351562,121.81745147705078,10174628,0.0,0.0
2015-05-29 00:00:00+05:30,130.9499969482422,133.1999969482422,128.5500030517578,129.25,119.64214324951172,11477479,0.0,0.0
2015-06-01 00:00:00+05:30,128.75,129.8000030517578,127.75,128.35000610351562,118.80903625488281,3272418,0.0,0.0
2015-06-02 00:00:00+05:30,128.9499969482422,129.1999969482422,122.9000015258789,123.25,114.08815002441406,4980345,0.0,0.0
2015-06-03 00:00:00+05:30,124.05000305175781,124.9000015258789,120.0,121.94999694824219,112.884765625,3508099,0.0,0.0
2015-06-04 00:00:00+05:30,122.30000305175781,123.55000305175781,119.0,121.30000305175781,112.28309631347656,3192106,0.0,0.0
2015-06-05 00:00:00+05:30,120.94999694824219,122.30000305175781,119.1500015258789,120.1500015258789,111.21858215332031,4163808,0.0,0.0
2015-06-08 00:00:00+05:30,120.25,121.1500015258789,117.69999694824219,118.19999694824219,109.41352844238281,4663365,0.0,0.0
2015-06-09 00:00:00+05:30,118.0,121.30000305175781,117.55000305175781,120.0999984741211,111.17228698730469,4663442,0.0,0.0
2015-06-10 00:00:00+05:30,120.5,121.80000305175781,119.6500015258789,120.30000305175781,111.35742950439453,3297811,0.0,0.0
2015-06-11 00:00:00+05:30,120.69999694824219,121.5,118.5999984741211,119.19999694824219,110.33919525146484,4749485,0.0,0.0
2015-06-12 00:00:00+05:30,118.75,119.25,116.0999984741211,116.75,108.0713119506836,5422403,0.0,0.0
2015-06-15 00:00:00+05:30,116.19999694824219,117.1500015258789,113.80000305175781,114.30000305175781,105.8034439086914,4287348,0.0,0.0
2015-06-16 00:00:00+05:30,114.6500015258789,115.5,113.5999984741211,115.0,106.45140075683594,5266441,0.0,0.0
2015-06-17 00:00:00+05:30,115.0,119.1500015258789,114.80000305175781,118.55000305175781,109.73751068115234,5112962,0.0,0.0
2015-06-18 00:00:00+05:30,118.5,120.5999984741211,117.6500015258789,120.0,111.0797348022461,4713738,0.0,0.0
2015-06-19 00:00:00+05:30,122.8499984741211,123.4000015258789,120.0,120.80000305175781,111.82026672363281,7892805,0.0,0.0
2015-06-22 00:00:00+05:30,121.0,122.0,119.9000015258789,121.19999694824219,112.19052124023438,2533356,0.0,0.0
2015-06-23 00:00:00+05:30,122.5999984741211,124.44999694824219,121.25,121.5999984741211,112.56078338623047,4076380,0.0,0.0
2015-06-24 00:00:00+05:30,121.94999694824219,122.75,116.5999984741211,117.25,108.53414916992188,3604713,0.0,0.0
2015-06-25 00:00:00+05:30,117.0,118.5,115.6500015258789,118.0,109.22838592529297,5509978,0.0,0.0
2015-06-26 00:00:00+05:30,117.9000015258789,118.3499984741211,115.94999694824219,117.0,108.30274200439453,4253624,0.0,0.0
2015-06-29 00:00:00+05:30,115.0,115.19999694824219,111.0,112.8499984741211,104.46123504638672,6441434,0.0,0.0
2015-06-30 00:00:00+05:30,112.9000015258789,113.5,111.25,111.9000015258789,103.58185577392578,7516460,0.0,0.0
2015-07-01 00:00:00+05:30,112.30000305175781,113.9000015258789,112.1500015258789,113.05000305175781,104.64635467529297,3867419,0.0,0.0
2015-07-02 00:00:00+05:30,113.55000305175781,114.5999984741211,110.69999694824219,111.05000305175781,102.79502868652344,4764056,0.0,0.0
2015-07-03 00:00:00+05:30,111.0,111.44999694824219,109.6500015258789,110.5999984741211,102.37847900390625,4606491,0.0,0.0
2015-07-06 00:00:00+05:30,108.19999694824219,109.5,107.25,109.05000305175781,100.9437026977539,4509017,0.0,0.0
2015-07-07 00:00:00+05:30,108.9000015258789,109.0,106.69999694824219,107.1500015258789,99.18494415283203,5412336,0.0,0.0
2015-07-08 00:00:00+05:30,105.5,105.5,99.05000305175781,101.8499984741211,94.27892303466797,12611248,0.0,0.0
2015-07-09 00:00:00+05:30,102.19999694824219,104.9000015258789,100.69999694824219,104.0,96.26909637451172,6650883,0.0,0.0
2015-07-10 00:00:00+05:30,105.0,105.3499984741211,102.3499984741211,104.5999984741211,96.82449340820312,3399973,0.0,0.0
2015-07-13 00:00:00+05:30,104.19999694824219,106.94999694824219,102.1500015258789,106.6500015258789,98.72211456298828,4140433,0.0,0.0
2015-07-14 00:00:00+05:30,106.5999984741211,106.75,104.30000305175781,104.5999984741211,96.82449340820312,3600749,0.0,0.0
2015-07-15 00:00:00+05:30,104.69999694824219,106.4000015258789,104.69999694824219,105.55000305175781,97.70387268066406,2290566,0.0,0.0
2015-07-16 00:00:00+05:30,105.75,107.05000305175781,104.5999984741211,106.69999694824219,98.76839447021484,2705253,0.0,0.0
2015-07-17 00:00:00+05:30,107.0999984741211,108.25,106.1500015258789,107.19999694824219,99.2312240600586,3325040,0.0,0.0
2015-07-20 00:00:00+05:30,107.5,110.30000305175781,107.0999984741211,109.4000015258789,101.26768493652344,4352389,0.0,0.0
2015-07-21 00:00:00+05:30,109.0999984741211,111.75,106.05000305175781,108.0999984741211,100.0643310546875,6584314,0.0,0.0
2015-07-22 00:00:00+05:30,107.9000015258789,108.9000015258789,105.55000305175781,107.69999694824219,99.69405364990234,3385362,0.0,0.0
2015-07-23 00:00:00+05:30,107.94999694824219,109.30000305175781,106.44999694824219,108.69999694824219,100.61971282958984,2382191,0.0,0.0
2015-07-24 00:00:00+05:30,108.0,110.25,107.75,109.3499984741211,101.22140502929688,3081533,0.0,0.0
2015-07-27 00:00:00+05:30,108.5,108.5,103.94999694824219,104.4000015258789,96.6393814086914,6011766,0.0,0.0
2015-07-28 00:00:00+05:30,103.1500015258789,106.6500015258789,102.25,105.5,97.6575927734375,4192798,0.0,0.0
2015-07-29 00:00:00+05:30,105.80000305175781,108.1500015258789,105.69999694824219,106.55000305175781,98.62955474853516,4721020,0.0,0.0
2015-07-30 00:00:00+05:30,106.8499984741211,107.30000305175781,104.25,104.69999694824219,96.91706848144531,8222321,0.0,0.0
2015-07-31 00:00:00+05:30,105.5,107.30000305175781,104.5,105.19999694824219,97.3798828125,5201040,0.0,0.0
2015-08-03 00:00:00+05:30,105.25,106.5,104.69999694824219,105.69999694824219,97.84272003173828,2485343,0.0,0.0
2015-08-04 00:00:00+05:30,106.0,110.4000015258789,105.75,109.25,101.12882995605469,4300456,0.0,0.0
2015-08-05 00:00:00+05:30,110.0,111.9000015258789,107.8499984741211,108.25,100.20317077636719,4508245,0.0,0.0
2015-08-06 00:00:00+05:30,108.94999694824219,110.0,107.5,108.69999694824219,100.61971282958984,2977481,0.0,0.0
2015-08-07 00:00:00+05:30,108.1500015258789,112.25,108.0,109.55000305175781,101.40653991699219,3542555,0.0,0.0
2015-08-10 00:00:00+05:30,110.0,111.75,106.75,107.80000305175781,99.78661346435547,3049401,0.0,0.0
2015-08-11 00:00:00+05:30,108.0,108.30000305175781,102.8499984741211,103.25,95.5748519897461,4765889,0.0,0.0
2015-08-12 00:00:00+05:30,102.80000305175781,102.9000015258789,95.55000305175781,95.9000015258789,88.77122497558594,11715218,0.0,0.0
2015-08-13 00:00:00+05:30,97.0,98.0,90.4000015258789,90.80000305175781,84.05032348632812,9789915,0.0,0.0
2015-08-14 00:00:00+05:30,91.0,95.3499984741211,89.5,93.1500015258789,86.22563171386719,11777040,0.0,0.0
2015-08-17 00:00:00+05:30,93.5,93.69999694824219,89.69999694824219,90.6500015258789,83.9114761352539,6356760,0.0,0.0
2015-08-18 00:00:00+05:30,91.5999984741211,92.94999694824219,87.9000015258789,88.9000015258789,82.29155731201172,8355260,0.0,0.0
2015-08-19 00:00:00+05:30,88.9000015258789,88.9000015258789,85.80000305175781,86.1500015258789,79.74598693847656,9032174,0.0,0.0
2015-08-20 00:00:00+05:30,86.0,86.25,83.5999984741211,84.94999694824219,78.63519287109375,8280327,0.0,0.0
2015-08-21 00:00:00+05:30,83.0,86.30000305175781,82.05000305175781,86.0,79.60713958740234,11079753,0.0,0.0
2015-08-24 00:00:00+05:30,83.5,83.5,76.0999984741211,78.6500015258789,72.80350494384766,10640052,0.0,0.0
2015-08-25 00:00:00+05:30,81.25,82.25,75.25,80.44999694824219,74.46969604492188,9592625,0.0,0.0
2015-08-26 00:00:00+05:30,80.69999694824219,81.80000305175781,79.0,80.4000015258789,74.42343139648438,7083082,0.0,0.0
2015-08-27 00:00:00+05:30,82.9000015258789,82.9000015258789,79.1500015258789,80.6500015258789,74.65483856201172,10675016,0.0,0.0
2015-08-28 00:00:00+05:30,83.30000305175781,84.69999694824219,80.0999984741211,81.6500015258789,75.58050537109375,11959033,0.0,0.0
2015-08-31 00:00:00+05:30,81.05000305175781,82.69999694824219,79.75,80.05000305175781,74.09943389892578,7893204,0.0,0.0
2015-09-01 00:00:00+05:30,79.44999694824219,79.5999984741211,75.5999984741211,75.94999694824219,70.30419921875,9754819,0.0,0.0
2015-09-02 00:00:00+05:30,76.0999984741211,76.9000015258789,74.1500015258789,74.3499984741211,68.8231430053711,11987371,0.0,0.0
2015-09-03 00:00:00+05:30,75.19999694824219,78.3499984741211,75.0,77.19999694824219,71.46129608154297,8897644,0.0,0.0
2015-09-04 00:00:00+05:30,76.94999694824219,77.0,73.5,73.9000015258789,68.40660858154297,9254943,0.0,0.0
2015-09-07 00:00:00+05:30,74.1500015258789,74.25,71.4000015258789,71.55000305175781,67.13983154296875,5573543,1.0,0.0
2015-09-08 00:00:00+05:30,72.3499984741211,74.5,71.5999984741211,72.69999694824219,68.21894073486328,8371762,0.0,0.0
2015-09-09 00:00:00+05:30,75.1500015258789,79.19999694824219,74.0,78.5999984741211,73.75525665283203,15543929,0.0,0.0
2015-09-10 00:00:00+05:30,76.5,77.1500015258789,74.44999694824219,76.5,71.78469848632812,9452127,0.0,0.0
2015-09-11 00:00:00+05:30,77.80000305175781,78.0999984741211,75.55000305175781,76.0999984741211,71.40937042236328,6938110,0.0,0.0
2015-09-14 00:00:00+05:30,76.80000305175781,79.1500015258789,75.9000015258789,78.6500015258789,73.80218505859375,6215669,0.0,0.0
2015-09-15 00:00:00+05:30,78.30000305175781,78.6500015258789,75.69999694824219,76.25,71.55011749267578,6194943,0.0,0.0
2015-09-16 00:00:00+05:30,77.5,78.25,75.25,77.25,72.48847961425781,6409074,0.0,0.0
2015-09-18 00:00:00+05:30,77.9000015258789,79.0,75.3499984741211,75.9000015258789,71.22169494628906,10191740,0.0,0.0
2015-09-21 00:00:00+05:30,75.25,78.80000305175781,74.19999694824219,78.0999984741211,73.28608703613281,7954972,0.0,0.0
2015-09-22 00:00:00+05:30,76.94999694824219,77.0,72.75,73.19999694824219,68.68810272216797,10220655,0.0,0.0
2015-09-23 00:00:00+05:30,72.0,74.25,71.30000305175781,72.94999694824219,68.45352172851562,6112851,0.0,0.0
2015-09-24 00:00:00+05:30,73.30000305175781,73.44999694824219,71.19999694824219,71.4000015258789,66.99906158447266,6783348,0.0,0.0
2015-09-28 00:00:00+05:30,71.9000015258789,73.0,70.25,70.55000305175781,66.20146179199219,6132965,0.0,0.0
2015-09-29 00:00:00+05:30,69.5,69.80000305175781,67.5,68.19999694824219,63.99628829956055,9667246,0.0,0.0
2015-09-30 00:00:00+05:30,69.4000015258789,71.5,69.0,70.80000305175781,66.43605041503906,7662075,0.0,0.0
2015-10-01 00:00:00+05:30,71.6500015258789,72.0999984741211,70.25,70.9000015258789,66.52986907958984,4570648,0.0,0.0
2015-10-05 00:00:00+05:30,71.94999694824219,74.4000015258789,71.3499984741211,74.0,69.43878936767578,6499084,0.0,0.0
2015-10-06 00:00:00+05:30,74.8499984741211,75.6500015258789,73.55000305175781,75.0,70.37715148925781,5594644,0.0,0.0
2015-10-07 00:00:00+05:30,75.0,83.4000015258789,74.4000015258789,81.9000015258789,76.85187530517578,20395886,0.0,0.0
2015-10-08 00:00:00+05:30,82.0,84.30000305175781,80.4000015258789,82.3499984741211,77.27413177490234,16159275,0.0,0.0
2015-10-09 00:00:00+05:30,83.0999984741211,85.5,82.80000305175781,83.94999694824219,78.77549743652344,13467309,0.0,0.0
2015-10-12 00:00:00+05:30,84.69999694824219,92.4000015258789,84.55000305175781,88.6500015258789,83.18580627441406,26948602,0.0,0.0
2015-10-13 00:00:00+05:30,81.0,86.69999694824219,81.0,86.1500015258789,80.83988189697266,18613124,0.0,0.0
2015-10-14 00:00:00+05:30,85.4000015258789,90.75,85.25,88.5999984741211,83.13888549804688,14422511,0.0,0.0
2015-10-15 00:00:00+05:30,89.30000305175781,91.5,86.30000305175781,87.80000305175781,82.3882064819336,16205040,0.0,0.0
2015-10-16 00:00:00+05:30,89.25,89.4000015258789,86.05000305175781,87.75,82.3412857055664,9119969,0.0,0.0
2015-10-19 00:00:00+05:30,88.0,88.5,86.5,86.75,81.40291595458984,4943125,0.0,0.0
2015-10-20 00:00:00+05:30,86.69999694824219,86.69999694824219,84.05000305175781,84.44999694824219,79.24468994140625,8452425,0.0,0.0
2015-10-21 00:00:00+05:30,84.44999694824219,86.5999984741211,84.0999984741211,85.55000305175781,80.2768783569336,7239578,0.0,0.0
2015-10-23 00:00:00+05:30,87.19999694824219,87.4000015258789,84.6500015258789,85.0999984741211,79.8546142578125,7207731,0.0,0.0
2015-10-26 00:00:00+05:30,86.30000305175781,86.9000015258789,84.8499984741211,85.4000015258789,80.13613891601562,5855329,0.0,0.0
2015-10-27 00:00:00+05:30,85.0,86.0999984741211,83.19999694824219,84.4000015258789,79.19776153564453,9200960,0.0,0.0
2015-10-28 00:00:00+05:30,84.0,85.19999694824219,84.0,84.5,79.29159545898438,5213212,0.0,0.0
2015-10-29 00:00:00+05:30,84.75,85.0,83.0,83.25,78.11865997314453,6610339,0.0,0.0
2015-10-30 00:00:00+05:30,83.5,86.9000015258789,83.05000305175781,84.05000305175781,78.86934661865234,10426450,0.0,0.0
2015-11-02 00:00:00+05:30,83.9000015258789,84.25,80.0999984741211,80.94999694824219,75.96041107177734,6934948,0.0,0.0
2015-11-03 00:00:00+05:30,81.8499984741211,84.4000015258789,81.69999694824219,82.3499984741211,77.27413177490234,10902466,0.0,0.0
2015-11-04 00:00:00+05:30,83.5,83.9000015258789,81.5,81.8499984741211,76.80493927001953,6302042,0.0,0.0
2015-11-05 00:00:00+05:30,81.75,82.4000015258789,80.80000305175781,81.05000305175781,76.05426025390625,4001045,0.0,0.0
2015-11-06 00:00:00+05:30,81.0999984741211,82.25,80.0,80.9000015258789,75.91349792480469,6199574,0.0,0.0
2015-11-09 00:00:00+05:30,78.0,80.75,78.0,79.94999694824219,75.02205657958984,6902286,0.0,0.0
2015-11-10 00:00:00+05:30,78.1500015258789,82.80000305175781,77.0999984741211,79.25,74.36519622802734,18103849,0.0,0.0
2015-11-13 00:00:00+05:30,79.0,80.25,77.1500015258789,77.4000015258789,72.6292495727539,11899968,0.0,0.0
2015-11-16 00:00:00+05:30,76.94999694824219,79.5,76.4000015258789,79.05000305175781,74.17752838134766,11401155,0.0,0.0
2015-11-17 00:00:00+05:30,79.80000305175781,82.44999694824219,79.25,80.8499984741211,75.8665771484375,11768848,0.0,0.0
2015-11-18 00:00:00+05:30,80.8499984741211,81.30000305175781,76.30000305175781,76.55000305175781,71.83161926269531,13878123,0.0,0.0
2015-11-19 00:00:00+05:30,77.80000305175781,78.9000015258789,75.4000015258789,78.4000015258789,73.56759643554688,13759182,0.0,0.0
2015-11-20 00:00:00+05:30,78.3499984741211,79.4000015258789,76.8499984741211,77.19999694824219,72.44155883789062,14167159,0.0,0.0
2015-11-23 00:00:00+05:30,77.05000305175781,77.30000305175781,73.80000305175781,74.25,69.67338562011719,11048526,0.0,0.0
2015-11-24 00:00:00+05:30,73.5999984741211,74.55000305175781,73.19999694824219,73.5999984741211,69.06344604492188,9426757,0.0,0.0
2015-11-26 00:00:00+05:30,74.0,75.5,73.8499984741211,75.0999984741211,70.47099304199219,7517900,0.0,0.0
2015-11-27 00:00:00+05:30,75.30000305175781,79.0999984741211,75.19999694824219,77.6500015258789,72.86383056640625,12432617,0.0,0.0
2015-11-30 00:00:00+05:30,77.4000015258789,77.9000015258789,76.5999984741211,77.05000305175781,72.3008041381836,10087833,0.0,0.0
2015-12-01 00:00:00+05:30,77.5999984741211,79.80000305175781,77.5,79.55000305175781,74.64669799804688,8171916,0.0,0.0
2015-12-02 00:00:00+05:30,80.0,81.19999694824219,79.9000015258789,80.44999694824219,75.4912338256836,8880279,0.0,0.0
2015-12-03 00:00:00+05:30,79.55000305175781,81.6500015258789,78.5999984741211,79.19999694824219,74.31827545166016,11515236,0.0,0.0
2015-12-04 00:00:00+05:30,78.8499984741211,80.0999984741211,78.19999694824219,79.05000305175781,74.17752838134766,6152914,0.0,0.0
2015-12-07 00:00:00+05:30,79.80000305175781,80.5999984741211,78.9000015258789,79.25,74.36519622802734,6293540,0.0,0.0
2015-12-08 00:00:00+05:30,78.5,78.75,75.69999694824219,76.0,71.31551361083984,7459812,0.0,0.0
2015-12-09 00:00:00+05:30,75.5,75.6500015258789,73.0,73.75,69.20420837402344,7645728,0.0,0.0
2015-12-10 00:00:00+05:30,74.69999694824219,76.1500015258789,74.5,75.69999694824219,71.03401947021484,7082364,0.0,0.0
2015-12-11 00:00:00+05:30,76.0,77.19999694824219,74.69999694824219,76.25,71.55011749267578,9056848,0.0,0.0
2015-12-14 00:00:00+05:30,76.0,79.25,75.75,78.80000305175781,73.94293212890625,10437559,0.0,0.0
2015-12-15 00:00:00+05:30,79.0999984741211,79.30000305175781,77.25,79.0,74.1305923461914,5371495,0.0,0.0
2015-12-16 00:00:00+05:30,79.3499984741211,80.19999694824219,78.3499984741211,78.55000305175781,73.70833587646484,5407666,0.0,0.0
2015-12-17 00:00:00+05:30,78.8499984741211,81.6500015258789,78.6500015258789,81.30000305175781,76.28886413574219,12765646,0.0,0.0
2015-12-18 00:00:00+05:30,81.19999694824219,82.0,79.5999984741211,79.9000015258789,74.97513580322266,9069541,0.0,0.0
2015-12-21 00:00:00+05:30,80.19999694824219,81.80000305175781,80.19999694824219,81.30000305175781,76.28886413574219,7868108,0.0,0.0
2015-12-22 00:00:00+05:30,81.1500015258789,81.75,79.19999694824219,79.5999984741211,74.69361877441406,5451649,0.0,0.0
2015-12-23 00:00:00+05:30,80.5999984741211,84.19999694824219,80.19999694824219,83.9000015258789,78.72859191894531,12159348,0.0,0.0
2015-12-24 00:00:00+05:30,84.55000305175781,85.6500015258789,83.75,85.25,79.9953842163086,11012588,0.0,0.0
2015-12-28 00:00:00+05:30,85.69999694824219,86.0,84.30000305175781,84.94999694824219,79.7138671875,6753979,0.0,0.0
2015-12-29 00:00:00+05:30,85.25,85.5,84.1500015258789,84.4000015258789,79.19776153564453,5043169,0.0,0.0
2015-12-30 00:00:00+05:30,84.69999694824219,85.69999694824219,84.0999984741211,84.69999694824219,79.4792709350586,6327517,0.0,0.0
2015-12-31 00:00:00+05:30,85.0,85.5,83.19999694824219,84.75,79.52618408203125,8803069,0.0,0.0
2016-01-01 00:00:00+05:30,84.69999694824219,85.25,84.0,84.9000015258789,79.66695404052734,2806421,0.0,0.0
2016-01-04 00:00:00+05:30,84.19999694824219,85.9000015258789,80.4000015258789,80.75,75.77274322509766,8706224,0.0,0.0
2016-01-05 00:00:00+05:30,82.0,83.94999694824219,80.5999984741211,82.5999984741211,77.50870513916016,9819068,0.0,0.0
2016-01-06 00:00:00+05:30,82.4000015258789,82.8499984741211,79.69999694824219,80.55000305175781,75.58507537841797,6494446,0.0,0.0
2016-01-07 00:00:00+05:30,79.0,79.4000015258789,76.0999984741211,76.6500015258789,71.92546081542969,8098318,0.0,0.0
2016-01-08 00:00:00+05:30,77.44999694824219,78.1500015258789,75.19999694824219,76.9000015258789,72.16006469726562,6800939,0.0,0.0
2016-01-11 00:00:00+05:30,75.80000305175781,78.6500015258789,74.30000305175781,77.9000015258789,73.0984115600586,9706674,0.0,0.0
2016-01-12 00:00:00+05:30,78.4000015258789,78.6500015258789,75.0,75.5999984741211,70.94017028808594,6696133,0.0,0.0
2016-01-13 00:00:00+05:30,76.4000015258789,77.5,74.30000305175781,76.69999694824219,71.97237396240234,8275596,0.0,0.0
2016-01-14 00:00:00+05:30,75.0,76.0,73.4000015258789,74.69999694824219,70.09564971923828,7864816,0.0,0.0
2016-01-15 00:00:00+05:30,75.3499984741211,75.4000015258789,71.1500015258789,71.80000305175781,67.37440490722656,5206900,0.0,0.0
2016-01-18 00:00:00+05:30,71.05000305175781,73.5,70.05000305175781,71.19999694824219,66.8113784790039,6814262,0.0,0.0
2016-01-19 00:00:00+05:30,72.0999984741211,73.9000015258789,71.0999984741211,71.8499984741211,67.42132568359375,4396738,0.0,0.0
2016-01-20 00:00:00+05:30,71.0,71.05000305175781,66.3499984741211,67.5999984741211,63.433284759521484,8312143,0.0,0.0
2016-01-21 00:00:00+05:30,69.0,69.3499984741211,66.80000305175781,68.30000305175781,64.09013366699219,5883512,0.0,0.0
2016-01-22 00:00:00+05:30,69.5999984741211,72.9000015258789,69.0999984741211,72.3499984741211,67.89051055908203,6988053,0.0,0.0
2016-01-25 00:00:00+05:30,72.9000015258789,73.44999694824219,71.80000305175781,72.0,67.56207275390625,3930042,0.0,0.0
2016-01-27 00:00:00+05:30,72.5,72.8499984741211,70.80000305175781,71.05000305175781,66.67063903808594,5960177,0.0,0.0
2016-01-28 00:00:00+05:30,71.05000305175781,71.4000015258789,69.25,69.69999694824219,65.40383911132812,12038432,0.0,0.0
2016-01-29 00:00:00+05:30,70.0,71.1500015258789,68.75,70.5,66.15453338623047,9203028,0.0,0.0
2016-02-01 00:00:00+05:30,70.8499984741211,71.55000305175781,70.19999694824219,71.0999984741211,66.71754455566406,5582032,0.0,0.0
2016-02-02 00:00:00+05:30,71.75,71.80000305175781,68.19999694824219,68.55000305175781,64.32472229003906,6192773,0.0,0.0
2016-02-03 00:00:00+05:30,68.0,68.0,66.30000305175781,66.6500015258789,62.54185104370117,6780055,0.0,0.0
2016-02-04 00:00:00+05:30,67.80000305175781,70.44999694824219,67.19999694824219,68.69999694824219,64.4654769897461,12083591,0.0,0.0
2016-02-05 00:00:00+05:30,69.30000305175781,72.19999694824219,68.80000305175781,71.25,66.85829162597656,15932693,0.0,0.0
2016-02-08 00:00:00+05:30,72.0,72.0,69.44999694824219,69.80000305175781,65.4976806640625,10400835,0.0,0.0
2016-02-09 00:00:00+05:30,68.5,70.80000305175781,67.5999984741211,70.0,65.68534851074219,16969989,0.0,0.0
2016-02-10 00:00:00+05:30,70.19999694824219,70.5,65.0,66.9000015258789,62.77642822265625,16937036,0.0,0.0
2016-02-11 00:00:00+05:30,67.5,67.75,62.95000076293945,63.70000076293945,59.7736701965332,7915911,0.0,0.0
2016-02-12 00:00:00+05:30,64.80000305175781,64.8499984741211,58.79999923706055,60.900001525878906,57.14625549316406,11171816,0.0,0.0
2016-02-15 00:00:00+05:30,62.45000076293945,68.44999694824219,62.29999923706055,67.0,62.8702507019043,17333390,0.0,0.0
2016-02-16 00:00:00+05:30,68.5,68.5,64.55000305175781,64.8499984741211,60.852783203125,9530757,0.0,0.0
2016-02-17 00:00:00+05:30,65.19999694824219,66.30000305175781,61.599998474121094,65.80000305175781,61.74422836303711,12113622,0.0,0.0
2016-02-18 00:00:00+05:30,67.6500015258789,70.0999984741211,67.19999694824219,68.9000015258789,64.65315246582031,14663310,0.0,0.0
2016-02-19 00:00:00+05:30,68.30000305175781,70.0,67.44999694824219,69.05000305175781,64.79389953613281,6048480,0.0,0.0
2016-02-22 00:00:00+05:30,69.1500015258789,70.5999984741211,68.80000305175781,69.5,65.21617126464844,5132711,0.0,0.0
2016-02-23 00:00:00+05:30,69.9000015258789,71.8499984741211,67.80000305175781,68.5,64.2778091430664,10366393,0.0,0.0
2016-02-24 00:00:00+05:30,67.5999984741211,68.44999694824219,66.0,66.4000015258789,62.30724334716797,6136935,0.0,0.0
2016-02-25 00:00:00+05:30,67.3499984741211,68.0,66.44999694824219,67.1500015258789,63.01102828979492,6197874,0.0,0.0
2016-02-26 00:00:00+05:30,68.19999694824219,69.94999694824219,66.19999694824219,69.44999694824219,65.16924285888672,9806363,0.0,0.0
2016-02-29 00:00:00+05:30,70.1500015258789,70.80000305175781,66.69999694824219,68.75,64.51239776611328,15550728,0.0,0.0
2016-03-01 00:00:00+05:30,69.0,70.5,68.5999984741211,70.25,65.9199447631836,8273262,0.0,0.0
2016-03-02 00:00:00+05:30,71.9000015258789,77.0,71.30000305175781,74.94999694824219,70.33023834228516,21643529,0.0,0.0
2016-03-03 00:00:00+05:30,76.5,79.80000305175781,75.5,79.25,74.36519622802734,22949555,0.0,0.0
2016-03-04 00:00:00+05:30,79.8499984741211,81.9000015258789,77.5999984741211,79.4000015258789,74.50595092773438,15840406,0.0,0.0
2016-03-08 00:00:00+05:30,80.30000305175781,84.19999694824219,80.05000305175781,83.1500015258789,78.0248031616211,19055239,0.0,0.0
2016-03-09 00:00:00+05:30,80.4000015258789,81.4000015258789,79.05000305175781,81.0999984741211,76.10116577148438,11565488,0.0,0.0
2016-03-10 00:00:00+05:30,81.9000015258789,85.55000305175781,81.55000305175781,83.80000305175781,78.63475036621094,18838685,0.0,0.0
2016-03-11 00:00:00+05:30,83.9000015258789,84.75,81.5999984741211,83.5,78.35324096679688,10301155,0.0,0.0
2016-03-14 00:00:00+05:30,84.5,86.0,84.19999694824219,84.9000015258789,79.66695404052734,6642436,0.0,0.0
2016-03-15 00:00:00+05:30,85.0,86.0,83.5999984741211,83.9000015258789,78.72859191894531,11700066,0.0,0.0
2016-03-16 00:00:00+05:30,84.0,84.25,79.3499984741211,81.5,76.47652435302734,13890592,0.0,0.0
2016-03-17 00:00:00+05:30,82.5,83.80000305175781,80.69999694824219,81.0,76.00733947753906,8476015,0.0,0.0
2016-03-18 00:00:00+05:30,82.4000015258789,85.5,82.0,85.19999694824219,79.94845581054688,14366152,0.0,0.0
2016-03-21 00:00:00+05:30,85.69999694824219,87.0,84.30000305175781,86.0,80.69915771484375,12324190,0.0,0.0
2016-03-22 00:00:00+05:30,85.9000015258789,88.0,84.8499984741211,87.0,81.63750457763672,12800780,0.0,0.0
2016-03-23 00:00:00+05:30,88.0,91.69999694824219,87.9000015258789,91.30000305175781,85.6724624633789,22685606,0.0,0.0
2016-03-28 00:00:00+05:30,92.5,92.5,82.55000305175781,83.25,78.11865997314453,20101957,0.0,0.0
2016-03-29 00:00:00+05:30,83.9000015258789,86.1500015258789,83.5,84.4000015258789,79.19776153564453,14305542,0.0,0.0
2016-03-30 00:00:00+05:30,85.5,89.30000305175781,85.25,88.0,82.57588195800781,15758559,0.0,0.0
2016-03-31 00:00:00+05:30,87.8499984741211,89.0,86.5,87.94999694824219,82.52896118164062,16963906,0.0,0.0
2016-04-01 00:00:00+05:30,87.5,87.6500015258789,86.05000305175781,86.6500015258789,81.30908966064453,8139439,0.0,0.0
2016-04-04 00:00:00+05:30,87.44999694824219,90.6500015258789,86.5,89.0999984741211,83.60807037353516,14431538,0.0,0.0
2016-04-05 00:00:00+05:30,88.19999694824219,89.4000015258789,84.3499984741211,84.9000015258789,79.66695404052734,11541211,0.0,0.0
2016-04-06 00:00:00+05:30,85.75,89.69999694824219,85.5,88.94999694824219,83.46730041503906,14585715,0.0,0.0
2016-04-07 00:00:00+05:30,89.0,89.4000015258789,86.75,87.30000305175781,81.91901397705078,6979457,0.0,0.0
2016-04-08 00:00:00+05:30,87.25,89.5,86.0,87.69999694824219,82.29435729980469,10212068,0.0,0.0
2016-04-11 00:00:00+05:30,88.1500015258789,93.19999694824219,87.8499984741211,92.19999694824219,86.51698303222656,15187158,0.0,0.0
2016-04-12 00:00:00+05:30,91.3499984741211,93.1500015258789,90.19999694824219,92.0,86.32931518554688,12789430,0.0,0.0
2016-04-13 00:00:00+05:30,93.05000305175781,97.69999694824219,93.05000305175781,96.30000305175781,90.36426544189453,18201767,0.0,0.0
2016-04-18 00:00:00+05:30,96.80000305175781,97.5999984741211,94.5,97.05000305175781,91.06804656982422,11527074,0.0,0.0
2016-04-20 00:00:00+05:30,99.44999694824219,102.4000015258789,98.25,101.80000305175781,95.52528381347656,24020057,0.0,0.0
2016-04-21 00:00:00+05:30,102.4000015258789,104.25,100.6500015258789,101.80000305175781,95.52528381347656,18328986,0.0,0.0
2016-04-22 00:00:00+05:30,101.5,102.75,100.5999984741211,101.0999984741211,94.868408203125,10577244,0.0,0.0
2016-04-25 00:00:00+05:30,101.1500015258789,101.3499984741211,96.55000305175781,98.4000015258789,92.33484649658203,9752785,0.0,0.0
2016-04-26 00:00:00+05:30,99.05000305175781,103.44999694824219,98.9000015258789,103.1500015258789,96.79206848144531,17484714,0.0,0.0
2016-04-27 00:00:00+05:30,103.25,104.4000015258789,101.0999984741211,101.75,95.47834777832031,8607518,0.0,0.0
2016-04-28 00:00:00+05:30,101.80000305175781,102.44999694824219,96.5,96.9000015258789,90.92729949951172,19093454,0.0,0.0
2016-04-29 00:00:00+05:30,97.4000015258789,99.0,93.4000015258789,96.3499984741211,90.41119384765625,23929755,0.0,0.0
2016-05-02 00:00:00+05:30,96.4000015258789,100.6500015258789,94.5999984741211,98.6500015258789,92.56941986083984,18962903,0.0,0.0
2016-05-03 00:00:00+05:30,99.5,100.5999984741211,96.55000305175781,96.9000015258789,90.92729949951172,13225593,0.0,0.0
2016-05-04 00:00:00+05:30,95.5,95.80000305175781,90.6500015258789,91.1500015258789,85.53170776367188,14740553,0.0,0.0
2016-05-05 00:00:00+05:30,91.5,93.19999694824219,88.9000015258789,90.44999694824219,84.8748550415039,15926658,0.0,0.0
2016-05-06 00:00:00+05:30,90.5,92.30000305175781,89.19999694824219,91.9000015258789,86.23548889160156,13758624,0.0,0.0
2016-05-09 00:00:00+05:30,93.0,93.9000015258789,91.0,91.69999694824219,86.04780578613281,11577265,0.0,0.0
2016-05-10 00:00:00+05:30,91.05000305175781,91.05000305175781,89.19999694824219,89.8499984741211,84.31183624267578,12264885,0.0,0.0
2016-05-11 00:00:00+05:30,89.5,92.80000305175781,88.80000305175781,91.5999984741211,85.95397186279297,14204732,0.0,0.0
2016-05-12 00:00:00+05:30,92.30000305175781,93.75,92.0,93.4000015258789,87.64302825927734,9628472,0.0,0.0
2016-05-13 00:00:00+05:30,93.4000015258789,93.4000015258789,88.8499984741211,89.30000305175781,83.79574584960938,12852619,0.0,0.0
2016-05-16 00:00:00+05:30,89.75,90.55000305175781,88.0999984741211,89.80000305175781,84.2649154663086,8759799,0.0,0.0
2016-05-17 00:00:00+05:30,90.55000305175781,91.19999694824219,88.9000015258789,89.0999984741211,83.60807037353516,7734643,0.0,0.0
2016-05-18 00:00:00+05:30,88.19999694824219,89.5999984741211,87.25,89.1500015258789,83.65498352050781,8076399,0.0,0.0
2016-05-19 00:00:00+05:30,89.05000305175781,90.9000015258789,86.30000305175781,87.05000305175781,81.68444061279297,10822516,0.0,0.0
2016-05-20 00:00:00+05:30,87.5999984741211,88.55000305175781,86.44999694824219,86.94999694824219,81.59059143066406,10826038,0.0,0.0
2016-05-23 00:00:00+05:30,87.94999694824219,88.44999694824219,86.30000305175781,86.9000015258789,81.54366302490234,6339823,0.0,0.0
2016-05-24 00:00:00+05:30,87.0999984741211,87.44999694824219,83.5,86.30000305175781,80.98065948486328,8892273,0.0,0.0
2016-05-25 00:00:00+05:30,89.0,89.25,87.55000305175781,88.75,83.27963256835938,8223849,0.0,0.0
2016-05-26 00:00:00+05:30,88.9000015258789,90.69999694824219,87.6500015258789,90.30000305175781,84.73410034179688,12228049,0.0,0.0
2016-05-27 00:00:00+05:30,91.0,92.69999694824219,90.8499984741211,91.9000015258789,86.23548889160156,11544310,0.0,0.0
2016-05-30 00:00:00+05:30,100.0,103.5,98.1500015258789,102.94999694824219,96.60438537597656,43496929,0.0,0.0
2016-05-31 00:00:00+05:30,103.0999984741211,107.6500015258789,102.5,105.25,98.76261901855469,36580800,0.0,0.0
2016-06-01 00:00:00+05:30,105.3499984741211,105.75,102.5999984741211,103.0999984741211,96.7451400756836,12374620,0.0,0.0
2016-06-02 00:00:00+05:30,102.75,106.3499984741211,102.19999694824219,106.05000305175781,99.51329803466797,12148730,0.0,0.0
2016-06-03 00:00:00+05:30,106.69999694824219,106.9000015258789,104.0999984741211,105.55000305175781,99.04412841796875,9025991,0.0,0.0
2016-06-06 00:00:00+05:30,105.05000305175781,108.0,104.55000305175781,106.8499984741211,100.26399230957031,13723112,0.0,0.0
2016-06-07 00:00:00+05:30,107.25,110.25,107.0,109.5,102.75065612792969,14522201,0.0,0.0
2016-06-08 00:00:00+05:30,109.75,110.44999694824219,108.0,109.3499984741211,102.60990142822266,10622548,0.0,0.0
2016-06-09 00:00:00+05:30,109.0,112.5999984741211,108.94999694824219,110.9000015258789,104.06436157226562,16009358,0.0,0.0
2016-06-10 00:00:00+05:30,110.44999694824219,115.9000015258789,110.44999694824219,115.30000305175781,108.19315338134766,26738862,0.0,0.0
2016-06-13 00:00:00+05:30,113.5,115.5,111.3499984741211,114.69999694824219,107.630126953125,15420130,0.0,0.0
2016-06-14 00:00:00+05:30,114.94999694824219,115.8499984741211,114.0999984741211,115.5999984741211,108.47466278076172,10883646,0.0,0.0
2016-06-15 00:00:00+05:30,116.25,116.69999694824219,114.19999694824219,115.75,108.61542510986328,10291525,0.0,0.0
2016-06-16 00:00:00+05:30,115.3499984741211,119.44999694824219,114.3499984741211,119.05000305175781,111.7120132446289,19649978,0.0,0.0
2016-06-17 00:00:00+05:30,120.0999984741211,120.25,117.94999694824219,118.80000305175781,111.4774169921875,9115066,0.0,0.0
2016-06-20 00:00:00+05:30,117.44999694824219,121.3499984741211,117.30000305175781,121.05000305175781,113.58873748779297,7879482,0.0,0.0
2016-06-21 00:00:00+05:30,122.25,124.6500015258789,121.5999984741211,123.5,115.88773345947266,15274422,0.0,0.0
2016-06-22 00:00:00+05:30,123.94999694824219,123.94999694824219,120.0999984741211,122.19999694824219,114.66785430908203,10065713,0.0,0.0
2016-06-23 00:00:00+05:30,122.0999984741211,124.5,121.6500015258789,123.9000015258789,116.26307678222656,8243327,0.0,0.0
2016-06-24 00:00:00+05:30,118.3499984741211,119.5999984741211,112.0,117.30000305175781,110.06988525390625,22745648,0.0,0.0
2016-06-27 00:00:00+05:30,115.94999694824219,120.80000305175781,115.9000015258789,119.80000305175781,112.41578674316406,13603388,0.0,0.0
2016-06-28 00:00:00+05:30,119.9000015258789,121.05000305175781,117.75,118.05000305175781,110.77366638183594,11037595,0.0,0.0
2016-06-29 00:00:00+05:30,119.0,121.30000305175781,118.5999984741211,119.94999694824219,112.55653381347656,9327343,0.0,0.0
2016-06-30 00:00:00+05:30,122.4000015258789,123.44999694824219,121.25,122.8499984741211,115.27779388427734,15709303,0.0,0.0
2016-07-01 00:00:00+05:30,124.0,125.5,123.1500015258789,124.75,117.06067657470703,8905862,0.0,0.0
2016-07-04 00:00:00+05:30,126.0999984741211,126.75,125.5,125.94999694824219,118.18670654296875,5715305,0.0,0.0
2016-07-05 00:00:00+05:30,126.0,127.4000015258789,123.30000305175781,123.6500015258789,116.02848815917969,9848628,0.0,0.0
2016-07-07 00:00:00+05:30,125.0,128.6999969482422,124.5999984741211,127.69999694824219,119.82884216308594,15661285,0.0,0.0
2016-07-08 00:00:00+05:30,128.6999969482422,128.6999969482422,125.5,126.8499984741211,119.03123474121094,8327269,0.0,0.0
2016-07-11 00:00:00+05:30,128.3000030517578,129.75,128.0500030517578,129.0500030517578,121.09563446044922,7534954,0.0,0.0
2016-07-12 00:00:00+05:30,130.35000610351562,136.1999969482422,130.0,135.25,126.91349029541016,26490373,0.0,0.0
2016-07-13 00:00:00+05:30,136.0,139.89999389648438,134.6999969482422,135.8000030517578,127.4295883178711,20241097,0.0,0.0
2016-07-14 00:00:00+05:30,136.0,137.35000610351562,133.75,135.8000030517578,127.4295883178711,11703265,0.0,0.0
2016-07-15 00:00:00+05:30,136.89999389648438,138.0,135.5500030517578,137.39999389648438,128.9309539794922,10639879,0.0,0.0
2016-07-18 00:00:00+05:30,137.89999389648438,141.4499969482422,136.14999389648438,137.25,128.79017639160156,13729613,0.0,0.0
2016-07-19 00:00:00+05:30,136.89999389648438,139.5,136.60000610351562,138.0,129.4939727783203,10933178,0.0,0.0
2016-07-20 00:00:00+05:30,138.85000610351562,139.3000030517578,134.3000030517578,135.89999389648438,127.5234375,11898110,0.0,0.0
2016-07-21 00:00:00+05:30,137.14999389648438,137.5,133.5,133.89999389648438,125.64669036865234,11200454,0.0,0.0
2016-07-22 00:00:00+05:30,133.1999969482422,137.0,130.35000610351562,136.0,127.61726379394531,15030516,0.0,0.0
2016-07-25 00:00:00+05:30,136.5,136.89999389648438,133.89999389648438,135.1999969482422,126.86656951904297,6407189,0.0,0.0
2016-07-26 00:00:00+05:30,135.1999969482422,136.8000030517578,131.0,131.64999389648438,123.53538513183594,12881150,0.0,0.0
2016-07-27 00:00:00+05:30,132.64999389648438,134.60000610351562,131.1999969482422,133.8000030517578,125.5528564453125,9550329,0.0,0.0
2016-07-28 00:00:00+05:30,134.0,135.60000610351562,132.10000610351562,134.25,125.97510528564453,10626361,0.0,0.0
2016-07-29 00:00:00+05:30,134.9499969482422,135.64999389648438,132.14999389648438,133.5500030517578,125.31826782226562,7051660,0.0,0.0
2016-08-01 00:00:00+05:30,134.5,138.8000030517578,134.10000610351562,136.60000610351562,128.18026733398438,12647887,0.0,0.0
2016-08-02 00:00:00+05:30,137.39999389648438,138.25,134.60000610351562,135.5,127.14807891845703,9026140,0.0,0.0
2016-08-03 00:00:00+05:30,135.39999389648438,137.25,133.60000610351562,135.6999969482422,127.33576202392578,9958140,0.0,0.0
2016-08-04 00:00:00+05:30,136.5,137.9499969482422,135.39999389648438,137.10000610351562,128.64944458007812,6943209,0.0,0.0
2016-08-05 00:00:00+05:30,139.0,144.25,138.5,143.6999969482422,134.8426513671875,13302798,0.0,0.0
2016-08-08 00:00:00+05:30,146.25,152.14999389648438,146.0,149.14999389648438,139.9567108154297,20168915,0.0,0.0
2016-08-09 00:00:00+05:30,150.1999969482422,150.25,145.39999389648438,146.60000610351562,137.56390380859375,9816523,0.0,0.0
2016-08-10 00:00:00+05:30,147.0,149.14999389648438,144.5500030517578,145.8000030517578,136.81321716308594,9266876,0.0,0.0
2016-08-11 00:00:00+05:30,145.60000610351562,146.0,138.5,142.25,133.48199462890625,9200944,0.0,0.0
2016-08-12 00:00:00+05:30,143.0,149.25,143.0,146.35000610351562,137.32931518554688,22086647,0.0,0.0
2016-08-16 00:00:00+05:30,147.6999969482422,155.5500030517578,146.60000610351562,154.64999389648438,145.11770629882812,17292821,0.0,0.0
2016-08-17 00:00:00+05:30,154.35000610351562,156.8000030517578,153.9499969482422,155.9499969482422,146.3375701904297,13401034,0.0,0.0
2016-08-18 00:00:00+05:30,156.5,157.14999389648438,154.0,154.35000610351562,144.83621215820312,7030499,0.0,0.0
2016-08-19 00:00:00+05:30,156.8000030517578,159.4499969482422,156.25,158.9499969482422,149.1526641845703,13625085,0.0,0.0
2016-08-22 00:00:00+05:30,158.0,158.0,155.3000030517578,156.0500030517578,146.43141174316406,6708408,0.0,0.0
2016-08-23 00:00:00+05:30,155.5,156.9499969482422,153.8000030517578,155.5500030517578,145.9622344970703,6120185,0.0,0.0
2016-08-24 00:00:00+05:30,156.3000030517578,157.60000610351562,155.39999389648438,157.0,147.32286071777344,7012966,0.0,0.0
2016-08-25 00:00:00+05:30,156.9499969482422,157.8000030517578,153.5,154.25,144.74237060546875,7136191,0.0,0.0
2016-08-26 00:00:00+05:30,155.4499969482422,156.9499969482422,154.3000030517578,155.5,145.91531372070312,7924816,0.0,0.0
2016-08-29 00:00:00+05:30,155.0,159.5,154.5,158.3000030517578,148.542724609375,7488966,0.0,0.0
2016-08-30 00:00:00+05:30,159.89999389648438,163.5,159.0500030517578,162.75,152.71844482421875,7930389,0.0,0.0
2016-08-31 00:00:00+05:30,163.0,164.6999969482422,158.25,159.25,149.43417358398438,15209502,0.0,0.0
2016-09-01 00:00:00+05:30,159.0,160.64999389648438,156.60000610351562,157.5,147.7920379638672,6261144,0.0,0.0
2016-09-02 00:00:00+05:30,158.3000030517578,158.89999389648438,154.5,157.25,147.5574493408203,6820117,0.0,0.0
2016-09-06 00:00:00+05:30,157.5500030517578,159.89999389648438,157.0,158.5,149.68226623535156,5189625,1.0,0.0
2016-09-07 00:00:00+05:30,158.5500030517578,161.8000030517578,158.0500030517578,159.6999969482422,150.81552124023438,7925196,0.0,0.0
2016-09-08 00:00:00+05:30,160.89999389648438,163.4499969482422,160.0,161.9499969482422,152.9403533935547,9379095,0.0,0.0
2016-09-09 00:00:00+05:30,162.85000610351562,162.85000610351562,154.0,154.85000610351562,146.23533630371094,9427758,0.0,0.0
2016-09-12 00:00:00+05:30,149.0,150.60000610351562,139.89999389648438,140.85000610351562,133.01419067382812,16165924,0.0,0.0
2016-09-14 00:00:00+05:30,140.25,143.6999969482422,138.5500030517578,143.25,135.2806854248047,13195609,0.0,0.0
2016-09-15 00:00:00+05:30,144.9499969482422,146.25,141.14999389648438,145.5500030517578,137.45269775390625,10494591,0.0,0.0
2016-09-16 00:00:00+05:30,146.8000030517578,147.89999389648438,142.0,142.64999389648438,134.71401977539062,10327538,0.0,0.0
2016-09-19 00:00:00+05:30,143.10000610351562,144.60000610351562,141.6999969482422,143.9499969482422,135.94171142578125,4969953,0.0,0.0
2016-09-20 00:00:00+05:30,143.0,146.35000610351562,142.60000610351562,145.60000610351562,137.4999237060547,7633586,0.0,0.0
2016-09-21 00:00:00+05:30,145.5500030517578,151.35000610351562,144.10000610351562,149.5500030517578,141.23020935058594,14671999,0.0,0.0
2016-09-22 00:00:00+05:30,153.39999389648438,156.1999969482422,152.25,154.60000610351562,145.99925231933594,16321716,0.0,0.0
2016-09-23 00:00:00+05:30,154.60000610351562,156.85000610351562,153.0500030517578,154.4499969482422,145.85760498046875,10730581,0.0,0.0
2016-09-26 00:00:00+05:30,154.0,155.3000030517578,152.3000030517578,153.60000610351562,145.0548858642578,7234470,0.0,0.0
2016-09-27 00:00:00+05:30,154.35000610351562,155.3000030517578,149.5500030517578,150.0500030517578,141.70237731933594,8046035,0.0,0.0
2016-09-28 00:00:00+05:30,150.1999969482422,158.1999969482422,148.5,156.89999389648438,148.17129516601562,12785618,0.0,0.0
2016-09-29 00:00:00+05:30,157.4499969482422,157.85000610351562,147.8000030517578,150.0,141.65513610839844,14157620,0.0,0.0
2016-09-30 00:00:00+05:30,147.0,154.35000610351562,146.8000030517578,152.6999969482422,144.20492553710938,9167292,0.0,0.0
2016-10-03 00:00:00+05:30,154.5,155.1999969482422,152.60000610351562,154.10000610351562,145.5270538330078,9299252,0.0,0.0
2016-10-04 00:00:00+05:30,154.9499969482422,157.5,152.35000610351562,154.25,145.668701171875,13696719,0.0,0.0
2016-10-05 00:00:00+05:30,156.5,159.3000030517578,155.75,157.25,148.50181579589844,10169595,0.0,0.0
2016-10-06 00:00:00+05:30,158.0,161.6999969482422,156.10000610351562,158.35000610351562,149.54063415527344,13604084,0.0,0.0
2016-10-07 00:00:00+05:30,158.9499969482422,160.39999389648438,156.64999389648438,158.0,149.21006774902344,7263839,0.0,0.0
2016-10-10 00:00:00+05:30,158.85000610351562,162.8000030517578,158.8000030517578,160.75,151.8070831298828,8157913,0.0,0.0
2016-10-13 00:00:00+05:30,157.89999389648438,159.25,152.10000610351562,155.14999389648438,146.51864624023438,8680827,0.0,0.0
2016-10-14 00:00:00+05:30,155.75,156.35000610351562,153.1999969482422,154.60000610351562,145.99925231933594,5656494,0.0,0.0
2016-10-17 00:00:00+05:30,154.1999969482422,155.60000610351562,150.0,150.64999389648438,142.26898193359375,7752014,0.0,0.0
2016-10-18 00:00:00+05:30,152.0,153.35000610351562,149.3000030517578,152.35000610351562,143.87442016601562,10851523,0.0,0.0
2016-10-19 00:00:00+05:30,153.39999389648438,153.9499969482422,150.0,151.0,142.59951782226562,8197044,0.0,0.0
2016-10-20 00:00:00+05:30,151.8000030517578,156.25,151.64999389648438,155.25,146.61306762695312,8035617,0.0,0.0
2016-10-21 00:00:00+05:30,155.39999389648438,155.39999389648438,150.85000610351562,151.85000610351562,143.40225219726562,5801324,0.0,0.0
2016-10-24 00:00:00+05:30,152.14999389648438,153.14999389648438,150.39999389648438,150.85000610351562,142.45785522460938,5649471,0.0,0.0
2016-10-25 00:00:00+05:30,151.1999969482422,152.5,147.64999389648438,150.5,142.12733459472656,8898884,0.0,0.0
2016-10-26 00:00:00+05:30,149.89999389648438,152.25,148.60000610351562,150.1999969482422,141.84402465820312,6191861,0.0,0.0
2016-10-27 00:00:00+05:30,150.1999969482422,150.85000610351562,147.39999389648438,148.3000030517578,140.0497283935547,8386282,0.0,0.0
2016-10-28 00:00:00+05:30,148.5,150.39999389648438,148.0,149.64999389648438,141.32461547851562,4501956,0.0,0.0
2016-11-01 00:00:00+05:30,150.5,159.5,149.6999969482422,156.9499969482422,148.21849060058594,17722418,0.0,0.0
2016-11-02 00:00:00+05:30,154.8000030517578,158.1999969482422,153.14999389648438,156.5,147.7935333251953,11309743,0.0,0.0
2016-11-03 00:00:00+05:30,156.9499969482422,166.39999389648438,156.75,162.8000030517578,153.74305725097656,26147206,0.0,0.0
2016-11-04 00:00:00+05:30,164.0,164.9499969482422,154.75,158.85000610351562,150.0128173828125,14042173,0.0,0.0
2016-11-07 00:00:00+05:30,162.75,168.75,161.39999389648438,167.60000610351562,158.27601623535156,13926778,0.0,0.0
2016-11-08 00:00:00+05:30,170.0,172.39999389648438,165.85000610351562,167.39999389648438,158.08714294433594,23431723,0.0,0.0
2016-11-09 00:00:00+05:30,150.6999969482422,163.64999389648438,150.6999969482422,162.10000610351562,153.08201599121094,11328441,0.0,0.0
2016-11-10 00:00:00+05:30,168.5,177.35000610351562,167.0,175.75,165.97262573242188,16275443,0.0,0.0
2016-11-11 00:00:00+05:30,174.10000610351562,178.10000610351562,171.0500030517578,172.3000030517578,162.7145233154297,13455096,0.0,0.0
2016-11-15 00:00:00+05:30,175.6999969482422,180.64999389648438,166.5,167.75,158.41766357421875,30748024,0.0,0.0
2016-11-16 00:00:00+05:30,171.8000030517578,172.6999969482422,161.1999969482422,162.8000030517578,153.74305725097656,11909724,0.0,0.0
2016-11-17 00:00:00+05:30,164.0,169.8000030517578,162.0,168.3000030517578,158.93707275390625,10560503,0.0,0.0
2016-11-18 00:00:00+05:30,169.0,169.3000030517578,163.60000610351562,165.35000610351562,156.15118408203125,8775559,0.0,0.0
2016-11-21 00:00:00+05:30,166.5,170.8000030517578,156.10000610351562,157.35000610351562,148.5962677001953,16027161,0.0,0.0
2016-11-22 00:00:00+05:30,158.85000610351562,167.3000030517578,158.64999389648438,166.5500030517578,157.28443908691406,15431966,0.0,0.0
2016-11-23 00:00:00+05:30,168.9499969482422,174.3000030517578,168.0,173.6999969482422,164.03665161132812,15975588,0.0,0.0
2016-11-24 00:00:00+05:30,173.5,181.14999389648438,172.14999389648438,180.4499969482422,170.4111328125,24353559,0.0,0.0
2016-11-25 00:00:00+05:30,182.89999389648438,184.8000030517578,178.85000610351562,180.5,170.45834350585938,17338861,0.0,0.0
2016-11-28 00:00:00+05:30,180.3000030517578,182.35000610351562,177.6999969482422,178.64999389648438,168.71128845214844,12519439,0.0,0.0
2016-11-29 00:00:00+05:30,179.6999969482422,180.85000610351562,174.8000030517578,175.39999389648438,165.64207458496094,9819481,0.0,0.0
2016-11-30 00:00:00+05:30,175.0,178.6999969482422,172.8000030517578,175.75,165.97262573242188,15095725,0.0,0.0
2016-12-01 00:00:00+05:30,176.8000030517578,177.5,169.6999969482422,171.35000610351562,161.81741333007812,7638033,0.0,0.0
2016-12-02 00:00:00+05:30,170.9499969482422,174.14999389648438,167.5,168.75,159.36204528808594,11034636,0.0,0.0
2016-12-05 00:00:00+05:30,168.5,175.39999389648438,167.8000030517578,174.5,164.7921600341797,9144499,0.0,0.0
2016-12-06 00:00:00+05:30,176.9499969482422,177.85000610351562,174.1999969482422,175.39999389648438,165.64207458496094,8668165,0.0,0.0
2016-12-07 00:00:00+05:30,176.5,176.8000030517578,172.4499969482422,175.0500030517578,165.3115692138672,6213861,0.0,0.0
2016-12-08 00:00:00+05:30,177.4499969482422,181.39999389648438,176.3000030517578,179.1999969482422,169.2306671142578,9432763,0.0,0.0
2016-12-09 00:00:00+05:30,180.4499969482422,183.4499969482422,179.0500030517578,182.10000610351562,171.9693603515625,9543322,0.0,0.0
2016-12-12 00:00:00+05:30,180.8000030517578,183.1999969482422,179.25,181.9499969482422,171.82769775390625,8051004,0.0,0.0
2016-12-13 00:00:00+05:30,181.5500030517578,182.64999389648438,175.25,176.9499969482422,167.10586547851562,9690930,0.0,0.0
2016-12-14 00:00:00+05:30,177.25,178.1999969482422,174.85000610351562,176.0,166.20872497558594,6198952,0.0,0.0
2016-12-15 00:00:00+05:30,173.39999389648438,177.39999389648438,173.1999969482422,176.10000610351562,166.3031463623047,6165323,0.0,0.0
2016-12-16 00:00:00+05:30,176.89999389648438,176.89999389648438,169.10000610351562,170.1999969482422,160.73138427734375,9584392,0.0,0.0
2016-12-19 00:00:00+05:30,169.39999389648438,171.75,168.10000610351562,169.14999389648438,159.7397918701172,5526669,0.0,0.0
2016-12-20 00:00:00+05:30,169.6999969482422,169.75,165.35000610351562,167.14999389648438,157.85105895996094,5435726,0.0,0.0
2016-12-21 00:00:00+05:30,168.0,171.0,166.5500030517578,168.8000030517578,159.4092559814453,6539566,0.0,0.0
2016-12-22 00:00:00+05:30,168.6999969482422,168.6999969482422,160.25,161.25,152.27926635742188,9593033,0.0,0.0
2016-12-23 00:00:00+05:30,161.0,162.10000610351562,158.85000610351562,159.3000030517578,150.43777465820312,9804162,0.0,0.0
2016-12-26 00:00:00+05:30,157.5,157.5,149.6999969482422,151.5,143.0717010498047,10229442,0.0,0.0
2016-12-27 00:00:00+05:30,150.3000030517578,156.60000610351562,147.85000610351562,155.5500030517578,146.89637756347656,10782163,0.0,0.0
2016-12-28 00:00:00+05:30,156.5,158.25,152.60000610351562,153.60000610351562,145.0548858642578,9007119,0.0,0.0
2016-12-29 00:00:00+05:30,153.10000610351562,155.5500030517578,152.3000030517578,154.75,146.14089965820312,7714023,0.0,0.0
2016-12-30 00:00:00+05:30,155.0,156.1999969482422,153.25,155.0500030517578,146.4241943359375,8199773,0.0,0.0
2017-01-02 00:00:00+05:30,155.85000610351562,159.75,154.1999969482422,158.85000610351562,150.0128173828125,9537127,0.0,0.0
2017-01-03 00:00:00+05:30,159.85000610351562,161.0,157.0500030517578,158.85000610351562,150.0128173828125,6841113,0.0,0.0
2017-01-04 00:00:00+05:30,158.89999389648438,161.60000610351562,157.4499969482422,158.89999389648438,150.0600128173828,7732019,0.0,0.0
2017-01-05 00:00:00+05:30,160.0,162.64999389648438,159.89999389648438,162.0,152.98757934570312,9921362,0.0,0.0
2017-01-06 00:00:00+05:30,162.4499969482422,163.8000030517578,160.10000610351562,160.75,151.8070831298828,6830935,0.0,0.0
2017-01-09 00:00:00+05:30,161.60000610351562,162.1999969482422,157.64999389648438,158.0,149.21006774902344,6143220,0.0,0.0
2017-01-10 00:00:00+05:30,159.14999389648438,165.39999389648438,158.0,164.39999389648438,155.2540283203125,15806841,0.0,0.0
2017-01-11 00:00:00+05:30,167.10000610351562,175.64999389648438,166.4499969482422,174.9499969482422,165.21710205078125,24145144,0.0,0.0
2017-01-12 00:00:00+05:30,175.60000610351562,178.60000610351562,172.39999389648438,177.0,167.15306091308594,14225168,0.0,0.0
2017-01-13 00:00:00+05:30,178.8000030517578,178.8000030517578,170.85000610351562,172.25,162.66732788085938,17430533,0.0,0.0
2017-01-16 00:00:00+05:30,172.0,174.35000610351562,169.89999389648438,172.60000610351562,162.99786376953125,9673403,0.0,0.0
2017-01-17 00:00:00+05:30,173.60000610351562,174.8000030517578,169.3000030517578,171.0500030517578,161.53408813476562,7373767,0.0,0.0
2017-01-18 00:00:00+05:30,171.8000030517578,177.35000610351562,171.60000610351562,177.0,167.15306091308594,13047979,0.0,0.0
2017-01-19 00:00:00+05:30,176.3000030517578,177.25,173.5,176.10000610351562,166.3031463623047,8384318,0.0,0.0
2017-01-20 00:00:00+05:30,175.60000610351562,178.35000610351562,169.5,171.64999389648438,162.10067749023438,12034397,0.0,0.0
2017-01-23 00:00:00+05:30,173.0,182.39999389648438,172.25,181.6999969482422,171.59161376953125,18223180,0.0,0.0
2017-01-24 00:00:00+05:30,182.60000610351562,187.85000610351562,181.0500030517578,187.14999389648438,176.73838806152344,17125785,0.0,0.0
2017-01-25 00:00:00+05:30,187.39999389648438,191.64999389648438,187.14999389648438,190.75,180.13812255859375,21241955,0.0,0.0
2017-01-27 00:00:00+05:30,190.5,195.0,188.0500030517578,190.75,180.13812255859375,19584307,0.0,0.0
2017-01-30 00:00:00+05:30,190.0500030517578,195.3000030517578,186.9499969482422,191.5,180.84642028808594,12048505,0.0,0.0
2017-01-31 00:00:00+05:30,191.9499969482422,193.1999969482422,189.1999969482422,189.9499969482422,179.3826141357422,9510113,0.0,0.0
2017-02-01 00:00:00+05:30,190.89999389648438,200.0,186.5500030517578,198.85000610351562,187.7875213623047,12602860,0.0,0.0
2017-02-02 00:00:00+05:30,198.5,198.5,191.5,193.3000030517578,182.5462646484375,12723782,0.0,0.0
2017-02-03 00:00:00+05:30,194.0,195.39999389648438,188.25,191.75,181.08251953125,11316589,0.0,0.0
2017-02-06 00:00:00+05:30,192.5,195.5,189.3000030517578,190.10000610351562,179.5242919921875,7376710,0.0,0.0
2017-02-07 00:00:00+05:30,190.6999969482422,192.9499969482422,184.0500030517578,185.89999389648438,175.5579376220703,10634847,0.0,0.0
2017-02-08 00:00:00+05:30,187.5,192.25,186.3000030517578,189.0,178.4854736328125,10372799,0.0,0.0
2017-02-09 00:00:00+05:30,189.9499969482422,190.25,181.9499969482422,183.6999969482422,173.48036193847656,13995996,0.0,0.0
2017-02-10 00:00:00+05:30,185.60000610351562,185.6999969482422,180.8000030517578,182.0500030517578,171.92210388183594,11598507,0.0,0.0
2017-02-13 00:00:00+05:30,184.5,187.89999389648438,181.60000610351562,185.0,174.7080078125,17458689,0.0,0.0
2017-02-14 00:00:00+05:30,187.0,188.0,184.1999969482422,187.25,176.83282470703125,11938838,0.0,0.0
2017-02-15 00:00:00+05:30,187.10000610351562,189.9499969482422,182.0500030517578,184.4499969482422,174.18861389160156,11976086,0.0,0.0
2017-02-16 00:00:00+05:30,184.0,188.8000030517578,182.25,187.75,177.30503845214844,10429023,0.0,0.0
2017-02-17 00:00:00+05:30,187.9499969482422,189.3000030517578,183.0,183.64999389648438,173.43310546875,9231407,0.0,0.0
2017-02-20 00:00:00+05:30,184.0,185.89999389648438,179.75,183.3000030517578,173.1026153564453,17874216,0.0,0.0
2017-02-21 00:00:00+05:30,183.35000610351562,186.89999389648438,181.8000030517578,182.4499969482422,172.29986572265625,13307165,0.0,0.0
2017-02-22 00:00:00+05:30,183.0,184.0,179.10000610351562,180.0500030517578,170.0334014892578,8976506,0.0,0.0
2017-02-23 00:00:00+05:30,179.8000030517578,183.5,179.3000030517578,182.10000610351562,171.9693603515625,11393385,0.0,0.0
2017-02-27 00:00:00+05:30,182.35000610351562,183.14999389648438,179.1999969482422,180.75,170.6944580078125,7419931,0.0,0.0
2017-02-28 00:00:00+05:30,181.0,185.5,180.3000030517578,184.35000610351562,174.0941619873047,10009502,0.0,0.0
2017-03-01 00:00:00+05:30,185.14999389648438,192.0,184.60000610351562,189.25,178.72157287597656,19044703,0.0,0.0
2017-03-02 00:00:00+05:30,191.1999969482422,196.14999389648438,188.1999969482422,189.4499969482422,178.9104461669922,22934124,0.0,0.0
2017-03-03 00:00:00+05:30,188.4499969482422,199.75,187.9499969482422,198.5500030517578,187.50421142578125,31030530,0.0,0.0
2017-03-06 00:00:00+05:30,198.6999969482422,202.3000030517578,196.35000610351562,199.5500030517578,188.44857788085938,17600803,0.0,0.0
2017-03-07 00:00:00+05:30,199.35000610351562,199.35000610351562,191.60000610351562,192.5500030517578,181.83798217773438,17607880,0.0,0.0
2017-03-08 00:00:00+05:30,192.89999389648438,193.39999389648438,186.8000030517578,190.1999969482422,179.6187286376953,19426738,0.0,0.0
2017-03-09 00:00:00+05:30,191.0,192.0,187.8000030517578,189.1999969482422,178.67437744140625,11667482,0.0,0.0
2017-03-10 00:00:00+05:30,190.8000030517578,191.35000610351562,187.0,187.60000610351562,177.16339111328125,9745858,0.0,0.0
2017-03-14 00:00:00+05:30,193.5,194.0,188.4499969482422,190.39999389648438,179.80758666992188,15425412,0.0,0.0
2017-03-15 00:00:00+05:30,192.39999389648438,192.89999389648438,190.0500030517578,190.85000610351562,180.23257446289062,11000147,0.0,0.0
2017-03-16 00:00:00+05:30,194.0,199.39999389648438,192.6999969482422,198.75,187.6930694580078,17634067,0.0,0.0
2017-03-17 00:00:00+05:30,200.0,200.35000610351562,194.64999389648438,196.1999969482422,185.28494262695312,12329364,0.0,0.0
2017-03-20 00:00:00+05:30,196.6999969482422,197.10000610351562,191.64999389648438,196.1999969482422,185.28494262695312,7107018,0.0,0.0
2017-03-21 00:00:00+05:30,196.0,199.8000030517578,193.25,198.3000030517578,187.26809692382812,8832703,0.0,0.0
2017-03-22 00:00:00+05:30,194.89999389648438,196.5,192.0,193.39999389648438,182.64068603515625,17762515,0.0,0.0
2017-03-23 00:00:00+05:30,194.39999389648438,195.1999969482422,192.6999969482422,193.6999969482422,182.9239959716797,10680580,0.0,0.0
2017-03-24 00:00:00+05:30,193.5,197.0,192.25,194.89999389648438,184.05723571777344,11748143,0.0,0.0
2017-03-27 00:00:00+05:30,193.9499969482422,194.5500030517578,187.60000610351562,188.6999969482422,178.20217895507812,16988411,0.0,0.0
2017-03-28 00:00:00+05:30,189.5,191.1999969482422,188.75,189.60000610351562,179.05209350585938,10087530,0.0,0.0
2017-03-29 00:00:00+05:30,190.60000610351562,193.14999389648438,189.60000610351562,192.25,181.55467224121094,9066478,0.0,0.0
2017-03-30 00:00:00+05:30,192.39999389648438,193.5500030517578,189.8000030517578,190.3000030517578,179.71316528320312,16296796,0.0,0.0
2017-03-31 00:00:00+05:30,190.8000030517578,195.9499969482422,190.5,195.0500030517578,184.19891357421875,13264696,0.0,0.0
2017-04-03 00:00:00+05:30,195.10000610351562,196.85000610351562,192.35000610351562,193.60000610351562,182.82960510253906,7198876,0.0,0.0
2017-04-05 00:00:00+05:30,194.39999389648438,199.1999969482422,194.1999969482422,198.1999969482422,187.17364501953125,10440883,0.0,0.0
2017-04-06 00:00:00+05:30,196.6999969482422,196.6999969482422,191.35000610351562,193.9499969482422,183.1601104736328,15667730,0.0,0.0
2017-04-07 00:00:00+05:30,193.6999969482422,197.60000610351562,192.35000610351562,193.5,182.73513793945312,14576273,0.0,0.0
2017-04-10 00:00:00+05:30,194.10000610351562,195.5,192.60000610351562,195.0500030517578,184.19891357421875,6929296,0.0,0.0
2017-04-11 00:00:00+05:30,195.10000610351562,197.0,192.60000610351562,196.4499969482422,185.5210418701172,9870105,0.0,0.0
2017-04-12 00:00:00+05:30,196.9499969482422,198.0,192.10000610351562,193.0,182.26292419433594,14253253,0.0,0.0
2017-04-13 00:00:00+05:30,192.0,192.0,182.4499969482422,183.25,173.05535888671875,20027226,0.0,0.0
2017-04-17 00:00:00+05:30,182.5,182.9499969482422,179.35000610351562,181.4499969482422,171.35549926757812,16069287,0.0,0.0
2017-04-18 00:00:00+05:30,183.6999969482422,190.35000610351562,183.1999969482422,183.8000030517578,173.57479858398438,22344207,0.0,0.0
2017-04-19 00:00:00+05:30,183.64999389648438,187.1999969482422,182.0500030517578,186.0,175.65240478515625,10062015,0.0,0.0
2017-04-20 00:00:00+05:30,186.9499969482422,188.60000610351562,184.89999389648438,186.4499969482422,176.0773468017578,9335160,0.0,0.0
2017-04-21 00:00:00+05:30,187.75,190.6999969482422,184.60000610351562,188.10000610351562,177.6355743408203,13683524,0.0,0.0
2017-04-24 00:00:00+05:30,188.0,191.6999969482422,187.10000610351562,190.8000030517578,180.18536376953125,8934000,0.0,0.0
2017-04-25 00:00:00+05:30,192.75,193.75,189.14999389648438,191.6999969482422,181.03526306152344,8090965,0.0,0.0
2017-04-26 00:00:00+05:30,192.60000610351562,198.4499969482422,192.60000610351562,197.0,186.04043579101562,13469283,0.0,0.0
2017-04-27 00:00:00+05:30,197.64999389648438,197.75,193.6999969482422,194.85000610351562,184.01002502441406,9453547,0.0,0.0
2017-04-28 00:00:00+05:30,193.85000610351562,203.6999969482422,192.25,199.35000610351562,188.2596893310547,17428449,0.0,0.0
2017-05-02 00:00:00+05:30,200.85000610351562,203.89999389648438,198.60000610351562,200.25,189.109619140625,12542163,0.0,0.0
2017-05-03 00:00:00+05:30,201.10000610351562,201.89999389648438,196.4499969482422,197.0500030517578,186.08766174316406,7853965,0.0,0.0
2017-05-04 00:00:00+05:30,197.75,198.85000610351562,190.25,192.4499969482422,181.74356079101562,11224342,0.0,0.0
2017-05-05 00:00:00+05:30,192.0,192.0,183.39999389648438,185.8000030517578,175.46351623535156,19912601,0.0,0.0
2017-05-08 00:00:00+05:30,187.60000610351562,187.89999389648438,181.60000610351562,184.1999969482422,173.95249938964844,15591759,0.0,0.0
2017-05-09 00:00:00+05:30,184.5500030517578,188.60000610351562,183.10000610351562,186.39999389648438,176.03013610839844,11355111,0.0,0.0
2017-05-10 00:00:00+05:30,187.0,188.5500030517578,185.4499969482422,187.10000610351562,176.6912078857422,9459887,0.0,0.0
2017-05-11 00:00:00+05:30,193.35000610351562,195.8000030517578,192.0500030517578,193.64999389648438,182.8767852783203,23026210,0.0,0.0
2017-05-12 00:00:00+05:30,194.75,195.35000610351562,189.14999389648438,191.0500030517578,180.42144775390625,11231977,0.0,0.0
2017-05-15 00:00:00+05:30,191.9499969482422,199.89999389648438,191.89999389648438,198.4499969482422,187.4097442626953,18159344,0.0,0.0
2017-05-16 00:00:00+05:30,198.64999389648438,198.85000610351562,195.5,196.5,185.56822204589844,10068622,0.0,0.0
2017-05-17 00:00:00+05:30,196.10000610351562,200.35000610351562,196.10000610351562,198.85000610351562,187.7875213623047,10643485,0.0,0.0
2017-05-18 00:00:00+05:30,196.0,196.6999969482422,192.3000030517578,194.0,183.20733642578125,13959394,0.0,0.0
2017-05-19 00:00:00+05:30,195.9499969482422,196.0,186.0,191.0,180.3742218017578,11428477,0.0,0.0
2017-05-22 00:00:00+05:30,192.5500030517578,194.39999389648438,189.14999389648438,190.25,179.6659393310547,9699691,0.0,0.0
2017-05-23 00:00:00+05:30,190.60000610351562,195.25,184.5500030517578,192.0,181.318603515625,13372515,0.0,0.0
2017-05-24 00:00:00+05:30,191.9499969482422,193.64999389648438,185.10000610351562,187.0500030517578,176.6439666748047,11130641,0.0,0.0
2017-05-25 00:00:00+05:30,188.0,192.0,185.85000610351562,190.5500030517578,179.9492645263672,9696039,0.0,0.0
2017-05-26 00:00:00+05:30,190.6999969482422,203.14999389648438,189.39999389648438,198.39999389648438,187.36253356933594,17803837,0.0,0.0
2017-05-29 00:00:00+05:30,198.3000030517578,204.89999389648438,197.25,201.25,190.05398559570312,12516450,0.0,0.0
2017-05-30 00:00:00+05:30,202.4499969482422,210.35000610351562,201.14999389648438,203.14999389648438,191.8482666015625,27444380,0.0,0.0
2017-05-31 00:00:00+05:30,203.9499969482422,208.25,200.0,200.6999969482422,189.5345916748047,26247788,0.0,0.0
2017-06-01 00:00:00+05:30,200.5,201.4499969482422,195.25,197.25,186.2765350341797,12262290,0.0,0.0
2017-06-02 00:00:00+05:30,198.3000030517578,200.1999969482422,194.64999389648438,197.0500030517578,186.08766174316406,8824329,0.0,0.0
2017-06-05 00:00:00+05:30,197.0,199.8000030517578,195.5,197.10000610351562,186.13487243652344,7725805,0.0,0.0
2017-06-06 00:00:00+05:30,197.0500030517578,198.14999389648438,194.8000030517578,195.4499969482422,184.57666015625,6027099,0.0,0.0
2017-06-07 00:00:00+05:30,196.0500030517578,197.9499969482422,194.85000610351562,197.1999969482422,186.22930908203125,7822110,0.0,0.0
2017-06-08 00:00:00+05:30,197.1999969482422,200.6999969482422,197.10000610351562,198.4499969482422,187.4097442626953,7250812,0.0,0.0
2017-06-09 00:00:00+05:30,198.75,202.89999389648438,196.25,202.14999389648438,190.9039306640625,9077091,0.0,0.0
2017-06-12 00:00:00+05:30,201.14999389648438,204.3000030517578,198.6999969482422,200.60000610351562,189.44015502929688,7589316,0.0,0.0
2017-06-13 00:00:00+05:30,200.75,203.1999969482422,199.5,200.60000610351562,189.44015502929688,6458838,0.0,0.0
2017-06-14 00:00:00+05:30,200.60000610351562,201.0,196.14999389648438,200.14999389648438,189.01516723632812,8933791,0.0,0.0
2017-06-15 00:00:00+05:30,198.89999389648438,200.5,196.10000610351562,196.60000610351562,185.66270446777344,8424950,0.0,0.0
2017-06-16 00:00:00+05:30,196.60000610351562,197.6999969482422,194.89999389648438,195.25,184.3877716064453,6718837,0.0,0.0
2017-06-19 00:00:00+05:30,196.60000610351562,201.4499969482422,196.0,200.85000610351562,189.67623901367188,6775145,0.0,0.0
2017-06-20 00:00:00+05:30,201.9499969482422,202.89999389648438,199.39999389648438,202.0,190.76226806640625,7011446,0.0,0.0
2017-06-21 00:00:00+05:30,200.4499969482422,200.5,195.6999969482422,196.5500030517578,185.615478515625,10786414,0.0,0.0
2017-06-22 00:00:00+05:30,197.5500030517578,198.0,191.10000610351562,191.60000610351562,180.94085693359375,9349289,0.0,0.0
2017-06-23 00:00:00+05:30,191.25,191.3000030517578,186.60000610351562,188.6999969482422,178.20217895507812,14335956,0.0,0.0
2017-06-27 00:00:00+05:30,189.39999389648438,189.89999389648438,185.10000610351562,187.75,177.30503845214844,6723293,0.0,0.0
2017-06-28 00:00:00+05:30,188.0,190.39999389648438,185.8000030517578,189.85000610351562,179.28819274902344,8184171,0.0,0.0
2017-06-29 00:00:00+05:30,192.0,193.60000610351562,191.39999389648438,192.1999969482422,181.50743103027344,7868064,0.0,0.0
2017-06-30 00:00:00+05:30,191.9499969482422,192.64999389648438,189.39999389648438,190.9499969482422,180.32699584960938,7522346,0.0,0.0
2017-07-03 00:00:00+05:30,191.1999969482422,197.8000030517578,191.1999969482422,196.64999389648438,185.7098846435547,13851222,0.0,0.0
2017-07-04 00:00:00+05:30,197.35000610351562,200.14999389648438,197.14999389648438,198.39999389648438,187.36253356933594,15943321,0.0,0.0
2017-07-05 00:00:00+05:30,198.64999389648438,200.0,197.25,198.8000030517578,187.7402801513672,6510422,0.0,0.0
2017-07-06 00:00:00+05:30,198.0500030517578,199.60000610351562,196.14999389648438,196.64999389648438,185.7098846435547,6864881,0.0,0.0
2017-07-07 00:00:00+05:30,195.3000030517578,197.89999389648438,194.5500030517578,194.89999389648438,184.05723571777344,7307585,0.0,0.0
2017-07-10 00:00:00+05:30,195.39999389648438,197.1999969482422,194.0,195.8000030517578,184.90719604492188,3225083,0.0,0.0
2017-07-11 00:00:00+05:30,195.5,202.3000030517578,195.25,200.64999389648438,189.4873504638672,15115931,0.0,0.0
2017-07-12 00:00:00+05:30,201.75,202.39999389648438,199.0500030517578,200.60000610351562,189.44015502929688,8329987,0.0,0.0
2017-07-13 00:00:00+05:30,201.60000610351562,205.60000610351562,197.6999969482422,204.6999969482422,193.3120574951172,11902359,0.0,0.0
2017-07-14 00:00:00+05:30,205.8000030517578,207.39999389648438,204.0,205.9499969482422,194.49252319335938,14793571,0.0,0.0
2017-07-17 00:00:00+05:30,206.14999389648438,209.5,206.14999389648438,209.14999389648438,197.5144805908203,9977809,0.0,0.0
2017-07-18 00:00:00+05:30,207.9499969482422,210.39999389648438,206.39999389648438,207.39999389648438,195.86184692382812,7529525,0.0,0.0
2017-07-19 00:00:00+05:30,207.5,213.89999389648438,207.39999389648438,213.4499969482422,201.57525634765625,13700281,0.0,0.0
2017-07-20 00:00:00+05:30,213.3000030517578,214.60000610351562,211.3000030517578,213.64999389648438,201.76412963867188,6600194,0.0,0.0
2017-07-21 00:00:00+05:30,213.39999389648438,215.60000610351562,208.0,214.5500030517578,202.6140899658203,9896744,0.0,0.0
2017-07-24 00:00:00+05:30,214.6999969482422,215.8000030517578,212.14999389648438,214.39999389648438,202.47239685058594,7911040,0.0,0.0
2017-07-25 00:00:00+05:30,215.0,220.89999389648438,213.25,220.1999969482422,207.9497528076172,10567887,0.0,0.0
2017-07-26 00:00:00+05:30,222.0,222.8000030517578,218.75,221.5500030517578,209.2246551513672,8253006,0.0,0.0
2017-07-27 00:00:00+05:30,221.75,223.75,219.4499969482422,221.25,208.94134521484375,8395336,0.0,0.0
2017-07-28 00:00:00+05:30,219.9499969482422,219.9499969482422,214.0,215.85000610351562,203.84176635742188,6034925,0.0,0.0
2017-07-31 00:00:00+05:30,216.0,220.85000610351562,215.5,219.64999389648438,207.43032836914062,5389040,0.0,0.0
2017-08-01 00:00:00+05:30,221.10000610351562,226.64999389648438,221.10000610351562,225.75,213.1909942626953,10837725,0.0,0.0
2017-08-02 00:00:00+05:30,225.60000610351562,228.89999389648438,222.5500030517578,228.1999969482422,215.5047149658203,6397948,0.0,0.0
2017-08-03 00:00:00+05:30,227.8000030517578,227.8000030517578,220.1999969482422,220.9499969482422,208.6580352783203,10254636,0.0,0.0
2017-08-04 00:00:00+05:30,218.35000610351562,225.89999389648438,218.35000610351562,225.25,212.7188262939453,5760887,0.0,0.0
2017-08-07 00:00:00+05:30,226.35000610351562,228.6999969482422,224.10000610351562,227.64999389648438,214.9853057861328,4951339,0.0,0.0
2017-08-08 00:00:00+05:30,233.0,244.89999389648438,232.3000030517578,234.89999389648438,221.8319549560547,24897407,0.0,0.0
2017-08-09 00:00:00+05:30,237.6999969482422,243.1999969482422,237.39999389648438,239.4499969482422,226.12884521484375,12844802,0.0,0.0
2017-08-10 00:00:00+05:30,239.0,244.8000030517578,234.75,238.0,224.75950622558594,10897284,0.0,0.0
2017-08-11 00:00:00+05:30,235.0,235.0,218.0,221.0,208.7052764892578,21126006,0.0,0.0
2017-08-14 00:00:00+05:30,223.10000610351562,231.6999969482422,223.10000610351562,229.14999389648438,216.40182495117188,10891996,0.0,0.0
2017-08-16 00:00:00+05:30,232.25,236.3000030517578,227.14999389648438,233.60000610351562,220.6042938232422,10236544,0.0,0.0
2017-08-17 00:00:00+05:30,236.5,239.5,227.8000030517578,230.3000030517578,217.48788452148438,10310147,0.0,0.0
2017-08-18 00:00:00+05:30,227.0,232.5500030517578,225.75,230.0500030517578,217.25180053710938,10750779,0.0,0.0
2017-08-21 00:00:00+05:30,233.8000030517578,236.5,223.9499969482422,224.89999389648438,212.38824462890625,7018024,0.0,0.0
2017-08-22 00:00:00+05:30,228.0,231.64999389648438,225.8000030517578,228.89999389648438,216.16574096679688,12201333,0.0,0.0
2017-08-23 00:00:00+05:30,230.0,231.5,225.85000610351562,230.89999389648438,218.0544891357422,7189281,0.0,0.0
2017-08-24 00:00:00+05:30,232.0,234.64999389648438,230.3000030517578,233.0,220.0376739501953,9492099,0.0,0.0
2017-08-28 00:00:00+05:30,234.1999969482422,235.5,231.8000030517578,233.5500030517578,220.5570526123047,5152003,0.0,0.0
2017-08-29 00:00:00+05:30,234.0,234.25,226.60000610351562,227.3000030517578,214.65476989746094,9095620,0.0,0.0
2017-08-30 00:00:00+05:30,230.85000610351562,237.6999969482422,230.14999389648438,236.35000610351562,223.20130920410156,12685001,0.0,0.0
2017-08-31 00:00:00+05:30,237.8000030517578,239.4499969482422,235.10000610351562,238.0,224.75950622558594,23200769,0.0,0.0
2017-09-01 00:00:00+05:30,239.25,245.0,238.0500030517578,243.75,230.18959045410156,9852014,0.0,0.0
2017-09-04 00:00:00+05:30,244.4499969482422,247.0,237.5500030517578,242.4499969482422,228.96194458007812,11283027,0.0,0.0
2017-09-05 00:00:00+05:30,243.1999969482422,244.35000610351562,240.1999969482422,241.89999389648438,229.4837188720703,3776840,1.1,0.0
2017-09-06 00:00:00+05:30,236.0,246.6999969482422,236.0,245.8000030517578,233.18353271484375,9688366,0.0,0.0
2017-09-07 00:00:00+05:30,247.5,251.25,245.64999389648438,249.9499969482422,237.12051391601562,11330389,0.0,0.0
2017-09-08 00:00:00+05:30,251.75,255.4499969482422,246.64999389648438,249.5500030517578,236.7410430908203,11886595,0.0,0.0
2017-09-11 00:00:00+05:30,251.4499969482422,252.5,246.60000610351562,250.0500030517578,237.2153778076172,6580356,0.0,0.0
2017-09-12 00:00:00+05:30,250.5,254.60000610351562,249.5,250.9499969482422,238.06919860839844,6812508,0.0,0.0
2017-09-13 00:00:00+05:30,250.25,251.6999969482422,246.35000610351562,248.0,235.27061462402344,4323093,0.0,0.0
2017-09-14 00:00:00+05:30,249.3000030517578,252.0,244.4499969482422,247.1999969482422,234.51165771484375,7307378,0.0,0.0
2017-09-15 00:00:00+05:30,245.0500030517578,249.6999969482422,241.39999389648438,247.8000030517578,235.08087158203125,8809971,0.0,0.0
2017-09-18 00:00:00+05:30,248.60000610351562,251.35000610351562,247.75,249.5,236.693603515625,5570498,0.0,0.0
2017-09-19 00:00:00+05:30,250.39999389648438,250.39999389648438,245.60000610351562,246.5,233.8476104736328,4938461,0.0,0.0
2017-09-20 00:00:00+05:30,247.39999389648438,248.9499969482422,241.8000030517578,244.10000610351562,231.57080078125,9917420,0.0,0.0
2017-09-21 00:00:00+05:30,245.5,245.8000030517578,236.3000030517578,244.5500030517578,231.99771118164062,9888709,0.0,0.0
2017-09-22 00:00:00+05:30,243.3000030517578,243.3000030517578,229.10000610351562,230.89999389648438,219.04832458496094,14454217,0.0,0.0
2017-09-25 00:00:00+05:30,231.39999389648438,232.5,223.3000030517578,229.10000610351562,217.34072875976562,9248669,0.0,0.0
2017-09-26 00:00:00+05:30,228.25,235.35000610351562,227.8000030517578,234.60000610351562,222.55841064453125,7602977,0.0,0.0
2017-09-27 00:00:00+05:30,234.75,235.1999969482422,230.6999969482422,233.64999389648438,221.6571807861328,6569514,0.0,0.0
2017-09-28 00:00:00+05:30,232.5,239.6999969482422,232.35000610351562,238.4499969482422,226.21078491210938,15196210,0.0,0.0
2017-09-29 00:00:00+05:30,241.3000030517578,242.64999389648438,238.60000610351562,240.60000610351562,228.2504425048828,9189997,0.0,0.0
2017-10-03 00:00:00+05:30,242.5,244.6999969482422,238.1999969482422,241.60000610351562,229.19911193847656,4986233,0.0,0.0
2017-10-04 00:00:00+05:30,242.0500030517578,243.0,240.3000030517578,241.89999389648438,229.4837188720703,3207388,0.0,0.0
2017-10-05 00:00:00+05:30,242.0,242.85000610351562,239.39999389648438,240.75,228.39276123046875,3698369,0.0,0.0
2017-10-06 00:00:00+05:30,241.0,252.14999389648438,241.0,250.89999389648438,238.02175903320312,9453802,0.0,0.0
2017-10-09 00:00:00+05:30,250.4499969482422,253.39999389648438,248.35000610351562,249.5,236.693603515625,5744914,0.0,0.0
2017-10-10 00:00:00+05:30,250.5,253.5,248.10000610351562,252.0500030517578,239.1127166748047,8106676,0.0,0.0
2017-10-11 00:00:00+05:30,252.9499969482422,254.60000610351562,246.60000610351562,249.5,236.693603515625,9799296,0.0,0.0
2017-10-12 00:00:00+05:30,250.25,265.3999938964844,249.6999969482422,264.45001220703125,250.8762969970703,30320448,0.0,0.0
2017-10-13 00:00:00+05:30,264.70001220703125,267.6499938964844,261.5,266.6000061035156,252.9158935546875,12276907,0.0,0.0
2017-10-16 00:00:00+05:30,268.45001220703125,272.8999938964844,267.5,271.3999938964844,257.469482421875,14632858,0.0,0.0
2017-10-17 00:00:00+05:30,271.8999938964844,277.8999938964844,269.5,276.5,262.3077392578125,9929992,0.0,0.0
2017-10-18 00:00:00+05:30,277.0,278.45001220703125,273.20001220703125,275.29998779296875,261.1693420410156,9664157,0.0,0.0
2017-10-19 00:00:00+05:30,275.0,275.25,273.1499938964844,273.8999938964844,259.8412170410156,569539,0.0,0.0
2017-10-23 00:00:00+05:30,274.6499938964844,278.54998779296875,269.45001220703125,271.8999938964844,257.94384765625,6263035,0.0,0.0
2017-10-24 00:00:00+05:30,269.6000061035156,275.0,267.5,268.8500061035156,255.05039978027344,9597374,0.0,0.0
2017-10-25 00:00:00+05:30,271.79998779296875,272.3999938964844,264.25,266.75,253.05821228027344,7240195,0.0,0.0
2017-10-26 00:00:00+05:30,269.25,275.29998779296875,268.0,272.8999938964844,258.8925476074219,8484342,0.0,0.0
2017-10-27 00:00:00+05:30,275.95001220703125,276.29998779296875,269.1499938964844,270.04998779296875,256.1888427734375,4587536,0.0,0.0
2017-10-30 00:00:00+05:30,270.54998779296875,275.79998779296875,270.45001220703125,273.20001220703125,259.1771545410156,4647384,0.0,0.0
2017-10-31 00:00:00+05:30,272.20001220703125,273.79998779296875,264.75,267.3999938964844,253.67486572265625,4764121,0.0,0.0
2017-11-01 00:00:00+05:30,269.5,276.0,267.6000061035156,275.29998779296875,261.1693420410156,9043536,0.0,0.0
2017-11-02 00:00:00+05:30,276.0,276.0,266.3500061035156,270.79998779296875,256.90032958984375,8317616,0.0,0.0
2017-11-03 00:00:00+05:30,276.3999938964844,277.6000061035156,265.6000061035156,268.8999938964844,255.09786987304688,14396735,0.0,0.0
2017-11-06 00:00:00+05:30,268.70001220703125,274.6000061035156,261.0,272.95001220703125,258.9400329589844,10582403,0.0,0.0
2017-11-07 00:00:00+05:30,273.8500061035156,274.8999938964844,264.0,266.8999938964844,253.2005157470703,8882930,0.0,0.0
2017-11-08 00:00:00+05:30,268.20001220703125,269.8500061035156,259.20001220703125,263.04998779296875,249.54808044433594,7922193,0.0,0.0
2017-11-09 00:00:00+05:30,267.1000061035156,267.95001220703125,259.0,263.29998779296875,249.78526306152344,7419140,0.0,0.0
2017-11-10 00:00:00+05:30,261.5,267.04998779296875,260.79998779296875,264.04998779296875,250.49676513671875,5272277,0.0,0.0
2017-11-13 00:00:00+05:30,264.0,265.25,258.79998779296875,260.8999938964844,247.50845336914062,5439255,0.0,0.0
2017-11-14 00:00:00+05:30,260.1000061035156,264.75,259.1499938964844,261.0,247.60333251953125,5575097,0.0,0.0
2017-11-15 00:00:00+05:30,259.5,259.70001220703125,248.39999389648438,251.85000610351562,238.92300415039062,9886735,0.0,0.0
2017-11-16 00:00:00+05:30,253.5500030517578,256.1499938964844,251.35000610351562,254.6999969482422,241.62669372558594,5264913,0.0,0.0
2017-11-17 00:00:00+05:30,256.75,263.20001220703125,256.75,258.8500061035156,245.56370544433594,5927180,0.0,0.0
2017-11-20 00:00:00+05:30,259.0,262.5,253.3000030517578,261.45001220703125,248.0302734375,6377940,0.0,0.0
2017-11-21 00:00:00+05:30,262.6000061035156,265.1000061035156,259.25,261.45001220703125,248.0302734375,3610061,0.0,0.0
2017-11-22 00:00:00+05:30,262.79998779296875,263.8500061035156,256.79998779296875,257.75,244.5201416015625,4497727,0.0,0.0
2017-11-23 00:00:00+05:30,257.0,258.6499938964844,250.0500030517578,255.25,242.14846801757812,9682203,0.0,0.0
2017-11-24 00:00:00+05:30,255.3000030517578,255.75,251.0,251.64999389648438,238.73324584960938,6186665,0.0,0.0
2017-11-27 00:00:00+05:30,250.89999389648438,253.60000610351562,247.1999969482422,249.64999389648438,236.83592224121094,7592581,0.0,0.0
2017-11-28 00:00:00+05:30,249.14999389648438,253.0,248.0,250.64999389648438,237.7845916748047,4692698,0.0,0.0
2017-11-29 00:00:00+05:30,250.89999389648438,251.9499969482422,246.0,246.89999389648438,234.22708129882812,5285364,0.0,0.0
2017-11-30 00:00:00+05:30,245.10000610351562,247.4499969482422,239.5,240.4499969482422,228.10812377929688,14998374,0.0,0.0
2017-12-01 00:00:00+05:30,240.5,241.35000610351562,233.5500030517578,235.35000610351562,223.26991271972656,7209250,0.0,0.0
2017-12-04 00:00:00+05:30,236.5,240.85000610351562,234.64999389648438,239.5500030517578,227.25436401367188,6457124,0.0,0.0
2017-12-05 00:00:00+05:30,238.85000610351562,241.6999969482422,235.6999969482422,240.0500030517578,227.72869873046875,6775195,0.0,0.0
2017-12-06 00:00:00+05:30,236.5,236.64999389648438,231.1999969482422,232.10000610351562,220.1867218017578,7402990,0.0,0.0
2017-12-07 00:00:00+05:30,232.5,238.0,229.39999389648438,237.1999969482422,225.0249481201172,7697931,0.0,0.0
2017-12-08 00:00:00+05:30,238.4499969482422,243.9499969482422,237.5500030517578,239.6999969482422,227.39662170410156,8857585,0.0,0.0
2017-12-11 00:00:00+05:30,240.0,240.85000610351562,236.0500030517578,238.10000610351562,225.87876892089844,6613622,0.0,0.0
2017-12-12 00:00:00+05:30,238.4499969482422,243.1999969482422,236.60000610351562,237.9499969482422,225.7364501953125,5268296,0.0,0.0
2017-12-13 00:00:00+05:30,235.64999389648438,239.89999389648438,233.5500030517578,234.4499969482422,222.4160919189453,7349390,0.0,0.0
2017-12-14 00:00:00+05:30,235.5,238.0,233.0500030517578,236.39999389648438,224.26600646972656,6618531,0.0,0.0
2017-12-15 00:00:00+05:30,240.85000610351562,243.9499969482422,239.10000610351562,242.75,230.2900848388672,6290840,0.0,0.0
2017-12-18 00:00:00+05:30,241.0,254.3000030517578,235.5,249.64999389648438,236.83592224121094,13833894,0.0,0.0
2017-12-19 00:00:00+05:30,252.0,254.89999389648438,250.60000610351562,254.3000030517578,241.2472686767578,5550113,0.0,0.0
2017-12-20 00:00:00+05:30,254.5,261.0,251.1999969482422,258.3500061035156,245.08937072753906,15519081,0.0,0.0
2017-12-21 00:00:00+05:30,260.8999938964844,264.6499938964844,259.6499938964844,263.29998779296875,249.78526306152344,13770746,0.0,0.0
2017-12-22 00:00:00+05:30,263.5,269.5,263.3500061035156,267.8500061035156,254.10174560546875,7760233,0.0,0.0
2017-12-26 00:00:00+05:30,268.79998779296875,270.5,266.5,268.6499938964844,254.86068725585938,4332214,0.0,0.0
2017-12-27 00:00:00+05:30,268.8999938964844,269.70001220703125,264.70001220703125,265.75,252.10952758789062,6351948,0.0,0.0
2017-12-28 00:00:00+05:30,267.0,278.79998779296875,267.0,275.25,261.12188720703125,22938436,0.0,0.0
2017-12-29 00:00:00+05:30,276.75,276.75,270.70001220703125,273.54998779296875,259.5091857910156,5007765,0.0,0.0
2018-01-01 00:00:00+05:30,273.0,277.8999938964844,270.0,271.1499938964844,257.23236083984375,4614411,0.0,0.0
2018-01-02 00:00:00+05:30,274.3999938964844,274.3999938964844,268.1000061035156,271.8999938964844,257.94384765625,4546324,0.0,0.0
2018-01-03 00:00:00+05:30,273.3999938964844,279.3500061035156,273.1000061035156,276.5,262.3077392578125,7285874,0.0,0.0
2018-01-04 00:00:00+05:30,277.1000061035156,281.29998779296875,274.79998779296875,279.79998779296875,265.4383544921875,10346774,0.0,0.0
2018-01-05 00:00:00+05:30,282.0,284.0,275.1000061035156,276.3999938964844,262.2128601074219,7084973,0.0,0.0
2018-01-08 00:00:00+05:30,277.0,279.04998779296875,273.70001220703125,276.1499938964844,261.9757385253906,4157464,0.0,0.0
2018-01-09 00:00:00+05:30,277.54998779296875,277.54998779296875,270.6499938964844,271.5,257.56439208984375,5197857,0.0,0.0
2018-01-10 00:00:00+05:30,272.79998779296875,276.5,266.6000061035156,268.79998779296875,255.0029754638672,7472579,0.0,0.0
2018-01-11 00:00:00+05:30,268.79998779296875,271.1499938964844,266.79998779296875,267.75,254.0068817138672,6502479,0.0,0.0
2018-01-12 00:00:00+05:30,269.0,271.6000061035156,266.6499938964844,268.8500061035156,255.05039978027344,4435500,0.0,0.0
2018-01-15 00:00:00+05:30,270.20001220703125,274.6499938964844,265.79998779296875,266.70001220703125,253.0107879638672,6592272,0.0,0.0
2018-01-16 00:00:00+05:30,267.79998779296875,268.0,259.70001220703125,260.54998779296875,247.17645263671875,8447591,0.0,0.0
2018-01-17 00:00:00+05:30,260.29998779296875,265.25,256.45001220703125,262.75,249.2635498046875,11037340,0.0,0.0
2018-01-18 00:00:00+05:30,263.70001220703125,263.70001220703125,252.10000610351562,253.89999389648438,240.86776733398438,11341249,0.0,0.0
2018-01-19 00:00:00+05:30,254.0,259.3500061035156,252.1999969482422,258.0,244.75732421875,5898314,0.0,0.0
2018-01-22 00:00:00+05:30,258.0,258.79998779296875,251.10000610351562,255.10000610351562,242.00619506835938,6230212,0.0,0.0
2018-01-23 00:00:00+05:30,256.1000061035156,270.70001220703125,256.1000061035156,264.95001220703125,251.3506317138672,17400430,0.0,0.0
2018-01-24 00:00:00+05:30,263.54998779296875,264.3999938964844,256.79998779296875,258.70001220703125,245.4214324951172,6409442,0.0,0.0
2018-01-25 00:00:00+05:30,259.29998779296875,266.8500061035156,256.3999938964844,258.95001220703125,245.6585693359375,15254979,0.0,0.0
2018-01-29 00:00:00+05:30,261.6000061035156,263.8999938964844,253.39999389648438,258.6000061035156,245.32652282714844,5990929,0.0,0.0
2018-01-30 00:00:00+05:30,257.75,258.0,252.5500030517578,253.5500030517578,240.53573608398438,5286436,0.0,0.0
2018-01-31 00:00:00+05:30,253.39999389648438,263.20001220703125,252.0,256.1499938964844,243.0022735595703,17514495,0.0,0.0
2018-02-01 00:00:00+05:30,257.79998779296875,259.5,248.75,256.25,243.09715270996094,8940788,0.0,0.0
2018-02-02 00:00:00+05:30,256.45001220703125,261.6499938964844,245.75,249.85000610351562,237.02565002441406,21737420,0.0,0.0
2018-02-05 00:00:00+05:30,242.5,249.39999389648438,240.25,246.60000610351562,233.94247436523438,8462501,0.0,0.0
2018-02-06 00:00:00+05:30,236.0,248.5,232.5,244.39999389648438,231.8553924560547,10473645,0.0,0.0
2018-02-07 00:00:00+05:30,245.0,253.0,244.10000610351562,246.0,233.3732452392578,13707458,0.0,0.0
2018-02-08 00:00:00+05:30,245.60000610351562,249.35000610351562,240.5,245.1999969482422,232.6143341064453,10180978,0.0,0.0
2018-02-09 00:00:00+05:30,240.0,245.5,237.35000610351562,243.5,231.00157165527344,7024965,0.0,0.0
2018-02-12 00:00:00+05:30,247.0,247.64999389648438,242.0,243.25,230.76441955566406,5557349,0.0,0.0
2018-02-14 00:00:00+05:30,246.3000030517578,246.5500030517578,241.75,243.25,230.76441955566406,7121280,0.0,0.0
2018-02-15 00:00:00+05:30,245.5,254.25,244.0,251.5,238.5909423828125,10053559,0.0,0.0
2018-02-16 00:00:00+05:30,255.5,256.95001220703125,246.39999389648438,247.64999389648438,234.93856811523438,7629453,0.0,0.0
2018-02-19 00:00:00+05:30,248.10000610351562,250.5,242.60000610351562,247.5500030517578,234.8437042236328,6056718,0.0,0.0
2018-02-20 00:00:00+05:30,247.8000030517578,252.39999389648438,246.8000030517578,248.8000030517578,236.029541015625,4778807,0.0,0.0
2018-02-21 00:00:00+05:30,250.5,250.8000030517578,238.75,240.64999389648438,228.2978515625,11901519,0.0,0.0
2018-02-22 00:00:00+05:30,238.5,241.0,233.85000610351562,239.89999389648438,227.5863494873047,13120748,0.0,0.0
2018-02-23 00:00:00+05:30,241.5,247.4499969482422,240.0500030517578,246.5500030517578,233.89503479003906,6908252,0.0,0.0
2018-02-26 00:00:00+05:30,246.5500030517578,251.4499969482422,244.60000610351562,246.1999969482422,233.56300354003906,6522004,0.0,0.0
2018-02-27 00:00:00+05:30,248.64999389648438,249.89999389648438,243.35000610351562,244.3000030517578,231.76051330566406,4805004,0.0,0.0
2018-02-28 00:00:00+05:30,240.75,246.64999389648438,238.64999389648438,245.39999389648438,232.80406188964844,8747792,0.0,0.0
2018-03-01 00:00:00+05:30,243.39999389648438,247.0,239.0,240.8000030517578,228.440185546875,5767109,0.0,0.0
2018-03-05 00:00:00+05:30,236.0,236.0,228.1999969482422,229.60000610351562,217.81503295898438,12425050,0.0,0.0
2018-03-06 00:00:00+05:30,231.0,235.10000610351562,224.14999389648438,225.85000610351562,214.25753784179688,12488311,0.0,0.0
2018-03-07 00:00:00+05:30,222.0,225.3000030517578,219.10000610351562,224.4499969482422,212.9293975830078,13960066,0.0,0.0
2018-03-08 00:00:00+05:30,226.5,227.5,217.6999969482422,222.6999969482422,211.2692108154297,7733982,0.0,0.0
2018-03-09 00:00:00+05:30,224.6999969482422,226.14999389648438,219.35000610351562,220.1999969482422,208.89752197265625,13433660,0.0,0.0
2018-03-12 00:00:00+05:30,220.0500030517578,228.60000610351562,217.39999389648438,227.64999389648438,215.96514892578125,9531278,0.0,0.0
2018-03-13 00:00:00+05:30,225.0,227.9499969482422,222.5,226.14999389648438,214.5421142578125,9990633,0.0,0.0
2018-03-14 00:00:00+05:30,223.5,227.89999389648438,221.6999969482422,226.6999969482422,215.0638885498047,6385584,0.0,0.0
2018-03-15 00:00:00+05:30,226.0,227.10000610351562,223.0,224.89999389648438,213.3562774658203,6730350,0.0,0.0
2018-03-16 00:00:00+05:30,224.0,227.3000030517578,220.14999389648438,221.6999969482422,210.32052612304688,7793461,0.0,0.0
2018-03-19 00:00:00+05:30,222.6999969482422,223.89999389648438,212.0,214.5500030517578,203.5375213623047,6780348,0.0,0.0
2018-03-20 00:00:00+05:30,211.0,218.8000030517578,210.3000030517578,217.3000030517578,206.14639282226562,9600657,0.0,0.0
2018-03-21 00:00:00+05:30,219.0,219.85000610351562,213.3000030517578,214.6999969482422,203.67984008789062,8817896,0.0,0.0
2018-03-22 00:00:00+05:30,215.6999969482422,219.1999969482422,212.60000610351562,216.8000030517578,205.67202758789062,8362938,0.0,0.0
2018-03-23 00:00:00+05:30,209.0,210.6999969482422,204.3000030517578,206.10000610351562,195.5212860107422,12819120,0.0,0.0
2018-03-26 00:00:00+05:30,205.35000610351562,211.5,202.60000610351562,210.5500030517578,199.74285888671875,10187531,0.0,0.0
2018-03-27 00:00:00+05:30,212.89999389648438,219.3000030517578,210.14999389648438,218.5,207.28480529785156,15563344,0.0,0.0
2018-03-28 00:00:00+05:30,216.5,216.5,212.3000030517578,214.5500030517578,203.5375213623047,13861721,0.0,0.0
2018-04-02 00:00:00+05:30,216.5500030517578,216.8000030517578,210.10000610351562,211.25,200.4069061279297,8156843,0.0,0.0
2018-04-03 00:00:00+05:30,210.0,211.6999969482422,204.4499969482422,207.9499969482422,197.2762908935547,18145471,0.0,0.0
2018-04-04 00:00:00+05:30,208.0,210.10000610351562,200.0,200.8000030517578,190.49327087402344,17752702,0.0,0.0
2018-04-05 00:00:00+05:30,206.6999969482422,214.9499969482422,206.14999389648438,214.14999389648438,203.1580810546875,24201909,0.0,0.0
2018-04-06 00:00:00+05:30,210.0500030517578,215.9499969482422,210.0500030517578,214.0,203.01577758789062,15008286,0.0,0.0
2018-04-09 00:00:00+05:30,214.64999389648438,223.5,214.64999389648438,221.35000610351562,209.988525390625,18411692,0.0,0.0
2018-04-10 00:00:00+05:30,230.0,232.85000610351562,228.5,230.0,218.19451904296875,27519382,0.0,0.0
2018-04-11 00:00:00+05:30,235.0,236.5,231.10000610351562,234.1999969482422,222.178955078125,18802049,0.0,0.0
2018-04-12 00:00:00+05:30,233.9499969482422,235.60000610351562,231.0500030517578,232.60000610351562,220.66104125976562,11712671,0.0,0.0
2018-04-13 00:00:00+05:30,235.0,238.5,234.60000610351562,237.8000030517578,225.59417724609375,16774668,0.0,0.0
2018-04-16 00:00:00+05:30,237.1999969482422,240.6999969482422,235.5500030517578,239.4499969482422,227.15945434570312,9325515,0.0,0.0
2018-04-17 00:00:00+05:30,241.5,246.8000030517578,238.0,239.39999389648438,227.1120147705078,16417908,0.0,0.0
2018-04-18 00:00:00+05:30,239.6999969482422,244.75,236.0500030517578,242.8000030517578,230.33750915527344,23323232,0.0,0.0
2018-04-19 00:00:00+05:30,250.0,267.79998779296875,249.10000610351562,264.75,251.1608428955078,37033062,0.0,0.0
2018-04-20 00:00:00+05:30,255.9499969482422,263.5,254.25,262.1000061035156,248.6468963623047,23314520,0.0,0.0
2018-04-23 00:00:00+05:30,263.0,264.95001220703125,254.3000030517578,255.60000610351562,242.48052978515625,9559885,0.0,0.0
2018-04-24 00:00:00+05:30,239.0,239.0,231.10000610351562,236.75,224.59803771972656,35117665,0.0,0.0
2018-04-25 00:00:00+05:30,234.75,236.39999389648438,230.10000610351562,232.0500030517578,220.1392822265625,10496552,0.0,0.0
2018-04-26 00:00:00+05:30,233.25,238.6999969482422,231.4499969482422,234.0,221.98922729492188,16400986,0.0,0.0
2018-04-27 00:00:00+05:30,236.75,237.9499969482422,234.0,234.9499969482422,222.89044189453125,9169183,0.0,0.0
2018-04-30 00:00:00+05:30,236.1999969482422,238.35000610351562,232.35000610351562,235.64999389648438,223.55450439453125,5872046,0.0,0.0
2018-05-02 00:00:00+05:30,235.0,235.75,226.1999969482422,228.0500030517578,216.3446044921875,8849434,0.0,0.0
2018-05-03 00:00:00+05:30,229.0500030517578,234.5,227.60000610351562,231.5500030517578,219.66494750976562,10232446,0.0,0.0
2018-05-04 00:00:00+05:30,231.39999389648438,232.8000030517578,227.0500030517578,231.35000610351562,219.4752197265625,7889501,0.0,0.0
2018-05-07 00:00:00+05:30,234.25,239.14999389648438,232.39999389648438,237.85000610351562,225.64161682128906,7746284,0.0,0.0
2018-05-08 00:00:00+05:30,237.8000030517578,239.85000610351562,232.8000030517578,238.6999969482422,226.4479522705078,8701503,0.0,0.0
2018-05-09 00:00:00+05:30,241.3000030517578,248.35000610351562,236.85000610351562,238.14999389648438,225.92616271972656,18653553,0.0,0.0
2018-05-10 00:00:00+05:30,240.25,242.89999389648438,236.8000030517578,241.3000030517578,228.91453552246094,8435591,0.0,0.0
2018-05-11 00:00:00+05:30,242.0,243.3000030517578,238.60000610351562,242.6999969482422,230.2426300048828,6236509,0.0,0.0
2018-05-14 00:00:00+05:30,243.1999969482422,244.6999969482422,239.75,242.10000610351562,229.6734619140625,6801148,0.0,0.0
2018-05-15 00:00:00+05:30,241.39999389648438,248.25,239.6999969482422,243.89999389648438,231.38104248046875,7445308,0.0,0.0
2018-05-16 00:00:00+05:30,243.25,247.60000610351562,237.0,239.75,227.44407653808594,17297698,0.0,0.0
2018-05-17 00:00:00+05:30,240.0,240.8000030517578,228.60000610351562,233.0500030517578,221.08795166015625,17195201,0.0,0.0
2018-05-18 00:00:00+05:30,232.0500030517578,235.4499969482422,230.60000610351562,231.5,219.6175079345703,7332967,0.0,0.0
2018-05-21 00:00:00+05:30,232.25,234.0,224.35000610351562,228.25,216.53433227539062,8159685,0.0,0.0
2018-05-22 00:00:00+05:30,229.0,236.1999969482422,225.14999389648438,234.9499969482422,222.89044189453125,9261805,0.0,0.0
2018-05-23 00:00:00+05:30,234.0,234.89999389648438,228.8000030517578,229.9499969482422,218.1470947265625,8998284,0.0,0.0
2018-05-24 00:00:00+05:30,231.0,235.64999389648438,227.14999389648438,234.10000610351562,222.08409118652344,9274702,0.0,0.0
2018-05-25 00:00:00+05:30,235.0,247.25,234.5500030517578,245.5,232.89892578125,15151718,0.0,0.0
2018-05-28 00:00:00+05:30,247.0,247.6999969482422,240.75,241.64999389648438,229.2465362548828,5898310,0.0,0.0
2018-05-29 00:00:00+05:30,240.0,244.89999389648438,239.39999389648438,242.5,230.05291748046875,6812212,0.0,0.0
2018-05-30 00:00:00+05:30,239.9499969482422,240.25,235.5500030517578,238.10000610351562,225.87876892089844,7818247,0.0,0.0
2018-05-31 00:00:00+05:30,239.3000030517578,239.89999389648438,233.0,234.1999969482422,222.178955078125,8948198,0.0,0.0
2018-06-01 00:00:00+05:30,233.8000030517578,239.5,231.0500030517578,238.5,226.25820922851562,7341372,0.0,0.0
2018-06-04 00:00:00+05:30,240.0,242.85000610351562,237.6999969482422,241.60000610351562,229.19911193847656,8045521,0.0,0.0
2018-06-05 00:00:00+05:30,240.1999969482422,243.1999969482422,237.6999969482422,242.0500030517578,229.62603759765625,5490029,0.0,0.0
2018-06-06 00:00:00+05:30,242.5,249.5500030517578,241.5,248.10000610351562,235.36546325683594,6455908,0.0,0.0
2018-06-07 00:00:00+05:30,252.0,255.5,247.4499969482422,248.60000610351562,235.8397979736328,12822346,0.0,0.0
2018-06-08 00:00:00+05:30,245.64999389648438,247.14999389648438,240.5500030517578,242.14999389648438,229.7208709716797,6829526,0.0,0.0
2018-06-11 00:00:00+05:30,242.0500030517578,245.64999389648438,241.85000610351562,244.6999969482422,232.13998413085938,5187556,0.0,0.0
2018-06-12 00:00:00+05:30,244.6999969482422,245.89999389648438,238.6999969482422,240.64999389648438,228.2978515625,4661081,0.0,0.0
2018-06-13 00:00:00+05:30,240.6999969482422,247.1999969482422,239.64999389648438,245.0,232.42459106445312,5976795,0.0,0.0
2018-06-14 00:00:00+05:30,245.0,249.5,243.3000030517578,244.75,232.18743896484375,6799990,0.0,0.0
2018-06-15 00:00:00+05:30,245.0,245.10000610351562,235.5500030517578,237.39999389648438,225.21469116210938,6786903,0.0,0.0
2018-06-18 00:00:00+05:30,235.0,235.0,229.0,231.0,219.14317321777344,6830177,0.0,0.0
2018-06-19 00:00:00+05:30,229.0,232.1999969482422,221.85000610351562,225.8000030517578,214.21011352539062,10126361,0.0,0.0
2018-06-20 00:00:00+05:30,226.0,229.75,224.0500030517578,226.1999969482422,214.58956909179688,7229700,0.0,0.0
2018-06-21 00:00:00+05:30,228.3000030517578,228.3000030517578,221.5,222.3000030517578,210.8897705078125,6019694,0.0,0.0
2018-06-22 00:00:00+05:30,222.0500030517578,222.75,218.6999969482422,222.0,210.6051483154297,9807671,0.0,0.0
2018-06-25 00:00:00+05:30,221.0500030517578,227.25,217.8000030517578,218.39999389648438,207.18991088867188,9318246,0.0,0.0
2018-06-26 00:00:00+05:30,218.5,223.6999969482422,216.8000030517578,222.9499969482422,211.50636291503906,8483133,0.0,0.0
2018-06-27 00:00:00+05:30,223.25,223.6999969482422,216.89999389648438,217.89999389648438,206.71556091308594,6888151,0.0,0.0
2018-06-28 00:00:00+05:30,218.0,222.60000610351562,216.14999389648438,221.0500030517578,209.70391845703125,10398473,0.0,0.0
2018-06-29 00:00:00+05:30,222.8000030517578,232.0,221.5500030517578,230.5,218.66885375976562,10441528,0.0,0.0
2018-07-02 00:00:00+05:30,231.0,231.10000610351562,218.85000610351562,223.25,211.79098510742188,9159214,0.0,0.0
2018-07-03 00:00:00+05:30,223.5,227.4499969482422,220.6999969482422,226.10000610351562,214.4947052001953,8001296,0.0,0.0
2018-07-04 00:00:00+05:30,225.8000030517578,225.8000030517578,220.10000610351562,224.10000610351562,212.5973663330078,5246876,0.0,0.0
2018-07-05 00:00:00+05:30,223.8000030517578,223.89999389648438,219.3000030517578,220.3000030517578,208.99240112304688,4773707,0.0,0.0
2018-07-06 00:00:00+05:30,219.39999389648438,226.35000610351562,214.5500030517578,220.4499969482422,209.13470458984375,8822679,0.0,0.0
2018-07-09 00:00:00+05:30,223.0,225.85000610351562,221.5,222.0500030517578,210.65257263183594,5167643,0.0,0.0
2018-07-10 00:00:00+05:30,224.25,230.0500030517578,224.0500030517578,229.0500030517578,217.29327392578125,11551274,0.0,0.0
2018-07-11 00:00:00+05:30,226.85000610351562,226.85000610351562,219.8000030517578,220.8000030517578,209.4667510986328,9759711,0.0,0.0
2018-07-12 00:00:00+05:30,221.0,225.89999389648438,219.64999389648438,220.3000030517578,208.99240112304688,8962227,0.0,0.0
2018-07-13 00:00:00+05:30,222.89999389648438,222.89999389648438,216.60000610351562,218.75,207.52197265625,5814556,0.0,0.0
2018-07-16 00:00:00+05:30,218.0,220.5,212.39999389648438,213.0500030517578,202.11453247070312,6440638,0.0,0.0
2018-07-17 00:00:00+05:30,211.0,221.25,208.0500030517578,219.5,208.2334747314453,8643253,0.0,0.0
2018-07-18 00:00:00+05:30,220.89999389648438,221.4499969482422,210.5,212.39999389648438,201.4978790283203,7509081,0.0,0.0
2018-07-19 00:00:00+05:30,214.0,214.39999389648438,194.5,197.60000610351562,187.45755004882812,33211007,0.0,0.0
2018-07-20 00:00:00+05:30,200.35000610351562,202.1999969482422,193.60000610351562,195.64999389648438,185.60763549804688,22835887,0.0,0.0
2018-07-23 00:00:00+05:30,196.10000610351562,198.4499969482422,192.35000610351562,196.14999389648438,186.0819549560547,13363743,0.0,0.0
2018-07-24 00:00:00+05:30,197.0,210.0,196.14999389648438,207.60000610351562,196.94427490234375,18526745,0.0,0.0
2018-07-25 00:00:00+05:30,209.6999969482422,213.3000030517578,207.5,209.0,198.2724151611328,15344017,0.0,0.0
2018-07-26 00:00:00+05:30,210.5,210.5,201.6999969482422,206.5500030517578,195.9481658935547,13565234,0.0,0.0
2018-07-27 00:00:00+05:30,212.75,220.8000030517578,212.0,213.39999389648438,202.4465789794922,30005793,0.0,0.0
2018-07-30 00:00:00+05:30,214.0,216.4499969482422,209.4499969482422,211.25,200.4069061279297,9030681,0.0,0.0
2018-07-31 00:00:00+05:30,211.0,214.9499969482422,207.6999969482422,213.39999389648438,202.4465789794922,11169360,0.0,0.0
2018-08-01 00:00:00+05:30,214.5,214.89999389648438,206.35000610351562,208.0,197.32374572753906,11173257,0.0,0.0
2018-08-02 00:00:00+05:30,206.0,210.75,203.25,207.89999389648438,197.22885131835938,12829967,0.0,0.0
2018-08-03 00:00:00+05:30,208.0500030517578,212.6999969482422,204.5,211.60000610351562,200.73895263671875,16743513,0.0,0.0
2018-08-06 00:00:00+05:30,212.60000610351562,216.8000030517578,210.3000030517578,216.10000610351562,205.0079803466797,10375458,0.0,0.0
2018-08-07 00:00:00+05:30,218.8000030517578,222.5500030517578,214.60000610351562,219.0,207.75912475585938,20854265,0.0,0.0
2018-08-08 00:00:00+05:30,223.0,224.89999389648438,219.39999389648438,220.60000610351562,209.2770233154297,20806040,0.0,0.0
2018-08-09 00:00:00+05:30,224.0,228.1999969482422,222.6999969482422,227.4499969482422,215.77540588378906,15345515,0.0,0.0
2018-08-10 00:00:00+05:30,228.75,228.8000030517578,220.1999969482422,222.6999969482422,211.2692108154297,13147995,0.0,0.0
2018-08-13 00:00:00+05:30,220.9499969482422,223.60000610351562,217.64999389648438,221.64999389648438,210.27308654785156,9996307,0.0,0.0
2018-08-14 00:00:00+05:30,221.0500030517578,223.9499969482422,220.25,221.4499969482422,210.0833740234375,7631497,0.0,0.0
2018-08-16 00:00:00+05:30,217.60000610351562,218.3000030517578,213.5,216.10000610351562,205.0079803466797,8129284,0.0,0.0
2018-08-17 00:00:00+05:30,218.5500030517578,221.1999969482422,217.60000610351562,219.6999969482422,208.42318725585938,5232908,0.0,0.0
2018-08-20 00:00:00+05:30,221.0,227.0,220.39999389648438,226.64999389648438,215.0164794921875,7597426,0.0,0.0
2018-08-21 00:00:00+05:30,227.9499969482422,228.14999389648438,224.1999969482422,226.39999389648438,214.779296875,6115262,0.0,0.0
2018-08-23 00:00:00+05:30,226.5,226.9499969482422,219.10000610351562,221.0500030517578,209.70391845703125,6182708,0.0,0.0
2018-08-24 00:00:00+05:30,219.0500030517578,223.35000610351562,216.64999389648438,222.10000610351562,210.70001220703125,9112060,0.0,0.0
2018-08-27 00:00:00+05:30,226.1999969482422,231.0,224.89999389648438,230.25,218.4316864013672,13523673,0.0,0.0
2018-08-28 00:00:00+05:30,233.64999389648438,240.0,231.60000610351562,239.0,226.73255920410156,18891748,0.0,0.0
2018-08-29 00:00:00+05:30,239.0,243.0,236.10000610351562,236.85000610351562,224.69293212890625,12141850,0.0,0.0
2018-08-30 00:00:00+05:30,238.60000610351562,241.60000610351562,235.6999969482422,240.25,227.9184112548828,9911302,0.0,0.0
2018-08-31 00:00:00+05:30,240.0,240.6999969482422,236.35000610351562,237.9499969482422,225.7364501953125,7187784,0.0,0.0
2018-09-03 00:00:00+05:30,237.5,242.85000610351562,236.60000610351562,239.39999389648438,227.1120147705078,8308169,0.0,0.0
2018-09-04 00:00:00+05:30,239.39999389648438,239.85000610351562,232.60000610351562,235.10000610351562,223.03274536132812,5836458,0.0,0.0
2018-09-05 00:00:00+05:30,233.10000610351562,240.89999389648438,231.3000030517578,239.9499969482422,227.6337890625,11428802,0.0,0.0
2018-09-06 00:00:00+05:30,239.10000610351562,240.39999389648438,234.3000030517578,235.39999389648438,223.31735229492188,7398756,0.0,0.0
2018-09-07 00:00:00+05:30,237.0,246.25,234.25,242.5500030517578,230.10037231445312,11021703,0.0,0.0
2018-09-10 00:00:00+05:30,242.0,243.89999389648438,234.85000610351562,235.6999969482422,223.60194396972656,6103496,0.0,0.0
2018-09-11 00:00:00+05:30,236.8000030517578,240.8000030517578,228.75,231.60000610351562,219.71241760253906,12646049,0.0,0.0
2018-09-12 00:00:00+05:30,233.39999389648438,238.6999969482422,227.60000610351562,237.89999389648438,226.86448669433594,8896676,1.2,0.0
2018-09-14 00:00:00+05:30,240.35000610351562,249.0500030517578,240.35000610351562,245.4499969482422,234.06427001953125,15742465,0.0,0.0
2018-09-17 00:00:00+05:30,244.0,245.64999389648438,240.5,241.35000610351562,230.1544647216797,9898386,0.0,0.0
2018-09-18 00:00:00+05:30,242.39999389648438,243.1999969482422,233.5,234.14999389648438,223.28843688964844,6825203,0.0,0.0
2018-09-19 00:00:00+05:30,236.6999969482422,240.4499969482422,233.5500030517578,235.64999389648438,224.71885681152344,9799989,0.0,0.0
2018-09-21 00:00:00+05:30,237.3000030517578,242.4499969482422,224.0,240.39999389648438,229.24850463867188,17636361,0.0,0.0
2018-09-24 00:00:00+05:30,240.60000610351562,245.35000610351562,236.5,239.89999389648438,228.77169799804688,8991121,0.0,0.0
2018-09-25 00:00:00+05:30,240.0500030517578,244.8000030517578,234.8000030517578,243.0500030517578,231.77560424804688,7847876,0.0,0.0
2018-09-26 00:00:00+05:30,246.0,250.35000610351562,241.39999389648438,247.9499969482422,236.4483184814453,11935712,0.0,0.0
2018-09-27 00:00:00+05:30,248.75,250.8000030517578,242.8000030517578,243.89999389648438,232.58615112304688,11385152,0.0,0.0
2018-09-28 00:00:00+05:30,244.8000030517578,246.5,227.0,229.64999389648438,218.9971923828125,11588117,0.0,0.0
2018-10-01 00:00:00+05:30,229.10000610351562,244.10000610351562,225.0,242.89999389648438,231.632568359375,12577302,0.0,0.0
2018-10-03 00:00:00+05:30,241.6999969482422,256.25,239.3000030517578,253.75,241.97927856445312,16541649,0.0,0.0
2018-10-04 00:00:00+05:30,252.0,259.75,249.5,251.85000610351562,240.1674041748047,17158063,0.0,0.0
2018-10-05 00:00:00+05:30,247.25,249.64999389648438,238.75,241.0500030517578,229.8683624267578,13862891,0.0,0.0
2018-10-08 00:00:00+05:30,235.0,236.89999389648438,210.6999969482422,222.5500030517578,212.22653198242188,25198149,0.0,0.0
2018-10-09 00:00:00+05:30,222.5,228.3000030517578,218.85000610351562,224.25,213.84767150878906,10656797,0.0,0.0
2018-10-10 00:00:00+05:30,225.0,228.1999969482422,222.5,226.89999389648438,216.374755859375,8303201,0.0,0.0
2018-10-11 00:00:00+05:30,216.89999389648438,221.60000610351562,211.10000610351562,216.5,206.45718383789062,15964574,0.0,0.0
2018-10-12 00:00:00+05:30,218.0,228.14999389648438,218.0,226.6999969482422,216.1840057373047,7263391,0.0,0.0
2018-10-15 00:00:00+05:30,229.0,232.85000610351562,224.39999389648438,231.75,220.999755859375,7695758,0.0,0.0
2018-10-16 00:00:00+05:30,231.89999389648438,232.8000030517578,228.1999969482422,230.5500030517578,219.85543823242188,10252207,0.0,0.0
2018-10-17 00:00:00+05:30,233.1999969482422,233.85000610351562,223.6999969482422,227.75,217.18533325195312,7065573,0.0,0.0
2018-10-19 00:00:00+05:30,224.89999389648438,230.75,222.5500030517578,227.0,216.47012329101562,5283114,0.0,0.0
2018-10-22 00:00:00+05:30,230.5500030517578,230.60000610351562,221.35000610351562,224.0,213.60928344726562,6460230,0.0,0.0
2018-10-23 00:00:00+05:30,221.89999389648438,226.89999389648438,216.39999389648438,219.5,209.3180389404297,6752747,0.0,0.0
2018-10-24 00:00:00+05:30,222.89999389648438,231.89999389648438,222.10000610351562,229.85000610351562,219.1879119873047,10435431,0.0,0.0
2018-10-25 00:00:00+05:30,227.3000030517578,228.0,219.39999389648438,222.35000610351562,212.03582763671875,7334578,0.0,0.0
2018-10-26 00:00:00+05:30,223.0500030517578,223.89999389648438,212.39999389648438,221.25,210.98683166503906,12234401,0.0,0.0
2018-10-29 00:00:00+05:30,221.0,225.8000030517578,217.14999389648438,224.14999389648438,213.75230407714844,10915002,0.0,0.0
2018-10-30 00:00:00+05:30,228.0,228.75,222.1999969482422,223.89999389648438,213.51390075683594,6568207,0.0,0.0
2018-10-31 00:00:00+05:30,224.0,224.35000610351562,216.1999969482422,220.39999389648438,210.17626953125,9699183,0.0,0.0
2018-11-01 00:00:00+05:30,222.60000610351562,232.6999969482422,221.3000030517578,231.25,220.52297973632812,9524000,0.0,0.0
2018-11-02 00:00:00+05:30,235.0,244.6999969482422,231.35000610351562,240.4499969482422,229.2961883544922,19429972,0.0,0.0
2018-11-05 00:00:00+05:30,241.0,245.3000030517578,238.5,242.35000610351562,231.1080780029297,7753905,0.0,0.0
2018-11-06 00:00:00+05:30,242.9499969482422,244.35000610351562,238.39999389648438,242.60000610351562,231.34646606445312,5174397,0.0,0.0
2018-11-07 00:00:00+05:30,244.0,245.10000610351562,243.0,244.0500030517578,232.72921752929688,784393,0.0,0.0
2018-11-09 00:00:00+05:30,244.0,244.0,237.1999969482422,238.8000030517578,227.72276306152344,8125041,0.0,0.0
2018-11-12 00:00:00+05:30,238.39999389648438,240.0,228.3000030517578,229.25,218.61572265625,9063022,0.0,0.0
2018-11-13 00:00:00+05:30,228.39999389648438,232.39999389648438,224.5500030517578,231.5500030517578,220.80905151367188,10009305,0.0,0.0
2018-11-14 00:00:00+05:30,232.75,233.39999389648438,228.3000030517578,229.5,218.85415649414062,6327199,0.0,0.0
2018-11-15 00:00:00+05:30,229.5,234.8000030517578,225.3000030517578,233.60000610351562,222.7639617919922,8640440,0.0,0.0
2018-11-16 00:00:00+05:30,232.60000610351562,235.4499969482422,228.5,229.9499969482422,219.2832794189453,5455625,0.0,0.0
2018-11-19 00:00:00+05:30,231.10000610351562,237.39999389648438,230.39999389648438,234.4499969482422,223.57452392578125,7276409,0.0,0.0
2018-11-20 00:00:00+05:30,233.85000610351562,233.85000610351562,220.39999389648438,221.9499969482422,211.6543731689453,14761307,0.0,0.0
2018-11-21 00:00:00+05:30,220.60000610351562,225.14999389648438,217.1999969482422,223.14999389648438,212.7987060546875,13704110,0.0,0.0
2018-11-22 00:00:00+05:30,224.0,225.3000030517578,216.5,218.10000610351562,207.9829864501953,9708087,0.0,0.0
2018-11-26 00:00:00+05:30,219.10000610351562,220.14999389648438,213.75,218.8000030517578,208.65048217773438,6781682,0.0,0.0
2018-11-27 00:00:00+05:30,217.0,223.0,213.25,219.89999389648438,209.699462890625,11504462,0.0,0.0
2018-11-28 00:00:00+05:30,220.0,222.3000030517578,214.5,216.0500030517578,206.02804565429688,8117964,0.0,0.0
2018-11-29 00:00:00+05:30,218.60000610351562,226.85000610351562,218.60000610351562,224.5,214.08607482910156,12444802,0.0,0.0
2018-11-30 00:00:00+05:30,224.4499969482422,227.39999389648438,220.6999969482422,226.1999969482422,215.7072296142578,9378800,0.0,0.0
2018-12-03 00:00:00+05:30,232.5,237.89999389648438,231.8000030517578,233.0500030517578,222.2394561767578,10802517,0.0,0.0
2018-12-04 00:00:00+05:30,230.6999969482422,235.5,228.8000030517578,233.35000610351562,222.52557373046875,9408047,0.0,0.0
2018-12-05 00:00:00+05:30,229.0500030517578,230.39999389648438,220.3000030517578,221.35000610351562,211.0821990966797,12875627,0.0,0.0
2018-12-06 00:00:00+05:30,219.3000030517578,221.60000610351562,214.3000030517578,217.89999389648438,207.79220581054688,13399767,0.0,0.0
2018-12-07 00:00:00+05:30,219.6999969482422,221.39999389648438,216.5500030517578,218.8000030517578,208.65048217773438,6694888,0.0,0.0
2018-12-10 00:00:00+05:30,212.39999389648438,220.25,211.4499969482422,217.89999389648438,207.79220581054688,9520082,0.0,0.0
2018-12-11 00:00:00+05:30,215.0,218.4499969482422,214.0,216.25,206.21876525878906,7211664,0.0,0.0
2018-12-12 00:00:00+05:30,218.0,222.89999389648438,217.0,221.3000030517578,211.03451538085938,7166872,0.0,0.0
2018-12-13 00:00:00+05:30,224.4499969482422,224.4499969482422,218.5,220.3000030517578,210.08090209960938,6889863,0.0,0.0
2018-12-14 00:00:00+05:30,219.5,222.85000610351562,217.3000030517578,220.14999389648438,209.93785095214844,5749881,0.0,0.0
2018-12-17 00:00:00+05:30,221.6999969482422,225.9499969482422,221.60000610351562,225.4499969482422,214.9920196533203,5693529,0.0,0.0
2018-12-18 00:00:00+05:30,224.0,227.0,222.60000610351562,225.25,214.80128479003906,5915969,0.0,0.0
2018-12-19 00:00:00+05:30,225.5500030517578,228.3000030517578,225.0,227.14999389648438,216.6131591796875,5429082,0.0,0.0
2018-12-20 00:00:00+05:30,222.8000030517578,225.0,219.75,223.89999389648438,213.51390075683594,8411639,0.0,0.0
2018-12-21 00:00:00+05:30,224.25,227.4499969482422,221.8000030517578,224.0,213.60928344726562,6933691,0.0,0.0
2018-12-24 00:00:00+05:30,224.0,224.0,216.9499969482422,217.85000610351562,207.7445526123047,4667022,0.0,0.0
2018-12-26 00:00:00+05:30,213.85000610351562,219.8000030517578,212.89999389648438,218.60000610351562,208.45977783203125,6554865,0.0,0.0
2018-12-27 00:00:00+05:30,221.39999389648438,223.89999389648438,219.60000610351562,220.60000610351562,210.36700439453125,7947144,0.0,0.0
2018-12-28 00:00:00+05:30,221.0,226.0500030517578,221.0,223.5,213.13247680664062,5074920,0.0,0.0
2018-12-31 00:00:00+05:30,226.6999969482422,228.5,225.25,226.1999969482422,215.7072296142578,6944360,0.0,0.0
2019-01-01 00:00:00+05:30,225.5,225.75,221.60000610351562,222.75,212.41726684570312,5015702,0.0,0.0
2019-01-02 00:00:00+05:30,218.9499969482422,219.14999389648438,213.64999389648438,214.5500030517578,204.59762573242188,10991026,0.0,0.0
2019-01-03 00:00:00+05:30,214.3000030517578,215.6999969482422,208.10000610351562,209.1999969482422,199.4958038330078,8656029,0.0,0.0
2019-01-04 00:00:00+05:30,210.0,212.39999389648438,207.5500030517578,210.89999389648438,201.116943359375,17408469,0.0,0.0
2019-01-07 00:00:00+05:30,213.8000030517578,214.75,207.89999389648438,208.5500030517578,198.8759765625,8143876,0.0,0.0
2019-01-08 00:00:00+05:30,208.5,209.5500030517578,205.3000030517578,206.5,196.92105102539062,13402916,0.0,0.0
2019-01-09 00:00:00+05:30,208.5,209.25,203.10000610351562,205.6999969482422,196.15817260742188,13253349,0.0,0.0
2019-01-10 00:00:00+05:30,206.0,206.64999389648438,203.0500030517578,204.0,194.5370330810547,9291967,0.0,0.0
2019-01-11 00:00:00+05:30,204.0,207.9499969482422,204.0,205.85000610351562,196.3011932373047,13314252,0.0,0.0
2019-01-14 00:00:00+05:30,205.5,206.60000610351562,203.39999389648438,206.14999389648438,196.58726501464844,5204874,0.0,0.0
2019-01-15 00:00:00+05:30,207.35000610351562,209.0,205.64999389648438,208.5,198.82826232910156,7173758,0.0,0.0
2019-01-16 00:00:00+05:30,209.8000030517578,210.5,206.5500030517578,208.39999389648438,198.73291015625,8209760,0.0,0.0
2019-01-17 00:00:00+05:30,208.5,208.6999969482422,205.3000030517578,206.0,196.44424438476562,6537377,0.0,0.0
2019-01-18 00:00:00+05:30,206.64999389648438,209.39999389648438,205.9499969482422,208.8000030517578,199.11436462402344,6258424,0.0,0.0
2019-01-21 00:00:00+05:30,209.10000610351562,209.89999389648438,205.10000610351562,207.64999389648438,198.0177001953125,4883723,0.0,0.0
2019-01-22 00:00:00+05:30,206.35000610351562,206.35000610351562,201.0,203.5500030517578,194.10791015625,7665916,0.0,0.0
2019-01-23 00:00:00+05:30,203.5500030517578,207.3000030517578,203.4499969482422,205.4499969482422,195.91973876953125,5821081,0.0,0.0
2019-01-24 00:00:00+05:30,206.0,206.1999969482422,203.25,205.0500030517578,195.53829956054688,3917176,0.0,0.0
2019-01-25 00:00:00+05:30,206.1999969482422,207.9499969482422,203.25,204.4499969482422,194.9661407470703,4381964,0.0,0.0
2019-01-28 00:00:00+05:30,204.4499969482422,206.5,198.3000030517578,200.0,190.72254943847656,5741120,0.0,0.0
2019-01-29 00:00:00+05:30,199.10000610351562,200.6999969482422,197.4499969482422,199.5500030517578,190.29344177246094,4458350,0.0,0.0
2019-01-30 00:00:00+05:30,200.39999389648438,206.25,200.39999389648438,205.8000030517578,196.25350952148438,5619506,0.0,0.0
2019-01-31 00:00:00+05:30,206.10000610351562,210.0,204.35000610351562,208.5,198.82826232910156,6553608,0.0,0.0
2019-02-01 00:00:00+05:30,208.0,212.35000610351562,203.5,211.39999389648438,201.59375,10475839,0.0,0.0
2019-02-04 00:00:00+05:30,209.89999389648438,209.89999389648438,201.4499969482422,204.1999969482422,194.7277374267578,6196724,0.0,0.0
2019-02-05 00:00:00+05:30,205.89999389648438,208.75,202.6999969482422,204.75,195.2522430419922,4765441,0.0,0.0
2019-02-06 00:00:00+05:30,205.60000610351562,212.10000610351562,202.5,211.39999389648438,201.59375,5888996,0.0,0.0
2019-02-07 00:00:00+05:30,211.89999389648438,212.64999389648438,208.1999969482422,209.1999969482422,199.4958038330078,6215565,0.0,0.0
2019-02-08 00:00:00+05:30,208.9499969482422,209.14999389648438,204.39999389648438,205.89999389648438,196.34889221191406,3958618,0.0,0.0
2019-02-11 00:00:00+05:30,204.89999389648438,204.89999389648438,195.64999389648438,199.4499969482422,190.1980438232422,8463393,0.0,0.0
2019-02-12 00:00:00+05:30,199.0,202.6999969482422,197.0,198.35000610351562,189.1491241455078,16467366,0.0,0.0
2019-02-14 00:00:00+05:30,197.60000610351562,198.5500030517578,190.3000030517578,191.75,182.8552703857422,10767206,0.0,0.0
2019-02-15 00:00:00+05:30,192.3000030517578,192.5,182.1999969482422,186.60000610351562,177.9441680908203,12678835,0.0,0.0
2019-02-18 00:00:00+05:30,187.0,188.6999969482422,183.89999389648438,184.5500030517578,175.98924255371094,6483004,0.0,0.0
2019-02-19 00:00:00+05:30,185.10000610351562,189.25,184.10000610351562,186.5500030517578,177.89646911621094,5513105,0.0,0.0
2019-02-20 00:00:00+05:30,187.8000030517578,193.89999389648438,187.5500030517578,193.0,184.04727172851562,7595081,0.0,0.0
2019-02-21 00:00:00+05:30,193.89999389648438,195.5,192.25,194.39999389648438,185.38232421875,6498528,0.0,0.0
2019-02-22 00:00:00+05:30,194.3000030517578,197.0,192.3000030517578,196.4499969482422,187.3372344970703,8758060,0.0,0.0
2019-02-25 00:00:00+05:30,197.0,198.5,194.35000610351562,196.5,187.38490295410156,6169952,0.0,0.0
2019-02-26 00:00:00+05:30,192.75,197.1999969482422,189.0500030517578,196.5,187.38490295410156,9059558,0.0,0.0
2019-02-27 00:00:00+05:30,199.0,199.0,194.60000610351562,195.9499969482422,186.86041259765625,11910998,0.0,0.0
2019-02-28 00:00:00+05:30,197.6999969482422,198.1999969482422,195.0,195.75,186.66969299316406,9582600,0.0,0.0
2019-03-01 00:00:00+05:30,198.10000610351562,198.89999389648438,195.3000030517578,196.14999389648438,187.05116271972656,6512004,0.0,0.0
2019-03-05 00:00:00+05:30,195.0,199.4499969482422,194.5,198.75,189.53054809570312,7354264,0.0,0.0
2019-03-06 00:00:00+05:30,200.0,203.9499969482422,199.64999389648438,202.75,193.34500122070312,13683897,0.0,0.0
2019-03-07 00:00:00+05:30,203.75,203.75,199.89999389648438,200.60000610351562,191.29473876953125,5533457,0.0,0.0
2019-03-08 00:00:00+05:30,197.0,197.60000610351562,193.60000610351562,195.5500030517578,186.47900390625,10050458,0.0,0.0
2019-03-11 00:00:00+05:30,197.0,202.0,196.10000610351562,201.0500030517578,191.723876953125,5446100,0.0,0.0
2019-03-12 00:00:00+05:30,203.0,206.89999389648438,202.10000610351562,203.39999389648438,193.96484375,10988099,0.0,0.0
2019-03-13 00:00:00+05:30,204.0,205.3000030517578,200.6999969482422,202.3000030517578,192.91587829589844,4971396,0.0,0.0
2019-03-14 00:00:00+05:30,202.35000610351562,204.60000610351562,199.75,200.75,191.43775939941406,5106833,0.0,0.0
2019-03-15 00:00:00+05:30,201.5,202.5500030517578,197.25,199.0500030517578,189.81663513183594,7489589,0.0,0.0
2019-03-18 00:00:00+05:30,200.6999969482422,201.0,197.5,199.3000030517578,190.0550537109375,3663166,0.0,0.0
2019-03-19 00:00:00+05:30,200.0,204.25,199.4499969482422,202.35000610351562,192.9635467529297,6097075,0.0,0.0
2019-03-20 00:00:00+05:30,203.0,207.9499969482422,203.0,207.14999389648438,197.54087829589844,8788334,0.0,0.0
2019-03-22 00:00:00+05:30,208.10000610351562,211.5500030517578,206.0500030517578,209.10000610351562,199.40045166015625,11359037,0.0,0.0
2019-03-25 00:00:00+05:30,206.5,206.5,201.89999389648438,205.4499969482422,195.91973876953125,7451785,0.0,0.0
2019-03-26 00:00:00+05:30,205.5500030517578,209.35000610351562,204.60000610351562,208.5,198.82826232910156,5069088,0.0,0.0
2019-03-27 00:00:00+05:30,209.0500030517578,210.85000610351562,206.6999969482422,207.64999389648438,198.0177001953125,5731820,0.0,0.0
2019-03-28 00:00:00+05:30,206.9499969482422,208.3000030517578,201.5500030517578,202.35000610351562,192.9635467529297,8924025,0.0,0.0
2019-04-01 00:00:00+05:30,208.5500030517578,218.75,208.5500030517578,215.89999389648438,205.88499450683594,18454840,0.0,0.0
2019-04-02 00:00:00+05:30,216.25,218.3000030517578,213.1999969482422,216.9499969482422,206.88632202148438,8273747,0.0,0.0
2019-04-03 00:00:00+05:30,217.0500030517578,219.10000610351562,214.10000610351562,215.9499969482422,205.9326934814453,4910619,0.0,0.0
2019-04-04 00:00:00+05:30,215.4499969482422,215.4499969482422,210.0,210.4499969482422,200.68780517578125,7739096,0.0,0.0
2019-04-05 00:00:00+05:30,210.5,216.8000030517578,209.75,215.39999389648438,205.408203125,7965595,0.0,0.0
2019-04-08 00:00:00+05:30,216.6999969482422,217.8000030517578,213.0500030517578,214.4499969482422,204.50228881835938,5032285,0.0,0.0
2019-04-09 00:00:00+05:30,214.4499969482422,217.85000610351562,211.60000610351562,217.14999389648438,207.0770263671875,3937427,0.0,0.0
2019-04-10 00:00:00+05:30,214.5,216.75,209.64999389648438,211.6999969482422,201.8798370361328,13323115,0.0,0.0
2019-04-11 00:00:00+05:30,211.0,212.5500030517578,209.6999969482422,211.3000030517578,201.49839782714844,5920717,0.0,0.0
2019-04-12 00:00:00+05:30,211.3000030517578,212.0,208.0,209.75,200.0203094482422,5530088,0.0,0.0
2019-04-15 00:00:00+05:30,210.0,214.75,210.0,212.75,202.88113403320312,4965812,0.0,0.0
2019-04-16 00:00:00+05:30,214.0,217.89999389648438,213.14999389648438,214.9499969482422,204.97906494140625,6750812,0.0,0.0
2019-04-18 00:00:00+05:30,216.14999389648438,216.14999389648438,206.25,207.1999969482422,197.58859252929688,7237958,0.0,0.0
2019-04-22 00:00:00+05:30,207.3000030517578,207.8000030517578,199.60000610351562,200.39999389648438,191.10400390625,9367081,0.0,0.0
2019-04-23 00:00:00+05:30,200.0,202.85000610351562,198.75,200.35000610351562,191.05633544921875,4352433,0.0,0.0
2019-04-24 00:00:00+05:30,200.39999389648438,201.39999389648438,197.1999969482422,200.6999969482422,191.39007568359375,6364227,0.0,0.0
2019-04-25 00:00:00+05:30,200.85000610351562,202.64999389648438,195.75,196.5500030517578,187.43260192871094,6735299,0.0,0.0
2019-04-26 00:00:00+05:30,197.8000030517578,201.89999389648438,196.5,201.14999389648438,191.81919860839844,7452786,0.0,0.0
2019-04-30 00:00:00+05:30,202.0,206.60000610351562,199.0500030517578,206.0500030517578,196.49192810058594,8879385,0.0,0.0
2019-05-02 00:00:00+05:30,204.25,207.64999389648438,201.60000610351562,204.6999969482422,195.20455932617188,7948283,0.0,0.0
2019-05-03 00:00:00+05:30,206.0,206.0,202.64999389648438,205.10000610351562,195.5860137939453,5320008,0.0,0.0
2019-05-06 00:00:00+05:30,197.0,200.9499969482422,196.8000030517578,198.89999389648438,189.67359924316406,8845838,0.0,0.0
2019-05-07 00:00:00+05:30,199.1999969482422,204.25,199.1999969482422,200.4499969482422,191.1516876220703,9042640,0.0,0.0
2019-05-08 00:00:00+05:30,200.0,202.89999389648438,196.64999389648438,200.0,190.72254943847656,7883819,0.0,0.0
2019-05-09 00:00:00+05:30,201.6999969482422,201.89999389648438,196.25,198.14999389648438,188.95835876464844,10482577,0.0,0.0
2019-05-10 00:00:00+05:30,199.10000610351562,201.0500030517578,193.60000610351562,195.8000030517578,186.7174072265625,8821650,0.0,0.0
2019-05-13 00:00:00+05:30,194.89999389648438,194.89999389648438,191.39999389648438,192.1999969482422,183.28439331054688,6979614,0.0,0.0
2019-05-14 00:00:00+05:30,191.0,193.9499969482422,188.0,192.9499969482422,183.9995880126953,8451501,0.0,0.0
2019-05-15 00:00:00+05:30,192.9499969482422,196.0,189.64999389648438,190.64999389648438,181.8062744140625,6684736,0.0,0.0
2019-05-16 00:00:00+05:30,191.25,195.89999389648438,190.0,194.60000610351562,185.57305908203125,10526494,0.0,0.0
2019-05-17 00:00:00+05:30,192.0,192.8000030517578,187.25,191.6999969482422,182.8075714111328,13564609,0.0,0.0
2019-05-20 00:00:00+05:30,194.5,199.6999969482422,193.75,198.75,189.53054809570312,5411945,0.0,0.0
2019-05-21 00:00:00+05:30,199.75,200.0,193.1999969482422,196.0,186.9081268310547,5194195,0.0,0.0
2019-05-22 00:00:00+05:30,196.0,199.35000610351562,195.0,198.0,188.8153533935547,5592495,0.0,0.0
2019-05-23 00:00:00+05:30,201.0,201.0,190.85000610351562,191.75,182.8552703857422,7476261,0.0,0.0
2019-05-24 00:00:00+05:30,193.0,196.4499969482422,190.0,195.8000030517578,186.7174072265625,6326402,0.0,0.0
2019-05-27 00:00:00+05:30,196.0,201.85000610351562,195.3000030517578,200.60000610351562,191.29473876953125,4498005,0.0,0.0
2019-05-28 00:00:00+05:30,200.60000610351562,207.14999389648438,200.60000610351562,201.85000610351562,192.4867706298828,12223332,0.0,0.0
2019-05-29 00:00:00+05:30,201.0,201.0,197.25,199.3000030517578,190.0550537109375,5123395,0.0,0.0
2019-05-30 00:00:00+05:30,199.10000610351562,200.8000030517578,196.3000030517578,198.5500030517578,189.33985900878906,7039964,0.0,0.0
2019-05-31 00:00:00+05:30,199.0500030517578,199.6999969482422,195.1999969482422,197.0,187.8617401123047,8803541,0.0,0.0
2019-06-03 00:00:00+05:30,197.0,200.39999389648438,194.39999389648438,199.39999389648438,190.150390625,5305570,0.0,0.0
2019-06-04 00:00:00+05:30,198.85000610351562,200.5,196.85000610351562,197.8000030517578,188.62461853027344,4728557,0.0,0.0
2019-06-06 00:00:00+05:30,197.8000030517578,198.4499969482422,193.6999969482422,194.85000610351562,185.8114471435547,6628617,0.0,0.0
2019-06-07 00:00:00+05:30,194.85000610351562,196.64999389648438,193.39999389648438,194.8000030517578,185.76376342773438,3812625,0.0,0.0
2019-06-10 00:00:00+05:30,196.8000030517578,198.60000610351562,195.0,198.25,189.05372619628906,3880878,0.0,0.0
2019-06-11 00:00:00+05:30,198.89999389648438,200.89999389648438,195.64999389648438,199.60000610351562,190.3411102294922,5966155,0.0,0.0
2019-06-12 00:00:00+05:30,198.60000610351562,202.89999389648438,197.14999389648438,199.3000030517578,190.0550537109375,6232564,0.0,0.0
2019-06-13 00:00:00+05:30,198.9499969482422,200.35000610351562,196.6999969482422,199.64999389648438,190.38882446289062,4654391,0.0,0.0
2019-06-14 00:00:00+05:30,198.39999389648438,200.6999969482422,196.8000030517578,198.25,189.05372619628906,3624064,0.0,0.0
2019-06-17 00:00:00+05:30,199.0,199.0,193.0,193.60000610351562,184.6194305419922,5976790,0.0,0.0
2019-06-18 00:00:00+05:30,193.4499969482422,195.3000030517578,189.3000030517578,189.9499969482422,181.13876342773438,8848621,0.0,0.0
2019-06-19 00:00:00+05:30,192.25,196.25,188.39999389648438,190.0500030517578,181.23411560058594,11219284,0.0,0.0
2019-06-20 00:00:00+05:30,190.1999969482422,194.8000030517578,188.10000610351562,194.3000030517578,185.2869873046875,6469404,0.0,0.0
2019-06-21 00:00:00+05:30,193.89999389648438,198.3000030517578,193.14999389648438,197.64999389648438,188.48155212402344,7596593,0.0,0.0
2019-06-24 00:00:00+05:30,197.0,203.25,196.5,198.1999969482422,189.0060577392578,10464941,0.0,0.0
2019-06-25 00:00:00+05:30,196.5,203.89999389648438,194.5,202.5,193.10658264160156,8418631,0.0,0.0
2019-06-26 00:00:00+05:30,201.5,208.9499969482422,201.0500030517578,208.35000610351562,198.68521118164062,6730323,0.0,0.0
2019-06-27 00:00:00+05:30,209.64999389648438,210.39999389648438,205.35000610351562,206.10000610351562,196.53961181640625,8700344,0.0,0.0
2019-06-28 00:00:00+05:30,206.0,207.60000610351562,203.5500030517578,207.0500030517578,197.445556640625,5454954,0.0,0.0
2019-07-01 00:00:00+05:30,208.10000610351562,210.60000610351562,207.1999969482422,208.89999389648438,199.20970153808594,6353325,0.0,0.0
2019-07-02 00:00:00+05:30,209.0,210.1999969482422,206.0,209.35000610351562,199.6388397216797,3552844,0.0,0.0
2019-07-03 00:00:00+05:30,208.75,210.3000030517578,205.35000610351562,208.6999969482422,199.01898193359375,5052706,0.0,0.0
2019-07-04 00:00:00+05:30,208.39999389648438,209.5,206.25,206.89999389648438,197.30250549316406,4032487,0.0,0.0
2019-07-05 00:00:00+05:30,206.5500030517578,206.8000030517578,198.0,198.89999389648438,189.67359924316406,8694153,0.0,0.0
2019-07-08 00:00:00+05:30,197.0,200.5,195.0,197.60000610351562,188.43389892578125,6197157,0.0,0.0
2019-07-09 00:00:00+05:30,197.0,199.0,193.10000610351562,197.89999389648438,188.719970703125,6355556,0.0,0.0
2019-07-10 00:00:00+05:30,196.0,197.39999389648438,192.5,193.64999389648438,184.6671142578125,5239125,0.0,0.0
2019-07-11 00:00:00+05:30,196.5,199.25,194.85000610351562,198.4499969482422,189.2444610595703,4524147,0.0,0.0
2019-07-12 00:00:00+05:30,199.0,201.4499969482422,197.39999389648438,198.85000610351562,189.62591552734375,3535841,0.0,0.0
2019-07-15 00:00:00+05:30,198.5500030517578,201.0,195.8000030517578,200.14999389648438,190.8656005859375,3882644,0.0,0.0
2019-07-16 00:00:00+05:30,199.39999389648438,202.5,197.5,199.10000610351562,189.8643341064453,6833661,0.0,0.0
2019-07-17 00:00:00+05:30,198.89999389648438,204.1999969482422,198.10000610351562,203.4499969482422,194.0125274658203,4790772,0.0,0.0
2019-07-18 00:00:00+05:30,201.89999389648438,202.89999389648438,199.35000610351562,200.5500030517578,191.24705505371094,5174253,0.0,0.0
2019-07-19 00:00:00+05:30,202.0,203.6999969482422,195.0,196.0,186.9081268310547,6741873,0.0,0.0
2019-07-22 00:00:00+05:30,195.9499969482422,205.4499969482422,194.8000030517578,202.39999389648438,193.01124572753906,9147466,0.0,0.0
2019-07-23 00:00:00+05:30,202.0500030517578,204.25,200.39999389648438,203.10000610351562,193.6787567138672,4637360,0.0,0.0
2019-07-24 00:00:00+05:30,203.0500030517578,203.89999389648438,195.64999389648438,197.25,188.1001434326172,5942539,0.0,0.0
2019-07-25 00:00:00+05:30,197.89999389648438,200.25,195.4499969482422,196.75,187.6233367919922,5720563,0.0,0.0
2019-07-26 00:00:00+05:30,196.75,199.35000610351562,194.75,198.0,188.8153533935547,5373373,0.0,0.0
2019-07-29 00:00:00+05:30,196.35000610351562,198.5,192.39999389648438,193.25,184.28567504882812,6900021,0.0,0.0
2019-07-30 00:00:00+05:30,192.39999389648438,194.8000030517578,188.85000610351562,190.10000610351562,181.28179931640625,6033395,0.0,0.0
2019-07-31 00:00:00+05:30,188.0,191.25,184.8000030517578,190.5500030517578,181.71092224121094,9273653,0.0,0.0
2019-08-01 00:00:00+05:30,189.0,189.25,180.3000030517578,182.75,174.2727508544922,11880072,0.0,0.0
2019-08-02 00:00:00+05:30,179.8000030517578,182.3000030517578,176.35000610351562,180.39999389648438,172.03173828125,11797603,0.0,0.0
2019-08-05 00:00:00+05:30,178.0,178.0,171.60000610351562,175.75,167.59744262695312,9712978,0.0,0.0
2019-08-06 00:00:00+05:30,173.0,182.60000610351562,173.0,180.6999969482422,172.31784057617188,10421582,0.0,0.0
2019-08-07 00:00:00+05:30,183.0,184.10000610351562,175.8000030517578,176.39999389648438,168.21730041503906,6387281,0.0,0.0
2019-08-08 00:00:00+05:30,177.5,181.8000030517578,175.39999389648438,181.0500030517578,172.65159606933594,6183264,0.0,0.0
2019-08-09 00:00:00+05:30,181.0,184.4499969482422,173.3000030517578,176.1999969482422,168.0265655517578,14562944,0.0,0.0
2019-08-13 00:00:00+05:30,175.25,180.3000030517578,173.0,176.25,168.07427978515625,6836149,0.0,0.0
2019-08-14 00:00:00+05:30,176.60000610351562,181.25,176.0,180.60000610351562,173.40310668945312,5965374,1.2,0.0
2019-08-16 00:00:00+05:30,179.10000610351562,181.5,173.6999969482422,179.8000030517578,172.63499450683594,7169006,0.0,0.0
2019-08-19 00:00:00+05:30,180.14999389648438,182.25,177.75,181.14999389648438,173.93118286132812,5179954,0.0,0.0
2019-08-20 00:00:00+05:30,182.0,182.35000610351562,177.8000030517578,179.39999389648438,172.2509002685547,4539348,0.0,0.0
2019-08-21 00:00:00+05:30,178.89999389648438,178.89999389648438,173.25,177.0500030517578,169.99456787109375,6642215,0.0,0.0
2019-08-22 00:00:00+05:30,174.0,179.3000030517578,172.64999389648438,176.5500030517578,169.5144805908203,7128023,0.0,0.0
2019-08-23 00:00:00+05:30,173.60000610351562,181.9499969482422,172.14999389648438,180.25,173.0670623779297,7073375,0.0,0.0
2019-08-26 00:00:00+05:30,182.0500030517578,182.25,171.10000610351562,178.75,171.6268310546875,7974145,0.0,0.0
2019-08-27 00:00:00+05:30,180.0,182.4499969482422,177.6999969482422,181.1999969482422,173.9791717529297,6928021,0.0,0.0
2019-08-28 00:00:00+05:30,181.5,182.0,176.5,178.39999389648438,171.290771484375,5851491,0.0,0.0
2019-08-29 00:00:00+05:30,176.8000030517578,180.89999389648438,174.89999389648438,179.6999969482422,172.53895568847656,5284552,0.0,0.0
2019-08-30 00:00:00+05:30,182.25,187.0,181.4499969482422,184.4499969482422,177.0996551513672,13905732,0.0,0.0
2019-09-03 00:00:00+05:30,182.5,182.5,177.39999389648438,178.39999389648438,171.290771484375,4927852,0.0,0.0
2019-09-04 00:00:00+05:30,179.0,182.1999969482422,176.60000610351562,181.64999389648438,174.4112548828125,5129501,0.0,0.0
2019-09-05 00:00:00+05:30,182.25,188.64999389648438,182.25,184.60000610351562,177.24371337890625,5614061,0.0,0.0
2019-09-06 00:00:00+05:30,184.89999389648438,189.6999969482422,182.0,188.39999389648438,180.8922576904297,5570553,0.0,0.0
2019-09-09 00:00:00+05:30,188.5,190.0500030517578,184.75,189.25,181.70840454101562,5014192,0.0,0.0
2019-09-11 00:00:00+05:30,189.10000610351562,194.1999969482422,189.0,193.4499969482422,185.7410125732422,5904788,0.0,0.0
2019-09-12 00:00:00+05:30,193.9499969482422,197.60000610351562,193.60000610351562,197.10000610351562,189.24557495117188,8635479,0.0,0.0
2019-09-13 00:00:00+05:30,196.64999389648438,201.89999389648438,195.1999969482422,200.35000610351562,192.36605834960938,6473051,0.0,0.0
2019-09-16 00:00:00+05:30,198.10000610351562,201.25,197.9499969482422,200.39999389648438,192.41404724121094,5748421,0.0,0.0
2019-09-17 00:00:00+05:30,200.0,202.9499969482422,196.64999389648438,197.9499969482422,190.06170654296875,6911141,0.0,0.0
2019-09-18 00:00:00+05:30,198.39999389648438,200.8000030517578,197.14999389648438,198.0,190.10972595214844,7326216,0.0,0.0
2019-09-19 00:00:00+05:30,198.0,198.89999389648438,193.14999389648438,195.9499969482422,188.14138793945312,4158836,0.0,0.0
2019-09-20 00:00:00+05:30,196.0500030517578,208.1999969482422,194.75,202.14999389648438,194.09432983398438,14594234,0.0,0.0
2019-09-23 00:00:00+05:30,204.5500030517578,206.85000610351562,198.0,200.0,192.030029296875,7366155,0.0,0.0
2019-09-24 00:00:00+05:30,199.9499969482422,202.35000610351562,196.0500030517578,197.8000030517578,189.91766357421875,5805761,0.0,0.0
2019-09-25 00:00:00+05:30,196.10000610351562,196.60000610351562,188.89999389648438,189.89999389648438,182.33248901367188,7163444,0.0,0.0
2019-09-26 00:00:00+05:30,191.0,196.5,190.25,195.9499969482422,188.14138793945312,8625560,0.0,0.0
2019-09-27 00:00:00+05:30,194.5500030517578,194.9499969482422,189.5,190.6999969482422,183.10061645507812,4392645,0.0,0.0
2019-09-30 00:00:00+05:30,189.39999389648438,191.89999389648438,184.75,191.35000610351562,183.72470092773438,6521755,0.0,0.0
2019-10-01 00:00:00+05:30,191.3000030517578,194.5500030517578,186.75,189.75,182.1884765625,6163235,0.0,0.0
2019-10-03 00:00:00+05:30,186.5,187.9499969482422,180.0,182.60000610351562,175.3234100341797,13862733,0.0,0.0
2019-10-04 00:00:00+05:30,184.0,185.75,181.5500030517578,182.10000610351562,174.84335327148438,6277398,0.0,0.0
2019-10-07 00:00:00+05:30,182.25,185.14999389648438,181.10000610351562,182.3000030517578,175.03533935546875,4525369,0.0,0.0
2019-10-09 00:00:00+05:30,182.0500030517578,187.14999389648438,180.6999969482422,186.0500030517578,178.6359100341797,4536877,0.0,0.0
2019-10-10 00:00:00+05:30,184.4499969482422,185.9499969482422,181.8000030517578,182.25,174.9873504638672,4351508,0.0,0.0
2019-10-11 00:00:00+05:30,183.5,189.1999969482422,183.3000030517578,187.1999969482422,179.7400665283203,7642682,0.0,0.0
2019-10-14 00:00:00+05:30,189.5,191.0,187.0500030517578,188.6999969482422,181.1802978515625,5222539,0.0,0.0
2019-10-15 00:00:00+05:30,187.89999389648438,195.5500030517578,185.89999389648438,192.5500030517578,184.87689208984375,6691660,0.0,0.0
2019-10-16 00:00:00+05:30,192.5,194.14999389648438,187.14999389648438,187.9499969482422,180.460205078125,8082988,0.0,0.0
2019-10-17 00:00:00+05:30,185.5,189.75,182.5500030517578,188.8000030517578,181.27633666992188,9520625,0.0,0.0
2019-10-18 00:00:00+05:30,187.9499969482422,191.35000610351562,186.64999389648438,187.39999389648438,179.93209838867188,7347790,0.0,0.0
2019-10-22 00:00:00+05:30,186.4499969482422,190.9499969482422,185.0500030517578,185.75,178.3478546142578,6683536,0.0,0.0
2019-10-23 00:00:00+05:30,185.10000610351562,187.60000610351562,184.0,185.10000610351562,177.72377014160156,5610514,0.0,0.0
2019-10-24 00:00:00+05:30,186.25,186.64999389648438,180.6999969482422,181.35000610351562,174.12322998046875,6890297,0.0,0.0
2019-10-25 00:00:00+05:30,181.5,183.39999389648438,181.0,181.75,174.50726318359375,5956396,0.0,0.0
2019-10-27 00:00:00+05:30,182.10000610351562,182.89999389648438,181.3000030517578,182.10000610351562,174.84335327148438,365752,0.0,0.0
2019-10-29 00:00:00+05:30,183.39999389648438,188.14999389648438,182.4499969482422,184.3000030517578,176.95565795898438,9687658,0.0,0.0
2019-10-30 00:00:00+05:30,186.8000030517578,189.4499969482422,184.39999389648438,187.1999969482422,179.7400665283203,5978614,0.0,0.0
2019-10-31 00:00:00+05:30,188.14999389648438,190.89999389648438,186.60000610351562,187.89999389648438,180.41217041015625,6501134,0.0,0.0
2019-11-01 00:00:00+05:30,188.0500030517578,194.35000610351562,187.35000610351562,193.75,186.029052734375,6921052,0.0,0.0
2019-11-04 00:00:00+05:30,195.5,204.10000610351562,195.5,197.9499969482422,190.06170654296875,15421372,0.0,0.0
2019-11-05 00:00:00+05:30,199.0,202.6999969482422,197.35000610351562,198.60000610351562,190.68580627441406,8912298,0.0,0.0
2019-11-06 00:00:00+05:30,199.0,203.64999389648438,197.64999389648438,201.5,193.47023010253906,13028120,0.0,0.0
2019-11-07 00:00:00+05:30,202.89999389648438,207.3000030517578,199.25,205.1999969482422,197.02279663085938,17556268,0.0,0.0
2019-11-08 00:00:00+05:30,205.0500030517578,207.0,203.10000610351562,203.85000610351562,195.72659301757812,10082727,0.0,0.0
2019-11-11 00:00:00+05:30,203.9499969482422,203.9499969482422,199.5,200.14999389648438,192.17404174804688,6851401,0.0,0.0
2019-11-13 00:00:00+05:30,197.0500030517578,201.9499969482422,192.35000610351562,193.14999389648438,185.45298767089844,13457979,0.0,0.0
2019-11-14 00:00:00+05:30,193.35000610351562,193.39999389648438,187.8000030517578,188.5,180.98829650878906,6720055,0.0,0.0
2019-11-15 00:00:00+05:30,188.5,190.14999389648438,187.10000610351562,187.75,180.26817321777344,4558349,0.0,0.0
2019-11-18 00:00:00+05:30,188.5500030517578,194.85000610351562,187.1999969482422,193.60000610351562,185.8850555419922,8873375,0.0,0.0
2019-11-19 00:00:00+05:30,193.60000610351562,194.0,190.64999389648438,192.35000610351562,184.6848602294922,3476640,0.0,0.0
2019-11-20 00:00:00+05:30,193.0,193.85000610351562,190.25,190.75,183.14862060546875,4437118,0.0,0.0
2019-11-21 00:00:00+05:30,190.1999969482422,192.89999389648438,188.0500030517578,188.60000610351562,181.08428955078125,6342754,0.0,0.0
2019-11-22 00:00:00+05:30,188.0,191.3000030517578,187.0500030517578,190.25,182.6685333251953,4635776,0.0,0.0
2019-11-25 00:00:00+05:30,191.5,200.64999389648438,190.35000610351562,199.25,191.30990600585938,16931103,0.0,0.0
2019-11-26 00:00:00+05:30,200.14999389648438,202.89999389648438,197.5500030517578,198.6999969482422,190.78184509277344,16163735,0.0,0.0
2019-11-27 00:00:00+05:30,199.39999389648438,203.5,199.39999389648438,203.0,194.9104461669922,7251212,0.0,0.0
2019-11-28 00:00:00+05:30,203.0,205.3000030517578,200.10000610351562,204.10000610351562,195.9666290283203,5421765,0.0,0.0
2019-11-29 00:00:00+05:30,203.0,204.5,196.5500030517578,200.14999389648438,192.17404174804688,10212511,0.0,0.0
2019-12-02 00:00:00+05:30,200.0,202.5500030517578,198.4499969482422,200.8000030517578,192.79812622070312,5195682,0.0,0.0
2019-12-03 00:00:00+05:30,200.10000610351562,200.5,194.60000610351562,196.0,188.1894073486328,5815771,0.0,0.0
2019-12-04 00:00:00+05:30,194.1999969482422,201.75,192.8000030517578,201.10000610351562,193.086181640625,6574810,0.0,0.0
2019-12-05 00:00:00+05:30,199.0500030517578,201.4499969482422,197.25,198.5500030517578,190.63778686523438,4443222,0.0,0.0
2019-12-06 00:00:00+05:30,199.0,200.6999969482422,195.64999389648438,197.9499969482422,190.06170654296875,3819461,0.0,0.0
2019-12-09 00:00:00+05:30,198.64999389648438,202.25,197.10000610351562,198.85000610351562,190.92584228515625,5743160,0.0,0.0
2019-12-10 00:00:00+05:30,198.6999969482422,200.60000610351562,197.6999969482422,199.10000610351562,191.16586303710938,4876818,0.0,0.0
2019-12-11 00:00:00+05:30,200.0,200.0,194.6999969482422,196.60000610351562,188.7655029296875,4757660,0.0,0.0
2019-12-12 00:00:00+05:30,197.3000030517578,204.25,197.3000030517578,201.4499969482422,193.4222412109375,10621630,0.0,0.0
2019-12-13 00:00:00+05:30,207.0,209.0,205.3000030517578,208.25,199.9512481689453,14246993,0.0,0.0
2019-12-16 00:00:00+05:30,210.0,211.64999389648438,206.1999969482422,206.64999389648438,198.41500854492188,8779955,0.0,0.0
2019-12-17 00:00:00+05:30,207.89999389648438,214.8000030517578,206.8000030517578,213.6999969482422,205.18405151367188,16629136,0.0,0.0
2019-12-18 00:00:00+05:30,214.5500030517578,215.5,212.1999969482422,213.64999389648438,205.13604736328125,11721371,0.0,0.0
2019-12-19 00:00:00+05:30,212.39999389648438,217.25,211.14999389648438,216.3000030517578,207.68045043945312,6847801,0.0,0.0
2019-12-20 00:00:00+05:30,216.3000030517578,218.10000610351562,214.8000030517578,215.5,206.91233825683594,8175626,0.0,0.0
2019-12-23 00:00:00+05:30,216.8000030517578,219.35000610351562,213.35000610351562,215.14999389648438,206.57627868652344,10295626,0.0,0.0
2019-12-24 00:00:00+05:30,218.25,218.3000030517578,215.14999389648438,216.25,207.6324462890625,7782646,0.0,0.0
2019-12-26 00:00:00+05:30,216.75,217.60000610351562,214.3000030517578,215.0,206.4322509765625,7436907,0.0,0.0
2019-12-27 00:00:00+05:30,216.10000610351562,217.14999389648438,214.39999389648438,215.4499969482422,206.86431884765625,5252162,0.0,0.0
2019-12-30 00:00:00+05:30,216.3000030517578,219.0,211.14999389648438,217.9499969482422,209.2646942138672,11352906,0.0,0.0
2019-12-31 00:00:00+05:30,217.0,219.39999389648438,215.5,216.14999389648438,207.53640747070312,9432449,0.0,0.0
2020-01-01 00:00:00+05:30,216.14999389648438,217.4499969482422,213.1999969482422,214.3000030517578,205.76016235351562,5085208,0.0,0.0
2020-01-02 00:00:00+05:30,216.0,221.1999969482422,216.0,220.14999389648438,211.37701416015625,15238841,0.0,0.0
2020-01-03 00:00:00+05:30,219.3000030517578,219.9499969482422,216.0500030517578,216.4499969482422,207.82447814941406,8658243,0.0,0.0
2020-01-06 00:00:00+05:30,215.0,215.64999389648438,208.0500030517578,209.3000030517578,200.9593963623047,7798846,0.0,0.0
2020-01-07 00:00:00+05:30,210.5500030517578,213.1999969482422,207.6999969482422,208.85000610351562,200.52732849121094,12767569,0.0,0.0
2020-01-08 00:00:00+05:30,206.0,208.64999389648438,204.5,207.39999389648438,199.13510131835938,12470053,0.0,0.0
2020-01-09 00:00:00+05:30,211.5,211.9499969482422,208.89999389648438,210.75,202.35162353515625,8676205,0.0,0.0
2020-01-10 00:00:00+05:30,212.3000030517578,214.1999969482422,210.1999969482422,211.5,203.0717315673828,7800086,0.0,0.0
2020-01-13 00:00:00+05:30,212.8000030517578,213.0,209.5,211.1999969482422,202.78367614746094,6614653,0.0,0.0
2020-01-14 00:00:00+05:30,212.5,214.75,210.8000030517578,211.9499969482422,203.5037841796875,7981507,0.0,0.0
2020-01-15 00:00:00+05:30,211.10000610351562,215.0,210.0,213.64999389648438,205.13604736328125,9564560,0.0,0.0
2020-01-16 00:00:00+05:30,214.0,214.75,209.0,209.64999389648438,201.29544067382812,6986058,0.0,0.0
2020-01-17 00:00:00+05:30,209.5,212.0,208.14999389648438,210.0500030517578,201.6795196533203,8678002,0.0,0.0
2020-01-20 00:00:00+05:30,210.10000610351562,210.8000030517578,206.75,207.3000030517578,199.0391082763672,3977566,0.0,0.0
2020-01-21 00:00:00+05:30,206.0,208.5,204.64999389648438,205.14999389648438,196.9747772216797,4479791,0.0,0.0
2020-01-22 00:00:00+05:30,205.60000610351562,207.8000030517578,203.0,203.60000610351562,195.48655700683594,6268889,0.0,0.0
2020-01-23 00:00:00+05:30,203.60000610351562,205.35000610351562,202.75,204.60000610351562,196.4467010498047,5560681,0.0,0.0
2020-01-24 00:00:00+05:30,204.5,207.6999969482422,202.25,205.39999389648438,197.21481323242188,5749852,0.0,0.0
2020-01-27 00:00:00+05:30,203.5500030517578,203.5500030517578,197.39999389648438,198.25,190.3497314453125,7942736,0.0,0.0
2020-01-28 00:00:00+05:30,199.39999389648438,199.39999389648438,194.1999969482422,196.0,188.1894073486328,6308211,0.0,0.0
2020-01-29 00:00:00+05:30,197.64999389648438,200.39999389648438,197.10000610351562,197.75,189.8696746826172,8978837,0.0,0.0
2020-01-30 00:00:00+05:30,197.3000030517578,197.75,192.6999969482422,193.4499969482422,185.7410125732422,8588693,0.0,0.0
2020-01-31 00:00:00+05:30,194.8000030517578,195.14999389648438,188.25,189.35000610351562,181.80441284179688,6008376,0.0,0.0
2020-02-03 00:00:00+05:30,183.89999389648438,185.60000610351562,180.3000030517578,181.8000030517578,174.55526733398438,7678833,0.0,0.0
2020-02-04 00:00:00+05:30,183.0,190.35000610351562,183.0,189.25,181.70840454101562,9235507,0.0,0.0
2020-02-05 00:00:00+05:30,190.10000610351562,197.5500030517578,188.3000030517578,196.3000030517578,188.47744750976562,7411014,0.0,0.0
2020-02-06 00:00:00+05:30,196.39999389648438,197.35000610351562,192.64999389648438,194.0,186.2691192626953,7348886,0.0,0.0
2020-02-07 00:00:00+05:30,194.0,198.39999389648438,192.85000610351562,197.39999389648438,189.53363037109375,6977770,0.0,0.0
2020-02-10 00:00:00+05:30,195.89999389648438,196.9499969482422,189.60000610351562,190.85000610351562,183.24462890625,5385023,0.0,0.0
2020-02-11 00:00:00+05:30,192.39999389648438,196.9499969482422,192.0,193.64999389648438,185.9330596923828,7530810,0.0,0.0
2020-02-12 00:00:00+05:30,194.25,196.39999389648438,191.1999969482422,193.64999389648438,185.9330596923828,10581151,0.0,0.0
2020-02-13 00:00:00+05:30,194.6999969482422,197.0,192.39999389648438,195.25,187.46929931640625,6711481,0.0,0.0
2020-02-14 00:00:00+05:30,195.5,197.0,193.4499969482422,194.0,186.2691192626953,3798528,0.0,0.0
2020-02-17 00:00:00+05:30,194.0,194.6999969482422,189.75,190.25,182.6685333251953,3484321,0.0,0.0
2020-02-18 00:00:00+05:30,189.14999389648438,189.4499969482422,181.75,184.35000610351562,177.003662109375,8152961,0.0,0.0
2020-02-19 00:00:00+05:30,186.0,188.60000610351562,184.39999389648438,188.10000610351562,180.60421752929688,4317249,0.0,0.0
2020-02-20 00:00:00+05:30,187.8000030517578,191.0,185.39999389648438,189.9499969482422,182.3804931640625,6207445,0.0,0.0
2020-02-24 00:00:00+05:30,186.89999389648438,186.89999389648438,177.89999389648438,179.0500030517578,171.91485595703125,14690243,0.0,0.0
2020-02-25 00:00:00+05:30,181.0,181.4499969482422,174.0500030517578,174.4499969482422,167.4981689453125,10694830,0.0,0.0
2020-02-26 00:00:00+05:30,172.9499969482422,173.1999969482422,167.75,169.89999389648438,163.12950134277344,16855158,0.0,0.0
2020-02-27 00:00:00+05:30,169.9499969482422,170.3000030517578,166.14999389648438,168.35000610351562,161.64126586914062,7657497,0.0,0.0
2020-02-28 00:00:00+05:30,162.0,162.1999969482422,154.10000610351562,155.89999389648438,149.6873779296875,14033411,0.0,0.0
2020-03-02 00:00:00+05:30,160.5500030517578,161.4499969482422,146.85000610351562,149.75,143.78245544433594,11441351,0.0,0.0
2020-03-03 00:00:00+05:30,152.10000610351562,160.4499969482422,150.8000030517578,159.3000030517578,152.95188903808594,21836942,0.0,0.0
2020-03-04 00:00:00+05:30,160.0,161.6999969482422,156.89999389648438,160.60000610351562,154.20008850097656,12074078,0.0,0.0
2020-03-05 00:00:00+05:30,162.6999969482422,167.89999389648438,154.85000610351562,155.5,149.3033447265625,12338386,0.0,0.0
2020-03-06 00:00:00+05:30,148.9499969482422,151.4499969482422,140.0,150.10000610351562,144.11851501464844,11173720,0.0,0.0
2020-03-09 00:00:00+05:30,143.89999389648438,145.8000030517578,140.3000030517578,143.4499969482422,137.7335205078125,10550403,0.0,0.0
2020-03-11 00:00:00+05:30,142.0,142.35000610351562,137.10000610351562,137.8000030517578,132.3086700439453,9682790,0.0,0.0
2020-03-12 00:00:00+05:30,130.0,130.0,118.1500015258789,120.19999694824219,115.4100341796875,15926851,0.0,0.0
2020-03-13 00:00:00+05:30,113.9000015258789,130.0,103.0999984741211,127.44999694824219,122.3711166381836,15365436,0.0,0.0
2020-03-16 00:00:00+05:30,120.80000305175781,129.0500030517578,114.44999694824219,115.6500015258789,111.04134368896484,20577663,0.0,0.0
2020-03-17 00:00:00+05:30,117.0,120.8499984741211,113.8499984741211,115.4000015258789,110.80131530761719,11615932,0.0,0.0
2020-03-18 00:00:00+05:30,119.0,119.0,108.1500015258789,109.19999694824219,104.84837341308594,12105333,0.0,0.0
2020-03-19 00:00:00+05:30,103.0,107.9000015258789,97.55000305175781,99.75,95.77496337890625,11569487,0.0,0.0
2020-03-20 00:00:00+05:30,101.19999694824219,107.69999694824219,98.69999694824219,105.5,101.29582214355469,13928853,0.0,0.0
2020-03-23 00:00:00+05:30,94.94999694824219,99.94999694824219,84.9000015258789,87.9000015258789,84.39718627929688,14591356,0.0,0.0
2020-03-24 00:00:00+05:30,89.05000305175781,94.80000305175781,85.0,88.75,85.21331024169922,16845493,0.0,0.0
2020-03-25 00:00:00+05:30,88.94999694824219,97.19999694824219,88.05000305175781,94.55000305175781,90.78218841552734,7876385,0.0,0.0
2020-03-26 00:00:00+05:30,97.5,97.5999984741211,92.25,94.55000305175781,90.78218841552734,11013083,0.0,0.0
2020-03-27 00:00:00+05:30,97.5,99.30000305175781,90.30000305175781,91.55000305175781,87.9017333984375,9158997,0.0,0.0
2020-03-30 00:00:00+05:30,88.0999984741211,91.44999694824219,86.55000305175781,88.80000305175781,85.2613296508789,9970397,0.0,0.0
2020-03-31 00:00:00+05:30,91.94999694824219,97.25,91.0,95.69999694824219,91.88636016845703,15557731,0.0,0.0
2020-04-01 00:00:00+05:30,94.94999694824219,95.4000015258789,91.0,91.6500015258789,87.99775695800781,9270755,0.0,0.0
2020-04-03 00:00:00+05:30,92.0999984741211,93.44999694824219,88.4000015258789,88.80000305175781,85.2613296508789,8216768,0.0,0.0
2020-04-07 00:00:00+05:30,92.1500015258789,106.55000305175781,90.0,103.94999694824219,99.8075942993164,23639659,0.0,0.0
2020-04-08 00:00:00+05:30,99.5,111.80000305175781,98.9000015258789,100.8499984741211,96.83113098144531,24227474,0.0,0.0
2020-04-09 00:00:00+05:30,105.0,109.0,101.8499984741211,107.55000305175781,103.26415252685547,14943427,0.0,0.0
2020-04-13 00:00:00+05:30,109.0,114.3499984741211,105.0999984741211,113.80000305175781,109.26507568359375,23259069,0.0,0.0
2020-04-15 00:00:00+05:30,120.0,124.0,113.80000305175781,115.0999984741211,110.51327514648438,45561393,0.0,0.0
2020-04-16 00:00:00+05:30,118.9000015258789,121.9000015258789,114.44999694824219,120.55000305175781,115.74609375,18971910,0.0,0.0
2020-04-17 00:00:00+05:30,124.0,125.69999694824219,119.0999984741211,124.1500015258789,119.20262908935547,14577288,0.0,0.0
2020-04-20 00:00:00+05:30,125.0,125.1500015258789,115.75,116.44999694824219,111.80946350097656,18342210,0.0,0.0
2020-04-21 00:00:00+05:30,113.6500015258789,113.69999694824219,105.80000305175781,107.0999984741211,102.83206939697266,22935311,0.0,0.0
2020-04-22 00:00:00+05:30,106.5,108.75,102.75,108.30000305175781,103.98426055908203,14419829,0.0,0.0
2020-04-23 00:00:00+05:30,109.0,113.30000305175781,108.3499984741211,111.25,106.81669616699219,16545796,0.0,0.0
2020-04-24 00:00:00+05:30,109.94999694824219,109.94999694824219,102.8499984741211,103.6500015258789,99.5195541381836,16901936,0.0,0.0
2020-04-27 00:00:00+05:30,106.4000015258789,109.69999694824219,105.30000305175781,108.19999694824219,103.88822937011719,18657007,0.0,0.0
2020-04-28 00:00:00+05:30,109.19999694824219,110.6500015258789,106.69999694824219,108.75,104.41631317138672,13489808,0.0,0.0
2020-04-29 00:00:00+05:30,109.0,117.6500015258789,108.30000305175781,116.30000305175781,111.66545104980469,35702215,0.0,0.0
2020-04-30 00:00:00+05:30,120.0,132.1999969482422,119.5,130.1999969482422,125.01153564453125,45993216,0.0,0.0
2020-05-04 00:00:00+05:30,121.4000015258789,123.0,114.5999984741211,115.9000015258789,111.28137969970703,22496677,0.0,0.0
2020-05-05 00:00:00+05:30,120.0,120.75,115.0,115.9000015258789,111.28137969970703,19405341,0.0,0.0
2020-05-06 00:00:00+05:30,116.0,120.69999694824219,115.5,118.5999984741211,113.87379455566406,15993752,0.0,0.0
2020-05-07 00:00:00+05:30,117.0,122.0,116.69999694824219,117.6500015258789,112.9616470336914,16729796,0.0,0.0
2020-05-08 00:00:00+05:30,122.9000015258789,123.0,115.8499984741211,117.0999984741211,112.43356323242188,21602930,0.0,0.0
2020-05-11 00:00:00+05:30,118.94999694824219,121.4000015258789,117.55000305175781,119.75,114.97796630859375,13916698,0.0,0.0
2020-05-12 00:00:00+05:30,118.9000015258789,122.25,116.4000015258789,121.0999984741211,116.274169921875,13673363,0.0,0.0
2020-05-13 00:00:00+05:30,125.5,126.94999694824219,121.5999984741211,123.55000305175781,118.62653350830078,13922270,0.0,0.0
2020-05-14 00:00:00+05:30,119.0,120.9000015258789,117.0,117.19999694824219,112.52957916259766,12778232,0.0,0.0
2020-05-15 00:00:00+05:30,118.4000015258789,120.9000015258789,117.4000015258789,119.25,114.49788665771484,12509914,0.0,0.0
2020-05-18 00:00:00+05:30,120.55000305175781,121.0,114.30000305175781,115.3499984741211,110.75330352783203,14500038,0.0,0.0
2020-05-19 00:00:00+05:30,117.75,120.4000015258789,116.55000305175781,117.30000305175781,112.62560272216797,15916351,0.0,0.0
2020-05-20 00:00:00+05:30,117.30000305175781,121.94999694824219,116.25,120.80000305175781,115.98612213134766,8718400,0.0,0.0
2020-05-21 00:00:00+05:30,121.4000015258789,130.75,120.6500015258789,129.5,124.33942413330078,34325670,0.0,0.0
2020-05-22 00:00:00+05:30,126.5,126.5,123.5999984741211,124.8499984741211,119.87472534179688,17058546,0.0,0.0
2020-05-26 00:00:00+05:30,125.55000305175781,130.4499969482422,125.5,129.10000610351562,123.95537567138672,18786655,0.0,0.0
2020-05-27 00:00:00+05:30,130.39999389648438,134.8000030517578,130.0,133.3000030517578,127.98800659179688,32423355,0.0,0.0
2020-05-28 00:00:00+05:30,134.39999389648438,139.39999389648438,133.60000610351562,138.39999389648438,132.88475036621094,21951352,0.0,0.0
2020-05-29 00:00:00+05:30,135.9499969482422,141.14999389648438,134.60000610351562,138.85000610351562,133.3168487548828,19390589,0.0,0.0
2020-06-01 00:00:00+05:30,141.89999389648438,145.4499969482422,138.5500030517578,139.14999389648438,133.6048583984375,14504755,0.0,0.0
2020-06-02 00:00:00+05:30,140.89999389648438,143.5,138.85000610351562,141.14999389648438,135.52516174316406,12836264,0.0,0.0
2020-06-03 00:00:00+05:30,142.89999389648438,146.8000030517578,142.3000030517578,143.35000610351562,137.6374969482422,12470626,0.0,0.0
2020-06-04 00:00:00+05:30,143.3000030517578,144.64999389648438,138.35000610351562,142.64999389648438,136.9653778076172,11358214,0.0,0.0
2020-06-05 00:00:00+05:30,143.8000030517578,151.0,143.39999389648438,149.25,143.30238342285156,21825018,0.0,0.0
2020-06-08 00:00:00+05:30,155.0,155.85000610351562,145.5,146.35000610351562,140.51795959472656,16211802,0.0,0.0
2020-06-09 00:00:00+05:30,148.0,150.35000610351562,141.1999969482422,142.60000610351562,136.91738891601562,19223606,0.0,0.0
2020-06-10 00:00:00+05:30,143.89999389648438,148.0,141.8000030517578,146.9499969482422,141.0940399169922,17278002,0.0,0.0
2020-06-11 00:00:00+05:30,145.89999389648438,147.4499969482422,142.4499969482422,144.39999389648438,138.64566040039062,12532780,0.0,0.0
2020-06-12 00:00:00+05:30,138.0,146.85000610351562,136.1999969482422,146.0500030517578,140.22991943359375,15804914,0.0,0.0
2020-06-15 00:00:00+05:30,149.0500030517578,152.35000610351562,143.75,145.8000030517578,139.98988342285156,34911162,0.0,0.0
2020-06-16 00:00:00+05:30,149.89999389648438,154.60000610351562,146.89999389648438,150.10000610351562,144.11851501464844,28477417,0.0,0.0
2020-06-17 00:00:00+05:30,149.6999969482422,152.10000610351562,147.1999969482422,148.0,142.1022186279297,13573256,0.0,0.0
2020-06-18 00:00:00+05:30,148.4499969482422,151.39999389648438,147.3000030517578,150.8000030517578,144.79061889648438,9854686,0.0,0.0
2020-06-19 00:00:00+05:30,152.35000610351562,152.35000610351562,148.5,151.0500030517578,145.03067016601562,14631215,0.0,0.0
2020-06-22 00:00:00+05:30,150.89999389648438,151.4499969482422,149.0,150.10000610351562,144.11851501464844,8037341,0.0,0.0
2020-06-23 00:00:00+05:30,152.89999389648438,159.5,150.60000610351562,158.35000610351562,152.0397491455078,22570926,0.0,0.0
2020-06-24 00:00:00+05:30,159.39999389648438,160.10000610351562,150.4499969482422,151.39999389648438,145.36671447753906,15907046,0.0,0.0
2020-06-25 00:00:00+05:30,149.0,152.3000030517578,144.60000610351562,146.60000610351562,140.75802612304688,18500612,0.0,0.0
2020-06-26 00:00:00+05:30,149.0,152.0,148.1999969482422,151.0500030517578,145.03067016601562,12107599,0.0,0.0
2020-06-29 00:00:00+05:30,149.4499969482422,149.4499969482422,143.3000030517578,145.85000610351562,140.03790283203125,13110757,0.0,0.0
2020-06-30 00:00:00+05:30,148.0,151.60000610351562,145.1999969482422,146.1999969482422,140.37393188476562,14655358,0.0,0.0
2020-07-01 00:00:00+05:30,147.5,148.85000610351562,144.5,147.5500030517578,141.67013549804688,8255166,0.0,0.0
2020-07-02 00:00:00+05:30,148.89999389648438,150.3000030517578,146.75,147.75,141.86216735839844,9519798,0.0,0.0
2020-07-03 00:00:00+05:30,148.60000610351562,149.4499969482422,144.5500030517578,146.39999389648438,140.56594848632812,10780269,0.0,0.0
2020-07-06 00:00:00+05:30,147.8000030517578,155.14999389648438,147.10000610351562,154.35000610351562,148.1991729736328,24254504,0.0,0.0
2020-07-07 00:00:00+05:30,155.0,156.89999389648438,151.8000030517578,152.3000030517578,146.23086547851562,13160047,0.0,0.0
2020-07-08 00:00:00+05:30,152.75,158.0,152.39999389648438,155.0,148.8232421875,18306575,0.0,0.0
2020-07-09 00:00:00+05:30,157.0,166.4499969482422,156.89999389648438,164.8000030517578,158.23272705078125,45180719,0.0,0.0
2020-07-10 00:00:00+05:30,163.6999969482422,164.5,160.35000610351562,163.6999969482422,157.1765594482422,16256492,0.0,0.0
2020-07-13 00:00:00+05:30,165.3000030517578,170.5,164.10000610351562,169.25,162.50538635253906,21894776,0.0,0.0
2020-07-14 00:00:00+05:30,167.6999969482422,168.6999969482422,161.9499969482422,163.8000030517578,157.2725830078125,16396492,0.0,0.0
2020-07-15 00:00:00+05:30,166.35000610351562,168.5,164.5,165.39999389648438,158.80880737304688,11233286,0.0,0.0
2020-07-16 00:00:00+05:30,164.89999389648438,166.8000030517578,161.0500030517578,166.0500030517578,159.43292236328125,12766387,0.0,0.0
2020-07-17 00:00:00+05:30,166.5,169.10000610351562,161.14999389648438,162.14999389648438,155.68832397460938,14372019,0.0,0.0
2020-07-20 00:00:00+05:30,162.1999969482422,162.9499969482422,159.64999389648438,160.89999389648438,154.48814392089844,14067880,0.0,0.0
2020-07-21 00:00:00+05:30,162.85000610351562,163.0,157.5500030517578,160.0,153.62400817871094,13098754,0.0,0.0
2020-07-22 00:00:00+05:30,160.5500030517578,163.89999389648438,157.39999389648438,159.89999389648438,153.52796936035156,17455691,0.0,0.0
2020-07-23 00:00:00+05:30,160.6999969482422,162.4499969482422,159.6999969482422,162.0,155.54429626464844,8258361,0.0,0.0
2020-07-24 00:00:00+05:30,159.9499969482422,160.9499969482422,154.3000030517578,156.1999969482422,149.97543334960938,15793319,0.0,0.0
2020-07-27 00:00:00+05:30,157.0,159.8000030517578,154.60000610351562,158.1999969482422,151.89573669433594,12745516,0.0,0.0
2020-07-28 00:00:00+05:30,158.5500030517578,165.25,158.5500030517578,164.6999969482422,158.13671875,15539141,0.0,0.0
2020-07-29 00:00:00+05:30,164.3000030517578,168.5,163.3000030517578,164.0500030517578,157.5126190185547,15845599,0.0,0.0
2020-07-30 00:00:00+05:30,164.9499969482422,165.6999969482422,160.0,162.0,155.54429626464844,8980592,0.0,0.0
2020-07-31 00:00:00+05:30,161.89999389648438,164.5,159.60000610351562,163.10000610351562,156.60047912597656,9872721,0.0,0.0
2020-08-03 00:00:00+05:30,163.10000610351562,167.5,160.75,161.35000610351562,154.9202117919922,16525131,0.0,0.0
2020-08-04 00:00:00+05:30,162.0,164.60000610351562,160.75,162.35000610351562,155.88037109375,13653194,0.0,0.0
2020-08-05 00:00:00+05:30,163.89999389648438,177.39999389648438,163.5,175.75,168.74636840820312,47894708,0.0,0.0
2020-08-06 00:00:00+05:30,178.0,178.89999389648438,174.1999969482422,178.0,170.90670776367188,23198186,0.0,0.0
2020-08-07 00:00:00+05:30,176.4499969482422,179.0,175.35000610351562,177.60000610351562,170.5226593017578,10117475,0.0,0.0
2020-08-10 00:00:00+05:30,176.89999389648438,179.0,174.39999389648438,178.60000610351562,171.48280334472656,9378730,0.0,0.0
2020-08-11 00:00:00+05:30,180.0,186.60000610351562,178.0,178.9499969482422,171.81884765625,30405569,0.0,0.0
2020-08-12 00:00:00+05:30,177.35000610351562,177.35000610351562,172.6999969482422,175.8000030517578,168.79437255859375,17437072,0.0,0.0
2020-08-13 00:00:00+05:30,178.0,184.60000610351562,178.0,183.5500030517578,176.2355499267578,26526442,0.0,0.0
2020-08-14 00:00:00+05:30,184.35000610351562,189.4499969482422,180.60000610351562,184.9499969482422,177.57977294921875,28520464,0.0,0.0
2020-08-17 00:00:00+05:30,185.14999389648438,193.4499969482422,184.25,192.5500030517578,184.87689208984375,25968766,0.0,0.0
2020-08-18 00:00:00+05:30,193.1999969482422,197.25,192.0500030517578,196.0,188.1894073486328,20401535,0.0,0.0
2020-08-19 00:00:00+05:30,196.85000610351562,197.64999389648438,194.3000030517578,196.8000030517578,188.95751953125,16328384,0.0,0.0
2020-08-20 00:00:00+05:30,193.0500030517578,202.35000610351562,192.4499969482422,199.0,191.06985473632812,28491717,0.0,0.0
2020-08-21 00:00:00+05:30,201.75,203.14999389648438,195.35000610351562,196.25,188.429443359375,18332315,0.0,0.0
2020-08-24 00:00:00+05:30,197.4499969482422,197.8000030517578,192.4499969482422,193.3000030517578,185.59701538085938,10628826,0.0,0.0
2020-08-25 00:00:00+05:30,195.39999389648438,196.39999389648438,190.0500030517578,191.3000030517578,183.6767120361328,13439855,0.0,0.0
2020-08-26 00:00:00+05:30,192.0,195.0,191.25,193.5,185.78903198242188,8427317,0.0,0.0
2020-08-27 00:00:00+05:30,193.5,195.64999389648438,192.60000610351562,194.89999389648438,187.13323974609375,7659778,0.0,0.0
2020-08-28 00:00:00+05:30,195.10000610351562,196.14999389648438,193.0,193.8000030517578,186.0770721435547,8153155,0.0,0.0
2020-08-31 00:00:00+05:30,195.0,197.0,184.25,185.25,177.86776733398438,17662183,0.0,0.0
2020-09-01 00:00:00+05:30,185.1999969482422,195.4499969482422,185.0,194.0500030517578,186.31712341308594,24334797,0.0,0.0
2020-09-02 00:00:00+05:30,194.0,196.89999389648438,192.5500030517578,196.1999969482422,188.38143920898438,11183054,0.0,0.0
2020-09-03 00:00:00+05:30,196.14999389648438,196.14999389648438,191.5500030517578,192.0,185.29322814941406,11310236,1.0,0.0
2020-09-04 00:00:00+05:30,188.0500030517578,194.0,184.85000610351562,188.3000030517578,181.7224578857422,16804686,0.0,0.0
2020-09-07 00:00:00+05:30,188.3000030517578,191.5,186.60000610351562,187.5,180.95040893554688,6839463,0.0,0.0
2020-09-08 00:00:00+05:30,188.1999969482422,188.1999969482422,179.5500030517578,180.25,173.95364379882812,9202151,0.0,0.0
2020-09-09 00:00:00+05:30,177.35000610351562,183.8000030517578,171.75,182.8000030517578,176.4145965576172,22609497,0.0,0.0
2020-09-10 00:00:00+05:30,185.0,185.3000030517578,173.35000610351562,176.64999389648438,170.47940063476562,19154786,0.0,0.0
2020-09-11 00:00:00+05:30,178.6999969482422,180.0,174.8000030517578,178.64999389648438,172.40956115722656,15780805,0.0,0.0
2020-09-14 00:00:00+05:30,179.0,180.5,174.60000610351562,175.8000030517578,169.65908813476562,11605907,0.0,0.0
2020-09-15 00:00:00+05:30,177.39999389648438,179.35000610351562,174.5,176.75,170.575927734375,10726507,0.0,0.0
2020-09-16 00:00:00+05:30,177.10000610351562,184.60000610351562,175.4499969482422,183.8000030517578,177.37966918945312,14453126,0.0,0.0
2020-09-17 00:00:00+05:30,182.6999969482422,182.6999969482422,175.35000610351562,175.85000610351562,169.7073516845703,18642039,0.0,0.0
2020-09-18 00:00:00+05:30,177.4499969482422,182.1999969482422,176.5500030517578,179.5,173.2298583984375,28529202,0.0,0.0
2020-09-21 00:00:00+05:30,179.39999389648438,180.6999969482422,163.10000610351562,167.14999389648438,161.31124877929688,26161690,0.0,0.0
2020-09-22 00:00:00+05:30,168.0,168.9499969482422,160.8000030517578,163.4499969482422,157.7405242919922,18465421,0.0,0.0
2020-09-23 00:00:00+05:30,165.5,167.4499969482422,162.3000030517578,165.4499969482422,159.67063903808594,17256291,0.0,0.0
2020-09-24 00:00:00+05:30,158.0,162.3000030517578,154.39999389648438,159.10000610351562,153.54246520996094,19292629,0.0,0.0
2020-09-25 00:00:00+05:30,161.9499969482422,164.85000610351562,157.64999389648438,162.0500030517578,156.38941955566406,20236970,0.0,0.0
2020-09-28 00:00:00+05:30,163.9499969482422,168.6999969482422,162.10000610351562,167.6999969482422,161.842041015625,12412713,0.0,0.0
2020-09-29 00:00:00+05:30,169.4499969482422,177.3000030517578,168.10000610351562,176.39999389648438,170.23812866210938,36624865,0.0,0.0
2020-09-30 00:00:00+05:30,177.5,177.6999969482422,172.6999969482422,175.25,169.12832641601562,15625518,0.0,0.0
2020-10-01 00:00:00+05:30,177.1999969482422,179.25,173.5,174.10000610351562,168.01849365234375,12663078,0.0,0.0
2020-10-05 00:00:00+05:30,175.0,179.89999389648438,172.8000030517578,179.0500030517578,172.79556274414062,13647813,0.0,0.0
2020-10-06 00:00:00+05:30,180.60000610351562,182.39999389648438,175.60000610351562,176.89999389648438,170.72067260742188,13192286,0.0,0.0
2020-10-07 00:00:00+05:30,176.89999389648438,177.9499969482422,170.8000030517578,172.85000610351562,166.81216430664062,11851388,0.0,0.0
2020-10-08 00:00:00+05:30,172.85000610351562,176.4499969482422,171.5500030517578,174.25,168.16322326660156,11214012,0.0,0.0
2020-10-09 00:00:00+05:30,177.0,181.4499969482422,169.25,170.0,164.06170654296875,30474092,0.0,0.0
2020-10-12 00:00:00+05:30,174.0,175.0,169.6999969482422,172.14999389648438,166.13661193847656,16792391,0.0,0.0
2020-10-13 00:00:00+05:30,170.4499969482422,174.89999389648438,169.75,173.25,167.19818115234375,9712302,0.0,0.0
2020-10-14 00:00:00+05:30,173.0,175.0,171.0500030517578,174.1999969482422,168.11500549316406,10703596,0.0,0.0
2020-10-15 00:00:00+05:30,174.89999389648438,178.25,171.6999969482422,173.64999389648438,167.58421325683594,19813786,0.0,0.0
2020-10-16 00:00:00+05:30,174.10000610351562,180.5500030517578,172.35000610351562,179.8000030517578,173.51937866210938,15546394,0.0,0.0
2020-10-19 00:00:00+05:30,181.0,183.85000610351562,177.6999969482422,182.6999969482422,176.3180694580078,17095601,0.0,0.0
2020-10-20 00:00:00+05:30,181.8000030517578,183.14999389648438,179.3000030517578,180.8000030517578,174.4844512939453,10427991,0.0,0.0
2020-10-21 00:00:00+05:30,181.10000610351562,187.5,181.0,185.9499969482422,179.4545440673828,24286914,0.0,0.0
2020-10-22 00:00:00+05:30,184.89999389648438,187.6999969482422,182.10000610351562,184.4499969482422,178.00694274902344,17453750,0.0,0.0
2020-10-23 00:00:00+05:30,185.60000610351562,186.60000610351562,181.64999389648438,182.25,175.88380432128906,9732876,0.0,0.0
2020-10-26 00:00:00+05:30,182.3000030517578,182.89999389648438,169.60000610351562,172.39999389648438,166.3778839111328,15615702,0.0,0.0
2020-10-27 00:00:00+05:30,172.89999389648438,175.39999389648438,171.0500030517578,174.4499969482422,168.3562774658203,15437539,0.0,0.0
2020-10-28 00:00:00+05:30,174.4499969482422,177.10000610351562,169.25,170.4499969482422,164.49598693847656,14425414,0.0,0.0
2020-10-29 00:00:00+05:30,168.5,170.5,165.3000030517578,167.89999389648438,162.03504943847656,12266096,0.0,0.0
2020-10-30 00:00:00+05:30,168.1999969482422,171.9499969482422,166.89999389648438,170.64999389648438,164.68898010253906,12957793,0.0,0.0
2020-11-02 00:00:00+05:30,171.5,172.5,167.64999389648438,170.75,164.78550720214844,11083051,0.0,0.0
2020-11-03 00:00:00+05:30,172.4499969482422,180.39999389648438,171.85000610351562,179.75,173.4711151123047,22507173,0.0,0.0
2020-11-04 00:00:00+05:30,177.0,181.1999969482422,174.10000610351562,176.5,170.33465576171875,11618409,0.0,0.0
2020-11-05 00:00:00+05:30,178.89999389648438,187.9499969482422,178.10000610351562,187.35000610351562,180.80564880371094,23733769,0.0,0.0
2020-11-06 00:00:00+05:30,186.0,190.35000610351562,185.39999389648438,188.14999389648438,181.5776824951172,14037270,0.0,0.0
2020-11-09 00:00:00+05:30,189.85000610351562,195.75,189.3000030517578,194.6999969482422,187.89889526367188,14673743,0.0,0.0
2020-11-10 00:00:00+05:30,198.0500030517578,200.64999389648438,190.10000610351562,192.35000610351562,185.6309814453125,23544708,0.0,0.0
2020-11-11 00:00:00+05:30,192.5,208.25,192.10000610351562,204.0500030517578,196.92230224609375,42959437,0.0,0.0
2020-11-12 00:00:00+05:30,205.0500030517578,211.39999389648438,204.25,208.60000610351562,201.31336975097656,40805593,0.0,0.0
2020-11-13 00:00:00+05:30,206.0,211.0500030517578,204.3000030517578,210.5500030517578,203.1952667236328,15133046,0.0,0.0
2020-11-14 00:00:00+05:30,212.0,212.5,207.0500030517578,209.3000030517578,201.98890686035156,1794824,0.0,0.0
2020-11-17 00:00:00+05:30,210.3000030517578,216.0,210.10000610351562,213.5500030517578,206.0904541015625,22284208,0.0,0.0
2020-11-18 00:00:00+05:30,212.4499969482422,220.25,210.5500030517578,219.35000610351562,211.68785095214844,16606283,0.0,0.0
2020-11-19 00:00:00+05:30,217.4499969482422,227.25,212.6999969482422,213.85000610351562,206.37998962402344,28576299,0.0,0.0
2020-11-20 00:00:00+05:30,214.5500030517578,220.0,212.10000610351562,215.5500030517578,208.0205841064453,17773062,0.0,0.0
2020-11-23 00:00:00+05:30,217.0,221.9499969482422,215.5500030517578,218.0500030517578,210.43325805664062,22567883,0.0,0.0
2020-11-24 00:00:00+05:30,220.0,227.25,218.60000610351562,226.0,218.10556030273438,18538052,0.0,0.0
2020-11-25 00:00:00+05:30,226.0,230.0,222.0,223.4499969482422,215.64463806152344,18591189,0.0,0.0
2020-11-26 00:00:00+05:30,224.1999969482422,231.25,220.35000610351562,229.89999389648438,221.8693389892578,16363181,0.0,0.0
2020-11-27 00:00:00+05:30,230.0,230.60000610351562,220.5500030517578,226.35000610351562,218.44332885742188,42583153,0.0,0.0
2020-12-01 00:00:00+05:30,230.8000030517578,231.5,222.5,229.3000030517578,221.29029846191406,16869243,0.0,0.0
2020-12-02 00:00:00+05:30,229.35000610351562,236.89999389648438,228.5500030517578,231.85000610351562,223.75120544433594,20100114,0.0,0.0
2020-12-03 00:00:00+05:30,234.60000610351562,243.14999389648438,233.10000610351562,242.0,233.5466766357422,28072333,0.0,0.0
2020-12-04 00:00:00+05:30,244.5500030517578,255.9499969482422,243.0,252.6999969482422,243.87289428710938,41978766,0.0,0.0
2020-12-07 00:00:00+05:30,252.3000030517578,253.9499969482422,248.5,251.25,242.47354125976562,17202162,0.0,0.0
2020-12-08 00:00:00+05:30,251.85000610351562,253.0,244.4499969482422,245.6999969482422,237.11741638183594,14240101,0.0,0.0
2020-12-09 00:00:00+05:30,246.5,248.0500030517578,239.9499969482422,241.0,232.5815887451172,14737004,0.0,0.0
2020-12-10 00:00:00+05:30,239.8000030517578,245.5,238.0,242.6999969482422,234.22219848632812,19673032,0.0,0.0
2020-12-11 00:00:00+05:30,244.25,248.0,240.9499969482422,243.64999389648438,235.13902282714844,12610389,0.0,0.0
2020-12-14 00:00:00+05:30,245.9499969482422,248.14999389648438,244.0500030517578,246.35000610351562,237.74472045898438,10448747,0.0,0.0
2020-12-15 00:00:00+05:30,245.60000610351562,246.0,242.60000610351562,244.5500030517578,236.00759887695312,15446054,0.0,0.0
2020-12-16 00:00:00+05:30,248.0,252.14999389648438,245.89999389648438,251.4499969482422,242.6665496826172,19222530,0.0,0.0
2020-12-17 00:00:00+05:30,251.89999389648438,254.89999389648438,244.4499969482422,245.85000610351562,237.26217651367188,13711470,0.0,0.0
2020-12-18 00:00:00+05:30,246.6999969482422,251.39999389648438,245.1999969482422,249.89999389648438,241.1707000732422,18866376,0.0,0.0
2020-12-21 00:00:00+05:30,246.0,249.75,228.64999389648438,232.3000030517578,224.1855010986328,16278713,0.0,0.0
2020-12-22 00:00:00+05:30,233.89999389648438,239.25,227.0,231.89999389648438,223.79945373535156,18337596,0.0,0.0
2020-12-23 00:00:00+05:30,231.35000610351562,237.89999389648438,227.5,236.1999969482422,227.94924926757812,13095413,0.0,0.0
2020-12-24 00:00:00+05:30,237.89999389648438,244.64999389648438,236.10000610351562,236.9499969482422,228.67306518554688,14541771,0.0,0.0
2020-12-28 00:00:00+05:30,239.14999389648438,241.14999389648438,237.6999969482422,239.89999389648438,231.52001953125,8213627,0.0,0.0
2020-12-29 00:00:00+05:30,241.89999389648438,242.0,234.3000030517578,235.60000610351562,227.37022399902344,9405315,0.0,0.0
2020-12-30 00:00:00+05:30,236.39999389648438,239.14999389648438,232.64999389648438,237.39999389648438,229.10733032226562,8480116,0.0,0.0
2020-12-31 00:00:00+05:30,236.39999389648438,241.89999389648438,234.6999969482422,240.5500030517578,232.14730834960938,10380624,0.0,0.0
2021-01-01 00:00:00+05:30,239.0,240.0,237.60000610351562,238.35000610351562,230.024169921875,5091899,0.0,0.0
2021-01-04 00:00:00+05:30,240.89999389648438,258.0,239.5500030517578,254.3000030517578,245.41702270507812,24902369,0.0,0.0
2021-01-05 00:00:00+05:30,251.10000610351562,252.75,247.0,250.3000030517578,241.55674743652344,12297457,0.0,0.0
2021-01-06 00:00:00+05:30,250.75,260.0,247.75,259.04998779296875,250.0010528564453,18029077,0.0,0.0
2021-01-07 00:00:00+05:30,261.45001220703125,275.3999938964844,261.0,272.8999938964844,263.3672790527344,32739259,0.0,0.0
2021-01-08 00:00:00+05:30,273.95001220703125,274.45001220703125,265.1499938964844,268.20001220703125,258.8315124511719,20606695,0.0,0.0
2021-01-11 00:00:00+05:30,267.6000061035156,269.3999938964844,258.0,264.70001220703125,255.45372009277344,13163440,0.0,0.0
2021-01-12 00:00:00+05:30,260.45001220703125,270.5,260.45001220703125,264.3500061035156,255.11595153808594,13136084,0.0,0.0
2021-01-13 00:00:00+05:30,265.5,268.3999938964844,258.8500061035156,262.6499938964844,253.47535705566406,13300126,0.0,0.0
2021-01-14 00:00:00+05:30,262.70001220703125,265.1000061035156,259.54998779296875,261.3999938964844,252.26898193359375,7601547,0.0,0.0
2021-01-15 00:00:00+05:30,262.0,263.29998779296875,251.10000610351562,253.35000610351562,244.50018310546875,17738049,0.0,0.0
2021-01-18 00:00:00+05:30,252.3000030517578,254.25,240.60000610351562,243.14999389648438,234.656494140625,17989695,0.0,0.0
2021-01-19 00:00:00+05:30,246.5,252.64999389648438,243.35000610351562,251.5500030517578,242.7630615234375,10254337,0.0,0.0
2021-01-20 00:00:00+05:30,251.60000610351562,253.64999389648438,248.60000610351562,252.10000610351562,243.2938690185547,11090894,0.0,0.0
2021-01-21 00:00:00+05:30,252.85000610351562,254.5500030517578,246.4499969482422,248.89999389648438,240.2056427001953,8781513,0.0,0.0
2021-01-22 00:00:00+05:30,247.25,249.8000030517578,235.5500030517578,239.1999969482422,230.84446716308594,16005359,0.0,0.0
2021-01-25 00:00:00+05:30,240.6999969482422,243.89999389648438,233.60000610351562,240.3000030517578,231.9060516357422,8297942,0.0,0.0
2021-01-27 00:00:00+05:30,240.0,240.0500030517578,229.75,231.39999389648438,223.31690979003906,14139166,0.0,0.0
2021-01-28 00:00:00+05:30,225.0,232.10000610351562,224.5500030517578,229.0500030517578,221.0490264892578,13756664,0.0,0.0
2021-01-29 00:00:00+05:30,230.10000610351562,234.3000030517578,225.0,226.3000030517578,218.39508056640625,14992241,0.0,0.0
2021-02-01 00:00:00+05:30,227.35000610351562,243.9499969482422,226.5500030517578,241.14999389648438,232.72633361816406,12417894,0.0,0.0
2021-02-02 00:00:00+05:30,244.1999969482422,257.3999938964844,243.89999389648438,255.35000610351562,246.4303436279297,18251184,0.0,0.0
2021-02-03 00:00:00+05:30,254.0,263.3999938964844,252.5500030517578,257.25,248.26394653320312,15670948,0.0,0.0
2021-02-04 00:00:00+05:30,259.95001220703125,267.3999938964844,258.95001220703125,261.8500061035156,252.70326232910156,21296401,0.0,0.0
2021-02-05 00:00:00+05:30,264.0,266.0,255.89999389648438,262.04998779296875,252.89625549316406,12833374,0.0,0.0
2021-02-08 00:00:00+05:30,264.0,280.54998779296875,263.54998779296875,278.95001220703125,269.20599365234375,27556901,0.0,0.0
2021-02-09 00:00:00+05:30,278.54998779296875,285.8999938964844,275.6499938964844,278.04998779296875,268.33740234375,22066741,0.0,0.0
2021-02-10 00:00:00+05:30,281.0,283.3500061035156,274.70001220703125,279.3999938964844,269.6402282714844,16789592,0.0,0.0
2021-02-11 00:00:00+05:30,280.79998779296875,297.3500061035156,279.8500061035156,295.3999938964844,285.0813293457031,47356292,0.0,0.0
2021-02-12 00:00:00+05:30,297.0,297.25,286.5,290.79998779296875,280.64202880859375,15454237,0.0,0.0
2021-02-15 00:00:00+05:30,292.5,296.04998779296875,289.0,291.3999938964844,281.2210388183594,8041775,0.0,0.0
2021-02-16 00:00:00+05:30,293.54998779296875,307.3500061035156,293.0,302.70001220703125,292.1263732910156,27519511,0.0,0.0
2021-02-17 00:00:00+05:30,302.70001220703125,308.5,301.0,303.8999938964844,293.2844543457031,18221106,0.0,0.0
2021-02-18 00:00:00+05:30,306.04998779296875,312.6000061035156,305.0,309.8999938964844,299.0748291015625,16202053,0.0,0.0
2021-02-19 00:00:00+05:30,308.0,313.3500061035156,302.25,308.0,297.2412109375,17410357,0.0,0.0
2021-02-22 00:00:00+05:30,310.0,328.0,310.0,316.1000061035156,305.0582580566406,45975603,0.0,0.0
2021-02-23 00:00:00+05:30,321.95001220703125,338.1499938964844,316.6499938964844,333.04998779296875,321.4161682128906,50677230,0.0,0.0
2021-02-24 00:00:00+05:30,334.20001220703125,337.5,328.0,332.79998779296875,321.1748962402344,14777374,0.0,0.0
2021-02-25 00:00:00+05:30,337.6000061035156,354.6000061035156,337.0,350.70001220703125,338.4496765136719,35967464,0.0,0.0
2021-02-26 00:00:00+05:30,343.0,349.6499938964844,334.75,340.25,328.36468505859375,20379210,0.0,0.0
2021-03-01 00:00:00+05:30,342.0,347.0,334.6000061035156,344.1000061035156,332.0801696777344,14556212,0.0,0.0
2021-03-02 00:00:00+05:30,344.25,349.29998779296875,338.75,345.25,333.19000244140625,12878208,0.0,0.0
2021-03-03 00:00:00+05:30,350.70001220703125,361.29998779296875,350.5,359.3500061035156,346.7974853515625,20104887,0.0,0.0
2021-03-04 00:00:00+05:30,352.0,357.70001220703125,347.0,349.45001220703125,337.2433166503906,13623173,0.0,0.0
2021-03-05 00:00:00+05:30,345.25,347.6000061035156,333.1499938964844,337.8500061035156,326.0484924316406,15127687,0.0,0.0
2021-03-08 00:00:00+05:30,340.04998779296875,343.8999938964844,334.70001220703125,336.6000061035156,324.8421630859375,10555735,0.0,0.0
2021-03-09 00:00:00+05:30,339.95001220703125,344.3999938964844,328.45001220703125,333.25,321.60919189453125,13883599,0.0,0.0
2021-03-10 00:00:00+05:30,335.79998779296875,342.3500061035156,330.45001220703125,340.3500061035156,328.4612121582031,10886045,0.0,0.0
2021-03-12 00:00:00+05:30,341.54998779296875,345.0,327.45001220703125,330.20001220703125,318.66571044921875,15035151,0.0,0.0
2021-03-15 00:00:00+05:30,331.8999938964844,335.8999938964844,325.0,333.79998779296875,322.1399841308594,14049436,0.0,0.0
2021-03-16 00:00:00+05:30,336.0,336.75,326.29998779296875,333.8999938964844,322.2364807128906,13294567,0.0,0.0
2021-03-17 00:00:00+05:30,332.95001220703125,333.54998779296875,325.0,326.3999938964844,314.99847412109375,11028678,0.0,0.0
2021-03-18 00:00:00+05:30,329.3500061035156,340.5,329.3500061035156,331.79998779296875,320.2098388671875,23744146,0.0,0.0
2021-03-19 00:00:00+05:30,330.0,339.70001220703125,320.6000061035156,335.1000061035156,323.39459228515625,16753538,0.0,0.0
2021-03-22 00:00:00+05:30,335.1000061035156,342.6499938964844,331.1000061035156,339.75,327.8821716308594,8470164,0.0,0.0
2021-03-23 00:00:00+05:30,341.8999938964844,342.45001220703125,330.29998779296875,331.70001220703125,320.1133117675781,13880498,0.0,0.0
2021-03-24 00:00:00+05:30,328.29998779296875,328.29998779296875,316.79998779296875,317.75,306.6506652832031,20388678,0.0,0.0
2021-03-25 00:00:00+05:30,319.04998779296875,319.8999938964844,305.3999938964844,314.0,303.0316162109375,20856373,0.0,0.0
2021-03-26 00:00:00+05:30,318.1000061035156,328.5,318.1000061035156,327.1499938964844,315.7222900390625,13857627,0.0,0.0
2021-03-30 00:00:00+05:30,330.54998779296875,332.8999938964844,324.95001220703125,326.29998779296875,314.9019775390625,9159261,0.0,0.0
2021-03-31 00:00:00+05:30,323.1000061035156,336.0,320.8999938964844,326.8500061035156,315.4327392578125,10387652,0.0,0.0
2021-04-01 00:00:00+05:30,329.75,352.0,328.45001220703125,350.25,338.0154113769531,25631843,0.0,0.0
2021-04-05 00:00:00+05:30,349.8999938964844,352.8999938964844,338.0,350.6499938964844,338.4013977050781,14771653,0.0,0.0
2021-04-06 00:00:00+05:30,352.70001220703125,358.29998779296875,348.5,350.45001220703125,338.2084045410156,11185963,0.0,0.0
2021-04-07 00:00:00+05:30,350.3999938964844,360.70001220703125,349.0,352.20001220703125,339.897216796875,12542475,0.0,0.0
2021-04-08 00:00:00+05:30,355.8999938964844,374.0,354.6499938964844,365.20001220703125,352.443115234375,28768469,0.0,0.0
2021-04-09 00:00:00+05:30,367.0,370.0,354.70001220703125,361.04998779296875,348.4381103515625,16371164,0.0,0.0
2021-04-12 00:00:00+05:30,352.1000061035156,354.0,331.6000061035156,336.20001220703125,324.4561767578125,16096812,0.0,0.0
2021-04-13 00:00:00+05:30,336.20001220703125,350.29998779296875,336.20001220703125,348.70001220703125,336.51953125,12942071,0.0,0.0
2021-04-15 00:00:00+05:30,354.0,366.79998779296875,349.75,353.54998779296875,341.2000732421875,21825520,0.0,0.0
2021-04-16 00:00:00+05:30,356.75,376.5,352.70001220703125,370.0,357.07550048828125,28438547,0.0,0.0
2021-04-19 00:00:00+05:30,358.70001220703125,366.0,353.8500061035156,361.3999938964844,348.77587890625,15435944,0.0,0.0
2021-04-20 00:00:00+05:30,368.6000061035156,371.5,354.54998779296875,359.3500061035156,346.7974853515625,15526407,0.0,0.0
2021-04-22 00:00:00+05:30,360.79998779296875,365.6000061035156,354.70001220703125,355.8500061035156,343.4197692871094,12756931,0.0,0.0
2021-04-23 00:00:00+05:30,354.04998779296875,362.6499938964844,345.29998779296875,349.5,337.29156494140625,12805877,0.0,0.0
2021-04-26 00:00:00+05:30,353.0,358.25,345.5,348.3500061035156,336.18170166015625,16472269,0.0,0.0
2021-04-27 00:00:00+05:30,350.1000061035156,370.0,350.1000061035156,366.25,353.4564514160156,41263319,0.0,0.0
2021-04-28 00:00:00+05:30,368.8500061035156,368.8999938964844,358.0,362.6000061035156,349.9339599609375,15197329,0.0,0.0
2021-04-29 00:00:00+05:30,367.3999938964844,377.29998779296875,364.6000061035156,372.1499938964844,359.1503601074219,34391622,0.0,0.0
2021-04-30 00:00:00+05:30,368.8999938964844,377.0,361.29998779296875,364.3999938964844,351.67108154296875,19935239,0.0,0.0
2021-05-03 00:00:00+05:30,364.3999938964844,373.20001220703125,357.6499938964844,369.95001220703125,357.0272216796875,15890242,0.0,0.0
2021-05-04 00:00:00+05:30,372.0,384.45001220703125,359.70001220703125,362.54998779296875,349.88568115234375,29767756,0.0,0.0
2021-05-05 00:00:00+05:30,367.0,373.70001220703125,364.29998779296875,367.1000061035156,354.27679443359375,15192338,0.0,0.0
2021-05-06 00:00:00+05:30,370.0,388.6000061035156,367.79998779296875,385.95001220703125,372.46832275390625,31912131,0.0,0.0
2021-05-07 00:00:00+05:30,390.0,404.95001220703125,385.25,401.1000061035156,387.0891418457031,46343220,0.0,0.0
2021-05-10 00:00:00+05:30,407.79998779296875,427.5,406.70001220703125,425.75,410.8780212402344,39516234,0.0,0.0
2021-05-11 00:00:00+05:30,414.8500061035156,420.6000061035156,408.8500061035156,412.79998779296875,398.38043212890625,27497466,0.0,0.0
2021-05-12 00:00:00+05:30,416.0,417.6499938964844,393.70001220703125,398.79998779296875,384.86944580078125,18242276,0.0,0.0
2021-05-14 00:00:00+05:30,403.0,403.6499938964844,368.1499938964844,382.79998779296875,369.4283447265625,41384078,0.0,0.0
2021-05-17 00:00:00+05:30,384.5,395.3500061035156,377.25,392.95001220703125,379.2237854003906,20821967,0.0,0.0
2021-05-18 00:00:00+05:30,401.0,412.79998779296875,396.5,402.1000061035156,388.0541687011719,30540086,0.0,0.0
2021-05-19 00:00:00+05:30,400.0,406.45001220703125,394.20001220703125,403.29998779296875,389.2122497558594,16113667,0.0,0.0
2021-05-20 00:00:00+05:30,390.0,393.20001220703125,379.45001220703125,385.20001220703125,371.7445068359375,30689219,0.0,0.0
2021-05-21 00:00:00+05:30,388.70001220703125,391.8999938964844,383.3500061035156,389.79998779296875,376.1838073730469,22406993,0.0,0.0
2021-05-24 00:00:00+05:30,392.8999938964844,393.70001220703125,379.45001220703125,389.29998779296875,375.7012634277344,23694105,0.0,0.0
2021-05-25 00:00:00+05:30,394.0,399.5,389.54998779296875,391.20001220703125,377.5349426269531,18155697,0.0,0.0
2021-05-26 00:00:00+05:30,389.25,389.5,380.25,381.0,367.69122314453125,15340621,0.0,0.0
2021-05-27 00:00:00+05:30,382.04998779296875,388.45001220703125,380.0,385.8500061035156,372.371826171875,17374666,0.0,0.0
2021-05-28 00:00:00+05:30,393.0,398.8500061035156,384.79998779296875,387.75,374.2054443359375,14862168,0.0,0.0
2021-05-31 00:00:00+05:30,391.54998779296875,395.3999938964844,388.0,394.25,380.4783935546875,13703439,0.0,0.0
2021-06-01 00:00:00+05:30,396.0,396.79998779296875,386.5,394.70001220703125,380.9127197265625,11399189,0.0,0.0
2021-06-02 00:00:00+05:30,389.0,402.70001220703125,389.0,398.79998779296875,384.86944580078125,9587386,0.0,0.0
2021-06-03 00:00:00+05:30,403.0,405.5,398.0,399.20001220703125,385.2555236816406,12441261,0.0,0.0
2021-06-04 00:00:00+05:30,400.0,400.0,392.29998779296875,395.04998779296875,381.25042724609375,10040657,0.0,0.0
2021-06-07 00:00:00+05:30,396.1499938964844,401.3999938964844,394.25,395.0,381.2021789550781,6176784,0.0,0.0
2021-06-08 00:00:00+05:30,395.0,395.5,381.1000061035156,387.75,374.2054443359375,17334691,0.0,0.0
2021-06-09 00:00:00+05:30,388.0,390.95001220703125,382.29998779296875,383.1499938964844,369.7661437988281,11807015,0.0,0.0
2021-06-10 00:00:00+05:30,386.1499938964844,389.95001220703125,384.25,385.3999938964844,371.9375305175781,5796380,0.0,0.0
2021-06-11 00:00:00+05:30,388.3999938964844,395.0,383.1499938964844,393.1499938964844,379.4168395996094,9630564,0.0,0.0
2021-06-14 00:00:00+05:30,392.95001220703125,397.5,381.3500061035156,394.79998779296875,381.0091552734375,11601461,0.0,0.0
2021-06-15 00:00:00+05:30,391.0,396.3500061035156,390.0,390.8500061035156,377.1971740722656,7929361,0.0,0.0
2021-06-16 00:00:00+05:30,387.29998779296875,391.3500061035156,377.0,380.25,366.9674072265625,17978012,0.0,0.0
2021-06-17 00:00:00+05:30,376.0,380.29998779296875,365.04998779296875,369.25,356.3516845703125,14321673,0.0,0.0
2021-06-18 00:00:00+05:30,368.75,373.3500061035156,359.79998779296875,371.3500061035156,358.3782958984375,22723111,0.0,0.0
2021-06-21 00:00:00+05:30,366.8999938964844,369.95001220703125,360.3999938964844,367.6000061035156,354.75933837890625,13172227,0.0,0.0
2021-06-22 00:00:00+05:30,371.0,371.8500061035156,366.25,367.54998779296875,354.71099853515625,9787216,0.0,0.0
2021-06-23 00:00:00+05:30,368.04998779296875,377.0,367.3500061035156,368.1000061035156,355.24188232421875,14295574,0.0,0.0
2021-06-24 00:00:00+05:30,369.0,372.45001220703125,366.1000061035156,369.04998779296875,356.15863037109375,9066954,0.0,0.0
2021-06-25 00:00:00+05:30,371.54998779296875,380.3500061035156,371.54998779296875,375.8999938964844,362.7693786621094,12815999,0.0,0.0
2021-06-28 00:00:00+05:30,378.8999938964844,384.95001220703125,374.25,382.29998779296875,368.9458312988281,14518487,0.0,0.0
2021-06-29 00:00:00+05:30,383.3999938964844,383.5,372.70001220703125,374.25,361.1770324707031,9106037,0.0,0.0
2021-06-30 00:00:00+05:30,376.54998779296875,379.3999938964844,370.95001220703125,372.04998779296875,359.05389404296875,10110801,0.0,0.0
2021-07-01 00:00:00+05:30,372.29998779296875,380.79998779296875,372.0,379.3999938964844,366.1470947265625,8232292,0.0,0.0
2021-07-02 00:00:00+05:30,378.0,380.6000061035156,374.20001220703125,376.04998779296875,362.91412353515625,5070326,0.0,0.0
2021-07-05 00:00:00+05:30,379.0,391.0,377.5,389.54998779296875,375.9425048828125,12836172,0.0,0.0
2021-07-06 00:00:00+05:30,389.3999938964844,391.0,384.0,385.3500061035156,371.8893127441406,6153733,0.0,0.0
2021-07-07 00:00:00+05:30,382.8999938964844,395.0,380.20001220703125,393.6499938964844,379.8993835449219,10577866,0.0,0.0
2021-07-08 00:00:00+05:30,392.5,392.8999938964844,381.20001220703125,383.1000061035156,369.7178649902344,12333337,0.0,0.0
2021-07-09 00:00:00+05:30,383.0,391.3999938964844,382.1000061035156,390.04998779296875,376.4250793457031,7375406,0.0,0.0
2021-07-12 00:00:00+05:30,393.0,393.0,386.6000061035156,388.3500061035156,374.7845153808594,5679273,0.0,0.0
2021-07-13 00:00:00+05:30,390.5,394.95001220703125,390.0,392.25,378.5482177734375,5467940,0.0,0.0
2021-07-14 00:00:00+05:30,392.25,394.3999938964844,391.0,391.6499938964844,377.96917724609375,3341557,0.0,0.0
2021-07-15 00:00:00+05:30,391.79998779296875,402.8999938964844,390.0,401.45001220703125,387.4269104003906,10347950,0.0,0.0
2021-07-16 00:00:00+05:30,403.0,406.0,399.3500061035156,405.5,391.33538818359375,9287112,0.0,0.0
2021-07-19 00:00:00+05:30,398.0,404.95001220703125,396.20001220703125,396.95001220703125,383.0840759277344,5708367,0.0,0.0
2021-07-20 00:00:00+05:30,396.45001220703125,396.45001220703125,381.20001220703125,383.0,369.6213684082031,9214553,0.0,0.0
2021-07-22 00:00:00+05:30,390.20001220703125,395.20001220703125,389.0,393.5,379.75457763671875,7381389,0.0,0.0
2021-07-23 00:00:00+05:30,394.1000061035156,396.54998779296875,390.79998779296875,391.75,378.06573486328125,5217004,0.0,0.0
2021-07-26 00:00:00+05:30,393.0,402.45001220703125,390.20001220703125,400.04998779296875,386.07574462890625,7083799,0.0,0.0
2021-07-27 00:00:00+05:30,404.0,419.70001220703125,403.54998779296875,417.3500061035156,402.771484375,28240273,0.0,0.0
2021-07-28 00:00:00+05:30,419.0,419.3999938964844,407.54998779296875,416.29998779296875,401.75811767578125,12775129,0.0,0.0
2021-07-29 00:00:00+05:30,420.5,474.0,416.79998779296875,458.1000061035156,442.0980529785156,61414603,0.0,0.0
2021-07-30 00:00:00+05:30,458.1000061035156,459.6499938964844,442.1499938964844,444.79998779296875,429.2626037597656,12987115,0.0,0.0
2021-08-02 00:00:00+05:30,448.0,452.25,442.70001220703125,445.79998779296875,430.2276916503906,7683565,0.0,0.0
2021-08-03 00:00:00+05:30,447.75,450.8500061035156,440.20001220703125,448.79998779296875,433.1228942871094,8879300,0.0,0.0
2021-08-04 00:00:00+05:30,446.0,455.5,441.0,442.70001220703125,427.2359924316406,8621637,0.0,0.0
2021-08-05 00:00:00+05:30,445.0,445.70001220703125,432.8999938964844,443.1000061035156,427.6220397949219,11790679,0.0,0.0
2021-08-06 00:00:00+05:30,444.70001220703125,455.8500061035156,439.29998779296875,442.1499938964844,426.7052001953125,18059875,0.0,0.0
2021-08-09 00:00:00+05:30,441.95001220703125,445.0,428.79998779296875,434.70001220703125,419.5154724121094,13778833,0.0,0.0
2021-08-10 00:00:00+05:30,436.5,439.79998779296875,423.25,426.95001220703125,412.0361633300781,10417993,0.0,0.0
2021-08-11 00:00:00+05:30,429.29998779296875,444.5,429.04998779296875,436.6499938964844,421.39727783203125,19239106,0.0,0.0
2021-08-12 00:00:00+05:30,436.8999938964844,444.29998779296875,433.8500061035156,437.25,424.8955993652344,8349354,3.0,0.0
2021-08-13 00:00:00+05:30,437.3999938964844,449.6000061035156,435.5,442.04998779296875,429.5599670410156,13343808,0.0,0.0
2021-08-16 00:00:00+05:30,442.6000061035156,447.0,436.20001220703125,441.75,429.2684631347656,8288547,0.0,0.0
2021-08-17 00:00:00+05:30,440.1000061035156,443.8500061035156,429.0,436.6000061035156,424.2640075683594,8413999,0.0,0.0
2021-08-18 00:00:00+05:30,438.79998779296875,439.6499938964844,424.3999938964844,426.95001220703125,414.88665771484375,12169397,0.0,0.0
2021-08-20 00:00:00+05:30,416.0,416.0,401.1000061035156,403.6499938964844,392.2449645996094,23309477,0.0,0.0
2021-08-23 00:00:00+05:30,411.0,415.75,399.5,406.8500061035156,395.35455322265625,15943020,0.0,0.0
2021-08-24 00:00:00+05:30,415.0,423.75,412.54998779296875,420.8500061035156,408.9589538574219,15050015,0.0,0.0
2021-08-25 00:00:00+05:30,423.70001220703125,434.95001220703125,423.70001220703125,430.70001220703125,418.5306701660156,17974391,0.0,0.0
2021-08-26 00:00:00+05:30,431.5,432.29998779296875,420.79998779296875,424.1000061035156,412.1171569824219,7695674,0.0,0.0
2021-08-27 00:00:00+05:30,427.0,439.0,427.0,437.8999938964844,425.5272216796875,15558923,0.0,0.0
2021-08-30 00:00:00+05:30,440.95001220703125,452.5,440.6499938964844,448.04998779296875,435.39044189453125,11735730,0.0,0.0
2021-08-31 00:00:00+05:30,448.0,471.1499938964844,444.79998779296875,468.29998779296875,455.0682678222656,20847646,0.0,0.0
2021-09-01 00:00:00+05:30,474.0,474.0,455.04998779296875,458.1000061035156,445.156494140625,10038500,0.0,0.0
2021-09-02 00:00:00+05:30,460.04998779296875,465.0,455.70001220703125,456.95001220703125,444.0390319824219,5360608,0.0,0.0
2021-09-03 00:00:00+05:30,457.25,464.5,450.0,461.29998779296875,448.26605224609375,8516918,0.0,0.0
2021-09-06 00:00:00+05:30,466.95001220703125,475.0,461.70001220703125,469.25,455.991455078125,12183840,0.0,0.0
2021-09-07 00:00:00+05:30,470.0,472.3999938964844,460.8999938964844,462.29998779296875,449.2378234863281,5684070,0.0,0.0
2021-09-08 00:00:00+05:30,464.8500061035156,465.8500061035156,455.20001220703125,456.29998779296875,443.4073181152344,6689343,0.0,0.0
2021-09-09 00:00:00+05:30,458.25,466.6499938964844,456.0,463.54998779296875,450.4524841308594,6926659,0.0,0.0
2021-09-13 00:00:00+05:30,476.0,480.5,468.54998779296875,478.3500061035156,464.8343505859375,16632808,0.0,0.0
2021-09-14 00:00:00+05:30,483.1000061035156,483.45001220703125,473.20001220703125,477.95001220703125,464.4456481933594,15253798,0.0,0.0
2021-09-15 00:00:00+05:30,478.20001220703125,487.6000061035156,474.3500061035156,486.79998779296875,473.04559326171875,12415050,0.0,0.0
2021-09-16 00:00:00+05:30,483.0,488.0,480.45001220703125,483.29998779296875,469.6444396972656,8011765,0.0,0.0
2021-09-17 00:00:00+05:30,484.0,485.45001220703125,470.1000061035156,473.04998779296875,459.68408203125,12113274,0.0,0.0
2021-09-20 00:00:00+05:30,462.0,464.0,442.3999938964844,444.3999938964844,431.84356689453125,18031539,0.0,0.0
2021-09-21 00:00:00+05:30,445.0,452.45001220703125,438.79998779296875,451.0,438.257080078125,18750888,0.0,0.0
2021-09-22 00:00:00+05:30,452.8999938964844,464.3999938964844,452.20001220703125,463.0,449.9180603027344,13613171,0.0,0.0
2021-09-23 00:00:00+05:30,473.5,484.79998779296875,468.0,483.25,469.59588623046875,12757667,0.0,0.0
2021-09-24 00:00:00+05:30,481.0,485.6499938964844,473.6000061035156,478.75,465.2230224609375,9226843,0.0,0.0
2021-09-27 00:00:00+05:30,474.8999938964844,489.95001220703125,472.29998779296875,481.3999938964844,467.7981262207031,6825039,0.0,0.0
2021-09-28 00:00:00+05:30,480.8999938964844,486.8999938964844,475.04998779296875,478.1499938964844,464.6399841308594,6148679,0.0,0.0
2021-09-29 00:00:00+05:30,475.0,496.8999938964844,473.3999938964844,494.1499938964844,480.1878967285156,9508220,0.0,0.0
2021-09-30 00:00:00+05:30,495.25,504.0,485.6000061035156,487.95001220703125,474.1631164550781,14333358,0.0,0.0
2021-10-01 00:00:00+05:30,483.1000061035156,486.0,473.45001220703125,484.3500061035156,470.6647644042969,8072310,0.0,0.0
2021-10-04 00:00:00+05:30,486.0,509.45001220703125,481.0,505.70001220703125,491.4115905761719,10303925,0.0,0.0
2021-10-05 00:00:00+05:30,496.0,506.20001220703125,494.20001220703125,495.29998779296875,481.3053894042969,8162109,0.0,0.0
2021-10-06 00:00:00+05:30,498.0,498.5,474.0,475.8999938964844,462.45355224609375,11231113,0.0,0.0
2021-10-07 00:00:00+05:30,485.0,485.6000061035156,473.0,477.5,464.00836181640625,9774465,0.0,0.0
2021-10-08 00:00:00+05:30,480.95001220703125,490.75,472.6499938964844,473.6499938964844,460.2671203613281,7086881,0.0,0.0
2021-10-11 00:00:00+05:30,478.5,490.0,476.25,487.5,473.725830078125,5565678,0.0,0.0
2021-10-12 00:00:00+05:30,492.79998779296875,499.5,487.45001220703125,498.6499938964844,484.56072998046875,8685800,0.0,0.0
2021-10-13 00:00:00+05:30,499.95001220703125,512.0,495.0,508.04998779296875,493.6951599121094,8901206,0.0,0.0
2021-10-14 00:00:00+05:30,511.3999938964844,523.3499755859375,508.3500061035156,516.0999755859375,501.5176696777344,8876529,0.0,0.0
2021-10-18 00:00:00+05:30,535.4500122070312,551.8499755859375,526.5,542.7999877929688,527.4633178710938,23481789,0.0,0.0
2021-10-19 00:00:00+05:30,547.7000122070312,547.7000122070312,526.0499877929688,533.75,518.6690063476562,11017925,0.0,0.0
2021-10-20 00:00:00+05:30,531.0,531.0,510.5,512.9500122070312,498.4567565917969,9440844,0.0,0.0
2021-10-21 00:00:00+05:30,516.2000122070312,520.7999877929688,491.6000061035156,493.75,479.7992248535156,14173662,0.0,0.0
2021-10-22 00:00:00+05:30,489.0,492.0,464.5,470.45001220703125,457.15753173828125,19392383,0.0,0.0
2021-10-25 00:00:00+05:30,473.54998779296875,478.0,459.3500061035156,473.25,459.87841796875,9196105,0.0,0.0
2021-10-26 00:00:00+05:30,475.04998779296875,488.0,472.54998779296875,486.04998779296875,472.3167419433594,8120433,0.0,0.0
2021-10-27 00:00:00+05:30,483.0,487.70001220703125,475.6499938964844,479.8500061035156,466.2919616699219,8972879,0.0,0.0
2021-10-28 00:00:00+05:30,455.8500061035156,477.1499938964844,453.45001220703125,468.79998779296875,455.55413818359375,12659503,0.0,0.0
2021-10-29 00:00:00+05:30,469.45001220703125,474.20001220703125,456.6499938964844,459.79998779296875,446.8084411621094,8306338,0.0,0.0
2021-11-01 00:00:00+05:30,463.79998779296875,481.1000061035156,463.3500061035156,478.1499938964844,464.6399841308594,7466267,0.0,0.0
2021-11-02 00:00:00+05:30,480.0,481.0,467.1499938964844,468.3999938964844,455.16546630859375,5953912,0.0,0.0
2021-11-03 00:00:00+05:30,471.0,480.45001220703125,469.8500061035156,478.29998779296875,464.78570556640625,6928590,0.0,0.0
2021-11-04 00:00:00+05:30,482.0,482.0,470.0,472.6000061035156,459.2467956542969,1615558,0.0,0.0
2021-11-08 00:00:00+05:30,480.0,481.45001220703125,459.20001220703125,469.79998779296875,456.5259094238281,13018619,0.0,0.0
2021-11-09 00:00:00+05:30,470.70001220703125,476.20001220703125,462.29998779296875,464.6000061035156,451.47283935546875,8628327,0.0,0.0
2021-11-10 00:00:00+05:30,463.6499938964844,464.0,448.5,449.75,437.0424499511719,14672997,0.0,0.0
2021-11-11 00:00:00+05:30,449.04998779296875,456.29998779296875,446.6000061035156,453.95001220703125,441.1237487792969,7789754,0.0,0.0
2021-11-12 00:00:00+05:30,460.5,470.5,458.95001220703125,468.54998779296875,455.31121826171875,17010073,0.0,0.0
2021-11-15 00:00:00+05:30,473.6000061035156,473.6000061035156,455.1499938964844,455.8999938964844,443.0186767578125,8882843,0.0,0.0
2021-11-16 00:00:00+05:30,457.0,459.8999938964844,443.04998779296875,445.6000061035156,433.00970458984375,8937525,0.0,0.0
2021-11-17 00:00:00+05:30,442.0,449.20001220703125,439.5,445.3999938964844,432.8153381347656,7474301,0.0,0.0
2021-11-18 00:00:00+05:30,448.1000061035156,454.0,436.29998779296875,440.29998779296875,427.85943603515625,9688141,0.0,0.0
2021-11-22 00:00:00+05:30,442.6000061035156,447.70001220703125,432.8999938964844,442.1499938964844,429.65716552734375,10007050,0.0,0.0
2021-11-23 00:00:00+05:30,439.25,453.3999938964844,437.04998779296875,450.20001220703125,437.4797058105469,9020906,0.0,0.0
2021-11-24 00:00:00+05:30,453.8999938964844,456.8999938964844,444.20001220703125,452.1000061035156,439.3260498046875,7761523,0.0,0.0
2021-11-25 00:00:00+05:30,451.5,458.79998779296875,443.6499938964844,447.04998779296875,434.4186706542969,8633424,0.0,0.0
2021-11-26 00:00:00+05:30,441.79998779296875,442.70001220703125,414.70001220703125,417.0,405.2177429199219,14826141,0.0,0.0
2021-11-29 00:00:00+05:30,414.0,433.5,407.1000061035156,420.1499938964844,408.27874755859375,19069247,0.0,0.0
2021-11-30 00:00:00+05:30,418.95001220703125,430.0,410.0,412.75,401.08782958984375,14850682,0.0,0.0
2021-12-01 00:00:00+05:30,419.5,426.1000061035156,416.1000061035156,424.8999938964844,412.8945617675781,8183556,0.0,0.0
2021-12-02 00:00:00+05:30,428.0,433.8999938964844,421.0,432.1000061035156,419.89111328125,7775405,0.0,0.0
2021-12-03 00:00:00+05:30,427.79998779296875,433.79998779296875,424.0,424.6499938964844,412.651611328125,5938378,0.0,0.0
2021-12-06 00:00:00+05:30,424.95001220703125,432.5,418.20001220703125,421.3500061035156,409.4448547363281,8160853,0.0,0.0
2021-12-07 00:00:00+05:30,427.3999938964844,444.3999938964844,425.20001220703125,442.5,429.9972839355469,18303734,0.0,0.0
2021-12-08 00:00:00+05:30,446.0,458.45001220703125,440.1000061035156,457.45001220703125,444.5248718261719,13700443,0.0,0.0
2021-12-09 00:00:00+05:30,457.45001220703125,458.70001220703125,452.20001220703125,455.6499938964844,442.7757263183594,5586232,0.0,0.0
2021-12-10 00:00:00+05:30,455.3999938964844,460.95001220703125,453.45001220703125,455.1000061035156,442.24127197265625,5308752,0.0,0.0
2021-12-13 00:00:00+05:30,460.0,469.5,457.45001220703125,458.25,445.30224609375,9401208,0.0,0.0
2021-12-14 00:00:00+05:30,454.8999938964844,464.3999938964844,454.70001220703125,461.70001220703125,448.65478515625,8027659,0.0,0.0
2021-12-15 00:00:00+05:30,461.6000061035156,463.8500061035156,456.04998779296875,458.3500061035156,445.3994445800781,3651118,0.0,0.0
2021-12-16 00:00:00+05:30,464.0,464.0,448.54998779296875,450.5,437.771240234375,8879417,0.0,0.0
2021-12-17 00:00:00+05:30,449.5,457.0,444.75,450.1499938964844,437.43109130859375,14337902,0.0,0.0
2021-12-20 00:00:00+05:30,444.79998779296875,445.25,426.70001220703125,433.1000061035156,420.86285400390625,5952052,0.0,0.0
2021-12-21 00:00:00+05:30,438.0,449.70001220703125,437.3500061035156,445.45001220703125,432.8639221191406,5029410,0.0,0.0
2021-12-22 00:00:00+05:30,450.8500061035156,464.6499938964844,447.3500061035156,463.3500061035156,450.2581787109375,7765878,0.0,0.0
2021-12-23 00:00:00+05:30,465.04998779296875,468.45001220703125,459.29998779296875,461.29998779296875,448.26605224609375,6986665,0.0,0.0
2021-12-24 00:00:00+05:30,464.0,464.3999938964844,452.8500061035156,458.8999938964844,445.93389892578125,3122116,0.0,0.0
2021-12-27 00:00:00+05:30,456.8999938964844,458.6000061035156,451.1000061035156,452.79998779296875,440.0062561035156,6146709,0.0,0.0
2021-12-28 00:00:00+05:30,456.6000061035156,459.1499938964844,452.79998779296875,458.1499938964844,445.205078125,2889804,0.0,0.0
2021-12-29 00:00:00+05:30,457.0,457.6499938964844,450.5,454.25,441.4152526855469,3050356,0.0,0.0
2021-12-30 00:00:00+05:30,454.0,456.0,448.3999938964844,449.6499938964844,436.9452209472656,3843627,0.0,0.0
2021-12-31 00:00:00+05:30,455.5,477.3500061035156,455.5,475.54998779296875,462.1134033203125,18257598,0.0,0.0
2022-01-03 00:00:00+05:30,475.54998779296875,479.95001220703125,472.1000061035156,478.04998779296875,464.54278564453125,5549693,0.0,0.0
2022-01-04 00:00:00+05:30,479.0,481.5,472.0,476.1000061035156,462.6479187011719,5063834,0.0,0.0
2022-01-05 00:00:00+05:30,473.20001220703125,479.3999938964844,472.0,475.3500061035156,461.9190979003906,4489031,0.0,0.0
2022-01-06 00:00:00+05:30,474.5,485.70001220703125,473.5,479.1000061035156,465.5631408691406,12132277,0.0,0.0
2022-01-07 00:00:00+05:30,481.1000061035156,495.25,480.04998779296875,493.5,479.5562744140625,9300149,0.0,0.0
2022-01-10 00:00:00+05:30,497.0,497.29998779296875,490.04998779296875,492.8999938964844,478.97320556640625,4746931,0.0,0.0
2022-01-11 00:00:00+05:30,491.8999938964844,497.20001220703125,485.70001220703125,486.3500061035156,472.6083068847656,5346073,0.0,0.0
2022-01-12 00:00:00+05:30,494.0,500.8500061035156,491.0,497.95001220703125,483.88055419921875,9296587,0.0,0.0
2022-01-13 00:00:00+05:30,502.20001220703125,509.0,499.1499938964844,507.5,493.1606750488281,9366574,0.0,0.0
2022-01-14 00:00:00+05:30,506.0,509.5,503.0,506.3500061035156,492.043212890625,5461072,0.0,0.0
2022-01-17 00:00:00+05:30,509.0,509.0,496.0,505.95001220703125,491.6545104980469,6721706,0.0,0.0
2022-01-18 00:00:00+05:30,508.79998779296875,512.3499755859375,493.79998779296875,496.0,481.9856262207031,6194537,0.0,0.0
2022-01-19 00:00:00+05:30,495.20001220703125,506.25,490.29998779296875,504.79998779296875,490.5369873046875,5799747,0.0,0.0
2022-01-20 00:00:00+05:30,503.8500061035156,508.0,498.1000061035156,503.3999938964844,489.1765441894531,4243563,0.0,0.0
2022-01-21 00:00:00+05:30,501.0,515.7999877929688,499.25,506.70001220703125,492.3833312988281,14173177,0.0,0.0
2022-01-24 00:00:00+05:30,498.95001220703125,500.5,475.5,478.3999938964844,464.8829345703125,11020372,0.0,0.0
2022-01-25 00:00:00+05:30,475.54998779296875,486.5,474.6499938964844,485.75,472.0252685546875,5498495,0.0,0.0
2022-01-27 00:00:00+05:30,482.6000061035156,492.8500061035156,478.45001220703125,489.1499938964844,475.32916259765625,6746500,0.0,0.0
2022-01-28 00:00:00+05:30,493.04998779296875,506.6000061035156,488.45001220703125,490.3500061035156,476.4952697753906,6616401,0.0,0.0
2022-01-31 00:00:00+05:30,498.8999938964844,499.75,488.1499938964844,489.04998779296875,475.23199462890625,4846015,0.0,0.0
2022-02-01 00:00:00+05:30,492.79998779296875,512.6500244140625,487.70001220703125,511.0,496.56182861328125,9809417,0.0,0.0
2022-02-02 00:00:00+05:30,515.0,518.4000244140625,507.6499938964844,513.9500122070312,499.428466796875,7283452,0.0,0.0
2022-02-03 00:00:00+05:30,513.0,516.5,509.0,512.6500244140625,498.16522216796875,5078613,0.0,0.0
2022-02-04 00:00:00+05:30,513.0,528.5,512.0499877929688,525.1500244140625,510.31201171875,12631663,0.0,0.0
2022-02-07 00:00:00+05:30,527.8499755859375,533.25,519.4500122070312,522.5999755859375,507.833984375,10939353,0.0,0.0
2022-02-08 00:00:00+05:30,526.0,533.0999755859375,514.0499877929688,526.7999877929688,511.9154357910156,9863290,0.0,0.0
2022-02-09 00:00:00+05:30,536.0,544.4000244140625,532.0999755859375,542.2999877929688,526.9774780273438,9235351,0.0,0.0
2022-02-10 00:00:00+05:30,547.7000122070312,553.5,541.0,547.25,531.78759765625,10906403,0.0,0.0
2022-02-11 00:00:00+05:30,547.75,553.8499755859375,539.5,542.7000122070312,527.3661499023438,9110193,0.0,0.0
2022-02-14 00:00:00+05:30,531.0,533.9500122070312,519.7000122070312,521.25,506.5221862792969,4995178,0.0,0.0
2022-02-15 00:00:00+05:30,526.4500122070312,536.3499755859375,513.7000122070312,533.8499755859375,518.7662353515625,8233217,0.0,0.0
2022-02-16 00:00:00+05:30,536.8499755859375,538.0,526.2000122070312,529.2999877929688,514.3446655273438,4348474,0.0,0.0
2022-02-17 00:00:00+05:30,533.7999877929688,540.75,528.2999877929688,532.5499877929688,517.5029296875,5340469,0.0,0.0
2022-02-18 00:00:00+05:30,531.0,537.7999877929688,528.0,529.5999755859375,514.63623046875,3344269,0.0,0.0
2022-02-21 00:00:00+05:30,528.5,529.0,511.20001220703125,512.0,497.5335693359375,6308263,0.0,0.0
2022-02-22 00:00:00+05:30,501.8999938964844,519.25,501.54998779296875,516.2000122070312,501.61492919921875,10664925,0.0,0.0
2022-02-23 00:00:00+05:30,519.7999877929688,523.25,515.6500244140625,518.7000122070312,504.0442810058594,8928934,0.0,0.0
2022-02-24 00:00:00+05:30,505.1000061035156,527.4000244140625,505.1000061035156,517.6500244140625,503.0238952636719,24819208,0.0,0.0
2022-02-25 00:00:00+05:30,525.0,546.9000244140625,523.0999755859375,533.9000244140625,518.8147583007812,13815949,0.0,0.0
2022-02-28 00:00:00+05:30,537.0,580.0499877929688,531.7999877929688,573.75,557.538818359375,35212827,0.0,0.0
2022-03-02 00:00:00+05:30,575.25,614.25,575.25,600.0999755859375,583.144287109375,41248362,0.0,0.0
2022-03-03 00:00:00+05:30,613.9000244140625,613.9000244140625,596.9000244140625,606.2999877929688,589.1691284179688,18676314,0.0,0.0
2022-03-04 00:00:00+05:30,607.7999877929688,618.0,580.5999755859375,583.7999877929688,567.3048706054688,20490598,0.0,0.0
2022-03-07 00:00:00+05:30,586.75,623.0,586.75,619.75,602.2391967773438,20963374,0.0,0.0
2022-03-08 00:00:00+05:30,618.0,618.0,587.3499755859375,589.9500122070312,573.2811279296875,19477245,0.0,0.0
2022-03-09 00:00:00+05:30,591.2999877929688,598.9500122070312,585.0999755859375,588.0499877929688,571.434814453125,15686460,0.0,0.0
2022-03-10 00:00:00+05:30,573.5,596.5,569.7999877929688,593.7999877929688,577.0223388671875,14824703,0.0,0.0
2022-03-11 00:00:00+05:30,595.0,603.0,585.75,589.0999755859375,572.455078125,7635725,0.0,0.0
2022-03-14 00:00:00+05:30,585.9000244140625,593.5499877929688,578.25,590.7999877929688,574.1070556640625,7904911,0.0,0.0
2022-03-15 00:00:00+05:30,580.0,581.9000244140625,555.9500122070312,559.75,543.9343872070312,13005715,0.0,0.0
2022-03-16 00:00:00+05:30,568.7000122070312,575.4000244140625,563.2999877929688,572.7000122070312,556.5184936523438,10485661,0.0,0.0
2022-03-17 00:00:00+05:30,575.0499877929688,584.4000244140625,573.8499755859375,576.7999877929688,560.502685546875,11581454,0.0,0.0
2022-03-21 00:00:00+05:30,584.0,600.9500122070312,582.5499877929688,589.9500122070312,573.2811279296875,14159371,0.0,0.0
2022-03-22 00:00:00+05:30,599.7999877929688,602.8499755859375,587.2000122070312,593.4500122070312,576.6821899414062,7490300,0.0,0.0
2022-03-23 00:00:00+05:30,601.0,611.7999877929688,597.5,608.4500122070312,591.2584228515625,13581577,0.0,0.0
2022-03-24 00:00:00+05:30,610.2000122070312,626.2000122070312,610.0,621.9500122070312,604.376953125,12139664,0.0,0.0
2022-03-25 00:00:00+05:30,621.0499877929688,630.9500122070312,616.6500244140625,622.7000122070312,605.1057739257812,11087146,0.0,0.0
2022-03-28 00:00:00+05:30,621.5,634.7999877929688,617.0,630.2000122070312,612.3938598632812,7075442,0.0,0.0
2022-03-29 00:00:00+05:30,630.0,636.0,624.5,631.2999877929688,613.4627685546875,5245788,0.0,0.0
2022-03-30 00:00:00+05:30,622.0,622.0,598.8499755859375,599.7999877929688,582.852783203125,11195965,0.0,0.0
2022-03-31 00:00:00+05:30,600.0,600.2999877929688,568.1500244140625,569.5,553.4088745117188,23497993,0.0,0.0
2022-04-01 00:00:00+05:30,569.9000244140625,577.0,561.4500122070312,570.5,554.380615234375,15300787,0.0,0.0
2022-04-04 00:00:00+05:30,572.0,589.6500244140625,569.0499877929688,587.5,570.9003295898438,15845385,0.0,0.0
2022-04-05 00:00:00+05:30,590.9500122070312,590.9500122070312,582.0499877929688,586.8499755859375,570.2686767578125,7065571,0.0,0.0
2022-04-06 00:00:00+05:30,582.9500122070312,589.4500122070312,576.0499877929688,581.25,564.826904296875,9648592,0.0,0.0
2022-04-07 00:00:00+05:30,581.4000244140625,584.9000244140625,569.0,574.75,558.5105590820312,9357569,0.0,0.0
2022-04-08 00:00:00+05:30,579.4000244140625,584.5499877929688,578.2999877929688,581.75,565.3128051757812,7157576,0.0,0.0
2022-04-11 00:00:00+05:30,583.4000244140625,587.4500122070312,574.5499877929688,576.3499755859375,560.0653686523438,8297062,0.0,0.0
2022-04-12 00:00:00+05:30,570.5999755859375,570.7999877929688,538.5999755859375,542.3499755859375,527.0260009765625,16701775,0.0,0.0
2022-04-13 00:00:00+05:30,547.0,551.9000244140625,543.5499877929688,546.75,531.3016967773438,7396320,0.0,0.0
2022-04-18 00:00:00+05:30,544.9500122070312,555.6500244140625,537.4000244140625,545.3499755859375,529.9412231445312,7550655,0.0,0.0
2022-04-19 00:00:00+05:30,552.0,556.2000122070312,537.5999755859375,540.7999877929688,525.519775390625,8143101,0.0,0.0
2022-04-20 00:00:00+05:30,544.9500122070312,549.0,536.5999755859375,545.0,529.60107421875,4725779,0.0,0.0
2022-04-21 00:00:00+05:30,545.0,547.3499755859375,531.4500122070312,540.25,524.9853515625,8575442,0.0,0.0
2022-04-22 00:00:00+05:30,529.0,529.8499755859375,513.2999877929688,514.1500244140625,499.6228332519531,23871439,0.0,0.0
2022-04-25 00:00:00+05:30,502.6499938964844,508.5,492.25,495.5,481.4997863769531,10749312,0.0,0.0
2022-04-26 00:00:00+05:30,498.0,500.8999938964844,489.75,493.45001220703125,479.5076904296875,11623406,0.0,0.0
2022-04-27 00:00:00+05:30,489.0,497.6000061035156,476.45001220703125,492.29998779296875,478.3901672363281,17623544,0.0,0.0
2022-04-28 00:00:00+05:30,502.0,502.0,480.0,488.6000061035156,474.7947082519531,25042778,0.0,0.0
2022-04-29 00:00:00+05:30,493.0,497.79998779296875,479.25,482.6499938964844,469.0128479003906,12462169,0.0,0.0
2022-05-02 00:00:00+05:30,477.8500061035156,486.0,469.5,484.3999938964844,470.7134094238281,14625673,0.0,0.0
2022-05-04 00:00:00+05:30,483.0,483.0,459.0,461.6499938964844,448.6061706542969,10366562,0.0,0.0
2022-05-05 00:00:00+05:30,470.0,475.8999938964844,460.20001220703125,461.6000061035156,448.5576171875,6328868,0.0,0.0
2022-05-06 00:00:00+05:30,450.0,454.25,439.0,443.75,431.2119445800781,8595262,0.0,0.0
2022-05-09 00:00:00+05:30,433.8500061035156,448.54998779296875,429.5,444.1000061035156,431.55206298828125,10773327,0.0,0.0
2022-05-10 00:00:00+05:30,435.0,442.29998779296875,420.29998779296875,423.0,411.0482177734375,9661841,0.0,0.0
2022-05-11 00:00:00+05:30,423.0,429.8999938964844,413.95001220703125,422.54998779296875,410.6109313964844,14197501,0.0,0.0
2022-05-12 00:00:00+05:30,416.0,422.0,394.6000061035156,405.8500061035156,394.3827819824219,23831422,0.0,0.0
2022-05-13 00:00:00+05:30,411.0,414.45001220703125,384.95001220703125,388.0,377.0371398925781,17007818,0.0,0.0
2022-05-16 00:00:00+05:30,395.79998779296875,400.79998779296875,385.0,390.95001220703125,379.9038391113281,13900633,0.0,0.0
2022-05-17 00:00:00+05:30,399.0,437.29998779296875,398.04998779296875,428.3999938964844,416.2956237792969,37772554,0.0,0.0
2022-05-18 00:00:00+05:30,434.5,438.3999938964844,423.5,436.1000061035156,423.7781066894531,18052317,0.0,0.0
2022-05-19 00:00:00+05:30,422.1000061035156,425.95001220703125,413.79998779296875,417.0,405.2177429199219,10319381,0.0,0.0
2022-05-20 00:00:00+05:30,432.0,435.0,421.04998779296875,429.1000061035156,416.97589111328125,9703961,0.0,0.0
2022-05-23 00:00:00+05:30,418.0,420.70001220703125,399.3500061035156,413.1499938964844,401.4765625,15828786,0.0,0.0
2022-05-24 00:00:00+05:30,414.3999938964844,415.5,400.0,400.79998779296875,389.4754638671875,12840838,0.0,0.0
2022-05-25 00:00:00+05:30,405.0,405.04998779296875,389.70001220703125,396.8500061035156,385.6371154785156,11103850,0.0,0.0
2022-05-26 00:00:00+05:30,406.5,410.5,392.6000061035156,407.8500061035156,396.3262939453125,13391224,0.0,0.0
2022-05-27 00:00:00+05:30,423.1000061035156,426.95001220703125,406.1000061035156,409.1499938964844,397.589599609375,20350558,0.0,0.0
2022-05-30 00:00:00+05:30,410.0,419.5,405.6000061035156,416.75,404.9748229980469,7161082,0.0,0.0
2022-05-31 00:00:00+05:30,414.8999938964844,428.5,412.0,422.54998779296875,410.6109313964844,39115757,0.0,0.0
2022-06-01 00:00:00+05:30,421.0,422.0,406.20001220703125,410.6499938964844,399.0471496582031,12551513,0.0,0.0
2022-06-02 00:00:00+05:30,408.0,414.3999938964844,406.3999938964844,409.8999938964844,398.318359375,7202046,0.0,0.0
2022-06-03 00:00:00+05:30,414.0,416.8999938964844,405.29998779296875,406.75,395.25738525390625,12229014,0.0,0.0
2022-06-06 00:00:00+05:30,402.6000061035156,410.70001220703125,395.95001220703125,409.1499938964844,397.589599609375,8810058,0.0,0.0
2022-06-07 00:00:00+05:30,407.95001220703125,413.0,402.20001220703125,404.20001220703125,392.7794189453125,7636671,0.0,0.0
2022-06-08 00:00:00+05:30,402.0,407.0,401.1000061035156,403.5,392.0992126464844,6911005,0.0,0.0
2022-06-09 00:00:00+05:30,399.0,402.29998779296875,393.3999938964844,399.75,388.4551696777344,8798828,0.0,0.0
2022-06-10 00:00:00+05:30,390.0,391.79998779296875,382.75,385.75,374.8507385253906,14541630,0.0,0.0
2022-06-13 00:00:00+05:30,377.79998779296875,377.79998779296875,360.5,366.45001220703125,356.0960693359375,12269608,0.0,0.0
2022-06-14 00:00:00+05:30,363.8500061035156,369.6000061035156,357.3500061035156,358.29998779296875,348.1763000488281,11273145,0.0,0.0
2022-06-15 00:00:00+05:30,360.0,362.8999938964844,356.04998779296875,357.5,347.39892578125,8393144,0.0,0.0
2022-06-16 00:00:00+05:30,360.3999938964844,363.75,332.29998779296875,336.1000061035156,326.60357666015625,16614475,0.0,0.0
2022-06-17 00:00:00+05:30,333.0,342.54998779296875,325.8500061035156,333.70001220703125,324.2713928222656,18606308,0.0,0.0
2022-06-20 00:00:00+05:30,331.0,334.6000061035156,308.95001220703125,321.5,312.4161071777344,20646347,0.0,0.0
2022-06-21 00:00:00+05:30,327.6000061035156,343.5,325.6000061035156,339.25,329.66455078125,15208306,0.0,0.0
2022-06-22 00:00:00+05:30,334.0,334.0,315.45001220703125,316.45001220703125,307.5087890625,19176515,0.0,0.0
2022-06-23 00:00:00+05:30,317.0,327.6499938964844,311.1000061035156,317.6000061035156,308.6263122558594,18756690,0.0,0.0
2022-06-24 00:00:00+05:30,321.70001220703125,324.95001220703125,316.6000061035156,322.29998779296875,313.1934509277344,11621311,0.0,0.0
2022-06-27 00:00:00+05:30,331.5,338.0,326.3500061035156,329.95001220703125,320.6273498535156,15014176,0.0,0.0
2022-06-28 00:00:00+05:30,328.45001220703125,345.25,325.29998779296875,343.54998779296875,333.8430480957031,15742835,0.0,0.0
2022-06-29 00:00:00+05:30,339.45001220703125,345.6000061035156,335.04998779296875,344.1499938964844,334.4261169433594,12659696,0.0,0.0
2022-06-30 00:00:00+05:30,345.0,349.8999938964844,337.04998779296875,338.6499938964844,329.0815124511719,21225418,0.0,0.0
2022-07-01 00:00:00+05:30,335.0,342.8999938964844,330.25,341.1499938964844,331.5108642578125,11278576,0.0,0.0
2022-07-04 00:00:00+05:30,338.0,342.0,326.6499938964844,340.5,330.8792724609375,10905377,0.0,0.0
2022-07-05 00:00:00+05:30,341.75,356.8999938964844,341.75,345.25,335.4950256347656,20928565,0.0,0.0
2022-07-06 00:00:00+05:30,339.79998779296875,342.29998779296875,327.79998779296875,340.95001220703125,331.3165588378906,22317536,0.0,0.0
2022-07-07 00:00:00+05:30,347.8500061035156,364.5,341.29998779296875,361.6499938964844,351.431640625,18699515,0.0,0.0
2022-07-08 00:00:00+05:30,368.0,368.0,351.1000061035156,357.54998779296875,347.4474792480469,25506273,0.0,0.0
2022-07-11 00:00:00+05:30,352.0,363.29998779296875,347.79998779296875,356.20001220703125,346.1356506347656,13745531,0.0,0.0
2022-07-12 00:00:00+05:30,350.0,356.0,341.6000061035156,346.8999938964844,337.0984191894531,16896696,0.0,0.0
2022-07-13 00:00:00+05:30,346.0,351.8999938964844,344.0,348.8999938964844,339.0419006347656,13690887,0.0,0.0
2022-07-14 00:00:00+05:30,354.5,354.5,346.5,349.1000061035156,339.2362365722656,9511166,0.0,0.0
2022-07-15 00:00:00+05:30,344.6000061035156,351.8999938964844,344.6000061035156,350.54998779296875,340.64532470703125,10062417,0.0,0.0
2022-07-18 00:00:00+05:30,355.8999938964844,368.1000061035156,354.20001220703125,367.1000061035156,356.7276916503906,13863266,0.0,0.0
2022-07-19 00:00:00+05:30,364.5,371.3500061035156,363.29998779296875,367.95001220703125,357.5536804199219,10868823,0.0,0.0
2022-07-20 00:00:00+05:30,375.0,376.20001220703125,367.3999938964844,369.3500061035156,358.9140930175781,10150339,0.0,0.0
2022-07-21 00:00:00+05:30,371.6499938964844,379.5,370.8500061035156,375.95001220703125,365.32763671875,12521152,0.0,0.0
2022-07-22 00:00:00+05:30,378.75,382.0,376.75,381.25,370.4779052734375,9498042,0.0,0.0
2022-07-25 00:00:00+05:30,381.0,388.54998779296875,380.29998779296875,387.04998779296875,376.11395263671875,7734139,0.0,0.0
2022-07-26 00:00:00+05:30,387.3999938964844,389.3999938964844,381.04998779296875,381.8999938964844,371.1094970703125,5532712,0.0,0.0
2022-07-27 00:00:00+05:30,381.8999938964844,389.8500061035156,379.1499938964844,388.6499938964844,377.6688232421875,4744697,0.0,0.0
2022-07-28 00:00:00+05:30,394.0,395.25,385.8999938964844,392.3999938964844,381.31280517578125,7586494,0.0,0.0
2022-07-29 00:00:00+05:30,396.5,416.79998779296875,395.20001220703125,415.04998779296875,403.3228759765625,15509534,0.0,0.0
2022-08-01 00:00:00+05:30,420.0,428.0,418.8500061035156,424.0,412.0199890136719,15535311,0.0,0.0
2022-08-02 00:00:00+05:30,419.0,420.5,407.6000061035156,418.3999938964844,406.5782165527344,15535733,0.0,0.0
2022-08-03 00:00:00+05:30,417.0,422.5,409.6000061035156,414.25,402.54547119140625,6883530,0.0,0.0
2022-08-04 00:00:00+05:30,427.0,433.0,418.3999938964844,421.70001220703125,409.78497314453125,20678616,0.0,0.0
2022-08-05 00:00:00+05:30,422.95001220703125,426.5,409.04998779296875,410.79998779296875,399.1929016113281,12217436,0.0,0.0
2022-08-08 00:00:00+05:30,414.8999938964844,422.54998779296875,414.0,421.3999938964844,409.49346923828125,7643955,0.0,0.0
2022-08-10 00:00:00+05:30,423.04998779296875,444.3999938964844,416.6000061035156,440.1000061035156,427.6650695800781,23766201,0.0,0.0
2022-08-11 00:00:00+05:30,446.5,446.5,432.0,433.5,425.1153564453125,14865139,4.0,0.0
2022-08-12 00:00:00+05:30,435.6499938964844,442.70001220703125,433.0,436.25,427.8121643066406,9420634,0.0,0.0
2022-08-16 00:00:00+05:30,434.0,434.75,422.3500061035156,428.8999938964844,420.60430908203125,11154059,0.0,0.0
2022-08-17 00:00:00+05:30,430.95001220703125,442.3999938964844,426.6000061035156,438.95001220703125,430.4599609375,12297570,0.0,0.0
2022-08-18 00:00:00+05:30,437.0,441.0,433.6499938964844,438.04998779296875,429.57733154296875,6755688,0.0,0.0
2022-08-19 00:00:00+05:30,442.0,442.0,425.1000061035156,427.3500061035156,419.08428955078125,8116871,0.0,0.0
2022-08-22 00:00:00+05:30,422.0,425.3999938964844,416.3500061035156,418.5,410.4054870605469,7407485,0.0,0.0
2022-08-23 00:00:00+05:30,415.04998779296875,431.79998779296875,413.8500061035156,427.8999938964844,419.6236877441406,8605014,0.0,0.0
2022-08-24 00:00:00+05:30,430.0,432.1499938964844,425.20001220703125,428.8500061035156,420.5552978515625,6538727,0.0,0.0
2022-08-25 00:00:00+05:30,430.95001220703125,436.75,429.70001220703125,432.75,424.3798828125,6818164,0.0,0.0
2022-08-26 00:00:00+05:30,436.20001220703125,445.45001220703125,436.0,440.04998779296875,431.53863525390625,11051127,0.0,0.0
2022-08-29 00:00:00+05:30,418.04998779296875,433.0,418.04998779296875,430.20001220703125,421.87921142578125,7716457,0.0,0.0
2022-08-30 00:00:00+05:30,434.0,441.6000061035156,433.3500061035156,439.0,430.50897216796875,8824878,0.0,0.0
2022-09-01 00:00:00+05:30,424.0,431.6000061035156,420.79998779296875,421.95001220703125,413.78875732421875,14093149,0.0,0.0
2022-09-02 00:00:00+05:30,424.1000061035156,425.20001220703125,413.25,414.8999938964844,406.8750915527344,10102220,0.0,0.0
2022-09-05 00:00:00+05:30,415.0,430.20001220703125,415.0,429.29998779296875,420.99658203125,14707728,0.0,0.0
2022-09-06 00:00:00+05:30,430.45001220703125,432.8999938964844,427.1000061035156,430.95001220703125,422.61468505859375,6180669,0.0,0.0
2022-09-07 00:00:00+05:30,424.25,433.54998779296875,422.70001220703125,432.8500061035156,424.4779357910156,7043379,0.0,0.0
2022-09-08 00:00:00+05:30,435.5,436.95001220703125,419.1499938964844,420.54998779296875,412.4158020019531,12076714,0.0,0.0
2022-09-09 00:00:00+05:30,426.0,430.6499938964844,423.25,426.0,417.7604064941406,8000436,0.0,0.0
2022-09-12 00:00:00+05:30,432.0,432.8999938964844,428.6499938964844,431.1499938964844,422.8108215332031,5530132,0.0,0.0
2022-09-13 00:00:00+05:30,432.25,439.29998779296875,432.25,436.6499938964844,428.20440673828125,7628228,0.0,0.0
2022-09-14 00:00:00+05:30,426.0,447.8999938964844,424.1000061035156,442.0,433.4509582519531,12387075,0.0,0.0
2022-09-15 00:00:00+05:30,439.5,439.5,423.75,424.3999938964844,416.19134521484375,13039806,0.0,0.0
2022-09-16 00:00:00+05:30,424.0,424.29998779296875,405.79998779296875,412.5,404.52154541015625,14826674,0.0,0.0
2022-09-19 00:00:00+05:30,414.6000061035156,416.25,405.6499938964844,412.1499938964844,404.17828369140625,6080201,0.0,0.0
2022-09-20 00:00:00+05:30,416.0,427.5,415.79998779296875,421.45001220703125,413.2984313964844,8758050,0.0,0.0
2022-09-21 00:00:00+05:30,417.8999938964844,423.8999938964844,410.79998779296875,411.3500061035156,403.393798828125,6859320,0.0,0.0
2022-09-22 00:00:00+05:30,409.0,415.0,403.5,412.1000061035156,404.1292724609375,8704463,0.0,0.0
2022-09-23 00:00:00+05:30,410.70001220703125,412.70001220703125,394.45001220703125,396.3500061035156,388.68389892578125,9228856,0.0,0.0
2022-09-26 00:00:00+05:30,390.0,390.0,369.6000061035156,373.3999938964844,366.17779541015625,13092570,0.0,0.0
2022-09-27 00:00:00+05:30,375.29998779296875,379.95001220703125,365.1000061035156,373.6000061035156,366.3739318847656,14934966,0.0,0.0
2022-09-28 00:00:00+05:30,368.0,372.1000061035156,358.79998779296875,360.75,353.7724609375,10751444,0.0,0.0
2022-09-29 00:00:00+05:30,366.75,376.8999938964844,366.0,371.20001220703125,364.0203552246094,14020084,0.0,0.0
2022-09-30 00:00:00+05:30,376.0,395.3500061035156,375.1499938964844,390.54998779296875,382.9960632324219,17706821,0.0,0.0
2022-10-03 00:00:00+05:30,389.0,389.45001220703125,379.1000061035156,380.95001220703125,373.581787109375,8504297,0.0,0.0
2022-10-04 00:00:00+05:30,396.0,400.8999938964844,390.29998779296875,394.04998779296875,386.4283752441406,9017446,0.0,0.0
2022-10-06 00:00:00+05:30,402.0,413.95001220703125,399.3999938964844,412.6499938964844,404.6686096191406,11758976,0.0,0.0
2022-10-07 00:00:00+05:30,409.95001220703125,411.95001220703125,405.79998779296875,411.1000061035156,403.14862060546875,5241693,0.0,0.0
2022-10-10 00:00:00+05:30,403.5,409.1499938964844,400.0,407.5,399.6182556152344,6519737,0.0,0.0
2022-10-11 00:00:00+05:30,403.0,412.45001220703125,393.8999938964844,396.04998779296875,388.3896789550781,7054654,0.0,0.0
2022-10-12 00:00:00+05:30,398.04998779296875,401.3999938964844,391.75,400.20001220703125,392.45941162109375,6584436,0.0,0.0
2022-10-13 00:00:00+05:30,411.0,416.5,400.0,401.54998779296875,393.7832946777344,16565725,0.0,0.0
2022-10-14 00:00:00+05:30,411.25,411.25,396.3999938964844,397.1499938964844,389.4684143066406,6115990,0.0,0.0
2022-10-17 00:00:00+05:30,395.04998779296875,395.8999938964844,386.29998779296875,388.29998779296875,380.78961181640625,8966396,0.0,0.0
2022-10-18 00:00:00+05:30,391.5,398.3999938964844,391.3500061035156,393.45001220703125,385.8399963378906,7081590,0.0,0.0
2022-10-19 00:00:00+05:30,394.0,398.1000061035156,389.5,390.29998779296875,382.7508850097656,6208852,0.0,0.0
2022-10-20 00:00:00+05:30,383.0,396.70001220703125,380.1000061035156,395.20001220703125,387.55615234375,8222063,0.0,0.0
2022-10-21 00:00:00+05:30,397.20001220703125,398.04998779296875,386.25,393.75,386.1341857910156,7988528,0.0,0.0
2022-10-24 00:00:00+05:30,395.0,398.8500061035156,394.3500061035156,395.54998779296875,387.89935302734375,793366,0.0,0.0
2022-10-25 00:00:00+05:30,394.3999938964844,402.79998779296875,391.5,398.3999938964844,390.6942443847656,6156624,0.0,0.0
2022-10-27 00:00:00+05:30,408.0,413.3999938964844,405.3500061035156,412.3999938964844,404.4234619140625,9752346,0.0,0.0
2022-10-28 00:00:00+05:30,412.5,412.5,399.75,404.95001220703125,397.1175842285156,6569623,0.0,0.0
2022-10-31 00:00:00+05:30,405.0,408.75,403.0,405.6499938964844,397.80401611328125,4257977,0.0,0.0
2022-11-01 00:00:00+05:30,406.0,415.0,406.0,414.3999938964844,406.384765625,7483252,0.0,0.0
2022-11-02 00:00:00+05:30,414.75,426.8500061035156,414.0,421.29998779296875,413.15130615234375,11554760,0.0,0.0
2022-11-03 00:00:00+05:30,415.0,415.8999938964844,408.95001220703125,410.3500061035156,402.4131164550781,7304472,0.0,0.0
2022-11-04 00:00:00+05:30,412.45001220703125,432.0,412.0,430.54998779296875,422.222412109375,13317485,0.0,0.0
2022-11-07 00:00:00+05:30,432.0,438.8999938964844,426.29998779296875,437.5,429.0379943847656,9887999,0.0,0.0
2022-11-09 00:00:00+05:30,430.1000061035156,433.0,415.6000061035156,417.1000061035156,409.0325622558594,13898567,0.0,0.0
2022-11-10 00:00:00+05:30,415.29998779296875,420.3999938964844,412.75,415.1000061035156,407.07122802734375,5574432,0.0,0.0
2022-11-11 00:00:00+05:30,420.3500061035156,431.79998779296875,420.29998779296875,429.8500061035156,421.53594970703125,14060782,0.0,0.0
2022-11-14 00:00:00+05:30,435.0,458.6499938964844,434.04998779296875,455.54998779296875,446.7388610839844,30135088,0.0,0.0
2022-11-15 00:00:00+05:30,456.0,460.54998779296875,449.54998779296875,456.8999938964844,448.062744140625,11841577,0.0,0.0
2022-11-16 00:00:00+05:30,455.54998779296875,455.54998779296875,444.1499938964844,447.3999938964844,438.7464904785156,7137989,0.0,0.0
2022-11-17 00:00:00+05:30,443.45001220703125,444.3999938964844,436.5,440.45001220703125,431.9309387207031,6533823,0.0,0.0
2022-11-18 00:00:00+05:30,440.5,443.8999938964844,434.45001220703125,438.6000061035156,430.11669921875,6128677,0.0,0.0
2022-11-21 00:00:00+05:30,439.79998779296875,444.45001220703125,428.3999938964844,430.54998779296875,422.222412109375,6372470,0.0,0.0
2022-11-22 00:00:00+05:30,432.75,436.3500061035156,429.0,430.6499938964844,422.32049560546875,6108017,0.0,0.0
2022-11-23 00:00:00+05:30,434.5,439.29998779296875,431.54998779296875,433.3500061035156,424.96826171875,6031033,0.0,0.0
2022-11-24 00:00:00+05:30,435.54998779296875,439.6000061035156,432.6499938964844,438.3500061035156,429.8715515136719,4733568,0.0,0.0
2022-11-25 00:00:00+05:30,438.0,441.79998779296875,434.3500061035156,440.6499938964844,432.1270446777344,4800030,0.0,0.0
2022-11-28 00:00:00+05:30,435.0,436.5,429.0,431.1499938964844,422.8108215332031,5613201,0.0,0.0
2022-11-29 00:00:00+05:30,433.0,440.8999938964844,432.25,435.95001220703125,427.5179748535156,6518828,0.0,0.0
2022-11-30 00:00:00+05:30,438.75,451.95001220703125,438.1499938964844,450.70001220703125,441.9826965332031,13921394,0.0,0.0
2022-12-01 00:00:00+05:30,455.0,466.5,454.04998779296875,463.3999938964844,454.43701171875,13243436,0.0,0.0
2022-12-02 00:00:00+05:30,463.29998779296875,470.3999938964844,458.0,461.1000061035156,452.1815490722656,6621056,0.0,0.0
2022-12-05 00:00:00+05:30,466.1499938964844,483.8500061035156,466.1499938964844,481.20001220703125,471.89276123046875,14599958,0.0,0.0
2022-12-06 00:00:00+05:30,477.5,477.5,467.20001220703125,470.0,460.9093933105469,7409338,0.0,0.0
2022-12-07 00:00:00+05:30,470.0,472.1000061035156,463.1000061035156,464.29998779296875,455.3196105957031,5510513,0.0,0.0
2022-12-08 00:00:00+05:30,465.04998779296875,472.95001220703125,461.29998779296875,471.6499938964844,462.5274658203125,4902003,0.0,0.0
2022-12-09 00:00:00+05:30,474.0,476.0,461.8999938964844,462.8500061035156,453.897705078125,5405738,0.0,0.0
2022-12-12 00:00:00+05:30,459.0,466.95001220703125,454.45001220703125,461.95001220703125,453.0151062011719,4809486,0.0,0.0
2022-12-13 00:00:00+05:30,464.29998779296875,466.0,457.29998779296875,458.1000061035156,449.23956298828125,4359377,0.0,0.0
2022-12-14 00:00:00+05:30,461.6499938964844,470.95001220703125,461.04998779296875,469.29998779296875,460.222900390625,6639699,0.0,0.0
2022-12-15 00:00:00+05:30,467.0,470.6499938964844,459.0,461.0,452.08343505859375,3986930,0.0,0.0
2022-12-16 00:00:00+05:30,458.0,462.75,452.54998779296875,456.75,447.9156494140625,6460140,0.0,0.0
2022-12-19 00:00:00+05:30,459.0,463.0,455.04998779296875,460.1499938964844,451.2498779296875,3690005,0.0,0.0
2022-12-20 00:00:00+05:30,458.0,459.25,444.25,457.04998779296875,448.2098388671875,7580480,0.0,0.0
2022-12-21 00:00:00+05:30,459.29998779296875,463.8999938964844,451.8999938964844,457.1499938964844,448.30792236328125,5557133,0.0,0.0
2022-12-22 00:00:00+05:30,459.45001220703125,463.0,447.20001220703125,455.5,446.6898498535156,4435416,0.0,0.0
2022-12-23 00:00:00+05:30,452.8999938964844,452.8999938964844,427.6000061035156,429.54998779296875,421.2417297363281,7766201,0.0,0.0
2022-12-26 00:00:00+05:30,431.0,445.3999938964844,429.1000061035156,442.95001220703125,434.3825988769531,3939359,0.0,0.0
2022-12-27 00:00:00+05:30,447.95001220703125,472.3999938964844,446.75,471.0,461.8900451660156,13898138,0.0,0.0
2022-12-28 00:00:00+05:30,467.6499938964844,473.70001220703125,463.95001220703125,465.95001220703125,456.937744140625,7519133,0.0,0.0
2022-12-29 00:00:00+05:30,459.29998779296875,472.20001220703125,455.25,469.8999938964844,460.8113098144531,8427104,0.0,0.0
2022-12-30 00:00:00+05:30,473.95001220703125,482.29998779296875,471.79998779296875,473.3500061035156,464.194580078125,8024424,0.0,0.0
2023-01-02 00:00:00+05:30,475.95001220703125,491.0,475.1499938964844,487.04998779296875,477.6296081542969,11255811,0.0,0.0
2023-01-03 00:00:00+05:30,486.5,488.45001220703125,478.5,479.8999938964844,470.6178894042969,5906501,0.0,0.0
2023-01-04 00:00:00+05:30,477.0,477.45001220703125,460.0,461.5,452.57379150390625,9899885,0.0,0.0
2023-01-05 00:00:00+05:30,463.25,467.45001220703125,458.6499938964844,465.70001220703125,456.69256591796875,7087634,0.0,0.0
2023-01-06 00:00:00+05:30,467.0,474.0,461.1000061035156,462.6499938964844,453.7015380859375,6004013,0.0,0.0
2023-01-09 00:00:00+05:30,471.0,474.0,466.20001220703125,470.75,461.6448669433594,6047398,0.0,0.0
2023-01-10 00:00:00+05:30,478.0,480.5,473.29998779296875,477.54998779296875,468.3133239746094,7092319,0.0,0.0
2023-01-11 00:00:00+05:30,481.8999938964844,493.45001220703125,481.0,490.95001220703125,481.4541931152344,11383752,0.0,0.0
2023-01-12 00:00:00+05:30,495.0,495.6000061035156,482.20001220703125,485.6499938964844,476.2566833496094,7278634,0.0,0.0
2023-01-13 00:00:00+05:30,487.6499938964844,490.0,482.6499938964844,488.5,479.0515441894531,7445162,0.0,0.0
2023-01-16 00:00:00+05:30,490.95001220703125,492.70001220703125,481.25,483.04998779296875,473.7069396972656,3294109,0.0,0.0
2023-01-17 00:00:00+05:30,481.75,489.29998779296875,476.95001220703125,487.8999938964844,478.463134765625,7819426,0.0,0.0
2023-01-18 00:00:00+05:30,488.5,504.0,488.5,502.95001220703125,493.2220764160156,12045667,0.0,0.0
2023-01-19 00:00:00+05:30,493.1499938964844,503.0,491.0,498.8999938964844,489.2503967285156,7945795,0.0,0.0
2023-01-20 00:00:00+05:30,498.0,501.54998779296875,488.25,489.95001220703125,480.4735107421875,5664588,0.0,0.0
2023-01-23 00:00:00+05:30,494.0,500.3500061035156,491.20001220703125,494.20001220703125,484.641357421875,5559031,0.0,0.0
2023-01-24 00:00:00+05:30,496.70001220703125,497.8999938964844,483.54998779296875,484.6499938964844,475.2760009765625,3293586,0.0,0.0
2023-01-25 00:00:00+05:30,484.1000061035156,495.79998779296875,484.1000061035156,489.1000061035156,479.6399841308594,7341066,0.0,0.0
2023-01-27 00:00:00+05:30,493.5,494.79998779296875,467.95001220703125,479.0,469.7353210449219,4591590,0.0,0.0
2023-01-30 00:00:00+05:30,479.0,483.3500061035156,463.95001220703125,472.3500061035156,463.2139587402344,5804476,0.0,0.0
2023-01-31 00:00:00+05:30,474.95001220703125,476.3500061035156,465.5,468.3999938964844,459.34033203125,5679604,0.0,0.0
2023-02-01 00:00:00+05:30,473.0,480.6000061035156,454.6000061035156,467.8500061035156,458.80096435546875,6075062,0.0,0.0
2023-02-02 00:00:00+05:30,467.0,471.0,460.79998779296875,465.3999938964844,456.39837646484375,3356544,0.0,0.0
2023-02-03 00:00:00+05:30,467.75,468.95001220703125,450.20001220703125,459.6499938964844,450.75958251953125,5707642,0.0,0.0
2023-02-06 00:00:00+05:30,457.0,457.0,446.0,447.3500061035156,438.6974792480469,4398369,0.0,0.0
2023-02-07 00:00:00+05:30,440.0,441.8999938964844,425.5,429.54998779296875,421.2417297363281,16652967,0.0,0.0
2023-02-08 00:00:00+05:30,432.0,439.79998779296875,432.0,436.5,428.05731201171875,6121515,0.0,0.0
2023-02-09 00:00:00+05:30,437.0,447.70001220703125,431.75,444.54998779296875,435.9516296386719,11431814,0.0,0.0
2023-02-10 00:00:00+05:30,444.54998779296875,444.95001220703125,431.0,433.1499938964844,424.7721252441406,6648361,0.0,0.0
2023-02-13 00:00:00+05:30,434.5,439.79998779296875,426.54998779296875,427.70001220703125,419.42755126953125,6437475,0.0,0.0
2023-02-14 00:00:00+05:30,429.5,435.25,425.3500061035156,434.79998779296875,426.39019775390625,3951666,0.0,0.0
2023-02-15 00:00:00+05:30,435.5,437.25,430.6000061035156,433.95001220703125,425.5566711425781,3623450,0.0,0.0
2023-02-16 00:00:00+05:30,436.8999938964844,438.0,433.0,434.70001220703125,426.29217529296875,4282249,0.0,0.0
2023-02-17 00:00:00+05:30,434.75,438.0,426.6000061035156,429.5,421.1927490234375,4014137,0.0,0.0
2023-02-20 00:00:00+05:30,429.8999938964844,435.54998779296875,429.0,434.25,425.8508605957031,3749802,0.0,0.0
2023-02-21 00:00:00+05:30,437.75,438.29998779296875,430.0,431.5,423.1540222167969,3761409,0.0,0.0
2023-02-22 00:00:00+05:30,430.5,434.5,426.75,429.70001220703125,421.38885498046875,5276939,0.0,0.0
2023-02-23 00:00:00+05:30,430.3999938964844,438.5,430.1000061035156,436.45001220703125,428.0083312988281,5037774,0.0,0.0
2023-02-24 00:00:00+05:30,438.0,438.0,414.25,415.25,407.2183532714844,10814032,0.0,0.0
2023-02-27 00:00:00+05:30,415.0,415.0,401.5,411.79998779296875,403.8350830078125,8301373,0.0,0.0
2023-02-28 00:00:00+05:30,413.5,413.8999938964844,398.0,399.20001220703125,391.4787902832031,12174759,0.0,0.0
2023-03-01 00:00:00+05:30,402.0,414.8999938964844,401.6499938964844,413.04998779296875,405.06085205078125,7935816,0.0,0.0
2023-03-02 00:00:00+05:30,415.0,416.79998779296875,408.0,410.79998779296875,402.8543701171875,4804013,0.0,0.0
2023-03-03 00:00:00+05:30,413.20001220703125,419.3500061035156,412.20001220703125,416.8999938964844,408.83642578125,5102333,0.0,0.0
2023-03-06 00:00:00+05:30,419.0,422.20001220703125,413.8999938964844,414.5,406.4828186035156,5071598,0.0,0.0
2023-03-08 00:00:00+05:30,409.95001220703125,409.95001220703125,396.1000061035156,407.75,399.8634033203125,7044653,0.0,0.0
2023-03-09 00:00:00+05:30,411.0,418.5,408.0,408.8500061035156,400.942138671875,6982179,0.0,0.0
2023-03-10 00:00:00+05:30,403.0,409.5,395.3999938964844,405.6499938964844,397.80401611328125,5239128,0.0,0.0
2023-03-13 00:00:00+05:30,409.0,414.95001220703125,398.5,402.25,394.4697570800781,5962595,0.0,0.0
2023-03-14 00:00:00+05:30,404.29998779296875,407.95001220703125,399.45001220703125,402.70001220703125,394.91107177734375,5841181,0.0,0.0
2023-03-15 00:00:00+05:30,407.95001220703125,412.75,405.0,406.1499938964844,398.2943420410156,5681268,0.0,0.0
2023-03-16 00:00:00+05:30,400.6000061035156,400.8500061035156,383.1000061035156,384.95001220703125,377.5044250488281,16739755,0.0,0.0
2023-03-17 00:00:00+05:30,389.25,398.04998779296875,386.54998779296875,396.70001220703125,389.0271301269531,9861244,0.0,0.0
2023-03-20 00:00:00+05:30,393.75,394.04998779296875,381.0,385.75,378.2889404296875,6331283,0.0,0.0
2023-03-21 00:00:00+05:30,387.70001220703125,390.6000061035156,384.95001220703125,388.54998779296875,381.0347595214844,6080002,0.0,0.0
2023-03-22 00:00:00+05:30,390.1000061035156,396.75,388.25,392.75,385.1535339355469,6511605,0.0,0.0
2023-03-23 00:00:00+05:30,387.0,400.6499938964844,386.0,398.79998779296875,391.08648681640625,10453779,0.0,0.0
2023-03-24 00:00:00+05:30,400.79998779296875,401.0,386.1499938964844,388.3999938964844,380.8876647949219,8833099,0.0,0.0
2023-03-27 00:00:00+05:30,390.0,396.6000061035156,389.3999938964844,389.95001220703125,382.40771484375,7066058,0.0,0.0
2023-03-28 00:00:00+05:30,393.0,399.79998779296875,391.75,392.8999938964844,385.3006286621094,6424209,0.0,0.0
2023-03-29 00:00:00+05:30,394.8999938964844,400.8999938964844,389.8999938964844,399.04998779296875,391.3316650390625,6959623,0.0,0.0
2023-03-31 00:00:00+05:30,404.04998779296875,410.29998779296875,401.1000061035156,405.3500061035156,397.50982666015625,7468634,0.0,0.0
2023-04-03 00:00:00+05:30,406.5,406.8999938964844,399.54998779296875,402.54998779296875,394.76397705078125,5200766,0.0,0.0
2023-04-05 00:00:00+05:30,402.0,404.6000061035156,394.29998779296875,403.29998779296875,395.49945068359375,5607641,0.0,0.0
2023-04-06 00:00:00+05:30,401.0,406.5,398.75,405.25,397.4117431640625,4174551,0.0,0.0
2023-04-10 00:00:00+05:30,406.79998779296875,413.8500061035156,405.5,411.45001220703125,403.4918518066406,5327008,0.0,0.0
2023-04-11 00:00:00+05:30,412.8999938964844,418.04998779296875,411.1499938964844,417.54998779296875,409.4738464355469,4965642,0.0,0.0
2023-04-12 00:00:00+05:30,419.8999938964844,422.3999938964844,415.6000061035156,417.6499938964844,409.5718994140625,4701591,0.0,0.0
2023-04-13 00:00:00+05:30,418.04998779296875,422.75,415.3500061035156,422.04998779296875,413.88677978515625,6368113,0.0,0.0
2023-04-17 00:00:00+05:30,422.3500061035156,429.1499938964844,421.6000061035156,428.70001220703125,420.408203125,6920340,0.0,0.0
2023-04-18 00:00:00+05:30,430.0,433.0,427.8999938964844,431.54998779296875,423.20306396484375,4866068,0.0,0.0
2023-04-19 00:00:00+05:30,434.3999938964844,437.3500061035156,431.29998779296875,433.04998779296875,424.6740417480469,5982454,0.0,0.0
2023-04-20 00:00:00+05:30,431.8999938964844,435.70001220703125,428.04998779296875,429.8500061035156,421.53594970703125,3830118,0.0,0.0
2023-04-21 00:00:00+05:30,430.0,430.8500061035156,419.0,422.3500061035156,414.1810302734375,5139533,0.0,0.0
2023-04-24 00:00:00+05:30,419.0,428.95001220703125,418.3500061035156,427.79998779296875,419.52557373046875,2308450,0.0,0.0
2023-04-25 00:00:00+05:30,425.0,431.70001220703125,425.0,429.79998779296875,421.4869079589844,3648159,0.0,0.0
2023-04-26 00:00:00+05:30,425.6000061035156,427.0,422.1000061035156,424.79998779296875,416.5836181640625,5184973,0.0,0.0
2023-04-27 00:00:00+05:30,425.0,431.45001220703125,422.04998779296875,430.79998779296875,422.4675598144531,3271257,0.0,0.0
2023-04-28 00:00:00+05:30,433.5,437.0,430.8999938964844,436.1000061035156,427.6650695800781,4913550,0.0,0.0
2023-05-02 00:00:00+05:30,439.0,449.8999938964844,438.0,446.1499938964844,437.5206604003906,5178547,0.0,0.0
2023-05-03 00:00:00+05:30,441.0,443.8999938964844,434.25,442.29998779296875,433.7451171875,4826725,0.0,0.0
2023-05-04 00:00:00+05:30,445.0,446.45001220703125,440.5,445.5,436.88323974609375,3100187,0.0,0.0
2023-05-05 00:00:00+05:30,443.0,443.5,432.6499938964844,434.25,425.8508605957031,3034975,0.0,0.0
2023-05-08 00:00:00+05:30,438.25,446.8999938964844,436.20001220703125,445.04998779296875,436.4419250488281,4090222,0.0,0.0
2023-05-09 00:00:00+05:30,444.54998779296875,446.70001220703125,439.20001220703125,440.3500061035156,431.8328552246094,2941913,0.0,0.0
2023-05-10 00:00:00+05:30,441.0,442.8500061035156,433.6499938964844,436.45001220703125,428.0083312988281,3075599,0.0,0.0
2023-05-11 00:00:00+05:30,434.0,434.0,419.54998779296875,420.8500061035156,412.71002197265625,11081500,0.0,0.0
2023-05-12 00:00:00+05:30,419.0,419.0,403.79998779296875,404.75,396.9214172363281,11152831,0.0,0.0
2023-05-15 00:00:00+05:30,408.5,412.8500061035156,404.3500061035156,410.70001220703125,402.75634765625,5148782,0.0,0.0
2023-05-16 00:00:00+05:30,413.6000061035156,417.70001220703125,411.0,412.45001220703125,404.4725036621094,4010692,0.0,0.0
2023-05-17 00:00:00+05:30,411.79998779296875,413.3999938964844,405.54998779296875,407.70001220703125,399.8143615722656,3727878,0.0,0.0
2023-05-18 00:00:00+05:30,411.0,413.3999938964844,405.6499938964844,406.5,398.6376037597656,4078918,0.0,0.0
2023-05-19 00:00:00+05:30,408.0,408.3999938964844,400.3999938964844,406.75,398.88275146484375,5523299,0.0,0.0
2023-05-22 00:00:00+05:30,406.0,409.0,402.70001220703125,407.70001220703125,399.8143615722656,4237198,0.0,0.0
2023-05-23 00:00:00+05:30,409.20001220703125,413.79998779296875,406.8999938964844,410.29998779296875,402.36407470703125,3690618,0.0,0.0
2023-05-24 00:00:00+05:30,408.8999938964844,410.5,403.6000061035156,406.8999938964844,399.0298156738281,7866105,0.0,0.0
2023-05-25 00:00:00+05:30,404.5,405.75,397.79998779296875,404.25,396.43109130859375,8018242,0.0,0.0
2023-05-26 00:00:00+05:30,405.1000061035156,415.29998779296875,403.1000061035156,413.54998779296875,405.55120849609375,6401768,0.0,0.0
2023-05-29 00:00:00+05:30,417.0,425.0,415.5,419.8999938964844,411.7784118652344,8350721,0.0,0.0
2023-05-30 00:00:00+05:30,421.5,421.5,411.6000061035156,413.1000061035156,405.10992431640625,5596603,0.0,0.0
2023-05-31 00:00:00+05:30,410.5,410.70001220703125,404.3500061035156,405.8999938964844,398.0491943359375,22945527,0.0,0.0
2023-06-01 00:00:00+05:30,409.04998779296875,414.3999938964844,405.8999938964844,406.3500061035156,398.4905090332031,4269628,0.0,0.0
2023-06-02 00:00:00+05:30,412.04998779296875,421.8999938964844,412.04998779296875,420.75,412.6119689941406,11695310,0.0,0.0
2023-06-05 00:00:00+05:30,424.8500061035156,426.0,418.3999938964844,419.70001220703125,411.582275390625,8039709,0.0,0.0
2023-06-06 00:00:00+05:30,419.70001220703125,422.0,413.79998779296875,415.54998779296875,407.51251220703125,4383684,0.0,0.0
2023-06-07 00:00:00+05:30,418.0,423.70001220703125,413.8500061035156,422.6000061035156,414.42620849609375,6911473,0.0,0.0
2023-06-08 00:00:00+05:30,423.95001220703125,425.70001220703125,417.70001220703125,418.25,410.1603088378906,5571023,0.0,0.0
2023-06-09 00:00:00+05:30,421.8500061035156,421.8500061035156,414.5,415.04998779296875,407.022216796875,3518826,0.0,0.0
2023-06-12 00:00:00+05:30,417.95001220703125,421.0,414.0,416.79998779296875,408.73834228515625,2813911,0.0,0.0
2023-06-13 00:00:00+05:30,419.0,424.0,416.8999938964844,421.3999938964844,413.2493896484375,4247391,0.0,0.0
2023-06-14 00:00:00+05:30,427.0,430.0,424.1499938964844,425.04998779296875,416.8287658691406,7213168,0.0,0.0
2023-06-15 00:00:00+05:30,424.8999938964844,425.6499938964844,420.75,423.04998779296875,414.8674621582031,4863359,0.0,0.0
2023-06-16 00:00:00+05:30,427.70001220703125,431.45001220703125,425.79998779296875,426.95001220703125,418.69207763671875,7931068,0.0,0.0
2023-06-19 00:00:00+05:30,424.25,432.0,423.04998779296875,426.1499938964844,417.90753173828125,3950931,0.0,0.0
2023-06-20 00:00:00+05:30,426.1499938964844,433.25,423.04998779296875,428.95001220703125,420.65338134765625,5090801,0.0,0.0
2023-06-21 00:00:00+05:30,428.95001220703125,429.70001220703125,418.1000061035156,420.95001220703125,412.8081359863281,5689533,0.0,0.0
2023-06-22 00:00:00+05:30,421.8999938964844,425.3999938964844,416.20001220703125,420.04998779296875,411.9255065917969,3566261,0.0,0.0
2023-06-23 00:00:00+05:30,416.0,416.95001220703125,407.45001220703125,408.5,400.598876953125,5403772,0.0,0.0
2023-06-26 00:00:00+05:30,410.0,416.0,408.20001220703125,414.70001220703125,406.6789855957031,4460980,0.0,0.0
2023-06-27 00:00:00+05:30,416.0,419.29998779296875,414.0,417.75,409.66998291015625,3047635,0.0,0.0
2023-06-28 00:00:00+05:30,419.75,421.54998779296875,418.3500061035156,420.20001220703125,412.0726013183594,4613401,0.0,0.0
2023-06-30 00:00:00+05:30,419.8500061035156,422.6499938964844,414.6499938964844,420.95001220703125,412.8081359863281,4115005,0.0,0.0
2023-07-03 00:00:00+05:30,424.0,428.75,422.1000061035156,425.6499938964844,417.41717529296875,3693861,0.0,0.0
2023-07-04 00:00:00+05:30,427.95001220703125,428.95001220703125,423.1499938964844,425.79998779296875,417.5643005371094,2721964,0.0,0.0
2023-07-05 00:00:00+05:30,425.0,427.3999938964844,419.3500061035156,421.5,413.3474426269531,4783528,0.0,0.0
2023-07-06 00:00:00+05:30,418.95001220703125,428.0,417.1499938964844,426.3999938964844,418.1526794433594,5021705,0.0,0.0
2023-07-07 00:00:00+05:30,423.8999938964844,425.0,418.5,422.70001220703125,414.5242614746094,6769909,0.0,0.0
2023-07-10 00:00:00+05:30,423.0,436.20001220703125,423.0,427.8500061035156,419.5746154785156,6502214,0.0,0.0
2023-07-11 00:00:00+05:30,429.25,431.8500061035156,424.0,424.6499938964844,416.4365539550781,3055356,0.0,0.0
2023-07-12 00:00:00+05:30,425.5,428.1000061035156,422.25,424.8500061035156,416.63262939453125,2854995,0.0,0.0
2023-07-13 00:00:00+05:30,430.20001220703125,439.5,430.20001220703125,435.20001220703125,426.782470703125,11590791,0.0,0.0
2023-07-14 00:00:00+05:30,441.0,448.5,439.6000061035156,446.95001220703125,438.3052062988281,10801568,0.0,0.0
2023-07-17 00:00:00+05:30,447.79998779296875,454.1499938964844,443.3999938964844,447.1000061035156,438.45233154296875,8441112,0.0,0.0
2023-07-18 00:00:00+05:30,447.0,449.0,442.20001220703125,444.5,435.902587890625,3963196,0.0,0.0
2023-07-19 00:00:00+05:30,444.0,444.3999938964844,438.5,439.20001220703125,430.7051086425781,5062700,0.0,0.0
2023-07-20 00:00:00+05:30,442.0,442.8999938964844,438.25,441.54998779296875,433.0096435546875,5156038,0.0,0.0
2023-07-21 00:00:00+05:30,441.45001220703125,441.45001220703125,433.6499938964844,434.5,426.09600830078125,4309067,0.0,0.0
2023-07-24 00:00:00+05:30,434.0,437.54998779296875,431.5,432.95001220703125,424.57598876953125,3399581,0.0,0.0
2023-07-25 00:00:00+05:30,436.1499938964844,450.5,435.0,449.5,440.8058776855469,8482756,0.0,0.0
2023-07-26 00:00:00+05:30,449.5,451.6499938964844,446.3999938964844,449.0,440.3155517578125,4218466,0.0,0.0
2023-07-27 00:00:00+05:30,451.0,459.6000061035156,448.1000061035156,451.3999938964844,442.66912841796875,5615100,0.0,0.0
2023-07-28 00:00:00+05:30,450.5,452.6499938964844,443.3999938964844,451.5,442.7672119140625,3886408,0.0,0.0
2023-07-31 00:00:00+05:30,453.04998779296875,463.25,453.0,462.6000061035156,453.65252685546875,4974267,0.0,0.0
2023-08-01 00:00:00+05:30,465.0,471.54998779296875,462.1000061035156,464.1000061035156,455.1235046386719,6249656,0.0,0.0
2023-08-02 00:00:00+05:30,460.0,461.20001220703125,449.6499938964844,454.5,445.70916748046875,5986653,0.0,0.0
2023-08-03 00:00:00+05:30,450.0,458.5,445.0,453.29998779296875,444.5323791503906,4026983,0.0,0.0
2023-08-04 00:00:00+05:30,464.0,466.0,453.8999938964844,457.0,448.16082763671875,7576934,0.0,0.0
2023-08-07 00:00:00+05:30,459.20001220703125,467.3500061035156,459.1499938964844,464.8500061035156,455.8589782714844,3770469,0.0,0.0
2023-08-08 00:00:00+05:30,464.8500061035156,467.25,452.0,454.75,445.954345703125,6448476,0.0,0.0
2023-08-09 00:00:00+05:30,454.75,469.79998779296875,450.8999938964844,468.8999938964844,459.8306579589844,6171305,0.0,0.0
2023-08-10 00:00:00+05:30,468.0,471.0,463.0,468.8999938964844,459.8306579589844,4285159,0.0,0.0
2023-08-11 00:00:00+05:30,467.0,470.0,460.0,462.45001220703125,453.50543212890625,4422888,0.0,0.0
2023-08-14 00:00:00+05:30,458.6000061035156,458.6000061035156,447.6000061035156,450.79998779296875,444.96734619140625,4566085,3.0,0.0
2023-08-16 00:00:00+05:30,447.0,448.0,439.0,445.20001220703125,439.4397888183594,5066857,0.0,0.0
2023-08-17 00:00:00+05:30,443.0,449.25,440.5,447.6000061035156,441.8087463378906,3558210,0.0,0.0
2023-08-18 00:00:00+05:30,447.5,447.5,438.1499938964844,439.5,433.81353759765625,3990678,0.0,0.0
2023-08-21 00:00:00+05:30,443.0,450.8500061035156,439.8999938964844,449.3999938964844,443.58544921875,3775298,0.0,0.0
2023-08-22 00:00:00+05:30,449.75,454.3999938964844,448.3500061035156,450.3500061035156,444.5231628417969,3254685,0.0,0.0
2023-08-23 00:00:00+05:30,454.70001220703125,465.29998779296875,452.8999938964844,461.25,455.2821350097656,9182054,0.0,0.0
2023-08-24 00:00:00+05:30,464.0,465.8999938964844,453.8500061035156,456.5,450.5935974121094,5950400,0.0,0.0
2023-08-25 00:00:00+05:30,453.0,454.29998779296875,448.8999938964844,450.0,444.17767333984375,3304204,0.0,0.0
2023-08-28 00:00:00+05:30,450.54998779296875,452.8500061035156,445.5,446.29998779296875,440.5255432128906,4259997,0.0,0.0
2023-08-29 00:00:00+05:30,448.0,458.5,447.3500061035156,456.04998779296875,450.1493835449219,6062408,0.0,0.0
2023-08-30 00:00:00+05:30,460.20001220703125,465.1499938964844,455.75,456.75,450.84033203125,5510658,0.0,0.0
2023-08-31 00:00:00+05:30,462.25,465.0,456.75,459.8500061035156,453.9002380371094,9294166,0.0,0.0
2023-09-01 00:00:00+05:30,462.95001220703125,478.5,462.1000061035156,473.25,467.1268310546875,11151562,0.0,0.0
2023-09-04 00:00:00+05:30,477.6000061035156,492.29998779296875,475.0,486.6499938964844,480.3534851074219,10359653,0.0,0.0
2023-09-05 00:00:00+05:30,486.0,489.75,478.20001220703125,486.1000061035156,479.81060791015625,4941534,0.0,0.0
2023-09-06 00:00:00+05:30,484.8999938964844,484.8999938964844,474.25,478.1499938964844,471.96343994140625,5138246,0.0,0.0
2023-09-07 00:00:00+05:30,475.54998779296875,479.5,473.54998779296875,475.1000061035156,468.95294189453125,4055611,0.0,0.0
2023-09-08 00:00:00+05:30,473.0,478.79998779296875,467.70001220703125,476.1499938964844,469.9893493652344,5637990,0.0,0.0
2023-09-11 00:00:00+05:30,478.0,487.79998779296875,476.45001220703125,484.8500061035156,478.5767822265625,5960678,0.0,0.0
2023-09-12 00:00:00+05:30,490.0,490.8999938964844,475.3999938964844,477.75,471.5686340332031,6817270,0.0,0.0
2023-09-13 00:00:00+05:30,478.5,484.79998779296875,473.8500061035156,483.20001220703125,476.9481201171875,4162140,0.0,0.0
2023-09-14 00:00:00+05:30,486.0,508.8999938964844,486.0,497.3500061035156,490.9150390625,16108768,0.0,0.0
2023-09-15 00:00:00+05:30,507.79998779296875,508.0,494.95001220703125,496.54998779296875,490.1253967285156,8515363,0.0,0.0
2023-09-18 00:00:00+05:30,494.0,494.0,483.1499938964844,484.5,478.2312927246094,6238600,0.0,0.0
2023-09-20 00:00:00+05:30,482.0,486.3999938964844,475.25,478.29998779296875,472.11151123046875,5861905,0.0,0.0
2023-09-21 00:00:00+05:30,479.0,486.45001220703125,476.3999938964844,479.54998779296875,473.3453369140625,5146457,0.0,0.0
2023-09-22 00:00:00+05:30,479.0,481.79998779296875,471.5,478.8500061035156,472.6544189453125,3684720,0.0,0.0
2023-09-25 00:00:00+05:30,478.79998779296875,478.79998779296875,467.25,469.3500061035156,463.27734375,5768069,0.0,0.0
2023-09-26 00:00:00+05:30,468.5,474.29998779296875,466.20001220703125,471.5,465.3995056152344,4666823,0.0,0.0
2023-09-27 00:00:00+05:30,466.25,475.75,466.25,474.95001220703125,468.80487060546875,5656858,0.0,0.0
2023-09-28 00:00:00+05:30,476.0,479.6000061035156,464.45001220703125,466.8500061035156,460.8096923828125,5869780,0.0,0.0
2023-09-29 00:00:00+05:30,478.0,494.5,474.20001220703125,492.6499938964844,486.2758483886719,11604605,0.0,0.0
2023-10-03 00:00:00+05:30,483.1000061035156,484.54998779296875,476.6000061035156,479.95001220703125,473.74017333984375,4657602,0.0,0.0
2023-10-04 00:00:00+05:30,474.0,477.8999938964844,470.0,473.3999938964844,467.27490234375,3302259,0.0,0.0
2023-10-05 00:00:00+05:30,473.3999938964844,482.3999938964844,468.3500061035156,470.54998779296875,464.4617919921875,4801287,0.0,0.0
2023-10-06 00:00:00+05:30,475.0,476.45001220703125,469.3500061035156,472.6000061035156,466.48529052734375,3134022,0.0,0.0
2023-10-09 00:00:00+05:30,472.45001220703125,473.5,464.6000061035156,469.79998779296875,463.72149658203125,2681298,0.0,0.0
2023-10-10 00:00:00+05:30,473.0,484.79998779296875,467.0,480.6499938964844,474.43109130859375,7863825,0.0,0.0
2023-10-11 00:00:00+05:30,485.6499938964844,485.95001220703125,480.1000061035156,483.8999938964844,477.6390380859375,7006735,0.0,0.0
2023-10-12 00:00:00+05:30,483.1000061035156,494.0,482.54998779296875,484.3999938964844,478.1325988769531,6895255,0.0,0.0
2023-10-13 00:00:00+05:30,479.0,487.5,477.5,480.6000061035156,474.38177490234375,4652247,0.0,0.0
2023-10-16 00:00:00+05:30,479.75,486.5,475.29998779296875,483.3999938964844,477.1455383300781,5043158,0.0,0.0
2023-10-17 00:00:00+05:30,486.5,488.45001220703125,480.70001220703125,484.3500061035156,478.083251953125,4495043,0.0,0.0
2023-10-18 00:00:00+05:30,487.79998779296875,494.79998779296875,483.54998779296875,485.04998779296875,478.7742004394531,7437952,0.0,0.0
2023-10-19 00:00:00+05:30,478.45001220703125,482.25,471.0,479.95001220703125,473.74017333984375,6035837,0.0,0.0
2023-10-20 00:00:00+05:30,475.0,479.8500061035156,470.0,471.75,465.6462707519531,2777724,0.0,0.0
2023-10-23 00:00:00+05:30,470.79998779296875,473.95001220703125,455.0,456.70001220703125,450.791015625,2994345,0.0,0.0
2023-10-25 00:00:00+05:30,466.0,473.0,459.3999938964844,461.20001220703125,455.2327880859375,7854105,0.0,0.0
2023-10-26 00:00:00+05:30,456.70001220703125,458.45001220703125,448.75,456.6499938964844,450.74163818359375,6625855,0.0,0.0
2023-10-27 00:00:00+05:30,458.0,464.3999938964844,454.45001220703125,456.1499938964844,450.24810791015625,6193726,0.0,0.0
2023-10-30 00:00:00+05:30,458.75,461.75,454.0,456.6499938964844,450.74163818359375,7523779,0.0,0.0
2023-10-31 00:00:00+05:30,465.0,465.0,453.25,459.5,453.5547790527344,5236060,0.0,0.0
2023-11-01 00:00:00+05:30,458.5,466.0,456.0,462.70001220703125,456.71337890625,4931538,0.0,0.0
2023-11-02 00:00:00+05:30,463.25,475.79998779296875,463.25,474.20001220703125,468.0645751953125,3933951,0.0,0.0
2023-11-03 00:00:00+05:30,478.95001220703125,481.45001220703125,474.25,475.20001220703125,469.0516357421875,3274345,0.0,0.0
2023-11-06 00:00:00+05:30,480.0,484.79998779296875,478.25,481.95001220703125,475.7143249511719,4294682,0.0,0.0
2023-11-07 00:00:00+05:30,482.0,491.5,480.29998779296875,484.54998779296875,478.2806396484375,5425669,0.0,0.0
2023-11-08 00:00:00+05:30,491.45001220703125,491.45001220703125,478.1499938964844,488.04998779296875,481.7353515625,8220612,0.0,0.0
2023-11-09 00:00:00+05:30,488.79998779296875,488.79998779296875,483.1499938964844,484.45001220703125,478.1819763183594,3271496,0.0,0.0
2023-11-10 00:00:00+05:30,482.04998779296875,488.25,479.54998779296875,481.29998779296875,475.07269287109375,3498064,0.0,0.0
2023-11-13 00:00:00+05:30,482.0,492.3500061035156,481.1000061035156,487.5,481.1924743652344,4918873,0.0,0.0
2023-11-15 00:00:00+05:30,497.0,513.5,494.20001220703125,505.3999938964844,498.86090087890625,11674265,0.0,0.0
2023-11-16 00:00:00+05:30,504.0,507.45001220703125,497.1499938964844,504.29998779296875,497.7751159667969,4171759,0.0,0.0
2023-11-17 00:00:00+05:30,503.04998779296875,506.45001220703125,496.8500061035156,497.75,491.30987548828125,3595049,0.0,0.0
2023-11-20 00:00:00+05:30,500.1499938964844,505.95001220703125,496.54998779296875,497.29998779296875,490.8656921386719,4305637,0.0,0.0
2023-11-21 00:00:00+05:30,502.79998779296875,510.95001220703125,501.8999938964844,506.8500061035156,500.2921447753906,7154476,0.0,0.0
2023-11-22 00:00:00+05:30,504.8999938964844,506.8500061035156,498.95001220703125,500.25,493.77752685546875,4337970,0.0,0.0
2023-11-23 00:00:00+05:30,499.0,503.0,491.6499938964844,501.95001220703125,495.4555358886719,6628259,0.0,0.0
2023-11-24 00:00:00+05:30,504.8500061035156,512.75,502.54998779296875,507.79998779296875,501.22979736328125,5973059,0.0,0.0
2023-11-28 00:00:00+05:30,511.75,518.25,509.79998779296875,515.5999755859375,508.92889404296875,7804926,0.0,0.0
2023-11-29 00:00:00+05:30,519.0,523.3499755859375,513.9000244140625,517.4500122070312,510.7549743652344,6275280,0.0,0.0
2023-11-30 00:00:00+05:30,519.2999877929688,519.75,511.3500061035156,515.6500244140625,508.978271484375,7599701,0.0,0.0
2023-12-01 00:00:00+05:30,520.0499877929688,524.7999877929688,515.2999877929688,517.2000122070312,510.5082092285156,4933886,0.0,0.0
2023-12-04 00:00:00+05:30,524.0499877929688,526.6500244140625,516.5499877929688,519.25,512.5316772460938,5985489,0.0,0.0
2023-12-05 00:00:00+05:30,518.3499755859375,528.7999877929688,515.4500122070312,520.6500244140625,513.91357421875,6399021,0.0,0.0
2023-12-06 00:00:00+05:30,521.0,526.9500122070312,515.5999755859375,523.0,516.2332153320312,4831956,0.0,0.0
2023-12-07 00:00:00+05:30,521.0,522.4000244140625,515.0999755859375,516.0499877929688,509.37310791015625,4628885,0.0,0.0
2023-12-08 00:00:00+05:30,519.5,525.0499877929688,514.0,520.3499755859375,513.617431640625,3733998,0.0,0.0
2023-12-11 00:00:00+05:30,520.2999877929688,523.7999877929688,517.0999755859375,522.4000244140625,515.6409912109375,2597347,0.0,0.0
2023-12-12 00:00:00+05:30,525.0,538.5,522.1500244140625,527.4500122070312,520.6256103515625,9498031,0.0,0.0
2023-12-13 00:00:00+05:30,528.9500122070312,535.25,523.2999877929688,532.8499755859375,525.9556884765625,4000017,0.0,0.0
2023-12-14 00:00:00+05:30,540.0,545.9500122070312,537.25,543.0999755859375,536.0731201171875,7190654,0.0,0.0
2023-12-15 00:00:00+05:30,556.0,559.0499877929688,548.2000122070312,557.25,550.0400390625,8191005,0.0,0.0
2023-12-18 00:00:00+05:30,557.0,567.4000244140625,551.5,566.4000244140625,559.0716552734375,5076184,0.0,0.0
2023-12-19 00:00:00+05:30,567.9500122070312,567.9500122070312,555.7000122070312,564.8499755859375,557.5416870117188,4484733,0.0,0.0
2023-12-20 00:00:00+05:30,569.5,570.9000244140625,546.25,548.2000122070312,541.1071166992188,6959868,0.0,0.0
2023-12-21 00:00:00+05:30,544.0,561.6500244140625,541.6500244140625,556.25,549.052978515625,4591119,0.0,0.0
2023-12-22 00:00:00+05:30,559.4000244140625,572.0,559.0,570.4500122070312,563.0692749023438,7865384,0.0,0.0
2023-12-26 00:00:00+05:30,574.9500122070312,580.8499755859375,570.5,579.8499755859375,572.3475952148438,4649730,0.0,0.0
2023-12-27 00:00:00+05:30,582.0,607.6500244140625,580.2999877929688,605.5999755859375,597.764404296875,12430827,0.0,0.0
2023-12-28 00:00:00+05:30,608.0,616.5,605.2000122070312,614.2999877929688,606.3519287109375,7139743,0.0,0.0
2023-12-29 00:00:00+05:30,614.2999877929688,618.0,608.0999755859375,614.8499755859375,606.8947143554688,3995822,0.0,0.0
2024-01-01 00:00:00+05:30,614.5,620.5,606.9500122070312,610.4000244140625,602.5023803710938,2961919,0.0,0.0
2024-01-02 00:00:00+05:30,610.4000244140625,620.0,607.4000244140625,617.0,609.0169067382812,4975013,0.0,0.0
2024-01-03 00:00:00+05:30,608.25,611.4000244140625,592.0,593.0499877929688,585.3768310546875,7226455,0.0,0.0
2024-01-04 00:00:00+05:30,594.0,595.8499755859375,587.6500244140625,590.5,582.8598022460938,6592370,0.0,0.0
2024-01-05 00:00:00+05:30,590.5999755859375,597.5999755859375,581.5499877929688,587.0,579.4050903320312,2990123,0.0,0.0
2024-01-08 00:00:00+05:30,587.0,592.5,576.4500122070312,577.6500244140625,570.1760864257812,4425767,0.0,0.0
2024-01-09 00:00:00+05:30,581.9500122070312,584.9000244140625,573.5999755859375,575.9500122070312,568.4981079101562,5314029,0.0,0.0
2024-01-10 00:00:00+05:30,576.0,582.0,570.6500244140625,580.0499877929688,572.5450439453125,2408792,0.0,0.0
2024-01-11 00:00:00+05:30,582.9500122070312,587.0,575.5,576.9500122070312,569.4851684570312,3899383,0.0,0.0
2024-01-12 00:00:00+05:30,581.0,585.5,575.75,582.0499877929688,574.5191040039062,2440863,0.0,0.0
2024-01-15 00:00:00+05:30,585.8499755859375,586.0,572.25,574.6500244140625,567.2149047851562,3778987,0.0,0.0
2024-01-16 00:00:00+05:30,575.9500122070312,584.8499755859375,569.4500122070312,579.5499877929688,572.051513671875,5187155,0.0,0.0
2024-01-17 00:00:00+05:30,570.9500122070312,572.7000122070312,558.0999755859375,560.25,553.001220703125,6148035,0.0,0.0
2024-01-18 00:00:00+05:30,560.25,561.3499755859375,547.7999877929688,554.9000244140625,547.720458984375,3784905,0.0,0.0
2024-01-19 00:00:00+05:30,556.5,561.0,554.5,557.0999755859375,549.8919067382812,4451789,0.0,0.0
2024-01-23 00:00:00+05:30,558.0,561.7999877929688,537.5999755859375,541.4000244140625,534.3950805664062,7867972,0.0,0.0
2024-01-24 00:00:00+05:30,550.0,566.7999877929688,547.0,565.1500244140625,557.8378295898438,8619429,0.0,0.0
2024-01-25 00:00:00+05:30,566.5,570.0,558.4000244140625,567.2000122070312,559.861328125,5366990,0.0,0.0
2024-01-29 00:00:00+05:30,568.0,571.9500122070312,562.0,567.9000244140625,560.55224609375,5126212,0.0,0.0
2024-01-30 00:00:00+05:30,569.9500122070312,584.2999877929688,567.25,569.25,561.884765625,7968815,0.0,0.0
2024-01-31 00:00:00+05:30,569.2000122070312,580.5999755859375,568.25,579.3499755859375,571.8540649414062,5644545,0.0,0.0
2024-02-01 00:00:00+05:30,578.0,581.7999877929688,570.2999877929688,571.25,563.85888671875,3509803,0.0,0.0
2024-02-02 00:00:00+05:30,577.0,589.0,573.0999755859375,583.5,575.9503784179688,7145858,0.0,0.0
2024-02-05 00:00:00+05:30,583.5,590.9000244140625,576.0499877929688,579.9000244140625,572.39697265625,4801118,0.0,0.0
2024-02-06 00:00:00+05:30,578.5999755859375,587.75,569.25,584.9000244140625,577.332275390625,4099573,0.0,0.0
2024-02-07 00:00:00+05:30,590.4000244140625,602.1500244140625,584.6500244140625,592.25,584.5872192382812,9415146,0.0,0.0
2024-02-08 00:00:00+05:30,592.0,608.9500122070312,587.8499755859375,601.2999877929688,593.5200805664062,11844758,0.0,0.0
2024-02-09 00:00:00+05:30,601.0,602.0,576.2999877929688,591.2999877929688,583.6494140625,5105348,0.0,0.0
2024-02-12 00:00:00+05:30,591.9000244140625,601.7999877929688,579.75,582.4500122070312,574.9140014648438,4595403,0.0,0.0
2024-02-13 00:00:00+05:30,539.0,540.0,496.3500061035156,510.1000061035156,503.5000915527344,46100123,0.0,0.0
2024-02-14 00:00:00+05:30,515.0,516.9000244140625,503.1499938964844,507.79998779296875,501.22979736328125,16634538,0.0,0.0
2024-02-15 00:00:00+05:30,512.7000122070312,518.5,507.6000061035156,513.2000122070312,506.55999755859375,13303658,0.0,0.0
2024-02-16 00:00:00+05:30,519.9500122070312,519.9500122070312,510.95001220703125,515.7000122070312,509.0276184082031,12066565,0.0,0.0
2024-02-19 00:00:00+05:30,518.75,518.9000244140625,511.79998779296875,512.2999877929688,505.6716003417969,5580597,0.0,0.0
2024-02-20 00:00:00+05:30,512.5999755859375,515.9000244140625,507.1499938964844,511.6000061035156,504.9806823730469,5186970,0.0,0.0
2024-02-21 00:00:00+05:30,535.0,538.0,510.0,511.79998779296875,505.1780700683594,18106978,0.0,0.0
2024-02-22 00:00:00+05:30,516.2999877929688,522.1500244140625,514.25,521.1500244140625,514.4071655273438,8727844,0.0,0.0
2024-02-23 00:00:00+05:30,524.7000122070312,524.7999877929688,517.0,518.3499755859375,511.643310546875,6445580,0.0,0.0
2024-02-26 00:00:00+05:30,519.4000244140625,519.75,504.0,505.04998779296875,498.5154113769531,7605543,0.0,0.0
2024-02-27 00:00:00+05:30,505.5,512.2000122070312,504.70001220703125,509.6499938964844,503.055908203125,6741206,0.0,0.0
2024-02-28 00:00:00+05:30,512.5,514.4500122070312,501.75,504.3999938964844,497.8738098144531,4406098,0.0,0.0
2024-02-29 00:00:00+05:30,506.5,508.0,499.0,503.8500061035156,497.3309326171875,16860796,0.0,0.0
2024-03-01 00:00:00+05:30,510.0,522.5,510.0,519.0999755859375,512.3836059570312,9882296,0.0,0.0
2024-03-04 00:00:00+05:30,524.0,529.8499755859375,520.0499877929688,524.9500122070312,518.157958984375,5989974,0.0,0.0
2024-03-05 00:00:00+05:30,524.0,528.2999877929688,520.2000122070312,522.0999755859375,515.3447875976562,5729926,0.0,0.0
2024-03-06 00:00:00+05:30,522.0499877929688,527.9000244140625,513.9500122070312,526.9500122070312,520.132080078125,4637732,0.0,0.0
2024-03-07 00:00:00+05:30,530.7999877929688,540.8499755859375,529.25,536.7000122070312,529.7559204101562,7909060,0.0,0.0
2024-03-11 00:00:00+05:30,540.0,543.25,532.0999755859375,533.7000122070312,526.7947998046875,5527908,0.0,0.0
2024-03-12 00:00:00+05:30,533.0999755859375,536.8499755859375,525.2999877929688,528.9500122070312,522.106201171875,3703670,0.0,0.0
2024-03-13 00:00:00+05:30,529.3499755859375,530.0,501.20001220703125,507.0,500.440185546875,5712435,0.0,0.0
2024-03-14 00:00:00+05:30,512.0,526.3499755859375,507.0,525.25,518.4541015625,10349338,0.0,0.0
2024-03-15 00:00:00+05:30,522.0,534.0499877929688,517.5,532.5499877929688,525.6596069335938,8467660,0.0,0.0
2024-03-18 00:00:00+05:30,532.0,535.5499877929688,527.0,531.1500244140625,524.2777709960938,4282437,0.0,0.0
2024-03-19 00:00:00+05:30,532.0,539.75,529.25,533.6500244140625,526.745361328125,7119131,0.0,0.0
2024-03-20 00:00:00+05:30,533.0,535.5,516.3499755859375,527.8499755859375,521.0203857421875,5005234,0.0,0.0
2024-03-21 00:00:00+05:30,538.4000244140625,545.75,534.25,539.7000122070312,532.7171020507812,8795679,0.0,0.0
2024-03-22 00:00:00+05:30,539.7000122070312,550.6500244140625,537.3499755859375,547.75,540.6629028320312,5518261,0.0,0.0
2024-03-26 00:00:00+05:30,545.6500244140625,561.0,545.0,558.6500244140625,551.4219970703125,7198061,0.0,0.0
2024-03-27 00:00:00+05:30,564.2000122070312,564.6500244140625,556.7999877929688,557.6500244140625,550.4348754882812,5320703,0.0,0.0
2024-03-28 00:00:00+05:30,561.0,566.6500244140625,555.2999877929688,560.25,553.001220703125,8326754,0.0,0.0
2024-04-01 00:00:00+05:30,570.0,574.0,564.0999755859375,568.5999755859375,561.2431030273438,6192790,0.0,0.0
2024-04-02 00:00:00+05:30,571.0,572.2999877929688,561.5499877929688,571.2000122070312,563.8095703125,4626877,0.0,0.0
2024-04-03 00:00:00+05:30,570.2000122070312,584.0999755859375,567.1500244140625,576.5999755859375,569.1396484375,7514291,0.0,0.0
2024-04-04 00:00:00+05:30,590.0,590.0,568.9500122070312,577.75,570.2747802734375,7246259,0.0,0.0
2024-04-05 00:00:00+05:30,572.5,575.0,567.5999755859375,570.0499877929688,562.6744384765625,4884617,0.0,0.0
2024-04-08 00:00:00+05:30,572.0,579.7000122070312,570.5,576.7999877929688,569.3370971679688,3276169,0.0,0.0
2024-04-09 00:00:00+05:30,578.0999755859375,595.4500122070312,574.0,588.5999755859375,580.9844360351562,7829711,0.0,0.0
2024-04-10 00:00:00+05:30,596.2000122070312,604.9000244140625,591.0499877929688,603.0499877929688,595.2474365234375,11748104,0.0,0.0
2024-04-12 00:00:00+05:30,609.0499877929688,609.0499877929688,595.2999877929688,598.6500244140625,590.9044189453125,15994496,0.0,0.0
2024-04-15 00:00:00+05:30,615.0,625.4000244140625,605.7000122070312,612.7000122070312,604.7725830078125,27067692,0.0,0.0
2024-04-16 00:00:00+05:30,612.7000122070312,621.4000244140625,606.7999877929688,608.8499755859375,600.9723510742188,10722248,0.0,0.0
2024-04-18 00:00:00+05:30,616.4000244140625,625.0,609.7999877929688,612.7999877929688,604.8712768554688,9953539,0.0,0.0
2024-04-19 00:00:00+05:30,609.0,616.2999877929688,600.7000122070312,614.75,606.7960815429688,6443897,0.0,0.0
2024-04-22 00:00:00+05:30,620.6500244140625,622.4500122070312,612.7000122070312,618.5499877929688,610.5469360351562,6503652,0.0,0.0
2024-04-23 00:00:00+05:30,618.5,618.75,610.4000244140625,611.7999877929688,603.8842163085938,6154126,0.0,0.0
2024-04-24 00:00:00+05:30,611.7999877929688,637.6500244140625,608.7000122070312,636.0999755859375,627.8698120117188,11775700,0.0,0.0
2024-04-25 00:00:00+05:30,635.7000122070312,648.25,628.0999755859375,646.7999877929688,638.4313354492188,11897458,0.0,0.0
2024-04-26 00:00:00+05:30,650.9500122070312,661.5999755859375,643.0,649.2999877929688,640.8990478515625,7545608,0.0,0.0
2024-04-29 00:00:00+05:30,654.9500122070312,655.4000244140625,641.2000122070312,650.0499877929688,641.6393432617188,4157501,0.0,0.0
2024-04-30 00:00:00+05:30,653.5999755859375,653.7000122070312,642.2999877929688,644.4000244140625,636.0625,4771959,0.0,0.0
2024-05-02 00:00:00+05:30,635.9000244140625,646.9000244140625,628.6500244140625,641.4500122070312,633.150634765625,17929526,0.0,0.0
2024-05-03 00:00:00+05:30,655.0499877929688,655.0499877929688,638.4000244140625,647.0999755859375,638.7274780273438,10633995,0.0,0.0
2024-05-06 00:00:00+05:30,650.0,655.0,629.2999877929688,638.7999877929688,630.534912109375,10094421,0.0,0.0
2024-05-07 00:00:00+05:30,646.9000244140625,646.9000244140625,611.75,620.2000122070312,612.1755981445312,10787196,0.0,0.0
2024-05-08 00:00:00+05:30,615.0999755859375,634.4500122070312,615.0999755859375,633.5,625.303466796875,7683352,0.0,0.0
2024-05-09 00:00:00+05:30,634.0,637.75,615.0,619.4000244140625,611.3859252929688,6588118,0.0,0.0
2024-05-10 00:00:00+05:30,620.0999755859375,629.5499877929688,618.0,625.5999755859375,617.505615234375,4364788,0.0,0.0
2024-05-13 00:00:00+05:30,625.0999755859375,636.1500244140625,614.2999877929688,633.5,625.303466796875,3582386,0.0,0.0
2024-05-14 00:00:00+05:30,644.3499755859375,649.5,638.2000122070312,646.6500244140625,638.2833251953125,8339846,0.0,0.0
2024-05-15 00:00:00+05:30,653.0,659.0,648.7000122070312,653.7000122070312,645.2421264648438,6764257,0.0,0.0
2024-05-16 00:00:00+05:30,660.0,666.0,643.25,653.3499755859375,644.8966064453125,8781056,0.0,0.0
2024-05-17 00:00:00+05:30,653.0,658.7999877929688,650.4000244140625,655.4500122070312,646.969482421875,5026205,0.0,0.0
2024-05-21 00:00:00+05:30,666.2999877929688,695.4000244140625,663.2000122070312,693.5999755859375,684.6258544921875,15976672,0.0,0.0
2024-05-22 00:00:00+05:30,698.5499877929688,698.7000122070312,677.4000244140625,684.5499877929688,675.6929321289062,8004434,0.0,0.0
2024-05-23 00:00:00+05:30,675.1500244140625,678.5499877929688,665.9500122070312,676.7999877929688,668.043212890625,9749101,0.0,0.0
2024-05-24 00:00:00+05:30,679.25,690.4500122070312,671.0499877929688,673.25,664.5391235351562,15930052,0.0,0.0
2024-05-27 00:00:00+05:30,685.0499877929688,689.5,675.5,677.8499755859375,669.0796508789062,10475785,0.0,0.0
2024-05-28 00:00:00+05:30,682.0,698.0,678.3499755859375,681.2999877929688,672.4850463867188,12925385,0.0,0.0
2024-05-29 00:00:00+05:30,695.0,713.5,682.2999877929688,705.2999877929688,696.1744384765625,22684652,0.0,0.0
2024-05-30 00:00:00+05:30,704.8499755859375,713.0499877929688,693.3499755859375,695.1500244140625,686.1558227539062,10361716,0.0,0.0
2024-05-31 00:00:00+05:30,698.9000244140625,703.4500122070312,684.3499755859375,689.3499755859375,680.4308471679688,13620282,0.0,0.0
2024-06-03 00:00:00+05:30,715.0,715.25,692.7999877929688,695.9500122070312,686.9454956054688,7081956,0.0,0.0
2024-06-04 00:00:00+05:30,697.0,697.0,594.25,649.0499877929688,640.6522216796875,24250212,0.0,0.0
2024-06-05 00:00:00+05:30,627.0,700.6500244140625,607.0,695.25,686.2545166015625,25836374,0.0,0.0
2024-06-06 00:00:00+05:30,695.0,695.0,673.0,677.5,668.734130859375,10420244,0.0,0.0
2024-06-07 00:00:00+05:30,677.5,687.0,672.4500122070312,680.3499755859375,671.5472412109375,7172942,0.0,0.0
2024-06-10 00:00:00+05:30,677.0499877929688,684.8499755859375,673.0499877929688,676.4000244140625,667.6484375,4054802,0.0,0.0
2024-06-11 00:00:00+05:30,680.0,681.25,672.0499877929688,672.9500122070312,664.2430419921875,5157918,0.0,0.0
2024-06-12 00:00:00+05:30,674.0,683.0,671.8499755859375,673.9000244140625,665.1807861328125,10783822,0.0,0.0
2024-06-13 00:00:00+05:30,678.0,684.6500244140625,676.0499877929688,680.7000122070312,671.892822265625,9555904,0.0,0.0
2024-06-14 00:00:00+05:30,690.0,690.0,677.4000244140625,683.5999755859375,674.7552490234375,8326865,0.0,0.0
2024-06-18 00:00:00+05:30,683.5999755859375,688.0,677.0,678.75,669.968017578125,4013739,0.0,0.0
2024-06-19 00:00:00+05:30,680.0499877929688,682.0,660.4000244140625,662.4000244140625,653.82958984375,4770356,0.0,0.0
2024-06-20 00:00:00+05:30,665.0,684.3499755859375,661.75,676.5,667.7471313476562,6646966,0.0,0.0
2024-06-21 00:00:00+05:30,680.0,691.2000122070312,677.0,684.5,675.6436157226562,11973903,0.0,0.0
2024-06-24 00:00:00+05:30,679.5999755859375,687.7000122070312,675.0999755859375,685.25,676.3839111328125,8014595,0.0,0.0
2024-06-25 00:00:00+05:30,688.7999877929688,696.0,680.9000244140625,685.5,676.630615234375,5778636,0.0,0.0
2024-06-26 00:00:00+05:30,683.5499877929688,683.5499877929688,671.3499755859375,674.7000122070312,665.9703979492188,6069407,0.0,0.0
2024-06-27 00:00:00+05:30,678.0,687.7000122070312,672.0999755859375,685.25,676.3839111328125,7135387,0.0,0.0
2024-06-28 00:00:00+05:30,690.25,697.5,686.0,693.5499877929688,684.5765380859375,6101211,0.0,0.0
2024-07-01 00:00:00+05:30,699.0,701.8499755859375,688.4000244140625,689.8499755859375,680.9243774414062,4870114,0.0,0.0
2024-07-02 00:00:00+05:30,689.9000244140625,703.2999877929688,688.4000244140625,694.75,685.760986328125,5482768,0.0,0.0
2024-07-03 00:00:00+05:30,698.9000244140625,703.0,683.4000244140625,691.6500244140625,682.7011108398438,5875690,0.0,0.0
2024-07-04 00:00:00+05:30,697.7000122070312,705.75,690.5499877929688,691.8499755859375,682.8984375,5924057,0.0,0.0
2024-07-05 00:00:00+05:30,694.0,702.5,693.5,699.1500244140625,690.1041259765625,5174673,0.0,0.0
2024-07-08 00:00:00+05:30,703.6500244140625,705.9000244140625,691.6500244140625,697.2000122070312,688.1793212890625,2636146,0.0,0.0
2024-07-09 00:00:00+05:30,702.0,710.6500244140625,695.5499877929688,707.0,697.8525390625,5507357,0.0,0.0
2024-07-10 00:00:00+05:30,708.0,712.0999755859375,685.2999877929688,693.2999877929688,684.3297119140625,5327276,0.0,0.0
2024-07-11 00:00:00+05:30,702.0,702.0,692.0,696.2999877929688,687.2909545898438,6856272,0.0,0.0
2024-07-12 00:00:00+05:30,697.5,702.4500122070312,686.0999755859375,692.0499877929688,683.095947265625,3839953,0.0,0.0
2024-07-15 00:00:00+05:30,692.0499877929688,701.5999755859375,688.4500122070312,700.0999755859375,691.041748046875,2848268,0.0,0.0
2024-07-16 00:00:00+05:30,700.2999877929688,703.1500244140625,689.0,690.7999877929688,681.862060546875,4570179,0.0,0.0
2024-07-18 00:00:00+05:30,686.0,695.8499755859375,684.0999755859375,689.9500122070312,681.0231323242188,7841505,0.0,0.0
2024-07-19 00:00:00+05:30,683.9000244140625,685.7000122070312,658.6500244140625,663.0,654.4218139648438,6207375,0.0,0.0
2024-07-22 00:00:00+05:30,655.0,675.0,650.8499755859375,672.2999877929688,663.6014404296875,3291634,0.0,0.0
2024-07-23 00:00:00+05:30,672.2999877929688,673.2000122070312,638.7000122070312,653.5,645.0447387695312,9602846,0.0,0.0
2024-07-24 00:00:00+05:30,653.0,656.6500244140625,645.0,651.5999755859375,643.1692504882812,2610134,0.0,0.0
2024-07-25 00:00:00+05:30,641.9500122070312,649.0,633.2999877929688,646.5499877929688,638.1846313476562,6171776,0.0,0.0
2024-07-26 00:00:00+05:30,660.0,668.5,655.0,667.5999755859375,658.9622192382812,4730539,0.0,0.0
2024-07-29 00:00:00+05:30,676.75,676.75,665.0,666.8499755859375,658.221923828125,6032470,0.0,0.0
2024-07-30 00:00:00+05:30,665.0,665.0,654.5999755859375,660.5,651.9541015625,6714850,0.0,0.0
2024-07-31 00:00:00+05:30,667.0,674.0,664.25,669.5999755859375,660.9363403320312,8551592,0.0,0.0
2024-08-01 00:00:00+05:30,680.0,690.9000244140625,667.3499755859375,673.5,664.7859497070312,8831127,0.0,0.0
2024-08-02 00:00:00+05:30,659.7999877929688,665.5999755859375,646.5499877929688,648.0499877929688,639.6652221679688,6717210,0.0,0.0
2024-08-05 00:00:00+05:30,628.0499877929688,633.8499755859375,609.25,614.2999877929688,606.3519287109375,13451475,0.0,0.0
2024-08-06 00:00:00+05:30,625.0,629.0,608.0,610.2999877929688,602.4036254882812,7063441,0.0,0.0
2024-08-07 00:00:00+05:30,625.0,629.4500122070312,616.75,623.7000122070312,615.6303100585938,4839670,0.0,0.0
2024-08-08 00:00:00+05:30,625.0,631.0,613.0,614.0499877929688,606.1051025390625,5396272,0.0,0.0
2024-08-09 00:00:00+05:30,622.0,626.5,614.7999877929688,622.9000244140625,618.365234375,3629264,3.5,0.0
2024-08-12 00:00:00+05:30,619.0,634.4000244140625,616.5,629.3499755859375,624.7682495117188,3586449,0.0,0.0
2024-08-13 00:00:00+05:30,634.4000244140625,634.4000244140625,619.2000122070312,621.4000244140625,616.8761596679688,6793767,0.0,0.0
2024-08-14 00:00:00+05:30,626.8499755859375,633.9500122070312,611.5999755859375,621.4500122070312,616.92578125,8646288,0.0,0.0
2024-08-16 00:00:00+05:30,633.9500122070312,642.0,630.2000122070312,634.1500244140625,629.5333251953125,6566337,0.0,0.0
2024-08-19 00:00:00+05:30,636.5,660.2999877929688,636.5,658.8499755859375,654.053466796875,9510274,0.0,0.0
2024-08-20 00:00:00+05:30,663.0,674.2999877929688,661.0499877929688,672.9000244140625,668.001220703125,10295836,0.0,0.0
2024-08-21 00:00:00+05:30,668.9000244140625,696.5999755859375,667.7999877929688,685.5999755859375,680.6087036132812,7815238,0.0,0.0
2024-08-22 00:00:00+05:30,691.5,692.0,677.2000122070312,685.5499877929688,680.55908203125,6188728,0.0,0.0
2024-08-23 00:00:00+05:30,690.0499877929688,694.7000122070312,677.7999877929688,685.0999755859375,680.1123657226562,7774920,0.0,0.0
2024-08-26 00:00:00+05:30,694.4000244140625,712.9000244140625,689.5,711.8499755859375,706.6676025390625,11517668,0.0,0.0
2024-08-27 00:00:00+05:30,711.9000244140625,712.9500122070312,702.75,703.5,698.37841796875,6465241,0.0,0.0
2024-08-28 00:00:00+05:30,706.0,710.7000122070312,701.1500244140625,705.0499877929688,699.9171752929688,3599946,0.0,0.0
2024-08-29 00:00:00+05:30,697.6500244140625,702.3499755859375,691.4000244140625,700.5,695.4002685546875,5728640,0.0,0.0
2024-08-30 00:00:00+05:30,699.0,708.5,695.0999755859375,701.3499755859375,696.2440795898438,7404373,0.0,0.0
2024-09-02 00:00:00+05:30,706.7000122070312,706.7000122070312,683.2000122070312,683.9000244140625,678.921142578125,6186645,0.0,0.0
2024-09-03 00:00:00+05:30,687.6500244140625,692.7000122070312,677.5499877929688,678.9000244140625,673.9575805664062,4457291,0.0,0.0
2024-09-04 00:00:00+05:30,666.6500244140625,673.7999877929688,661.25,666.7999877929688,661.9456176757812,5816848,0.0,0.0
2024-09-05 00:00:00+05:30,670.0,672.4000244140625,667.25,669.9500122070312,665.0726928710938,3749608,0.0,0.0
2024-09-06 00:00:00+05:30,668.25,677.0,665.4500122070312,667.0999755859375,662.243408203125,6311131,0.0,0.0
2024-09-09 00:00:00+05:30,664.0,664.0,651.0,658.5499877929688,653.7556762695312,5144488,0.0,0.0
2024-09-10 00:00:00+05:30,664.9000244140625,666.7999877929688,653.7000122070312,659.5,654.6987915039062,3304741,0.0,0.0
2024-09-11 00:00:00+05:30,658.5999755859375,658.5999755859375,645.4000244140625,647.7000122070312,642.9846801757812,3825823,0.0,0.0
2024-09-12 00:00:00+05:30,658.0,677.9000244140625,651.5,676.2000122070312,671.2772216796875,8594764,0.0,0.0
2024-09-13 00:00:00+05:30,686.0,686.4000244140625,670.5999755859375,673.25,668.3486938476562,5977861,0.0,0.0
2024-09-16 00:00:00+05:30,680.0999755859375,687.5499877929688,676.5499877929688,685.1500244140625,680.1620483398438,4258546,0.0,0.0
2024-09-17 00:00:00+05:30,689.0,692.0,681.0999755859375,683.0,678.0277099609375,3395470,0.0,0.0
2024-09-18 00:00:00+05:30,685.0,687.9500122070312,673.3499755859375,685.25,680.2612915039062,3404940,0.0,0.0
2024-09-19 00:00:00+05:30,690.0,690.8499755859375,668.2000122070312,684.2000122070312,679.2189331054688,5134590,0.0,0.0
2024-09-20 00:00:00+05:30,692.0999755859375,698.7999877929688,688.75,694.4000244140625,689.3447265625,9753966,0.0,0.0
2024-09-23 00:00:00+05:30,695.5,698.0,687.9500122070312,690.5499877929688,685.522705078125,2808114,0.0,0.0
2024-09-24 00:00:00+05:30,697.5999755859375,719.7000122070312,693.0,717.8499755859375,712.6239624023438,15201960,0.0,0.0
2024-09-25 00:00:00+05:30,725.0,730.9000244140625,715.5499877929688,718.4500122070312,713.2196044921875,9525319,0.0,0.0
2024-09-26 00:00:00+05:30,718.4500122070312,736.1500244140625,710.7000122070312,734.6500244140625,729.3016967773438,10573166,0.0,0.0
2024-09-27 00:00:00+05:30,746.9500122070312,757.7000122070312,742.0999755859375,747.1500244140625,741.710693359375,12936973,0.0,0.0
2024-09-30 00:00:00+05:30,750.0,764.4500122070312,749.4500122070312,756.2000122070312,750.6947631835938,8566640,0.0,0.0
2024-10-01 00:00:00+05:30,755.0,765.5,745.2000122070312,761.5499877929688,756.0057983398438,4402151,0.0,0.0
2024-10-03 00:00:00+05:30,750.0,772.6500244140625,744.7000122070312,747.0999755859375,741.6610107421875,5649089,0.0,0.0
2024-10-04 00:00:00+05:30,742.6500244140625,757.5499877929688,740.0499877929688,747.9000244140625,742.4552001953125,4624509,0.0,0.0
2024-10-07 00:00:00+05:30,753.0,753.0,722.5,731.2999877929688,725.9760131835938,5862059,0.0,0.0
2024-10-08 00:00:00+05:30,723.5,732.0,708.0,721.7999877929688,716.5452270507812,5418558,0.0,0.0
2024-10-09 00:00:00+05:30,710.0,735.75,710.0,727.5499877929688,722.2533569335938,3733320,0.0,0.0
2024-10-10 00:00:00+05:30,731.9000244140625,738.2000122070312,726.2999877929688,730.1500244140625,724.83447265625,3890250,0.0,0.0
2024-10-11 00:00:00+05:30,736.0,749.9500122070312,733.0499877929688,747.3499755859375,741.9091796875,5224383,0.0,0.0
2024-10-14 00:00:00+05:30,746.0,755.0,739.4500122070312,743.0,737.5908813476562,2540789,0.0,0.0
2024-10-15 00:00:00+05:30,746.0,750.0,720.6500244140625,726.9500122070312,721.65771484375,3056619,0.0,0.0
2024-10-16 00:00:00+05:30,728.5,738.9000244140625,726.0499877929688,733.0999755859375,727.762939453125,3207796,0.0,0.0
2024-10-17 00:00:00+05:30,741.0999755859375,747.2999877929688,732.3499755859375,734.7999877929688,729.4505615234375,6213860,0.0,0.0
2024-10-18 00:00:00+05:30,734.7999877929688,756.4500122070312,725.0499877929688,753.5,748.0144653320312,5474367,0.0,0.0
2024-10-21 00:00:00+05:30,760.0,765.4500122070312,737.0,739.5999755859375,734.215576171875,2981749,0.0,0.0
2024-10-22 00:00:00+05:30,733.0,745.7999877929688,718.2999877929688,720.25,715.0064697265625,5672302,0.0,0.0
2024-10-23 00:00:00+05:30,716.0,731.1500244140625,713.2999877929688,717.0999755859375,711.87939453125,6522834,0.0,0.0
2024-10-24 00:00:00+05:30,715.0,715.0,666.75,690.7000122070312,685.671630859375,14909729,0.0,0.0
2024-10-25 00:00:00+05:30,694.5,694.9000244140625,668.4500122070312,678.75,673.8086547851562,4091651,0.0,0.0
2024-10-28 00:00:00+05:30,681.0,697.0,680.7999877929688,692.9000244140625,687.8556518554688,2587719,0.0,0.0
2024-10-29 00:00:00+05:30,692.9000244140625,696.2000122070312,676.4500122070312,693.5999755859375,688.5504760742188,4293867,0.0,0.0
2024-10-30 00:00:00+05:30,690.9500122070312,698.7999877929688,685.4000244140625,688.4000244140625,683.3883666992188,3284187,0.0,0.0
2024-10-31 00:00:00+05:30,686.8499755859375,689.5499877929688,679.25,686.0499877929688,681.0554809570312,4478581,0.0,0.0
2024-11-01 00:00:00+05:30,687.5,693.9000244140625,687.2000122070312,690.9000244140625,685.8701782226562,472898,0.0,0.0
2024-11-04 00:00:00+05:30,689.0,689.9000244140625,661.5999755859375,674.2999877929688,669.3909912109375,5245661,0.0,0.0
2024-11-05 00:00:00+05:30,675.5999755859375,701.4500122070312,674.7999877929688,697.5499877929688,692.4717407226562,4931994,0.0,0.0
2024-11-06 00:00:00+05:30,706.0,714.25,687.8499755859375,708.2000122070312,703.0442504882812,5500043,0.0,0.0
2024-11-07 00:00:00+05:30,682.0,687.7000122070312,646.2999877929688,648.0999755859375,643.3817138671875,26671445,0.0,0.0
2024-11-08 00:00:00+05:30,654.75,660.4500122070312,647.0,650.4500122070312,645.7146606445312,7886228,0.0,0.0
2024-11-11 00:00:00+05:30,647.4500122070312,657.5999755859375,638.7000122070312,655.3499755859375,650.5789794921875,4933389,0.0,0.0
2024-11-12 00:00:00+05:30,668.0,673.5,648.1500244140625,651.6500244140625,646.9059448242188,12009560,0.0,0.0
2024-11-13 00:00:00+05:30,648.0,649.9000244140625,622.5499877929688,626.5999755859375,622.0382690429688,7867492,0.0,0.0
2024-11-14 00:00:00+05:30,630.0,636.4500122070312,625.1500244140625,627.3499755859375,622.7827758789062,6937416,0.0,0.0
2024-11-18 00:00:00+05:30,641.9000244140625,663.0999755859375,639.9000244140625,651.0499877929688,646.3102416992188,13618683,0.0,0.0
2024-11-19 00:00:00+05:30,651.0999755859375,655.5499877929688,637.6500244140625,640.0,635.3406982421875,5015887,0.0,0.0
2024-11-21 00:00:00+05:30,641.0,653.9000244140625,634.2999877929688,648.0499877929688,643.3320922851562,7910597,0.0,0.0
2024-11-22 00:00:00+05:30,652.9500122070312,657.2999877929688,647.4000244140625,652.0999755859375,647.3526000976562,3586402,0.0,0.0
2024-11-25 00:00:00+05:30,660.0999755859375,663.0,654.4500122070312,659.8499755859375,655.0462036132812,5760810,0.0,0.0
2024-11-26 00:00:00+05:30,662.9000244140625,670.25,659.25,666.0999755859375,661.2506713867188,3604133,0.0,0.0
2024-11-27 00:00:00+05:30,667.2000122070312,669.7999877929688,660.1500244140625,661.0999755859375,656.287109375,2910507,0.0,0.0
2024-11-28 00:00:00+05:30,661.0,663.1500244140625,647.5999755859375,650.25,645.51611328125,4686850,0.0,0.0
2024-11-29 00:00:00+05:30,652.5,658.5999755859375,649.0999755859375,656.2000122070312,651.4227905273438,3412007,0.0,0.0
2024-12-02 00:00:00+05:30,656.2000122070312,663.4000244140625,653.0499877929688,662.5999755859375,657.7761840820312,2174126,0.0,0.0
2024-12-03 00:00:00+05:30,665.4000244140625,669.5999755859375,657.0,667.5499877929688,662.6901245117188,3306465,0.0,0.0
2024-12-04 00:00:00+05:30,667.5499877929688,671.25,659.6500244140625,663.0499877929688,658.222900390625,2785457,0.0,0.0
2024-12-05 00:00:00+05:30,664.0,673.9500122070312,658.7000122070312,670.8499755859375,665.9661254882812,5156111,0.0,0.0
2024-12-06 00:00:00+05:30,673.4500122070312,676.5,667.25,670.1500244140625,665.271240234375,2723680,0.0,0.0
2024-12-09 00:00:00+05:30,666.9500122070312,672.5,654.25,670.9000244140625,666.0158081054688,5079369,0.0,0.0
2024-12-10 00:00:00+05:30,675.0,676.0,664.7000122070312,668.9000244140625,664.0303344726562,3950822,0.0,0.0
2024-12-11 00:00:00+05:30,671.0,679.7999877929688,668.0499877929688,670.5,665.6187133789062,3418716,0.0,0.0
2024-12-12 00:00:00+05:30,675.0,679.7999877929688,662.0,668.7000122070312,663.831787109375,6585440,0.0,0.0
2024-12-13 00:00:00+05:30,663.0,665.5499877929688,648.0,662.0999755859375,657.27978515625,4198819,0.0,0.0
2024-12-16 00:00:00+05:30,661.2999877929688,666.5999755859375,652.0499877929688,653.5,648.742431640625,2619582,0.0,0.0
2024-12-17 00:00:00+05:30,649.5,653.5999755859375,637.0999755859375,639.4500122070312,634.7947387695312,4800541,0.0,0.0
2024-12-18 00:00:00+05:30,641.9500122070312,642.0499877929688,628.25,633.0,628.3916625976562,3753662,0.0,0.0
2024-12-19 00:00:00+05:30,620.5999755859375,633.25,614.0999755859375,629.3499755859375,624.7682495117188,5198027,0.0,0.0
2024-12-20 00:00:00+05:30,629.3499755859375,640.5999755859375,620.7000122070312,622.6500244140625,618.1170654296875,5964142,0.0,0.0
2024-12-23 00:00:00+05:30,625.5499877929688,635.9000244140625,625.5499877929688,634.1500244140625,629.5333251953125,2921238,0.0,0.0
2024-12-24 00:00:00+05:30,635.0,638.0999755859375,625.75,627.4500122070312,622.882080078125,4830151,0.0,0.0
2024-12-26 00:00:00+05:30,630.0,633.4500122070312,626.75,628.75,624.172607421875,4476967,0.0,0.0
2024-12-27 00:00:00+05:30,628.75,632.8499755859375,615.7000122070312,617.4000244140625,612.9052734375,3391148,0.0,0.0
2024-12-30 00:00:00+05:30,615.4000244140625,620.2999877929688,599.1500244140625,601.0999755859375,596.723876953125,8023050,0.0,0.0
2024-12-31 00:00:00+05:30,601.4000244140625,605.9000244140625,597.4500122070312,602.4500122070312,598.0640869140625,3807525,0.0,0.0
2025-01-01 00:00:00+05:30,601.5,603.75,587.5,592.9500122070312,588.6332397460938,9217246,0.0,0.0
2025-01-02 00:00:00+05:30,594.9000244140625,600.5499877929688,588.5999755859375,599.0,594.6392211914062,8525001,0.0,0.0
2025-01-03 00:00:00+05:30,599.0,599.75,590.0,591.1500244140625,586.8463745117188,6291674,0.0,0.0
2025-01-06 00:00:00+05:30,592.5999755859375,593.8499755859375,571.5999755859375,574.0999755859375,569.9204711914062,11202314,0.0,0.0
2025-01-07 00:00:00+05:30,573.0499877929688,588.4000244140625,572.0499877929688,584.5,580.2447509765625,5379682,0.0,0.0
2025-01-08 00:00:00+05:30,582.75,587.5999755859375,577.4500122070312,586.6500244140625,582.379150390625,4077369,0.0,0.0
2025-01-09 00:00:00+05:30,580.0,596.8499755859375,578.6500244140625,589.25,584.960205078125,7595188,0.0,0.0
2025-01-10 00:00:00+05:30,586.0,589.25,571.5999755859375,574.4500122070312,570.2679443359375,10613705,0.0,0.0
2025-01-13 00:00:00+05:30,571.5999755859375,573.9500122070312,562.0,563.75,559.6458129882812,7689295,0.0,0.0
2025-01-14 00:00:00+05:30,569.9000244140625,591.9500122070312,568.3499755859375,590.9000244140625,586.5982055664062,8506497,0.0,0.0
2025-01-15 00:00:00+05:30,594.0,596.2000122070312,586.5499877929688,591.5499877929688,587.243408203125,4390121,0.0,0.0
2025-01-16 00:00:00+05:30,596.0,607.0,590.5499877929688,602.5999755859375,598.2129516601562,4959410,0.0,0.0
2025-01-17 00:00:00+05:30,603.8499755859375,619.0,603.7000122070312,617.0,612.5081787109375,6414327,0.0,0.0
2025-01-20 00:00:00+05:30,617.0499877929688,621.9500122070312,612.25,618.1500244140625,613.6498413085938,2995173,0.0,0.0
2025-01-21 00:00:00+05:30,626.0499877929688,628.3499755859375,613.4500122070312,614.9500122070312,610.4730834960938,3529837,0.0,0.0
2025-01-22 00:00:00+05:30,615.0,615.4000244140625,605.3499755859375,613.4500122070312,608.9840087890625,4426051,0.0,0.0
2025-01-23 00:00:00+05:30,611.0,616.2000122070312,607.2000122070312,608.25,603.8218994140625,6826419,0.0,0.0
2025-01-24 00:00:00+05:30,608.7000122070312,615.3499755859375,599.9000244140625,606.9000244140625,602.4817504882812,4608870,0.0,0.0
2025-01-27 00:00:00+05:30,600.0499877929688,601.5999755859375,585.3499755859375,586.9000244140625,582.6273193359375,2919161,0.0,0.0
2025-01-28 00:00:00+05:30,590.0999755859375,591.6500244140625,568.2999877929688,573.8499755859375,569.6723022460938,6250865,0.0,0.0
2025-01-29 00:00:00+05:30,576.5,587.8499755859375,571.5999755859375,584.0999755859375,579.84765625,4618198,0.0,0.0
2025-01-30 00:00:00+05:30,586.9000244140625,601.8499755859375,581.7000122070312,587.8499755859375,583.5703735351562,4604752,0.0,0.0
2025-01-31 00:00:00+05:30,590.0,596.4000244140625,584.2999877929688,594.2999877929688,589.973388671875,3750965,0.0,0.0
2025-02-01 00:00:00+05:30,594.0,595.4000244140625,582.0,586.4500122070312,582.1806030273438,1740719,0.0,0.0
2025-02-03 00:00:00+05:30,575.0,576.5999755859375,557.5999755859375,574.0499877929688,569.870849609375,8169543,0.0,0.0
2025-02-04 00:00:00+05:30,580.5,595.9000244140625,580.2000122070312,583.9500122070312,579.6987915039062,5318376,0.0,0.0
2025-02-05 00:00:00+05:30,584.5,604.5,584.5,600.5999755859375,596.2275390625,3974704,0.0,0.0
2025-02-06 00:00:00+05:30,601.0499877929688,606.7999877929688,591.25,595.4500122070312,591.1150512695312,3571342,0.0,0.0
2025-02-07 00:00:00+05:30,595.4500122070312,610.5999755859375,594.0,607.4000244140625,602.9780883789062,4687823,0.0,0.0
2025-02-10 00:00:00+05:30,605.0,606.0999755859375,589.5,596.0,591.6610717773438,3434505,0.0,0.0
2025-02-11 00:00:00+05:30,594.0499877929688,607.0,591.6500244140625,595.8499755859375,591.5121459960938,5303293,0.0,0.0
2025-02-12 00:00:00+05:30,599.0499877929688,604.9500122070312,586.3499755859375,598.9000244140625,594.5399780273438,3764143,0.0,0.0
2025-02-13 00:00:00+05:30,596.0499877929688,607.9500122070312,590.0999755859375,602.5,598.1137084960938,4415122,0.0,0.0
2025-02-14 00:00:00+05:30,609.0,616.0,595.0499877929688,606.2000122070312,601.7868041992188,11475440,0.0,0.0
2025-02-17 00:00:00+05:30,606.2000122070312,611.9000244140625,589.6500244140625,610.8499755859375,606.4028930664062,4470099,0.0,0.0
2025-02-18 00:00:00+05:30,609.0,613.7000122070312,601.7000122070312,611.4500122070312,606.9985961914062,2956837,0.0,0.0
2025-02-19 00:00:00+05:30,607.0,628.3499755859375,606.5499877929688,626.2999877929688,621.740478515625,6101855,0.0,0.0
2025-02-20 00:00:00+05:30,627.0,644.2000122070312,625.0,638.7999877929688,634.1494750976562,6904537,0.0,0.0
2025-02-21 00:00:00+05:30,639.2000122070312,656.2000122070312,637.9500122070312,653.5499877929688,648.7920532226562,7490723,0.0,0.0
2025-02-24 00:00:00+05:30,642.0,647.9000244140625,636.25,641.9000244140625,637.2269287109375,5931712,0.0,0.0
2025-02-25 00:00:00+05:30,636.0,638.4500122070312,617.0999755859375,619.4500122070312,614.9403686523438,10249548,0.0,0.0
2025-02-27 00:00:00+05:30,625.0999755859375,633.9000244140625,619.5,631.9500122070312,627.349365234375,7263151,0.0,0.0
2025-02-28 00:00:00+05:30,630.0,636.5999755859375,619.4500122070312,634.3499755859375,629.7318115234375,13041185,0.0,0.0
2025-03-03 00:00:00+05:30,634.4500122070312,643.5,620.7000122070312,636.5499877929688,631.9158325195312,5368388,0.0,0.0
2025-03-04 00:00:00+05:30,628.0,643.8499755859375,624.0999755859375,641.6500244140625,636.978759765625,4430660,0.0,0.0
2025-03-05 00:00:00+05:30,638.0,662.5,638.0,657.3499755859375,652.5643920898438,7876653,0.0,0.0
2025-03-06 00:00:00+05:30,664.9500122070312,687.5999755859375,661.8499755859375,681.9500122070312,676.9853515625,10993614,0.0,0.0
2025-03-07 00:00:00+05:30,678.5999755859375,694.5999755859375,678.5999755859375,691.3499755859375,686.31689453125,8142832,0.0,0.0
2025-03-10 00:00:00+05:30,689.7999877929688,709.2999877929688,686.5,689.1500244140625,684.1329345703125,10707412,0.0,0.0
2025-03-11 00:00:00+05:30,684.0,699.0,676.7999877929688,695.5,690.4367065429688,5262297,0.0,0.0
2025-03-12 00:00:00+05:30,700.0,702.0,683.7999877929688,689.8499755859375,684.8278198242188,5219333,0.0,0.0
2025-03-13 00:00:00+05:30,690.2000122070312,692.9500122070312,673.25,677.3499755859375,672.4187622070312,4877884,0.0,0.0
2025-03-17 00:00:00+05:30,678.25,687.5,677.8499755859375,680.75,675.7940673828125,4033068,0.0,0.0
2025-03-18 00:00:00+05:30,680.75,680.75,680.75,680.75,675.7940673828125,0,0.0,0.0
2025-03-19 00:00:00+05:30,703.0,703.0,690.5,698.5499877929688,693.4644775390625,5462686,0.0,0.0
2025-03-20 00:00:00+05:30,702.5,709.8499755859375,697.5999755859375,705.9500122070312,700.8106079101562,4670064,0.0,0.0
2025-03-21 00:00:00+05:30,715.0,715.0,694.2000122070312,695.3499755859375,690.2877807617188,7595841,0.0,0.0
2025-03-24 00:00:00+05:30,704.8499755859375,705.75,695.0999755859375,701.5,696.3930053710938,4296847,0.0,0.0
2025-03-25 00:00:00+05:30,700.4500122070312,704.3499755859375,683.25,693.4500122070312,688.401611328125,4552278,0.0,0.0
2025-03-26 00:00:00+05:30,695.0,702.4000244140625,690.5,691.2999877929688,686.2672729492188,3646226,0.0,0.0
2025-03-27 00:00:00+05:30,690.9500122070312,697.9000244140625,689.2000122070312,693.3499755859375,688.3023071289062,5002247,0.0,0.0
2025-03-28 00:00:00+05:30,690.5,697.4500122070312,679.2999877929688,682.4500122070312,677.481689453125,4362212,0.0,0.0
2025-04-01 00:00:00+05:30,672.0,683.0999755859375,661.9500122070312,663.75,658.9178466796875,5131883,0.0,0.0
2025-04-02 00:00:00+05:30,668.7000122070312,669.0,652.75,661.2000122070312,656.3864135742188,8357384,0.0,0.0
2025-04-03 00:00:00+05:30,658.0,658.0,647.5999755859375,652.6500244140625,647.898681640625,5646497,0.0,0.0
2025-04-04 00:00:00+05:30,645.0,645.0,596.5499877929688,599.9500122070312,595.5823364257812,9393865,0.0,0.0
2025-04-07 00:00:00+05:30,559.0,570.0,546.4500122070312,561.7999877929688,557.7100219726562,13117998,0.0,0.0
2025-04-08 00:00:00+05:30,575.0,584.3499755859375,555.9500122070312,568.3499755859375,564.2123413085938,8831753,0.0,0.0
2025-04-09 00:00:00+05:30,567.75,567.75,552.2000122070312,564.0,559.89404296875,7009318,0.0,0.0
2025-04-11 00:00:00+05:30,585.0,607.9500122070312,576.0999755859375,600.2999877929688,595.9297485351562,12562852,0.0,0.0
2025-04-15 00:00:00+05:30,613.0,619.2999877929688,606.3499755859375,617.5999755859375,613.103759765625,4871858,0.0,0.0
2025-04-16 00:00:00+05:30,618.1500244140625,619.3499755859375,602.0,609.9000244140625,605.4598999023438,4447732,0.0,0.0
2025-04-17 00:00:00+05:30,608.9000244140625,616.0,604.0,609.5,605.062744140625,4518317,0.0,0.0
2025-04-21 00:00:00+05:30,611.5,624.9000244140625,607.0499877929688,622.0,617.4717407226562,2655716,0.0,0.0
2025-04-22 00:00:00+05:30,625.0,631.0499877929688,619.0499877929688,620.0999755859375,615.5855712890625,4970919,0.0,0.0
2025-04-23 00:00:00+05:30,628.75,633.0,620.7000122070312,629.0999755859375,624.5200805664062,4674766,0.0,0.0
2025-04-24 00:00:00+05:30,630.0,632.5499877929688,626.0999755859375,628.3499755859375,623.7755126953125,3367773,0.0,0.0
2025-04-25 00:00:00+05:30,632.4000244140625,634.2999877929688,612.9500122070312,622.0999755859375,617.571044921875,3925971,0.0,0.0
2025-04-28 00:00:00+05:30,622.4500122070312,631.5,622.4000244140625,628.6500244140625,624.0733642578125,3965901,0.0,0.0
2025-04-29 00:00:00+05:30,631.0499877929688,634.25,621.6500244140625,622.5499877929688,618.0177612304688,4528870,0.0,0.0
2025-04-30 00:00:00+05:30,622.5499877929688,632.5499877929688,615.0,624.6500244140625,620.1024780273438,5905186,0.0,0.0
2025-05-02 00:00:00+05:30,624.0,650.0999755859375,621.7999877929688,630.5,625.909912109375,5494275,0.0,0.0
2025-05-05 00:00:00+05:30,635.25,641.5999755859375,629.5499877929688,633.4000244140625,628.788818359375,2552160,0.0,0.0
2025-05-06 00:00:00+05:30,638.9500122070312,642.7000122070312,627.4500122070312,630.0499877929688,625.463134765625,2778131,0.0,0.0
2025-05-07 00:00:00+05:30,633.0,638.7000122070312,629.3499755859375,636.2999877929688,631.6676635742188,3587997,0.0,0.0
2025-05-08 00:00:00+05:30,635.7999877929688,636.2999877929688,615.0499877929688,620.2000122070312,615.6848754882812,5791783,0.0,0.0
2025-05-09 00:00:00+05:30,609.0999755859375,630.2999877929688,603.75,627.1500244140625,622.5842895507812,3870212,0.0,0.0
2025-05-12 00:00:00+05:30,640.1500244140625,654.25,638.0499877929688,651.9500122070312,647.2037353515625,5474816,0.0,0.0
2025-05-13 00:00:00+05:30,645.0,646.3499755859375,632.0,634.75,630.1289672851562,6025310,0.0,0.0
2025-05-14 00:00:00+05:30,635.5,652.9500122070312,634.0,650.5499877929688,645.8139038085938,4819584,0.0,0.0
2025-05-15 00:00:00+05:30,649.5,663.6500244140625,646.2999877929688,661.3499755859375,656.5352783203125,7133226,0.0,0.0
2025-05-16 00:00:00+05:30,659.5,662.9500122070312,654.3499755859375,657.5499877929688,652.762939453125,2701320,0.0,0.0
2025-05-19 00:00:00+05:30,655.0,661.75,652.0,658.3499755859375,653.55712890625,3320756,0.0,0.0
2025-05-20 00:00:00+05:30,668.0,671.0,655.5499877929688,662.75,657.9251098632812,7950974,0.0,0.0
2025-05-21 00:00:00+05:30,667.0999755859375,671.0,654.5999755859375,663.0,658.1732788085938,8623519,0.0,0.0
2025-05-22 00:00:00+05:30,663.0,663.7000122070312,642.5,649.5499877929688,644.8211669921875,6784976,0.0,0.0
2025-05-23 00:00:00+05:30,653.0,655.5499877929688,642.5999755859375,650.0999755859375,645.3671875,3448707,0.0,0.0
2025-05-26 00:00:00+05:30,655.0,669.7000122070312,653.2999877929688,661.4500122070312,656.6345825195312,6826417,0.0,0.0
2025-05-27 00:00:00+05:30,661.4000244140625,665.7000122070312,656.5,659.4500122070312,654.649169921875,4223074,0.0,0.0
2025-05-28 00:00:00+05:30,659.4500122070312,662.0,647.9000244140625,649.9500122070312,645.2183227539062,3546275,0.0,0.0
2025-05-29 00:00:00+05:30,649.9500122070312,653.5499877929688,645.0999755859375,650.0,645.2679443359375,4545776,0.0,0.0
2025-05-30 00:00:00+05:30,647.7999877929688,650.9000244140625,632.1500244140625,633.5,628.8880615234375,9054009,0.0,0.0
2025-06-02 00:00:00+05:30,628.9500122070312,635.75,618.0,631.0999755859375,626.5054931640625,8397065,0.0,0.0
2025-06-03 00:00:00+05:30,636.0,640.9000244140625,629.5999755859375,632.0,627.3989868164062,3783426,0.0,0.0
2025-06-04 00:00:00+05:30,634.0999755859375,640.9000244140625,630.6500244140625,635.8499755859375,631.220947265625,3066925,0.0,0.0
2025-06-05 00:00:00+05:30,638.0,641.4000244140625,633.5,637.25,632.6107788085938,3565664,0.0,0.0
2025-06-06 00:00:00+05:30,637.25,651.25,635.0999755859375,650.1500244140625,645.4168701171875,5492102,0.0,0.0
2025-06-09 00:00:00+05:30,653.4000244140625,654.5999755859375,649.25,650.7999877929688,646.0620727539062,2822003,0.0,0.0
2025-06-10 00:00:00+05:30,653.7999877929688,663.5,652.1500244140625,658.3499755859375,653.55712890625,5693888,0.0,0.0
2025-06-11 00:00:00+05:30,660.5,662.9000244140625,654.0999755859375,655.2000122070312,650.4300537109375,3928464,0.0,0.0
2025-06-12 00:00:00+05:30,656.0,661.75,648.2000122070312,651.0499877929688,646.3102416992188,6539340,0.0,0.0
2025-06-13 00:00:00+05:30,635.0,648.0,635.0,641.7999877929688,637.1276245117188,4543933,0.0,0.0
2025-06-16 00:00:00+05:30,641.7999877929688,651.0499877929688,636.0,649.5999755859375,644.8707885742188,3422978,0.0,0.0
2025-06-17 00:00:00+05:30,649.1500244140625,650.4000244140625,637.5999755859375,641.7000122070312,637.0283813476562,4199339,0.0,0.0
2025-06-18 00:00:00+05:30,638.0,648.9000244140625,638.0,645.3499755859375,640.6517333984375,3412544,0.0,0.0
2025-06-19 00:00:00+05:30,643.0,644.7000122070312,635.0499877929688,641.3499755859375,636.6808471679688,4392425,0.0,0.0
2025-06-20 00:00:00+05:30,641.3499755859375,654.5,638.5999755859375,649.1500244140625,644.4241333007812,7166880,0.0,0.0
2025-06-23 00:00:00+05:30,644.0,666.0,640.1500244140625,661.4000244140625,656.5849609375,6080547,0.0,0.0
2025-06-24 00:00:00+05:30,668.7999877929688,674.0,664.7000122070312,669.4000244140625,664.5267333984375,5510353,0.0,0.0
2025-06-25 00:00:00+05:30,676.9500122070312,676.9500122070312,668.4500122070312,672.6500244140625,667.7530517578125,5533268,0.0,0.0
2025-06-26 00:00:00+05:30,674.0999755859375,693.0,672.7000122070312,690.5999755859375,685.5723266601562,8196123,0.0,0.0
2025-06-27 00:00:00+05:30,695.0,700.0499877929688,691.3499755859375,697.3499755859375,692.273193359375,5666934,0.0,0.0
2025-06-30 00:00:00+05:30,700.0,700.0,691.4500122070312,692.8499755859375,687.8059692382812,4919088,0.0,0.0
2025-07-01 00:00:00+05:30,692.4000244140625,699.5999755859375,684.3499755859375,694.2999877929688,689.2454223632812,5468762,0.0,0.0
2025-07-02 00:00:00+05:30,695.7000122070312,705.75,693.6500244140625,698.3499755859375,693.2659301757812,4566893,0.0,0.0
2025-07-03 00:00:00+05:30,701.0,708.0999755859375,691.7999877929688,692.8499755859375,687.8059692382812,4216075,0.0,0.0
2025-07-04 00:00:00+05:30,692.0,700.75,689.4000244140625,699.4500122070312,694.35791015625,2680991,0.0,0.0
2025-07-07 00:00:00+05:30,699.4500122070312,699.4500122070312,688.0999755859375,692.0999755859375,687.0614013671875,2481724,0.0,0.0
2025-07-08 00:00:00+05:30,692.0999755859375,696.2999877929688,683.0999755859375,685.5999755859375,680.6087036132812,3923236,0.0,0.0
2025-07-09 00:00:00+05:30,692.0,692.0,664.0999755859375,673.9500122070312,669.0435791015625,6703774,0.0,0.0
2025-07-10 00:00:00+05:30,675.0,679.5,672.5499877929688,675.0499877929688,670.1355590820312,3641238,0.0,0.0
2025-07-11 00:00:00+05:30,673.0,676.0499877929688,661.5499877929688,670.9500122070312,666.0654296875,4450346,0.0,0.0
2025-07-14 00:00:00+05:30,671.0,680.5499877929688,665.0,666.5,661.6478271484375,4338084,0.0,0.0
2025-07-15 00:00:00+05:30,670.0,674.25,662.9000244140625,670.8499755859375,665.9661254882812,4815703,0.0,0.0
2025-07-16 00:00:00+05:30,668.0,670.5999755859375,664.0,666.75,661.89599609375,4497141,0.0,0.0
2025-07-17 00:00:00+05:30,670.0,678.0,668.4000244140625,674.5499877929688,669.63916015625,4022119,0.0,0.0
2025-07-18 00:00:00+05:30,676.5,679.2999877929688,671.0,675.9000244140625,670.9793701171875,3400654,0.0,0.0
2025-07-21 00:00:00+05:30,679.0,687.1500244140625,679.0,682.7000122070312,677.7298583984375,4912558,0.0,0.0
2025-07-22 00:00:00+05:30,683.2000122070312,692.5,683.2000122070312,690.0499877929688,685.0263671875,3802270,0.0,0.0
2025-07-23 00:00:00+05:30,692.0,696.0,689.5999755859375,695.4000244140625,690.3374633789062,3640968,0.0,0.0
2025-07-24 00:00:00+05:30,697.0,704.4000244140625,691.5999755859375,695.5999755859375,690.5359497070312,4593102,0.0,0.0
2025-07-25 00:00:00+05:30,697.0,698.7999877929688,687.9500122070312,693.4500122070312,688.401611328125,5220901,0.0,0.0
2025-07-28 00:00:00+05:30,693.4500122070312,693.9500122070312,682.7999877929688,689.3499755859375,684.3314208984375,5031797,0.0,0.0
2025-07-29 00:00:00+05:30,686.0999755859375,695.0,685.0,692.7000122070312,687.6571044921875,2985507,0.0,0.0
2025-07-30 00:00:00+05:30,689.1500244140625,697.5499877929688,684.7999877929688,688.7999877929688,683.7854614257812,2829322,0.0,0.0
2025-07-31 00:00:00+05:30,677.0999755859375,692.2999877929688,674.9500122070312,683.0499877929688,678.0773315429688,6136890,0.0,0.0
2025-08-01 00:00:00+05:30,680.0,683.2999877929688,670.8499755859375,672.4500122070312,667.5545043945312,3475656,0.0,0.0
2025-08-04 00:00:00+05:30,676.0,688.7999877929688,671.7999877929688,687.7000122070312,682.6934814453125,2286286,0.0,0.0
2025-08-05 00:00:00+05:30,692.0,692.0,682.1500244140625,687.0999755859375,682.0978393554688,3302614,0.0,0.0
2025-08-06 00:00:00+05:30,692.0,692.0,683.3499755859375,684.8499755859375,679.8641967773438,2498667,0.0,0.0
2025-08-07 00:00:00+05:30,681.9000244140625,689.9000244140625,674.3499755859375,686.7999877929688,681.7999877929688,3417324,0.0,0.0
2025-08-08 00:00:00+05:30,684.0,686.4000244140625,669.0499877929688,672.75,672.75,3471816,5.0,0.0
2025-08-11 00:00:00+05:30,673.75,683.4500122070312,667.25,672.8499755859375,672.8499755859375,3235082,0.0,0.0
2025-08-12 00:00:00+05:30,658.0,677.75,657.5,667.0499877929688,667.0499877929688,12238878,0.0,0.0
2025-08-13 00:00:00+05:30,673.0,704.9500122070312,670.9500122070312,700.5,700.5,13151356,0.0,0.0
2025-08-14 00:00:00+05:30,701.0,702.3499755859375,688.0,695.25,695.25,4179259,0.0,0.0
2025-08-18 00:00:00+05:30,700.0,719.0,697.0999755859375,714.1500244140625,714.1500244140625,7211389,0.0,0.0
2025-08-19 00:00:00+05:30,714.0,715.1500244140625,705.5499877929688,706.7000122070312,706.7000122070312,5641195,0.0,0.0
2025-08-20 00:00:00+05:30,701.0,705.9000244140625,698.0499877929688,700.8499755859375,700.8499755859375,5358070,0.0,0.0
2025-08-21 00:00:00+05:30,701.0499877929688,709.0,700.5,707.2999877929688,707.2999877929688,3231092,0.0,0.0
2025-08-22 00:00:00+05:30,708.0,709.5999755859375,701.5499877929688,704.2000122070312,704.2000122070312,5623045,0.0,0.0
2025-08-25 00:00:00+05:30,708.0,720.9000244140625,707.5499877929688,715.8499755859375,715.8499755859375,4539337,0.0,0.0
2025-08-26 00:00:00+05:30,714.0,714.0,701.25,705.7000122070312,705.7000122070312,5229246,0.0,0.0
2025-08-28 00:00:00+05:30,700.7999877929688,707.0,698.0999755859375,701.4000244140625,701.4000244140625,5620555,0.0,0.0
2025-08-29 00:00:00+05:30,701.0,708.75,697.0,703.9500122070312,703.9500122070312,5335149,0.0,0.0
2025-09-01 00:00:00+05:30,704.5,721.0,702.4000244140625,719.5999755859375,719.5999755859375,3771744,0.0,0.0
2025-09-02 00:00:00+05:30,720.0,726.0999755859375,714.2000122070312,720.9500122070312,720.9500122070312,4660894,0.0,0.0
2025-09-03 00:00:00+05:30,725.0,744.0,723.0999755859375,742.9500122070312,742.9500122070312,8986550,0.0,0.0
2025-09-04 00:00:00+05:30,744.0499877929688,745.0,737.2000122070312,739.0499877929688,739.0499877929688,3763325,0.0,0.0
2025-09-05 00:00:00+05:30,738.0,746.6500244140625,738.0,743.7999877929688,743.7999877929688,2778157,0.0,0.0
2025-09-08 00:00:00+05:30,745.0,749.8499755859375,737.4000244140625,738.75,738.75,2703395,0.0,0.0
2025-09-09 00:00:00+05:30,740.7000122070312,750.5499877929688,739.0,742.9000244140625,742.9000244140625,3393363,0.0,0.0
2025-09-10 00:00:00+05:30,745.0,749.7999877929688,741.0499877929688,743.1500244140625,743.1500244140625,3351988,0.0,0.0
2025-09-11 00:00:00+05:30,742.0,747.9500122070312,738.0,742.6500244140625,742.6500244140625,3756027,0.0,0.0
2025-09-12 00:00:00+05:30,748.9000244140625,759.5999755859375,745.1500244140625,758.0499877929688,758.0499877929688,5698959,0.0,0.0
2025-09-15 00:00:00+05:30,758.1500244140625,763.4000244140625,752.5999755859375,753.6500244140625,753.6500244140625,2554957,0.0,0.0
2025-09-16 00:00:00+05:30,754.4000244140625,757.2999877929688,749.1500244140625,755.9500122070312,755.9500122070312,2662690,0.0,0.0
2025-09-17 00:00:00+05:30,756.0,759.7000122070312,744.4000244140625,750.0999755859375,750.0999755859375,4182521,0.0,0.0
2025-09-18 00:00:00+05:30,746.3499755859375,751.4500122070312,736.25,750.1500244140625,750.1500244140625,4915450,0.0,0.0
2025-09-19 00:00:00+05:30,752.0,756.7999877929688,739.0,743.2999877929688,743.2999877929688,5132517,0.0,0.0
2025-09-22 00:00:00+05:30,743.2999877929688,752.5,741.5499877929688,745.7000122070312,745.7000122070312,2232330,0.0,0.0
2025-09-23 00:00:00+05:30,745.0,752.25,739.6500244140625,745.9000244140625,745.9000244140625,3783529,0.0,0.0
2025-09-24 00:00:00+05:30,744.0,748.9500122070312,737.7000122070312,741.0499877929688,741.0499877929688,2415165,0.0,0.0
2025-09-25 00:00:00+05:30,746.0,769.0999755859375,740.0499877929688,745.6500244140625,745.6500244140625,4702510,0.0,0.0
2025-09-26 00:00:00+05:30,745.9000244140625,749.5,731.9500122070312,743.8499755859375,743.8499755859375,3636265,0.0,0.0
2025-09-29 00:00:00+05:30,745.0,758.7999877929688,744.8499755859375,753.7999877929688,753.7999877929688,4347158,0.0,0.0
2025-09-30 00:00:00+05:30,759.9500122070312,769.7000122070312,758.0499877929688,761.9500122070312,761.9500122070312,4718308,0.0,0.0
2025-10-01 00:00:00+05:30,761.9000244140625,769.4000244140625,755.2999877929688,765.9500122070312,765.9500122070312,3663841,0.0,0.0
2025-10-03 00:00:00+05:30,766.0,790.5999755859375,764.0999755859375,780.3499755859375,780.3499755859375,6522416,0.0,0.0
2025-10-06 00:00:00+05:30,782.0499877929688,784.9500122070312,774.3499755859375,776.7000122070312,776.7000122070312,3544658,0.0,0.0
2025-10-07 00:00:00+05:30,771.0,780.75,765.9000244140625,767.7999877929688,767.7999877929688,4918764,0.0,0.0
2025-10-08 00:00:00+05:30,770.0,781.5,766.1500244140625,768.2000122070312,768.2000122070312,6393179,0.0,0.0
2025-10-09 00:00:00+05:30,770.25,780.0,769.25,774.0999755859375,774.0999755859375,6806889,0.0,0.0
2025-10-10 00:00:00+05:30,774.5,775.75,764.2999877929688,773.9500122070312,773.9500122070312,4365229,0.0,0.0
2025-10-13 00:00:00+05:30,772.25,774.5999755859375,767.2000122070312,770.2000122070312,770.2000122070312,3077938,0.0,0.0
2025-10-14 00:00:00+05:30,776.0499877929688,781.5499877929688,754.4500122070312,760.0999755859375,760.0999755859375,3510594,0.0,0.0
2025-10-15 00:00:00+05:30,765.0,768.7000122070312,759.3499755859375,764.25,764.25,5690264,0.0,0.0
2025-10-16 00:00:00+05:30,765.0999755859375,780.8499755859375,763.5,780.0999755859375,780.0999755859375,4180590,0.0,0.0
2025-10-17 00:00:00+05:30,780.0,781.9500122070312,766.0,772.7999877929688,772.7999877929688,3254932,0.0,0.0
2025-10-20 00:00:00+05:30,774.2999877929688,789.4500122070312,772.0499877929688,786.3499755859375,786.3499755859375,4845432,0.0,0.0
2025-10-21 00:00:00+05:30,791.0,791.9500122070312,782.5,784.9500122070312,784.9500122070312,457667,0.0,0.0
2025-10-23 00:00:00+05:30,791.5,799.8499755859375,784.0,792.4000244140625,792.4000244140625,5916416,0.0,0.0
2025-10-24 00:00:00+05:30,811.3499755859375,826.5,811.3499755859375,824.4500122070312,824.4500122070312,16905398,0.0,0.0
2025-10-27 00:00:00+05:30,834.9000244140625,845.0999755859375,827.0,840.8499755859375,840.8499755859375,7308067,0.0,0.0
2025-10-28 00:00:00+05:30,838.0,859.9000244140625,837.0,848.9500122070312,848.9500122070312,8010504,0.0,0.0
2025-10-29 00:00:00+05:30,854.0,858.8499755859375,849.5499877929688,856.25,856.25,5663683,0.0,0.0
2025-10-30 00:00:00+05:30,852.0999755859375,864.0,848.0999755859375,861.3499755859375,861.3499755859375,4704178,0.0,0.0
2025-10-31 00:00:00+05:30,856.9500122070312,860.5999755859375,845.7000122070312,847.8499755859375,847.8499755859375,4138495,0.0,0.0
2025-11-03 00:00:00+05:30,847.8499755859375,856.0,842.5999755859375,847.2000122070312,847.2000122070312,4885067,0.0,0.0
2025-11-04 00:00:00+05:30,841.5499877929688,847.0,829.25,831.4000244140625,831.4000244140625,4673187,0.0,0.0
2025-11-05 00:00:00+05:30,831.4000244140625,831.4000244140625,831.4000244140625,831.4000244140625,831.4000244140625,0,0.0,0.0
2025-11-06 00:00:00+05:30,788.0,795.0,770.1500244140625,788.4000244140625,788.4000244140625,34786635,0.0,0.0
2025-11-07 00:00:00+05:30,788.5,802.5999755859375,783.0,790.4000244140625,790.4000244140625,13189011,0.0,0.0
2025-11-10 00:00:00+05:30,792.0,799.9000244140625,783.8499755859375,785.2000122070312,785.2000122070312,5914226,0.0,0.0
2025-11-11 00:00:00+05:30,790.7999877929688,794.7000122070312,778.0999755859375,793.75,793.75,5411465,0.0,0.0
2025-11-12 00:00:00+05:30,798.0,809.0,791.75,794.4000244140625,794.4000244140625,7589035,0.0,0.0
2025-11-13 00:00:00+05:30,803.0,816.5,799.0,811.9500122070312,811.9500122070312,5854638,0.0,0.0
2025-11-14 00:00:00+05:30,807.0,812.5,796.0,803.6500244140625,803.6500244140625,4113598,0.0,0.0
2025-11-17 00:00:00+05:30,801.0,809.0,799.75,807.1500244140625,807.1500244140625,2770547,0.0,0.0
2025-11-18 00:00:00+05:30,804.5,804.5,788.3499755859375,797.1500244140625,797.1500244140625,7299555,0.0,0.0
2025-11-19 00:00:00+05:30,797.1500244140625,798.7999877929688,790.0,790.9500122070312,790.9500122070312,3005726,0.0,0.0
2025-11-20 00:00:00+05:30,799.7999877929688,802.6500244140625,789.2999877929688,799.7999877929688,799.7999877929688,6016713,0.0,0.0
2025-11-21 00:00:00+05:30,786.0,787.0,776.25,777.7000122070312,777.7000122070312,5099356,0.0,0.0
2025-11-24 00:00:00+05:30,782.8499755859375,788.0999755859375,771.8499755859375,774.6500244140625,774.6500244140625,5666985,0.0,0.0
2025-11-25 00:00:00+05:30,777.9500122070312,791.75,772.6500244140625,789.3499755859375,789.3499755859375,6090783,0.0,0.0
2025-11-26 00:00:00+05:30,790.1500244140625,803.0,787.2000122070312,800.7999877929688,800.7999877929688,3842280,0.0,0.0
2025-11-27 00:00:00+05:30,807.9000244140625,813.9500122070312,800.4500122070312,807.5499877929688,807.5499877929688,4481695,0.0,0.0
2025-11-28 00:00:00+05:30,812.2000122070312,815.0,807.2000122070312,808.4000244140625,808.4000244140625,3200488,0.0,0.0
2025-12-01 00:00:00+05:30,817.9500122070312,817.9500122070312,808.2000122070312,810.7999877929688,810.7999877929688,2064678,0.0,0.0
2025-12-02 00:00:00+05:30,811.0,813.5,802.5999755859375,806.8499755859375,806.8499755859375,4237151,0.0,0.0
2025-12-03 00:00:00+05:30,810.7999877929688,819.5999755859375,800.9500122070312,816.2999877929688,816.2999877929688,4948661,0.0,0.0
2025-12-04 00:00:00+05:30,824.0,826.25,809.0,810.7999877929688,810.7999877929688,3381601,0.0,0.0
2025-12-05 00:00:00+05:30,811.5499877929688,831.9000244140625,808.0,823.25,823.25,4273147,0.0,0.0
2025-12-08 00:00:00+05:30,825.7999877929688,833.5,817.25,819.4500122070312,819.4500122070312,4354685,0.0,0.0
2025-12-09 00:00:00+05:30,819.0,819.4000244140625,803.0999755859375,812.9000244140625,812.9000244140625,3394966,0.0,0.0
2025-12-10 00:00:00+05:30,816.0499877929688,831.75,813.5999755859375,821.75,821.75,5280811,0.0,0.0
2025-12-11 00:00:00+05:30,826.0,830.9000244140625,821.1500244140625,824.3499755859375,824.3499755859375,3098584,0.0,0.0
2025-12-12 00:00:00+05:30,830.7999877929688,855.0,830.5999755859375,852.0999755859375,852.0999755859375,8178645,0.0,0.0
2025-12-15 00:00:00+05:30,851.9500122070312,856.25,845.2999877929688,847.8499755859375,847.8499755859375,2521938,0.0,0.0
2025-12-16 00:00:00+05:30,845.0,845.0,831.1500244140625,837.1500244140625,837.1500244140625,2713249,0.0,0.0
2025-12-17 00:00:00+05:30,844.0499877929688,851.9000244140625,840.0999755859375,848.7999877929688,848.7999877929688,3270389,0.0,0.0
2025-12-18 00:00:00+05:30,850.0,861.9500122070312,847.5,856.7000122070312,856.7000122070312,4174631,0.0,0.0
2025-12-19 00:00:00+05:30,858.0,864.4000244140625,847.5499877929688,852.0,852.0,4939377,0.0,0.0
2025-12-22 00:00:00+05:30,860.0,872.3499755859375,857.25,864.5499877929688,864.5499877929688,4865457,0.0,0.0
2025-12-23 00:00:00+05:30,871.0,871.7999877929688,860.8499755859375,863.8499755859375,863.8499755859375,5452783,0.0,0.0
2025-12-24 00:00:00+05:30,865.9500122070312,882.2999877929688,862.1500244140625,864.4500122070312,864.4500122070312,3683590,0.0,0.0
2025-12-25 00:00:00+05:30,864.4500122070312,864.4500122070312,864.4500122070312,864.4500122070312,864.4500122070312,0,0.0,0.0
2025-12-26 00:00:00+05:30,865.25,874.75,861.0,872.9000244140625,872.9000244140625,2334952,0.0,0.0
2025-12-29 00:00:00+05:30,886.0,887.4500122070312,860.9000244140625,865.0,865.0,9836341,0.0,0.0
2025-12-30 00:00:00+05:30,868.0,888.2999877929688,863.8499755859375,884.1500244140625,884.1500244140625,15280248,0.0,0.0
2025-12-31 00:00:00+05:30,886.4000244140625,890.0,879.4500122070312,886.7000122070312,886.7000122070312,3539118,0.0,0.0
2026-01-01 00:00:00+05:30,888.0999755859375,895.9500122070312,882.4500122070312,894.9500122070312,894.9500122070312,2566505,0.0,0.0
2026-01-02 00:00:00+05:30,898.0,927.2999877929688,896.5499877929688,925.7000122070312,925.7000122070312,5357771,0.0,0.0
2026-01-05 00:00:00+05:30,932.5,937.9000244140625,925.8499755859375,931.7000122070312,931.7000122070312,5278463,0.0,0.0
2026-01-06 00:00:00+05:30,936.0,970.7999877929688,936.0,942.25,942.25,10369133,0.0,0.0
2026-01-07 00:00:00+05:30,951.0499877929688,954.5999755859375,935.0999755859375,938.4500122070312,938.4500122070312,6555117,0.0,0.0
2026-01-08 00:00:00+05:30,934.0499877929688,934.2000122070312,898.5999755859375,903.9500122070312,903.9500122070312,6266789,0.0,0.0
2026-01-09 00:00:00+05:30,902.0,908.4500122070312,894.0,900.9500122070312,900.9500122070312,4320582,0.0,0.0
2026-01-12 00:00:00+05:30,909.9500122070312,921.9500122070312,897.0,920.1500244140625,920.1500244140625,6884726,0.0,0.0
2026-01-13 00:00:00+05:30,927.4000244140625,937.9000244140625,922.9500122070312,936.2999877929688,936.2999877929688,6868939,0.0,0.0
2026-01-14 00:00:00+05:30,941.0,959.0,936.75,955.3499755859375,955.3499755859375,7050653,0.0,0.0
2026-01-15 00:00:00+05:30,955.3499755859375,955.3499755859375,955.3499755859375,955.3499755859375,955.3499755859375,0,0.0,0.0
2026-01-16 00:00:00+05:30,966.5,966.5,930.0,934.6500244140625,934.6500244140625,4037987,0.0,0.0
2026-01-19 00:00:00+05:30,938.5,946.7999877929688,928.4500122070312,939.9500122070312,939.9500122070312,4007683,0.0,0.0
2026-01-20 00:00:00+05:30,944.5,949.8499755859375,925.7000122070312,928.0999755859375,928.0999755859375,5709976,0.0,0.0
2026-01-21 00:00:00+05:30,928.75,944.1500244140625,926.4000244140625,939.2000122070312,939.2000122070312,5590031,0.0,0.0
2026-01-22 00:00:00+05:30,945.0,951.4000244140625,934.1500244140625,944.4500122070312,944.4500122070312,6165965,0.0,0.0
2026-01-23 00:00:00+05:30,955.0,963.9000244140625,948.5,950.2999877929688,950.2999877929688,5958887,0.0,0.0
