Date,Open,High,Low,Close,Adj Close,Volume,Dividends,Stock Splits
1996-01-01 00:00:00+05:30,0.7949209809303284,0.7966790199279785,0.7910150289535522,0.7966790199279785,0.47852566838264465,204800,0.0,0.0
1996-01-02 00:00:00+05:30,0.7949209809303284,0.7988280057907104,0.7934569716453552,0.7934569716453552,0.4765903353691101,204800,0.0,0.0
1996-01-03 00:00:00+05:30,0.7988280057907104,0.7988280057907104,0.7988280057907104,0.7988280057907104,0.4798164367675781,102400,0.0,0.0
1996-01-04 00:00:00+05:30,0.7910150289535522,0.7949209809303284,0.7910150289535522,0.7935540080070496,0.47664886713027954,307200,0.0,0.0
1996-01-05 00:00:00+05:30,0.7841789722442627,0.7841789722442627,0.7841789722442627,0.7841789722442627,0.4710176885128021,51200,0.0,0.0
1996-01-08 00:00:00+05:30,0.7841789722442627,0.7910150289535522,0.7851560115814209,0.7890620231628418,0.4739505350589752,358400,0.0,0.0
1996-01-09 00:00:00+05:30,0.7890620231628418,0.78125,0.7714840173721313,0.7802730202674866,0.4686715602874756,870400,0.0,0.0
1996-01-10 00:00:00+05:30,0.7802730202674866,0.7753900289535522,0.7714840173721313,0.7734370231628418,0.4645653963088989,358400,0.0,0.0
1996-01-11 00:00:00+05:30,0.7792959809303284,0.7910150289535522,0.7734370231628418,0.7910150289535522,0.47512367367744446,819200,0.0,0.0
1996-01-12 00:00:00+05:30,0.7871090173721313,0.7871090173721313,0.78125,0.7866209745407104,0.47248443961143494,358400,0.0,0.0
1996-01-15 00:00:00+05:30,0.7763670086860657,0.7851560115814209,0.7763670086860657,0.7778319716453552,0.46720513701438904,307200,0.0,0.0
1996-01-16 00:00:00+05:30,0.7778319716453552,0.78125,0.7128900289535522,0.78125,0.46925824880599976,358400,0.0,0.0
1996-01-17 00:00:00+05:30,0.78125,0.7832030057907104,0.7714840173721313,0.7738280296325684,0.4648003578186035,768000,0.0,0.0
1996-01-18 00:00:00+05:30,0.7738280296325684,0.7763670086860657,0.7695310115814209,0.7763670086860657,0.4663253128528595,204800,0.0,0.0
1996-01-19 00:00:00+05:30,0.7714840173721313,0.7714840173721313,0.7680659890174866,0.7685539722442627,0.4616323709487915,512000,0.0,0.0
1996-01-22 00:00:00+05:30,0.7714840173721313,0.7763670086860657,0.7714840173721313,0.7763670086860657,0.4663253128528595,204800,0.0,0.0
1996-01-23 00:00:00+05:30,0.7675780057907104,0.78125,0.7675780057907104,0.7739250063896179,0.46485862135887146,665600,0.0,0.0
1996-01-24 00:00:00+05:30,0.7739250063896179,0.7705069780349731,0.7529289722442627,0.7705069780349731,0.4628053903579712,409600,0.0,0.0
1996-01-25 00:00:00+05:30,0.7709959745407104,0.7709959745407104,0.7675780057907104,0.7675780057907104,0.4610462784767151,102400,0.0,0.0
1996-01-26 00:00:00+05:30,0.7675780057907104,0.7675780057907104,0.7675780057907104,0.7675780057907104,0.4610462784767151,0,0.0,0.0
1996-01-29 00:00:00+05:30,0.765625,0.765625,0.7631829977035522,0.7631829977035522,0.4584062397480011,102400,0.0,0.0
1996-01-30 00:00:00+05:30,0.7631829977035522,0.7753900289535522,0.7714840173721313,0.7724599838256836,0.4639785885810852,1433600,0.0,0.0
1996-01-31 00:00:00+05:30,0.7724599838256836,0.78125,0.7675780057907104,0.78125,0.46925824880599976,460800,0.0,0.0
1996-02-01 00:00:00+05:30,0.78125,0.8105459809303284,0.78125,0.8105459809303284,0.4868549108505249,819200,0.0,0.0
1996-02-02 00:00:00+05:30,0.8105459809303284,0.8398429751396179,0.8105459809303284,0.8397459983825684,0.504393994808197,2355200,0.0,0.0
1996-02-05 00:00:00+05:30,0.8397459983825684,0.8417959809303284,0.8204100131988525,0.8398429751396179,0.5044522881507874,819200,0.0,0.0
1996-02-06 00:00:00+05:30,0.8398429751396179,0.8837890028953552,0.8398429751396179,0.859375,0.5161842107772827,1382400,0.0,0.0
1996-02-07 00:00:00+05:30,0.859375,0.84375,0.8339840173721313,0.8365229964256287,0.5024580359458923,972800,0.0,0.0
1996-02-08 00:00:00+05:30,0.8496090173721313,0.8886709809303284,0.8496090173721313,0.8886709809303284,0.5337807536125183,768000,0.0,0.0
1996-02-09 00:00:00+05:30,0.8886709809303284,0.9277340173721313,0.8300780057907104,0.9225580096244812,0.5541349053382874,1382400,0.0,0.0
1996-02-12 00:00:00+05:30,0.9225580096244812,0.9355459809303284,0.9082030057907104,0.9121090173721313,0.5478587746620178,819200,0.0,0.0
1996-02-13 00:00:00+05:30,0.9375,0.9570310115814209,0.9375,0.9570310115814209,0.5748412609100342,2048000,0.0,0.0
1996-02-14 00:00:00+05:30,0.9570310115814209,1.0009759664535522,0.9511709809303284,0.9931640028953552,0.5965445637702942,972800,0.0,0.0
1996-02-15 00:00:00+05:30,0.9931640028953552,1.0058590173721313,0.9570310115814209,1.002539038658142,0.6021757125854492,2201600,0.0,0.0
1996-02-16 00:00:00+05:30,1.002539038658142,1.015625,0.9653319716453552,1.0053709745407104,0.6038767695426941,2764800,0.0,0.0
1996-02-19 00:00:00+05:30,1.0053709745407104,0.9863280057907104,0.9824209809303284,0.9845700263977051,0.5913825631141663,1024000,0.0,0.0
1996-02-20 00:00:00+05:30,0.9845700263977051,0.9814450144767761,0.96875,0.9689450263977051,0.5819973349571228,614400,0.0,0.0
1996-02-21 00:00:00+05:30,0.9689450263977051,0.9689450263977051,0.9689450263977051,0.9689450263977051,0.5819973349571228,0,0.0,0.0
1996-02-22 00:00:00+05:30,0.9689450263977051,0.9726560115814209,0.9612299799919128,0.9614250063896179,0.5774805545806885,307200,0.0,0.0
1996-02-23 00:00:00+05:30,0.9614250063896179,0.9707030057907104,0.9609370231628418,0.9707030057907104,0.583053469657898,153600,0.0,0.0
1996-02-26 00:00:00+05:30,0.9707030057907104,0.9765620231628418,0.9663079977035522,0.9765620231628418,0.5865726470947266,204800,0.0,0.0
1996-02-27 00:00:00+05:30,0.9765620231628418,0.9521480202674866,0.9277340173721313,0.9277340173721313,0.5572441220283508,153600,0.0,0.0
1996-02-28 00:00:00+05:30,0.9277340173721313,0.9296870231628418,0.9296870231628418,0.9296870231628418,0.5584171414375305,51200,0.0,0.0
1996-02-29 00:00:00+05:30,0.9296870231628418,0.9179679751396179,0.9140620231628418,0.9160150289535522,0.5502049922943115,460800,0.0,0.0
1996-03-01 00:00:00+05:30,0.9160150289535522,0.9277340173721313,0.8984370231628418,0.922851026058197,0.5543110966682434,512000,0.0,0.0
1996-03-04 00:00:00+05:30,0.9277340173721313,0.9375,0.9277340173721313,0.9375,0.5631099343299866,153600,0.0,0.0
1996-03-05 00:00:00+05:30,0.9375,0.9375,0.9375,0.9375,0.5631099343299866,0,0.0,0.0
1996-03-06 00:00:00+05:30,0.9529290199279785,0.9529290199279785,0.9111319780349731,0.9111319780349731,0.5472720861434937,204800,0.0,0.0
1996-03-07 00:00:00+05:30,0.9111319780349731,0.9375,0.9178709983825684,0.9375,0.5631099343299866,307200,0.0,0.0
1996-03-08 00:00:00+05:30,0.9375,0.9452139735221863,0.9296870231628418,0.9452139735221863,0.5677433609962463,256000,0.0,0.0
1996-03-11 00:00:00+05:30,0.9452139735221863,0.9375,0.931738018989563,0.9355459809303284,0.5619362592697144,153600,0.0,0.0
1996-03-12 00:00:00+05:30,0.9355459809303284,0.9375,0.9179679751396179,0.9375,0.5631099343299866,409600,0.0,0.0
1996-03-13 00:00:00+05:30,0.9375,0.9281250238418579,0.9150390028953552,0.9150390028953552,0.549618661403656,870400,0.0,0.0
1996-03-14 00:00:00+05:30,0.9150390028953552,0.9375,0.9370110034942627,0.9375,0.5631099343299866,307200,0.0,0.0
1996-03-15 00:00:00+05:30,0.9375,0.9336910247802734,0.9335929751396179,0.9335929751396179,0.5607632994651794,153600,0.0,0.0
1996-03-18 00:00:00+05:30,0.9335929751396179,0.9375,0.9335929751396179,0.9349600076675415,0.5615843534469604,1228800,0.0,0.0
1996-03-19 00:00:00+05:30,0.9349600076675415,0.9375,0.9277340173721313,0.9375,0.5631099343299866,256000,0.0,0.0
1996-03-20 00:00:00+05:30,0.9375,0.9375,0.9375,0.9375,0.5631099343299866,0,0.0,0.0
1996-03-21 00:00:00+05:30,0.9375,0.9447259902954102,0.9345700144767761,0.9345700144767761,0.5613500475883484,256000,0.0,0.0
1996-03-22 00:00:00+05:30,0.9345700144767761,0.9511709809303284,0.9415029883384705,0.9466789960861206,0.5686232447624207,768000,0.0,0.0
1996-03-25 00:00:00+05:30,0.9466789960861206,0.9373040199279785,0.9208980202674866,0.9355459809303284,0.5619362592697144,409600,0.0,0.0
1996-03-26 00:00:00+05:30,0.9355459809303284,0.9335929751396179,0.9230459928512573,0.9230459928512573,0.5544279217720032,204800,0.0,0.0
1996-03-27 00:00:00+05:30,0.9230459928512573,0.9375,0.9296870231628418,0.9296870231628418,0.5584171414375305,716800,0.0,0.0
1996-03-28 00:00:00+05:30,0.9296870231628418,0.9493160247802734,0.9472650289535522,0.9493160247802734,0.5702072381973267,307200,0.0,0.0
1996-03-29 00:00:00+05:30,0.9493160247802734,0.9842770099639893,0.9570310115814209,0.9823240041732788,0.5900335311889648,716800,0.0,0.0
1996-04-01 00:00:00+05:30,0.9823240041732788,0.9823240041732788,0.9823240041732788,0.9823240041732788,0.5900335311889648,0,0.0,0.0
1996-04-02 00:00:00+05:30,0.9823240041732788,0.9863280057907104,0.9746090173721313,0.9863280057907104,0.5924385190010071,614400,0.0,0.0
1996-04-03 00:00:00+05:30,0.9863280057907104,0.9902340173721313,0.9785150289535522,0.9785150289535522,0.587745726108551,512000,0.0,0.0
1996-04-04 00:00:00+05:30,0.9785150289535522,0.9765620231628418,0.9765620231628418,0.9765620231628418,0.5865726470947266,51200,0.0,0.0
1996-04-05 00:00:00+05:30,0.9765620231628418,0.9765620231628418,0.9765620231628418,0.9765620231628418,0.5865726470947266,0,0.0,0.0
1996-04-08 00:00:00+05:30,0.9765620231628418,0.9822260141372681,0.9765620231628418,0.9822260141372681,0.5899746417999268,256000,0.0,0.0
1996-04-09 00:00:00+05:30,0.9822260141372681,1.035156011581421,0.9882810115814209,1.0322259664535522,0.6200070381164551,2099200,0.0,0.0
1996-04-10 00:00:00+05:30,1.0322259664535522,1.1367180347442627,1.084082007408142,1.088866949081421,0.654028594493866,4505600,0.0,0.0
1996-04-11 00:00:00+05:30,1.088866949081421,1.0859370231628418,1.0644530057907104,1.0761710405349731,0.646402895450592,1536000,0.0,0.0
1996-04-12 00:00:00+05:30,1.0761710405349731,1.09375,1.0704100131988525,1.0925780534744263,0.6562577486038208,1587200,0.0,0.0
1996-04-15 00:00:00+05:30,1.0925780534744263,1.171875,1.09375,1.160156011581421,0.696848452091217,3174400,0.0,0.0
1996-04-16 00:00:00+05:30,1.160156011581421,1.2207030057907104,1.1523430347442627,1.2066400051116943,0.7247692346572876,2918400,0.0,0.0
1996-04-17 00:00:00+05:30,1.2066400051116943,1.2792960405349731,1.2109370231628418,1.265820026397705,0.7603153586387634,4249600,0.0,0.0
1996-04-18 00:00:00+05:30,1.265820026397705,1.3181639909744263,1.2314449548721313,1.251757025718689,0.751868724822998,3532800,0.0,0.0
1996-04-19 00:00:00+05:30,1.251757025718689,1.2714840173721313,1.2353509664535522,1.2421870231628418,0.7461205124855042,1587200,0.0,0.0
1996-04-22 00:00:00+05:30,1.2421870231628418,1.2402340173721313,1.2109370231628418,1.2128900289535522,0.7285231947898865,1689600,0.0,0.0
1996-04-23 00:00:00+05:30,1.2128900289535522,1.2207030057907104,1.2011710405349731,1.2179679870605469,0.7315730452537537,3276800,0.0,0.0
1996-04-24 00:00:00+05:30,1.2179679870605469,1.269531011581421,1.2324210405349731,1.2422850131988525,0.7461794018745422,1280000,0.0,0.0
1996-04-25 00:00:00+05:30,1.2422850131988525,1.2568349838256836,1.240332007408142,1.2404290437698364,0.7450641393661499,1484800,0.0,0.0
1996-04-26 00:00:00+05:30,1.2404290437698364,1.2578120231628418,1.2232420444488525,1.2374019622802734,0.7432461977005005,1382400,0.0,0.0
1996-04-29 00:00:00+05:30,1.2374019622802734,1.234375,1.2244139909744263,1.2285150289535522,0.7379083037376404,460800,0.0,0.0
1996-04-30 00:00:00+05:30,1.2285150289535522,1.2397459745407104,1.2236319780349731,1.2314449548721313,0.7438071966171265,1075200,0.006836,0.0
1996-05-01 00:00:00+05:30,1.2314449548721313,1.2363280057907104,1.2285150289535522,1.2314449548721313,0.7438071966171265,358400,0.0,0.0
1996-05-02 00:00:00+05:30,1.2314449548721313,1.2890620231628418,1.238281011581421,1.253906011581421,0.7573738098144531,1280000,0.0,0.0
1996-05-03 00:00:00+05:30,1.253906011581421,1.265625,1.2402340173721313,1.2543940544128418,0.757668673992157,1638400,0.0,0.0
1996-05-06 00:00:00+05:30,1.2543940544128418,1.2670890092849731,1.245116949081421,1.2625000476837158,0.7625645399093628,2150400,0.0,0.0
1996-05-07 00:00:00+05:30,1.2625000476837158,1.269531011581421,1.250488042831421,1.269531011581421,0.7668112516403198,1536000,0.0,0.0
1996-05-08 00:00:00+05:30,1.269531011581421,1.296875,1.2597650289535522,1.2865229845046997,0.7770749926567078,1638400,0.0,0.0
1996-05-09 00:00:00+05:30,1.2865229845046997,1.3759759664535522,1.2637690305709839,1.3209960460662842,0.7978971004486084,4864000,0.0,0.0
1996-05-10 00:00:00+05:30,1.3209960460662842,1.354491949081421,1.2792960405349731,1.3432610034942627,0.8113452196121216,3328000,0.0,0.0
1996-05-13 00:00:00+05:30,1.3432610034942627,1.364549994468689,1.3302730321884155,1.342479944229126,0.8108733892440796,1587200,0.0,0.0
1996-05-14 00:00:00+05:30,1.342479944229126,1.3474600315093994,1.316406011581421,1.335839033126831,0.8068622946739197,1536000,0.0,0.0
1996-05-15 00:00:00+05:30,1.335839033126831,1.3451169729232788,1.3046870231628418,1.3181639909744263,0.7961860299110413,1894400,0.0,0.0
1996-05-16 00:00:00+05:30,1.3181639909744263,1.3535150289535522,1.3300780057907104,1.3316400051116943,0.8043262958526611,972800,0.0,0.0
1996-05-17 00:00:00+05:30,1.3316400051116943,1.348436951637268,1.2949210405349731,1.311229944229126,0.7919980883598328,1177600,0.0,0.0
1996-05-20 00:00:00+05:30,1.311229944229126,1.3085930347442627,1.291991949081421,1.2932610511779785,0.7811447381973267,870400,0.0,0.0
1996-05-21 00:00:00+05:30,1.2932610511779785,1.3125,1.2861319780349731,1.3012690544128418,0.7859815359115601,2355200,0.0,0.0
1996-05-22 00:00:00+05:30,1.3012690544128418,1.3085930347442627,1.2978509664535522,1.2978509664535522,0.7839169502258301,1024000,0.0,0.0
1996-05-23 00:00:00+05:30,1.2978509664535522,1.29345703125,1.2803709506988525,1.288769006729126,0.7784315347671509,460800,0.0,0.0
1996-05-24 00:00:00+05:30,1.288769006729126,1.2929680347442627,1.2714840173721313,1.2910150289535522,0.7797878980636597,819200,0.0,0.0
1996-05-27 00:00:00+05:30,1.2910150289535522,1.2792960405349731,1.266113042831421,1.266113042831421,0.7647468447685242,614400,0.0,0.0
1996-05-28 00:00:00+05:30,1.266113042831421,1.2792960405349731,1.25,1.2773430347442627,0.771530032157898,921600,0.0,0.0
1996-05-29 00:00:00+05:30,1.2773430347442627,1.2944329977035522,1.281738042831421,1.2944329977035522,0.781852662563324,512000,0.0,0.0
1996-05-30 00:00:00+05:30,1.2944329977035522,1.2792960405349731,1.2602529525756836,1.2699209451675415,0.767047107219696,563200,0.0,0.0
1996-05-31 00:00:00+05:30,1.2699209451675415,1.269531011581421,1.2617180347442627,1.2636710405349731,0.7632721066474915,409600,0.0,0.0
1996-06-03 00:00:00+05:30,1.2636710405349731,1.3027340173721313,1.2861319780349731,1.3016599416732788,0.7862178087234497,819200,0.0,0.0
1996-06-04 00:00:00+05:30,1.3016599416732788,1.3099600076675415,1.2988280057907104,1.3099600076675415,0.791231095790863,460800,0.0,0.0
1996-06-05 00:00:00+05:30,1.3115229606628418,1.316406011581421,1.3046870231628418,1.3056639432907104,0.7886360883712769,460800,0.0,0.0
1996-06-06 00:00:00+05:30,1.3183590173721313,1.332031011581421,1.3183590173721313,1.332031011581421,0.8045624494552612,512000,0.0,0.0
1996-06-07 00:00:00+05:30,1.3315420150756836,1.3515620231628418,1.328320026397705,1.3511710166931152,0.8161229491233826,1331200,0.0,0.0
1996-06-10 00:00:00+05:30,1.3924800157546997,1.3924800157546997,1.3710930347442627,1.3750970363616943,0.8305745124816895,819200,0.0,0.0
1996-06-11 00:00:00+05:30,1.3671870231628418,1.3808590173721313,1.359570026397705,1.3785150051116943,0.8326388001441956,1382400,0.0,0.0
1996-06-12 00:00:00+05:30,1.3867180347442627,1.4042960405349731,1.3828120231628418,1.3869140148162842,0.8377120494842529,1638400,0.0,0.0
1996-06-13 00:00:00+05:30,1.3769530057907104,1.3865230083465576,1.3671870231628418,1.3807610273361206,0.8339954614639282,460800,0.0,0.0
1996-06-14 00:00:00+05:30,1.3846670389175415,1.3886710405349731,1.378906011581421,1.3867180347442627,0.8375937342643738,819200,0.0,0.0
1996-06-17 00:00:00+05:30,1.40625,1.4082030057907104,1.3867180347442627,1.3867180347442627,0.8375937342643738,1126400,0.0,0.0
1996-06-18 00:00:00+05:30,1.3720699548721313,1.40625,1.3671870231628418,1.3817379474639893,0.8345857858657837,1331200,0.0,0.0
1996-06-19 00:00:00+05:30,1.3867180347442627,1.3867180347442627,1.3867180347442627,1.3867180347442627,0.8375937342643738,102400,0.0,0.0
1996-06-20 00:00:00+05:30,1.3671870231628418,1.3867180347442627,1.3671870231628418,1.3769530057907104,0.8316956162452698,307200,0.0,0.0
1996-06-21 00:00:00+05:30,1.378906011581421,1.3867180347442627,1.3769530057907104,1.3769530057907104,0.8316956162452698,1177600,0.0,0.0
1996-06-24 00:00:00+05:30,1.3671870231628418,1.3671870231628418,1.3574210405349731,1.3621089458465576,0.8227296471595764,768000,0.0,0.0
1996-06-25 00:00:00+05:30,1.3556640148162842,1.3613280057907104,1.3537100553512573,1.3603509664535522,0.8216676712036133,716800,0.0,0.0
1996-06-26 00:00:00+05:30,1.367089033126831,1.3886710405349731,1.3574210405349731,1.385741949081421,0.8370041251182556,14745600,0.0,0.0
1996-06-27 00:00:00+05:30,1.3652340173721313,1.3867180347442627,1.3642569780349731,1.3851560354232788,0.8366502523422241,819200,0.0,0.0
1996-06-28 00:00:00+05:30,1.3847650289535522,1.3847650289535522,1.3741209506988525,1.3808590173721313,0.8340549468994141,460800,0.0,0.0
1996-07-01 00:00:00+05:30,1.3867180347442627,1.390625,1.3784170150756836,1.3828120231628418,0.8352344632148743,563200,0.0,0.0
1996-07-02 00:00:00+05:30,1.3769530057907104,1.3867180347442627,1.3769530057907104,1.3802729845046997,0.8337010145187378,972800,0.0,0.0
1996-07-03 00:00:00+05:30,1.3691400289535522,1.3865230083465576,1.3623039722442627,1.372655987739563,0.8290998935699463,1689600,0.0,0.0
1996-07-04 00:00:00+05:30,1.3652340173721313,1.3769530057907104,1.3491209745407104,1.3671870231628418,0.8257970809936523,768000,0.0,0.0
1996-07-05 00:00:00+05:30,1.3671870231628418,1.3671870231628418,1.363281011581421,1.363281011581421,0.8234375715255737,256000,0.0,0.0
1996-07-08 00:00:00+05:30,1.363281011581421,1.3671870231628418,1.3549799919128418,1.3549799919128418,0.8184235095977783,307200,0.0,0.0
1996-07-09 00:00:00+05:30,1.3652340173721313,1.3652340173721313,1.347656011581421,1.3574210405349731,0.8198980689048767,512000,0.0,0.0
1996-07-10 00:00:00+05:30,1.363281011581421,1.3867180347442627,1.363281011581421,1.3867180347442627,0.8375937342643738,409600,0.0,0.0
1996-07-11 00:00:00+05:30,1.3867180347442627,1.3969719409942627,1.378906011581421,1.3792959451675415,0.8331108689308167,614400,0.0,0.0
1996-07-12 00:00:00+05:30,1.3865230083465576,1.3925780057907104,1.3791990280151367,1.3845700025558472,0.8362966179847717,614400,0.0,0.0
1996-07-15 00:00:00+05:30,1.3818349838256836,1.3818349838256836,1.3730460405349731,1.3730460405349731,0.8293356895446777,307200,0.0,0.0
1996-07-16 00:00:00+05:30,1.359570026397705,1.359570026397705,1.3378900289535522,1.3509759902954102,0.816005289554596,614400,0.0,0.0
1996-07-17 00:00:00+05:30,1.3509759902954102,1.3509759902954102,1.3509759902954102,1.3509759902954102,0.816005289554596,0,0.0,0.0
1996-07-18 00:00:00+05:30,1.3574210405349731,1.3579100370407104,1.347656011581421,1.3579100370407104,0.8201934099197388,563200,0.0,0.0
1996-07-19 00:00:00+05:30,1.3671870231628418,1.3671870231628418,1.3505849838256836,1.3637690544128418,0.8237323760986328,665600,0.0,0.0
1996-07-22 00:00:00+05:30,1.3769530057907104,1.3769530057907104,1.3671870231628418,1.3671870231628418,0.8257970809936523,256000,0.0,0.0
1996-07-23 00:00:00+05:30,1.3671870231628418,1.3671870231628418,1.3496090173721313,1.3553709983825684,0.8186600208282471,716800,0.0,0.0
1996-07-24 00:00:00+05:30,1.3378900289535522,1.3378900289535522,1.285156011581421,1.3378900289535522,0.8081010580062866,1177600,0.0,0.0
1996-07-25 00:00:00+05:30,1.3359370231628418,1.3671870231628418,1.332031011581421,1.3576170206069946,0.8200165629386902,1331200,0.0,0.0
1996-07-26 00:00:00+05:30,1.3630850315093994,1.363281011581421,1.332031011581421,1.3398430347442627,0.8092807531356812,921600,0.0,0.0
1996-07-29 00:00:00+05:30,1.3457030057907104,1.347656011581421,1.3310539722442627,1.3310539722442627,0.8039715886116028,358400,0.0,0.0
1996-07-30 00:00:00+05:30,1.328125,1.328125,1.2421870231628418,1.2490229606628418,0.754424512386322,1126400,0.0,0.0
1996-07-31 00:00:00+05:30,1.2540030479431152,1.2890620231628418,1.2540030479431152,1.2890620231628418,0.7786083817481995,870400,0.0,0.0
1996-08-01 00:00:00+05:30,1.3085930347442627,1.3671870231628418,1.3085930347442627,1.367089033126831,0.8257379531860352,1331200,0.0,0.0
1996-08-02 00:00:00+05:30,1.375,1.375,1.347656011581421,1.347656011581421,0.8140001893043518,256000,0.0,0.0
1996-08-05 00:00:00+05:30,1.347656011581421,1.347656011581421,1.3359370231628418,1.3377920389175415,0.808042049407959,409600,0.0,0.0
1996-08-06 00:00:00+05:30,1.328125,1.3554680347442627,1.328125,1.3435540199279785,0.8115223050117493,870400,0.0,0.0
1996-08-07 00:00:00+05:30,1.3183590173721313,1.328125,1.3183590173721313,1.3241209983825684,0.7997843027114868,204800,0.0,0.0
1996-08-08 00:00:00+05:30,1.3376950025558472,1.347656011581421,1.3369139432907104,1.3457030057907104,0.8128204345703125,307200,0.0,0.0
1996-08-09 00:00:00+05:30,1.3378900289535522,1.3378900289535522,1.328125,1.3304680585861206,0.8036182522773743,614400,0.0,0.0
1996-08-12 00:00:00+05:30,1.322363018989563,1.328125,1.3105460405349731,1.3119139671325684,0.7924116253852844,614400,0.0,0.0
1996-08-13 00:00:00+05:30,1.3027340173721313,1.3085930347442627,1.3017569780349731,1.3017569780349731,0.7862762808799744,204800,0.0,0.0
1996-08-14 00:00:00+05:30,1.3085930347442627,1.3105460405349731,1.3085930347442627,1.3105460405349731,0.7915847301483154,153600,0.0,0.0
1996-08-15 00:00:00+05:30,1.3105460405349731,1.3105460405349731,1.3105460405349731,1.3105460405349731,0.7915847301483154,0,0.0,0.0
1996-08-16 00:00:00+05:30,1.2794920206069946,1.2794920206069946,1.234375,1.265625,0.7644522190093994,512000,0.0,0.0
1996-08-19 00:00:00+05:30,1.2441400289535522,1.2636710405349731,1.2421870231628418,1.2431639432907104,0.7508853673934937,614400,0.0,0.0
1996-08-20 00:00:00+05:30,1.2421870231628418,1.25,1.2421870231628418,1.2421870231628418,0.7502956390380859,665600,0.0,0.0
1996-08-21 00:00:00+05:30,1.2421870231628418,1.2597650289535522,1.242089033126831,1.2571280002593994,0.7593199610710144,1280000,0.0,0.0
1996-08-22 00:00:00+05:30,1.2675780057907104,1.269531011581421,1.2578120231628418,1.2578120231628418,0.7597332000732422,512000,0.0,0.0
1996-08-23 00:00:00+05:30,1.276366949081421,1.2849600315093994,1.2734370231628418,1.2841789722442627,0.7756590843200684,921600,0.0,0.0
1996-08-26 00:00:00+05:30,1.3085930347442627,1.3085930347442627,1.2753900289535522,1.2794920206069946,0.772828221321106,563200,0.0,0.0
1996-08-27 00:00:00+05:30,1.2617180347442627,1.2890620231628418,1.2617180347442627,1.2839839458465576,0.7755411863327026,1382400,0.0,0.0
1996-08-28 00:00:00+05:30,1.2890620231628418,1.3046870231628418,1.2792960405349731,1.2792960405349731,0.7727097868919373,819200,0.0,0.0
1996-08-29 00:00:00+05:30,1.2890620231628418,1.3125,1.2890620231628418,1.297070026397705,0.7834455966949463,460800,0.0,0.0
1996-08-30 00:00:00+05:30,1.3183590173721313,1.3183590173721313,1.3085930347442627,1.3085930347442627,0.7904053926467896,153600,0.0,0.0
1996-09-02 00:00:00+05:30,1.3301750421524048,1.3301750421524048,1.307616949081421,1.3081049919128418,0.7901104688644409,716800,0.0,0.0
1996-09-03 00:00:00+05:30,1.3046870231628418,1.3047850131988525,1.2951170206069946,1.2951170206069946,0.782265841960907,870400,0.0,0.0
1996-09-04 00:00:00+05:30,1.3027340173721313,1.309277057647705,1.3027340173721313,1.309277057647705,0.7908187508583069,307200,0.0,0.0
1996-09-05 00:00:00+05:30,1.316406011581421,1.316406011581421,1.3105460405349731,1.316406011581421,0.7951245903968811,358400,0.0,0.0
1996-09-06 00:00:00+05:30,1.3125,1.3671870231628418,1.3085930347442627,1.347656011581421,0.8140001893043518,4864000,0.0,0.0
1996-09-09 00:00:00+05:30,1.332031011581421,1.3378900289535522,1.3125,1.3125,0.7927652597427368,3993600,0.0,0.0
1996-09-10 00:00:00+05:30,1.300781011581421,1.3085930347442627,1.300781011581421,1.3060539960861206,0.7888716459274292,153600,0.0,0.0
1996-09-11 00:00:00+05:30,1.2910150289535522,1.300781011581421,1.2910150289535522,1.2949210405349731,0.7821473479270935,153600,0.0,0.0
1996-09-12 00:00:00+05:30,1.2964839935302734,1.2966790199279785,1.2964839935302734,1.2966790199279785,0.7832092642784119,153600,0.0,0.0
1996-09-13 00:00:00+05:30,1.2822259664535522,1.2949210405349731,1.2822259664535522,1.2892570495605469,0.7787261605262756,256000,0.0,0.0
1996-09-16 00:00:00+05:30,1.285156011581421,1.2890620231628418,1.285156011581421,1.2890620231628418,0.7786083817481995,256000,0.0,0.0
1996-09-17 00:00:00+05:30,1.3083980083465576,1.3083980083465576,1.2792960405349731,1.288769006729126,0.7784315347671509,409600,0.0,0.0
1996-09-18 00:00:00+05:30,1.296875,1.3085930347442627,1.296875,1.296875,0.7833275198936462,256000,0.0,0.0
1996-09-19 00:00:00+05:30,1.296875,1.3085930347442627,1.296875,1.3085930347442627,0.7904053926467896,256000,0.0,0.0
1996-09-20 00:00:00+05:30,1.3085930347442627,1.3125,1.3085930347442627,1.30908203125,0.7907007932662964,1024000,0.0,0.0
1996-09-23 00:00:00+05:30,1.2890620231628418,1.328125,1.2890620231628418,1.3193349838256836,0.796893835067749,3020800,0.0,0.0
1996-09-24 00:00:00+05:30,1.2990230321884155,1.3104490041732788,1.2988280057907104,1.3085930347442627,0.7904053926467896,307200,0.0,0.0
1996-09-25 00:00:00+05:30,1.3085930347442627,1.3162100315093994,1.3085930347442627,1.3127919435501099,0.7929413914680481,307200,0.0,0.0
1996-09-26 00:00:00+05:30,1.3046870231628418,1.3046870231628418,1.2990230321884155,1.2990230321884155,0.7846248149871826,102400,0.0,0.0
1996-09-27 00:00:00+05:30,1.2792960405349731,1.296875,1.2792960405349731,1.296875,0.7833275198936462,563200,0.0,0.0
1996-09-30 00:00:00+05:30,1.285156011581421,1.2939449548721313,1.2792960405349731,1.2880849838256836,0.7780183553695679,2560000,0.0,0.0
1996-10-01 00:00:00+05:30,1.2792960405349731,1.28125,1.2597650289535522,1.2597650289535522,0.7609125971794128,1075200,0.0,0.0
1996-10-02 00:00:00+05:30,1.2597650289535522,1.2597650289535522,1.2597650289535522,1.2597650289535522,0.7609125971794128,0,0.0,0.0
1996-10-03 00:00:00+05:30,1.2402340173721313,1.2690420150756836,1.2373039722442627,1.2690420150756836,0.7665164470672607,1740800,0.0,0.0
1996-10-04 00:00:00+05:30,1.2421870231628418,1.2596670389175415,1.2412099838256836,1.2548819780349731,0.757963240146637,2150400,0.0,0.0
1996-10-07 00:00:00+05:30,1.2490229606628418,1.2490229606628418,1.2167960405349731,1.224707007408142,0.7397372126579285,1382400,0.0,0.0
1996-10-08 00:00:00+05:30,1.2128900289535522,1.2421870231628418,1.2094719409942627,1.234375,0.7455769181251526,1587200,0.0,0.0
1996-10-09 00:00:00+05:30,1.2265620231628418,1.269531011581421,1.2265620231628418,1.2679680585861206,0.7658672332763672,1484800,0.0,0.0
1996-10-10 00:00:00+05:30,1.3378900289535522,1.3554680347442627,1.3085930347442627,1.3288079500198364,0.8026155233383179,2611200,0.0,0.0
1996-10-11 00:00:00+05:30,1.347656011581421,1.347656011581421,1.328613042831421,1.3360350131988525,0.8069808483123779,3225600,0.0,0.0
1996-10-14 00:00:00+05:30,1.328125,1.328125,1.3085930347442627,1.3105460405349731,0.7915847301483154,460800,0.0,0.0
1996-10-15 00:00:00+05:30,1.3138669729232788,1.3173819780349731,1.2832030057907104,1.2926750183105469,0.7807906866073608,1843200,0.0,0.0
1996-10-16 00:00:00+05:30,1.3046870231628418,1.3085930347442627,1.2988280057907104,1.3059569597244263,0.7888131141662598,716800,0.0,0.0
1996-10-17 00:00:00+05:30,1.3085930347442627,1.3085930347442627,1.2988280057907104,1.304589033126831,0.7879871129989624,768000,0.0,0.0
1996-10-18 00:00:00+05:30,1.3085930347442627,1.3085930347442627,1.3037099838256836,1.3051749467849731,0.7883407473564148,256000,0.0,0.0
1996-10-21 00:00:00+05:30,1.3051749467849731,1.3051749467849731,1.3051749467849731,1.3051749467849731,0.7883407473564148,0,0.0,0.0
1996-10-22 00:00:00+05:30,1.3435540199279785,1.3574210405349731,1.3427729606628418,1.3496090173721313,0.8151794672012329,1280000,0.0,0.0
1996-10-23 00:00:00+05:30,1.3769530057907104,1.3867180347442627,1.3574210405349731,1.3652340173721313,0.8246172070503235,819200,0.0,0.0
1996-10-24 00:00:00+05:30,1.40625,1.40625,1.3479490280151367,1.3483389616012573,0.8144124150276184,409600,0.0,0.0
1996-10-25 00:00:00+05:30,1.328125,1.3457030057907104,1.328125,1.3456050157546997,0.8127610087394714,307200,0.0,0.0
1996-10-28 00:00:00+05:30,1.347656011581421,1.347656011581421,1.3282220363616943,1.3423819541931152,0.812583863735199,665600,0.00293,0.0
1996-10-29 00:00:00+05:30,1.2818349599838257,1.3496090173721313,1.2818349599838257,1.345018982887268,0.814180314540863,921600,0.0,0.0
1996-10-30 00:00:00+05:30,1.345018982887268,1.345018982887268,1.345018982887268,1.345018982887268,0.814180314540863,0,0.0,0.0
1996-10-31 00:00:00+05:30,1.332031011581421,1.3359370231628418,1.300781011581421,1.3279290199279785,0.8038349151611328,460800,0.0,0.0
1996-11-01 00:00:00+05:30,1.3279290199279785,1.3378900289535522,1.3279290199279785,1.3378900289535522,0.8098645210266113,409600,0.0,0.0
1996-11-04 00:00:00+05:30,1.3087890148162842,1.328125,1.3087890148162842,1.328125,0.8039535284042358,153600,0.0,0.0
1996-11-05 00:00:00+05:30,1.3116209506988525,1.332031011581421,1.3116209506988525,1.328125,0.8039535284042358,460800,0.0,0.0
1996-11-06 00:00:00+05:30,1.3181639909744263,1.328125,1.3181639909744263,1.328125,0.8039535284042358,409600,0.0,0.0
1996-11-07 00:00:00+05:30,1.3378900289535522,1.347362995147705,1.3378900289535522,1.347362995147705,0.8155987858772278,460800,0.0,0.0
1996-11-08 00:00:00+05:30,1.3651360273361206,1.3651360273361206,1.3555660247802734,1.3555660247802734,0.8205642104148865,153600,0.0,0.0
1996-11-11 00:00:00+05:30,1.3496090173721313,1.3496090173721313,1.3385740518569946,1.3385740518569946,0.8102787137031555,358400,0.0,0.0
1996-11-12 00:00:00+05:30,1.3385740518569946,1.3385740518569946,1.3385740518569946,1.3385740518569946,0.8102787137031555,0,0.0,0.0
1996-11-13 00:00:00+05:30,1.3438470363616943,1.3574210405349731,1.3438470363616943,1.3574210405349731,0.8216872811317444,358400,0.0,0.0
1996-11-14 00:00:00+05:30,1.3574210405349731,1.3710930347442627,1.3574210405349731,1.3635740280151367,0.8254119157791138,409600,0.0,0.0
1996-11-15 00:00:00+05:30,1.3671870231628418,1.3671870231628418,1.3671870231628418,1.3671870231628418,0.8275991678237915,102400,0.0,0.0
1996-11-18 00:00:00+05:30,1.3652340173721313,1.366698980331421,1.357714056968689,1.3610349893569946,0.8238744139671326,307200,0.0,0.0
1996-11-19 00:00:00+05:30,1.3575190305709839,1.378906011581421,1.3575190305709839,1.3695310354232788,0.8290177583694458,1126400,0.0,0.0
1996-11-20 00:00:00+05:30,1.3633780479431152,1.3710930347442627,1.3633780479431152,1.3710930347442627,0.8299631476402283,153600,0.0,0.0
1996-11-21 00:00:00+05:30,1.3691400289535522,1.3691400289535522,1.3652340173721313,1.3652340173721313,0.8264166116714478,153600,0.0,0.0
1996-11-22 00:00:00+05:30,1.3652340173721313,1.3671870231628418,1.3652340173721313,1.3662099838256836,0.8270072937011719,307200,0.0,0.0
1996-11-25 00:00:00+05:30,1.347656011581421,1.3554680347442627,1.347656011581421,1.3554680347442627,0.8205051422119141,102400,0.0,0.0
1996-11-26 00:00:00+05:30,1.3515620231628418,1.3554680347442627,1.350000023841858,1.350000023841858,0.8171950578689575,256000,0.0,0.0
1996-11-27 00:00:00+05:30,1.3435540199279785,1.3496090173721313,1.3435540199279785,1.3486319780349731,0.8163670897483826,460800,0.0,0.0
1996-11-28 00:00:00+05:30,1.347656011581421,1.3574210405349731,1.347656011581421,1.3549799919128418,0.8202095627784729,512000,0.0,0.0
1996-11-29 00:00:00+05:30,1.3383779525756836,1.3574210405349731,1.3383779525756836,1.3574210405349731,0.8216872811317444,153600,0.0,0.0
1996-12-02 00:00:00+05:30,1.347656011581421,1.3574210405349731,1.341601014137268,1.3567379713058472,0.8212737441062927,921600,0.0,0.0
1996-12-03 00:00:00+05:30,1.3671870231628418,1.3671870231628418,1.3398430347442627,1.3398430347442627,0.8110467195510864,716800,0.0,0.0
1996-12-04 00:00:00+05:30,1.3183590173721313,1.328125,1.3183590173721313,1.3279290199279785,0.8038349151611328,1075200,0.0,0.0
1996-12-05 00:00:00+05:30,1.2890620231628418,1.3242180347442627,1.2890620231628418,1.3240230083465576,0.8014703392982483,1126400,0.0,0.0
1996-12-06 00:00:00+05:30,1.3244140148162842,1.347656011581421,1.3242180347442627,1.347656011581421,0.8157765865325928,716800,0.0,0.0
1996-12-09 00:00:00+05:30,1.347656011581421,1.347656011581421,1.347656011581421,1.347656011581421,0.8157765865325928,153600,0.0,0.0
1996-12-10 00:00:00+05:30,1.332031011581421,1.3451169729232788,1.332031011581421,1.342674970626831,0.8127608895301819,256000,0.0,0.0
1996-12-11 00:00:00+05:30,1.3671870231628418,1.3769530057907104,1.3652340173721313,1.3759759664535522,0.8329190015792847,307200,0.0,0.0
1996-12-12 00:00:00+05:30,1.3710930347442627,1.3769530057907104,1.3710930347442627,1.3769530057907104,0.8335105180740356,768000,0.0,0.0
1996-12-13 00:00:00+05:30,1.3671870231628418,1.3769530057907104,1.3671870231628418,1.3769530057907104,0.8335105180740356,409600,0.0,0.0
1996-12-16 00:00:00+05:30,1.3769530057907104,1.3865230083465576,1.3769530057907104,1.3839839696884155,0.8377665281295776,409600,0.0,0.0
1996-12-17 00:00:00+05:30,1.390625,1.4023430347442627,1.3868160247802734,1.3998039960861206,0.8473427891731262,768000,0.0,0.0
1996-12-18 00:00:00+05:30,1.453125,1.453125,1.425781011581421,1.4355460405349731,0.8689785003662109,512000,0.0,0.0
1996-12-19 00:00:00+05:30,1.4550780057907104,1.4648430347442627,1.437695026397705,1.4648430347442627,0.8867126703262329,665600,0.0,0.0
1996-12-20 00:00:00+05:30,1.472656011581421,1.4902340173721313,1.4648430347442627,1.4902340173721313,0.9020830392837524,1177600,0.0,0.0
1996-12-23 00:00:00+05:30,1.4941400289535522,1.5,1.4863280057907104,1.4941400289535522,0.9044473171234131,1843200,0.0,0.0
1996-12-24 00:00:00+05:30,1.4765620231628418,1.503906011581421,1.4765620231628418,1.484375,0.8985361456871033,1382400,0.0,0.0
1996-12-25 00:00:00+05:30,1.484375,1.484375,1.484375,1.484375,0.8985361456871033,0,0.0,0.0
1996-12-26 00:00:00+05:30,1.5117180347442627,1.5136710405349731,1.5117180347442627,1.5136710405349731,0.9162701964378357,153600,0.0,0.0
1996-12-27 00:00:00+05:30,1.5136710405349731,1.5136710405349731,1.5136710405349731,1.5136710405349731,0.9162701964378357,0,0.0,0.0
1996-12-30 00:00:00+05:30,1.5136710405349731,1.5136710405349731,1.5136710405349731,1.5136710405349731,0.9162701964378357,0,0.0,0.0
1996-12-31 00:00:00+05:30,1.5234370231628418,1.5234370231628418,1.503906011581421,1.503906011581421,0.9103591442108154,972800,0.0,0.0
1997-01-01 00:00:00+05:30,1.5429680347442627,1.582031011581421,1.5429680347442627,1.5431640148162842,0.9341228008270264,665600,0.0,0.0
1997-01-02 00:00:00+05:30,1.5623040199279785,1.5703120231628418,1.5449210405349731,1.5574209690093994,0.9427530765533447,921600,0.0,0.0
1997-01-03 00:00:00+05:30,1.5450190305709839,1.5605460405349731,1.5450190305709839,1.5546870231628418,0.9410982728004456,768000,0.0,0.0
1997-01-06 00:00:00+05:30,1.5800780057907104,1.5800780057907104,1.5625,1.5625,0.945827305316925,921600,0.0,0.0
1997-01-07 00:00:00+05:30,1.5430660247802734,1.5683590173721313,1.5430660247802734,1.5658199787139893,0.9478371143341064,819200,0.0,0.0
1997-01-08 00:00:00+05:30,1.582031011581421,1.582031011581421,1.5625970363616943,1.5656249523162842,0.9477196335792542,870400,0.0,0.0
1997-01-09 00:00:00+05:30,1.5625,1.5810539722442627,1.5625,1.580957055091858,0.9570003747940063,972800,0.0,0.0
1997-01-10 00:00:00+05:30,1.6005849838256836,1.6210930347442627,1.5917960405349731,1.603613018989563,0.9707143306732178,2150400,0.0,0.0
1997-01-13 00:00:00+05:30,1.6208980083465576,1.626757025718689,1.6154290437698364,1.626757025718689,0.9847245216369629,614400,0.0,0.0
1997-01-14 00:00:00+05:30,1.6308590173721313,1.6308590173721313,1.615332007408142,1.628612995147705,0.985847532749176,921600,0.0,0.0
1997-01-15 00:00:00+05:30,1.6767569780349731,1.6992180347442627,1.675781011581421,1.6990230083465576,1.0284688472747803,2918400,0.0,0.0
1997-01-16 00:00:00+05:30,1.7285150289535522,1.7285150289535522,1.584375023841858,1.584375023841858,0.9590693116188049,716800,0.0,0.0
1997-01-17 00:00:00+05:30,1.5917960405349731,1.6210930347442627,1.5917960405349731,1.6210930347442627,0.9812954068183899,2713600,0.0,0.0
1997-01-20 00:00:00+05:30,1.632714033126831,1.644531011581421,1.613281011581421,1.613281011581421,0.976566731929779,614400,0.0,0.0
1997-01-21 00:00:00+05:30,1.5821280479431152,1.609375,1.5722650289535522,1.5775389671325684,0.9549315571784973,2867200,0.0,0.0
1997-01-22 00:00:00+05:30,1.6035150289535522,1.6337889432907104,1.59375,1.6337889432907104,0.9889809489250183,409600,0.0,0.0
1997-01-23 00:00:00+05:30,1.6337889432907104,1.6337889432907104,1.6337889432907104,1.6337889432907104,0.9889809489250183,0,0.0,0.0
1997-01-24 00:00:00+05:30,1.613476037979126,1.613476037979126,1.5957030057907104,1.5981440544128418,0.9674045443534851,2252800,0.0,0.0
1997-01-27 00:00:00+05:30,1.6716790199279785,1.6992180347442627,1.660156011581421,1.660156011581421,1.004941463470459,921600,0.0,0.0
1997-01-28 00:00:00+05:30,1.6367180347442627,1.6367180347442627,1.615332007408142,1.6246089935302734,0.9834239482879639,921600,0.0,0.0
1997-01-29 00:00:00+05:30,1.6347650289535522,1.6347650289535522,1.6347650289535522,1.6347650289535522,0.989571750164032,358400,0.0,0.0
1997-01-30 00:00:00+05:30,1.6171870231628418,1.6279289722442627,1.6137690544128418,1.6174800395965576,0.9791083335876465,512000,0.0,0.0
1997-01-31 00:00:00+05:30,1.6152340173721313,1.6308590173721313,1.6152340173721313,1.628906011581421,0.9860250949859619,768000,0.0,0.0
1997-02-03 00:00:00+05:30,1.6152340173721313,1.640625,1.6152340173721313,1.6310540437698364,0.9873255491256714,614400,0.0,0.0
1997-02-04 00:00:00+05:30,1.6308590173721313,1.6835930347442627,1.6308590173721313,1.6362299919128418,0.9904589056968689,2508800,0.0,0.0
1997-02-05 00:00:00+05:30,1.6972650289535522,1.6987299919128418,1.6699210405349731,1.6699210405349731,1.0108528137207031,665600,0.0,0.0
1997-02-06 00:00:00+05:30,1.6503900289535522,1.675781011581421,1.6503900289535522,1.6699210405349731,1.0108528137207031,307200,0.0,0.0
1997-02-07 00:00:00+05:30,1.6835930347442627,1.6894530057907104,1.6835930347442627,1.6835930347442627,1.019128680229187,204800,0.0,0.0
1997-02-10 00:00:00+05:30,1.6992180347442627,1.6992180347442627,1.6894530057907104,1.691406011581421,1.0238587856292725,256000,0.0,0.0
1997-02-11 00:00:00+05:30,1.6992180347442627,1.738281011581421,1.6972650289535522,1.7381830215454102,1.0521739721298218,1075200,0.0,0.0
1997-02-12 00:00:00+05:30,1.7675780057907104,1.7675780057907104,1.73095703125,1.7578120231628418,1.0640560388565063,256000,0.0,0.0
1997-02-13 00:00:00+05:30,1.7560540437698364,1.7636710405349731,1.7519530057907104,1.762402057647705,1.0668340921401978,2201600,0.0,0.0
1997-02-14 00:00:00+05:30,1.8534170389175415,1.8534170389175415,1.7480460405349731,1.748729944229126,1.0585578680038452,1075200,0.0,0.0
1997-02-17 00:00:00+05:30,1.7871090173721313,1.7871090173721313,1.7480460405349731,1.7596670389175415,1.065178632736206,870400,0.0,0.0
1997-02-18 00:00:00+05:30,1.7558590173721313,1.7674800157546997,1.7480460405349731,1.7547849416732788,1.0622234344482422,1382400,0.0,0.0
1997-02-19 00:00:00+05:30,1.682616949081421,1.7773430347442627,1.682616949081421,1.7773430347442627,1.075878620147705,972800,0.0,0.0
1997-02-20 00:00:00+05:30,1.7734370231628418,1.78125,1.7675780057907104,1.7774410247802734,1.0759373903274536,614400,0.0,0.0
1997-02-21 00:00:00+05:30,1.7676750421524048,1.7988280057907104,1.7676750421524048,1.7988280057907104,1.088883876800537,3993600,0.0,0.0
1997-02-24 00:00:00+05:30,1.7714840173721313,1.7773430347442627,1.7677730321884155,1.7686519622802734,1.0706171989440918,307200,0.0,0.0
1997-02-25 00:00:00+05:30,1.7773430347442627,1.8066400289535522,1.769726037979126,1.7893550395965576,1.083149790763855,1382400,0.0,0.0
1997-02-26 00:00:00+05:30,1.796875,1.84375,1.796875,1.840527057647705,1.1141254901885986,2457600,0.0,0.0
1997-02-27 00:00:00+05:30,1.8362300395965576,1.8740229606628418,1.8359370231628418,1.8740229606628418,1.134401559829712,2048000,0.0,0.0
1997-02-28 00:00:00+05:30,1.972656011581421,2.0097649097442627,1.972656011581421,2.003906011581421,1.2130236625671387,1024000,0.0,0.0
1997-03-03 00:00:00+05:30,2.2636709213256836,2.294334888458252,2.1875,2.2942380905151367,1.3887702226638794,1894400,0.0,0.0
1997-03-04 00:00:00+05:30,2.2947258949279785,2.2949209213256836,2.177733898162842,2.2198240756988525,1.3437252044677734,3276800,0.0,0.0
1997-03-05 00:00:00+05:30,2.34375,2.34375,2.2071280479431152,2.2373039722442627,1.3543063402175903,4249600,0.0,0.0
1997-03-06 00:00:00+05:30,2.2963860034942627,2.304687023162842,2.083983898162842,2.132030963897705,1.2905821800231934,3993600,0.0,0.0
1997-03-07 00:00:00+05:30,2.132030963897705,2.132030963897705,2.132030963897705,2.132030963897705,1.2905821800231934,0,0.0,0.0
1997-03-10 00:00:00+05:30,1.9921870231628418,2.0722649097442627,1.9921870231628418,1.9922850131988525,1.2059892416000366,3430400,0.0,0.0
1997-03-11 00:00:00+05:30,2.050781011581421,2.050781011581421,1.9160150289535522,1.960644006729126,1.1868361234664917,3174400,0.0,0.0
1997-03-12 00:00:00+05:30,2.03125,2.050781011581421,1.9853509664535522,2.0242180824279785,1.2253191471099854,3379200,0.0,0.0
1997-03-13 00:00:00+05:30,2.0292959213256836,2.070312023162842,2.0273430347442627,2.0410149097442627,1.2354865074157715,5222400,0.0,0.0
1997-03-14 00:00:00+05:30,2.0410149097442627,2.0693349838256836,2.035156011581421,2.0361320972442627,1.2325310707092285,3430400,0.0,0.0
1997-03-17 00:00:00+05:30,1.9394530057907104,2.0585930347442627,1.9394530057907104,2.03125,1.2295758724212646,1638400,0.0,0.0
1997-03-18 00:00:00+05:30,2.0352530479431152,2.0410149097442627,1.972656011581421,1.9988280534744263,1.2099499702453613,10496000,0.0,0.0
1997-03-19 00:00:00+05:30,2.0273430347442627,2.03125,1.9980460405349731,2.0015621185302734,1.211605191230774,972800,0.0,0.0
1997-03-20 00:00:00+05:30,1.8849600553512573,2.0097649097442627,1.8849600553512573,2.001952886581421,1.2118415832519531,2560000,0.0,0.0
1997-03-21 00:00:00+05:30,1.9980460405349731,2.001952886581421,1.9727530479431152,1.9980460405349731,1.2094764709472656,8550400,0.0,0.0
1997-03-24 00:00:00+05:30,1.9980460405349731,1.9980460405349731,1.9980460405349731,1.9980460405349731,1.2094764709472656,0,0.0,0.0
1997-03-25 00:00:00+05:30,2.001952886581421,2.080077886581421,1.9893549680709839,2.0518550872802734,1.2420488595962524,2304000,0.0,0.0
1997-03-26 00:00:00+05:30,2.021678924560547,2.0722649097442627,2.021678924560547,2.0722649097442627,1.254403829574585,1126400,0.0,0.0
1997-03-27 00:00:00+05:30,2.115135908126831,2.148437023162842,2.0917959213256836,2.1475579738616943,1.2999805212020874,2816000,0.0,0.0
1997-03-28 00:00:00+05:30,2.1475579738616943,2.1475579738616943,2.1475579738616943,2.1475579738616943,1.2999805212020874,0,0.0,0.0
1997-03-31 00:00:00+05:30,1.9972649812698364,1.9972649812698364,1.9972649812698364,1.9972649812698364,1.2090036869049072,51200,0.0,0.0
1997-04-01 00:00:00+05:30,1.8555660247802734,2.021385908126831,1.8554680347442627,1.9718749523162842,1.1936345100402832,2969600,0.0,0.0
1997-04-02 00:00:00+05:30,2.050781011581421,2.1035149097442627,2.050781011581421,2.0984370708465576,1.2702462673187256,2150400,0.0,0.0
1997-04-03 00:00:00+05:30,2.109375,2.2324209213256836,2.109375,2.2083001136779785,1.33674955368042,2355200,0.0,0.0
1997-04-04 00:00:00+05:30,2.3628900051116943,2.3628900051116943,2.2617180347442627,2.3628900051116943,1.4303277730941772,8448000,0.0,0.0
1997-04-07 00:00:00+05:30,2.3642570972442627,2.3642570972442627,2.3642570972442627,2.3642570972442627,1.4311549663543701,870400,0.0,0.0
1997-04-08 00:00:00+05:30,2.3642570972442627,2.3642570972442627,2.3642570972442627,2.3642570972442627,1.4311549663543701,0,0.0,0.0
1997-04-09 00:00:00+05:30,2.52968692779541,2.52968692779541,2.463866949081421,2.4795889854431152,1.5009689331054688,12697600,0.0,0.0
1997-04-10 00:00:00+05:30,2.472656011581421,2.4804680347442627,2.306152105331421,2.3352530002593994,1.4135980606079102,15155200,0.0,0.0
1997-04-11 00:00:00+05:30,2.242382049560547,2.333983898162842,2.234375,2.3240230083465576,1.406800389289856,9523200,0.0,0.0
1997-04-14 00:00:00+05:30,2.3240230083465576,2.3240230083465576,2.3240230083465576,2.3240230083465576,1.406800389289856,0,0.0,0.0
1997-04-15 00:00:00+05:30,2.3535149097442627,2.392577886581421,2.34375,2.3799800872802734,1.4406723976135254,5632000,0.0,0.0
1997-04-16 00:00:00+05:30,2.3799800872802734,2.3799800872802734,2.3799800872802734,2.3799800872802734,1.4406723976135254,0,0.0,0.0
1997-04-17 00:00:00+05:30,2.393749952316284,2.421875,2.3837890625,2.419140100479126,1.4643772840499878,2969600,0.0,0.0
1997-04-18 00:00:00+05:30,2.419140100479126,2.419140100479126,2.419140100479126,2.419140100479126,1.4643772840499878,0,0.0,0.0
1997-04-21 00:00:00+05:30,2.4511709213256836,2.497070074081421,2.4511709213256836,2.4919919967651367,1.5084764957427979,3225600,0.0,0.0
1997-04-22 00:00:00+05:30,2.5,2.548827886581421,2.5,2.5391600131988525,1.5370292663574219,8345600,0.0,0.0
1997-04-23 00:00:00+05:30,2.5273430347442627,2.5292959213256836,2.5117180347442627,2.5290029048919678,1.5308806896209717,2560000,0.0,0.0
1997-04-24 00:00:00+05:30,2.5445311069488525,2.5445311069488525,2.521678924560547,2.535156011581421,1.5346049070358276,1996800,0.0,0.0
1997-04-25 00:00:00+05:30,2.521678924560547,2.5878899097442627,2.521678924560547,2.583203077316284,1.5636895895004272,3174400,0.0,0.0
1997-04-28 00:00:00+05:30,2.59375,2.76406192779541,2.568358898162842,2.7636709213256836,1.6729321479797363,11161600,0.0,0.0
1997-04-29 00:00:00+05:30,2.7929680347442627,2.910156011581421,2.626952886581421,2.7500970363616943,1.6647156476974487,8960000,0.0,0.0
1997-04-30 00:00:00+05:30,2.8125,2.925781011581421,2.8125,2.835155963897705,1.7162036895751953,16896000,0.0,0.0
1997-05-01 00:00:00+05:30,2.835155963897705,2.835155963897705,2.835155963897705,2.835155963897705,1.7162036895751953,0,0.0,0.0
1997-05-02 00:00:00+05:30,2.820312023162842,2.8310539722442627,2.773437023162842,2.8035149574279785,1.6970510482788086,7475200,0.0,0.0
1997-05-05 00:00:00+05:30,2.7753899097442627,2.798827886581421,2.736327886581421,2.7464840412139893,1.662528395652771,10086400,0.0,0.0
1997-05-06 00:00:00+05:30,2.7460930347442627,2.773437023162842,2.726562023162842,2.7676749229431152,1.6753556728363037,7270400,0.0,0.0
1997-05-07 00:00:00+05:30,2.7636709213256836,2.811522960662842,2.749022960662842,2.790527105331421,1.6891894340515137,7936000,0.0,0.0
1997-05-08 00:00:00+05:30,2.832031011581421,2.8847649097442627,2.8125,2.8607420921325684,1.7316920757293701,18227200,0.0,0.0
1997-05-09 00:00:00+05:30,2.861327886581421,2.8886709213256836,2.849608898162842,2.863281011581421,1.7332290410995483,7424000,0.0,0.0
1997-05-12 00:00:00+05:30,2.8574209213256836,2.861327886581421,2.8125,2.823241949081421,1.708991527557373,5734400,0.0,0.0
1997-05-13 00:00:00+05:30,2.8222649097442627,2.842967987060547,2.8222649097442627,2.8379878997802734,1.7179186344146729,2713600,0.0,0.0
1997-05-14 00:00:00+05:30,2.832031011581421,2.835937023162842,2.7929680347442627,2.832714080810547,1.714726209640503,3942400,0.0,0.0
1997-05-15 00:00:00+05:30,2.8330070972442627,2.8330070972442627,2.802928924560547,2.811229944229126,1.7017219066619873,1843200,0.0,0.0
1997-05-16 00:00:00+05:30,2.8125,2.816406011581421,2.796875,2.8086910247802734,1.700183391571045,2764800,0.0,0.0
1997-05-19 00:00:00+05:30,2.820312023162842,2.854979991912842,2.8105459213256836,2.8282220363616943,1.712007761001587,3328000,0.0,0.0
1997-05-20 00:00:00+05:30,2.816406011581421,2.832031011581421,2.816406011581421,2.828125,1.7119475603103638,2150400,0.0,0.0
1997-05-21 00:00:00+05:30,2.832031011581421,2.832031011581421,2.8105459213256836,2.815624952316284,1.7043813467025757,2611200,0.0,0.0
1997-05-22 00:00:00+05:30,2.8125,2.8125,2.691406011581421,2.7275390625,1.6510604619979858,16947200,0.0,0.0
1997-05-23 00:00:00+05:30,2.722656011581421,2.831737995147705,2.695312023162842,2.782226085662842,1.6890028715133667,20326400,0.007813,0.0
1997-05-26 00:00:00+05:30,2.7753899097442627,2.8222649097442627,2.7753899097442627,2.8054680824279785,1.703111171722412,9011200,0.0,0.0
1997-05-27 00:00:00+05:30,2.8298819065093994,2.910156011581421,2.8145499229431152,2.8656249046325684,1.7396308183670044,20377600,0.0,0.0
1997-05-28 00:00:00+05:30,2.804687023162842,2.8259758949279785,2.773632049560547,2.812695026397705,1.7074987888336182,4915200,0.0,0.0
1997-05-29 00:00:00+05:30,2.8124020099639893,2.825195074081421,2.8066399097442627,2.8199210166931152,1.7118852138519287,819200,0.0,0.0
1997-05-30 00:00:00+05:30,2.832031011581421,2.9003899097442627,2.832031011581421,2.891601085662842,1.7554000616073608,3174400,0.0,0.0
1997-06-02 00:00:00+05:30,2.867187023162842,2.929687023162842,2.867187023162842,2.9247069358825684,1.7754977941513062,2150400,0.0,0.0
1997-06-03 00:00:00+05:30,2.929589033126831,3.050781011581421,2.929589033126831,3.00917911529541,1.8267780542373657,4556800,0.0,0.0
1997-06-04 00:00:00+05:30,2.992187023162842,3.021483898162842,2.988281011581421,3.0117180347442627,1.8283191919326782,2406400,0.0,0.0
1997-06-05 00:00:00+05:30,3.0273430347442627,3.046875,2.999022960662842,3.004296064376831,1.8238142728805542,1587200,0.0,0.0
1997-06-06 00:00:00+05:30,2.984375,3.046875,2.9346671104431152,3.0337889194488525,1.841718316078186,5939200,0.0,0.0
1997-06-09 00:00:00+05:30,3.0429680347442627,3.2459959983825684,3.037108898162842,3.2159171104431152,1.9522818326950073,14694400,0.0,0.0
1997-06-10 00:00:00+05:30,3.204101085662842,3.441112995147705,3.204101085662842,3.441112995147705,2.08899188041687,18534400,0.0,0.0
1997-06-11 00:00:00+05:30,3.537010908126831,3.613281011581421,3.378906011581421,3.412303924560547,2.071502685546875,19148800,0.0,0.0
1997-06-12 00:00:00+05:30,3.413964033126831,3.505858898162842,3.378906011581421,3.4087889194488525,2.069369316101074,7526400,0.0,0.0
1997-06-13 00:00:00+05:30,3.3417959213256836,3.3886709213256836,3.3398430347442627,3.3641600608825684,2.0422756671905518,4147200,0.0,0.0
1997-06-16 00:00:00+05:30,3.242187023162842,3.3398430347442627,3.1347649097442627,3.1651360988616943,1.921454668045044,16025600,0.0,0.0
1997-06-17 00:00:00+05:30,3.300781011581421,3.3867180347442627,3.300781011581421,3.3867180347442627,2.0559701919555664,4659200,0.0,0.0
1997-06-18 00:00:00+05:30,3.613281011581421,3.6238279342651367,3.613281011581421,3.6238279342651367,2.1999127864837646,1894400,0.0,0.0
1997-06-19 00:00:00+05:30,3.8085930347442627,3.8085930347442627,3.535156011581421,3.703320026397705,2.2481698989868164,9267200,0.0,0.0
1997-06-20 00:00:00+05:30,3.740233898162842,3.740233898162842,3.6337890625,3.661328077316284,2.2226767539978027,3788800,0.0,0.0
1997-06-23 00:00:00+05:30,3.6230459213256836,3.632812023162842,3.554687023162842,3.6075189113616943,2.190011978149414,3225600,0.0,0.0
1997-06-24 00:00:00+05:30,3.537108898162842,3.5917959213256836,3.4179680347442627,3.467967987060547,2.105295181274414,4352000,0.0,0.0
1997-06-25 00:00:00+05:30,3.515625,3.671875,3.515625,3.5537099838256836,2.15734601020813,3328000,0.0,0.0
1997-06-26 00:00:00+05:30,3.566406011581421,3.640625,3.554687023162842,3.6181640625,2.196474552154541,2048000,0.0,0.0
1997-06-27 00:00:00+05:30,3.5869140625,3.5878899097442627,3.536328077316284,3.548827886581421,2.1543819904327393,3328000,0.0,0.0
1997-06-30 00:00:00+05:30,3.5449209213256836,3.632812023162842,3.5449209213256836,3.625878095626831,2.201157331466675,4352000,0.0,0.0
1997-07-01 00:00:00+05:30,3.662108898162842,3.8574209213256836,3.662108898162842,3.7784171104431152,2.293757915496826,15104000,0.0,0.0
1997-07-02 00:00:00+05:30,3.798827886581421,3.8066399097442627,3.705077886581421,3.752147912979126,2.2778115272521973,4812800,0.0,0.0
1997-07-03 00:00:00+05:30,3.7460930347442627,3.8867180347442627,3.7011709213256836,3.8482420444488525,2.336146831512451,6246400,0.0,0.0
1997-07-04 00:00:00+05:30,3.882812023162842,4.003905773162842,3.828125,3.913573980331421,2.375807285308838,9574400,0.0,0.0
1997-07-07 00:00:00+05:30,4.082030773162842,4.187596797943115,3.945312023162842,4.187596797943115,2.542158603668213,9881600,0.0,0.0
1997-07-08 00:00:00+05:30,4.275390148162842,4.287108898162842,3.90625,4.1194329261779785,2.500778913497925,8601600,0.0,0.0
1997-07-09 00:00:00+05:30,3.908202886581421,4.394530773162842,3.908202886581421,4.37539005279541,2.6561617851257324,9267200,0.0,0.0
1997-07-10 00:00:00+05:30,4.394530773162842,4.53125,4.345703125,4.443652153015137,2.6976022720336914,6144000,0.0,0.0
1997-07-11 00:00:00+05:30,4.296875,4.754491806030273,4.296875,4.716991901397705,2.863537549972534,17254400,0.0,0.0
1997-07-14 00:00:00+05:30,4.763670921325684,4.938963890075684,4.726562023162842,4.878417015075684,2.9615330696105957,12032000,0.0,0.0
1997-07-15 00:00:00+05:30,4.919920921325684,4.919920921325684,4.638670921325684,4.679687023162842,2.840890884399414,7270400,0.0,0.0
1997-07-16 00:00:00+05:30,4.736328125,4.921875,4.611328125,4.667381763458252,2.833420991897583,8857600,0.0,0.0
1997-07-17 00:00:00+05:30,4.645116806030273,4.753905773162842,4.578221797943115,4.710937023162842,2.8598616123199463,5990400,0.0,0.0
1997-07-18 00:00:00+05:30,4.710937023162842,4.710937023162842,4.710937023162842,4.710937023162842,2.8598616123199463,0,0.0,0.0
1997-07-21 00:00:00+05:30,4.59375,4.59375,4.381249904632568,4.381249904632568,2.659719467163086,307200,0.0,0.0
1997-07-22 00:00:00+05:30,4.07460880279541,4.490233898162842,4.07460880279541,4.07460880279541,2.473566770553589,5836800,0.0,0.0
1997-07-23 00:00:00+05:30,4.052733898162842,4.189453125,4.033203125,4.103906154632568,2.4913525581359863,5478400,0.0,0.0
1997-07-24 00:00:00+05:30,4.076366901397705,4.130858898162842,4.025390148162842,4.059569835662842,2.4644381999969482,2048000,0.0,0.0
1997-07-25 00:00:00+05:30,3.9960930347442627,4.060545921325684,3.896483898162842,3.938183069229126,2.3907477855682373,2764800,0.0,0.0
1997-07-28 00:00:00+05:30,3.8382809162139893,3.943358898162842,3.8382809162139893,3.9092769622802734,2.373199224472046,1689600,0.0,0.0
1997-07-29 00:00:00+05:30,3.9667959213256836,3.9667959213256836,3.8574209213256836,3.8865230083465576,2.3593859672546387,3430400,0.0,0.0
1997-07-30 00:00:00+05:30,3.945312023162842,3.945312023162842,3.876952886581421,3.8886709213256836,2.360689163208008,1689600,0.0,0.0
1997-07-31 00:00:00+05:30,3.9232420921325684,4.1609368324279785,3.90625,4.021288871765137,2.4411983489990234,9113600,0.0,0.0
1997-08-01 00:00:00+05:30,4.238280773162842,4.302832126617432,4.220898151397705,4.302832126617432,2.612114667892456,2355200,0.0,0.0
1997-08-04 00:00:00+05:30,4.601562023162842,4.604101181030273,4.541015148162842,4.588085174560547,2.785283088684082,1484800,0.0,0.0
1997-08-05 00:00:00+05:30,4.655467987060547,4.658203125,4.394530773162842,4.4775390625,2.718173027038574,2099200,0.0,0.0
1997-08-06 00:00:00+05:30,4.619140148162842,4.628905773162842,4.414062023162842,4.452832221984863,2.703174591064453,819200,0.0,0.0
1997-08-07 00:00:00+05:30,4.53125,4.53125,4.396483898162842,4.438476085662842,2.6944596767425537,2252800,0.0,0.0
1997-08-08 00:00:00+05:30,4.414062023162842,4.414062023162842,4.257812023162842,4.315039157867432,2.6195247173309326,1740800,0.0,0.0
1997-08-11 00:00:00+05:30,4.296875,4.527342796325684,4.296875,4.440917015075684,2.6959409713745117,1689600,0.0,0.0
1997-08-12 00:00:00+05:30,4.423924922943115,4.492187023162842,4.277342796325684,4.3347649574279785,2.631499767303467,2252800,0.0,0.0
1997-08-13 00:00:00+05:30,4.248045921325684,4.375,4.210937023162842,4.35634708404541,2.644602060317993,1126400,0.0,0.0
1997-08-14 00:00:00+05:30,4.101562023162842,4.296875,4.051756858825684,4.281346797943115,2.5990710258483887,7731200,0.0,0.0
1997-08-15 00:00:00+05:30,4.281346797943115,4.281346797943115,4.281346797943115,4.281346797943115,2.5990710258483887,0,0.0,0.0
1997-08-18 00:00:00+05:30,4.228515148162842,4.581054210662842,4.228515148162842,4.559764862060547,2.7680904865264893,8396800,0.0,0.0
1997-08-19 00:00:00+05:30,4.638670921325684,4.697265148162842,4.414062023162842,4.4924798011779785,2.727242946624756,14899200,0.0,2.0
1997-08-20 00:00:00+05:30,4.222655773162842,4.78125,4.222655773162842,4.715428829193115,2.8625879287719727,9574400,0.0,0.0
1997-08-21 00:00:00+05:30,4.746092796325684,4.785155773162842,4.644530773162842,4.745312213897705,2.880730390548706,6323200,0.0,0.0
1997-08-22 00:00:00+05:30,4.765625,4.765625,4.710937023162842,4.750781059265137,2.884049892425537,3251200,0.0,0.0
1997-08-25 00:00:00+05:30,4.726562023162842,4.902342796325684,4.6875,4.856053829193115,2.947957754135132,5273600,0.0,0.0
1997-08-26 00:00:00+05:30,4.882812023162842,5.074217796325684,4.882812023162842,5.054687023162842,3.068542242050171,7961600,0.0,0.0
1997-08-27 00:00:00+05:30,5.097655773162842,5.253905773162842,5.078125,5.161913871765137,3.1336357593536377,8448000,0.0,0.0
1997-08-28 00:00:00+05:30,5.125,5.175780773162842,4.929687023162842,5.018164157867432,3.046370506286621,8755200,0.0,0.0
1997-08-29 00:00:00+05:30,4.929687023162842,5.003905773162842,4.890625,4.966014862060547,3.0147125720977783,6809600,0.0,0.0
1997-09-01 00:00:00+05:30,5.011717796325684,5.011717796325684,4.951366901397705,4.995703220367432,3.0327348709106445,2560000,0.0,0.0
1997-09-02 00:00:00+05:30,4.9617180824279785,5.1355462074279785,4.9617180824279785,5.02285099029541,3.049215316772461,8166400,0.0,0.0
1997-09-03 00:00:00+05:30,5.019530773162842,5.035155773162842,4.921875,4.974803924560547,3.020048141479492,4633600,0.0,0.0
1997-09-04 00:00:00+05:30,4.972655773162842,5.0,4.926756858825684,4.991405963897705,3.030125379562378,2867200,0.0,0.0
1997-09-05 00:00:00+05:30,5.007812023162842,5.148437023162842,4.984375,5.115819931030273,3.10565447807312,4403200,0.0,0.0
1997-09-08 00:00:00+05:30,5.04335880279541,5.47402286529541,5.039062023162842,5.47402286529541,3.3231067657470703,9292800,0.0,0.0
1997-09-09 00:00:00+05:30,5.660155773162842,5.8572258949279785,5.660155773162842,5.850780963897705,3.551826000213623,12288000,0.0,0.0
1997-09-10 00:00:00+05:30,5.820312023162842,5.820312023162842,5.4375,5.775585174560547,3.506176471710205,10393600,0.0,0.0
1997-09-11 00:00:00+05:30,5.632812023162842,5.663671016693115,5.450194835662842,5.56093692779541,3.375871181488037,7091200,0.0,0.0
1997-09-12 00:00:00+05:30,5.507812023162842,5.737889766693115,5.433592796325684,5.641406059265137,3.4247207641601562,6425600,0.0,0.0
1997-09-15 00:00:00+05:30,5.492187023162842,5.699217796325684,5.492187023162842,5.588476181030273,3.392589569091797,5299200,0.0,0.0
1997-09-16 00:00:00+05:30,5.648437023162842,5.703125,5.527342796325684,5.657421112060547,3.4344429969787598,4940800,0.0,0.0
1997-09-17 00:00:00+05:30,5.585937023162842,5.605467796325684,5.543944835662842,5.560545921325684,3.375633478164673,537600,0.0,0.0
1997-09-18 00:00:00+05:30,5.117187023162842,5.304296016693115,5.117187023162842,5.231639862060547,3.1759636402130127,5094400,0.0,0.0
1997-09-19 00:00:00+05:30,5.253905773162842,5.605467796325684,5.206054210662842,5.458202838897705,3.313504219055176,9728000,0.0,0.0
1997-09-22 00:00:00+05:30,5.507812023162842,5.667967796325684,5.418163776397705,5.552538871765137,3.3707714080810547,5273600,0.0,0.0
1997-09-23 00:00:00+05:30,5.546875,5.815429210662842,5.546875,5.746288776397705,3.4883925914764404,6630400,0.0,0.0
1997-09-24 00:00:00+05:30,5.683592796325684,5.996092796325684,5.683592796325684,5.9197258949279785,3.5936808586120605,11494400,0.0,0.0
1997-09-25 00:00:00+05:30,5.906445026397705,6.152342796325684,5.906445026397705,6.084374904632568,3.693633556365967,8422400,0.0,0.0
1997-09-26 00:00:00+05:30,6.164062023162842,6.34375,6.113280773162842,6.2294921875,3.781728506088257,10649600,0.0,0.0
1997-09-29 00:00:00+05:30,6.171875,6.366991996765137,6.171875,6.263670921325684,3.8024773597717285,6579200,0.0,0.0
1997-09-30 00:00:00+05:30,6.241991996765137,6.402342796325684,6.175780773162842,6.326170921325684,3.840420961380005,14976000,0.0,0.0
1997-10-01 00:00:00+05:30,6.191405773162842,6.269139766693115,6.078320026397705,6.241991996765137,3.7893173694610596,7577600,0.0,0.0
1997-10-02 00:00:00+05:30,6.241991996765137,6.241991996765137,6.241991996765137,6.241991996765137,3.7893173694610596,0,0.0,0.0
1997-10-03 00:00:00+05:30,6.241991996765137,6.241991996765137,6.241991996765137,6.241991996765137,3.7893173694610596,0,0.0,0.0
1997-10-06 00:00:00+05:30,6.241991996765137,6.241991996765137,6.241991996765137,6.241991996765137,3.7893173694610596,0,0.0,0.0
1997-10-07 00:00:00+05:30,6.241991996765137,6.241991996765137,6.241991996765137,6.241991996765137,3.7893173694610596,0,0.0,0.0
1997-10-08 00:00:00+05:30,6.241991996765137,6.241991996765137,6.241991996765137,6.241991996765137,3.7893173694610596,0,0.0,0.0
1997-10-09 00:00:00+05:30,5.78125,5.917967796325684,5.707030773162842,5.769139766693115,3.5022644996643066,13363200,0.0,0.0
1997-10-10 00:00:00+05:30,5.839842796325684,6.289062023162842,5.839842796325684,6.144139766693115,3.7299137115478516,28544000,0.0,0.0
1997-10-13 00:00:00+05:30,6.242187023162842,6.288671016693115,6.054687023162842,6.218163967132568,3.7748520374298096,15948800,0.0,0.0
1997-10-14 00:00:00+05:30,6.257812023162842,6.257812023162842,6.015625,6.0798821449279785,3.6909050941467285,9548800,0.0,0.0
1997-10-15 00:00:00+05:30,5.859375,6.25,5.574217796325684,6.044920921325684,3.669682025909424,31974400,0.0,0.0
1997-10-16 00:00:00+05:30,6.054687023162842,6.054687023162842,5.76601505279541,5.842381954193115,3.5467276573181152,18764800,0.0,0.0
1997-10-17 00:00:00+05:30,5.8552727699279785,5.957030773162842,5.722655773162842,5.802928924560547,3.5227770805358887,9830400,0.0,0.0
1997-10-20 00:00:00+05:30,5.664453029632568,5.898437023162842,5.664453029632568,5.8171868324279785,3.531430959701538,5606400,0.0,0.0
1997-10-21 00:00:00+05:30,5.816405773162842,5.859375,5.6875,5.750976085662842,3.491236686706543,13721600,0.0,0.0
1997-10-22 00:00:00+05:30,5.75,5.789062023162842,5.566405773162842,5.596679210662842,3.397568464279175,7910400,0.0,0.0
1997-10-23 00:00:00+05:30,5.550780773162842,5.585937023162842,5.359375,5.473827838897705,3.3229892253875732,12620800,0.0,0.0
1997-10-24 00:00:00+05:30,5.43398380279541,5.488280773162842,5.242187023162842,5.431640148162842,3.297377824783325,7654400,0.0,0.0
1997-10-27 00:00:00+05:30,5.359375,5.40625,5.332030773162842,5.377734184265137,3.264652967453003,4019200,0.0,0.0
1997-10-28 00:00:00+05:30,5.292967796325684,5.292967796325684,4.882812023162842,5.028124809265137,3.0524179935455322,13132800,0.0,0.0
1997-10-29 00:00:00+05:30,5.289062023162842,5.421875,5.183592796325684,5.3972649574279785,3.2765109539031982,11520000,0.0,0.0
1997-10-30 00:00:00+05:30,5.3125,5.339842796325684,5.2275390625,5.257616996765137,3.1917343139648438,2048000,0.0,0.0
1997-10-31 00:00:00+05:30,5.257616996765137,5.257616996765137,5.257616996765137,5.257616996765137,3.1917343139648438,0,0.0,0.0
1997-11-03 00:00:00+05:30,5.254100799560547,5.304687023162842,5.089842796325684,5.19960880279541,3.1565189361572266,5555200,0.0,0.0
1997-11-04 00:00:00+05:30,5.246092796325684,5.339842796325684,5.119140148162842,5.266406059265137,3.197068929672241,4428800,0.0,0.0
1997-11-05 00:00:00+05:30,5.164062023162842,5.195312023162842,4.981249809265137,5.097850799560547,3.094745397567749,8115200,0.0,0.0
1997-11-06 00:00:00+05:30,5.0625,5.109375,5.015625,5.091014862060547,3.090595006942749,10112000,0.0,0.0
1997-11-07 00:00:00+05:30,5.043163776397705,5.15625,5.043163776397705,5.115624904632568,3.1055350303649902,4249600,0.0,0.0
1997-11-10 00:00:00+05:30,5.109375,5.112695217132568,5.04335880279541,5.098631858825684,3.095219612121582,2048000,0.0,0.0
1997-11-11 00:00:00+05:30,5.078125,5.390625,5.078125,5.331250190734863,3.236436605453491,6732800,0.0,0.0
1997-11-12 00:00:00+05:30,5.351562023162842,5.351562023162842,5.140625,5.143945217132568,3.122727870941162,7347200,0.0,0.0
1997-11-13 00:00:00+05:30,5.128905773162842,5.152342796325684,5.054687023162842,5.117578029632568,3.1067211627960205,5555200,0.0,0.0
1997-11-14 00:00:00+05:30,5.117578029632568,5.117578029632568,5.117578029632568,5.117578029632568,3.1067211627960205,0,0.0,0.0
1997-11-17 00:00:00+05:30,5.195312023162842,5.195312023162842,5.097850799560547,5.16347599029541,3.1345839500427246,2816000,0.0,0.0
1997-11-18 00:00:00+05:30,5.175780773162842,5.175780773162842,5.042967796325684,5.086132049560547,3.0876309871673584,10214400,0.0,0.0
1997-11-19 00:00:00+05:30,5.019530773162842,5.378905773162842,5.019530773162842,5.334569931030273,3.238450050354004,12288000,0.0,0.0
1997-11-20 00:00:00+05:30,5.285545825958252,5.707030773162842,5.285545825958252,5.677733898162842,3.4467742443084717,25574400,0.0,0.0
1997-11-21 00:00:00+05:30,5.515625,5.855467796325684,5.449413776397705,5.48808479309082,3.331643581390381,13209600,0.0,0.0
1997-11-24 00:00:00+05:30,5.507812023162842,5.742187023162842,5.305859088897705,5.381249904632568,3.266789436340332,16153600,0.0,0.0
1997-11-25 00:00:00+05:30,5.355663776397705,5.703125,5.320312023162842,5.632812023162842,3.419503927230835,10137600,0.0,0.0
1997-11-26 00:00:00+05:30,5.644530773162842,5.644530773162842,5.480467796325684,5.576366901397705,3.3852360248565674,10752000,0.0,0.0
1997-11-27 00:00:00+05:30,5.53125,5.621092796325684,5.53125,5.594531059265137,3.396263599395752,4172800,0.0,0.0
1997-11-28 00:00:00+05:30,5.46875,5.578125,5.379100799560547,5.412694931030273,3.285877227783203,17920000,0.0,0.0
1997-12-01 00:00:00+05:30,5.449217796325684,5.5623040199279785,5.34375,5.542187213897705,3.3644886016845703,9984000,0.0,0.0
1997-12-02 00:00:00+05:30,5.539062023162842,5.617187023162842,5.483006954193115,5.505077838897705,3.3419599533081055,6400000,0.0,0.0
1997-12-03 00:00:00+05:30,5.488280773162842,5.578125,5.480467796325684,5.508007049560547,3.3437395095825195,17049600,0.0,0.0
1997-12-04 00:00:00+05:30,5.488280773162842,5.507812023162842,5.273437023162842,5.407812118530273,3.2829129695892334,9164800,0.0,0.0
1997-12-05 00:00:00+05:30,5.417967796325684,5.445116996765137,5.341991901397705,5.370312213897705,3.2601475715637207,14745600,0.0,0.0
1997-12-08 00:00:00+05:30,5.371092796325684,5.382812023162842,5.109375,5.1669921875,3.1367194652557373,14233600,0.0,0.0
1997-12-09 00:00:00+05:30,5.171875,5.179687023162842,5.0625,5.091014862060547,3.090595006942749,23116800,0.0,0.0
1997-12-10 00:00:00+05:30,5.046875,5.171875,5.046875,5.101562023162842,3.096999168395996,8729600,0.0,0.0
1997-12-11 00:00:00+05:30,5.074217796325684,5.09375,4.591405868530273,4.768359184265137,2.8947203159332275,30924800,0.0,0.0
1997-12-12 00:00:00+05:30,4.691405773162842,4.765625,4.305273056030273,4.324803829193115,2.6254522800445557,36582400,0.0,0.0
1997-12-15 00:00:00+05:30,4.3748040199279785,4.570312023162842,4.328125,4.478710174560547,2.718883752822876,30054400,0.0,0.0
1997-12-16 00:00:00+05:30,4.5625,4.5625,4.300780773162842,4.3953118324279785,2.6682562828063965,42470400,0.0,0.0
1997-12-17 00:00:00+05:30,4.566405773162842,4.703125,4.507812023162842,4.613670825958252,2.804553747177124,13977600,0.005859,0.0
1997-12-18 00:00:00+05:30,4.632812023162842,4.652342796325684,4.5515618324279785,4.568358898162842,2.7770097255706787,5196800,0.0,0.0
1997-12-19 00:00:00+05:30,4.576756954193115,4.601366996765137,4.566405773162842,4.59375,2.7924439907073975,2022400,0.0,0.0
1997-12-22 00:00:00+05:30,4.683592796325684,4.707030773162842,4.608983993530273,4.6628899574279785,2.834472417831421,7500800,0.0,0.0
1997-12-23 00:00:00+05:30,4.667967796325684,4.7185540199279785,4.465038776397705,4.498045921325684,2.7342681884765625,8704000,0.0,0.0
1997-12-24 00:00:00+05:30,4.53125,4.648437023162842,4.503905773162842,4.6052727699279785,2.799447774887085,4582400,0.0,0.0
1997-12-25 00:00:00+05:30,4.6052727699279785,4.6052727699279785,4.6052727699279785,4.6052727699279785,2.799447774887085,0,0.0,0.0
1997-12-26 00:00:00+05:30,4.625,4.675780773162842,4.582225799560547,4.640820026397705,2.8210561275482178,13363200,0.0,0.0
1997-12-29 00:00:00+05:30,4.652342796325684,4.855467796325684,4.623045921325684,4.8103508949279785,2.9241111278533936,11673600,0.0,0.0
1997-12-30 00:00:00+05:30,4.847655773162842,4.847655773162842,4.660350799560547,4.691014766693115,2.8515689373016357,8780800,0.0,0.0
1997-12-31 00:00:00+05:30,4.726562023162842,4.900781154632568,4.726562023162842,4.847850799560547,2.946906805038452,6451200,0.0,0.0
1998-01-01 00:00:00+05:30,4.862889766693115,4.863280773162842,4.808592796325684,4.83183479309082,2.9371705055236816,3097600,0.0,0.0
1998-01-02 00:00:00+05:30,4.785155773162842,4.896288871765137,4.785155773162842,4.855467796325684,2.951535940170288,5632000,0.0,0.0
1998-01-05 00:00:00+05:30,4.875,5.132812023162842,4.875,5.025585174560547,3.0549473762512207,13081600,0.0,0.0
1998-01-06 00:00:00+05:30,5.008007049560547,5.117187023162842,4.941405773162842,4.971289157867432,3.021942377090454,14745600,0.0,0.0
1998-01-07 00:00:00+05:30,5.019530773162842,5.136717796325684,5.003905773162842,5.0419921875,3.0649213790893555,14924800,0.0,0.0
1998-01-08 00:00:00+05:30,4.98085880279541,5.013670921325684,4.820507049560547,4.833202838897705,2.938002586364746,7782400,0.0,0.0
1998-01-09 00:00:00+05:30,4.748631954193115,4.8240227699279785,4.551366806030273,4.654881954193115,2.8296048641204834,8422400,0.0,0.0
1998-01-12 00:00:00+05:30,4.612500190734863,4.612500190734863,4.492187023162842,4.515038967132568,2.7445969581604004,5299200,0.0,0.0
1998-01-13 00:00:00+05:30,4.566405773162842,4.605467796325684,4.492187023162842,4.546483993530273,2.7637112140655518,10854400,0.0,0.0
1998-01-14 00:00:00+05:30,4.679687023162842,4.737889766693115,4.6023430824279785,4.668553829193115,2.8379156589508057,5632000,0.0,0.0
1998-01-15 00:00:00+05:30,4.707030773162842,4.707030773162842,4.521288871765137,4.584374904632568,2.786745309829712,4966400,0.0,0.0
1998-01-16 00:00:00+05:30,4.589842796325684,4.628905773162842,4.550780773162842,4.582030773162842,2.785320997238159,3251200,0.0,0.0
1998-01-19 00:00:00+05:30,4.558592796325684,4.558592796325684,4.445312023162842,4.5173821449279785,2.7460217475891113,3788800,0.0,0.0
1998-01-20 00:00:00+05:30,4.199217796325684,4.589842796325684,4.199217796325684,4.532421112060547,2.755162239074707,6553600,0.0,0.0
1998-01-21 00:00:00+05:30,4.550780773162842,4.648437023162842,4.508007049560547,4.606834888458252,2.8003976345062256,3942400,0.0,0.0
1998-01-22 00:00:00+05:30,4.546875,4.639647960662842,4.542967796325684,4.553709983825684,2.768104076385498,2278400,0.0,0.0
1998-01-23 00:00:00+05:30,4.570312023162842,4.589842796325684,4.511717796325684,4.535350799560547,2.756944179534912,7526400,0.0,0.0
1998-01-26 00:00:00+05:30,4.535350799560547,4.535350799560547,4.535350799560547,4.535350799560547,2.756944179534912,0,0.0,0.0
1998-01-27 00:00:00+05:30,4.511717796325684,4.511717796325684,4.378905773162842,4.481639862060547,2.724294424057007,7552000,0.0,0.0
1998-01-28 00:00:00+05:30,4.421875,4.482420921325684,4.375,4.3857421875,2.6660003662109375,17664000,0.0,0.0
1998-01-29 00:00:00+05:30,4.277342796325684,4.335937023162842,4.21875,4.226953029632568,2.5694758892059326,3712000,0.0,0.0
1998-01-30 00:00:00+05:30,4.232420921325684,4.327342987060547,4.232420921325684,4.311522960662842,2.6208841800689697,2585600,0.0,0.0
1998-02-02 00:00:00+05:30,4.335937023162842,4.394530773162842,4.316405773162842,4.360546112060547,2.650683879852295,1766400,0.0,0.0
1998-02-03 00:00:00+05:30,4.367382049560547,4.378905773162842,4.324217796325684,4.339842796325684,2.6380982398986816,15206400,0.0,0.0
1998-02-04 00:00:00+05:30,4.37539005279541,4.40625,4.333983898162842,4.338476181030273,2.6372690200805664,14950400,0.0,0.0
1998-02-05 00:00:00+05:30,4.339842796325684,4.375,4.330078125,4.372459888458252,2.657926082611084,998400,0.0,0.0
1998-02-06 00:00:00+05:30,4.388280868530273,4.390625,4.347850799560547,4.363670825958252,2.6525838375091553,1664000,0.0,0.0
1998-02-09 00:00:00+05:30,4.375,4.394530773162842,4.347655773162842,4.382812023162842,2.6642186641693115,716800,0.0,0.0
1998-02-10 00:00:00+05:30,4.349608898162842,4.483592987060547,4.349608898162842,4.4167962074279785,2.6848769187927246,2176000,0.0,0.0
1998-02-11 00:00:00+05:30,4.488280773162842,4.492187023162842,4.375195026397705,4.414062023162842,2.683215618133545,1100800,0.0,0.0
1998-02-12 00:00:00+05:30,4.296875,4.394530773162842,4.101562023162842,4.363280773162842,2.652346611022949,1382400,0.0,0.0
1998-02-13 00:00:00+05:30,4.393750190734863,4.425780773162842,4.367187023162842,4.417187213897705,2.6851155757904053,896000,0.0,0.0
1998-02-16 00:00:00+05:30,4.417187213897705,4.417187213897705,4.417187213897705,4.417187213897705,2.6851155757904053,0,0.0,0.0
1998-02-17 00:00:00+05:30,4.613280773162842,4.699217796325684,4.579296112060547,4.644725799560547,2.823429822921753,3660800,0.0,0.0
1998-02-18 00:00:00+05:30,4.640625,4.683006763458252,4.636717796325684,4.6384758949279785,2.819632053375244,1536000,0.0,0.0
1998-02-19 00:00:00+05:30,4.667967796325684,4.667967796325684,4.6337890625,4.64296817779541,2.822362184524536,844800,0.0,0.0
1998-02-20 00:00:00+05:30,4.667967796325684,4.74160099029541,4.652342796325684,4.703906059265137,2.859405517578125,2764800,0.0,0.0
1998-02-23 00:00:00+05:30,4.757616996765137,5.174414157867432,4.740233898162842,5.171483993530273,3.1436362266540527,12339200,0.0,0.0
1998-02-24 00:00:00+05:30,5.233592987060547,5.371092796325684,5.15625,5.178124904632568,3.1476728916168213,6681600,0.0,0.0
1998-02-25 00:00:00+05:30,5.371092796325684,5.39785099029541,5.12539005279541,5.358006954193115,3.257018804550171,5324800,0.0,0.0
1998-02-26 00:00:00+05:30,5.34375,5.351562023162842,5.261717796325684,5.293944835662842,3.218078136444092,2457600,0.0,0.0
1998-02-27 00:00:00+05:30,5.292967796325684,5.550780773162842,5.292967796325684,5.462500095367432,3.3205389976501465,6220800,0.0,0.0
1998-03-02 00:00:00+05:30,5.582030773162842,5.683592796325684,5.507812023162842,5.662694931030273,3.4422335624694824,4377600,0.0,0.0
1998-03-03 00:00:00+05:30,5.585937023162842,5.585937023162842,5.3125,5.387694835662842,3.2750673294067383,5094400,0.0,0.0
1998-03-04 00:00:00+05:30,5.476562023162842,5.566405773162842,5.433592796325684,5.549023151397705,3.373133897781372,1920000,0.0,0.0
1998-03-05 00:00:00+05:30,5.507812023162842,5.585937023162842,5.4375,5.451756954193115,3.3140084743499756,1766400,0.0,0.0
1998-03-06 00:00:00+05:30,5.4490227699279785,5.498045921325684,5.415820121765137,5.4324212074279785,3.3022539615631104,1177600,0.0,0.0
1998-03-09 00:00:00+05:30,5.485351085662842,5.742187023162842,5.480467796325684,5.684178829193115,3.455292224884033,5248000,0.0,0.0
1998-03-10 00:00:00+05:30,5.60781192779541,5.664062023162842,5.566795825958252,5.630663871765137,3.4227612018585205,2304000,0.0,0.0
1998-03-11 00:00:00+05:30,5.648437023162842,5.648437023162842,5.450194835662842,5.482420921325684,3.3326475620269775,2201600,0.0,0.0
1998-03-12 00:00:00+05:30,5.437695026397705,5.523437023162842,5.429687023162842,5.501953125,3.3445217609405518,1356800,0.0,0.0
1998-03-13 00:00:00+05:30,5.501953125,5.501953125,5.501953125,5.501953125,3.3445217609405518,0,0.0,0.0
1998-03-16 00:00:00+05:30,5.558592796325684,5.94472599029541,5.558592796325684,5.855663776397705,3.559534788131714,8908800,0.0,0.0
1998-03-17 00:00:00+05:30,5.878905773162842,6.09375,5.837109088897705,6.042187213897705,3.672919273376465,12697600,0.0,0.0
1998-03-18 00:00:00+05:30,6.152342796325684,6.425780773162842,6.132812023162842,6.326756954193115,3.8459019660949707,24601600,0.0,0.0
1998-03-19 00:00:00+05:30,6.347655773162842,6.425780773162842,6.230663776397705,6.277342796325684,3.815864324569702,14592000,0.0,0.0
1998-03-20 00:00:00+05:30,6.25039005279541,6.346484184265137,6.215038776397705,6.324999809265137,3.8448333740234375,8217600,0.0,0.0
1998-03-23 00:00:00+05:30,6.3435540199279785,6.394530773162842,6.314648151397705,6.382812023162842,3.8799774646759033,2457600,0.0,0.0
1998-03-24 00:00:00+05:30,6.445312023162842,6.515625,6.203125,6.242187023162842,3.794495105743408,15513600,0.0,0.0
1998-03-25 00:00:00+05:30,6.394530773162842,6.503905773162842,6.351562023162842,6.396288871765137,3.888169050216675,4992000,0.0,0.0
1998-03-26 00:00:00+05:30,6.257812023162842,6.367187023162842,6.257812023162842,6.2859368324279785,3.8210880756378174,2432000,0.0,0.0
1998-03-27 00:00:00+05:30,6.300780773162842,6.71875,6.230467796325684,6.63417911529541,4.032778739929199,22400000,0.0,0.0
1998-03-30 00:00:00+05:30,6.714842796325684,7.002929210662842,6.714842796325684,6.783984184265137,4.123839855194092,18483200,0.0,0.0
1998-03-31 00:00:00+05:30,6.828125,7.34375,6.828125,7.227148056030273,4.3932318687438965,47462400,0.0,0.0
1998-04-01 00:00:00+05:30,7.285155773162842,7.597655773162842,7.1962890625,7.561327934265137,4.596372604370117,34611200,0.0,0.0
1998-04-02 00:00:00+05:30,7.425780773162842,7.714842796325684,7.391406059265137,7.563476085662842,4.597676753997803,30873600,0.0,0.0
1998-04-03 00:00:00+05:30,7.449217796325684,7.585937023162842,7.383203029632568,7.565039157867432,4.598628997802734,11084800,0.0,0.0
1998-04-06 00:00:00+05:30,7.65625,7.871092796325684,7.597655773162842,7.837890148162842,4.764488697052002,20070400,0.0,0.0
1998-04-07 00:00:00+05:30,7.863280773162842,8.30078125,7.839842796325684,7.999022960662842,4.8624372482299805,16153600,0.0,0.0
1998-04-08 00:00:00+05:30,7.999022960662842,7.999022960662842,7.999022960662842,7.999022960662842,4.8624372482299805,0,0.0,0.0
1998-04-09 00:00:00+05:30,8.496092796325684,8.726561546325684,8.203125,8.690428733825684,5.282729625701904,19737600,0.0,0.0
1998-04-10 00:00:00+05:30,8.78125,8.78125,8.06640625,8.1201171875,4.936049938201904,35302400,0.0,0.0
1998-04-13 00:00:00+05:30,8.007811546325684,8.007811546325684,7.324217796325684,7.362500190734863,4.475509166717529,21145600,0.0,0.0
1998-04-14 00:00:00+05:30,7.362500190734863,7.362500190734863,7.362500190734863,7.362500190734863,4.475509166717529,0,0.0,0.0
1998-04-15 00:00:00+05:30,7.925780773162842,7.925780773162842,7.695312023162842,7.855467796325684,4.775173187255859,8704000,0.0,0.0
1998-04-16 00:00:00+05:30,7.929687023162842,8.59375,7.722655773162842,8.176756858825684,4.970479488372803,32537600,0.0,0.0
1998-04-17 00:00:00+05:30,8.046875,8.730467796325684,8.046875,8.66835880279541,5.269312381744385,47334400,0.0,0.0
1998-04-20 00:00:00+05:30,8.789061546325684,9.05078125,8.652342796325684,8.724803924560547,5.303622722625732,34918400,0.0,0.0
1998-04-21 00:00:00+05:30,8.710936546325684,8.902342796325684,8.59375,8.696483612060547,5.286410808563232,20172800,0.0,0.0
1998-04-22 00:00:00+05:30,9.492186546325684,9.527342796325684,8.839842796325684,8.914061546325684,5.41867208480835,37913600,0.0,0.0
1998-04-23 00:00:00+05:30,8.80078125,8.882811546325684,8.48671817779541,8.58867073059082,5.220872402191162,24140800,0.0,0.0
1998-04-24 00:00:00+05:30,8.5,8.710936546325684,8.10585880279541,8.457225799560547,5.1409687995910645,30233600,0.0,0.0
1998-04-27 00:00:00+05:30,8.476561546325684,8.55078125,8.242186546325684,8.3212890625,5.058334827423096,11801600,0.0,0.0
1998-04-28 00:00:00+05:30,8.37890625,8.456640243530273,8.208006858825684,8.42167854309082,5.119361400604248,18432000,0.0,0.0
1998-04-29 00:00:00+05:30,8.4375,8.476561546325684,8.304686546325684,8.339452743530273,5.069377899169922,10214400,0.0,0.0
1998-04-30 00:00:00+05:30,8.322264671325684,8.507811546325684,8.263670921325684,8.478514671325684,5.164796829223633,22809600,0.017578,0.0
1998-05-01 00:00:00+05:30,8.478514671325684,8.478514671325684,8.478514671325684,8.478514671325684,5.164796829223633,0,0.0,0.0
1998-05-04 00:00:00+05:30,8.515625,8.828125,8.515625,8.797459602355957,5.359085559844971,37836800,0.0,0.0
1998-05-05 00:00:00+05:30,8.820311546325684,8.945311546325684,8.75,8.906834602355957,5.425713539123535,26598400,0.0,0.0
1998-05-06 00:00:00+05:30,8.84765625,8.92578125,8.730467796325684,8.867382049560547,5.401681900024414,27520000,0.0,0.0
1998-05-07 00:00:00+05:30,8.867382049560547,8.867382049560547,8.867382049560547,8.867382049560547,5.401681900024414,0,0.0,0.0
1998-05-08 00:00:00+05:30,8.92578125,9.101561546325684,8.839842796325684,8.98828125,5.475329399108887,48281600,0.0,0.0
1998-05-11 00:00:00+05:30,8.984375,9.199217796325684,8.984375,9.18105411529541,5.592757701873779,53913600,0.0,0.0
1998-05-12 00:00:00+05:30,9.023436546325684,9.042967796325684,8.710936546325684,8.913084983825684,5.429520130157471,76774400,0.0,0.0
1998-05-13 00:00:00+05:30,8.859375,8.94140625,8.39921760559082,8.568944931030273,5.219882488250732,56908800,0.0,0.0
1998-05-14 00:00:00+05:30,8.398436546325684,8.92578125,8.398436546325684,8.890625,5.4158406257629395,67328000,0.0,0.0
1998-05-15 00:00:00+05:30,8.898436546325684,9.074023246765137,8.867186546325684,8.951170921325684,5.4527201652526855,36352000,0.0,0.0
1998-05-18 00:00:00+05:30,8.996092796325684,9.148436546325684,8.98828125,9.069531440734863,5.524822235107422,28416000,0.0,0.0
1998-05-19 00:00:00+05:30,9.070311546325684,9.261717796325684,9.070311546325684,9.240234375,5.628808498382568,27520000,0.0,0.0
1998-05-20 00:00:00+05:30,9.296875,9.859375,9.296875,9.766406059265137,5.949332237243652,89984000,0.0,0.0
1998-05-21 00:00:00+05:30,9.820311546325684,9.86328125,9.304686546325684,9.393163681030273,5.7219672203063965,64563200,0.0,0.0
1998-05-22 00:00:00+05:30,9.390625,9.62890625,9.375,9.564647674560547,5.8264288902282715,26777600,0.0,0.0
1998-05-25 00:00:00+05:30,9.31640625,9.73828125,9.31640625,9.596875190734863,5.846060276031494,43212800,0.0,0.0
1998-05-26 00:00:00+05:30,9.574217796325684,9.69140625,9.433592796325684,9.513867378234863,5.795495510101318,46873600,0.0,0.0
1998-05-27 00:00:00+05:30,9.62890625,9.959959983825684,9.570311546325684,9.695507049560547,5.906142711639404,27110400,0.0,0.0
1998-05-28 00:00:00+05:30,9.69140625,9.804686546325684,9.589842796325684,9.622655868530273,5.8617682456970215,8908800,0.0,0.0
1998-05-29 00:00:00+05:30,9.570311546325684,9.648436546325684,9.063671112060547,9.53515625,5.8084635734558105,13696000,0.0,0.0
1998-06-01 00:00:00+05:30,9.636717796325684,10.15625,9.636717796325684,9.782421112060547,5.959087371826172,24576000,0.0,0.0
1998-06-02 00:00:00+05:30,9.746092796325684,9.804686546325684,9.421875,9.496874809265137,5.785144329071045,14156800,0.0,0.0
1998-06-03 00:00:00+05:30,9.648436546325684,9.664061546325684,8.84765625,9.169726371765137,5.585855960845947,23321600,0.0,0.0
1998-06-04 00:00:00+05:30,9.179686546325684,9.257811546325684,8.91015625,8.981054306030273,5.470926761627197,12902400,0.0,0.0
1998-06-05 00:00:00+05:30,8.933592796325684,8.933592796325684,8.14453125,8.214842796325684,5.004177570343018,27161600,0.0,0.0
1998-06-08 00:00:00+05:30,8.164061546325684,8.23828125,7.395116806030273,7.529491901397705,4.586686611175537,22297600,0.0,0.0
1998-06-09 00:00:00+05:30,7.742187023162842,8.28105354309082,7.527342796325684,8.28105354309082,5.044511318206787,15488000,0.0,0.0
1998-06-10 00:00:00+05:30,8.4375,8.53515625,7.71875,8.016796112060547,4.8835344314575195,19328000,0.0,0.0
1998-06-11 00:00:00+05:30,7.933592796325684,8.765625,7.601562023162842,8.620311737060547,5.251173496246338,49331200,0.0,0.0
1998-06-12 00:00:00+05:30,8.80078125,9.183592796325684,8.75,8.933789253234863,5.442134380340576,23808000,0.0,0.0
1998-06-15 00:00:00+05:30,8.789061546325684,8.828125,8.042186737060547,8.087499618530273,4.926604747772217,32896000,0.0,0.0
1998-06-16 00:00:00+05:30,7.890625,8.339842796325684,7.34375,7.871874809265137,4.795255184173584,33356800,0.0,0.0
1998-06-17 00:00:00+05:30,8.19765567779541,8.65761661529541,8.19765567779541,8.628125190734863,5.25593376159668,7142400,0.0,0.0
1998-06-18 00:00:00+05:30,8.730467796325684,8.941015243530273,8.29726505279541,8.402148246765137,5.118277072906494,12928000,0.0,0.0
1998-06-19 00:00:00+05:30,8.12890625,8.16015625,7.726562023162842,7.996874809265137,4.871399879455566,16153600,0.0,0.0
1998-06-22 00:00:00+05:30,7.617578029632568,7.765625,7.304687023162842,7.635351181030273,4.651174068450928,16768000,0.0,0.0
1998-06-23 00:00:00+05:30,7.519530773162842,8.39453125,7.402342796325684,8.34023380279541,5.080561637878418,22041600,0.0,0.0
1998-06-24 00:00:00+05:30,8.515625,8.960936546325684,8.320311546325684,8.924022674560547,5.436185836791992,36915200,0.0,0.0
1998-06-25 00:00:00+05:30,8.980467796325684,9.199217796325684,8.59414005279541,8.86855411529541,5.40239143371582,46924800,0.0,0.0
1998-06-26 00:00:00+05:30,8.84765625,8.84765625,8.632811546325684,8.72011661529541,5.311972618103027,17792000,0.0,0.0
1998-06-29 00:00:00+05:30,8.657421112060547,9.03515625,8.515625,8.910937309265137,5.4282121658325195,34534400,0.0,0.0
1998-06-30 00:00:00+05:30,8.945311546325684,8.980467796325684,8.59375,8.626171112060547,5.254744052886963,39833600,0.0,0.0
1998-07-01 00:00:00+05:30,8.671875,8.726561546325684,8.39453125,8.561327934265137,5.215242385864258,17049600,0.0,0.0
1998-07-02 00:00:00+05:30,8.460936546325684,8.651952743530273,8.4375,8.529101371765137,5.19561243057251,9779200,0.0,0.0
1998-07-03 00:00:00+05:30,8.554686546325684,8.851561546325684,8.476561546325684,8.5283203125,5.195136070251465,34790400,0.0,0.0
1998-07-06 00:00:00+05:30,8.554686546325684,9.042967796325684,8.55078125,8.965039253234863,5.461169719696045,20736000,0.0,0.0
1998-07-07 00:00:00+05:30,9.058592796325684,9.558592796325684,9.027342796325684,9.426953315734863,5.742552757263184,36044800,0.0,0.0
1998-07-08 00:00:00+05:30,9.570311546325684,9.976170539855957,9.570311546325684,9.89785099029541,6.0294036865234375,48358400,0.0,0.0
1998-07-09 00:00:00+05:30,9.921289443969727,10.052928924560547,9.537694931030273,9.758398056030273,5.944454193115234,116940800,0.0,0.0
1998-07-10 00:00:00+05:30,9.84375,9.84375,9.578906059265137,9.756053924560547,5.943027973175049,34892800,0.0,0.0
1998-07-13 00:00:00+05:30,9.824217796325684,9.921875,9.648436546325684,9.7138671875,5.917328357696533,33689600,0.0,0.0
1998-07-14 00:00:00+05:30,9.589842796325684,9.960936546325684,9.589842796325684,9.7919921875,5.9649176597595215,32409600,0.0,0.0
1998-07-15 00:00:00+05:30,10.058592796325684,10.136717796325684,9.882811546325684,9.935155868530273,6.052127361297607,41369600,0.0,0.0
1998-07-16 00:00:00+05:30,10.09765625,10.34375,10.01992130279541,10.296092987060547,6.271997928619385,40780800,0.0,0.0
1998-07-17 00:00:00+05:30,10.33203125,10.33203125,10.09765625,10.208593368530273,6.218697547912598,19532800,0.0,0.0
1998-07-20 00:00:00+05:30,10.15625,10.156444549560547,9.90273380279541,9.952733993530273,6.062836647033691,15769600,0.0,0.0
1998-07-21 00:00:00+05:30,9.92226505279541,10.03515625,9.687694549560547,9.740625381469727,5.933628559112549,12800000,0.0,0.0
1998-07-22 00:00:00+05:30,9.851561546325684,9.921875,9.734375,9.871679306030273,6.013460636138916,17459200,0.0,0.0
1998-07-23 00:00:00+05:30,9.84375,9.84375,9.5,9.58242130279541,5.837255001068115,16281600,0.0,0.0
1998-07-24 00:00:00+05:30,9.53125,9.667967796325684,9.40625,9.604686737060547,5.850819110870361,16153600,0.0,0.0
1998-07-27 00:00:00+05:30,9.574217796325684,9.819920539855957,9.571874618530273,9.703319549560547,5.910902976989746,13158400,0.0,0.0
1998-07-28 00:00:00+05:30,9.695507049560547,10.476561546325684,9.6875,10.25859260559082,6.249154567718506,30156800,0.0,0.0
1998-07-29 00:00:00+05:30,10.25390625,10.398436546325684,10.132811546325684,10.25917911529541,6.249510765075684,10060800,0.0,0.0
1998-07-30 00:00:00+05:30,10.261717796325684,10.28125,10.058789253234863,10.210545539855957,6.219885349273682,9548800,0.0,0.0
1998-07-31 00:00:00+05:30,10.3125,10.3125,10.070311546325684,10.18046760559082,6.201562404632568,7372800,0.0,0.0
1998-08-03 00:00:00+05:30,10.08203125,10.308592796325684,9.964842796325684,10.2021484375,6.21476936340332,23833600,0.0,0.0
1998-08-04 00:00:00+05:30,10.183592796325684,10.273436546325684,10.062694549560547,10.160350799560547,6.189309120178223,9625600,0.0,0.0
1998-08-05 00:00:00+05:30,9.921875,10.19140625,9.883007049560547,10.157031059265137,6.187287330627441,13132800,0.0,0.0
1998-08-06 00:00:00+05:30,10.20703125,10.3125,10.082225799560547,10.1865234375,6.205253601074219,15078400,0.0,0.0
1998-08-07 00:00:00+05:30,10.273045539855957,10.886327743530273,10.25136661529541,10.697460174560547,6.516496658325195,57318400,0.0,0.0
1998-08-10 00:00:00+05:30,10.72265625,10.87890625,10.667967796325684,10.74257755279541,6.543979167938232,32000000,0.0,0.0
1998-08-11 00:00:00+05:30,10.717577934265137,10.78125,10.64453125,10.685742378234863,6.509359836578369,19276800,0.0,0.0
1998-08-12 00:00:00+05:30,10.554686546325684,10.585741996765137,10.0625,10.19960880279541,6.2132248878479,51916800,0.0,0.0
1998-08-13 00:00:00+05:30,10.195311546325684,10.371092796325684,9.984375,10.202539443969727,6.21500825881958,36019200,0.0,0.0
1998-08-14 00:00:00+05:30,10.1875,10.25,10.03945255279541,10.18300724029541,6.203108310699463,36198400,0.0,0.0
1998-08-17 00:00:00+05:30,10.15625,10.192968368530273,9.824217796325684,9.8681640625,6.011319637298584,31590400,0.0,0.0
1998-08-18 00:00:00+05:30,9.86328125,9.86328125,9.62929630279541,9.71523380279541,5.918161392211914,36684800,0.0,0.0
1998-08-19 00:00:00+05:30,9.83925724029541,10.136717796325684,9.796875,9.896678924560547,6.028689384460449,25984000,0.0,0.0
1998-08-20 00:00:00+05:30,9.960545539855957,10.21875,9.960545539855957,10.183398246765137,6.203348636627197,22860800,0.0,0.0
1998-08-21 00:00:00+05:30,10.15625,10.15625,10.015625,10.055858612060547,6.12565803527832,11520000,0.0,0.0
1998-08-24 00:00:00+05:30,10.09765625,10.19140625,10.01953125,10.156834602355957,6.187168121337891,10316800,0.0,0.0
1998-08-25 00:00:00+05:30,10.19140625,10.507811546325684,10.171875,10.41933536529541,6.347072601318359,18380800,0.0,0.0
1998-08-26 00:00:00+05:30,10.41933536529541,10.41933536529541,10.41933536529541,10.41933536529541,6.347072601318359,0,0.0,0.0
1998-08-27 00:00:00+05:30,10.429686546325684,10.523436546325684,10.324217796325684,10.360156059265137,6.31102180480957,8678400,0.0,0.0
1998-08-28 00:00:00+05:30,10.275585174560547,10.275585174560547,9.960936546325684,10.04238224029541,6.117446422576904,14592000,0.0,0.0
1998-08-31 00:00:00+05:30,10.0,10.058592796325684,9.85234260559082,10.0244140625,6.106504440307617,8678400,0.0,0.0
1998-09-01 00:00:00+05:30,9.84765625,9.851561546325684,9.453125,9.527148246765137,5.803582668304443,20992000,0.0,0.0
1998-09-02 00:00:00+05:30,9.804686546325684,9.882811546325684,9.62929630279541,9.671483993530273,5.89150857925415,13568000,0.0,0.0
1998-09-03 00:00:00+05:30,9.71875,9.784375190734863,9.516600608825684,9.618749618530273,5.859385013580322,15027200,0.0,0.0
1998-09-04 00:00:00+05:30,9.690625190734863,9.757811546325684,9.422850608825684,9.536718368530273,5.809415340423584,23168000,0.0,0.0
1998-09-07 00:00:00+05:30,9.62890625,9.6875,9.5712890625,9.671289443969727,5.891390323638916,7910400,0.0,0.0
1998-09-08 00:00:00+05:30,9.617186546325684,9.6669921875,9.498242378234863,9.630859375,5.866762638092041,15436800,0.0,0.0
1998-09-09 00:00:00+05:30,9.6875,9.859375,9.53125,9.5888671875,5.841183185577393,17075200,0.0,0.0
1998-09-10 00:00:00+05:30,9.492186546325684,9.564453125,9.306835174560547,9.43398380279541,5.746832847595215,19814400,0.0,0.0
1998-09-11 00:00:00+05:30,9.37890625,9.39453125,9.004881858825684,9.055858612060547,5.51649284362793,39270400,0.0,0.0
1998-09-14 00:00:00+05:30,9.121092796325684,9.21875,8.992186546325684,9.16445255279541,5.582643508911133,16256000,0.0,0.0
1998-09-15 00:00:00+05:30,9.121092796325684,9.23828125,9.03495979309082,9.104101181030273,5.5458807945251465,21990400,0.0,0.0
1998-09-16 00:00:00+05:30,9.179686546325684,9.257420539855957,9.0625,9.087889671325684,5.536004543304443,12032000,0.0,0.0
1998-09-17 00:00:00+05:30,9.08203125,9.171289443969727,9.027342796325684,9.064647674560547,5.521847724914551,6348800,0.0,0.0
1998-09-18 00:00:00+05:30,9.023436546325684,9.155077934265137,8.949217796325684,9.095703125,5.540765285491943,12185600,0.0,0.0
1998-09-21 00:00:00+05:30,9.167967796325684,9.210936546325684,9.066991806030273,9.094921112060547,5.540290355682373,8166400,0.0,0.0
1998-09-22 00:00:00+05:30,9.132811546325684,9.171875,9.015625,9.05019474029541,5.513040065765381,11289600,0.0,0.0
1998-09-23 00:00:00+05:30,9.179686546325684,9.589842796325684,9.171875,9.5302734375,5.805487155914307,23040000,0.0,0.0
1998-09-24 00:00:00+05:30,9.585936546325684,9.679686546325684,9.5556640625,9.598437309265137,5.847010135650635,9267200,0.0,0.0
1998-09-25 00:00:00+05:30,9.5712890625,9.953125,9.515819549560547,9.808398246765137,5.97490930557251,20582400,0.0,0.0
1998-09-28 00:00:00+05:30,9.84375,10.058592796325684,9.804686546325684,9.8876953125,6.023218154907227,17280000,0.0,0.0
1998-09-29 00:00:00+05:30,9.94140625,10.078125,9.770506858825684,9.880468368530273,6.018813610076904,16384000,0.0,0.0
1998-09-30 00:00:00+05:30,9.76953125,9.960936546325684,9.652342796325684,9.868945121765137,6.011795520782471,16153600,0.0,0.0
1998-10-01 00:00:00+05:30,9.868945121765137,9.868945121765137,9.868945121765137,9.868945121765137,6.011795520782471,0,0.0,0.0
1998-10-02 00:00:00+05:30,9.868945121765137,9.868945121765137,9.868945121765137,9.868945121765137,6.011795520782471,0,0.0,0.0
1998-10-05 00:00:00+05:30,9.47265625,9.570311546325684,9.07949161529541,9.07949161529541,5.530888557434082,16281600,0.0,0.0
1998-10-06 00:00:00+05:30,8.886717796325684,8.94140625,8.361328125,8.867382049560547,5.401681900024414,24755200,0.0,0.0
1998-10-07 00:00:00+05:30,9.00390625,9.558592796325684,9.00390625,9.51933479309082,5.798825740814209,28595200,0.0,0.0
1998-10-08 00:00:00+05:30,9.565625190734863,9.62890625,8.886717796325684,9.00390625,5.484846115112305,29107200,0.0,0.0
1998-10-09 00:00:00+05:30,9.015625,9.17578125,8.90625,9.099413871765137,5.54302453994751,23270400,0.0,0.0
1998-10-12 00:00:00+05:30,9.25390625,9.371092796325684,8.922459602355957,9.017187118530273,5.492937088012695,37913600,0.0,0.0
1998-10-13 00:00:00+05:30,8.945311546325684,9.007811546325684,8.476561546325684,8.549609184265137,5.208105087280273,41241600,0.0,0.0
1998-10-14 00:00:00+05:30,8.710936546325684,9.214842796325684,8.632811546325684,9.17617130279541,5.589787006378174,66483200,0.0,0.0
1998-10-15 00:00:00+05:30,9.230077743530273,9.296875,8.996092796325684,9.123045921325684,5.557421684265137,34892800,0.0,0.0
1998-10-16 00:00:00+05:30,9.234375,9.339842796325684,8.945507049560547,9.03261661529541,5.5023345947265625,29004800,0.0,0.0
1998-10-19 00:00:00+05:30,9.11328125,9.11328125,8.907225608825684,8.945116996765137,5.449032783508301,11724800,0.0,0.0
1998-10-20 00:00:00+05:30,8.980467796325684,8.980467796325684,8.59375,8.846875190734863,5.389186382293701,29721600,0.0,0.0
1998-10-21 00:00:00+05:30,8.846875190734863,8.846875190734863,8.846875190734863,8.846875190734863,5.389186382293701,0,0.0,0.0
1998-10-22 00:00:00+05:30,8.980467796325684,9.17578125,8.90625,9.1181640625,5.554447650909424,19942400,0.0,0.0
1998-10-23 00:00:00+05:30,9.072264671325684,9.328125,9.016209602355957,9.252538681030273,5.636305332183838,25344000,0.0,0.0
1998-10-26 00:00:00+05:30,9.371092796325684,9.558592796325684,9.31640625,9.398241996765137,5.725060939788818,15718400,0.0,0.0
1998-10-27 00:00:00+05:30,9.375,9.605467796325684,9.292967796325684,9.52675724029541,5.803345680236816,21452800,0.0,0.0
1998-10-28 00:00:00+05:30,9.667967796325684,9.667967796325684,9.322264671325684,9.3427734375,5.6912713050842285,9369600,0.0,0.0
1998-10-29 00:00:00+05:30,9.23828125,9.55078125,9.23828125,9.51894474029541,5.798588275909424,13644800,0.0,0.0
1998-10-30 00:00:00+05:30,9.55078125,9.646484375,9.492186546325684,9.52871036529541,5.804537773132324,13977600,0.0,0.0
1998-11-02 00:00:00+05:30,9.609375,9.618945121765137,9.417967796325684,9.55058479309082,5.817861557006836,15385600,0.0,0.0
1998-11-03 00:00:00+05:30,9.515625,9.648436546325684,9.47265625,9.572264671325684,5.83106803894043,9548800,0.0,0.0
1998-11-04 00:00:00+05:30,9.572264671325684,9.572264671325684,9.572264671325684,9.572264671325684,5.83106803894043,0,0.0,0.0
1998-11-05 00:00:00+05:30,9.683592796325684,9.683592796325684,9.476561546325684,9.55996036529541,5.8235764503479,11929600,0.0,0.0
1998-11-06 00:00:00+05:30,9.541014671325684,9.550390243530273,9.4375,9.45742130279541,5.761110782623291,8166400,0.0,0.0
1998-11-09 00:00:00+05:30,9.527148246765137,9.55019474029541,9.304686546325684,9.39882755279541,5.7254180908203125,14617600,0.0,0.0
1998-11-10 00:00:00+05:30,9.39453125,9.50234317779541,9.367186546325684,9.49257755279541,5.782526016235352,6784000,0.0,0.0
1998-11-11 00:00:00+05:30,9.492186546325684,9.570311546325684,9.426366806030273,9.454687118530273,5.7594451904296875,8652800,0.0,0.0
1998-11-12 00:00:00+05:30,9.398436546325684,9.44140625,9.31640625,9.376171112060547,5.717521667480469,9318400,0.009766,0.0
1998-11-13 00:00:00+05:30,9.339842796325684,9.4033203125,9.30703067779541,9.35429573059082,5.704181671142578,3942400,0.0,0.0
1998-11-16 00:00:00+05:30,9.335936546325684,9.375,9.26601505279541,9.30058479309082,5.671430587768555,6272000,0.0,0.0
1998-11-17 00:00:00+05:30,9.287109375,9.324217796325684,9.28554630279541,9.318163871765137,5.682147979736328,2124800,0.0,0.0
1998-11-18 00:00:00+05:30,9.328125,9.53125,9.30117130279541,9.4775390625,5.779335021972656,16256000,0.0,0.0
1998-11-19 00:00:00+05:30,9.518553733825684,9.542773246765137,9.33203125,9.33203125,5.690603256225586,8985600,0.0,0.0
1998-11-20 00:00:00+05:30,9.297459602355957,9.48828125,9.286131858825684,9.341795921325684,5.696560382843018,11699200,0.0,0.0
1998-11-23 00:00:00+05:30,9.28554630279541,9.296875,9.179686546325684,9.19140625,5.604855537414551,8089600,0.0,0.0
1998-11-24 00:00:00+05:30,9.210936546325684,9.31640625,9.129881858825684,9.235156059265137,5.631532669067383,16409600,0.0,0.0
1998-11-25 00:00:00+05:30,9.235156059265137,9.235156059265137,9.235156059265137,9.235156059265137,5.631532669067383,0,0.0,0.0
1998-11-26 00:00:00+05:30,9.179686546325684,9.291014671325684,9.140625,9.179686546325684,5.5977067947387695,14745600,0.0,0.0
1998-11-27 00:00:00+05:30,9.171875,9.191015243530273,9.07460880279541,9.15625,5.58341646194458,7270400,0.0,0.0
1998-11-30 00:00:00+05:30,9.015625,9.121092796325684,8.87929630279541,9.103514671325684,5.5512566566467285,8601600,0.0,0.0
1998-12-01 00:00:00+05:30,9.08203125,9.31640625,9.058592796325684,9.251953125,5.641776084899902,12800000,0.0,0.0
1998-12-02 00:00:00+05:30,9.21875,9.31640625,9.164061546325684,9.25390625,5.642965316772461,8243200,0.0,0.0
1998-12-03 00:00:00+05:30,9.230664253234863,9.335741996765137,9.220703125,9.295507431030273,5.668334484100342,6118400,0.0,0.0
1998-12-04 00:00:00+05:30,9.289061546325684,9.507811546325684,9.289061546325684,9.476561546325684,5.778739929199219,13952000,0.0,0.0
1998-12-07 00:00:00+05:30,9.511717796325684,9.871092796325684,9.484375,9.78554630279541,5.967155456542969,17792000,0.0,0.0
1998-12-08 00:00:00+05:30,9.8125,10.252928733825684,9.804686546325684,10.214842796325684,6.228939533233643,21606400,0.0,0.0
1998-12-09 00:00:00+05:30,10.117186546325684,10.226561546325684,10.047069549560547,10.132811546325684,6.178914546966553,17561600,0.0,0.0
1998-12-10 00:00:00+05:30,10.17578125,10.17578125,10.03515625,10.103514671325684,6.161050796508789,6937600,0.0,0.0
1998-12-11 00:00:00+05:30,10.11328125,10.214842796325684,10.039061546325684,10.195311546325684,6.2170281410217285,13414400,0.0,0.0
1998-12-14 00:00:00+05:30,10.195311546325684,10.39453125,10.195311546325684,10.273436546325684,6.2646684646606445,18022400,0.0,0.0
1998-12-15 00:00:00+05:30,10.273436546325684,10.273436546325684,10.039061546325684,10.12890625,6.176534652709961,15232000,0.0,0.0
1998-12-16 00:00:00+05:30,10.09375,10.09375,9.836523056030273,9.970703125,6.080062389373779,13516800,0.0,0.0
1998-12-17 00:00:00+05:30,9.833984375,10.03105354309082,9.80078125,9.992186546325684,6.093164920806885,11648000,0.0,0.0
1998-12-18 00:00:00+05:30,10.011717796325684,10.511717796325684,10.011717796325684,10.445311546325684,6.36947774887085,43622400,0.0,0.0
1998-12-21 00:00:00+05:30,11.265625,11.28105354309082,10.449217796325684,11.28105354309082,6.879106044769287,11571200,0.0,0.0
1998-12-22 00:00:00+05:30,12.148436546325684,12.148436546325684,11.328125,11.5625,7.050727844238281,38041600,0.0,0.0
1998-12-23 00:00:00+05:30,11.678709983825684,11.90625,11.26953125,11.515625,7.0221452713012695,61184000,0.0,0.0
1998-12-24 00:00:00+05:30,11.47265625,11.476561546325684,11.25390625,11.417967796325684,6.962596416473389,17817600,0.0,0.0
1998-12-25 00:00:00+05:30,11.417967796325684,11.417967796325684,11.417967796325684,11.417967796325684,6.962596416473389,0,0.0,0.0
1998-12-28 00:00:00+05:30,11.47265625,11.59375,11.392578125,11.515625,7.0221452713012695,14617600,0.0,0.0
1998-12-29 00:00:00+05:30,11.445311546325684,11.671875,11.416014671325684,11.42578125,6.967358112335205,17228800,0.0,0.0
1998-12-30 00:00:00+05:30,11.576170921325684,11.710936546325684,11.542967796325684,11.609375,7.079313278198242,5768704,0.0,0.0
1998-12-31 00:00:00+05:30,11.640625,11.699217796325684,11.547850608825684,11.59375,7.069784641265869,3701760,0.0,0.0
1999-01-01 00:00:00+05:30,11.640625,11.65995979309082,11.554686546325684,11.589842796325684,7.067403793334961,2982656,0.0,0.0
1999-01-04 00:00:00+05:30,11.658203125,11.777342796325684,11.617186546325684,11.648436546325684,7.103131294250488,4163840,0.0,0.0
1999-01-05 00:00:00+05:30,11.632811546325684,11.871092796325684,11.507811546325684,11.867186546325684,7.236526966094971,6856960,0.0,0.0
1999-01-06 00:00:00+05:30,11.875,12.050390243530273,11.796875,11.859375,7.231760025024414,8738048,0.0,0.0
1999-01-07 00:00:00+05:30,11.835936546325684,12.417186737060547,11.835936546325684,12.230467796325684,7.458049774169922,9680384,0.0,0.0
1999-01-08 00:00:00+05:30,12.25390625,12.75390625,12.25390625,12.75390625,7.777240753173828,6855424,0.0,0.0
1999-01-11 00:00:00+05:30,12.871092796325684,12.98828125,12.589842796325684,12.65625,7.717690944671631,7362304,0.0,0.0
1999-01-12 00:00:00+05:30,12.59765625,13.668749809265137,12.539061546325684,13.668749809265137,8.335104942321777,6443008,0.0,0.0
1999-01-13 00:00:00+05:30,14.16015625,14.762304306030273,14.16015625,14.762304306030273,9.001946449279785,13330944,0.0,0.0
1999-01-14 00:00:00+05:30,14.726561546325684,15.943359375,14.496092796325684,15.820311546325684,9.647113800048828,20356352,0.0,0.0
1999-01-15 00:00:00+05:30,15.72265625,16.6015625,15.390625,15.659765243530273,9.549212455749512,16755200,0.0,0.0
1999-01-18 00:00:00+05:30,15.965429306030273,15.96875,15.429686546325684,15.62890625,9.530396461486816,7147008,0.0,0.0
1999-01-19 00:00:00+05:30,15.64453125,16.879295349121094,15.64453125,16.879295349121094,10.29287052154541,14387456,0.0,0.0
1999-01-20 00:00:00+05:30,16.879295349121094,16.879295349121094,16.879295349121094,16.879295349121094,10.29287052154541,0,0.0,0.0
1999-01-21 00:00:00+05:30,17.390625,18.229686737060547,17.3828125,18.229686737060547,11.11633014678955,8440320,0.0,0.0
1999-01-22 00:00:00+05:30,19.523046493530273,19.523046493530273,18.48046875,19.0859375,11.638467788696289,14387968,0.0,0.0
1999-01-25 00:00:00+05:30,19.08203125,19.296875,17.67578125,18.046875,11.004854202270508,11099648,0.0,0.0
1999-01-26 00:00:00+05:30,18.046875,18.046875,18.046875,18.046875,11.004854202270508,0,0.0,0.0
1999-01-27 00:00:00+05:30,18.7421875,19.13652229309082,18.1640625,18.2578125,11.133481979370117,12838144,0.0,0.0
1999-01-28 00:00:00+05:30,18.359375,18.73046875,17.3828125,17.5869140625,10.724372863769531,11460352,0.0,0.0
1999-01-29 00:00:00+05:30,17.6640625,18.47265625,17.6640625,18.41796875,11.231143951416016,14515200,0.0,0.0
1999-02-01 00:00:00+05:30,18.359375,18.4140625,17.578125,17.71484375,10.802384376525879,9889280,0.0,0.0
1999-02-02 00:00:00+05:30,17.6015625,18.046875,17.265625,17.265819549560547,10.528569221496582,15393024,0.0,0.0
1999-02-03 00:00:00+05:30,17.59765625,18.16015625,17.58203125,18.16015625,11.073931694030762,9877504,0.0,0.0
1999-02-04 00:00:00+05:30,18.1640625,18.4765625,17.8515625,17.91015625,10.921481132507324,7339520,0.0,0.0
1999-02-05 00:00:00+05:30,17.9375,19.342967987060547,17.8515625,19.342967987060547,11.795206069946289,28004608,0.0,0.0
1999-02-08 00:00:00+05:30,19.921875,20.1171875,17.795703887939453,18.2421875,11.123950958251953,20967424,0.0,0.0
1999-02-09 00:00:00+05:30,18.1640625,19.62890625,18.1640625,19.53515625,11.912400245666504,18319616,0.0,0.0
1999-02-10 00:00:00+05:30,19.7265625,19.86328125,18.984375,19.15625,11.68134593963623,9707008,0.0,2.0
1999-02-11 00:00:00+05:30,19.3203125,19.375,18.99609375,19.25,11.738510131835938,3226752,0.0,0.0
1999-02-12 00:00:00+05:30,19.4140625,19.765625,19.21875,19.375,11.814735412597656,6187904,0.0,0.0
1999-02-15 00:00:00+05:30,19.7265625,19.7265625,19.21875,19.2578125,11.743271827697754,3529344,0.0,0.0
1999-02-16 00:00:00+05:30,19.21875,19.4140625,19.1484375,19.327342987060547,11.785676956176758,2247424,0.0,0.0
1999-02-17 00:00:00+05:30,19.2578125,20.310155868530273,19.140625,20.1171875,12.267319679260254,13272320,0.0,0.0
1999-02-18 00:00:00+05:30,20.265625,20.6953125,20.1171875,20.4921875,12.495987892150879,10742144,0.0,0.0
1999-02-19 00:00:00+05:30,20.6953125,20.6953125,20.1171875,20.421875,12.45311450958252,2495360,0.0,0.0
1999-02-22 00:00:00+05:30,20.546875,20.694530487060547,19.921875,20.0,12.195856094360352,5559552,0.0,0.0
1999-02-23 00:00:00+05:30,19.9609375,20.234375,19.765625,20.078125,12.24349594116211,3792768,0.0,0.0
1999-02-24 00:00:00+05:30,20.078514099121094,20.4296875,19.90625,20.197265625,12.316149711608887,5499648,0.0,0.0
1999-02-25 00:00:00+05:30,20.234375,21.467187881469727,20.125,20.9375,12.767537117004395,13617792,0.0,0.0
1999-02-26 00:00:00+05:30,21.09375,21.2890625,20.7109375,20.9375,12.767537117004395,5950848,0.0,0.0
1999-03-01 00:00:00+05:30,24.0234375,24.421483993530273,23.3203125,24.421483993530273,14.892049789428711,8554112,0.0,0.0
1999-03-02 00:00:00+05:30,24.421483993530273,24.421483993530273,24.421483993530273,24.421483993530273,14.892049789428711,0,0.0,0.0
1999-03-03 00:00:00+05:30,26.375,26.375389099121094,25.984375,26.375389099121094,16.083520889282227,8929536,0.0,0.0
1999-03-04 00:00:00+05:30,26.328125,26.5625,24.265625,24.6875,15.054255485534668,17416448,0.0,0.0
1999-03-05 00:00:00+05:30,24.84375,25.3125,23.671875,24.9609375,15.220991134643555,20790912,0.0,0.0
1999-03-08 00:00:00+05:30,25.390625,25.765625,23.828125,24.03125,14.654084205627441,18941440,0.0,0.0
1999-03-09 00:00:00+05:30,23.82890510559082,25.234375,23.82890510559082,25.0390625,15.26863956451416,20236416,0.0,0.0
1999-03-10 00:00:00+05:30,25.5859375,25.9765625,24.453514099121094,24.7265625,15.078080177307129,17222656,0.0,0.0
1999-03-11 00:00:00+05:30,24.609375,25.734375,24.53125,25.0078125,15.24958610534668,20278784,0.0,0.0
1999-03-12 00:00:00+05:30,27.0078125,27.00859260559082,25.859375,26.6875,16.273847579956055,29203840,0.0,0.0
1999-03-15 00:00:00+05:30,26.875,26.875,26.171875,26.25078010559082,16.007537841796875,10044544,0.0,0.0
1999-03-16 00:00:00+05:30,25.4296875,25.703125,24.4921875,24.50390625,14.942303657531738,20958720,0.0,0.0
1999-03-17 00:00:00+05:30,25.390625,25.390625,23.60234260559082,24.0625,14.673138618469238,25989376,0.0,0.0
1999-03-18 00:00:00+05:30,23.90625,24.0546875,23.1328125,23.484375,14.320600509643555,8580352,0.0,0.0
1999-03-19 00:00:00+05:30,23.8203125,23.828125,22.267578125,22.875,13.949014663696289,16324480,0.0,0.0
1999-03-22 00:00:00+05:30,21.484764099121094,22.6484375,21.484764099121094,22.53125,13.739391326904297,8837504,0.0,0.0
1999-03-23 00:00:00+05:30,22.640625,22.9296875,21.640625,21.796875,13.291580200195312,22317824,0.0,0.0
1999-03-24 00:00:00+05:30,22.4609375,22.4609375,20.3125,20.8984375,12.7437162399292,21507840,0.0,0.0
1999-03-25 00:00:00+05:30,20.31328010559082,21.671875,20.31328010559082,21.2890625,12.981915473937988,19840384,0.0,0.0
1999-03-26 00:00:00+05:30,21.59375,21.953125,20.75,21.2109375,12.934277534484863,20060160,0.0,0.0
1999-03-29 00:00:00+05:30,21.2109375,21.2109375,21.2109375,21.2109375,12.934277534484863,0,0.0,0.0
1999-03-30 00:00:00+05:30,21.875,22.90625,21.689062118530273,22.90625,13.968064308166504,29875712,0.0,0.0
1999-03-31 00:00:00+05:30,23.828125,24.0234375,22.8515625,22.890625,13.958537101745605,24011008,0.0,0.0
1999-04-01 00:00:00+05:30,22.655858993530273,22.6953125,22.0703125,22.21875,13.54883098602295,16733952,0.0,0.0
1999-04-02 00:00:00+05:30,22.21875,22.21875,22.21875,22.21875,13.54883098602295,0,0.0,0.0
1999-04-05 00:00:00+05:30,20.548828125,21.796875,20.548828125,21.46875,13.0914888381958,17392768,0.0,0.0
1999-04-06 00:00:00+05:30,21.171875,21.640625,20.859375,21.4453125,13.077192306518555,16358016,0.0,0.0
1999-04-07 00:00:00+05:30,21.796875,22.732812881469727,21.7578125,22.147655487060547,13.505484580993652,30448000,0.0,0.0
1999-04-08 00:00:00+05:30,22.265625,22.421875,21.796875,22.078514099121094,13.463322639465332,17703040,0.0,0.0
1999-04-09 00:00:00+05:30,22.28125,22.3046875,20.3125,20.40625,12.443585395812988,39910656,0.0,0.0
1999-04-12 00:00:00+05:30,20.234375,21.5234375,19.1484375,21.22265625,12.941423416137695,25665408,0.0,0.0
1999-04-13 00:00:00+05:30,20.93828010559082,21.484375,20.78125,20.9375,12.767537117004395,21564288,0.0,0.0
1999-04-14 00:00:00+05:30,20.9375,20.9375,20.9375,20.9375,12.767537117004395,0,0.0,0.0
1999-04-15 00:00:00+05:30,20.8203125,21.015625,20.269140243530273,20.78125,12.672257423400879,9872640,0.0,0.0
1999-04-16 00:00:00+05:30,20.5859375,22.443750381469727,20.5859375,22.443750381469727,13.686034202575684,11803904,0.0,0.0
1999-04-19 00:00:00+05:30,21.094139099121094,21.421875,20.71875,21.1796875,12.91522216796875,8974720,0.0,0.0
1999-04-20 00:00:00+05:30,21.09375,21.484375,20.64453125,21.484375,13.101017951965332,8896512,0.0,0.0
1999-04-21 00:00:00+05:30,21.2734375,21.5625,21.1484375,21.297264099121094,12.986913681030273,3072256,0.0,0.0
1999-04-22 00:00:00+05:30,21.1484375,21.515233993530273,20.734375,21.132030487060547,12.886160850524902,8255872,0.0,0.0
1999-04-23 00:00:00+05:30,21.4453125,21.484375,20.7109375,21.171875,12.9104585647583,7758592,0.0,0.0
1999-04-26 00:00:00+05:30,19.96171760559082,20.640625,19.9609375,20.1171875,12.267319679260254,9414272,0.0,0.0
1999-04-27 00:00:00+05:30,20.1171875,20.1171875,20.1171875,20.1171875,12.267319679260254,0,0.0,0.0
1999-04-28 00:00:00+05:30,20.1171875,20.46875,19.6171875,20.3046875,12.3816556930542,6228352,0.0,0.0
1999-04-29 00:00:00+05:30,20.46875,20.59375,20.359375,20.546875,12.529338836669922,5271680,0.0,0.0
1999-04-30 00:00:00+05:30,20.390625,20.8984375,20.390625,20.703514099121094,12.62485408782959,2413824,0.0,0.0
1999-05-03 00:00:00+05:30,20.84375,20.859375,20.1484375,20.4296875,12.457879066467285,2635648,0.0,0.0
1999-05-04 00:00:00+05:30,20.5390625,21.905078887939453,20.5234375,21.5234375,13.124836921691895,9123712,0.0,0.0
1999-05-05 00:00:00+05:30,23.24492073059082,23.245311737060547,21.796875,22.96875,14.006182670593262,16496896,0.0,0.0
1999-05-06 00:00:00+05:30,23.234375,24.806249618530273,23.125,24.806249618530273,15.126668930053711,19347072,0.0,0.0
1999-05-07 00:00:00+05:30,25.578125,25.9296875,24.844139099121094,25.390625,15.483020782470703,18561664,0.0,0.0
1999-05-10 00:00:00+05:30,25.311717987060547,25.6171875,24.921875,25.15625,15.34009838104248,8571264,0.0,0.0
1999-05-11 00:00:00+05:30,25.05546760559082,25.21875,24.89140510559082,25.0,15.2448148727417,9383296,0.0,0.0
1999-05-12 00:00:00+05:30,25.1953125,25.46875,24.8046875,25.172264099121094,15.349864959716797,12447744,0.0,0.0
1999-05-13 00:00:00+05:30,25.546875,25.7734375,24.953125,25.0390625,15.26863956451416,11407232,0.0,0.0
1999-05-14 00:00:00+05:30,25.15625,25.3671875,24.921875,25.0390625,15.26863956451416,13733760,0.0,0.0
1999-05-17 00:00:00+05:30,24.921875,25.078125,23.7578125,24.15625,14.730306625366211,13644544,0.0,0.0
1999-05-18 00:00:00+05:30,24.0625,25.078125,23.984375,24.765625,15.101899147033691,19741568,0.0,0.0
1999-05-19 00:00:00+05:30,25.077733993530273,25.3125,24.64921760559082,24.921875,15.19718074798584,12166656,0.0,0.0
1999-05-20 00:00:00+05:30,25.0,25.453125,24.8046875,25.0,15.268746376037598,15785216,0.039063,0.0
1999-05-21 00:00:00+05:30,25.3046875,25.46875,24.7265625,24.844139099121094,15.173559188842773,11502976,0.0,0.0
1999-05-24 00:00:00+05:30,24.84375,25.078125,24.609375,24.96484375,15.247282981872559,6969984,0.0,0.0
1999-05-25 00:00:00+05:30,24.68828010559082,25.1953125,24.68828010559082,25.078125,15.316472053527832,6000128,0.0,0.0
1999-05-26 00:00:00+05:30,25.375,25.703125,24.921875,25.21875,15.402356147766113,17682304,0.0,0.0
1999-05-27 00:00:00+05:30,25.3515625,25.4609375,24.84375,25.0,15.268746376037598,12986240,0.0,0.0
1999-05-28 00:00:00+05:30,24.765625,24.9765625,24.2578125,24.828514099121094,15.164013862609863,19985920,0.0,0.0
1999-05-31 00:00:00+05:30,25.0,25.692577362060547,25.0,25.4296875,15.531182289123535,8236800,0.0,0.0
1999-06-01 00:00:00+05:30,25.234375,25.3828125,24.875,25.0546875,15.302155494689941,6269696,0.0,0.0
1999-06-02 00:00:00+05:30,25.0,25.2734375,24.58203125,25.086328506469727,15.32147216796875,16216064,0.0,0.0
1999-06-03 00:00:00+05:30,25.15625,25.203125,24.890625,24.96484375,15.247282981872559,4792704,0.0,0.0
1999-06-04 00:00:00+05:30,25.0859375,25.1953125,24.765625,25.000389099121094,15.268993377685547,12052608,0.0,0.0
1999-06-07 00:00:00+05:30,24.84375,25.0,24.5625,24.75,15.116072654724121,9071616,0.0,0.0
1999-06-08 00:00:00+05:30,24.609375,24.7265625,23.844139099121094,24.609375,15.03017807006836,16247040,0.0,0.0
1999-06-09 00:00:00+05:30,25.4296875,25.625,24.84375,25.037109375,15.29141902923584,15828352,0.0,0.0
1999-06-10 00:00:00+05:30,25.27226448059082,25.4296875,24.921875,25.066015243530273,15.309076309204102,8081792,0.0,0.0
1999-06-11 00:00:00+05:30,25.078125,25.15625,24.68046760559082,24.744531631469727,15.112728118896484,4944384,0.0,0.0
1999-06-14 00:00:00+05:30,23.6015625,24.5703125,23.5546875,24.52617073059082,14.979362487792969,5679104,0.0,0.0
1999-06-15 00:00:00+05:30,24.60546875,24.609375,23.765625,23.907812118530273,14.601699829101562,11062784,0.0,0.0
1999-06-16 00:00:00+05:30,23.8359375,24.296875,23.715234756469727,24.176952362060547,14.76607608795166,5465600,0.0,0.0
1999-06-17 00:00:00+05:30,24.453125,24.6328125,24.2890625,24.423046112060547,14.91637897491455,3652736,0.0,0.0
1999-06-18 00:00:00+05:30,24.6015625,24.6015625,24.07109260559082,24.153125762939453,14.75152587890625,3204480,0.0,0.0
1999-06-21 00:00:00+05:30,24.4140625,26.085546493530273,24.25468635559082,25.990625381469727,15.873778343200684,10575488,0.0,0.0
1999-06-22 00:00:00+05:30,26.171875,27.421875,26.171875,26.975000381469727,16.4749813079834,15855488,0.0,0.0
1999-06-23 00:00:00+05:30,27.109375,27.421875,26.640625,26.774608612060547,16.352596282958984,7011968,0.0,0.0
1999-06-24 00:00:00+05:30,26.6796875,27.3359375,26.447656631469727,27.065624237060547,16.530336380004883,8440704,0.0,0.0
1999-06-25 00:00:00+05:30,26.953125,29.060937881469727,26.953125,28.60038948059082,17.467695236206055,26430080,0.0,0.0
1999-06-28 00:00:00+05:30,28.9140625,29.453125,28.75,28.905078887939453,17.653785705566406,14229632,0.0,0.0
1999-06-29 00:00:00+05:30,29.09375,29.09375,28.53125,28.715625762939453,17.538066864013672,9319808,0.0,0.0
1999-06-30 00:00:00+05:30,28.828125,28.859375,28.359375,28.4453125,17.37298011779785,5262080,0.0,0.0
1999-07-01 00:00:00+05:30,28.515625,28.90625,28.44609260559082,28.63359260559082,17.48796844482422,8567168,0.0,0.0
1999-07-02 00:00:00+05:30,28.734375,28.890625,28.484375,28.559375762939453,17.442642211914062,6398336,0.0,0.0
1999-07-05 00:00:00+05:30,28.7890625,29.6796875,28.7890625,28.887109756469727,17.642807006835938,5593088,0.0,0.0
1999-07-06 00:00:00+05:30,28.9765625,29.1796875,28.59375,28.993749618530273,17.70793342590332,9654656,0.0,0.0
1999-07-07 00:00:00+05:30,29.1328125,29.686717987060547,29.0625,29.345703125,17.922895431518555,7298816,0.0,0.0
1999-07-08 00:00:00+05:30,29.37109375,29.37109375,28.91484260559082,29.086328506469727,17.76447868347168,4732672,0.0,0.0
1999-07-09 00:00:00+05:30,29.2734375,31.413280487060547,29.2734375,30.037500381469727,18.345407485961914,22137728,0.0,0.0
1999-07-12 00:00:00+05:30,30.8515625,32.44062423706055,30.46875,32.4375,19.81121063232422,28203008,0.0,0.0
1999-07-13 00:00:00+05:30,32.8984375,34.2578125,32.6171875,33.56132888793945,20.497581481933594,13993088,0.0,0.0
1999-07-14 00:00:00+05:30,33.984375,36.246482849121094,33.594139099121094,36.20429611206055,22.11178207397461,22441984,0.0,0.0
1999-07-15 00:00:00+05:30,38.3203125,38.9765625,37.140625,37.56718826293945,22.94416618347168,22147584,0.0,0.0
1999-07-16 00:00:00+05:30,37.890625,40.546875,37.890625,39.82500076293945,24.32312774658203,16752896,0.0,0.0
1999-07-19 00:00:00+05:30,40.390625,43.011329650878906,40.390625,43.011329650878906,26.2691707611084,6877568,0.0,0.0
1999-07-20 00:00:00+05:30,43.011329650878906,43.011329650878906,39.570701599121094,39.57695388793945,24.171627044677734,18154240,0.0,0.0
1999-07-21 00:00:00+05:30,36.7265625,38.7109375,36.5625,37.43476486206055,22.86328887939453,23183872,0.0,0.0
1999-07-22 00:00:00+05:30,36.853904724121094,37.10820388793945,35.3515625,36.135154724121094,22.069538116455078,20959360,0.0,0.0
1999-07-23 00:00:00+05:30,36.133201599121094,37.109375,34.84375,35.410545349121094,21.626996994018555,21220736,0.0,0.0
1999-07-26 00:00:00+05:30,35.46875,36.2890625,34.453125,35.615623474121094,21.75225067138672,12089728,0.0,0.0
1999-07-27 00:00:00+05:30,35.1953125,35.859375,34.609375,34.82148361206055,21.267223358154297,18631040,0.0,0.0
1999-07-28 00:00:00+05:30,36.6796875,37.40156173706055,36.015625,37.1484375,22.688411712646484,18416512,0.0,0.0
1999-07-29 00:00:00+05:30,37.484375,40.078125,37.484375,38.16289138793945,23.30799102783203,15396992,0.0,0.0
1999-07-30 00:00:00+05:30,37.6953125,38.08163833618164,36.83710861206055,37.84296798706055,23.11260223388672,10296832,0.0,0.0
1999-08-02 00:00:00+05:30,37.96875,40.796875,37.34375,39.943359375,24.395410537719727,28495232,0.0,0.0
1999-08-03 00:00:00+05:30,39.8359375,39.9921875,38.9453125,39.158203125,23.915878295898438,12061696,0.0,0.0
1999-08-04 00:00:00+05:30,39.453125,40.85078048706055,39.453125,40.13007736206055,24.509450912475586,16642688,0.0,0.0
1999-08-05 00:00:00+05:30,40.23515701293945,40.5859375,39.390625,39.60116958618164,24.18641471862793,7390848,0.0,0.0
1999-08-06 00:00:00+05:30,40.15625,40.92734146118164,39.703125,40.388282775878906,24.66714859008789,16282624,0.0,0.0
1999-08-09 00:00:00+05:30,39.859375,40.390625,39.453125,39.619529724121094,24.19762420654297,6105216,0.0,0.0
1999-08-10 00:00:00+05:30,39.3203125,39.71875,38.2890625,39.33281326293945,24.022523880004883,15756160,0.0,0.0
1999-08-11 00:00:00+05:30,38.28125,41.875,38.28125,41.259765625,25.199405670166016,19464704,0.0,0.0
1999-08-12 00:00:00+05:30,41.87031173706055,42.9296875,41.5625,42.50078201293945,25.95736312866211,18495232,0.0,0.0
1999-08-13 00:00:00+05:30,42.88984298706055,43.3125,42.421875,42.605857849121094,26.021530151367188,10773632,0.0,0.0
1999-08-16 00:00:00+05:30,43.4921875,43.9140625,43.046875,43.224609375,26.39944839477539,5970304,0.0,0.0
1999-08-17 00:00:00+05:30,43.4375,44.046875,43.21210861206055,43.56601333618164,26.607946395874023,10378240,0.0,0.0
1999-08-18 00:00:00+05:30,44.140625,44.3359375,43.328514099121094,43.560546875,26.60460662841797,6395392,0.0,0.0
1999-08-19 00:00:00+05:30,43.59375,44.33359146118164,42.65703201293945,42.85116958618164,26.171350479125977,4527360,0.0,0.0
1999-08-20 00:00:00+05:30,42.4609375,42.6953125,42.1953125,42.500389099121094,25.957122802734375,2692096,0.0,0.0
1999-08-23 00:00:00+05:30,42.765625,44.125,42.765625,43.25273513793945,26.41661262512207,4193664,0.0,0.0
1999-08-24 00:00:00+05:30,43.59375,43.75,42.8203125,42.99687576293945,26.260347366333008,4795264,0.0,0.0
1999-08-25 00:00:00+05:30,44.4453125,44.84257888793945,42.96875,43.859764099121094,26.7873592376709,8925056,0.0,0.0
1999-08-26 00:00:00+05:30,43.36015701293945,44.296875,43.359375,43.65546798706055,26.662574768066406,4655232,0.0,0.0
1999-08-27 00:00:00+05:30,43.78125,44.1328125,43.5546875,43.69257736206055,26.685239791870117,3212928,0.0,0.0
1999-08-30 00:00:00+05:30,43.9765625,44.0546875,43.36015701293945,43.552734375,26.599838256835938,2241920,0.0,0.0
1999-08-31 00:00:00+05:30,43.375,43.578125,43.04765701293945,43.36406326293945,26.484603881835938,4726656,0.0,0.0
1999-09-01 00:00:00+05:30,44.0625,44.0625,42.578125,42.79413986206055,26.136518478393555,3288192,0.0,0.0
1999-09-02 00:00:00+05:30,43.125,43.125,42.23593521118164,42.666015625,26.058277130126953,2763904,0.0,0.0
1999-09-03 00:00:00+05:30,42.890625,43.5546875,42.578125,43.43359375,26.527069091796875,3062144,0.0,0.0
1999-09-06 00:00:00+05:30,43.828125,45.8984375,43.5703125,45.68671798706055,27.903167724609375,12411008,0.0,0.0
1999-09-07 00:00:00+05:30,46.171875,46.390625,44.5390625,44.97421646118164,27.467998504638672,4962432,0.0,0.0
1999-09-08 00:00:00+05:30,46.32890701293945,47.72578048706055,46.2890625,46.78398513793945,28.573328018188477,5560832,0.0,0.0
1999-09-09 00:00:00+05:30,46.328514099121094,46.7578125,46.10273361206055,46.42695236206055,28.35527229309082,2109056,0.0,0.0
1999-09-10 00:00:00+05:30,46.40625,47.1796875,46.09375,46.78281021118164,28.572620391845703,6237952,0.0,0.0
1999-09-13 00:00:00+05:30,46.78281021118164,46.78281021118164,46.78281021118164,46.78281021118164,28.572620391845703,0,0.0,0.0
1999-09-14 00:00:00+05:30,47.0703125,47.0703125,45.703125,45.81718826293945,27.982858657836914,5766912,0.0,0.0
1999-09-15 00:00:00+05:30,46.4375,47.84921646118164,46.2421875,47.242576599121094,28.85340690612793,8206720,0.0,0.0
1999-09-16 00:00:00+05:30,46.875389099121094,48.171875,46.875,47.728515625,29.150197982788086,9296000,0.0,0.0
1999-09-17 00:00:00+05:30,47.6953125,51.5390625,47.6953125,51.13750076293945,31.23223114013672,16051968,0.0,0.0
1999-09-20 00:00:00+05:30,52.346092224121094,55.15625,52.346092224121094,54.85546875,33.502986907958984,15663488,0.0,0.0
1999-09-21 00:00:00+05:30,55.171875,59.244140625,55.171875,59.244140625,36.183372497558594,7432320,0.0,0.0
1999-09-22 00:00:00+05:30,59.7265625,61.71875,58.59375,60.22382736206055,36.7817268371582,22486272,0.0,0.0
1999-09-23 00:00:00+05:30,60.546875,62.187110900878906,60.1953125,60.920310974121094,37.20709228515625,16110976,0.0,0.0
1999-09-24 00:00:00+05:30,60.621482849121094,60.621482849121094,58.984375,59.562110900878906,36.377559661865234,9369472,0.0,0.0
1999-09-27 00:00:00+05:30,59.390625,60.0,54.797264099121094,54.797264099121094,33.467437744140625,18954368,0.0,0.0
1999-09-28 00:00:00+05:30,54.797264099121094,56.171875,53.3671875,54.517967224121094,33.29685592651367,15646976,0.0,0.0
1999-09-29 00:00:00+05:30,57.8125,58.87968826293945,56.6953125,57.02265548706055,34.82659149169922,13825280,0.0,0.0
1999-09-30 00:00:00+05:30,57.203125,57.890625,55.46992111206055,55.728126525878906,34.03596496582031,9083008,0.0,0.0
1999-10-01 00:00:00+05:30,56.5625,58.3984375,56.5625,56.982032775878906,34.80177307128906,18394240,0.0,0.0
1999-10-04 00:00:00+05:30,57.3203125,57.3203125,55.625,56.379295349121094,34.433650970458984,8724224,0.0,0.0
1999-10-05 00:00:00+05:30,56.63984298706055,58.203125,56.63984298706055,57.8203125,35.31376647949219,21926272,0.0,0.0
1999-10-06 00:00:00+05:30,60.546875,61.6796875,59.2265625,59.564453125,36.37899398803711,23435904,0.0,0.0
1999-10-07 00:00:00+05:30,60.46875,64.3296890258789,60.46875,64.3296890258789,39.28935623168945,20937216,0.0,0.0
1999-10-08 00:00:00+05:30,66.3984375,69.3359375,62.5,64.25898742675781,39.246177673339844,32706048,0.0,0.0
1999-10-11 00:00:00+05:30,65.1171875,67.578125,63.5234375,63.900779724121094,39.02740478515625,15590016,0.0,0.0
1999-10-12 00:00:00+05:30,64.1796875,64.453125,61.80976486206055,62.50273513793945,38.17354965209961,18227712,0.0,0.0
1999-10-13 00:00:00+05:30,59.7734375,64.0625,59.7734375,62.13359451293945,37.9481086730957,14667520,0.0,0.0
1999-10-14 00:00:00+05:30,61.328125,63.28125,61.328125,62.230079650878906,38.007022857666016,7520256,0.0,0.0
1999-10-15 00:00:00+05:30,62.421875,62.421875,59.5703125,60.16328048706055,36.744728088378906,7726208,0.0,0.0
1999-10-18 00:00:00+05:30,59.85234451293945,61.5546875,58.3984375,59.02031326293945,36.046653747558594,12191872,0.0,0.0
1999-10-19 00:00:00+05:30,59.02031326293945,59.02031326293945,59.02031326293945,59.02031326293945,36.046653747558594,0,0.0,0.0
1999-10-20 00:00:00+05:30,61.32734298706055,62.498046875,60.1640625,60.705467224121094,37.075870513916016,9482624,0.0,0.0
1999-10-21 00:00:00+05:30,61.0859375,61.08867263793945,57.4375,57.78007888793945,35.2891845703125,13757312,0.0,0.0
1999-10-22 00:00:00+05:30,56.875,56.953125,55.609375,56.13203048706055,34.282657623291016,7973120,0.0,0.0
1999-10-25 00:00:00+05:30,57.0234375,57.2265625,55.234375,56.38945388793945,34.43986511230469,11998464,0.0,0.0
1999-10-26 00:00:00+05:30,56.6015625,59.6796875,56.6015625,58.951171875,36.00442886352539,17267200,0.0,0.0
1999-10-27 00:00:00+05:30,61.5546875,61.5546875,58.59375,58.930076599121094,35.99155807495117,9428992,0.0,0.0
1999-10-28 00:00:00+05:30,58.5859375,58.5859375,56.859375,57.59531021118164,35.19033432006836,7144320,0.023438,0.0
1999-10-29 00:00:00+05:30,57.1875,57.7734375,53.4765625,54.51054763793945,33.30557632446289,23359872,0.0,0.0
1999-11-01 00:00:00+05:30,55.390625,57.34375,51.5625,52.0390625,31.795513153076172,17923456,0.0,0.0
1999-11-02 00:00:00+05:30,51.71875,56.20234298706055,51.5625,56.20234298706055,34.33925247192383,11051648,0.0,0.0
1999-11-03 00:00:00+05:30,57.56953048706055,59.5703125,56.45429611206055,58.48711013793945,35.735225677490234,21494272,0.0,0.0
1999-11-04 00:00:00+05:30,58.9453125,59.53125,58.203125,59.33124923706055,36.2509880065918,10679296,0.0,0.0
1999-11-05 00:00:00+05:30,59.5234375,62.69296646118164,59.3828125,62.07304763793945,37.92621612548828,21151104,0.0,0.0
1999-11-08 00:00:00+05:30,62.07304763793945,62.07304763793945,62.07304763793945,62.07304763793945,37.92621612548828,0,0.0,0.0
1999-11-09 00:00:00+05:30,63.28125,63.5859375,61.484375,62.469139099121094,38.168209075927734,12857088,0.0,0.0
1999-11-10 00:00:00+05:30,62.890625,63.8671875,62.34375,63.51640701293945,38.80808639526367,15993472,0.0,0.0
1999-11-11 00:00:00+05:30,63.578125,65.421875,62.1171875,62.64804458618164,38.27751922607422,14318592,0.0,0.0
1999-11-12 00:00:00+05:30,62.6953125,63.4375,62.1171875,62.69843673706055,38.308319091796875,9048320,0.0,0.0
1999-11-15 00:00:00+05:30,63.28125,63.59375,62.2578125,62.611328125,38.255088806152344,10479232,0.0,0.0
1999-11-16 00:00:00+05:30,63.0078125,64.296875,62.187889099121094,63.35468673706055,38.709259033203125,18548992,0.0,0.0
1999-11-17 00:00:00+05:30,64.453125,65.078125,63.6171875,63.6171875,38.869659423828125,10408832,0.0,0.0
1999-11-18 00:00:00+05:30,64.2578125,67.9609375,64.2578125,66.92578125,40.89120101928711,19834752,0.0,0.0
1999-11-19 00:00:00+05:30,67.4609375,68.671875,67.4609375,67.986328125,41.53917694091797,13349376,0.0,0.0
1999-11-22 00:00:00+05:30,68.28125,72.5425796508789,68.28125,71.8375015258789,43.8922004699707,19514368,0.0,0.0
1999-11-23 00:00:00+05:30,71.8375015258789,71.8375015258789,71.8375015258789,71.8375015258789,43.8922004699707,0,0.0,0.0
1999-11-24 00:00:00+05:30,72.5703125,73.1796875,70.9375,71.216796875,43.51298904418945,16322688,0.0,0.0
1999-11-25 00:00:00+05:30,71.71875,76.3515625,71.71875,74.55351257324219,45.55168914794922,32123520,0.0,0.0
1999-11-26 00:00:00+05:30,74.984375,75.9296875,74.6875,75.2640609741211,45.985809326171875,15648640,0.0,0.0
1999-11-29 00:00:00+05:30,74.6953125,74.6953125,71.109375,71.82890319824219,43.886966705322266,14984832,0.0,0.0
1999-11-30 00:00:00+05:30,71.25859069824219,72.796875,70.390625,72.0824203491211,44.0418815612793,19893248,0.0,0.0
1999-12-01 00:00:00+05:30,71.484375,75.546875,70.5546875,72.44062805175781,44.2607307434082,20949248,0.0,0.0
1999-12-02 00:00:00+05:30,72.96875,74.21875,72.265625,72.55390930175781,44.32994079589844,8741376,0.0,0.0
1999-12-03 00:00:00+05:30,73.0078125,74.140625,72.4609375,72.7738265991211,44.46430587768555,7236608,0.0,0.0
1999-12-06 00:00:00+05:30,73.28125,74.0625,72.75859069824219,73.435546875,44.86861801147461,11953920,0.0,0.0
1999-12-07 00:00:00+05:30,73.6328125,77.6953125,73.6328125,74.326171875,45.41278076171875,15384832,0.0,0.0
1999-12-08 00:00:00+05:30,77.734375,78.1171875,75.390625,77.03515625,47.06795120239258,22782080,0.0,0.0
1999-12-09 00:00:00+05:30,76.171875,77.9296875,74.53125,77.20976257324219,47.17464065551758,19315456,0.0,0.0
1999-12-10 00:00:00+05:30,77.5,79.2109375,77.5,77.923828125,47.61093521118164,16516864,0.0,0.0
1999-12-13 00:00:00+05:30,78.046875,79.2578125,75.9765625,78.6597671508789,48.06058120727539,19993728,0.0,0.0
1999-12-14 00:00:00+05:30,79.1015625,79.296875,76.84375,77.66914367675781,47.45530700683594,19234304,0.0,0.0
1999-12-15 00:00:00+05:30,76.4765625,77.34375,71.5,76.08984375,46.490379333496094,11230720,0.0,0.0
1999-12-16 00:00:00+05:30,75.78125,77.87422180175781,75.5859375,77.5453109741211,47.37964630126953,8111744,0.0,0.0
1999-12-17 00:00:00+05:30,77.734375,81.640625,77.734375,78.86796569824219,48.18778991699219,13785600,0.0,0.0
1999-12-20 00:00:00+05:30,79.6796875,80.46875,78.9453125,79.33203125,48.47134017944336,6485120,0.0,0.0
1999-12-21 00:00:00+05:30,80.0703125,85.67890930175781,79.8453140258789,85.6429672241211,52.32728576660156,16071040,0.0,0.0
1999-12-22 00:00:00+05:30,89.8851547241211,92.4945297241211,89.8851547241211,92.4945297241211,56.513511657714844,2171008,0.0,0.0
1999-12-23 00:00:00+05:30,99.8941421508789,99.8941421508789,98.4765625,99.8941421508789,61.03464889526367,2854784,0.0,0.0
1999-12-24 00:00:00+05:30,99.609375,104.484375,97.7734375,99.83984375,61.00146484375,12998400,0.0,0.0
1999-12-27 00:00:00+05:30,98.4375,100.7734375,94.5390625,98.2925796508789,60.05609130859375,6448640,0.0,0.0
1999-12-28 00:00:00+05:30,95.625,98.4375,92.96875,97.30195617675781,59.45083999633789,6875904,0.0,0.0
1999-12-29 00:00:00+05:30,101.546875,105.0863265991211,100.078125,105.0863265991211,64.20702362060547,8247296,0.0,0.0
1999-12-30 00:00:00+05:30,112.421875,113.49336242675781,109.375,113.029296875,69.06013488769531,5480064,0.0,0.0
1999-12-31 00:00:00+05:30,113.029296875,113.029296875,113.029296875,113.029296875,69.06013488769531,0,0.0,0.0
2000-01-03 00:00:00+05:30,122.0703125,122.0718765258789,122.0703125,122.0718765258789,74.58506774902344,657536,0.0,0.0
2000-01-04 00:00:00+05:30,131.25,131.837890625,126.9765625,131.6867218017578,80.45968627929688,7191808,0.0,0.0
2000-01-05 00:00:00+05:30,122.6640625,126.953125,121.1519546508789,121.1519546508789,74.02300262451172,21069440,0.0,0.0
2000-01-06 00:00:00+05:30,119.19258117675781,119.53125,111.45976257324219,111.45976257324219,68.10114288330078,10495616,0.0,0.0
2000-01-07 00:00:00+05:30,102.54296875,102.54296875,102.54296875,102.54296875,62.65306091308594,971392,0.0,0.0
2000-01-10 00:00:00+05:30,102.54296875,110.74609375,94.33984375,107.4789047241211,65.66887664794922,30230400,0.0,0.0
2000-01-11 00:00:00+05:30,103.125,107.8125,98.880859375,98.880859375,60.41551971435547,15658368,0.0,0.0
2000-01-12 00:00:00+05:30,93.359375,104.2890625,91.921875,102.1683578491211,62.42416763305664,25993472,0.0,0.0
2000-01-13 00:00:00+05:30,102.34375,102.7265625,93.99491882324219,94.45780944824219,57.713069915771484,20038400,0.0,0.0
2000-01-14 00:00:00+05:30,95.6953125,96.0703125,87.5234375,95.12812805175781,58.122623443603516,16040064,0.0,0.0
2000-01-17 00:00:00+05:30,95.3125,100.6640625,91.5625,92.74140930175781,56.66436767578125,18092928,0.0,0.0
2000-01-18 00:00:00+05:30,91.7164077758789,95.0703125,88.4765625,93.24726867675781,56.97339630126953,20290944,0.0,0.0
2000-01-19 00:00:00+05:30,98.015625,100.70703125,97.03125,100.70195007324219,61.5281982421875,19994752,0.0,0.0
2000-01-20 00:00:00+05:30,103.125,105.8671875,98.5234375,99.5863265991211,60.846553802490234,19778560,0.0,0.0
2000-01-21 00:00:00+05:30,100.78125,106.171875,97.6796875,104.8453140258789,64.05975341796875,20786048,0.0,0.0
2000-01-24 00:00:00+05:30,106.25,113.1953125,106.25,108.4281234741211,66.24884033203125,25256320,0.0,2.0
2000-01-25 00:00:00+05:30,107.8125,111.328125,104.6878890991211,110.22969055175781,67.34957885742188,20469632,0.0,0.0
2000-01-26 00:00:00+05:30,110.22969055175781,110.22969055175781,110.22969055175781,110.22969055175781,67.34957885742188,0,0.0,0.0
2000-01-27 00:00:00+05:30,118.28125,118.75,113.953125,115.48046875,70.55777740478516,12953792,0.0,2.0
2000-01-28 00:00:00+05:30,116.03125,120.296875,116.03125,118.93046569824219,72.66569519042969,17281536,0.0,0.0
2000-01-31 00:00:00+05:30,117.7421875,117.875,111.359375,112.83906555175781,68.94389343261719,7598272,0.0,0.0
2000-02-01 00:00:00+05:30,113.28125,116.40625,111.71875,115.8968734741211,70.81221008300781,7055424,0.0,0.0
2000-02-02 00:00:00+05:30,118.59375,120.3125,114.8359375,115.09062194824219,70.31959533691406,9491520,0.0,0.0
2000-02-03 00:00:00+05:30,115.875,117.34375,115.15625,116.26249694824219,71.03555297851562,6032064,0.0,0.0
2000-02-04 00:00:00+05:30,116.796875,124.21875,116.796875,123.38984680175781,75.39035034179688,20176704,0.0,0.0
2000-02-07 00:00:00+05:30,123.421875,133.26171875,123.421875,132.7531280517578,81.11123657226562,16988608,0.0,0.0
2000-02-08 00:00:00+05:30,132.734375,142.96875,132.734375,139.0343780517578,84.94903564453125,14902784,0.0,0.0
2000-02-09 00:00:00+05:30,146.859375,146.859375,134.375,136.08984375,83.14998626708984,10595520,0.0,0.0
2000-02-10 00:00:00+05:30,137.484375,144.921875,137.484375,143.890625,87.91617584228516,18777728,0.0,0.0
2000-02-11 00:00:00+05:30,144.828125,155.40234375,144.828125,155.40234375,94.94976806640625,2100224,0.0,0.0
2000-02-14 00:00:00+05:30,167.8351593017578,167.8351593017578,167.8351593017578,167.8351593017578,102.54613494873047,1518912,0.0,0.0
2000-02-15 00:00:00+05:30,167.8351593017578,167.8351593017578,154.40859985351562,155.65234375,95.10250091552734,21339968,0.0,0.0
2000-02-16 00:00:00+05:30,157.03125,160.9375,150.546875,156.84140014648438,95.82901763916016,12720448,0.0,0.0
2000-02-17 00:00:00+05:30,156.25,168.75,156.25,160.9109344482422,98.31546783447266,12125248,0.0,0.0
2000-02-18 00:00:00+05:30,162.796875,164.0625,152.734375,154.13436889648438,94.1750259399414,10628288,0.0,0.0
2000-02-21 00:00:00+05:30,153.90625,164.0625,151.578125,160.23046875,97.89968872070312,17751552,0.0,0.0
2000-02-22 00:00:00+05:30,161.546875,161.546875,152.34375,153.59530639648438,93.84566497802734,12066560,0.0,0.0
2000-02-23 00:00:00+05:30,164.0625,164.0625,141.3078155517578,143.9835968017578,87.97299194335938,11944576,0.0,0.0
2000-02-24 00:00:00+05:30,146.71875,150.765625,140.4375,145.265625,88.75630950927734,8260480,0.0,0.0
2000-02-25 00:00:00+05:30,146.875,148.27890014648438,138.28125,140.4250030517578,85.79872131347656,4929856,0.0,0.0
2000-02-28 00:00:00+05:30,139.0625,139.0625,129.19140625,132.9640655517578,81.24010467529297,7616384,0.0,0.0
2000-02-29 00:00:00+05:30,134.375,143.6015625,130.46875,137.17813110351562,83.81488800048828,16031808,0.0,0.0
2000-03-01 00:00:00+05:30,142.171875,148.15234375,140.625,148.15234375,90.52006530761719,6285824,0.0,0.0
2000-03-02 00:00:00+05:30,158.35546875,160.0046844482422,155.18905639648438,160.0046844482422,97.76177215576172,1607040,0.0,0.0
2000-03-03 00:00:00+05:30,172.8054656982422,172.8054656982422,172.8054656982422,172.8054656982422,105.58300018310547,1708224,0.0,0.0
2000-03-06 00:00:00+05:30,186.55703735351562,186.63046264648438,165.0,186.63046264648438,114.0299301147461,1385792,0.0,0.0
2000-03-07 00:00:00+05:30,200.0,201.56094360351562,200.0,201.56094360351562,123.15239715576172,3477312,0.0,0.0
2000-03-08 00:00:00+05:30,210.15625,217.68594360351562,187.265625,192.4226531982422,117.56898498535156,22432768,0.0,0.0
2000-03-09 00:00:00+05:30,198.28125,203.125,181.71875,185.2898406982422,113.21085357666016,8334720,0.0,0.0
2000-03-10 00:00:00+05:30,189.046875,199.140625,178.5398406982422,182.2624969482422,111.36117553710938,10259648,0.0,0.0
2000-03-13 00:00:00+05:30,182.8125,190.609375,167.68203735351562,167.68203735351562,102.45256042480469,7513664,0.0,0.0
2000-03-14 00:00:00+05:30,159.53125,159.53125,154.26797485351562,154.26797485351562,94.2566909790039,8390592,0.0,0.0
2000-03-15 00:00:00+05:30,142.671875,160.15625,141.9265594482422,155.7335968017578,95.15213775634766,16262144,0.0,0.0
2000-03-16 00:00:00+05:30,150.0,150.0,143.27499389648438,143.27499389648438,87.5400390625,5725568,0.0,0.0
2000-03-17 00:00:00+05:30,143.27499389648438,143.27499389648438,143.27499389648438,143.27499389648438,87.5400390625,0,0.0,0.0
2000-03-20 00:00:00+05:30,143.27499389648438,143.27499389648438,143.27499389648438,143.27499389648438,87.5400390625,0,0.0,0.0
2000-03-21 00:00:00+05:30,143.671875,154.7375030517578,132.984375,154.7375030517578,94.5435562133789,14633344,0.0,0.0
2000-03-22 00:00:00+05:30,151.5625,167.1171875,148.4375,167.0984344482422,102.09599304199219,9580544,0.0,0.0
2000-03-23 00:00:00+05:30,171.25,180.3125,158.59375,160.3757781982422,97.98851776123047,14267456,0.0,0.0
2000-03-24 00:00:00+05:30,157.96875,173.125,157.96875,169.1164093017578,103.32901763916016,12254144,0.0,0.0
2000-03-27 00:00:00+05:30,164.0625,171.859375,160.9375,161.98983764648438,98.97467041015625,8076992,0.0,0.0
2000-03-28 00:00:00+05:30,157.828125,159.375,150.95547485351562,155.43124389648438,94.96742248535156,8920448,0.0,0.0
2000-03-29 00:00:00+05:30,159.375,166.875,158.609375,159.20156860351562,97.27104187011719,6539904,0.0,0.0
2000-03-30 00:00:00+05:30,154.6875,154.6875,146.5625,152.2765655517578,93.0399169921875,7659648,0.0,0.0
2000-03-31 00:00:00+05:30,150.0,150.0,140.0945281982422,140.15859985351562,85.63594055175781,8080640,0.0,0.0
2000-04-03 00:00:00+05:30,132.828125,140.625,128.9460906982422,128.9460906982422,78.78518676757812,3743552,0.0,0.0
2000-04-04 00:00:00+05:30,118.6304702758789,118.6304702758789,118.6304702758789,118.6304702758789,72.48239135742188,400192,0.0,0.0
2000-04-05 00:00:00+05:30,110.171875,128.109375,110.171875,121.8382797241211,74.44235229492188,28349120,0.0,0.0
2000-04-06 00:00:00+05:30,122.6875,131.5859375,114.078125,131.4890594482422,80.33891296386719,30059968,0.0,0.0
2000-04-07 00:00:00+05:30,142.0085906982422,142.0085906982422,142.0085906982422,142.0085906982422,86.76628112792969,222400,0.0,0.0
2000-04-10 00:00:00+05:30,153.36953735351562,153.36953735351562,153.36953735351562,153.36953735351562,93.70772552490234,210624,0.0,0.0
2000-04-11 00:00:00+05:30,153.36953735351562,165.63906860351562,141.421875,165.6125030517578,101.18807983398438,27174080,0.0,0.0
2000-04-12 00:00:00+05:30,162.34375,165.203125,156.09375,157.453125,96.20277404785156,16391936,0.0,0.0
2000-04-13 00:00:00+05:30,154.6882781982422,154.6882781982422,144.85702514648438,144.85702514648438,88.50663757324219,3314176,0.0,0.0
2000-04-14 00:00:00+05:30,144.85702514648438,144.85702514648438,144.85702514648438,144.85702514648438,88.50663757324219,0,0.0,0.0
2000-04-17 00:00:00+05:30,133.2687530517578,133.2687530517578,133.2687530517578,133.2687530517578,81.42627716064453,220096,0.0,0.0
2000-04-18 00:00:00+05:30,133.2687530517578,137.484375,122.6078109741211,122.6078109741211,74.91254425048828,14944384,0.0,0.0
2000-04-19 00:00:00+05:30,132.40625,132.40625,112.7992172241211,113.28202819824219,69.21453094482422,25509632,0.0,0.0
2000-04-20 00:00:00+05:30,106.28125,122.15625,104.234375,118.80546569824219,72.58932495117188,36772800,0.0,0.0
2000-04-21 00:00:00+05:30,118.80546569824219,118.80546569824219,118.80546569824219,118.80546569824219,72.58932495117188,0,0.0,0.0
2000-04-24 00:00:00+05:30,121.84375,123.421875,112.65625,115.1781234741211,70.3730239868164,17368064,0.0,0.0
2000-04-25 00:00:00+05:30,112.75,115.53125,105.96406555175781,112.0679702758789,68.4727554321289,16440064,0.0,0.0
2000-04-26 00:00:00+05:30,120.9820327758789,120.9828109741211,119.546875,120.9828109741211,73.9196548461914,4330048,0.0,0.0
2000-04-27 00:00:00+05:30,124.84375,127.71875,120.9828109741211,124.81640625,76.2619857788086,24835072,0.0,0.0
2000-04-28 00:00:00+05:30,126.5625,132.625,124.296875,126.9007797241211,77.56464385986328,19109696,0.046875,0.0
2000-05-01 00:00:00+05:30,126.9007797241211,126.9007797241211,126.9007797241211,126.9007797241211,77.56464385986328,0,0.0,0.0
2000-05-02 00:00:00+05:30,128.90625,132.34375,121.015625,123.17655944824219,75.28829956054688,25582336,0.0,0.0
2000-05-03 00:00:00+05:30,114.84375,123.421875,108.39530944824219,119.5140609741211,73.04972839355469,32888000,0.0,0.0
2000-05-04 00:00:00+05:30,120.15625,128.59375,117.96875,127.80546569824219,78.1175765991211,25117504,0.0,0.0
2000-05-05 00:00:00+05:30,128.59375,136.40390014648438,128.59375,133.84375,81.808349609375,30822080,0.0,0.0
2000-05-08 00:00:00+05:30,134.359375,136.5625,117.8125,118.71562194824219,72.5616683959961,48399424,0.0,0.0
2000-05-09 00:00:00+05:30,117.203125,124.140625,109.375,123.0625,75.21859741210938,31215296,0.0,0.0
2000-05-10 00:00:00+05:30,124.21875,124.609375,117.96875,121.26484680175781,74.11978912353516,24130816,0.0,0.0
2000-05-11 00:00:00+05:30,118.90625,118.90625,107.97265625,110.32734680175781,67.43458557128906,31749632,0.0,0.0
2000-05-12 00:00:00+05:30,111.71875,114.0625,105.5078125,107.2015609741211,65.5240249633789,32175744,0.0,0.0
2000-05-15 00:00:00+05:30,106.328125,112.34375,94.5484390258789,108.42655944824219,66.27278900146484,43260224,0.0,0.0
2000-05-16 00:00:00+05:30,109.359375,110.9375,105.0,107.2484359741211,65.55268859863281,30106112,0.0,0.0
2000-05-17 00:00:00+05:30,111.9781265258789,115.82890319824219,107.515625,108.7945327758789,66.49769592285156,24953152,0.0,0.0
2000-05-18 00:00:00+05:30,108.59375,109.296875,105.5,107.7789077758789,65.87690734863281,16329728,0.0,0.0
2000-05-19 00:00:00+05:30,107.8148422241211,107.8148422241211,98.46406555175781,100.8804702758789,61.66044235229492,35789312,0.0,0.0
2000-05-22 00:00:00+05:30,97.78125,97.78125,91.109375,92.796875,56.71957015991211,27676736,0.0,0.0
2000-05-23 00:00:00+05:30,90.62577819824219,96.38749694824219,86.32890319824219,94.0054702758789,57.45826721191406,34424576,0.0,0.0
2000-05-24 00:00:00+05:30,92.203125,95.859375,89.0625,94.48905944824219,57.75383377075195,38866432,0.0,0.0
2000-05-25 00:00:00+05:30,95.15625,98.71875,93.75,94.3617172241211,57.676029205322266,34255680,0.0,0.0
2000-05-26 00:00:00+05:30,95.078125,95.90625,91.015625,93.4117202758789,57.09535217285156,36218496,0.0,0.0
2000-05-29 00:00:00+05:30,92.375,93.125,87.1890640258789,92.0523452758789,56.26449203491211,26640576,0.0,0.0
2000-05-30 00:00:00+05:30,92.578125,98.90625,91.44140625,97.92109680175781,59.851600646972656,26278080,0.0,0.0
2000-05-31 00:00:00+05:30,104.359375,109.671875,104.359375,109.35546875,66.84053802490234,21896192,0.0,0.0
2000-06-01 00:00:00+05:30,108.59375,111.2867202758789,106.765625,109.2757797241211,66.79183959960938,26854272,0.0,0.0
2000-06-02 00:00:00+05:30,110.0,120.15625,110.0,117.72187805175781,71.95429229736328,39140928,0.0,0.0
2000-06-05 00:00:00+05:30,118.75,131.8484344482422,118.75,125.03047180175781,76.42146301269531,27895872,0.0,0.0
2000-06-06 00:00:00+05:30,125.8125,127.65625,121.875,124.5570297241211,76.1321029663086,28894656,0.0,0.0
2000-06-07 00:00:00+05:30,122.65625,126.03125,120.3125,122.4468765258789,74.8423080444336,28549120,0.0,0.0
2000-06-08 00:00:00+05:30,122.578125,124.984375,121.875,123.5453109741211,75.51370239257812,20242496,0.0,0.0
2000-06-09 00:00:00+05:30,124.2171859741211,127.8101577758789,122.96875,123.98515319824219,75.78252410888672,32154624,0.0,0.0
2000-06-12 00:00:00+05:30,122.265625,124.65625,120.640625,121.31562805175781,74.15087127685547,14581632,0.0,0.0
2000-06-13 00:00:00+05:30,120.3304672241211,122.578125,116.421875,121.41328430175781,74.21054077148438,19440384,0.0,0.0
2000-06-14 00:00:00+05:30,120.140625,124.203125,120.140625,122.0796890258789,74.61787414550781,15804032,0.0,0.0
2000-06-15 00:00:00+05:30,121.90625,131.234375,121.125,129.41171264648438,79.09937286376953,47780928,0.0,0.0
2000-06-16 00:00:00+05:30,128.140625,132.65625,127.328125,131.10391235351562,80.13368225097656,32008768,0.0,0.0
2000-06-19 00:00:00+05:30,131.25,135.4375,128.921875,133.8390655517578,81.80545043945312,39349376,0.0,0.0
2000-06-20 00:00:00+05:30,133.359375,139.84375,133.359375,136.3898468017578,83.36458587646484,25223040,0.0,0.0
2000-06-21 00:00:00+05:30,139.0625,139.0625,131.71875,132.82421875,81.1851806640625,27506944,0.0,0.0
2000-06-22 00:00:00+05:30,132.8125,134.265625,131.265625,133.00936889648438,81.29835510253906,21713344,0.0,0.0
2000-06-23 00:00:00+05:30,132.75,132.75,127.59375,129.05078125,78.87877655029297,22021824,0.0,0.0
2000-06-26 00:00:00+05:30,128.1257781982422,128.1257781982422,122.6578140258789,126.2992172241211,77.19695281982422,17510144,0.0,0.0
2000-06-27 00:00:00+05:30,127.796875,129.82656860351562,125.078125,127.4609375,77.90704345703125,19903872,0.0,0.0
2000-06-28 00:00:00+05:30,126.5625,129.0625,123.46875,128.3874969482422,78.47335815429688,12160960,0.0,0.0
2000-06-29 00:00:00+05:30,129.203125,135.140625,129.203125,131.1015625,80.13225555419922,16867520,0.0,0.0
2000-06-30 00:00:00+05:30,129.78125,130.46875,127.359375,129.85000610351562,79.36725616455078,15405760,0.0,0.0
2000-07-03 00:00:00+05:30,131.09375,134.671875,131.09375,134.1179656982422,81.97591400146484,21234432,0.0,0.0
2000-07-04 00:00:00+05:30,134.6875,137.46875,134.390625,136.71640014648438,83.56414794921875,22397056,0.0,0.0
2000-07-05 00:00:00+05:30,137.3125,137.6875,133.6875,134.3820343017578,82.13736724853516,15825792,0.0,0.0
2000-07-06 00:00:00+05:30,133.828125,133.828125,130.78125,132.31640625,80.8747787475586,13693696,0.0,0.0
2000-07-07 00:00:00+05:30,132.65469360351562,134.68515014648438,132.12655639648438,132.61953735351562,81.0600814819336,16222208,0.0,0.0
2000-07-10 00:00:00+05:30,132.96875,133.75,129.125,129.63436889648438,79.23546600341797,15590016,0.0,0.0
2000-07-11 00:00:00+05:30,130.203125,133.203125,128.75,129.26953125,79.0124740600586,26963328,0.0,0.0
2000-07-12 00:00:00+05:30,129.296875,131.234375,126.40625,130.6492156982422,79.85577392578125,29184832,0.0,0.0
2000-07-13 00:00:00+05:30,132.0,133.2804718017578,124.21875,125.4867172241211,76.70032501220703,27476480,0.0,0.0
2000-07-14 00:00:00+05:30,123.43827819824219,125.59375,120.015625,121.40702819824219,74.20671844482422,54850688,0.0,0.0
2000-07-17 00:00:00+05:30,121.09375,122.1859359741211,118.90625,120.1968765258789,73.46704864501953,26524928,0.0,0.0
2000-07-18 00:00:00+05:30,120.265625,120.296875,115.1875,116.47734069824219,71.19359588623047,38106752,0.0,0.0
2000-07-19 00:00:00+05:30,110.9468765258789,116.875,110.65937805175781,114.4546890258789,69.95730590820312,30771840,0.0,0.0
2000-07-20 00:00:00+05:30,113.921875,115.22578430175781,112.578125,114.80078125,70.16883850097656,22578560,0.0,0.0
2000-07-21 00:00:00+05:30,115.22578430175781,117.34375,114.078125,114.83280944824219,70.18841552734375,28321024,0.0,0.0
2000-07-24 00:00:00+05:30,113.46875,113.46875,105.71875,107.05937194824219,65.43710327148438,33885440,0.0,0.0
2000-07-25 00:00:00+05:30,101.5625,113.203125,99.25,111.22578430175781,67.98371887207031,49228288,0.0,0.0
2000-07-26 00:00:00+05:30,113.5625,114.046875,103.1429672241211,104.0015640258789,63.56812286376953,34172416,0.0,0.0
2000-07-27 00:00:00+05:30,103.125,107.015625,99.296875,106.05000305175781,64.82017517089844,39879680,0.0,0.0
2000-07-28 00:00:00+05:30,106.640625,110.390625,105.015625,106.95780944824219,65.37503814697266,44182464,0.0,0.0
2000-07-31 00:00:00+05:30,107.03125,107.953125,103.921875,105.64453125,64.57232666015625,21621248,0.0,0.0
2000-08-01 00:00:00+05:30,106.875,107.78125,104.8843765258789,105.4398422241211,64.44721984863281,23805504,0.0,0.0
2000-08-02 00:00:00+05:30,103.5,104.03125,101.328125,103.5484390258789,63.29115676879883,26991616,0.0,0.0
2000-08-03 00:00:00+05:30,102.8125,102.8125,98.4375,100.7906265258789,61.60551452636719,26974272,0.0,0.0
2000-08-04 00:00:00+05:30,100.171875,103.578125,97.7437515258789,98.83125305175781,60.40788269042969,45206336,0.0,0.0
2000-08-07 00:00:00+05:30,99.515625,101.40625,98.75,100.60624694824219,61.492835998535156,24836928,0.0,0.0
2000-08-08 00:00:00+05:30,101.40625,116.70390319824219,101.40625,116.55078125,71.23849487304688,75971520,0.0,0.0
2000-08-09 00:00:00+05:30,120.15625,122.5,117.578125,118.3070297241211,72.31195068359375,45188416,0.0,0.0
2000-08-10 00:00:00+05:30,117.34375,119.90625,112.83280944824219,113.60234069824219,69.43633270263672,34988928,0.0,0.0
2000-08-11 00:00:00+05:30,113.078125,117.109375,111.484375,113.05546569824219,69.10208129882812,51963008,0.0,0.0
2000-08-14 00:00:00+05:30,113.984375,114.796875,112.046875,113.7578125,69.5313491821289,30925184,0.0,0.0
2000-08-15 00:00:00+05:30,113.7578125,113.7578125,113.7578125,113.7578125,69.5313491821289,0,0.0,0.0
2000-08-16 00:00:00+05:30,116.015625,121.703125,115.796875,120.86405944824219,73.87486267089844,42290944,0.0,0.0
2000-08-17 00:00:00+05:30,121.375,122.25,117.65625,118.1539077758789,72.2183609008789,23591296,0.0,0.0
2000-08-18 00:00:00+05:30,118.00312805175781,125.23359680175781,118.00312805175781,124.5453109741211,76.12493133544922,75263168,0.0,0.0
2000-08-21 00:00:00+05:30,124.984375,126.3125,121.890625,124.4671859741211,76.07716369628906,43158912,0.0,0.0
2000-08-22 00:00:00+05:30,124.765625,134.421875,124.765625,129.62265014648438,79.22832489013672,42816704,0.0,0.0
2000-08-23 00:00:00+05:30,127.234375,128.2781219482422,125.015625,125.7164077758789,76.84072875976562,25796928,0.0,0.0
2000-08-24 00:00:00+05:30,125.0,129.296875,124.390625,128.2976531982422,78.41845703125,36830464,0.0,0.0
2000-08-25 00:00:00+05:30,129.296875,129.99844360351562,126.5625,127.4351577758789,77.8912582397461,35749120,0.0,0.0
2000-08-28 00:00:00+05:30,127.1875,128.125,121.484375,121.8421859741211,74.47272491455078,25876480,0.0,0.0
2000-08-29 00:00:00+05:30,121.09452819824219,123.59375,119.859375,122.52265930175781,74.88862609863281,31858112,0.0,0.0
2000-08-30 00:00:00+05:30,121.890625,124.53125,121.875,122.69062805175781,74.99130249023438,24905024,0.0,0.0
2000-08-31 00:00:00+05:30,122.265625,132.34375,122.03984069824219,130.1062469482422,79.52391052246094,93071232,0.0,0.0
2000-09-01 00:00:00+05:30,130.1062469482422,130.1062469482422,130.1062469482422,130.1062469482422,79.52391052246094,0,0.0,0.0
2000-09-04 00:00:00+05:30,131.25,135.9375,131.25,134.52188110351562,82.22283172607422,43716224,0.0,0.0
2000-09-05 00:00:00+05:30,134.6875,135.140625,132.421875,133.31405639648438,81.48455047607422,25474368,0.0,0.0
2000-09-06 00:00:00+05:30,131.4375,132.328125,129.2195281982422,130.6328125,79.8457260131836,26717312,0.0,0.0
2000-09-07 00:00:00+05:30,129.453125,132.0,128.45468139648438,130.59530639648438,79.82281494140625,32404992,0.0,0.0
2000-09-08 00:00:00+05:30,131.09375,134.984375,131.09375,134.1046905517578,81.96785736083984,51575296,0.0,0.0
2000-09-11 00:00:00+05:30,134.375,137.890625,132.65625,135.65234375,82.9137954711914,53541568,0.0,0.0
2000-09-12 00:00:00+05:30,135.9375,139.28125,133.90780639648438,138.14688110351562,84.43849182128906,56493952,0.0,0.0
2000-09-13 00:00:00+05:30,137.625,139.828125,135.546875,136.18905639648438,83.2418212890625,56983296,0.0,0.0
2000-09-14 00:00:00+05:30,136.328125,138.046875,130.640625,134.2429656982422,82.05233764648438,83144704,0.0,0.0
2000-09-15 00:00:00+05:30,132.984375,134.75,132.03125,132.7781219482422,81.15697479248047,54026048,0.0,0.0
2000-09-18 00:00:00+05:30,132.0625,132.0625,124.453125,125.1039047241211,76.46634674072266,53970496,0.0,0.0
2000-09-19 00:00:00+05:30,123.515625,124.140625,115.78125,119.40234375,72.98143005371094,52265984,0.0,0.0
2000-09-20 00:00:00+05:30,122.65625,124.609375,118.359375,121.8187484741211,74.45838928222656,22970176,0.0,0.0
2000-09-21 00:00:00+05:30,121.046875,121.265625,117.96875,118.43359375,72.38928985595703,21081664,0.0,0.0
2000-09-22 00:00:00+05:30,117.59375,117.59375,108.984375,110.01875305175781,67.24596405029297,51416128,0.0,0.0
2000-09-25 00:00:00+05:30,114.515625,118.8203125,114.0625,117.8304672241211,72.0206527709961,36492672,0.0,0.0
2000-09-26 00:00:00+05:30,119.53125,119.53125,112.3765640258789,113.24687194824219,69.21903228759766,33702976,0.0,0.0
2000-09-27 00:00:00+05:30,112.5,117.5,109.78125,116.5804672241211,71.25662231445312,42644736,0.0,0.0
2000-09-28 00:00:00+05:30,116.265625,118.671875,113.3062515258789,115.26249694824219,70.45106506347656,33791104,0.0,0.0
2000-09-29 00:00:00+05:30,115.828125,117.34375,114.46875,115.01953125,70.30255126953125,29249344,0.0,0.0
2000-10-02 00:00:00+05:30,115.01953125,115.01953125,115.01953125,115.01953125,70.30255126953125,0,0.0,0.0
2000-10-03 00:00:00+05:30,114.453125,118.90625,111.71875,116.7281265258789,71.34689331054688,41659520,0.0,0.0
2000-10-04 00:00:00+05:30,114.0625,120.1875,114.0625,119.55781555175781,73.07644653320312,44959680,0.0,0.0
2000-10-05 00:00:00+05:30,118.515625,120.703125,116.9375,117.45390319824219,71.79048156738281,41379840,0.0,0.0
2000-10-06 00:00:00+05:30,116.875,118.35624694824219,113.14375305175781,117.7210922241211,71.95380401611328,66243904,0.0,0.0
2000-10-09 00:00:00+05:30,117.1875,117.3609390258789,114.859375,115.53047180175781,70.61486053466797,32816768,0.0,0.0
2000-10-10 00:00:00+05:30,116.390625,117.796875,113.046875,114.7007827758789,70.10773468017578,61546048,0.0,0.0
2000-10-11 00:00:00+05:30,110.9375,111.703125,106.015625,106.47578430175781,65.08039093017578,64735168,0.0,0.0
2000-10-12 00:00:00+05:30,106.09375,107.0296859741211,102.4375,106.1578140258789,64.88605499267578,69716096,0.0,0.0
2000-10-13 00:00:00+05:30,105.0,105.0,101.25077819824219,101.82734680175781,62.23919677734375,63712512,0.0,0.0
2000-10-16 00:00:00+05:30,102.484375,109.97343444824219,101.09375,101.8960952758789,62.28120803833008,62009536,0.0,0.0
2000-10-17 00:00:00+05:30,101.203125,102.765625,98.203125,101.00390625,61.73587417602539,63538624,0.0,0.0
2000-10-18 00:00:00+05:30,99.37422180175781,99.8101577758789,95.62577819824219,97.34452819824219,59.49917984008789,53980160,0.0,0.0
2000-10-19 00:00:00+05:30,96.96875,105.125,95.625,104.1773452758789,63.675567626953125,66756928,0.0,0.0
2000-10-20 00:00:00+05:30,106.25,112.34062194824219,106.25,111.3101577758789,68.0352783203125,79272448,0.0,0.0
2000-10-23 00:00:00+05:30,111.16874694824219,111.5625,106.33280944824219,107.34843444824219,65.61381530761719,51312896,0.0,0.0
2000-10-24 00:00:00+05:30,106.75,110.7601547241211,105.0,109.69140625,67.04586791992188,47601344,0.0,0.0
2000-10-25 00:00:00+05:30,113.265625,113.90625,111.71875,112.234375,68.6246337890625,45920448,0.039063,0.0
2000-10-26 00:00:00+05:30,111.5625,112.4984359741211,110.28125,111.59375,68.23292541503906,9681344,0.0,0.0
2000-10-27 00:00:00+05:30,112.015625,113.265625,111.453125,112.51484680175781,68.79611206054688,20547520,0.0,0.0
2000-10-30 00:00:00+05:30,113.109375,113.234375,110.40625,111.11796569824219,67.94200134277344,20664064,0.0,0.0
2000-10-31 00:00:00+05:30,110.9546890258789,112.09375,109.0,111.45234680175781,68.1464614868164,28122240,0.0,0.0
2000-11-01 00:00:00+05:30,114.8421859741211,115.125,113.4359359741211,114.1078109741211,69.7701416015625,28271168,0.0,0.0
2000-11-02 00:00:00+05:30,114.375,116.375,114.375,115.7406234741211,70.76850891113281,33982400,0.0,0.0
2000-11-03 00:00:00+05:30,116.09375,118.890625,115.3125,118.28125,72.32196044921875,42469760,0.0,0.0
2000-11-06 00:00:00+05:30,118.265625,119.609375,117.34375,118.74531555175781,72.60568237304688,36256064,0.0,0.0
2000-11-07 00:00:00+05:30,117.984375,120.9007797241211,117.27421569824219,120.48359680175781,73.66857147216797,35621504,0.0,0.0
2000-11-08 00:00:00+05:30,120.3125,125.21875,119.9375,124.2421875,75.96672058105469,51512384,0.0,0.0
2000-11-09 00:00:00+05:30,123.765625,125.5609359741211,123.0625,123.8062515258789,75.70014190673828,34871168,0.0,0.0
2000-11-10 00:00:00+05:30,123.59452819824219,124.046875,120.546875,120.9078140258789,73.92790985107422,31773312,0.0,0.0
2000-11-13 00:00:00+05:30,120.78125,120.78125,114.29765319824219,115.0140609741211,70.32425689697266,42099072,0.0,0.0
2000-11-14 00:00:00+05:30,114.484375,120.125,114.46875,119.5132827758789,73.07526397705078,33883136,0.0,0.0
2000-11-15 00:00:00+05:30,121.640625,122.65625,118.34375,118.8695297241211,72.68165588378906,32892992,0.0,0.0
2000-11-16 00:00:00+05:30,118.765625,120.234375,117.515625,117.921875,72.10221099853516,23760768,0.0,0.0
2000-11-17 00:00:00+05:30,117.359375,119.828125,115.34375,119.31953430175781,72.95679473876953,32750912,0.0,0.0
2000-11-20 00:00:00+05:30,120.0,120.609375,118.8125,119.6265640258789,73.14453887939453,21192640,0.0,0.0
2000-11-21 00:00:00+05:30,119.21875,119.8421859741211,117.9703140258789,119.2640609741211,72.9228744506836,26636928,0.0,0.0
2000-11-22 00:00:00+05:30,121.109375,121.515625,115.859375,116.43359375,71.1922378540039,49501056,0.0,0.0
2000-11-23 00:00:00+05:30,115.71875,116.953125,114.328125,116.20390319824219,71.05174255371094,23804032,0.0,0.0
2000-11-24 00:00:00+05:30,116.546875,117.296875,115.796875,116.53593444824219,71.2547607421875,24187200,0.0,0.0
2000-11-27 00:00:00+05:30,117.15625,118.5921859741211,116.80155944824219,118.3257827758789,72.34917449951172,32601024,0.0,0.0
2000-11-28 00:00:00+05:30,118.125,118.125,115.9375,116.49922180175781,71.23234558105469,27703936,0.0,0.0
2000-11-29 00:00:00+05:30,115.1351547241211,116.078125,113.765625,115.3421859741211,70.52487182617188,32305216,0.0,0.0
2000-11-30 00:00:00+05:30,115.46875,115.60469055175781,111.875,112.2523422241211,68.6356201171875,45687872,0.0,0.0
2000-12-01 00:00:00+05:30,111.71875,114.6070327758789,110.171875,113.87968444824219,69.63064575195312,54182464,0.0,0.0
2000-12-04 00:00:00+05:30,114.21875,114.359375,111.875,112.2242202758789,68.61842346191406,29766208,0.0,0.0
2000-12-05 00:00:00+05:30,112.265625,113.09375,110.64530944824219,112.2109375,68.61029815673828,43453632,0.0,0.0
2000-12-06 00:00:00+05:30,118.75,118.75,113.765625,114.1343765258789,69.78638458251953,41569856,0.0,0.0
2000-12-07 00:00:00+05:30,113.4375,114.59375,112.96952819824219,113.85546875,69.61583709716797,23706944,0.0,0.0
2000-12-08 00:00:00+05:30,113.45780944824219,115.91719055175781,113.45780944824219,115.49609375,70.61901092529297,39107712,0.0,0.0
2000-12-11 00:00:00+05:30,115.546875,117.125,115.03125,116.71484375,71.36418914794922,39128768,0.0,0.0
2000-12-12 00:00:00+05:30,116.875,118.4375,115.859375,116.4609375,71.20892333984375,34921984,0.0,0.0
2000-12-13 00:00:00+05:30,117.1703109741211,125.6546859741211,116.7171859741211,119.10469055175781,72.82543182373047,52094400,0.0,0.0
2000-12-14 00:00:00+05:30,119.140625,119.30000305175781,117.18827819824219,117.6624984741211,71.94361114501953,27747008,0.0,0.0
2000-12-15 00:00:00+05:30,117.734375,117.734375,112.07344055175781,112.5374984741211,68.80999755859375,50494144,0.0,0.0
2000-12-18 00:00:00+05:30,111.0367202758789,111.53125,108.40625,110.8453140258789,67.77531433105469,42354176,0.0,0.0
2000-12-19 00:00:00+05:30,110.78125,110.78125,107.2109375,107.6460952758789,65.81919860839844,46559552,0.0,0.0
2000-12-20 00:00:00+05:30,106.171875,106.171875,102.578125,103.7679672241211,63.44794464111328,60485184,0.0,0.0
2000-12-21 00:00:00+05:30,103.15625,103.15625,97.421875,98.06718444824219,59.96224594116211,57950976,0.0,0.0
2000-12-22 00:00:00+05:30,98.35624694824219,98.35624694824219,90.31327819824219,90.81327819824219,55.526920318603516,88193152,0.0,0.0
2000-12-25 00:00:00+05:30,90.81327819824219,90.81327819824219,90.81327819824219,90.81327819824219,55.526920318603516,0,0.0,0.0
2000-12-26 00:00:00+05:30,90.234375,91.796875,85.625,86.25077819824219,52.73720169067383,87180288,0.0,0.0
2000-12-27 00:00:00+05:30,86.5,90.078125,84.71875,85.75390625,52.43341827392578,93331008,0.0,0.0
2000-12-28 00:00:00+05:30,86.40625,88.75,85.8046875,86.6781234741211,52.99851608276367,68453056,0.0,0.0
2000-12-29 00:00:00+05:30,86.25,89.84375,84.87890625,88.9703140258789,54.400047302246094,89329728,0.0,0.0
2001-01-01 00:00:00+05:30,89.140625,90.6234359741211,86.875,87.4000015258789,53.43987274169922,59981248,0.0,0.0
2001-01-02 00:00:00+05:30,87.515625,89.53125,85.9375,88.7632827758789,54.2734489440918,68767872,0.0,0.0
2001-01-03 00:00:00+05:30,87.5,88.28125,85.68281555175781,87.72343444824219,53.63766098022461,64125952,0.0,0.0
2001-01-04 00:00:00+05:30,87.96875,96.71875,87.96875,95.3335952758789,58.29081344604492,71192960,0.0,0.0
2001-01-05 00:00:00+05:30,95.296875,99.984375,94.65625,99.7093734741211,60.96635437011719,67941888,0.0,0.0
2001-01-08 00:00:00+05:30,98.625,99.140625,92.671875,93.5101547241211,57.1759033203125,76229504,0.0,0.0
2001-01-09 00:00:00+05:30,92.75,94.921875,91.19062805175781,92.6234359741211,56.63371658325195,64873024,0.0,0.0
2001-01-10 00:00:00+05:30,93.7515640258789,94.19844055175781,88.0023422241211,88.5328140258789,54.13254928588867,91550336,0.0,0.0
2001-01-11 00:00:00+05:30,88.671875,89.6875,86.296875,86.6929702758789,53.00758361816406,68442560,0.0,0.0
2001-01-12 00:00:00+05:30,86.875,91.40625,86.75390625,90.6351547241211,55.41798782348633,92083584,0.0,0.0
2001-01-15 00:00:00+05:30,91.015625,97.1039047241211,90.9375,96.3960952758789,58.940452575683594,102845952,0.0,0.0
2001-01-16 00:00:00+05:30,96.7171859741211,97.484375,94.3140640258789,95.28437805175781,58.260719299316406,41221824,0.0,0.0
2001-01-17 00:00:00+05:30,99.21875,99.359375,97.03437805175781,98.4039077758789,60.16811752319336,51214528,0.0,0.0
2001-01-18 00:00:00+05:30,98.828125,101.328125,98.828125,100.47343444824219,61.43352508544922,43274496,0.0,0.0
2001-01-19 00:00:00+05:30,100.75,106.1664047241211,100.75,105.46797180175781,64.48738098144531,56089536,0.0,0.0
2001-01-22 00:00:00+05:30,106.171875,108.203125,105.5,106.8218765258789,65.31523132324219,46704576,0.0,0.0
2001-01-23 00:00:00+05:30,105.95390319824219,106.4046859741211,104.3765640258789,105.56327819824219,64.54566955566406,32817280,0.0,0.0
2001-01-24 00:00:00+05:30,106.09375,107.03125,105.0171890258789,106.69844055175781,65.23973846435547,40703168,0.0,0.0
2001-01-25 00:00:00+05:30,106.26640319824219,106.8734359741211,103.9117202758789,106.0484390258789,64.84230041503906,30341568,0.0,0.0
2001-01-26 00:00:00+05:30,106.0484390258789,106.0484390258789,106.0484390258789,106.0484390258789,64.84230041503906,0,0.0,0.0
2001-01-29 00:00:00+05:30,105.484375,105.484375,101.015625,103.6851577758789,63.39730453491211,32839808,0.0,0.0
2001-01-30 00:00:00+05:30,104.21875,108.43281555175781,104.21875,107.6343765258789,65.81202697753906,32835392,0.0,0.0
2001-01-31 00:00:00+05:30,107.0679702758789,107.765625,105.65625,106.13671875,64.89628601074219,32945152,0.0,0.0
2001-02-01 00:00:00+05:30,105.640625,105.953125,103.59765625,105.4906234741211,64.50123596191406,32992448,0.0,0.0
2001-02-02 00:00:00+05:30,105.09375,107.96875,105.08671569824219,107.2445297241211,65.57366180419922,36933888,0.0,0.0
2001-02-05 00:00:00+05:30,106.796875,106.796875,103.765625,104.13749694824219,63.673885345458984,27276480,0.0,0.0
2001-02-06 00:00:00+05:30,103.94140625,105.15625,103.765625,104.28984069824219,63.76704025268555,21435776,0.0,0.0
2001-02-07 00:00:00+05:30,105.0,105.0,100.93827819824219,101.50703430175781,62.06547927856445,35805888,0.0,0.0
2001-02-08 00:00:00+05:30,100.859375,102.484375,99.23515319824219,102.12109375,62.440982818603516,34458240,0.0,0.0
2001-02-09 00:00:00+05:30,101.71875,102.21875,100.00077819824219,100.39453125,61.38526153564453,27061504,0.0,0.0
2001-02-12 00:00:00+05:30,100.03125,100.03125,98.203125,99.515625,60.84788131713867,27284224,0.0,0.0
2001-02-13 00:00:00+05:30,99.84375,101.71875,98.94062805175781,99.58906555175781,60.89278030395508,29327680,0.0,0.0
2001-02-14 00:00:00+05:30,98.9921875,100.0,98.47734069824219,99.5054702758789,60.8416862487793,21451776,0.0,0.0
2001-02-15 00:00:00+05:30,99.23905944824219,101.87031555175781,99.21875,101.4937515258789,62.05739212036133,29909440,0.0,0.0
2001-02-16 00:00:00+05:30,101.921875,102.21875,97.5,98.35234069824219,60.13662338256836,40206656,0.0,0.0
2001-02-19 00:00:00+05:30,97.5,99.09375,96.3531265258789,98.37890625,60.152835845947266,30336704,0.0,0.0
2001-02-20 00:00:00+05:30,98.515625,98.984375,97.4375,97.8382797241211,59.82228088378906,23045696,0.0,0.0
2001-02-21 00:00:00+05:30,96.875,96.875,91.5625,92.33280944824219,56.45601272583008,65310336,0.0,0.0
2001-02-22 00:00:00+05:30,92.03125,92.03125,86.796875,90.52656555175781,55.35161209106445,54486912,0.0,0.0
2001-02-23 00:00:00+05:30,90.3125,91.21875,87.3515625,87.8531265258789,53.71694564819336,46992000,0.0,0.0
2001-02-26 00:00:00+05:30,88.125,90.609375,87.65625,89.43359375,54.68332290649414,40402176,0.0,0.0
2001-02-27 00:00:00+05:30,89.328125,90.609375,86.50468444824219,88.04296875,53.833030700683594,50862080,0.0,0.0
2001-02-28 00:00:00+05:30,87.89375305175781,99.21875,86.796875,97.5257797241211,59.6312255859375,77895168,0.0,0.0
2001-03-01 00:00:00+05:30,97.65625,97.65625,86.5625,88.48124694824219,54.10100173950195,63365312,0.0,0.0
2001-03-02 00:00:00+05:30,89.84375,92.109375,76.640625,77.50468444824219,47.38950729370117,74829568,0.0,0.0
2001-03-05 00:00:00+05:30,76.5804672241211,78.046875,72.03125,74.91015625,45.80309295654297,81282816,0.0,0.0
2001-03-06 00:00:00+05:30,74.91015625,74.91015625,74.91015625,74.91015625,45.80309295654297,0,0.0,0.0
2001-03-07 00:00:00+05:30,78.26094055175781,81.5625,75.890625,81.13203430175781,49.6074104309082,68337792,0.0,0.0
2001-03-08 00:00:00+05:30,81.953125,82.96875,78.359375,80.17500305175781,49.02223205566406,36073088,0.0,0.0
2001-03-09 00:00:00+05:30,78.75,78.75,73.76094055175781,76.7171859741211,46.90799331665039,31186368,0.0,0.0
2001-03-12 00:00:00+05:30,75.78125,76.34375,68.44062805175781,69.5414047241211,42.52042007446289,28695744,0.0,0.0
2001-03-13 00:00:00+05:30,67.984375,73.421875,58.830467224121094,65.5023422241211,40.050785064697266,43740032,0.0,0.0
2001-03-14 00:00:00+05:30,67.34375,74.984375,66.0953140258789,73.77421569824219,45.108524322509766,27935360,0.0,0.0
2001-03-15 00:00:00+05:30,72.1875,76.875,70.78125,76.12422180175781,46.54541778564453,26508288,0.0,0.0
2001-03-16 00:00:00+05:30,76.484375,78.046875,72.0625,73.43281555175781,44.89979553222656,26217472,0.0,0.0
2001-03-19 00:00:00+05:30,72.375,74.21875,67.8304672241211,69.6195297241211,42.568199157714844,26609344,0.0,0.0
2001-03-20 00:00:00+05:30,69.4546890258789,71.484375,66.11015319824219,68.2210922241211,41.713130950927734,21592512,0.0,0.0
2001-03-21 00:00:00+05:30,66.875,71.375,62.828125,69.99296569824219,42.79651641845703,32702976,0.0,0.0
2001-03-22 00:00:00+05:30,69.609375,69.921875,66.21875,67.3187484741211,41.16141128540039,22650624,0.0,0.0
2001-03-23 00:00:00+05:30,67.34375,69.375,62.5,65.82344055175781,40.24711227416992,34882176,0.0,0.0
2001-03-26 00:00:00+05:30,64.921875,67.90625,64.45703125,67.4703140258789,41.25407791137695,20275776,0.0,0.0
2001-03-27 00:00:00+05:30,66.9375,74.3125,66.4117202758789,72.78125,44.50139617919922,40293184,0.0,0.0
2001-03-28 00:00:00+05:30,75.78125,76.953125,73.0,73.5765609741211,44.9876823425293,29183360,0.0,0.0
2001-03-29 00:00:00+05:30,72.77656555175781,72.77656555175781,68.36250305175781,68.9195327758789,42.14019012451172,31557248,0.0,0.0
2001-03-30 00:00:00+05:30,68.359375,68.359375,63.453125,63.80859375,39.01515579223633,30498944,0.0,0.0
2001-04-02 00:00:00+05:30,63.46875,65.140625,58.70390701293945,64.2632827758789,39.29317092895508,40333248,0.0,0.0
2001-04-03 00:00:00+05:30,63.375,65.28125,61.96875,63.6640625,38.926788330078125,28847232,0.0,0.0
2001-04-04 00:00:00+05:30,61.71875,61.71875,59.84375,61.162498474121094,37.3972282409668,20771456,0.0,0.0
2001-04-05 00:00:00+05:30,61.162498474121094,61.162498474121094,61.162498474121094,61.162498474121094,37.3972282409668,0,0.0,0.0
2001-04-06 00:00:00+05:30,61.71875,66.05546569824219,61.71875,62.95468521118164,38.49302673339844,32048448,0.0,0.0
2001-04-09 00:00:00+05:30,61.71875,62.734375,60.19218826293945,62.03515625,37.93080520629883,15911040,0.0,0.0
2001-04-10 00:00:00+05:30,62.5,63.265625,57.072654724121094,59.81328201293945,36.572269439697266,35273920,0.0,0.0
2001-04-11 00:00:00+05:30,62.734375,64.0367202758789,50.243751525878906,50.243751525878906,30.72106170654297,41200640,0.0,0.0
2001-04-12 00:00:00+05:30,46.22421646118164,47.453125,42.20468521118164,44.709373474121094,27.337121963500977,80036608,0.0,0.0
2001-04-13 00:00:00+05:30,44.709373474121094,44.709373474121094,44.709373474121094,44.709373474121094,27.337121963500977,0,0.0,0.0
2001-04-16 00:00:00+05:30,44.140625,48.28125,43.375,47.838279724121094,29.250255584716797,43891264,0.0,0.0
2001-04-17 00:00:00+05:30,47.98828125,49.40625,45.796875,47.744529724121094,29.192943572998047,40648000,0.0,0.0
2001-04-18 00:00:00+05:30,48.234375,55.38359451293945,47.796875,55.38359451293945,33.86376953125,43391808,0.0,0.0
2001-04-19 00:00:00+05:30,59.21875,64.24531555175781,56.875,59.75468826293945,36.53643798828125,49591872,0.0,0.0
2001-04-20 00:00:00+05:30,60.546875,62.40625,57.984375,59.66484451293945,36.48149490356445,31406144,0.0,0.0
2001-04-23 00:00:00+05:30,59.609375,59.8046875,57.359375,58.107032775878906,35.52899932861328,21476224,0.0,0.0
2001-04-24 00:00:00+05:30,57.11796951293945,61.234375,55.80078125,60.064842224121094,36.726078033447266,27698688,0.0,0.0
2001-04-25 00:00:00+05:30,60.953125,62.25,58.98593521118164,60.08906173706055,36.74088668823242,26131968,0.0,0.0
2001-04-26 00:00:00+05:30,60.0625,62.1875,56.73828125,57.41484451293945,35.10575485229492,25135680,0.0,0.0
2001-04-27 00:00:00+05:30,56.734375,56.734375,50.0,50.75703048706055,31.098371505737305,36926080,0.117188,0.0
2001-04-30 00:00:00+05:30,51.25,58.72968673706055,50.96875,57.953125,35.50735855102539,35136960,0.0,0.0
2001-05-01 00:00:00+05:30,57.953125,57.953125,57.953125,57.953125,35.50735855102539,0,0.0,0.0
2001-05-02 00:00:00+05:30,60.578125,64.2164077758789,60.0,61.64453125,37.76905059814453,42003456,0.0,0.0
2001-05-03 00:00:00+05:30,60.953125,61.404685974121094,59.00156021118164,59.41484451293945,36.4029426574707,31680704,0.0,0.0
2001-05-04 00:00:00+05:30,59.1015625,60.265625,57.3671875,59.71406173706055,36.586265563964844,31076864,0.0,0.0
2001-05-07 00:00:00+05:30,60.15625,62.889060974121094,60.15625,62.39921951293945,38.23143768310547,30507648,0.0,0.0
2001-05-08 00:00:00+05:30,62.109375,63.078125,61.109375,62.01093673706055,37.99354553222656,23583936,0.0,0.0
2001-05-09 00:00:00+05:30,62.53515625,64.015625,59.84375,60.36015701293945,36.98212814331055,37691648,0.0,0.0
2001-05-10 00:00:00+05:30,60.0390625,61.639060974121094,58.59375,60.303123474121094,36.94719314575195,33075968,0.0,0.0
2001-05-11 00:00:00+05:30,59.53125,61.15625,59.078125,60.75546646118164,37.22431945800781,24473280,0.0,0.0
2001-05-14 00:00:00+05:30,60.54843521118164,62.18359375,59.47031021118164,60.60468673706055,37.13195037841797,22221056,0.0,0.0
2001-05-15 00:00:00+05:30,60.5625,61.40625,56.353126525878906,60.9765625,37.35978317260742,29911936,0.0,0.0
2001-05-16 00:00:00+05:30,61.546875,62.3125,58.984375,59.732810974121094,36.597755432128906,26481280,0.0,0.0
2001-05-17 00:00:00+05:30,59.375,61.5625,59.375,60.93671798706055,37.33539581298828,28624640,0.0,0.0
2001-05-18 00:00:00+05:30,61.546875,62.609375,61.12968826293945,61.69609451293945,37.8006477355957,34144768,0.0,0.0
2001-05-21 00:00:00+05:30,62.03125,62.484375,61.484375,61.77031326293945,37.84611892700195,19321984,0.0,0.0
2001-05-22 00:00:00+05:30,61.703125,62.828125,61.703125,62.084373474121094,38.03853988647461,23764224,0.0,0.0
2001-05-23 00:00:00+05:30,62.015625,66.328125,61.81406021118164,65.9749984741211,40.42229080200195,55238144,0.0,0.0
2001-05-24 00:00:00+05:30,65.6265640258789,66.640625,64.859375,65.01094055175781,39.831626892089844,37843072,0.0,0.0
2001-05-25 00:00:00+05:30,65.15937805175781,66.0,64.625,65.23905944824219,39.971378326416016,26164032,0.0,0.0
2001-05-28 00:00:00+05:30,65.3882827758789,67.62187194824219,64.84375,66.9375,41.011993408203125,30142272,0.0,0.0
2001-05-29 00:00:00+05:30,67.171875,67.5,65.9703140258789,66.35078430175781,40.65252685546875,18814912,0.0,0.0
2001-05-30 00:00:00+05:30,65.3125,66.1968765258789,61.04296875,61.3828125,37.60869598388672,40161728,0.0,0.0
2001-05-31 00:00:00+05:30,58.59375,60.0,57.8125,58.94218826293945,36.113338470458984,33537984,0.0,0.0
2001-06-01 00:00:00+05:30,59.140625,59.84375,58.3671875,58.69062423706055,35.9592170715332,28304768,0.0,0.0
2001-06-04 00:00:00+05:30,59.0625,59.21796798706055,56.25078201293945,56.528907775878906,34.634761810302734,29582400,0.0,0.0
2001-06-05 00:00:00+05:30,56.25,60.0625,55.93906021118164,59.25546646118164,36.305294036865234,48417472,0.0,0.0
2001-06-06 00:00:00+05:30,62.421875,62.421875,59.06406021118164,59.46406173706055,36.4330940246582,27025280,0.0,0.0
2001-06-07 00:00:00+05:30,59.0625,60.921875,57.828125,60.42578125,37.0223274230957,36873792,0.0,0.0
2001-06-08 00:00:00+05:30,60.921875,61.9375,60.1796875,61.60468673706055,37.7446403503418,36826752,0.0,0.0
2001-06-11 00:00:00+05:30,61.21875,61.25,59.16093826293945,59.498435974121094,36.45416259765625,27544128,0.0,0.0
2001-06-12 00:00:00+05:30,59.234375,60.09375,58.59375,59.92343521118164,36.71455001831055,26409152,0.0,0.0
2001-06-13 00:00:00+05:30,60.15625,60.875,59.259376525878906,59.950782775878906,36.731300354003906,30776768,0.0,0.0
2001-06-14 00:00:00+05:30,59.557029724121094,59.828125,58.37968826293945,59.38593673706055,36.38521957397461,28833856,0.0,0.0
2001-06-15 00:00:00+05:30,59.078125,59.078125,52.671875,53.197654724121094,32.593719482421875,66734656,0.0,0.0
2001-06-18 00:00:00+05:30,52.8125,53.671875,49.03671646118164,52.08515548706055,31.912113189697266,50334208,0.0,0.0
2001-06-19 00:00:00+05:30,53.125,54.5,51.890625,54.123435974121094,33.16093444824219,44176448,0.0,0.0
2001-06-20 00:00:00+05:30,53.90625,53.90625,51.642967224121094,52.55937576293945,32.20265579223633,41332864,0.0,0.0
2001-06-21 00:00:00+05:30,52.734375,53.984375,52.346092224121094,53.22265625,32.609039306640625,32749120,0.0,0.0
2001-06-22 00:00:00+05:30,53.375,53.875,52.515625,53.62968826293945,32.85842514038086,28011200,0.0,0.0
2001-06-25 00:00:00+05:30,53.296875,53.296875,50.96875,52.08124923706055,31.90971565246582,53216832,0.0,0.0
2001-06-26 00:00:00+05:30,51.71875,57.91093826293945,51.34375,56.08984375,34.36574935913086,57623680,0.0,0.0
2001-06-27 00:00:00+05:30,56.703125,56.703125,53.921875,55.33906173706055,33.90574645996094,38507200,0.0,0.0
2001-06-28 00:00:00+05:30,55.1875,57.109375,54.453125,56.466407775878906,34.596466064453125,37874304,0.0,0.0
2001-06-29 00:00:00+05:30,56.875,59.375,56.875,58.572654724121094,35.88694381713867,40621184,0.0,0.0
2001-07-02 00:00:00+05:30,59.53125,59.53125,55.46875,58.341407775878906,35.74525833129883,10349184,0.0,0.0
2001-07-03 00:00:00+05:30,56.25,56.3125,50.0,51.4609375,31.529647827148438,36732608,0.0,0.0
2001-07-04 00:00:00+05:30,50.375,55.625,50.375,54.189842224121094,33.20163345336914,37540288,0.0,0.0
2001-07-05 00:00:00+05:30,54.921875,55.609375,52.875,54.45781326293945,33.36581039428711,28821504,0.0,0.0
2001-07-06 00:00:00+05:30,53.6875,58.08906173706055,52.924217224121094,56.86249923706055,34.83913803100586,55840448,0.0,0.0
2001-07-09 00:00:00+05:30,55.765625,55.765625,53.515625,54.7265625,33.530479431152344,34657536,0.0,0.0
2001-07-10 00:00:00+05:30,56.17656326293945,56.515625,53.53125,54.736717224121094,33.53669738769531,46978176,0.0,0.0
2001-07-11 00:00:00+05:30,54.0625,60.078125,53.875,58.537498474121094,35.86539077758789,69567552,0.0,0.0
2001-07-12 00:00:00+05:30,59.609375,61.671875,58.75,60.93671798706055,37.33539581298828,60139648,0.0,0.0
2001-07-13 00:00:00+05:30,62.234375,62.33906173706055,56.59375,57.713279724121094,35.360408782958984,59455168,0.0,0.0
2001-07-16 00:00:00+05:30,57.984375,58.885154724121094,56.5,56.732810974121094,34.759674072265625,39718336,0.0,0.0
2001-07-17 00:00:00+05:30,55.46875,58.984375,55.46875,57.455467224121094,35.20244216918945,50187776,0.0,0.0
2001-07-18 00:00:00+05:30,57.625,58.478904724121094,56.8125,57.57890701293945,35.27808380126953,41571712,0.0,0.0
2001-07-19 00:00:00+05:30,56.875,58.28125,56.4140625,57.76718521118164,35.3934326171875,35498048,0.0,0.0
2001-07-20 00:00:00+05:30,58.28125,59.375,56.45781326293945,58.77421951293945,36.010440826416016,55835008,0.0,0.0
2001-07-23 00:00:00+05:30,57.78125,57.796875,55.859375,56.59687423706055,34.676395416259766,2029568,0.0,0.0
2001-07-24 00:00:00+05:30,56.328125,58.234375,56.27109146118164,57.77421951293945,35.39775466918945,32382272,0.0,0.0
2001-07-25 00:00:00+05:30,57.328125,57.953125,56.5,57.59375,35.287174224853516,35721088,0.0,0.0
2001-07-26 00:00:00+05:30,57.40625,58.515625,55.54843521118164,57.056251525878906,34.95784378051758,52569920,0.0,0.0
2001-07-27 00:00:00+05:30,56.91171646118164,57.53125,56.25,56.54218673706055,34.642887115478516,35253888,0.0,0.0
2001-07-30 00:00:00+05:30,56.90937423706055,57.5625,56.64140701293945,57.12578201293945,35.00045394897461,20011712,0.0,0.0
2001-07-31 00:00:00+05:30,57.064842224121094,59.375,56.79765701293945,58.638282775878906,35.927154541015625,30586304,0.0,0.0
2001-08-01 00:00:00+05:30,58.984375,60.140625,56.015625,56.98593521118164,34.91476821899414,42687616,0.0,0.0
2001-08-02 00:00:00+05:30,57.65625,59.921875,57.265625,58.669532775878906,35.94629669189453,38093376,0.0,0.0
2001-08-03 00:00:00+05:30,59.0625,60.921875,58.92578125,60.37968826293945,36.99409484863281,31857024,0.0,0.0
2001-08-06 00:00:00+05:30,60.390625,60.609375,58.703125,59.26171875,36.30912780761719,20862464,0.0,0.0
2001-08-07 00:00:00+05:30,58.625,59.05390548706055,58.21875,58.685157775878906,35.95587158203125,16592640,0.0,0.0
2001-08-08 00:00:00+05:30,58.203125,58.203125,57.11015701293945,57.58203125,35.279991149902344,19657088,0.0,0.0
2001-08-09 00:00:00+05:30,56.424217224121094,57.79218673706055,56.424217224121094,57.54375076293945,35.25653076171875,16467584,0.0,0.0
2001-08-10 00:00:00+05:30,57.421875,57.76484298706055,56.80078125,57.0390625,34.947322845458984,11152384,0.0,0.0
2001-08-13 00:00:00+05:30,57.421875,57.421875,56.13359451293945,56.55234146118164,34.64911651611328,18800576,0.0,0.0
2001-08-14 00:00:00+05:30,56.71875,59.59375,56.5625,59.19218826293945,36.26652908325195,37428032,0.0,0.0
2001-08-15 00:00:00+05:30,59.19218826293945,59.19218826293945,59.19218826293945,59.19218826293945,36.26652908325195,0,0.0,0.0
2001-08-16 00:00:00+05:30,58.4375,59.171875,58.046875,58.6953125,35.962093353271484,19617856,0.0,0.0
2001-08-17 00:00:00+05:30,58.640625,59.060935974121094,56.71875,57.35468673706055,35.14069366455078,18481984,0.0,0.0
2001-08-20 00:00:00+05:30,53.125,58.109375,53.125,57.28828048706055,35.10001754760742,28190848,0.0,0.0
2001-08-21 00:00:00+05:30,57.65625,58.71875,57.53125,58.453125,35.813697814941406,20295552,0.0,0.0
2001-08-22 00:00:00+05:30,58.453125,58.453125,58.453125,58.453125,35.813697814941406,0,0.0,0.0
2001-08-23 00:00:00+05:30,58.40625,59.296875,57.83281326293945,58.83515548706055,36.04777526855469,17717248,0.0,0.0
2001-08-24 00:00:00+05:30,58.61093521118164,59.828125,57.984375,59.47187423706055,36.43788528442383,16439680,0.0,0.0
2001-08-27 00:00:00+05:30,56.25390625,61.53125,56.25390625,61.20703125,37.50099563598633,29598848,0.0,0.0
2001-08-28 00:00:00+05:30,60.15625,61.78125,60.15625,61.46406173706055,37.658477783203125,25300608,0.0,0.0
2001-08-29 00:00:00+05:30,60.66093826293945,60.875,58.28281021118164,58.69218826293945,35.960174560546875,36475264,0.0,0.0
2001-08-30 00:00:00+05:30,59.21875,59.91718673706055,56.421875,57.931251525878906,35.493961334228516,40934464,0.0,0.0
2001-08-31 00:00:00+05:30,57.65625,57.65625,55.046875,55.291404724121094,33.876548767089844,43462592,0.0,0.0
2001-09-03 00:00:00+05:30,55.625,55.82343673706055,52.671875,53.493751525878906,32.7751350402832,51990272,0.0,0.0
2001-09-04 00:00:00+05:30,53.109375,55.703125,52.734375,53.55859375,32.81486892700195,63444928,0.0,0.0
2001-09-05 00:00:00+05:30,52.96875,54.6875,51.6875,52.564842224121094,32.20600891113281,55561984,0.0,0.0
2001-09-06 00:00:00+05:30,52.34375,52.984375,50.9375,51.39609146118164,31.489913940429688,33253632,0.0,0.0
2001-09-07 00:00:00+05:30,51.25,52.65625,50.390625,51.818748474121094,31.748878479003906,43670400,0.0,0.0
2001-09-10 00:00:00+05:30,52.078125,54.53125,51.09062576293945,54.26640701293945,33.24853515625,50323840,0.0,0.0
2001-09-11 00:00:00+05:30,54.609375,55.234375,53.28125,54.747657775878906,33.54338836669922,46679744,0.0,0.0
2001-09-12 00:00:00+05:30,50.86093521118164,51.515625,49.2734375,49.853904724121094,30.545047760009766,38298368,0.0,0.0
2001-09-13 00:00:00+05:30,49.609375,50.703125,48.515625,49.51171875,30.33538055419922,55163136,0.0,0.0
2001-09-14 00:00:00+05:30,49.0625,49.0625,44.560935974121094,45.424217224121094,27.83101463317871,55850304,0.0,0.0
2001-09-17 00:00:00+05:30,44.984375,44.984375,40.88203048706055,40.88203048706055,25.048057556152344,17588032,0.0,0.0
2001-09-18 00:00:00+05:30,39.84375,43.65625,39.3125,41.54843521118164,25.45635414123535,100096704,0.0,0.0
2001-09-19 00:00:00+05:30,41.234375,42.5,39.40625,40.30859375,24.69671058654785,40674944,0.0,0.0
2001-09-20 00:00:00+05:30,39.046875,39.21406173706055,36.27812576293945,38.58359146118164,23.63982391357422,53192960,0.0,0.0
2001-09-21 00:00:00+05:30,36.25312423706055,36.71875,34.72578048706055,34.72578048706055,21.27617073059082,28133504,0.0,0.0
2001-09-24 00:00:00+05:30,33.984375,37.9375,33.049217224121094,37.5078125,22.98069953918457,47482816,0.0,0.0
2001-09-25 00:00:00+05:30,39.0625,39.796875,37.515625,38.89531326293945,23.830806732177734,55670016,0.0,0.0
2001-09-26 00:00:00+05:30,38.453125,40.390625,37.828125,39.869529724121094,24.42769432067871,52010176,0.0,0.0
2001-09-27 00:00:00+05:30,39.53125,39.53125,36.578125,37.084373474121094,22.721261978149414,40467392,0.0,0.0
2001-09-28 00:00:00+05:30,38.203125,38.25,36.015625,36.98515701293945,22.660472869873047,39388544,0.0,0.0
2001-10-01 00:00:00+05:30,37.484375,37.890625,35.73593521118164,36.35625076293945,22.275146484375,30558464,0.0,0.0
2001-10-02 00:00:00+05:30,36.35625076293945,36.35625076293945,36.35625076293945,36.35625076293945,22.275146484375,0,0.0,0.0
2001-10-03 00:00:00+05:30,37.5,37.5,33.71171951293945,34.17734146118164,20.940149307250977,44075392,0.0,0.0
2001-10-04 00:00:00+05:30,35.34921646118164,37.484375,35.34921646118164,37.02031326293945,22.682008743286133,59927808,0.0,0.0
2001-10-05 00:00:00+05:30,37.03125,39.125,36.578125,38.67734146118164,23.697269439697266,55935552,0.0,0.0
2001-10-08 00:00:00+05:30,37.109375,38.28125,35.546875,37.35234451293945,22.885446548461914,46894592,0.0,0.0
2001-10-09 00:00:00+05:30,37.53125,38.65156173706055,37.265625,37.9140625,23.2296142578125,38199360,0.0,0.0
2001-10-10 00:00:00+05:30,39.6875,40.22265625,38.046875,39.18671798706055,24.009349822998047,67315392,0.0,0.0
2001-10-11 00:00:00+05:30,40.625,43.10546875,40.15625,43.10546875,26.410327911376953,42996032,0.0,0.0
2001-10-12 00:00:00+05:30,45.3125,47.08984375,44.0625,46.10468673706055,28.247922897338867,77625792,0.0,0.0
2001-10-15 00:00:00+05:30,48.140625,48.140625,44.73984146118164,45.45859146118164,27.852069854736328,38956224,0.0,0.0
2001-10-16 00:00:00+05:30,45.3125,46.78125,44.53125,46.421875,28.442264556884766,42279872,0.0,0.0
2001-10-17 00:00:00+05:30,46.875,48.40312576293945,46.40625,46.95390701293945,28.768239974975586,43997824,0.0,0.0
2001-10-18 00:00:00+05:30,45.640625,45.64218521118164,44.484375,44.693748474121094,27.45197296142578,31931328,0.117188,0.0
2001-10-19 00:00:00+05:30,44.92734146118164,46.796875,44.765625,46.182029724121094,28.366111755371094,43506496,0.0,0.0
2001-10-22 00:00:00+05:30,48.34375,48.4375,46.65625,47.00468826293945,28.87140464782715,42448960,0.0,0.0
2001-10-23 00:00:00+05:30,47.53437423706055,47.96875,46.87578201293945,47.232032775878906,29.01105499267578,31108096,0.0,0.0
2001-10-24 00:00:00+05:30,46.875,47.57343673706055,46.36093521118164,47.2265625,29.0076847076416,53390784,0.0,0.0
2001-10-25 00:00:00+05:30,47.65625,47.65625,47.03125,47.18046951293945,28.979373931884766,31819072,0.0,0.0
2001-10-26 00:00:00+05:30,47.18046951293945,47.18046951293945,47.18046951293945,47.18046951293945,28.979373931884766,0,0.0,0.0
2001-10-29 00:00:00+05:30,47.34375,47.734375,46.95468521118164,47.13671875,28.95250701904297,22941888,0.0,0.0
2001-10-30 00:00:00+05:30,46.30781173706055,47.015625,45.875,46.375,28.484630584716797,51813248,0.0,0.0
2001-10-31 00:00:00+05:30,45.78125,46.25,44.299217224121094,45.56796646118164,27.98893928527832,73453568,0.0,0.0
2001-11-01 00:00:00+05:30,45.55234146118164,46.71875,45.39374923706055,46.19296646118164,28.372821807861328,45274112,0.0,0.0
2001-11-02 00:00:00+05:30,46.5625,46.87109375,44.546875,45.44296646118164,27.912155151367188,61585280,0.0,0.0
2001-11-05 00:00:00+05:30,43.92734146118164,45.296875,43.92656326293945,44.42578125,27.28738021850586,30546496,0.0,0.0
2001-11-06 00:00:00+05:30,45.171875,46.6875,45.171875,46.09062576293945,28.30997657775879,26058368,0.0,0.0
2001-11-07 00:00:00+05:30,46.756248474121094,46.859375,43.78125,44.170310974121094,27.130460739135742,33943424,0.0,0.0
2001-11-08 00:00:00+05:30,44.71875,45.57343673706055,44.14531326293945,44.79843521118164,27.51627540588379,29282368,0.0,0.0
2001-11-09 00:00:00+05:30,45.6875,46.3125,45.08359146118164,45.822654724121094,28.145374298095703,25132288,0.0,0.0
2001-11-12 00:00:00+05:30,46.078125,46.78125,45.421875,46.33124923706055,28.457765579223633,15525248,0.0,0.0
2001-11-13 00:00:00+05:30,46.5625,46.5625,45.09375,45.33203125,27.844018936157227,24560576,0.0,0.0
2001-11-14 00:00:00+05:30,46.09375,46.40625,45.734375,46.16796875,28.35746955871582,8900288,0.0,0.0
2001-11-15 00:00:00+05:30,46.32890701293945,50.78515625,46.328125,50.78515625,31.193470001220703,64260928,0.0,0.0
2001-11-16 00:00:00+05:30,50.78515625,50.78515625,50.78515625,50.78515625,31.193470001220703,0,0.0,0.0
2001-11-19 00:00:00+05:30,51.796875,55.86406326293945,51.375,55.86406326293945,34.31305694580078,39461696,0.0,0.0
2001-11-20 00:00:00+05:30,56.71875,57.765625,54.296875,56.209373474121094,34.525150299072266,68126912,0.0,0.0
2001-11-21 00:00:00+05:30,55.49296951293945,55.859375,50.59375,54.8359375,33.68154525756836,48465536,0.0,0.0
2001-11-22 00:00:00+05:30,54.875,56.796875,53.765625,54.42109298706055,33.42673873901367,44250048,0.0,0.0
2001-11-23 00:00:00+05:30,54.5,56.234375,54.381248474121094,55.5234375,34.103824615478516,38425600,0.0,0.0
2001-11-26 00:00:00+05:30,57.03125,61.075782775878906,56.875,61.014060974121094,37.4763069152832,41223616,0.0,0.0
2001-11-27 00:00:00+05:30,65.4625015258789,65.4625015258789,58.59375,58.99609375,36.2368278503418,68089856,0.0,0.0
2001-11-28 00:00:00+05:30,58.4375,60.416404724121094,58.203125,59.61640548706055,36.617820739746094,51204032,0.0,0.0
2001-11-29 00:00:00+05:30,58.47187423706055,61.796875,58.4375,60.825782775878906,37.36064529418945,75322816,0.0,0.0
2001-11-30 00:00:00+05:30,60.825782775878906,60.825782775878906,60.825782775878906,60.825782775878906,37.36064529418945,0,0.0,0.0
2001-12-03 00:00:00+05:30,58.31796646118164,61.34921646118164,58.31796646118164,59.34843826293945,36.45323181152344,37064640,0.0,0.0
2001-12-04 00:00:00+05:30,59.75,63.28125,59.37031173706055,62.27812576293945,38.252723693847656,41452224,0.0,0.0
2001-12-05 00:00:00+05:30,64.8125,66.78125,64.23905944824219,66.4046859741211,40.787349700927734,56921024,0.0,0.0
2001-12-06 00:00:00+05:30,68.71875,73.0453109741211,68.4375,70.546875,43.33158493041992,74881856,0.0,0.0
2001-12-07 00:00:00+05:30,70.3125,72.0140609741211,69.5679702758789,70.8304672241211,43.50576400756836,40283968,0.0,0.0
2001-12-10 00:00:00+05:30,71.109375,71.84375,68.453125,68.85078430175781,42.28982162475586,35611904,0.0,0.0
2001-12-11 00:00:00+05:30,66.875,69.4375,65.5570297241211,66.09765625,40.59877014160156,44337728,0.0,0.0
2001-12-12 00:00:00+05:30,66.375,69.453125,66.375,68.93827819824219,42.34354019165039,46744128,0.0,0.0
2001-12-13 00:00:00+05:30,69.671875,69.671875,64.0625,67.0531234741211,41.18562698364258,52044160,0.0,0.0
2001-12-14 00:00:00+05:30,64.46875,65.9375,64.15625,65.0765609741211,39.97159194946289,27590720,0.0,0.0
2001-12-17 00:00:00+05:30,65.0765609741211,65.0765609741211,65.0765609741211,65.0765609741211,39.97159194946289,0,0.0,0.0
2001-12-18 00:00:00+05:30,66.390625,67.1546859741211,64.40937805175781,66.00077819824219,40.539268493652344,38919232,0.0,0.0
2001-12-19 00:00:00+05:30,65.56953430175781,65.765625,61.28593826293945,62.357032775878906,38.30118179321289,39056960,0.0,0.0
2001-12-20 00:00:00+05:30,61.890625,64.84375,61.19609451293945,64.27265930175781,39.477806091308594,49476032,0.0,0.0
2001-12-21 00:00:00+05:30,63.265625,63.28125,61.12968826293945,62.421875,38.34101486206055,37109760,0.0,0.0
2001-12-24 00:00:00+05:30,62.109375,64.046875,60.79765701293945,63.37578201293945,38.92692565917969,29208768,0.0,0.0
2001-12-25 00:00:00+05:30,63.37578201293945,63.37578201293945,63.37578201293945,63.37578201293945,38.92692565917969,0,0.0,0.0
2001-12-26 00:00:00+05:30,63.65625,64.765625,61.1875,61.78125,37.9475212097168,32219776,0.0,0.0
2001-12-27 00:00:00+05:30,60.78125,62.264060974121094,60.50312423706055,61.076560974121094,37.514678955078125,38225728,0.0,0.0
2001-12-28 00:00:00+05:30,61.01953125,63.5,59.25546646118164,62.998435974121094,38.69513702392578,54474176,0.0,0.0
2001-12-31 00:00:00+05:30,63.125,65.15625,63.046875,63.810157775878906,39.193729400634766,37016000,0.0,0.0
2002-01-01 00:00:00+05:30,64.015625,66.859375,62.44296646118164,63.23359298706055,38.8395881652832,59381504,0.0,0.0
2002-01-02 00:00:00+05:30,62.98906326293945,64.90156555175781,62.290626525878906,63.103904724121094,38.759925842285156,47854528,0.0,0.0
2002-01-03 00:00:00+05:30,64.671875,67.58203125,63.75,66.8101577758789,41.03639602661133,51961664,0.0,0.0
2002-01-04 00:00:00+05:30,68.44062805175781,70.70234680175781,68.359375,70.06327819824219,43.0345344543457,56709376,0.0,0.0
2002-01-07 00:00:00+05:30,71.6875,73.71406555175781,71.09375,73.0335922241211,44.858978271484375,40557120,0.0,0.0
2002-01-08 00:00:00+05:30,74.21875,75.625,72.42655944824219,75.2640609741211,46.22897720336914,54785984,0.0,0.0
2002-01-09 00:00:00+05:30,76.15625,76.15625,68.3851547241211,69.3140640258789,42.57435989379883,59799296,0.0,0.0
2002-01-10 00:00:00+05:30,66.796875,67.78125,65.46875,66.31953430175781,40.735042572021484,80367424,0.0,0.0
2002-01-11 00:00:00+05:30,63.28125,64.84375,59.76874923706055,61.43046951293945,37.73207092285156,72600192,0.0,0.0
2002-01-14 00:00:00+05:30,64.046875,64.78125,62.28593826293945,62.95468521118164,38.668277740478516,47085248,0.0,0.0
2002-01-15 00:00:00+05:30,62.40625,62.453125,60.15625,60.41171646118164,37.1063346862793,45791104,0.0,0.0
2002-01-16 00:00:00+05:30,61.25,62.484375,60.078125,60.72421646118164,37.29825973510742,60796288,0.0,0.0
2002-01-17 00:00:00+05:30,58.20703125,65.140625,58.20703125,64.5062484741211,39.62129592895508,71925696,0.0,0.0
2002-01-18 00:00:00+05:30,65.546875,65.546875,61.09453201293945,61.75546646118164,37.93168640136719,43093184,0.0,0.0
2002-01-21 00:00:00+05:30,62.09375,62.34375,59.859375,61.142967224121094,37.55546569824219,39499264,0.0,0.0
2002-01-22 00:00:00+05:30,61.34375,63.109375,61.17656326293945,62.44062423706055,38.3525390625,39699968,0.0,0.0
2002-01-23 00:00:00+05:30,61.80156326293945,62.1875,60.19218826293945,60.64921951293945,37.25221252441406,32495232,0.0,0.0
2002-01-24 00:00:00+05:30,62.328125,62.328125,60.15625,60.295310974121094,37.03483581542969,27712192,0.0,0.0
2002-01-25 00:00:00+05:30,60.90625,61.092185974121094,59.375,59.80156326293945,36.73155975341797,36054912,0.0,0.0
2002-01-28 00:00:00+05:30,62.09375,62.09375,58.59531021118164,59.260154724121094,36.39900207519531,31417344,0.0,0.0
2002-01-29 00:00:00+05:30,59.23828125,60.4375,58.63593673706055,58.9765625,36.22481918334961,38412608,0.0,0.0
2002-01-30 00:00:00+05:30,58.59375,58.59375,56.765625,57.30859375,35.200321197509766,41227072,0.0,0.0
2002-01-31 00:00:00+05:30,58.59375,61.234375,58.31640625,60.58906173706055,37.21525192260742,54036416,0.0,0.0
2002-02-01 00:00:00+05:30,61.73749923706055,62.171875,59.0,59.75156021118164,36.700843811035156,40670656,0.0,0.0
2002-02-04 00:00:00+05:30,59.61015701293945,59.61015701293945,57.59375,57.96406173706055,35.602909088134766,33707712,0.0,0.0
2002-02-05 00:00:00+05:30,57.28125,59.140625,56.89218521118164,58.53281021118164,35.9522590637207,34441600,0.0,0.0
2002-02-06 00:00:00+05:30,58.6875,61.71875,58.6875,61.23125076293945,37.60969924926758,33731840,0.0,0.0
2002-02-07 00:00:00+05:30,61.71875,61.875,57.03125,57.39140701293945,35.25117492675781,68846912,0.0,0.0
2002-02-08 00:00:00+05:30,57.34375,59.66875076293945,57.1875,57.75,35.471435546875,38923904,0.0,0.0
2002-02-11 00:00:00+05:30,59.375,59.83906173706055,58.125,58.5234375,35.94649887084961,38867520,0.0,0.0
2002-02-12 00:00:00+05:30,58.921875,59.49531173706055,58.25156021118164,58.665626525878906,36.033836364746094,26924736,0.0,0.0
2002-02-13 00:00:00+05:30,59.21875,60.365623474121094,58.78125,59.197654724121094,36.360618591308594,42209536,0.0,0.0
2002-02-14 00:00:00+05:30,60.4375,61.328125,59.48515701293945,59.90781021118164,36.79681396484375,21775936,0.0,0.0
2002-02-15 00:00:00+05:30,60.15625,60.53125,59.609375,59.94843673706055,36.8217658996582,21985472,0.0,0.0
2002-02-18 00:00:00+05:30,59.65625,59.65625,57.92343521118164,58.27031326293945,35.79103469848633,22691968,0.0,0.0
2002-02-19 00:00:00+05:30,58.59765625,59.140625,57.46875,57.92499923706055,35.57893371582031,26101504,0.0,0.0
2002-02-20 00:00:00+05:30,56.71875,57.65625,56.421875,57.025779724121094,35.02659606933594,21700800,0.0,0.0
2002-02-21 00:00:00+05:30,58.109375,58.49687576293945,56.953125,57.158592224121094,35.108184814453125,25527616,0.0,0.0
2002-02-22 00:00:00+05:30,56.703125,58.34375,56.4375,57.771873474121094,35.4848747253418,24593024,0.0,0.0
2002-02-25 00:00:00+05:30,57.796875,58.90156173706055,57.22421646118164,58.53281021118164,35.9522590637207,24080192,0.0,0.0
2002-02-26 00:00:00+05:30,58.830467224121094,60.27656173706055,58.671875,59.95390701293945,36.82512283325195,31268096,0.0,0.0
2002-02-27 00:00:00+05:30,60.3125,60.9375,59.375,59.92109298706055,36.80498123168945,30092928,0.0,0.0
2002-02-28 00:00:00+05:30,59.84375,59.84375,54.515625,55.20781326293945,33.90996170043945,54657216,0.0,0.0
2002-03-01 00:00:00+05:30,54.84375,57.015625,54.609375,56.4765625,34.68925857543945,29193024,0.0,0.0
2002-03-04 00:00:00+05:30,57.8125,58.75,56.59687423706055,56.953125,34.98197937011719,32084096,0.0,0.0
2002-03-05 00:00:00+05:30,58.203125,60.68671798706055,58.203125,59.877342224121094,36.77809143066406,57384832,0.0,0.0
2002-03-06 00:00:00+05:30,60.17578125,61.7578125,59.140625,61.278907775878906,37.63897705078125,46348032,0.0,0.0
2002-03-07 00:00:00+05:30,61.87656021118164,65.15547180175781,61.71875,64.47343444824219,39.60112762451172,67763264,0.0,0.0
2002-03-08 00:00:00+05:30,65.3125,66.46875,63.40625,66.1015625,40.60117721557617,67260352,0.0,0.0
2002-03-11 00:00:00+05:30,66.015625,67.109375,64.515625,66.21015930175781,40.66786575317383,66345920,0.0,0.0
2002-03-12 00:00:00+05:30,65.625,66.4749984741211,64.609375,65.4664077758789,40.211029052734375,55556480,0.0,0.0
2002-03-13 00:00:00+05:30,64.6859359741211,65.0757827758789,63.046875,63.37031173706055,38.92356872558594,42688128,0.0,0.0
2002-03-14 00:00:00+05:30,62.5,64.046875,62.5,63.122657775878906,38.77145004272461,36547648,0.0,0.0
2002-03-15 00:00:00+05:30,63.125,63.953125,61.90625,62.420310974121094,38.34003829956055,52188032,0.0,0.0
2002-03-18 00:00:00+05:30,63.71406173706055,63.71406173706055,61.90625,62.384376525878906,38.31798553466797,29203072,0.0,0.0
2002-03-19 00:00:00+05:30,62.359375,62.625,61.203125,61.696876525878906,37.89569854736328,33368640,0.0,0.0
2002-03-20 00:00:00+05:30,61.796875,62.234375,60.671875,61.00078201293945,37.46814727783203,33572544,0.0,0.0
2002-03-21 00:00:00+05:30,60.765625,60.765625,59.53125,59.75312423706055,36.70180130004883,21713280,0.0,0.0
2002-03-22 00:00:00+05:30,60.828125,61.0625,59.45390701293945,59.889060974121094,36.78529357910156,37824896,0.0,0.0
2002-03-25 00:00:00+05:30,59.889060974121094,59.889060974121094,59.889060974121094,59.889060974121094,36.78529357910156,0,0.0,0.0
2002-03-26 00:00:00+05:30,59.84375,60.234375,56.97031021118164,57.43828201293945,35.27998352050781,35463232,0.0,0.0
2002-03-27 00:00:00+05:30,62.5,62.5,57.20624923706055,57.50703048706055,35.322200775146484,25979840,0.0,0.0
2002-03-28 00:00:00+05:30,57.65781021118164,59.904685974121094,57.61015701293945,58.571876525878906,35.97624969482422,47676096,0.0,0.0
2002-03-29 00:00:00+05:30,58.571876525878906,58.571876525878906,58.571876525878906,58.571876525878906,35.97624969482422,0,0.0,0.0
2002-04-01 00:00:00+05:30,59.125,59.125,55.174217224121094,55.721092224121094,34.22522735595703,37424832,0.0,0.0
2002-04-02 00:00:00+05:30,55.74531173706055,56.71875,55.232810974121094,55.64140701293945,34.17628479003906,37710784,0.0,0.0
2002-04-03 00:00:00+05:30,55.0,55.46875,54.61796951293945,55.0078125,33.78712463378906,28006400,0.0,0.0
2002-04-04 00:00:00+05:30,54.87890625,57.421875,54.87890625,57.0390625,35.03475570678711,39785664,0.0,0.0
2002-04-05 00:00:00+05:30,57.40625,58.015625,56.328125,56.709373474121094,34.83225631713867,25505152,0.0,0.0
2002-04-08 00:00:00+05:30,57.015625,57.8125,56.44062423706055,56.62578201293945,34.780921936035156,23750016,0.0,0.0
2002-04-09 00:00:00+05:30,56.375,56.78125,54.890625,56.25156021118164,34.551063537597656,38507264,0.0,0.0
2002-04-10 00:00:00+05:30,56.5625,59.359375,55.56796646118164,59.0390625,36.263206481933594,59726784,0.0,0.0
2002-04-11 00:00:00+05:30,59.78125,60.935935974121094,59.40937423706055,60.66093826293945,37.259403228759766,50717504,0.0,0.0
2002-04-12 00:00:00+05:30,59.96406173706055,61.703125,59.424217224121094,60.900001525878906,37.40624237060547,33804032,0.0,0.0
2002-04-15 00:00:00+05:30,60.9375,60.9375,59.375,59.533592224121094,36.56697082519531,23741376,0.0,0.0
2002-04-16 00:00:00+05:30,59.359375,59.984375,58.828125,59.56718826293945,36.58759307861328,24408512,0.0,0.0
2002-04-17 00:00:00+05:30,60.314842224121094,62.15625,60.314842224121094,61.80390548706055,37.96143341064453,39309184,0.0,0.0
2002-04-18 00:00:00+05:30,61.875,62.484375,61.09375,61.900001525878906,38.02047348022461,20418880,0.0,0.0
2002-04-19 00:00:00+05:30,61.71875,61.99687576293945,59.6875,60.170310974121094,36.95804977416992,29110336,0.0,0.0
2002-04-22 00:00:00+05:30,60.3125,62.03125,59.015625,61.575782775878906,37.82133102416992,30009600,0.0,0.0
2002-04-23 00:00:00+05:30,56.875,61.701560974121094,56.875,61.390625,37.70759201049805,32510208,0.0,0.0
2002-04-24 00:00:00+05:30,60.859375,61.47578048706055,60.234375,60.685935974121094,37.274757385253906,19379840,0.0,0.0
2002-04-25 00:00:00+05:30,60.45000076293945,60.46875,58.84843826293945,59.30937576293945,36.429237365722656,16325056,0.0,0.0
2002-04-26 00:00:00+05:30,59.453125,59.920310974121094,58.984375,59.466407775878906,36.52568817138672,15962560,0.0,0.0
2002-04-29 00:00:00+05:30,59.21875,59.34375,56.59375,56.79765701293945,34.886478424072266,25777664,0.0,0.0
2002-04-30 00:00:00+05:30,56.875,58.15625,56.65937423706055,57.56328201293945,35.356754302978516,22117888,0.0,0.0
2002-05-01 00:00:00+05:30,57.56328201293945,57.56328201293945,57.56328201293945,57.56328201293945,35.356754302978516,0,0.0,0.0
2002-05-02 00:00:00+05:30,58.125,59.140625,58.125,58.560157775878906,35.96905517578125,19447552,0.0,0.0
2002-05-03 00:00:00+05:30,58.12031173706055,59.140625,57.89609146118164,58.653907775878906,36.02663803100586,12833344,0.0,0.0
2002-05-06 00:00:00+05:30,58.671875,58.74687576293945,57.890625,58.25546646118164,35.78190612792969,11473408,0.0,0.0
2002-05-07 00:00:00+05:30,57.71875,58.46875,57.1875,58.14609146118164,35.71472930908203,12131328,0.0,0.0
2002-05-08 00:00:00+05:30,58.61249923706055,59.75,58.59375,59.474998474121094,36.530975341796875,17206272,0.0,0.0
2002-05-09 00:00:00+05:30,61.03125,61.71875,59.45781326293945,60.04218673706055,36.87934494018555,19235264,0.0,0.0
2002-05-10 00:00:00+05:30,59.453125,60.140625,58.67265701293945,59.57734298706055,36.59384536743164,12516096,0.0,0.0
2002-05-13 00:00:00+05:30,59.453125,60.15625,58.90625,59.846092224121094,36.75890350341797,10276352,0.0,0.0
2002-05-14 00:00:00+05:30,60.5,60.61640548706055,59.23749923706055,60.02031326293945,36.86591720581055,16525824,0.0,0.0
2002-05-15 00:00:00+05:30,60.15625,61.53125,60.15625,60.50703048706055,37.16487121582031,34005760,0.0,0.0
2002-05-16 00:00:00+05:30,60.65625,60.703125,59.1484375,59.52265548706055,36.560245513916016,17889088,0.0,0.0
2002-05-17 00:00:00+05:30,59.53125,59.90625,58.4375,59.09531021118164,36.297752380371094,19457344,0.0,0.0
2002-05-20 00:00:00+05:30,58.59375,59.994529724121094,58.59375,59.025001525878906,36.254573822021484,25773184,0.0,0.0
2002-05-21 00:00:00+05:30,56.65937423706055,58.203125,55.9375,56.46015548706055,34.79432678222656,30125440,0.195313,0.0
2002-05-22 00:00:00+05:30,55.9375,57.625,55.546875,57.046875,35.155887603759766,31285632,0.0,0.0
2002-05-23 00:00:00+05:30,57.03125,57.34375,56.203125,56.889060974121094,35.05864334106445,18053120,0.0,0.0
2002-05-24 00:00:00+05:30,58.05078125,59.375,57.78125,59.060157775878906,36.3966064453125,20045184,0.0,0.0
2002-05-27 00:00:00+05:30,58.921875,58.984375,57.265625,57.59531021118164,35.49387741088867,19675584,0.0,0.0
2002-05-28 00:00:00+05:30,57.328125,57.328125,54.703125,54.91171646118164,33.84007263183594,31493312,0.0,0.0
2002-05-29 00:00:00+05:30,54.873435974121094,56.0,53.90625,55.385154724121094,34.13182830810547,46020928,0.0,0.0
2002-05-30 00:00:00+05:30,54.921875,55.78125,54.71875,55.39765548706055,34.13953399658203,21895872,0.0,0.0
2002-05-31 00:00:00+05:30,55.0,55.390625,52.37968826293945,52.946876525878906,32.629207611083984,45376704,0.0,0.0
2002-06-03 00:00:00+05:30,53.421875,53.826560974121094,51.34531021118164,52.02656173706055,32.062068939208984,38760000,0.0,0.0
2002-06-04 00:00:00+05:30,51.328125,52.34375,51.328125,52.060935974121094,32.083248138427734,28173440,0.0,0.0
2002-06-05 00:00:00+05:30,52.32500076293945,54.34375,52.32500076293945,53.787498474121094,33.147254943847656,36407872,0.0,0.0
2002-06-06 00:00:00+05:30,54.01874923706055,54.515625,52.91171646118164,53.41015625,32.91470718383789,33779456,0.0,0.0
2002-06-07 00:00:00+05:30,52.34375,52.34375,50.625,50.72578048706055,31.26042938232422,47699456,0.0,0.0
2002-06-10 00:00:00+05:30,51.578125,53.109375,51.578125,52.744529724121094,32.5045166015625,27366592,0.0,0.0
2002-06-11 00:00:00+05:30,53.90625,55.46875,53.75,55.166404724121094,33.99702072143555,29698560,0.0,0.0
2002-06-12 00:00:00+05:30,55.234375,55.234375,53.921875,54.353126525878906,33.495826721191406,18887680,0.0,0.0
2002-06-13 00:00:00+05:30,54.86249923706055,55.15625,53.77109146118164,54.05781173706055,33.313846588134766,17408576,0.0,0.0
2002-06-14 00:00:00+05:30,53.90625,53.982810974121094,52.77109146118164,52.971092224121094,32.64413833618164,19107968,0.0,0.0
2002-06-17 00:00:00+05:30,53.20468521118164,53.8125,52.50156021118164,52.82109451293945,32.55169677734375,19762240,0.0,0.0
2002-06-18 00:00:00+05:30,53.4375,53.5625,51.11406326293945,51.3515625,31.64607048034668,29418944,0.0,0.0
2002-06-19 00:00:00+05:30,51.078125,51.63984298706055,48.921875,49.23828125,30.3437442779541,55495616,0.0,0.0
2002-06-20 00:00:00+05:30,48.828125,51.234375,48.828125,50.935935974121094,31.389942169189453,41968640,0.0,0.0
2002-06-21 00:00:00+05:30,50.537498474121094,50.537498474121094,48.765625,49.05546951293945,30.2310791015625,34686080,0.0,0.0
2002-06-24 00:00:00+05:30,48.71875,50.115623474121094,48.36328125,49.81171798706055,30.697134017944336,34772736,0.0,0.0
2002-06-25 00:00:00+05:30,50.17499923706055,50.453125,48.984375,49.93437576293945,30.772720336914062,40680960,0.0,0.0
2002-06-26 00:00:00+05:30,49.0625,49.29765701293945,47.69218826293945,47.959373474121094,29.55559730529785,42938944,0.0,0.0
2002-06-27 00:00:00+05:30,48.203125,49.9765625,48.203125,49.549217224121094,30.53535270690918,48195712,0.0,0.0
2002-06-28 00:00:00+05:30,50.17343521118164,51.484375,50.17343521118164,51.25703048706055,31.587820053100586,32555328,0.0,0.0
2002-07-01 00:00:00+05:30,51.5625,52.140625,51.0,51.84531021118164,31.95036506652832,27086208,0.0,0.0
2002-07-02 00:00:00+05:30,51.06796646118164,51.484375,50.609375,51.00390625,31.431835174560547,26694464,0.0,0.0
2002-07-03 00:00:00+05:30,50.93906021118164,53.029685974121094,50.93906021118164,52.80859375,32.543983459472656,39028032,0.0,0.0
2002-07-04 00:00:00+05:30,53.33281326293945,53.859375,52.078125,52.47421646118164,32.33792495727539,38403712,0.0,0.0
2002-07-05 00:00:00+05:30,52.65625,53.514060974121094,52.203125,53.287498474121094,32.8391227722168,25354688,0.0,0.0
2002-07-08 00:00:00+05:30,53.95781326293945,54.21875,53.12578201293945,53.546875,32.99897766113281,25224064,0.0,0.0
2002-07-09 00:00:00+05:30,53.515625,53.58906173706055,52.82968521118164,52.98593521118164,32.65327835083008,20608000,0.0,0.0
2002-07-10 00:00:00+05:30,53.91093826293945,54.375,51.81718826293945,52.088279724121094,32.100093841552734,50155200,0.0,0.0
2002-07-11 00:00:00+05:30,51.54218673706055,51.859375,50.9375,51.58984375,31.792919158935547,34490048,0.0,0.0
2002-07-12 00:00:00+05:30,51.97421646118164,52.34375,51.587501525878906,51.88359451293945,31.97395133972168,24250432,0.0,0.0
2002-07-15 00:00:00+05:30,51.484375,51.484375,50.205467224121094,50.73593521118164,31.26668930053711,22052608,0.0,0.0
2002-07-16 00:00:00+05:30,50.46875,51.15625,49.34765625,49.509376525878906,30.510805130004883,37083136,0.0,0.0
2002-07-17 00:00:00+05:30,49.34375,50.234375,48.80156326293945,49.75859451293945,30.664396286010742,30291904,0.0,0.0
2002-07-18 00:00:00+05:30,50.5625,50.5625,49.41875076293945,50.118751525878906,30.886343002319336,36041792,0.0,0.0
2002-07-19 00:00:00+05:30,49.53125,49.67109298706055,49.010154724121094,49.46953201293945,30.48625373840332,19835584,0.0,0.0
2002-07-22 00:00:00+05:30,48.75,48.75,47.90781021118164,48.271873474121094,29.748172760009766,32212608,0.0,0.0
2002-07-23 00:00:00+05:30,47.84921646118164,50.4375,47.84921646118164,50.19140625,30.931123733520508,37871680,0.0,0.0
2002-07-24 00:00:00+05:30,49.21875,49.53125,47.74296951293945,48.006248474121094,29.5844783782959,38318400,0.0,0.0
2002-07-25 00:00:00+05:30,49.21875,49.671875,48.01718521118164,48.49609375,29.886362075805664,40477504,0.0,0.0
2002-07-26 00:00:00+05:30,47.34062576293945,47.625,46.484375,47.13203048706055,29.045738220214844,43441472,0.0,0.0
2002-07-29 00:00:00+05:30,47.63593673706055,47.63593673706055,46.56406021118164,46.94453048706055,28.930179595947266,32498816,0.0,0.0
2002-07-30 00:00:00+05:30,47.96875,48.982032775878906,47.15625,47.47343826293945,29.256134033203125,47862272,0.0,0.0
2002-07-31 00:00:00+05:30,46.75468826293945,48.109375,46.486717224121094,47.396873474121094,29.208942413330078,37706880,0.0,0.0
2002-08-01 00:00:00+05:30,47.8125,48.15625,47.28281021118164,47.73749923706055,29.418859481811523,29534016,0.0,0.0
2002-08-02 00:00:00+05:30,47.109375,47.265625,45.890625,46.94921875,28.933069229125977,37549888,0.0,0.0
2002-08-05 00:00:00+05:30,47.34375,48.578125,47.203125,48.17890548706055,29.690887451171875,29216704,0.0,0.0
2002-08-06 00:00:00+05:30,47.5,49.29375076293945,47.34375,48.91015625,30.14153289794922,27908544,0.0,0.0
2002-08-07 00:00:00+05:30,49.84375,49.84375,48.59531021118164,48.90937423706055,30.141050338745117,30529792,0.0,0.0
2002-08-08 00:00:00+05:30,48.90625,49.428123474121094,48.203125,48.42734146118164,29.843990325927734,32257728,0.0,0.0
2002-08-09 00:00:00+05:30,49.060935974121094,49.764060974121094,47.84843826293945,49.41093826293945,30.450145721435547,46943936,0.0,0.0
2002-08-12 00:00:00+05:30,49.453125,50.62421798706055,49.140625,50.43828201293945,31.083255767822266,37460928,0.0,0.0
2002-08-13 00:00:00+05:30,50.2421875,50.765625,50.125,50.45234298706055,31.091928482055664,20659456,0.0,0.0
2002-08-14 00:00:00+05:30,49.99531173706055,50.07421875,49.243751525878906,49.36640548706055,30.42270278930664,24419776,0.0,0.0
2002-08-15 00:00:00+05:30,49.36640548706055,49.36640548706055,49.36640548706055,49.36640548706055,30.42270278930664,0,0.0,0.0
2002-08-16 00:00:00+05:30,49.86406326293945,50.39140701293945,49.73593521118164,50.171875,30.919071197509766,22782144,0.0,0.0
2002-08-19 00:00:00+05:30,50.39140701293945,50.68281173706055,50.166404724121094,50.44296646118164,31.086149215698242,23862720,0.0,0.0
2002-08-20 00:00:00+05:30,50.81406021118164,52.62968826293945,50.71875,51.92343521118164,31.998497009277344,35347648,0.0,0.0
2002-08-21 00:00:00+05:30,51.56328201293945,53.203125,51.56328201293945,52.99140548706055,32.65664291381836,44908736,0.0,0.0
2002-08-22 00:00:00+05:30,53.28671646118164,53.625,52.4375,52.67656326293945,32.462623596191406,37726144,0.0,0.0
2002-08-23 00:00:00+05:30,52.89453125,55.390625,52.89453125,55.203125,34.0196533203125,83209536,0.0,0.0
2002-08-26 00:00:00+05:30,53.109375,54.997657775878906,53.109375,54.50859451293945,33.59163284301758,38972928,0.0,0.0
2002-08-27 00:00:00+05:30,54.38046646118164,55.46875,53.25,53.45624923706055,32.94312286376953,69991616,0.0,0.0
2002-08-28 00:00:00+05:30,53.125,53.875,52.70624923706055,53.544532775878906,32.997528076171875,35725504,0.0,0.0
2002-08-29 00:00:00+05:30,53.1875,55.31171798706055,53.07109451293945,54.4921875,33.58152389526367,56262848,0.0,0.0
2002-08-30 00:00:00+05:30,54.640625,56.79218673706055,54.375,56.318748474121094,34.707183837890625,48156160,0.0,0.0
2002-09-02 00:00:00+05:30,56.95781326293945,57.25,55.64453125,55.904685974121094,34.45200729370117,35940608,0.0,0.0
2002-09-03 00:00:00+05:30,55.60625076293945,55.625,54.41093826293945,54.60468673706055,33.65085983276367,36863232,0.0,0.0
2002-09-04 00:00:00+05:30,53.88750076293945,54.96875,53.462501525878906,54.732032775878906,33.72933578491211,42330432,0.0,0.0
2002-09-05 00:00:00+05:30,54.69296646118164,56.40546798706055,54.6875,55.96484375,34.48908615112305,58222144,0.0,0.0
2002-09-06 00:00:00+05:30,55.34375,55.828125,54.47421646118164,55.19140625,34.01242446899414,51598848,0.0,0.0
2002-09-09 00:00:00+05:30,55.43437576293945,56.716407775878906,54.390625,56.283592224121094,34.685508728027344,43699968,0.0,0.0
2002-09-10 00:00:00+05:30,56.283592224121094,56.283592224121094,56.283592224121094,56.283592224121094,34.685508728027344,0,0.0,0.0
2002-09-11 00:00:00+05:30,56.640625,57.93281173706055,56.640625,57.682029724121094,35.54731369018555,45339776,0.0,0.0
2002-09-12 00:00:00+05:30,57.342185974121094,57.578125,56.671875,56.950782775878906,35.0966796875,26804352,0.0,0.0
2002-09-13 00:00:00+05:30,56.375,56.375,55.56406021118164,55.7890625,34.3807487487793,27315648,0.0,0.0
2002-09-16 00:00:00+05:30,55.62812423706055,56.092185974121094,54.859375,55.63046646118164,34.28300476074219,33621952,0.0,0.0
2002-09-17 00:00:00+05:30,55.97421646118164,57.5625,55.97421646118164,57.32500076293945,35.327293395996094,43982464,0.0,0.0
2002-09-18 00:00:00+05:30,56.73906326293945,56.73906326293945,55.578125,55.756248474121094,34.36052322387695,47365760,0.0,0.0
2002-09-19 00:00:00+05:30,55.703125,55.78125,54.42265701293945,54.62187576293945,33.661460876464844,46434112,0.0,0.0
2002-09-20 00:00:00+05:30,53.125,54.984375,53.125,54.78593826293945,33.7625617980957,37551744,0.0,0.0
2002-09-23 00:00:00+05:30,54.84375,55.07500076293945,54.171875,54.4296875,33.543006896972656,29428416,0.0,0.0
2002-09-24 00:00:00+05:30,53.51484298706055,53.85859298706055,52.736717224121094,53.19609451293945,32.78280258178711,39022336,0.0,0.0
2002-09-25 00:00:00+05:30,52.03125,54.296875,52.03125,54.19218826293945,33.39665222167969,42394944,0.0,0.0
2002-09-26 00:00:00+05:30,54.65625,55.140625,54.08281326293945,54.353904724121094,33.49631118774414,34179392,0.0,0.0
2002-09-27 00:00:00+05:30,54.486717224121094,55.11328125,54.486717224121094,54.82109451293945,33.78422927856445,44959616,0.0,0.0
2002-09-30 00:00:00+05:30,54.248435974121094,54.60625076293945,52.89218521118164,53.22578048706055,32.801090240478516,37461184,0.0,0.0
2002-10-01 00:00:00+05:30,52.9375,53.53125,52.34375,53.232810974121094,32.805416107177734,46234880,0.0,0.0
2002-10-02 00:00:00+05:30,53.232810974121094,53.232810974121094,53.232810974121094,53.232810974121094,32.805416107177734,0,0.0,0.0
2002-10-03 00:00:00+05:30,53.4375,54.3125,53.21875,54.17499923706055,33.38606262207031,40588288,0.0,0.0
2002-10-04 00:00:00+05:30,54.14453125,55.02734375,53.84687423706055,54.69453048706055,33.70623016357422,40793152,0.0,0.0
2002-10-07 00:00:00+05:30,54.453125,54.60078048706055,53.765625,53.98828125,33.2710075378418,26232256,0.0,0.0
2002-10-08 00:00:00+05:30,53.671875,55.75,53.52421951293945,55.43281173706055,34.16121292114258,49633408,0.0,0.0
2002-10-09 00:00:00+05:30,55.88359451293945,56.375,53.98828125,54.33124923706055,33.48234558105469,51109952,0.0,0.0
2002-10-10 00:00:00+05:30,54.70468521118164,57.015625,53.962501525878906,56.73828125,34.96570587158203,115910336,0.0,0.0
2002-10-11 00:00:00+05:30,56.75312423706055,59.375,56.75312423706055,58.924217224121094,36.31282424926758,70623808,0.0,0.0
2002-10-14 00:00:00+05:30,59.06718826293945,60.578125,58.53281021118164,59.69921875,36.79042053222656,72795648,0.0,0.0
2002-10-15 00:00:00+05:30,59.69921875,59.69921875,59.69921875,59.69921875,36.79042053222656,0,0.0,0.0
2002-10-16 00:00:00+05:30,60.78125,61.046875,58.28281021118164,58.57890701293945,36.10002899169922,68785472,0.0,0.0
2002-10-17 00:00:00+05:30,58.47187423706055,60.109375,58.15781021118164,59.81328201293945,36.8607292175293,63703872,0.0,0.0
2002-10-18 00:00:00+05:30,60.46875,60.90625,59.58124923706055,59.921875,36.927642822265625,52909376,0.0,0.0
2002-10-21 00:00:00+05:30,60.08359146118164,60.46875,59.205467224121094,59.825782775878906,36.868431091308594,47170176,0.0,0.0
2002-10-22 00:00:00+05:30,60.125,60.375,59.31562423706055,59.54218673706055,36.69366455078125,46875008,0.0,0.0
2002-10-23 00:00:00+05:30,59.08359146118164,59.84062576293945,58.84453201293945,59.349998474121094,36.575218200683594,43332288,0.0,0.0
2002-10-24 00:00:00+05:30,59.82500076293945,59.82500076293945,58.765625,59.11093521118164,36.42789840698242,38613440,0.0,0.0
2002-10-25 00:00:00+05:30,58.950782775878906,59.05781173706055,58.28281021118164,58.662498474121094,36.151546478271484,38481344,0.0,0.0
2002-10-28 00:00:00+05:30,58.75390625,59.203125,58.299217224121094,58.553123474121094,36.084136962890625,26654208,0.0,0.0
2002-10-29 00:00:00+05:30,58.201560974121094,59.46875,57.89374923706055,59.28281021118164,36.533809661865234,45538368,0.0,0.0
2002-10-30 00:00:00+05:30,58.984375,59.65156173706055,58.846092224121094,59.1796875,36.59082794189453,31792320,0.195313,0.0
2002-10-31 00:00:00+05:30,59.375,60.04218673706055,58.828125,59.326560974121094,36.68163299560547,42567680,0.0,0.0
2002-11-01 00:00:00+05:30,59.375,60.859375,59.375,60.4453125,37.37336730957031,43334784,0.0,0.0
2002-11-04 00:00:00+05:30,60.859375,61.703125,60.640625,61.34296798706055,37.928375244140625,15291712,0.0,0.0
2002-11-05 00:00:00+05:30,61.953125,63.592185974121094,61.615623474121094,63.26171875,39.11473846435547,60623104,0.0,0.0
2002-11-06 00:00:00+05:30,63.26171875,63.26171875,63.26171875,63.26171875,39.11473846435547,0,0.0,0.0
2002-11-07 00:00:00+05:30,62.79218673706055,64.27656555175781,62.50468826293945,63.26250076293945,39.11522674560547,86927232,0.0,0.0
2002-11-08 00:00:00+05:30,62.484375,62.78125,61.978126525878906,62.45703125,38.61720275878906,35027328,0.0,0.0
2002-11-11 00:00:00+05:30,62.28125,62.40625,61.2109375,61.61484146118164,38.09648132324219,36256064,0.0,0.0
2002-11-12 00:00:00+05:30,60.9375,61.697654724121094,60.724998474121094,61.55937576293945,38.06218719482422,33467328,0.0,0.0
2002-11-13 00:00:00+05:30,61.6484375,62.34375,61.6484375,61.99921798706055,38.33414077758789,39895488,0.0,0.0
2002-11-14 00:00:00+05:30,62.22343826293945,65.078125,62.12812423706055,64.3765640258789,39.80405044555664,57805120,0.0,0.0
2002-11-15 00:00:00+05:30,65.17655944824219,68.359375,65.17655944824219,67.3812484741211,41.661842346191406,74473344,0.0,0.0
2002-11-18 00:00:00+05:30,67.1875,67.1875,65.65937805175781,66.48828125,41.1097297668457,59826560,0.0,0.0
2002-11-19 00:00:00+05:30,66.48828125,66.48828125,66.48828125,66.48828125,41.1097297668457,0,0.0,0.0
2002-11-20 00:00:00+05:30,66.08906555175781,69.203125,66.01953125,68.87890625,42.587852478027344,102082368,0.0,0.0
2002-11-21 00:00:00+05:30,70.3125,70.99687194824219,69.453125,70.7320327758789,43.73363494873047,79159296,0.0,0.0
2002-11-22 00:00:00+05:30,71.83906555175781,73.01094055175781,71.48750305175781,72.34687805175781,44.73210144042969,93242560,0.0,0.0
2002-11-25 00:00:00+05:30,71.83906555175781,71.953125,70.9703140258789,71.2757797241211,44.06982421875,57428288,0.0,0.0
2002-11-26 00:00:00+05:30,70.953125,71.796875,69.84375,70.33906555175781,43.49067306518555,60546688,0.0,0.0
2002-11-27 00:00:00+05:30,70.46875,71.671875,69.3125,69.55546569824219,43.006168365478516,87585664,0.0,0.0
2002-11-28 00:00:00+05:30,70.765625,71.703125,70.35234069824219,71.4390640258789,44.170799255371094,66792192,0.0,0.0
2002-11-29 00:00:00+05:30,71.3125,71.875,70.0999984741211,71.22265625,44.0369873046875,41319488,0.0,0.0
2002-12-02 00:00:00+05:30,71.625,72.96875,71.328125,72.59765625,44.88716125488281,46553024,0.0,0.0
2002-12-03 00:00:00+05:30,72.1875,72.875,70.9554672241211,71.24140930175781,44.048583984375,57039872,0.0,0.0
2002-12-04 00:00:00+05:30,70.703125,70.703125,68.5960922241211,68.9554672241211,42.63519287109375,63060288,0.0,0.0
2002-12-05 00:00:00+05:30,68.97578430175781,70.27656555175781,68.96875,69.3492202758789,42.878639221191406,47861760,0.0,0.0
2002-12-06 00:00:00+05:30,69.53125,71.23359680175781,69.3140640258789,70.76249694824219,43.752479553222656,48366144,0.0,0.0
2002-12-09 00:00:00+05:30,72.65625,74.203125,70.71875,71.52030944824219,44.221038818359375,96934272,0.0,0.0
2002-12-10 00:00:00+05:30,70.640625,70.90625,68.9375,70.50077819824219,43.59064483642578,58733760,0.0,0.0
2002-12-11 00:00:00+05:30,71.25703430175781,73.65625,71.140625,73.12812805175781,45.21514892578125,100537024,0.0,0.0
2002-12-12 00:00:00+05:30,73.68046569824219,75.65625,73.4609375,75.44140625,46.64542770385742,85993216,0.0,0.0
2002-12-13 00:00:00+05:30,75.390625,75.484375,72.734375,73.00077819824219,45.13640213012695,76834688,0.0,0.0
2002-12-16 00:00:00+05:30,73.671875,73.671875,71.296875,71.48515319824219,44.19929122924805,52601728,0.0,0.0
2002-12-17 00:00:00+05:30,72.484375,72.6578140258789,71.109375,71.4437484741211,44.173683166503906,41560768,0.0,0.0
2002-12-18 00:00:00+05:30,71.171875,72.32421875,70.9375,71.43827819824219,44.170310974121094,48287360,0.0,0.0
2002-12-19 00:00:00+05:30,71.79374694824219,71.87577819824219,71.03984069824219,71.46406555175781,44.186256408691406,43798720,0.0,0.0
2002-12-20 00:00:00+05:30,71.8828125,72.96797180175781,71.75859069824219,72.11640930175781,44.589595794677734,53898944,0.0,0.0
2002-12-23 00:00:00+05:30,72.19062805175781,72.6468734741211,71.265625,71.88984680175781,44.449520111083984,34117568,0.0,0.0
2002-12-24 00:00:00+05:30,71.875,73.40625,71.484375,73.2640609741211,45.2991943359375,48553984,0.0,0.0
2002-12-25 00:00:00+05:30,73.2640609741211,73.2640609741211,73.2640609741211,73.2640609741211,45.2991943359375,0,0.0,0.0
2002-12-26 00:00:00+05:30,73.6234359741211,74.8125,73.4375,74.19453430175781,45.87449645996094,46062272,0.0,0.0
2002-12-27 00:00:00+05:30,74.30546569824219,75.109375,74.25,74.4976577758789,46.06191635131836,38477376,0.0,0.0
2002-12-30 00:00:00+05:30,73.984375,74.27656555175781,73.1328125,74.09375,45.812171936035156,33077440,0.0,0.0
2002-12-31 00:00:00+05:30,74.0,74.96875,73.875,74.58280944824219,46.11457061767578,38066752,0.0,0.0
2003-01-01 00:00:00+05:30,74.6875,75.3890609741211,74.6109390258789,74.98515319824219,46.36333084106445,32066112,0.0,0.0
2003-01-02 00:00:00+05:30,75.53125,75.60078430175781,73.59297180175781,73.78828430175781,45.623321533203125,42260032,0.0,0.0
2003-01-03 00:00:00+05:30,74.84375,75.375,74.21875,75.00468444824219,46.375423431396484,60483072,0.0,0.0
2003-01-06 00:00:00+05:30,75.515625,75.76094055175781,74.484375,75.03593444824219,46.39474105834961,51750400,0.0,0.0
2003-01-07 00:00:00+05:30,75.6781234741211,76.12031555175781,74.0093765258789,74.28202819824219,45.92860412597656,57016320,0.0,0.0
2003-01-08 00:00:00+05:30,74.71875,75.296875,74.3851547241211,74.8226547241211,46.26286697387695,41112960,0.0,0.0
2003-01-09 00:00:00+05:30,75.0,75.21875,74.625,74.9749984741211,46.35706329345703,31291392,0.0,0.0
2003-01-10 00:00:00+05:30,75.15625,75.15625,68.7679672241211,69.50468444824219,42.97475051879883,123995904,0.0,0.0
2003-01-13 00:00:00+05:30,69.046875,69.046875,66.6640625,67.13594055175781,41.51016616821289,77507200,0.0,0.0
2003-01-14 00:00:00+05:30,66.953125,69.875,66.9085922241211,69.49609375,42.969451904296875,76166208,0.0,0.0
2003-01-15 00:00:00+05:30,70.4375,72.3343734741211,70.02030944824219,72.0609359741211,44.5553092956543,93352256,0.0,0.0
2003-01-16 00:00:00+05:30,71.53125,72.671875,70.93827819824219,72.0296859741211,44.53596878051758,41649024,0.0,0.0
2003-01-17 00:00:00+05:30,71.53125,72.96562194824219,71.34375,72.19062805175781,44.63548278808594,56276544,0.0,0.0
2003-01-20 00:00:00+05:30,72.02656555175781,72.02656555175781,70.578125,70.7679672241211,43.7558479309082,25981632,0.0,0.0
2003-01-21 00:00:00+05:30,70.921875,71.046875,69.7265625,69.89140319824219,43.21388244628906,29442688,0.0,0.0
2003-01-22 00:00:00+05:30,70.3125,71.078125,69.71875,70.2796859741211,43.453941345214844,32516288,0.0,0.0
2003-01-23 00:00:00+05:30,69.84375,70.125,68.90625,69.1851577758789,42.777198791503906,31185280,0.0,0.0
2003-01-24 00:00:00+05:30,70.5484390258789,70.5484390258789,68.2210922241211,68.50468444824219,42.35646438598633,62248576,0.0,0.0
2003-01-27 00:00:00+05:30,67.72969055175781,67.890625,66.59375,67.1148452758789,41.497127532958984,39281216,0.0,0.0
2003-01-28 00:00:00+05:30,67.1859359741211,67.96406555175781,66.640625,67.3109359741211,41.618370056152344,45866368,0.0,0.0
2003-01-29 00:00:00+05:30,67.8125,67.8125,65.3125,65.67109680175781,40.60445022583008,50043776,0.0,0.0
2003-01-30 00:00:00+05:30,66.015625,67.328125,65.3335952758789,66.55155944824219,41.14884567260742,60421760,0.0,0.0
2003-01-31 00:00:00+05:30,65.8148422241211,67.65625,65.8125,67.19062805175781,41.54397964477539,31424896,0.0,0.0
2003-02-03 00:00:00+05:30,65.94140625,69.140625,65.94140625,68.91015625,42.60717010498047,36261888,0.0,0.0
2003-02-04 00:00:00+05:30,69.36640930175781,69.5,68.0648422241211,68.8671875,42.580596923828125,32406528,0.0,0.0
2003-02-05 00:00:00+05:30,68.4359359741211,69.140625,67.46875,68.8023452758789,42.540504455566406,33350848,0.0,0.0
2003-02-06 00:00:00+05:30,68.734375,71.01094055175781,68.45703125,70.5921859741211,43.64716720581055,36238144,0.0,0.0
2003-02-07 00:00:00+05:30,70.3125,70.75,69.765625,70.11796569824219,43.35395812988281,31858560,0.0,0.0
2003-02-10 00:00:00+05:30,69.6875,69.99531555175781,67.00312805175781,67.2710952758789,41.59373092651367,43655168,0.0,0.0
2003-02-11 00:00:00+05:30,67.78125,68.203125,66.0492172241211,66.3023452758789,40.994754791259766,54007296,0.0,0.0
2003-02-12 00:00:00+05:30,66.40625,66.64140319824219,64.86015319824219,65.2210922241211,40.32621383666992,56339200,0.0,0.0
2003-02-13 00:00:00+05:30,65.2210922241211,65.2210922241211,65.2210922241211,65.2210922241211,40.32621383666992,0,0.0,0.0
2003-02-14 00:00:00+05:30,65.3125,66.28125,64.3765640258789,64.85859680175781,40.102088928222656,54123776,0.0,0.0
2003-02-17 00:00:00+05:30,66.5835952758789,67.0703125,65.95703125,66.5679702758789,41.158992767333984,51686720,0.0,0.0
2003-02-18 00:00:00+05:30,67.03125,67.14765930175781,65.8125,66.3046875,40.996219635009766,43271296,0.0,0.0
2003-02-19 00:00:00+05:30,66.796875,67.71875,65.78125,66.21406555175781,40.94017791748047,48530816,0.0,0.0
2003-02-20 00:00:00+05:30,65.9375,66.6312484741211,65.1578140258789,66.4296875,41.0734977722168,38198592,0.0,0.0
2003-02-21 00:00:00+05:30,66.3125,66.80937194824219,65.7203140258789,66.0140609741211,40.816505432128906,35078080,0.0,0.0
2003-02-24 00:00:00+05:30,66.42578125,66.734375,65.64375305175781,65.85859680175781,40.72038650512695,28459904,0.0,0.0
2003-02-25 00:00:00+05:30,65.2367172241211,65.27812194824219,64.296875,64.4390640258789,39.84269332885742,35228864,0.0,0.0
2003-02-26 00:00:00+05:30,64.765625,64.984375,63.625,63.83515548706055,39.469303131103516,36492416,0.0,0.0
2003-02-27 00:00:00+05:30,63.803123474121094,65.0625,63.59921646118164,64.1460952758789,39.66155242919922,44340608,0.0,0.0
2003-02-28 00:00:00+05:30,68.203125,68.203125,64.21952819824219,66.9593734741211,41.400997161865234,66299904,0.0,0.0
2003-03-03 00:00:00+05:30,67.2835922241211,67.5,65.7109375,65.9820327758789,40.79670715332031,44389248,0.0,0.0
2003-03-04 00:00:00+05:30,65.46015930175781,65.5625,64.640625,64.88984680175781,40.12140655517578,30929984,0.0,0.0
2003-03-05 00:00:00+05:30,64.2203140258789,65.52812194824219,63.94062423706055,65.296875,40.373077392578125,40163584,0.0,0.0
2003-03-06 00:00:00+05:30,65.296875,65.296875,63.82968521118164,64.02812194824219,39.58859634399414,37748800,0.0,0.0
2003-03-07 00:00:00+05:30,63.359375,63.484375,62.37890625,62.84531021118164,38.857269287109375,38211200,0.0,0.0
2003-03-10 00:00:00+05:30,56.015625,63.63593673706055,56.015625,63.09453201293945,39.01136779785156,46785024,0.0,0.0
2003-03-11 00:00:00+05:30,62.78125,64.76094055175781,62.578125,64.48124694824219,39.86876678466797,45810944,0.0,0.0
2003-03-12 00:00:00+05:30,64.2437515258789,64.81172180175781,62.671875,62.89218521118164,38.886260986328125,45766912,0.0,0.0
2003-03-13 00:00:00+05:30,63.14921951293945,64.1875,62.70624923706055,63.52031326293945,39.274620056152344,43299264,0.0,0.0
2003-03-14 00:00:00+05:30,63.52031326293945,63.52031326293945,63.52031326293945,63.52031326293945,39.274620056152344,0,0.0,0.0
2003-03-17 00:00:00+05:30,63.46875,63.65625,61.81718826293945,63.05156326293945,38.984798431396484,45345088,0.0,0.0
2003-03-18 00:00:00+05:30,63.05156326293945,63.05156326293945,63.05156326293945,63.05156326293945,38.984798431396484,0,0.0,0.0
2003-03-19 00:00:00+05:30,63.296875,65.734375,63.25,65.44062805175781,40.46194839477539,61463040,0.0,0.0
2003-03-20 00:00:00+05:30,65.078125,68.75,65.078125,68.1390609741211,42.13039779663086,71270784,0.0,0.0
2003-03-21 00:00:00+05:30,68.234375,69.53125,67.6148452758789,68.9437484741211,42.62793731689453,55244672,0.0,0.0
2003-03-24 00:00:00+05:30,69.3499984741211,69.640625,68.0625,68.39765930175781,42.2902946472168,55051712,0.0,0.0
2003-03-25 00:00:00+05:30,67.578125,67.578125,66.17655944824219,66.62109375,41.19184112548828,53456768,0.0,0.0
2003-03-26 00:00:00+05:30,67.34375,67.62031555175781,66.28125,66.55937194824219,41.1536865234375,36913088,0.0,0.0
2003-03-27 00:00:00+05:30,66.328125,67.3109359741211,65.8929672241211,67.02734375,41.44301986694336,41770816,0.0,0.0
2003-03-28 00:00:00+05:30,66.5625,67.1875,66.109375,66.7367172241211,41.26332092285156,34597248,0.0,0.0
2003-03-31 00:00:00+05:30,65.6429672241211,65.9375,62.671875,63.325782775878906,39.15434646606445,46685696,0.0,0.0
2003-04-01 00:00:00+05:30,62.734375,64.953125,62.734375,63.41484451293945,39.20940399169922,51766784,0.0,0.0
2003-04-02 00:00:00+05:30,63.75390625,65.203125,63.28671646118164,64.57344055175781,39.925777435302734,43910656,0.0,0.0
2003-04-03 00:00:00+05:30,65.62422180175781,67.5,65.16093444824219,67.1070327758789,41.49229431152344,75072832,0.0,0.0
2003-04-04 00:00:00+05:30,66.921875,67.40625,65.87812805175781,67.11250305175781,41.49567794799805,53412800,0.0,0.0
2003-04-07 00:00:00+05:30,67.203125,68.75,66.93046569824219,68.4828109741211,42.342933654785156,46957184,0.0,0.0
2003-04-08 00:00:00+05:30,67.83280944824219,67.83280944824219,65.83203125,66.1328125,40.88994216918945,46038592,0.0,0.0
2003-04-09 00:00:00+05:30,65.59062194824219,65.59062194824219,64.41484069824219,64.87422180175781,40.11174011230469,46810240,0.0,0.0
2003-04-10 00:00:00+05:30,64.0625,64.0625,47.171875,47.65234375,29.463457107543945,211021376,0.0,0.0
2003-04-11 00:00:00+05:30,45.125,45.125,35.9375,41.45859146118164,25.63385581970215,276615040,0.0,0.0
2003-04-14 00:00:00+05:30,41.45859146118164,41.45859146118164,41.45859146118164,41.45859146118164,25.63385581970215,0,0.0,0.0
2003-04-15 00:00:00+05:30,42.96875,45.52656173706055,42.96875,44.68281173706055,27.627397537231445,151209472,0.0,0.0
2003-04-16 00:00:00+05:30,44.27656173706055,47.5625,44.27656173706055,47.2578125,29.219533920288086,115537088,0.0,0.0
2003-04-17 00:00:00+05:30,44.921875,46.53125,44.0625,46.303123474121094,28.629228591918945,98323200,0.0,0.0
2003-04-18 00:00:00+05:30,46.303123474121094,46.303123474121094,46.303123474121094,46.303123474121094,28.629228591918945,0,0.0,0.0
2003-04-21 00:00:00+05:30,47.265625,47.5,45.62812423706055,45.821876525878906,28.331689834594727,56817536,0.0,0.0
2003-04-22 00:00:00+05:30,46.05781173706055,46.15625,44.734375,45.62031173706055,28.207054138183594,60418304,0.0,0.0
2003-04-23 00:00:00+05:30,46.28125,46.5,44.77031326293945,45.046875,27.852487564086914,48633472,0.0,0.0
2003-04-24 00:00:00+05:30,44.795310974121094,46.84375,44.53125,45.278907775878906,27.995962142944336,75865728,0.0,0.0
2003-04-25 00:00:00+05:30,44.84375,45.890625,44.39921951293945,45.467185974121094,28.11237144470215,35400448,0.0,0.0
2003-04-28 00:00:00+05:30,45.47265625,45.734375,44.84375,45.200782775878906,27.94765853881836,38235776,0.0,0.0
2003-04-29 00:00:00+05:30,45.9375,46.09375,44.31718826293945,44.80234146118164,27.70130157470703,43982080,0.0,0.0
2003-04-30 00:00:00+05:30,44.53125,44.671875,43.015625,43.540626525878906,26.921178817749023,51476352,0.0,0.0
2003-05-01 00:00:00+05:30,43.540626525878906,43.540626525878906,43.540626525878906,43.540626525878906,26.921178817749023,0,0.0,0.0
2003-05-02 00:00:00+05:30,44.04218673706055,45.78125,43.90625,45.53437423706055,28.15392303466797,63601792,0.0,0.0
2003-05-05 00:00:00+05:30,44.0625,46.703125,44.0625,46.037498474121094,28.465002059936523,50768960,0.0,0.0
2003-05-06 00:00:00+05:30,46.078125,47.96875,45.2109375,46.59062576293945,28.80699348449707,88804352,0.0,0.0
2003-05-07 00:00:00+05:30,46.5625,47.46875,46.359375,47.2421875,29.209856033325195,55778368,0.0,0.0
2003-05-08 00:00:00+05:30,46.71562576293945,47.87031173706055,46.20859146118164,46.49687576293945,28.749025344848633,52410880,0.0,0.0
2003-05-09 00:00:00+05:30,46.09375,46.404685974121094,45.41484451293945,45.72187423706055,28.269847869873047,41512768,0.0,0.0
2003-05-12 00:00:00+05:30,46.21875,46.32890701293945,43.04999923706055,43.47343826293945,26.879634857177734,72951360,0.0,0.0
2003-05-13 00:00:00+05:30,43.90625,45.232810974121094,43.90625,44.915626525878906,27.771347045898438,42925440,0.0,0.0
2003-05-14 00:00:00+05:30,44.84375,45.296875,44.265625,44.771873474121094,27.682458877563477,38633408,0.0,0.0
2003-05-15 00:00:00+05:30,45.0,45.21406173706055,44.296875,45.056251525878906,27.858299255371094,36534016,0.0,0.0
2003-05-16 00:00:00+05:30,45.928123474121094,46.95000076293945,45.42734146118164,46.78203201293945,28.925336837768555,60834304,0.0,0.0
2003-05-19 00:00:00+05:30,47.28125,47.609375,43.36093521118164,43.60546875,26.96127700805664,97496320,0.0,0.0
2003-05-20 00:00:00+05:30,43.5625,44.9375,42.59921646118164,44.58906173706055,27.56943130493164,83440448,0.0,0.0
2003-05-21 00:00:00+05:30,44.984375,45.671875,43.28593826293945,43.56718826293945,26.937604904174805,82427008,0.0,0.0
2003-05-22 00:00:00+05:30,43.4375,43.4375,41.71796798706055,42.04218673706055,25.994691848754883,67289216,0.0,0.0
2003-05-23 00:00:00+05:30,42.37890625,42.71875,40.625,40.8125,25.2343807220459,84907968,0.0,0.0
2003-05-26 00:00:00+05:30,40.912498474121094,41.52656173706055,40.171875,41.138282775878906,25.435813903808594,51406784,0.0,0.0
2003-05-27 00:00:00+05:30,41.015625,42.078125,40.40625,40.8203125,25.239215850830078,58359424,0.0,0.0
2003-05-28 00:00:00+05:30,41.435935974121094,43.125,41.193748474121094,42.90937423706055,26.678936004638672,67304960,0.226563,0.0
2003-05-29 00:00:00+05:30,42.90937423706055,43.97968673706055,42.44218826293945,43.275001525878906,26.906288146972656,68530560,0.0,0.0
2003-05-30 00:00:00+05:30,43.421875,43.578125,41.57890701293945,41.78437423706055,25.97947883605957,48566848,0.0,0.0
2003-06-02 00:00:00+05:30,42.96875,44.140625,42.346092224121094,43.919532775878906,27.3070125579834,44774080,0.0,0.0
2003-06-03 00:00:00+05:30,44.5,44.5,42.1875,42.58906173706055,26.47980499267578,48931648,0.0,0.0
2003-06-04 00:00:00+05:30,43.046875,43.59375,42.890625,43.18671798706055,26.851396560668945,34656832,0.0,0.0
2003-06-05 00:00:00+05:30,44.17343521118164,45.296875,44.17343521118164,44.68437576293945,27.782569885253906,51236992,0.0,0.0
2003-06-06 00:00:00+05:30,45.03125,46.63984298706055,44.99921798706055,46.07734298706055,28.648639678955078,58527936,0.0,0.0
2003-06-09 00:00:00+05:30,45.34375,46.859375,45.0,46.38359451293945,28.83905792236328,40497024,0.0,0.0
2003-06-10 00:00:00+05:30,46.09375,46.295310974121094,44.703125,44.92343521118164,27.931196212768555,51281472,0.0,0.0
2003-06-11 00:00:00+05:30,45.47343826293945,46.46875,45.2265625,45.919532775878906,28.550512313842773,67313600,0.0,0.0
2003-06-12 00:00:00+05:30,46.28515625,46.640625,46.053123474121094,46.404685974121094,28.852169036865234,38948288,0.0,0.0
2003-06-13 00:00:00+05:30,46.546875,46.6875,45.78203201293945,46.424217224121094,28.864307403564453,50022016,0.0,0.0
2003-06-16 00:00:00+05:30,45.93281173706055,46.078125,45.20781326293945,45.57890701293945,28.3387393951416,34414400,0.0,0.0
2003-06-17 00:00:00+05:30,46.64453125,48.4375,46.64453125,48.321876525878906,30.044185638427734,71782848,0.0,0.0
2003-06-18 00:00:00+05:30,48.34375,48.435157775878906,47.462501525878906,47.87031173706055,29.763425827026367,47006144,0.0,0.0
2003-06-19 00:00:00+05:30,47.265625,47.8125,47.203125,47.54999923706055,29.56427001953125,23553536,0.0,0.0
2003-06-20 00:00:00+05:30,45.78125,48.4375,45.78125,47.72343826293945,29.672115325927734,54427072,0.0,0.0
2003-06-23 00:00:00+05:30,48.05234146118164,49.05156326293945,47.734375,48.353904724121094,30.064096450805664,60149312,0.0,0.0
2003-06-24 00:00:00+05:30,47.28125,49.4140625,47.28125,49.131248474121094,30.547414779663086,73830848,0.0,0.0
2003-06-25 00:00:00+05:30,49.23593521118164,49.58906173706055,48.765625,49.07500076293945,30.51244354248047,43754368,0.0,0.0
2003-06-26 00:00:00+05:30,49.0703125,50.98359298706055,49.0703125,50.609375,31.4664306640625,66023040,0.0,0.0
2003-06-27 00:00:00+05:30,51.48828125,52.328125,51.11093521118164,52.03671646118164,32.3538818359375,45468864,0.0,0.0
2003-06-30 00:00:00+05:30,52.10468673706055,52.18906021118164,50.90625,51.15625,31.806453704833984,46577472,0.0,0.0
2003-07-01 00:00:00+05:30,51.19140625,52.265625,51.14453125,51.61093521118164,32.08915328979492,52464576,0.0,0.0
2003-07-02 00:00:00+05:30,52.328125,52.34375,49.21875,49.52421951293945,30.791744232177734,54311424,0.0,0.0
2003-07-03 00:00:00+05:30,51.5625,51.5625,44.78125,48.728126525878906,30.29677391052246,114863424,0.0,0.0
2003-07-04 00:00:00+05:30,48.51093673706055,48.80781173706055,47.36249923706055,48.37578201293945,30.077699661254883,44229056,0.0,0.0
2003-07-07 00:00:00+05:30,48.2890625,48.734375,47.265625,48.36249923706055,30.069440841674805,47715840,0.0,0.0
2003-07-08 00:00:00+05:30,49.046875,50.90156173706055,48.134376525878906,50.62968826293945,31.479066848754883,84823040,0.0,0.0
2003-07-09 00:00:00+05:30,50.546875,51.546875,50.1875,50.80234146118164,31.586406707763672,51177536,0.0,0.0
2003-07-10 00:00:00+05:30,54.6875,57.71875,54.6875,56.66875076293945,35.23386001586914,130798400,0.0,0.0
2003-07-11 00:00:00+05:30,55.921875,56.046875,54.5703125,54.92109298706055,34.147254943847656,71093952,0.0,0.0
2003-07-14 00:00:00+05:30,55.859375,56.01093673706055,54.064842224121094,54.48828125,33.87815475463867,41390464,0.0,0.0
2003-07-15 00:00:00+05:30,53.90625,54.296875,52.525001525878906,53.23515701293945,33.099029541015625,43521536,0.0,0.0
2003-07-16 00:00:00+05:30,54.09921646118164,54.33906173706055,53.314842224121094,53.83984375,33.47498321533203,36879232,0.0,0.0
2003-07-17 00:00:00+05:30,55.703125,55.703125,53.75,54.115623474121094,33.64645004272461,46267968,0.0,0.0
2003-07-18 00:00:00+05:30,52.578125,53.65625,52.34375,52.95859146118164,32.927066802978516,41344768,0.0,0.0
2003-07-21 00:00:00+05:30,53.125,53.4375,51.03515625,51.42265701293945,31.97209930419922,53580032,0.0,0.0
2003-07-22 00:00:00+05:30,51.046875,52.640625,50.17343521118164,52.16328048706055,32.432586669921875,60285696,0.0,0.0
2003-07-23 00:00:00+05:30,52.890625,53.90625,52.59531021118164,53.61640548706055,33.336055755615234,44868352,0.0,0.0
2003-07-24 00:00:00+05:30,54.0625,54.52812576293945,52.947654724121094,54.07421875,33.62071228027344,51708032,0.0,0.0
2003-07-25 00:00:00+05:30,52.77031326293945,55.22968673706055,52.77031326293945,54.94843673706055,34.16426467895508,37355200,0.0,0.0
2003-07-28 00:00:00+05:30,55.3125,56.15625,54.71875,55.10234451293945,34.25994110107422,32978816,0.0,0.0
2003-07-29 00:00:00+05:30,54.671875,56.37031173706055,54.22031021118164,56.025001525878906,34.8336181640625,48537280,0.0,0.0
2003-07-30 00:00:00+05:30,55.88203048706055,56.328125,55.34687423706055,55.73046875,34.65047836303711,37567744,0.0,0.0
2003-07-31 00:00:00+05:30,56.09375,56.91875076293945,55.64374923706055,56.28437423706055,34.994873046875,59536064,0.0,0.0
2003-08-01 00:00:00+05:30,57.03125,60.078125,56.72968673706055,59.010154724121094,36.689632415771484,59051328,0.0,0.0
2003-08-04 00:00:00+05:30,58.2109375,59.47968673706055,58.203125,58.47578048706055,36.35737991333008,39481472,0.0,0.0
2003-08-05 00:00:00+05:30,58.63046646118164,59.33906173706055,57.728126525878906,58.23828125,36.2097282409668,42462272,0.0,0.0
2003-08-06 00:00:00+05:30,57.196876525878906,57.196876525878906,54.45781326293945,54.77109146118164,34.053993225097656,70185792,0.0,0.0
2003-08-07 00:00:00+05:30,54.515625,55.38593673706055,54.375,54.81796646118164,34.083133697509766,43469888,0.0,0.0
2003-08-08 00:00:00+05:30,55.3125,56.875,54.9375,55.588279724121094,34.56207275390625,33572352,0.0,0.0
2003-08-11 00:00:00+05:30,55.15625,55.15703201293945,54.200782775878906,54.40312576293945,33.825199127197266,37693440,0.0,0.0
2003-08-12 00:00:00+05:30,55.27656173706055,55.27656173706055,53.06562423706055,53.259376525878906,33.11408996582031,46977920,0.0,0.0
2003-08-13 00:00:00+05:30,53.77031326293945,54.765625,53.046875,54.10546875,33.640132904052734,48048832,0.0,0.0
2003-08-14 00:00:00+05:30,54.16718673706055,54.169532775878906,53.203125,53.385154724121094,33.1922721862793,25253504,0.0,0.0
2003-08-15 00:00:00+05:30,53.385154724121094,53.385154724121094,53.385154724121094,53.385154724121094,33.1922721862793,0,0.0,0.0
2003-08-18 00:00:00+05:30,53.71875,55.209373474121094,53.357810974121094,54.528907775878906,33.903419494628906,37098304,0.0,0.0
2003-08-19 00:00:00+05:30,55.015625,55.84375,54.29843521118164,54.564842224121094,33.925750732421875,26576512,0.0,0.0
2003-08-20 00:00:00+05:30,55.21406173706055,57.79218673706055,55.09687423706055,57.45390701293945,35.722023010253906,55284032,0.0,0.0
2003-08-21 00:00:00+05:30,57.69218826293945,58.51093673706055,57.65156173706055,58.03828048706055,36.08537292480469,24144832,0.0,0.0
2003-08-22 00:00:00+05:30,58.38046646118164,58.65625,56.484375,56.90234375,35.379085540771484,31926912,0.0,0.0
2003-08-25 00:00:00+05:30,57.62031173706055,58.59375,47.15625,55.638282775878906,34.59317398071289,70433920,0.0,0.0
2003-08-26 00:00:00+05:30,55.703125,58.734375,55.703125,58.08203125,36.112571716308594,39059328,0.0,0.0
2003-08-27 00:00:00+05:30,58.828125,60.52812576293945,58.25,60.247657775878906,37.45905685424805,42242112,0.0,0.0
2003-08-28 00:00:00+05:30,60.95703125,61.546875,60.033592224121094,60.91875076293945,37.876304626464844,53888192,0.0,0.0
2003-08-29 00:00:00+05:30,61.64609146118164,62.1875,59.69296646118164,61.341407775878906,38.13909149169922,42512384,0.0,0.0
2003-09-01 00:00:00+05:30,62.5,62.5,60.015625,60.455467224121094,37.588260650634766,24554304,0.0,0.0
2003-09-02 00:00:00+05:30,60.9375,61.53125,60.015625,60.810157775878906,37.80878448486328,37691968,0.0,0.0
2003-09-03 00:00:00+05:30,61.625,61.99531173706055,59.375,59.587501525878906,37.04859924316406,41538368,0.0,0.0
2003-09-04 00:00:00+05:30,60.15625,66.40625,60.15625,65.7757797241211,40.89617156982422,124075904,0.0,0.0
2003-09-05 00:00:00+05:30,66.375,66.484375,64.5625,65.58984375,40.78055191040039,65351936,0.0,0.0
2003-09-08 00:00:00+05:30,66.5625,68.203125,66.015625,66.44218444824219,41.310508728027344,47580736,0.0,0.0
2003-09-09 00:00:00+05:30,67.88594055175781,70.703125,67.27030944824219,69.97187805175781,43.50510025024414,90476544,0.0,0.0
2003-09-10 00:00:00+05:30,68.828125,68.828125,66.4710922241211,67.23905944824219,41.80598068237305,53212544,0.0,0.0
2003-09-11 00:00:00+05:30,65.625,67.453125,65.4703140258789,66.00859069824219,41.040924072265625,45146752,0.0,0.0
2003-09-12 00:00:00+05:30,68.359375,68.359375,64.6890640258789,65.0289077758789,40.431793212890625,53664192,0.0,0.0
2003-09-15 00:00:00+05:30,64.765625,65.8125,62.65625,63.111717224121094,39.23979949951172,48679872,0.0,0.0
2003-09-16 00:00:00+05:30,62.98828125,66.28125,62.71875,65.765625,40.889854431152344,52140800,0.0,0.0
2003-09-17 00:00:00+05:30,67.11405944824219,68.6953125,67.11405944824219,67.6273422241211,42.04737854003906,70697728,0.0,0.0
2003-09-18 00:00:00+05:30,66.640625,67.96406555175781,65.8125,66.2679672241211,41.202178955078125,50755584,0.0,0.0
2003-09-19 00:00:00+05:30,67.5,68.125,66.09375,67.4976577758789,41.96673583984375,41664000,0.0,0.0
2003-09-22 00:00:00+05:30,68.3125,68.671875,67.0960922241211,68.3265609741211,42.48212432861328,52579648,0.0,0.0
2003-09-23 00:00:00+05:30,67.640625,67.88984680175781,66.1875,67.43281555175781,41.926422119140625,49601280,0.0,0.0
2003-09-24 00:00:00+05:30,67.578125,70.96875,67.5,70.45390319824219,43.8047981262207,68738432,0.0,0.0
2003-09-25 00:00:00+05:30,67.421875,70.9375,67.421875,70.4296875,43.78974533081055,60743104,0.0,0.0
2003-09-26 00:00:00+05:30,70.15625,71.47969055175781,69.390625,71.11796569824219,44.217681884765625,50340608,0.0,0.0
2003-09-29 00:00:00+05:30,71.40625,71.515625,69.5703125,69.91328430175781,43.46866226196289,50245056,0.0,0.0
2003-09-30 00:00:00+05:30,71.05781555175781,71.37031555175781,70.1890640258789,70.75077819824219,43.989383697509766,43588480,0.0,0.0
2003-10-01 00:00:00+05:30,70.296875,72.171875,70.0335922241211,71.4671859741211,44.434791564941406,46230336,0.0,0.0
2003-10-02 00:00:00+05:30,71.4671859741211,71.4671859741211,71.4671859741211,71.4671859741211,44.434791564941406,0,0.0,0.0
2003-10-03 00:00:00+05:30,72.375,72.625,71.01484680175781,71.2476577758789,44.29831314086914,38165440,0.0,0.0
2003-10-06 00:00:00+05:30,71.5796890258789,72.10469055175781,57.96875,71.39453125,44.38964080810547,33592384,0.0,0.0
2003-10-07 00:00:00+05:30,71.6875,71.921875,69.42655944824219,69.90312194824219,43.46234893798828,29565120,0.0,0.0
2003-10-08 00:00:00+05:30,70.3125,70.59375,67.74296569824219,68.5835952758789,42.64193344116211,51334656,0.0,0.0
2003-10-09 00:00:00+05:30,69.140625,70.46875,68.2210922241211,69.4859390258789,43.20295715332031,51190784,0.0,0.0
2003-10-10 00:00:00+05:30,73.4375,74.0625,69.921875,72.33671569824219,44.975433349609375,82874432,0.0,0.0
2003-10-13 00:00:00+05:30,73.453125,74.68281555175781,72.65625,74.18437194824219,46.12421798706055,53112512,0.0,0.0
2003-10-14 00:00:00+05:30,74.53984069824219,75.390625,73.4554672241211,73.7835922241211,45.875030517578125,38866560,0.0,0.0
2003-10-15 00:00:00+05:30,73.7835922241211,74.296875,72.8492202758789,73.99140930175781,46.004241943359375,33385344,0.0,0.0
2003-10-16 00:00:00+05:30,74.4375,74.4375,71.65625,72.3539047241211,45.12429428100586,31405952,0.226563,0.0
2003-10-17 00:00:00+05:30,72.8125,74.21875,71.875,73.9867172241211,46.142616271972656,43538688,0.0,0.0
2003-10-20 00:00:00+05:30,73.984375,74.609375,71.578125,72.2320327758789,45.048282623291016,29526016,0.0,0.0
2003-10-21 00:00:00+05:30,75.0,75.0,70.640625,71.1234359741211,44.35689163208008,31924608,0.0,0.0
2003-10-22 00:00:00+05:30,71.85546875,71.85546875,70.078125,70.51171875,43.97538757324219,37824192,0.0,0.0
2003-10-23 00:00:00+05:30,70.3125,71.25,68.453125,69.0328140258789,43.053062438964844,31692032,0.0,0.0
2003-10-24 00:00:00+05:30,81.25,81.25,69.0328140258789,71.16328430175781,44.381752014160156,33502976,0.0,0.0
2003-10-27 00:00:00+05:30,71.359375,71.38594055175781,69.375,69.4781265258789,43.33078384399414,22341824,0.0,0.0
2003-10-28 00:00:00+05:30,70.1507797241211,70.859375,69.375,69.7984390258789,43.530548095703125,35969600,0.0,0.0
2003-10-29 00:00:00+05:30,70.328125,71.55781555175781,70.328125,71.41093444824219,44.53620529174805,26779456,0.0,0.0
2003-10-30 00:00:00+05:30,72.03125,73.03125,71.015625,72.1343765258789,44.987388610839844,32636544,0.0,0.0
2003-10-31 00:00:00+05:30,71.875,74.29296875,70.78125,74.04219055175781,46.17719650268555,36349120,0.0,0.0
2003-11-03 00:00:00+05:30,74.296875,78.3125,74.296875,77.80078125,48.521297454833984,47987264,0.0,0.0
2003-11-04 00:00:00+05:30,78.61328125,79.9906234741211,77.984375,78.53828430175781,48.98125457763672,39572480,0.0,0.0
2003-11-05 00:00:00+05:30,78.75,78.75,77.11328125,78.02421569824219,48.660640716552734,30089216,0.0,0.0
2003-11-06 00:00:00+05:30,77.8148422241211,80.43281555175781,77.8148422241211,79.3031234741211,49.458248138427734,42925056,0.0,0.0
2003-11-07 00:00:00+05:30,79.21875,80.15625,77.15625,77.84687805175781,48.55003356933594,26511744,0.0,0.0
2003-11-10 00:00:00+05:30,77.34375,78.125,75.5804672241211,77.1304702758789,48.10325241088867,16134784,0.0,0.0
2003-11-11 00:00:00+05:30,76.40625,77.80781555175781,75.98905944824219,76.92655944824219,47.97608947753906,26501632,0.0,0.0
2003-11-12 00:00:00+05:30,77.03125,77.34375,75.4710922241211,76.06718444824219,47.44011688232422,32659520,0.0,0.0
2003-11-13 00:00:00+05:30,76.72187805175781,77.16719055175781,73.45390319824219,74.1742172241211,46.25954818725586,36438080,0.0,0.0
2003-11-14 00:00:00+05:30,74.140625,74.484375,71.5835952758789,72.2796859741211,45.07802200317383,30748096,0.0,0.0
2003-11-17 00:00:00+05:30,72.234375,73.046875,71.71875,72.24922180175781,45.059017181396484,28108864,0.0,0.0
2003-11-18 00:00:00+05:30,72.34062194824219,73.984375,71.578125,72.07734680175781,44.951812744140625,38117888,0.0,0.0
2003-11-19 00:00:00+05:30,71.59375,73.578125,71.328125,72.84062194824219,45.427852630615234,45068736,0.0,0.0
2003-11-20 00:00:00+05:30,73.45625305175781,74.015625,71.72265625,72.2164077758789,45.038536071777344,24759616,0.0,0.0
2003-11-21 00:00:00+05:30,71.875,73.265625,71.7984390258789,72.99140930175781,45.521881103515625,25343552,0.0,0.0
2003-11-24 00:00:00+05:30,72.62031555175781,73.046875,69.375,72.28202819824219,45.07947540283203,21499136,0.0,0.0
2003-11-25 00:00:00+05:30,73.28125,74.1640625,73.25,73.9554672241211,46.12311553955078,23171392,0.0,0.0
2003-11-26 00:00:00+05:30,73.9554672241211,73.9554672241211,73.9554672241211,73.9554672241211,46.12311553955078,0,0.0,0.0
2003-11-27 00:00:00+05:30,74.6875,77.5,74.6875,77.0054702758789,48.02530288696289,44810880,0.0,0.0
2003-11-28 00:00:00+05:30,76.25,77.5,76.1773452758789,76.96797180175781,48.00190734863281,19407168,0.0,0.0
2003-12-01 00:00:00+05:30,77.5,81.171875,77.5,80.67655944824219,50.31480026245117,35861120,0.0,0.0
2003-12-02 00:00:00+05:30,81.265625,81.875,79.3218765258789,80.2828140258789,50.06924819946289,25256512,0.0,0.0
2003-12-03 00:00:00+05:30,80.234375,80.453125,79.140625,79.5992202758789,49.642921447753906,27386560,0.0,0.0
2003-12-04 00:00:00+05:30,73.4375,79.671875,73.4375,79.08984375,49.32523727416992,27833408,0.0,0.0
2003-12-05 00:00:00+05:30,78.48828125,79.2476577758789,76.4375,76.72734069824219,47.851844787597656,23658048,0.0,0.0
2003-12-08 00:00:00+05:30,76.5625,77.109375,76.046875,76.64921569824219,47.80310821533203,19881472,0.0,0.0
2003-12-09 00:00:00+05:30,77.0492172241211,78.265625,77.0492172241211,77.80390930175781,48.52324295043945,19140608,0.0,0.0
2003-12-10 00:00:00+05:30,77.34375,78.75,77.0523452758789,77.60469055175781,48.399009704589844,26606144,0.0,0.0
2003-12-11 00:00:00+05:30,78.734375,78.734375,77.21875,77.77812194824219,48.50716781616211,20852800,0.0,0.0
2003-12-12 00:00:00+05:30,78.125,78.90156555175781,77.734375,78.6265640258789,49.03630065917969,22952896,0.0,0.0
2003-12-15 00:00:00+05:30,78.90625,80.59375,78.90625,80.30000305175781,50.07997131347656,18615168,0.0,0.0
2003-12-16 00:00:00+05:30,78.1312484741211,81.9453125,78.1312484741211,81.7007827758789,50.953575134277344,40511296,0.0,0.0
2003-12-17 00:00:00+05:30,80.3125,81.21875,79.6875,80.0296859741211,49.9113655090332,28048256,0.0,0.0
2003-12-18 00:00:00+05:30,82.78125,82.78125,79.78437805175781,80.1382827758789,49.9791145324707,26063424,0.0,0.0
2003-12-19 00:00:00+05:30,81.08515930175781,83.18281555175781,80.75312805175781,82.19999694824219,51.26493453979492,37655744,0.0,0.0
2003-12-22 00:00:00+05:30,82.265625,83.515625,81.25,83.17655944824219,51.87396240234375,22904256,0.0,0.0
2003-12-23 00:00:00+05:30,83.14921569824219,85.546875,83.125,85.1851577758789,53.126644134521484,38820544,0.0,0.0
2003-12-24 00:00:00+05:30,85.15625,85.15625,83.5335922241211,84.7476577758789,52.853797912597656,21936704,0.0,0.0
2003-12-25 00:00:00+05:30,84.7476577758789,84.7476577758789,84.7476577758789,84.7476577758789,52.853797912597656,0,0.0,0.0
2003-12-26 00:00:00+05:30,84.91719055175781,85.3125,83.98515319824219,84.30155944824219,52.5755729675293,17095616,0.0,0.0
2003-12-29 00:00:00+05:30,84.765625,86.3125,84.421875,85.9140625,53.58123016357422,19784704,0.0,0.0
2003-12-30 00:00:00+05:30,87.46406555175781,93.515625,85.78125,86.50077819824219,53.947147369384766,24877824,0.0,0.0
2003-12-31 00:00:00+05:30,86.328125,87.734375,86.328125,86.94844055175781,54.226341247558594,16057728,0.0,0.0
2004-01-01 00:00:00+05:30,87.46875,88.35624694824219,87.234375,88.0679702758789,54.924522399902344,11811200,0.0,0.0
2004-01-02 00:00:00+05:30,88.28125,89.21875,87.75,88.54374694824219,55.22126770019531,17143168,0.0,0.0
2004-01-05 00:00:00+05:30,89.84375,92.890625,88.75,91.97969055175781,57.36412811279297,24806720,0.0,0.0
2004-01-06 00:00:00+05:30,92.96875,93.90625,88.0054702758789,88.828125,55.39862823486328,24549504,0.0,0.0
2004-01-07 00:00:00+05:30,89.8125,90.578125,87.39453125,88.95625305175781,55.47853088378906,38803008,0.0,0.0
2004-01-08 00:00:00+05:30,89.39453125,92.09687805175781,89.39453125,91.3765640258789,56.98796463012695,37550336,0.0,0.0
2004-01-09 00:00:00+05:30,93.75,95.3125,90.171875,90.9468765258789,56.72001647949219,48744256,0.0,0.0
2004-01-12 00:00:00+05:30,92.171875,92.171875,88.78125,89.3773422241211,55.74114227294922,22238464,0.0,0.0
2004-01-13 00:00:00+05:30,90.15625,90.765625,88.8296890258789,90.5250015258789,56.4568977355957,22870912,0.0,0.0
2004-01-14 00:00:00+05:30,90.53125,90.71484375,88.75,89.1484375,55.598388671875,22004800,0.0,0.0
2004-01-15 00:00:00+05:30,89.08203125,89.984375,86.328125,86.89765930175781,54.194679260253906,34165760,0.0,0.0
2004-01-16 00:00:00+05:30,86.71875,86.8734359741211,85.5054702758789,86.3109359741211,53.828758239746094,26454976,0.0,0.0
2004-01-19 00:00:00+05:30,86.484375,86.484375,84.15625,85.9781265258789,53.62120056152344,30427712,0.0,0.0
2004-01-20 00:00:00+05:30,86.328125,87.8125,84.0,84.53984069824219,52.72417449951172,23610944,0.0,0.0
2004-01-21 00:00:00+05:30,84.765625,86.71875,83.359375,84.3125,52.582401275634766,29010368,0.0,0.0
2004-01-22 00:00:00+05:30,84.375,86.640625,78.9585952758789,80.84687805175781,50.42101287841797,51104832,0.0,0.0
2004-01-23 00:00:00+05:30,81.6460952758789,86.046875,81.25,85.33203125,53.218231201171875,36731904,0.0,0.0
2004-01-26 00:00:00+05:30,85.33203125,85.33203125,85.33203125,85.33203125,53.218231201171875,0,0.0,0.0
2004-01-27 00:00:00+05:30,84.375,87.8125,78.421875,86.89765930175781,54.194679260253906,28154944,0.0,0.0
2004-01-28 00:00:00+05:30,86.015625,86.7874984741211,83.4375,84.64765930175781,52.79141616821289,24251072,0.0,0.0
2004-01-29 00:00:00+05:30,83.59375,84.3101577758789,81.25859069824219,82.0796890258789,51.18989181518555,37042880,0.0,0.0
2004-01-30 00:00:00+05:30,84.19999694824219,84.19999694824219,80.8671875,81.44999694824219,50.79716873168945,25131136,0.0,0.0
2004-02-02 00:00:00+05:30,81.44999694824219,81.44999694824219,81.44999694824219,81.44999694824219,50.79716873168945,0,0.0,0.0
2004-02-03 00:00:00+05:30,81.875,82.1875,80.05390930175781,81.21406555175781,50.65003967285156,37488448,0.0,0.0
2004-02-04 00:00:00+05:30,81.2710952758789,84.2015609741211,81.2710952758789,83.7484359741211,52.2306022644043,25612352,0.0,0.0
2004-02-05 00:00:00+05:30,84.0625,86.625,82.8125,84.99140930175781,53.00579071044922,47011712,0.0,0.0
2004-02-06 00:00:00+05:30,84.55155944824219,87.265625,84.39453125,86.85234069824219,54.16640853881836,37574016,0.0,0.0
2004-02-09 00:00:00+05:30,87.484375,89.21875,87.19609069824219,88.28828430175781,55.06193542480469,32914240,0.0,0.0
2004-02-10 00:00:00+05:30,88.28125,88.984375,85.7828140258789,86.06172180175781,53.67332077026367,30173888,0.0,0.0
2004-02-11 00:00:00+05:30,86.71875,87.078125,85.078125,85.4906234741211,53.317138671875,24955968,0.0,0.0
2004-02-12 00:00:00+05:30,85.9375,86.15625,83.046875,83.6429672241211,52.16483688354492,59246720,0.0,0.0
2004-02-13 00:00:00+05:30,83.875,84.828125,83.203125,84.00312805175781,52.38945770263672,40205760,0.0,0.0
2004-02-16 00:00:00+05:30,84.39921569824219,84.953125,83.4710922241211,83.6875,52.19261169433594,27349376,0.0,0.0
2004-02-17 00:00:00+05:30,83.75,84.6875,83.46875,84.34375,52.601871490478516,23235904,0.0,0.0
2004-02-18 00:00:00+05:30,85.0,85.3125,83.140625,83.6156234741211,52.147789001464844,26329984,0.0,0.0
2004-02-19 00:00:00+05:30,83.59375,83.59375,79.40625,79.78593444824219,49.759361267089844,36728384,0.0,0.0
2004-02-20 00:00:00+05:30,79.671875,81.79219055175781,78.359375,79.1429672241211,49.358375549316406,52873792,0.0,0.0
2004-02-23 00:00:00+05:30,79.3125,80.6875,79.0625,79.4203109741211,49.53133010864258,31885440,0.0,0.0
2004-02-24 00:00:00+05:30,79.0609359741211,79.90625,76.96875,78.8101577758789,49.15080642700195,41712448,0.0,0.0
2004-02-25 00:00:00+05:30,88.59375,88.59375,77.046875,77.6148452758789,48.405330657958984,28607872,0.0,0.0
2004-02-26 00:00:00+05:30,78.125,78.90625,75.5640640258789,76.3296890258789,47.60383605957031,41546176,0.0,0.0
2004-02-27 00:00:00+05:30,76.40625,79.59375,75.9398422241211,79.10078430175781,49.33206558227539,37689664,0.0,0.0
2004-03-01 00:00:00+05:30,79.65625,83.28125,79.65625,83.1148452758789,51.835487365722656,40953024,0.0,0.0
2004-03-02 00:00:00+05:30,83.1148452758789,83.1148452758789,83.1148452758789,83.1148452758789,51.835487365722656,0,0.0,0.0
2004-03-03 00:00:00+05:30,82.8125,83.015625,80.46875,81.015625,50.52627944946289,29994368,0.0,0.0
2004-03-04 00:00:00+05:30,81.484375,83.98124694824219,80.67655944824219,82.578125,51.50074768066406,45102144,0.0,0.0
2004-03-05 00:00:00+05:30,82.796875,83.2554702758789,81.64453125,82.01094055175781,51.147003173828125,22380416,0.0,0.0
2004-03-08 00:00:00+05:30,82.015625,82.015625,79.6875,79.85234069824219,49.800777435302734,24954240,0.0,0.0
2004-03-09 00:00:00+05:30,91.015625,91.015625,76.09375,77.8890609741211,48.576351165771484,50456320,0.0,0.0
2004-03-10 00:00:00+05:30,77.3125,77.421875,75.7835922241211,76.59765625,47.77096176147461,38215872,0.0,0.0
2004-03-11 00:00:00+05:30,76.38749694824219,76.859375,75.078125,75.8687515258789,47.316375732421875,28511424,0.0,0.0
2004-03-12 00:00:00+05:30,76.328125,80.0625,74.609375,78.703125,49.084068298339844,51212992,0.0,0.0
2004-03-15 00:00:00+05:30,80.50859069824219,81.0,76.5625,77.19453430175781,48.14321517944336,30844672,0.0,0.0
2004-03-16 00:00:00+05:30,76.5679702758789,77.8125,75.55546569824219,77.2249984741211,48.16220474243164,30103616,0.0,0.0
2004-03-17 00:00:00+05:30,77.734375,79.99531555175781,77.734375,78.7945327758789,49.14106750488281,34600128,0.0,0.0
2004-03-18 00:00:00+05:30,79.6703109741211,79.6875,76.875,77.14375305175781,48.111534118652344,24171648,0.0,0.0
2004-03-19 00:00:00+05:30,77.0625,81.671875,77.03125,81.08125305175781,50.56719207763672,44321792,0.0,0.0
2004-03-22 00:00:00+05:30,81.25,81.25,78.6148452758789,79.3062515258789,49.46018981933594,18716864,0.0,0.0
2004-03-23 00:00:00+05:30,78.90625,81.77812194824219,78.37968444824219,80.7750015258789,50.37621307373047,24403456,0.0,0.0
2004-03-24 00:00:00+05:30,80.2398452758789,80.9375,78.0210952758789,78.8671875,49.18635559082031,28319680,0.0,0.0
2004-03-25 00:00:00+05:30,78.90625,87.5,78.75,80.734375,50.35087203979492,29444160,0.0,0.0
2004-03-26 00:00:00+05:30,81.8023452758789,83.59375,81.71875,82.9609375,51.739463806152344,27476544,0.0,0.0
2004-03-29 00:00:00+05:30,82.8109359741211,83.1875,80.578125,81.453125,50.799110412597656,19412864,0.0,0.0
2004-03-30 00:00:00+05:30,82.1875,82.765625,78.453125,78.7242202758789,49.09720993041992,29782976,0.0,0.0
2004-03-31 00:00:00+05:30,74.00077819824219,78.890625,74.00077819824219,77.15937805175781,48.12127685546875,42513600,0.0,0.0
2004-04-01 00:00:00+05:30,77.36015319824219,80.375,77.36015319824219,79.859375,49.80515670776367,26651008,0.0,0.0
2004-04-02 00:00:00+05:30,80.078125,80.453125,77.5,78.125,48.7235107421875,36836224,0.0,0.0
2004-04-05 00:00:00+05:30,78.875,81.8515625,78.75,80.8499984741211,50.4229736328125,32154304,0.0,0.0
2004-04-06 00:00:00+05:30,92.890625,92.890625,81.9375,83.0140609741211,51.77262496948242,64156288,0.0,0.0
2004-04-07 00:00:00+05:30,84.375,84.375,82.34375,83.20780944824219,51.893455505371094,26629568,0.0,0.0
2004-04-08 00:00:00+05:30,84.21875,84.359375,82.5,83.0015640258789,51.76482009887695,24899584,0.0,0.0
2004-04-09 00:00:00+05:30,83.0015640258789,83.0015640258789,83.0015640258789,83.0015640258789,51.76482009887695,0,0.0,0.0
2004-04-12 00:00:00+05:30,83.4375,83.71875,79.5679702758789,80.36328125,50.11944580078125,36248128,0.0,0.0
2004-04-13 00:00:00+05:30,92.01484680175781,92.01484680175781,83.609375,85.83984375,53.534934997558594,78408320,0.0,0.0
2004-04-14 00:00:00+05:30,85.83984375,85.83984375,85.83984375,85.83984375,53.534934997558594,0,0.0,0.0
2004-04-15 00:00:00+05:30,87.15156555175781,87.15156555175781,82.8148422241211,83.3812484741211,52.00160598754883,71227328,0.0,0.0
2004-04-16 00:00:00+05:30,84.296875,85.421875,83.83671569824219,84.2164077758789,52.522464752197266,36977024,0.0,0.0
2004-04-19 00:00:00+05:30,84.375,84.375,83.0796890258789,83.76484680175781,52.240867614746094,22941888,0.0,0.0
2004-04-20 00:00:00+05:30,84.140625,84.83906555175781,83.76953125,84.08203125,52.438655853271484,19525184,0.0,0.0
2004-04-21 00:00:00+05:30,84.046875,85.078125,83.59375,84.7734375,52.86986541748047,21904064,0.0,0.0
2004-04-22 00:00:00+05:30,84.84375,85.125,83.9390640258789,84.15312194824219,52.483001708984375,14137600,0.0,0.0
2004-04-23 00:00:00+05:30,84.6875,85.2249984741211,82.6585922241211,82.9242172241211,51.71657943725586,34524800,0.0,0.0
2004-04-26 00:00:00+05:30,82.9242172241211,82.9242172241211,82.9242172241211,82.9242172241211,51.71657943725586,0,0.0,0.0
2004-04-27 00:00:00+05:30,82.77812194824219,82.77812194824219,79.765625,80.2445297241211,50.04537582397461,28616000,0.0,0.0
2004-04-28 00:00:00+05:30,80.390625,80.765625,79.30546569824219,79.72265625,49.71990966796875,28258624,0.0,0.0
2004-04-29 00:00:00+05:30,79.671875,80.68281555175781,78.296875,78.73046875,49.10109329223633,43605184,0.0,0.0
2004-04-30 00:00:00+05:30,79.375,81.13749694824219,78.9546890258789,80.4085922241211,50.147705078125,30273216,0.0,0.0
2004-05-03 00:00:00+05:30,79.2359390258789,81.5453109741211,79.2359390258789,81.0093765258789,50.52236557006836,22498048,0.0,0.0
2004-05-04 00:00:00+05:30,81.640625,82.40625,81.15625,81.56172180175781,50.86683654785156,17846592,0.0,0.0
2004-05-05 00:00:00+05:30,82.015625,82.46875,81.4117202758789,82.2015609741211,51.265892028808594,20423104,0.0,0.0
2004-05-06 00:00:00+05:30,82.8125,85.74531555175781,82.5023422241211,82.76953125,51.62012481689453,14392768,0.0,0.0
2004-05-07 00:00:00+05:30,82.421875,82.8125,81.328125,81.5523452758789,50.861019134521484,11201984,0.0,0.0
2004-05-10 00:00:00+05:30,80.46875,80.9375,79.84375,80.08515930175781,49.94596481323242,14165504,0.0,0.0
2004-05-11 00:00:00+05:30,79.671875,80.0,78.359375,78.8453140258789,49.17273712158203,26232064,0.0,0.0
2004-05-12 00:00:00+05:30,78.90625,80.3125,78.60234069824219,79.4273452758789,49.53571319580078,24579968,0.0,0.0
2004-05-13 00:00:00+05:30,79.66719055175781,82.34375,76.578125,81.15234375,50.61152648925781,33562048,0.0,0.0
2004-05-14 00:00:00+05:30,81.640625,81.9671859741211,79.1875,79.52734375,49.598087310791016,31301120,0.0,0.0
2004-05-17 00:00:00+05:30,78.90156555175781,78.90156555175781,64.4546890258789,70.60624694824219,44.03436279296875,31777600,0.0,0.0
2004-05-18 00:00:00+05:30,74.171875,77.6890640258789,72.67655944824219,76.26484680175781,47.56339645385742,45230720,0.0,0.0
2004-05-19 00:00:00+05:30,78.28125,78.890625,75.625,77.6976547241211,48.45697784423828,21176960,0.0,0.0
2004-05-20 00:00:00+05:30,79.125,79.125,76.82890319824219,76.99922180175781,48.02138900756836,18078592,0.0,0.0
2004-05-21 00:00:00+05:30,76.875,77.65625,75.875,76.7203140258789,47.847450256347656,20265792,0.0,0.0
2004-05-24 00:00:00+05:30,78.125,83.3570327758789,77.8492202758789,83.10546875,51.82961654663086,38852608,0.0,0.0
2004-05-25 00:00:00+05:30,82.41719055175781,84.359375,80.75,83.68437194824219,52.19066619873047,39751744,0.0,0.0
2004-05-26 00:00:00+05:30,84.078125,84.078125,81.921875,82.5625,52.620880126953125,23094400,1.796875,0.0
2004-05-27 00:00:00+05:30,82.03125,84.171875,81.8804702758789,82.77734375,52.7578010559082,22419584,0.0,0.0
2004-05-28 00:00:00+05:30,82.421875,83.71875,78.31562805175781,79.02734375,50.367740631103516,35431808,0.0,0.0
2004-05-31 00:00:00+05:30,79.53125,82.03125,76.5625,81.2640609741211,51.7933235168457,34813312,0.0,0.0
2004-06-01 00:00:00+05:30,81.27421569824219,83.328125,81.27421569824219,82.61796569824219,52.65620422363281,28710336,0.0,0.0
2004-06-02 00:00:00+05:30,82.72969055175781,83.98124694824219,81.99296569824219,83.3984375,53.153648376464844,17547008,0.0,0.0
2004-06-03 00:00:00+05:30,83.75,84.140625,81.5,81.89765930175781,52.19712829589844,30415040,0.0,0.0
2004-06-04 00:00:00+05:30,81.25,81.90625,80.5,81.5210952758789,51.957157135009766,19523392,0.0,0.0
2004-06-07 00:00:00+05:30,82.1875,83.0,80.5015640258789,81.3656234741211,51.8580436706543,21086016,0.0,0.0
2004-06-08 00:00:00+05:30,81.640625,82.0218734741211,80.0171890258789,80.90547180175781,51.564781188964844,31877952,0.0,0.0
2004-06-09 00:00:00+05:30,81.2710952758789,81.93437194824219,80.9609375,81.59375,52.003440856933594,16769088,0.0,0.0
2004-06-10 00:00:00+05:30,81.94844055175781,82.60859680175781,81.015625,82.3929672241211,52.512821197509766,16670208,0.0,0.0
2004-06-11 00:00:00+05:30,82.5,82.5,79.40702819824219,79.8531265258789,50.89405822753906,29788544,0.0,0.0
2004-06-14 00:00:00+05:30,79.6859359741211,80.0570297241211,77.84765625,78.03125,49.73289108276367,22198208,0.0,0.0
2004-06-15 00:00:00+05:30,78.359375,79.921875,78.359375,79.4085922241211,50.61075210571289,22293952,0.0,0.0
2004-06-16 00:00:00+05:30,80.46875,80.859375,79.7085952758789,80.40625,51.24659729003906,21901504,0.0,0.0
2004-06-17 00:00:00+05:30,80.46875,81.5625,80.1875,81.24296569824219,51.779884338378906,19065792,0.0,0.0
2004-06-18 00:00:00+05:30,81.25,82.7750015258789,80.70703125,82.2578125,52.426666259765625,28632320,0.0,0.0
2004-06-21 00:00:00+05:30,82.421875,83.984375,82.26875305175781,83.6148452758789,53.291587829589844,26522560,0.0,0.0
2004-06-22 00:00:00+05:30,83.0523452758789,84.2562484741211,82.65625,83.99140930175781,53.53156661987305,23141632,0.0,0.0
2004-06-23 00:00:00+05:30,84.296875,84.359375,82.734375,83.1781234741211,53.01322555541992,26169152,0.0,0.0
2004-06-24 00:00:00+05:30,83.43281555175781,84.984375,82.8921890258789,84.5179672241211,53.8671760559082,32614720,0.0,0.0
2004-06-25 00:00:00+05:30,84.53125,85.9375,83.859375,85.6859359741211,54.61154556274414,28886528,0.0,0.0
2004-06-28 00:00:00+05:30,86.40625,87.78125,86.12890625,87.4671859741211,55.746864318847656,31393024,0.0,0.0
2004-06-29 00:00:00+05:30,87.578125,88.43672180175781,86.890625,87.29219055175781,55.635337829589844,44017472,0.0,0.0
2004-06-30 00:00:00+05:30,87.03125,87.8125,85.9546890258789,86.3140640258789,55.01191329956055,39124224,0.0,0.0
2004-07-01 00:00:00+05:30,87.1875,88.48124694824219,84.94999694824219,88.05000305175781,56.11830520629883,28275440,0.0,4.0
2004-07-02 00:00:00+05:30,85.328125,89.4375,85.328125,88.9593734741211,56.69789505004883,24930048,0.0,0.0
2004-07-05 00:00:00+05:30,89.14375305175781,90.3125,88.78125,89.34062194824219,56.94089126586914,15505536,0.0,0.0
2004-07-06 00:00:00+05:30,89.1875,89.75,87.8843765258789,89.15625,56.8233642578125,19217968,0.0,0.0
2004-07-07 00:00:00+05:30,87.7593765258789,88.9375,86.5687484741211,87.02812194824219,55.467018127441406,28427936,0.0,0.0
2004-07-08 00:00:00+05:30,87.5,88.7125015258789,83.20625305175781,84.515625,53.865699768066406,37858080,0.0,0.0
2004-07-09 00:00:00+05:30,81.25,86.8656234741211,80.3125,86.40625,55.070682525634766,22787760,0.0,0.0
2004-07-12 00:00:00+05:30,86.6875,87.46875,85.265625,86.0093765258789,54.81775665283203,22648144,0.0,0.0
2004-07-13 00:00:00+05:30,89.0625,89.5250015258789,86.8125,87.671875,55.8773078918457,38728000,0.0,0.0
2004-07-14 00:00:00+05:30,88.75,90.3125,88.375,88.80000305175781,56.5963134765625,29463584,0.0,0.0
2004-07-15 00:00:00+05:30,89.0250015258789,90.5562515258789,88.64375305175781,90.21562194824219,57.49856185913086,21826416,0.0,0.0
2004-07-16 00:00:00+05:30,90.21875,92.80000305175781,90.21875,92.359375,58.86488342285156,34887056,0.0,0.0
2004-07-19 00:00:00+05:30,92.375,93.25,91.375,92.390625,58.88478088378906,22012128,0.0,0.0
2004-07-20 00:00:00+05:30,92.125,92.48124694824219,90.1968765258789,90.48750305175781,57.67182540893555,21665664,0.0,0.0
2004-07-21 00:00:00+05:30,90.6875,91.25,89.07499694824219,89.83125305175781,57.25357437133789,22177072,0.0,0.0
2004-07-22 00:00:00+05:30,90.875,91.25,89.3812484741211,90.16874694824219,57.46866989135742,19465920,0.0,0.0
2004-07-23 00:00:00+05:30,90.625,91.54374694824219,90.1875,90.9468765258789,57.964630126953125,15554320,0.0,0.0
2004-07-26 00:00:00+05:30,89.92500305175781,91.5625,89.5093765258789,91.22187805175781,58.139888763427734,14673152,0.0,0.0
2004-07-27 00:00:00+05:30,91.875,92.9000015258789,91.44062805175781,92.45625305175781,58.92662811279297,23371088,0.0,0.0
2004-07-28 00:00:00+05:30,92.5,94.5625,92.2562484741211,94.26875305175781,60.08181381225586,31335104,0.0,0.0
2004-07-29 00:00:00+05:30,94.34687805175781,96.5625,94.34687805175781,95.9749984741211,61.169281005859375,21491184,0.0,0.0
2004-07-30 00:00:00+05:30,96.3187484741211,97.8125,95.625,97.09375,61.88233184814453,25009120,0.0,0.0
2004-08-02 00:00:00+05:30,96.875,97.89375305175781,96.875,97.25,61.98188400268555,17539728,0.0,0.0
2004-08-03 00:00:00+05:30,97.4937515258789,98.875,97.4312515258789,98.5562515258789,62.814430236816406,23723440,0.0,0.0
2004-08-04 00:00:00+05:30,98.6875,98.6875,96.375,96.7562484741211,61.66719436645508,17101728,0.0,0.0
2004-08-05 00:00:00+05:30,96.5,97.75,96.5,97.36250305175781,62.0535888671875,18405328,0.0,0.0
2004-08-06 00:00:00+05:30,96.9375,97.3125,94.4593734741211,95.42500305175781,60.818748474121094,23971584,0.0,0.0
2004-08-09 00:00:00+05:30,94.48750305175781,96.35624694824219,93.625,95.890625,61.115501403808594,19569968,0.0,0.0
2004-08-10 00:00:00+05:30,96.3125,96.3125,94.8125,95.3187484741211,60.75102615356445,15133312,0.0,0.0
2004-08-11 00:00:00+05:30,95.9375,96.54374694824219,93.44999694824219,94.0062484741211,59.91448974609375,21258032,0.0,0.0
2004-08-12 00:00:00+05:30,94.0,94.5562515258789,93.0,93.6656265258789,59.69741439819336,22696432,0.0,0.0
2004-08-13 00:00:00+05:30,93.125,95.5562515258789,92.1968765258789,92.4906234741211,58.94852066040039,21489920,0.0,0.0
2004-08-16 00:00:00+05:30,92.6875,93.3125,92.0,92.94999694824219,59.24128723144531,16502032,0.0,0.0
2004-08-17 00:00:00+05:30,93.6875,94.0625,92.25312805175781,92.65625,59.05408477783203,15134480,0.0,0.0
2004-08-18 00:00:00+05:30,92.6875,93.625,92.4375,92.92500305175781,59.22537612915039,17098976,0.0,0.0
2004-08-19 00:00:00+05:30,93.75,96.25,93.75,96.046875,61.21507263183594,31323920,0.0,0.0
2004-08-20 00:00:00+05:30,95.9375,97.1500015258789,95.3125,96.67500305175781,61.61542510986328,24660640,0.0,0.0
2004-08-23 00:00:00+05:30,97.375,98.8125,96.9468765258789,97.47187805175781,62.12331771850586,22006368,0.0,0.0
2004-08-24 00:00:00+05:30,97.5,98.2906265258789,96.703125,97.2437515258789,61.97792434692383,17164864,0.0,0.0
2004-08-25 00:00:00+05:30,97.2562484741211,97.7750015258789,94.75,95.94062805175781,61.14736557006836,20150288,0.0,0.0
2004-08-26 00:00:00+05:30,96.4375,97.375,95.7750015258789,96.59687805175781,61.56562042236328,20723296,0.0,0.0
2004-08-27 00:00:00+05:30,97.0562515258789,98.1875,96.3218765258789,97.83125305175781,62.35234832763672,15277728,0.0,0.0
2004-08-30 00:00:00+05:30,98.25,98.92500305175781,97.25,98.59062194824219,62.83631896972656,12084944,0.0,0.0
2004-08-31 00:00:00+05:30,98.75,99.3687515258789,97.6968765258789,98.46875,62.7586555480957,13549504,0.0,0.0
2004-09-01 00:00:00+05:30,98.4375,99.3125,98.125,98.82499694824219,62.98572540283203,8008016,0.0,0.0
2004-09-02 00:00:00+05:30,99.69062805175781,100.8375015258789,99.69062805175781,100.1656265258789,63.84014892578125,18522576,0.0,0.0
2004-09-03 00:00:00+05:30,100.3125,100.73750305175781,99.55937194824219,100.4124984741211,63.99748229980469,14033472,0.0,0.0
2004-09-06 00:00:00+05:30,100.625,100.9375,100.25,100.4937515258789,64.04927062988281,7469520,0.0,0.0
2004-09-07 00:00:00+05:30,100.37812805175781,101.21875,100.0,100.9625015258789,64.3480453491211,11782048,0.0,0.0
2004-09-08 00:00:00+05:30,101.1875,101.875,100.75,101.5625,64.7304458618164,13429216,0.0,0.0
2004-09-09 00:00:00+05:30,101.625,102.0625,101.0,101.4156265258789,64.63683319091797,13698032,0.0,0.0
2004-09-10 00:00:00+05:30,101.8812484741211,103.99687194824219,101.4156265258789,103.37812805175781,65.88764953613281,18587072,0.0,0.0
2004-09-13 00:00:00+05:30,105.3125,106.2437515258789,103.125,104.7406234741211,66.75601196289062,18370576,0.0,0.0
2004-09-14 00:00:00+05:30,104.98124694824219,106.61250305175781,104.83125305175781,106.3187484741211,67.76182556152344,30164176,0.0,0.0
2004-09-15 00:00:00+05:30,106.75,106.9906234741211,105.3125,106.3125,67.75785827636719,21460064,0.0,0.0
2004-09-16 00:00:00+05:30,106.078125,106.375,105.0093765258789,105.93437194824219,67.51683044433594,16680048,0.0,0.0
2004-09-17 00:00:00+05:30,105.99687194824219,105.99687194824219,104.390625,105.60624694824219,67.30770874023438,20388080,0.0,0.0
2004-09-20 00:00:00+05:30,105.0625,105.0625,103.4375,103.59375,66.02505493164062,20823424,0.0,0.0
2004-09-21 00:00:00+05:30,103.7593765258789,105.0625,103.5875015258789,104.7593765258789,66.76798248291016,27698816,0.0,0.0
2004-09-22 00:00:00+05:30,104.7593765258789,104.98124694824219,103.4375,103.96875,66.2640609741211,23176304,0.0,0.0
2004-09-23 00:00:00+05:30,103.73750305175781,103.73750305175781,101.625,101.89375305175781,64.9415512084961,23091104,0.0,0.0
2004-09-24 00:00:00+05:30,102.21875,102.92500305175781,100.4937515258789,100.87187194824219,64.29027557373047,20775696,0.0,0.0
2004-09-27 00:00:00+05:30,101.25,102.80000305175781,100.890625,102.48124694824219,65.31602478027344,16671776,0.0,0.0
2004-09-28 00:00:00+05:30,102.41874694824219,102.41874694824219,100.0625,100.7437515258789,64.20863342285156,18208848,0.0,0.0
2004-09-29 00:00:00+05:30,101.015625,102.8687515258789,100.640625,102.4937515258789,65.3239974975586,20993216,0.0,0.0
2004-09-30 00:00:00+05:30,104.375,106.375,102.8187484741211,105.96875,67.53874969482422,34462048,0.0,0.0
2004-10-01 00:00:00+05:30,108.4375,108.5625,105.69062805175781,106.453125,67.84745788574219,20852576,0.0,0.0
2004-10-04 00:00:00+05:30,107.5,108.875,107.5,107.9937515258789,68.82939910888672,18128336,0.0,0.0
2004-10-05 00:00:00+05:30,108.140625,108.67500305175781,107.06562805175781,107.53125,68.53460693359375,13884688,0.0,0.0
2004-10-06 00:00:00+05:30,106.875,106.875,105.0,105.3656234741211,67.15435791015625,29443040,0.0,0.0
2004-10-07 00:00:00+05:30,106.25,107.0,105.01875305175781,106.59375,67.93709564208984,15432096,0.0,0.0
2004-10-08 00:00:00+05:30,106.75,108.0875015258789,106.3125,106.75312805175781,68.03868103027344,20248128,0.0,0.0
2004-10-11 00:00:00+05:30,106.578125,107.171875,105.0218734741211,105.40937805175781,67.18223571777344,14722064,0.0,0.0
2004-10-12 00:00:00+05:30,108.25,108.6875,106.375,106.9593734741211,68.17012786865234,36566784,0.0,0.0
2004-10-13 00:00:00+05:30,106.9593734741211,106.9593734741211,106.9593734741211,106.9593734741211,68.17012786865234,0,0.0,0.0
2004-10-14 00:00:00+05:30,107.6312484741211,114.0625,106.9468765258789,113.40625,72.27903747558594,49699776,0.0,0.0
2004-10-15 00:00:00+05:30,113.47187805175781,114.75,111.078125,111.671875,71.17361450195312,17571888,0.0,0.0
2004-10-18 00:00:00+05:30,112.5625,112.5625,109.453125,110.07499694824219,70.35273742675781,25400864,0.3125,0.0
2004-10-19 00:00:00+05:30,111.25,111.54374694824219,109.3187484741211,110.4906234741211,70.61836242675781,31222048,0.0,0.0
2004-10-20 00:00:00+05:30,110.75,112.15625,109.5062484741211,109.92500305175781,70.25684356689453,26192688,0.0,0.0
2004-10-21 00:00:00+05:30,110.0218734741211,111.55000305175781,109.6875,111.234375,71.09371948242188,21814288,0.0,0.0
2004-10-22 00:00:00+05:30,111.234375,111.234375,111.234375,111.234375,71.09371948242188,0,0.0,0.0
2004-10-25 00:00:00+05:30,111.5718765258789,114.4937515258789,111.5718765258789,113.76875305175781,72.71354675292969,31941936,0.0,0.0
2004-10-26 00:00:00+05:30,113.8125,116.875,113.75,116.3125,74.33932495117188,24678512,0.0,0.0
2004-10-27 00:00:00+05:30,117.0,117.4937515258789,114.5218734741211,116.73750305175781,74.61095428466797,18445424,0.0,0.0
2004-10-28 00:00:00+05:30,117.5,122.35624694824219,117.5,121.80000305175781,77.84657287597656,45555712,0.0,0.0
2004-10-29 00:00:00+05:30,121.625,122.1875,118.8125,119.1468734741211,76.15088653564453,26163552,0.0,0.0
2004-11-01 00:00:00+05:30,119.25,122.0531234741211,118.4375,121.62812805175781,77.73674011230469,20272976,0.0,0.0
2004-11-02 00:00:00+05:30,121.5,121.5,119.1937484741211,119.4124984741211,76.32062530517578,20692816,0.0,0.0
2004-11-03 00:00:00+05:30,119.875,123.4375,119.875,122.55937194824219,78.33191680908203,26833088,0.0,0.0
2004-11-04 00:00:00+05:30,123.78125,125.54374694824219,123.78125,124.23124694824219,79.40045928955078,25218416,0.0,0.0
2004-11-05 00:00:00+05:30,125.9375,130.4812469482422,122.578125,123.5374984741211,78.95708465576172,17506880,0.0,0.0
2004-11-08 00:00:00+05:30,125.0,129.2937469482422,125.0,126.11250305175781,80.60284423828125,39839408,0.0,0.0
2004-11-09 00:00:00+05:30,126.875,127.8125,125.31562805175781,127.296875,81.35981750488281,23967216,0.0,0.0
2004-11-10 00:00:00+05:30,127.8125,128.125,125.9375,127.56562805175781,81.5315933227539,28240464,0.0,0.0
2004-11-11 00:00:00+05:30,127.5,127.5,125.6875,126.0687484741211,80.57489776611328,21130096,0.0,0.0
2004-11-12 00:00:00+05:30,127.5,127.98124694824219,125.9375,126.69999694824219,80.97834777832031,4572400,0.0,0.0
2004-11-15 00:00:00+05:30,126.69999694824219,126.69999694824219,126.69999694824219,126.69999694824219,80.97834777832031,0,0.0,0.0
2004-11-16 00:00:00+05:30,127.3125,128.3562469482422,127.0,128.0656280517578,81.85114288330078,19068224,0.0,0.0
2004-11-17 00:00:00+05:30,128.125,130.14999389648438,127.5,129.80624389648438,82.9636459350586,14579280,0.0,0.0
2004-11-18 00:00:00+05:30,129.3781280517578,130.0,128.5749969482422,128.9250030517578,82.40042114257812,10655520,0.0,0.0
2004-11-19 00:00:00+05:30,129.1875,129.6875,128.25,128.61563110351562,82.20269775390625,8931520,0.0,0.0
2004-11-22 00:00:00+05:30,128.0625,128.0625,125.375,126.75,81.01029205322266,9862432,0.0,0.0
2004-11-23 00:00:00+05:30,126.875,127.79374694824219,126.375,126.94062805175781,81.13211822509766,11034512,0.0,0.0
2004-11-24 00:00:00+05:30,126.5625,127.625,126.13749694824219,126.4937515258789,80.84651184082031,8668272,0.0,0.0
2004-11-25 00:00:00+05:30,126.89375305175781,127.73124694824219,126.3125,126.8499984741211,81.07418060302734,9810368,0.0,0.0
2004-11-26 00:00:00+05:30,126.8499984741211,126.8499984741211,126.8499984741211,126.8499984741211,81.07418060302734,0,0.0,0.0
2004-11-29 00:00:00+05:30,127.51249694824219,130.9375,127.0625,130.6750030517578,83.51891326904297,14059680,0.0,0.0
2004-11-30 00:00:00+05:30,131.25625610351562,135.5500030517578,131.25,134.3249969482422,85.85173797607422,28184384,0.0,0.0
2004-12-01 00:00:00+05:30,134.375,134.6875,131.3249969482422,131.77188110351562,84.21994018554688,20927696,0.0,0.0
2004-12-02 00:00:00+05:30,132.5,133.375,129.45938110351562,129.99374389648438,83.08348083496094,25157936,0.0,0.0
2004-12-03 00:00:00+05:30,130.0,130.38125610351562,127.75312805175781,128.20938110351562,81.94303894042969,25063136,0.0,0.0
2004-12-06 00:00:00+05:30,127.5,129.625,125.875,126.8843765258789,81.09619140625,19835920,0.0,0.0
2004-12-07 00:00:00+05:30,124.375,128.9875030517578,124.375,127.4937515258789,81.48565673828125,16453888,0.0,0.0
2004-12-08 00:00:00+05:30,126.5250015258789,127.8125,126.25,126.9625015258789,81.14610290527344,14876688,0.0,0.0
2004-12-09 00:00:00+05:30,127.4375,128.75,127.1875,127.63749694824219,81.5775375366211,12779168,0.0,0.0
2004-12-10 00:00:00+05:30,128.25,128.75,126.5999984741211,127.0875015258789,81.22601318359375,12232480,0.0,0.0
2004-12-13 00:00:00+05:30,128.75,128.75,125.9593734741211,127.3499984741211,81.39379119873047,6849888,0.0,0.0
2004-12-14 00:00:00+05:30,127.8125,128.4187469482422,127.5625,128.203125,81.93903350830078,6764560,0.0,0.0
2004-12-15 00:00:00+05:30,128.7312469482422,131.96875,128.7312469482422,131.29061889648438,83.91236877441406,17621776,0.0,0.0
2004-12-16 00:00:00+05:30,131.25,133.25,130.25,132.52188110351562,84.69927978515625,10711152,0.0,0.0
2004-12-17 00:00:00+05:30,131.5625,132.3125,130.0,130.56875610351562,83.45100402832031,11021392,0.0,0.0
2004-12-20 00:00:00+05:30,131.8562469482422,132.5625,131.06875610351562,132.11874389648438,84.4416275024414,7299728,0.0,0.0
2004-12-21 00:00:00+05:30,132.5,133.71249389648438,131.8718719482422,132.19375610351562,84.48958587646484,10934976,0.0,0.0
2004-12-22 00:00:00+05:30,128.125,132.4375,128.125,130.0906219482422,83.14540100097656,24453024,0.0,0.0
2004-12-23 00:00:00+05:30,126.3125,130.25,126.3125,129.13125610351562,82.53224182128906,11333920,0.0,0.0
2004-12-24 00:00:00+05:30,129.9812469482422,129.9812469482422,127.328125,129.0749969482422,82.49629211425781,16076928,0.0,0.0
2004-12-27 00:00:00+05:30,128.75,130.0,127.89375305175781,128.6437530517578,82.22064208984375,6694624,0.0,0.0
2004-12-28 00:00:00+05:30,128.5,129.49374389648438,127.953125,128.859375,82.35848236083984,8115072,0.0,0.0
2004-12-29 00:00:00+05:30,129.375,131.7937469482422,129.0625,129.57186889648438,82.81385803222656,12955248,0.0,0.0
2004-12-30 00:00:00+05:30,129.375,130.93124389648438,127.078125,128.00936889648438,81.81520080566406,15631056,0.0,0.0
2004-12-31 00:00:00+05:30,128.75,130.9406280517578,127.99687194824219,130.7312469482422,83.55484008789062,12498704,0.0,0.0
2005-01-03 00:00:00+05:30,132.4375,149.875,130.96875,132.4718780517578,84.66735076904297,9104288,0.0,0.0
2005-01-04 00:00:00+05:30,132.8125,132.8125,130.0,130.6281280517578,83.48893737792969,10220864,0.0,0.0
2005-01-05 00:00:00+05:30,129.0625,130.0,125.0687484741211,128.28125,81.98896789550781,22197872,0.0,0.0
2005-01-06 00:00:00+05:30,127.578125,130.8718719482422,124.875,127.734375,81.63945770263672,27031104,0.0,0.0
2005-01-07 00:00:00+05:30,127.1875,129.0625,124.6875,128.1750030517578,81.92107391357422,33500080,0.0,0.0
2005-01-10 00:00:00+05:30,128.75,131.25,123.8125,124.6812515258789,79.68807983398438,24651840,0.0,0.0
2005-01-11 00:00:00+05:30,124.375,126.41874694824219,121.9437484741211,123.2281265258789,78.75935363769531,34083200,0.0,0.0
2005-01-12 00:00:00+05:30,126.5625,126.5625,117.1968765258789,119.140625,76.1468734741211,63117008,0.0,0.0
2005-01-13 00:00:00+05:30,128.1281280517578,128.1281280517578,120.625,123.0218734741211,78.62751007080078,35060464,0.0,0.0
2005-01-14 00:00:00+05:30,123.75,125.51875305175781,121.875,123.375,78.85322570800781,19852096,0.0,0.0
2005-01-17 00:00:00+05:30,123.875,125.875,120.94999694824219,124.85624694824219,79.79994201660156,19508400,0.0,0.0
2005-01-18 00:00:00+05:30,125.625,126.25,121.9937515258789,122.8375015258789,78.50968170166016,18835760,0.0,0.0
2005-01-19 00:00:00+05:30,122.1968765258789,124.359375,121.95625305175781,122.43437194824219,78.25202178955078,12037472,0.0,0.0
2005-01-20 00:00:00+05:30,122.0,123.625,120.125,122.796875,78.48372650146484,18539120,0.0,0.0
2005-01-24 00:00:00+05:30,122.5,122.8062515258789,118.2874984741211,119.09375,76.11688995361328,18662816,0.0,0.0
2005-01-25 00:00:00+05:30,119.3125,120.125,117.625,119.5531234741211,76.41050720214844,16201056,0.0,0.0
2005-01-27 00:00:00+05:30,120.625,122.78125,120.34687805175781,122.0062484741211,77.9783935546875,19668176,0.0,0.0
2005-01-28 00:00:00+05:30,122.5,127.9906234741211,121.57499694824219,127.3531265258789,81.3957748413086,17999552,0.0,0.0
2005-01-31 00:00:00+05:30,128.8125,131.1062469482422,127.0,129.29061889648438,82.63408660888672,23864720,0.0,0.0
2005-02-01 00:00:00+05:30,129.375,130.875,128.4375,128.859375,82.35848236083984,22166592,0.0,0.0
2005-02-02 00:00:00+05:30,129.5625,131.8125,129.0,129.4875030517578,82.75991821289062,12938256,0.0,0.0
2005-02-03 00:00:00+05:30,129.375,131.875,128.8874969482422,131.33438110351562,83.94032287597656,14813472,0.0,0.0
2005-02-04 00:00:00+05:30,132.1875,132.4875030517578,129.84375,130.33749389648438,83.30316925048828,9580576,0.0,0.0
2005-02-07 00:00:00+05:30,130.0,131.5625,126.25,126.87187194824219,81.08818054199219,31089440,0.0,0.0
2005-02-08 00:00:00+05:30,128.75,128.75,126.5625,127.7249984741211,81.63343048095703,17364464,0.0,0.0
2005-02-09 00:00:00+05:30,128.125,129.02499389648438,127.37812805175781,127.8125,81.6893539428711,8274208,0.0,0.0
2005-02-10 00:00:00+05:30,128.4375,128.4375,126.59687805175781,127.7750015258789,81.6654052734375,7435616,0.0,0.0
2005-02-11 00:00:00+05:30,129.375,131.7312469482422,129.375,131.47500610351562,84.03021240234375,18523056,0.0,0.0
2005-02-14 00:00:00+05:30,132.5,136.2312469482422,132.5,135.60311889648438,86.6686019897461,21044864,0.0,0.0
2005-02-15 00:00:00+05:30,135.625,136.75,134.0625,136.36874389648438,87.15797424316406,15539824,0.0,0.0
2005-02-16 00:00:00+05:30,136.5,137.84375,135.625,136.47811889648438,87.2278823852539,16757232,0.0,0.0
2005-02-17 00:00:00+05:30,135.625,136.2375030517578,133.4499969482422,135.8718719482422,86.84040832519531,17528720,0.0,0.0
2005-02-18 00:00:00+05:30,135.625,136.47811889648438,131.3125,135.2937469482422,86.47090911865234,6471376,0.0,0.0
2005-02-21 00:00:00+05:30,135.125,135.3125,133.125,133.99374389648438,85.64002227783203,8007472,0.0,0.0
2005-02-22 00:00:00+05:30,134.3125,135.9375,131.4812469482422,135.0625,86.3230972290039,8232832,0.0,0.0
2005-02-23 00:00:00+05:30,134.5437469482422,134.6875,133.4375,133.78750610351562,85.50823211669922,7623536,0.0,0.0
2005-02-24 00:00:00+05:30,134.0625,135.9375,133.75,135.2687530517578,86.45491027832031,13470832,0.0,0.0
2005-02-25 00:00:00+05:30,134.70938110351562,136.625,134.70938110351562,136.2156219482422,87.0600814819336,10544240,0.0,0.0
2005-02-28 00:00:00+05:30,138.0625,140.4968719482422,134.5656280517578,140.00625610351562,89.48282623291016,17478560,0.0,0.0
2005-03-01 00:00:00+05:30,140.0,140.0,135.9375,136.328125,87.13199615478516,11760288,0.0,0.0
2005-03-02 00:00:00+05:30,136.375,137.8125,134.3781280517578,136.6906280517578,87.36370086669922,15075504,0.0,0.0
2005-03-03 00:00:00+05:30,136.3125,139.1875,136.3125,138.4031219482422,88.45818328857422,14982720,0.0,0.0
2005-03-04 00:00:00+05:30,138.453125,140.6125030517578,138.4375,139.6374969482422,89.24712371826172,12496896,0.0,0.0
2005-03-07 00:00:00+05:30,139.6875,141.375,138.9093780517578,140.75625610351562,89.96217346191406,12252080,0.0,0.0
2005-03-08 00:00:00+05:30,140.625,142.6687469482422,140.0,141.50625610351562,90.44152069091797,10757312,0.0,0.0
2005-03-09 00:00:00+05:30,140.625,142.0500030517578,139.1437530517578,140.74374389648438,89.95417785644531,8670176,0.0,0.0
2005-03-10 00:00:00+05:30,140.625,140.625,137.1875,139.5031280517578,89.16126251220703,13265920,0.0,0.0
2005-03-11 00:00:00+05:30,140.0,140.625,137.828125,138.41561889648438,88.4661865234375,9922640,0.0,0.0
2005-03-14 00:00:00+05:30,138.125,140.0625,136.875,139.13436889648438,88.92555236816406,10515408,0.0,0.0
2005-03-15 00:00:00+05:30,137.5,139.3625030517578,135.0,138.1750030517578,88.31240844726562,6268288,0.0,0.0
2005-03-16 00:00:00+05:30,137.25,139.0437469482422,136.63125610351562,137.06875610351562,87.6053695678711,10693536,0.0,0.0
2005-03-17 00:00:00+05:30,137.1875,137.7468719482422,135.69375610351562,136.31875610351562,87.1259994506836,8216112,0.0,0.0
2005-03-18 00:00:00+05:30,136.5437469482422,137.8125,134.0593719482422,137.4968719482422,87.87899017333984,15457456,0.0,0.0
2005-03-21 00:00:00+05:30,138.0625,140.5500030517578,137.1875,139.7843780517578,89.34101867675781,14841488,0.0,0.0
2005-03-22 00:00:00+05:30,141.1875,141.25,137.5,138.984375,88.82970428466797,13384816,0.0,0.0
2005-03-23 00:00:00+05:30,138.59375,138.9875030517578,134.4562530517578,135.14999389648438,86.3790283203125,11986160,0.0,0.0
2005-03-24 00:00:00+05:30,135.625,136.78125,134.375,134.94375610351562,86.24722290039062,12574736,0.0,0.0
2005-03-28 00:00:00+05:30,135.9375,138.5593719482422,135.4375,136.625,87.32176208496094,10014304,0.0,0.0
2005-03-29 00:00:00+05:30,136.75,136.75,134.375,135.41250610351562,86.54679870605469,8419616,0.0,0.0
2005-03-30 00:00:00+05:30,134.6906280517578,136.875,133.875,135.6437530517578,86.6946029663086,9733296,0.0,0.0
2005-03-31 00:00:00+05:30,139.0437469482422,144.6875,136.75625610351562,141.0749969482422,90.16588592529297,17932432,0.0,0.0
2005-04-01 00:00:00+05:30,141.24374389648438,141.24374389648438,138.27188110351562,139.74063110351562,89.31307220458984,13726912,0.0,0.0
2005-04-04 00:00:00+05:30,139.8125,141.0625,138.52499389648438,139.29061889648438,89.02545166015625,12920176,0.0,0.0
2005-04-05 00:00:00+05:30,140.625,151.4250030517578,138.3125,138.8406219482422,88.73780059814453,7810144,0.0,0.0
2005-04-06 00:00:00+05:30,139.0625,140.0,138.1875,139.7687530517578,89.33100891113281,9296960,0.0,0.0
2005-04-07 00:00:00+05:30,139.25,140.2937469482422,135.9718780517578,136.7687530517578,87.41361999511719,11027536,0.0,0.0
2005-04-08 00:00:00+05:30,135.96875,136.25,132.375,132.99374389648438,85.00088500976562,19671728,0.0,0.0
2005-04-11 00:00:00+05:30,133.0,133.0,129.390625,129.8625030517578,82.99959564208984,11956640,0.0,0.0
2005-04-12 00:00:00+05:30,124.0,133.125,124.0,132.3468780517578,84.58746337890625,17246368,0.0,0.0
2005-04-13 00:00:00+05:30,133.75,133.75,130.44686889648438,131.34375,83.94631958007812,19030976,0.0,0.0
2005-04-15 00:00:00+05:30,128.125,128.125,120.9375,122.3187484741211,78.17813110351562,34920000,0.0,0.0
2005-04-18 00:00:00+05:30,121.875,121.875,118.75,119.62187194824219,76.45447540283203,26963280,0.0,0.0
2005-04-19 00:00:00+05:30,120.875,123.41874694824219,118.75,119.5374984741211,76.4005355834961,24550800,0.0,0.0
2005-04-20 00:00:00+05:30,121.875,122.4781265258789,118.3343734741211,121.75,77.81461334228516,26726288,0.0,0.0
2005-04-21 00:00:00+05:30,121.25,121.875,118.9375,121.55000305175781,77.6867904663086,21352304,0.0,0.0
2005-04-22 00:00:00+05:30,123.75,125.5,121.73750305175781,124.953125,79.86185455322266,24501168,0.0,0.0
2005-04-25 00:00:00+05:30,126.125,126.125,123.4375,124.2750015258789,79.42842864990234,13649968,0.0,0.0
2005-04-26 00:00:00+05:30,123.6875,123.73124694824219,122.03437805175781,122.4124984741211,78.2380599975586,9105984,0.0,0.0
2005-04-27 00:00:00+05:30,119.6875,120.9375,117.375,119.6343765258789,76.46244049072266,32434624,0.0,0.0
2005-04-28 00:00:00+05:30,119.375,119.6875,118.125,119.0999984741211,76.12091064453125,22117360,0.0,0.0
2005-04-29 00:00:00+05:30,119.9375,119.9375,117.2750015258789,117.92500305175781,75.36994934082031,13801088,0.0,0.0
2005-05-02 00:00:00+05:30,118.5625,124.0875015258789,118.5625,119.6968765258789,76.50241088867188,11048400,0.0,0.0
2005-05-03 00:00:00+05:30,120.3125,120.3125,118.75,118.84062194824219,75.95514678955078,10467584,0.0,0.0
2005-05-04 00:00:00+05:30,118.75,121.6875,118.75,121.0999984741211,77.399169921875,11367104,0.0,0.0
2005-05-05 00:00:00+05:30,123.125,125.4375,121.9468765258789,124.6968765258789,79.69808959960938,25562000,0.0,0.0
2005-05-06 00:00:00+05:30,125.1875,126.875,124.8125,126.34687805175781,80.75265502929688,15746112,0.0,0.0
2005-05-09 00:00:00+05:30,127.4375,131.46875,127.4375,131.03750610351562,83.75057220458984,19673888,0.0,0.0
2005-05-10 00:00:00+05:30,131.25,132.4375,128.125,128.6999969482422,82.25659942626953,18254896,0.0,0.0
2005-05-11 00:00:00+05:30,124.6875,130.0,124.6875,129.1218719482422,82.52626037597656,16088160,0.0,0.0
2005-05-12 00:00:00+05:30,128.9187469482422,129.125,127.5625,128.82186889648438,82.33450317382812,11528144,0.0,0.0
2005-05-13 00:00:00+05:30,128.125,128.125,126.2750015258789,127.0562515258789,81.20600128173828,17406320,0.0,0.0
2005-05-16 00:00:00+05:30,127.5,130.30624389648438,127.5,129.86874389648438,83.00358581542969,16266704,0.0,0.0
2005-05-17 00:00:00+05:30,130.25,132.25,128.47500610351562,128.9968719482422,82.44632720947266,21067296,0.0,0.0
2005-05-18 00:00:00+05:30,128.75,128.86874389648438,124.5687484741211,127.640625,81.57951354980469,22171344,0.0,0.0
2005-05-19 00:00:00+05:30,129.0625,131.875,129.0625,131.046875,83.75658416748047,16827280,0.0,0.0
2005-05-20 00:00:00+05:30,132.125,134.375,129.625,133.78125,85.50421905517578,15354560,0.0,0.0
2005-05-23 00:00:00+05:30,134.25,134.25,132.2687530517578,133.4093780517578,85.26653289794922,5803728,0.0,0.0
2005-05-24 00:00:00+05:30,135.13125610351562,135.85000610351562,133.65625,134.71875,86.10338592529297,14293024,0.0,0.0
2005-05-25 00:00:00+05:30,133.1875,137.5,131.94686889648438,135.6999969482422,86.73055267333984,26165456,0.0,0.0
2005-05-26 00:00:00+05:30,135.3156280517578,139.25,135.3156280517578,137.8249969482422,88.08871459960938,32570192,0.0,0.0
2005-05-27 00:00:00+05:30,134.0625,141.52499389648438,134.0625,139.52188110351562,89.17324829101562,21380368,0.0,0.0
2005-05-30 00:00:00+05:30,137.25625610351562,140.0593719482422,136.91250610351562,139.25,88.99947357177734,14170784,0.0,0.0
2005-05-31 00:00:00+05:30,138.4375,141.125,138.25,140.6531219482422,89.89624786376953,13518880,0.0,0.0
2005-06-01 00:00:00+05:30,140.9375,141.3125,138.0,138.875,89.01690673828125,12398224,0.40625,0.0
2005-06-02 00:00:00+05:30,139.0625,139.5,137.2375030517578,137.58438110351562,88.18962097167969,7483248,0.0,0.0
2005-06-03 00:00:00+05:30,138.0625,142.18124389648438,136.875,140.99063110351562,90.37300872802734,12687696,0.0,0.0
2005-06-06 00:00:00+05:30,139.7062530517578,141.0625,137.7062530517578,138.5281219482422,88.7945556640625,7686736,0.0,0.0
2005-06-07 00:00:00+05:30,137.5625,140.25,137.5625,139.55313110351562,89.45157623291016,9777760,0.0,0.0
2005-06-08 00:00:00+05:30,138.9187469482422,144.0625,138.9187469482422,143.515625,91.9914779663086,16625040,0.0,0.0
2005-06-09 00:00:00+05:30,142.35311889648438,143.125,139.19375610351562,139.796875,89.60779571533203,12899920,0.0,0.0
2005-06-10 00:00:00+05:30,140.625,141.875,137.5,138.265625,88.62631225585938,11626192,0.0,0.0
2005-06-13 00:00:00+05:30,138.45938110351562,140.25,138.45938110351562,139.0031280517578,89.09903717041016,10288592,0.0,0.0
2005-06-14 00:00:00+05:30,140.0031280517578,141.25,139.0625,139.69686889648438,89.54371643066406,7697024,0.0,0.0
2005-06-15 00:00:00+05:30,140.0,141.5,139.3874969482422,141.04061889648438,90.40503692626953,13633088,0.0,0.0
2005-06-16 00:00:00+05:30,140.625,143.43124389648438,139.703125,142.5281219482422,91.3584976196289,17220736,0.0,0.0
2005-06-17 00:00:00+05:30,142.5,143.61874389648438,141.5,143.00625610351562,91.66497802734375,15500416,0.0,0.0
2005-06-20 00:00:00+05:30,143.4375,148.91561889648438,139.6687469482422,148.19375610351562,94.99009704589844,24363104,0.0,0.0
2005-06-21 00:00:00+05:30,146.875,150.0,145.70938110351562,149.59375,95.8874740600586,19560928,0.0,0.0
2005-06-22 00:00:00+05:30,147.20938110351562,150.8718719482422,147.20938110351562,149.3156280517578,95.70917510986328,25721616,0.0,0.0
2005-06-23 00:00:00+05:30,149.6875,149.6875,146.13436889648438,146.515625,93.91442108154297,16440688,0.0,0.0
2005-06-24 00:00:00+05:30,145.0,146.5625,143.88125610351562,144.5656280517578,92.6645278930664,15599808,0.0,0.0
2005-06-27 00:00:00+05:30,142.50625610351562,147.5625,142.50625610351562,146.14999389648438,93.6800765991211,14611440,0.0,0.0
2005-06-28 00:00:00+05:30,146.5,146.5,143.0,143.2937469482422,91.84925079345703,14810544,0.0,0.0
2005-06-29 00:00:00+05:30,144.5,145.9375,143.7531280517578,145.29061889648438,93.12924194335938,12836352,0.0,0.0
2005-06-30 00:00:00+05:30,146.375,149.36563110351562,146.25,147.390625,94.47529602050781,19464224,0.0,0.0
2005-07-01 00:00:00+05:30,146.5625,147.875,145.5124969482422,146.9406280517578,94.18687438964844,6114256,0.0,0.0
2005-07-04 00:00:00+05:30,146.875,149.9968719482422,145.7687530517578,149.6374969482422,95.91546630859375,7411168,0.0,0.0
2005-07-05 00:00:00+05:30,149.375,149.9375,145.00936889648438,145.6437530517578,93.35558319091797,9015648,0.0,0.0
2005-07-06 00:00:00+05:30,145.625,147.4875030517578,144.875,146.60311889648438,93.97054290771484,18818304,0.0,0.0
2005-07-07 00:00:00+05:30,147.0,148.36874389648438,144.16561889648438,144.99374389648438,92.9389419555664,14838352,0.0,0.0
2005-07-08 00:00:00+05:30,146.75,147.25,144.390625,145.9343719482422,93.54185485839844,10736608,0.0,0.0
2005-07-11 00:00:00+05:30,146.875,147.5,144.0656280517578,144.7375030517578,92.774658203125,18666000,0.0,0.0
2005-07-12 00:00:00+05:30,145.0,145.0,137.20938110351562,138.828125,88.98687744140625,48402112,0.0,0.0
2005-07-13 00:00:00+05:30,139.0625,140.671875,137.5,137.83749389648438,88.35188293457031,31356000,0.0,0.0
2005-07-14 00:00:00+05:30,138.4375,138.89999389648438,132.8249969482422,133.49063110351562,85.56559753417969,29139952,0.0,0.0
2005-07-15 00:00:00+05:30,137.1875,137.8125,133.69686889648438,137.24374389648438,87.97128295898438,16012224,0.0,0.0
2005-07-18 00:00:00+05:30,137.25625610351562,142.5,137.25625610351562,142.0,91.0199966430664,23144736,0.0,0.0
2005-07-19 00:00:00+05:30,142.0,142.5,140.625,141.02499389648438,90.39501953125,11030832,0.0,0.0
2005-07-20 00:00:00+05:30,141.5437469482422,141.5437469482422,139.4375,139.5812530517578,89.46959686279297,10432608,0.0,0.0
2005-07-21 00:00:00+05:30,141.5437469482422,145.07186889648438,137.25,138.0625,88.49610137939453,12175056,0.0,0.0
2005-07-22 00:00:00+05:30,138.25,140.5,136.07186889648438,139.921875,89.68794250488281,17876544,0.0,0.0
2005-07-25 00:00:00+05:30,139.6875,141.1687469482422,138.765625,139.30624389648438,89.29332733154297,9055424,0.0,0.0
2005-07-26 00:00:00+05:30,139.375,139.6875,138.0625,139.14999389648438,89.19316864013672,8063296,0.0,0.0
2005-07-27 00:00:00+05:30,139.6875,140.25,138.625,139.41250610351562,89.36141204833984,7306432,0.0,0.0
2005-07-28 00:00:00+05:30,139.41250610351562,139.41250610351562,139.41250610351562,139.41250610351562,89.36141204833984,0,0.0,0.0
2005-07-29 00:00:00+05:30,138.8125,143.3125,138.8125,141.7781219482422,90.87776184082031,28194400,0.0,0.0
2005-08-01 00:00:00+05:30,137.625,142.14999389648438,137.625,141.5343780517578,90.72154998779297,7299632,0.0,0.0
2005-08-02 00:00:00+05:30,142.14999389648438,144.25,141.2843780517578,143.6999969482422,92.10965728759766,13529184,0.0,0.0
2005-08-03 00:00:00+05:30,144.375,147.8125,144.375,147.2531280517578,94.3871841430664,16539600,0.0,0.0
2005-08-04 00:00:00+05:30,147.8125,148.875,143.9562530517578,144.59375,92.68254852294922,11645728,0.0,0.0
2005-08-05 00:00:00+05:30,144.125,144.7531280517578,142.28125,143.21875,91.80117797851562,11954224,0.0,0.0
2005-08-08 00:00:00+05:30,143.2531280517578,143.2531280517578,140.625,141.91561889648438,90.96588897705078,9654112,0.0,0.0
2005-08-09 00:00:00+05:30,140.640625,143.0437469482422,140.640625,141.50625610351562,90.7034912109375,11292352,0.0,0.0
2005-08-10 00:00:00+05:30,142.75,145.4375,142.375,144.6875,92.74264526367188,12802928,0.0,0.0
2005-08-11 00:00:00+05:30,145.0625,145.3093719482422,142.8125,143.33749389648438,91.87730407714844,8460864,0.0,0.0
2005-08-12 00:00:00+05:30,144.375,144.375,140.7624969482422,141.3406219482422,90.5973129272461,11763968,0.0,0.0
2005-08-16 00:00:00+05:30,140.7624969482422,141.25,139.375,140.6218719482422,90.13662719726562,12505248,0.0,0.0
2005-08-17 00:00:00+05:30,140.5,145.55624389648438,139.85311889648438,144.86874389648438,92.85881042480469,20196512,0.0,0.0
2005-08-18 00:00:00+05:30,144.875,145.0,143.05313110351562,143.66561889648438,92.08763122558594,11132480,0.0,0.0
2005-08-19 00:00:00+05:30,145.0,145.0,142.0749969482422,143.83749389648438,92.19779968261719,7624864,0.0,0.0
2005-08-22 00:00:00+05:30,145.0,146.25,143.375,144.6843719482422,92.74065399169922,11903376,0.0,0.0
2005-08-23 00:00:00+05:30,144.375,145.3125,142.6531219482422,142.8249969482422,91.54883575439453,14301312,0.0,0.0
2005-08-24 00:00:00+05:30,143.4375,143.4375,140.6437530517578,141.5124969482422,90.70751953125,12144704,0.0,0.0
2005-08-25 00:00:00+05:30,141.875,144.14999389648438,141.64688110351562,141.9875030517578,91.01197052001953,9222448,0.0,0.0
2005-08-26 00:00:00+05:30,142.5,144.3625030517578,141.25,141.8312530517578,90.91180419921875,11712048,0.0,0.0
2005-08-29 00:00:00+05:30,142.8125,144.1687469482422,140.6281280517578,143.8249969482422,92.1898193359375,11452032,0.0,0.0
2005-08-30 00:00:00+05:30,144.3125,146.9968719482422,143.875,146.68124389648438,94.02061462402344,13123360,0.0,0.0
2005-08-31 00:00:00+05:30,146.9968719482422,148.9375,145.6437530517578,148.50625610351562,95.1904067993164,12841792,0.0,0.0
2005-09-01 00:00:00+05:30,150.13125610351562,153.28125,150.06875610351562,151.60311889648438,97.17546081542969,13538608,0.0,0.0
2005-09-02 00:00:00+05:30,151.5625,153.1125030517578,148.75,149.1062469482422,95.57499694824219,10917808,0.0,0.0
2005-09-05 00:00:00+05:30,149.125,150.625,146.875,147.171875,94.33509826660156,10117952,0.0,0.0
2005-09-06 00:00:00+05:30,149.375,149.375,146.56875610351562,147.75,94.70564270019531,9057808,0.0,0.0
2005-09-08 00:00:00+05:30,148.3562469482422,151.77499389648438,147.8125,151.39999389648438,97.0452651977539,11959088,0.0,0.0
2005-09-09 00:00:00+05:30,151.0,152.1687469482422,150.0625,151.0749969482422,96.8369140625,9509824,0.0,0.0
2005-09-12 00:00:00+05:30,151.5625,152.4375,150.9718780517578,151.4343719482422,97.0672836303711,6922720,0.0,0.0
2005-09-13 00:00:00+05:30,152.125,153.125,151.03750610351562,152.8937530517578,98.00274658203125,11051552,0.0,0.0
2005-09-14 00:00:00+05:30,152.66250610351562,154.5,151.25,152.8562469482422,97.97869110107422,12849776,0.0,0.0
2005-09-15 00:00:00+05:30,153.0,153.4375,152.1875,153.1593780517578,98.17295837402344,6199904,0.0,0.0
2005-09-16 00:00:00+05:30,153.4375,154.0,152.5,152.9343719482422,98.02877044677734,6707744,0.0,0.0
2005-09-19 00:00:00+05:30,153.125,153.75,151.9499969482422,153.1437530517578,98.16297912597656,6897808,0.0,0.0
2005-09-20 00:00:00+05:30,153.375,157.4375,152.0124969482422,156.47500610351562,100.29824829101562,12896112,0.0,0.0
2005-09-21 00:00:00+05:30,156.8125,156.875,151.5625,153.8718719482422,98.62969970703125,13787296,0.0,0.0
2005-09-22 00:00:00+05:30,153.4250030517578,154.27499389648438,150.0031280517578,150.78125,96.64863586425781,10259648,0.0,0.0
2005-09-23 00:00:00+05:30,151.1875,152.5,148.27499389648438,149.9093780517578,96.08981323242188,13589840,0.0,0.0
2005-09-26 00:00:00+05:30,151.1875,155.9187469482422,149.78125,155.39688110351562,99.60719299316406,9939280,0.0,0.0
2005-09-27 00:00:00+05:30,155.39688110351562,156.6875,153.7531280517578,154.8625030517578,99.2646713256836,14758576,0.0,0.0
2005-09-28 00:00:00+05:30,154.375,154.64999389648438,151.5625,154.4250030517578,98.98426055908203,16086176,0.0,0.0
2005-09-29 00:00:00+05:30,154.6875,158.75,154.50936889648438,157.8874969482422,101.2036361694336,22313104,0.0,0.0
2005-09-30 00:00:00+05:30,158.75,160.0625,156.375,157.2062530517578,100.7669906616211,14860080,0.0,0.0
2005-10-03 00:00:00+05:30,157.8125,160.0,157.8125,159.5656280517578,102.279296875,8202864,0.0,0.0
2005-10-04 00:00:00+05:30,159.99374389648438,164.78125,158.44375610351562,164.24063110351562,105.27591705322266,21453312,0.0,0.0
2005-10-05 00:00:00+05:30,164.1875,166.3125,161.4562530517578,164.9968719482422,105.7606430053711,24255616,0.0,0.0
2005-10-06 00:00:00+05:30,163.75,166.55624389648438,161.5,163.06875610351562,104.52478790283203,25993216,0.0,0.0
2005-10-07 00:00:00+05:30,163.06875610351562,164.86874389648438,160.015625,160.7781219482422,103.05648040771484,17069872,0.0,0.0
2005-10-10 00:00:00+05:30,164.0625,165.375,161.375,163.8937530517578,105.05355072021484,19278240,0.0,0.0
2005-10-11 00:00:00+05:30,166.375,170.625,164.375,167.68124389648438,107.48133850097656,31311840,0.0,0.0
2005-10-13 00:00:00+05:30,165.75,167.75,162.09375,163.91561889648438,105.06755828857422,32686992,0.0,0.0
2005-10-14 00:00:00+05:30,164.625,165.25,161.875,162.59375,104.22028350830078,18580464,0.0,0.0
2005-10-17 00:00:00+05:30,163.625,164.30624389648438,161.390625,161.984375,104.08977508544922,15537200,0.40625,0.0
2005-10-18 00:00:00+05:30,162.0,163.8718719482422,157.1875,158.1593780517578,101.63187408447266,26224816,0.0,0.0
2005-10-19 00:00:00+05:30,157.1875,157.75,154.4375,156.4812469482422,100.55349731445312,24415248,0.0,0.0
2005-10-20 00:00:00+05:30,157.75,160.9375,155.70938110351562,158.66250610351562,101.95516204833984,20649696,0.0,0.0
2005-10-21 00:00:00+05:30,158.75,160.75,157.5625,159.5749969482422,102.5415267944336,14781568,0.0,0.0
2005-10-24 00:00:00+05:30,160.0,160.9187469482422,155.95938110351562,156.9562530517578,100.8587646484375,8743696,0.0,0.0
2005-10-25 00:00:00+05:30,158.4375,159.9031219482422,156.6875,157.5812530517578,101.26038360595703,12948432,0.0,0.0
2005-10-26 00:00:00+05:30,156.1875,159.0437469482422,153.25,156.88436889648438,100.81255340576172,10297408,0.0,0.0
2005-10-27 00:00:00+05:30,157.1906280517578,157.8125,152.578125,154.140625,99.04940795898438,16793296,0.0,0.0
2005-10-28 00:00:00+05:30,153.125,154.0,150.0,150.96249389648438,97.00720977783203,12237088,0.0,0.0
2005-10-31 00:00:00+05:30,150.25,158.375,150.25,157.6218719482422,101.28646087646484,14165904,0.0,0.0
2005-11-02 00:00:00+05:30,159.375,162.74374389648438,156.0656280517578,161.65625,103.87892150878906,16822304,0.0,0.0
2005-11-04 00:00:00+05:30,161.65625,161.65625,161.65625,161.65625,103.87892150878906,0,0.0,0.0
2005-11-07 00:00:00+05:30,158.375,166.24374389648438,158.375,164.89688110351562,105.96131134033203,17561600,0.0,0.0
2005-11-08 00:00:00+05:30,164.8125,166.5625,164.38436889648438,165.2375030517578,106.18022155761719,13967440,0.0,0.0
2005-11-09 00:00:00+05:30,166.5625,167.4375,162.3781280517578,163.07186889648438,104.78860473632812,11048208,0.0,0.0
2005-11-10 00:00:00+05:30,163.125,166.625,162.6281280517578,165.8718719482422,106.58785247802734,14055392,0.0,0.0
2005-11-11 00:00:00+05:30,166.24374389648438,168.625,165.7531280517578,167.5656280517578,107.67623901367188,11651168,0.0,0.0
2005-11-14 00:00:00+05:30,167.9375,169.3125,164.44375610351562,165.7937469482422,106.53762817382812,12823568,0.0,0.0
2005-11-16 00:00:00+05:30,166.5625,171.8000030517578,165.9375,171.2937469482422,110.07192993164062,22726016,0.0,0.0
2005-11-17 00:00:00+05:30,171.25,171.5625,168.19375610351562,169.1906280517578,108.72041320800781,13644064,0.0,0.0
2005-11-18 00:00:00+05:30,170.0,171.53125,168.7624969482422,169.64999389648438,109.015625,13989968,0.0,0.0
2005-11-21 00:00:00+05:30,169.9375,170.6218719482422,166.125,167.3125,107.51358795166016,14338112,0.0,0.0
2005-11-22 00:00:00+05:30,168.125,170.0,166.6875,167.2843780517578,107.49551391601562,12690544,0.0,0.0
2005-11-23 00:00:00+05:30,167.25,168.46875,166.5,167.69686889648438,107.76056671142578,10239136,0.0,0.0
2005-11-24 00:00:00+05:30,167.6875,170.5625,167.6875,168.8093719482422,108.4754409790039,16120992,0.0,0.0
2005-11-25 00:00:00+05:30,170.3125,172.5,169.25,171.28125,110.06387329101562,13458752,0.0,0.0
2005-11-28 00:00:00+05:30,171.875,172.9375,171.3125,172.39999389648438,110.78271484375,12002480,0.0,0.0
2005-11-29 00:00:00+05:30,171.875,171.875,169.5124969482422,171.0,109.88311767578125,12830160,0.0,0.0
2005-11-30 00:00:00+05:30,171.25,172.30624389648438,167.265625,167.7781219482422,107.81277465820312,12375648,0.0,0.0
2005-12-01 00:00:00+05:30,168.125,174.0625,166.625,172.99374389648438,111.16429901123047,19262256,0.0,0.0
2005-12-02 00:00:00+05:30,174.0625,180.9187469482422,174.0625,177.5749969482422,114.10816192626953,34275584,0.0,0.0
2005-12-05 00:00:00+05:30,179.0625,179.64999389648438,173.625,174.21249389648438,111.94742584228516,10846704,0.0,0.0
2005-12-06 00:00:00+05:30,174.375,177.0,173.25625610351562,174.6218719482422,112.21049499511719,12751936,0.0,0.0
2005-12-07 00:00:00+05:30,175.0,176.625,173.5,175.11563110351562,112.52777099609375,15383456,0.0,0.0
2005-12-08 00:00:00+05:30,175.625,177.6125030517578,174.6875,176.3312530517578,113.30894470214844,12289840,0.0,0.0
2005-12-09 00:00:00+05:30,176.5625,180.5625,175.7531280517578,179.5968780517578,115.40739440917969,11613184,0.0,0.0
2005-12-12 00:00:00+05:30,180.1875,183.5,179.14688110351562,182.8781280517578,117.51591491699219,12087616,0.0,0.0
2005-12-13 00:00:00+05:30,183.5,184.6875,181.5,184.1843719482422,118.35530853271484,17659152,0.0,0.0
2005-12-14 00:00:00+05:30,183.75,184.1875,178.9375,180.3468780517578,115.88939666748047,17530304,0.0,0.0
2005-12-15 00:00:00+05:30,179.0625,183.3562469482422,179.0625,182.35311889648438,117.17854309082031,24098512,0.0,0.0
2005-12-16 00:00:00+05:30,184.375,187.625,181.5625,186.3937530517578,119.77503204345703,22891984,0.0,0.0
2005-12-19 00:00:00+05:30,183.375,189.6875,183.375,188.984375,121.43976593017578,11425008,0.0,0.0
2005-12-20 00:00:00+05:30,188.125,188.125,184.734375,185.6374969482422,119.28904724121094,6876768,0.0,0.0
2005-12-21 00:00:00+05:30,185.3125,187.9375,183.625,185.88436889648438,119.44770050048828,10226992,0.0,0.0
2005-12-22 00:00:00+05:30,187.375,187.625,185.75,186.4250030517578,119.7951431274414,7761200,0.0,0.0
2005-12-23 00:00:00+05:30,186.88125610351562,188.4343719482422,185.9375,186.32186889648438,119.72881317138672,10458144,0.0,0.0
2005-12-26 00:00:00+05:30,186.375,186.875,183.75625610351562,184.43124389648438,118.5139389038086,6277424,0.0,0.0
2005-12-27 00:00:00+05:30,184.6875,187.4968719482422,182.56875610351562,187.14999389648438,120.260986328125,6468448,0.0,0.0
2005-12-28 00:00:00+05:30,187.4375,187.5,185.125,186.79061889648438,120.03001403808594,6864528,0.0,0.0
2005-12-29 00:00:00+05:30,187.1875,189.375,185.6875,186.7156219482422,119.98187255859375,17621552,0.0,0.0
2005-12-30 00:00:00+05:30,188.125,188.68124389648438,185.8874969482422,187.30313110351562,120.35939025878906,13610048,0.0,0.0
2006-01-02 00:00:00+05:30,187.9375,187.9375,185.8125,186.20938110351562,119.65653228759766,6648000,0.0,0.0
2006-01-03 00:00:00+05:30,186.875,188.4375,186.1906280517578,187.93124389648438,120.76298522949219,7959936,0.0,0.0
2006-01-04 00:00:00+05:30,188.19375610351562,191.5625,187.1999969482422,190.9562530517578,122.70687866210938,12552928,0.0,0.0
2006-01-05 00:00:00+05:30,191.5,191.86874389648438,190.078125,190.93124389648438,122.6907730102539,7556560,0.0,0.0
2006-01-06 00:00:00+05:30,190.625,191.875,188.640625,190.8249969482422,122.62250518798828,17007808,0.0,0.0
2006-01-09 00:00:00+05:30,191.875,192.49374389648438,189.078125,189.74063110351562,121.92570495605469,16070784,0.0,0.0
2006-01-10 00:00:00+05:30,190.953125,190.953125,185.0625,185.94686889648438,119.48785400390625,21501040,0.0,0.0
2006-01-12 00:00:00+05:30,184.375,184.375,172.6906280517578,177.3625030517578,113.97164154052734,78601776,0.0,0.0
2006-01-13 00:00:00+05:30,178.125,179.9375,176.9375,177.78750610351562,114.24474334716797,15359696,0.0,0.0
2006-01-16 00:00:00+05:30,176.8937530517578,178.4375,173.2687530517578,173.765625,111.66031646728516,22288528,0.0,0.0
2006-01-17 00:00:00+05:30,175.0,175.8093719482422,171.88125610351562,172.6374969482422,110.93537902832031,15081376,0.0,0.0
2006-01-18 00:00:00+05:30,173.125,173.125,168.75625610351562,171.24374389648438,110.03973388671875,20814656,0.0,0.0
2006-01-19 00:00:00+05:30,171.875,177.4187469482422,171.875,176.30624389648438,113.29286193847656,17848192,0.0,0.0
2006-01-20 00:00:00+05:30,177.8125,179.0625,175.125,175.85000610351562,112.99966430664062,11981008,0.0,0.0
2006-01-23 00:00:00+05:30,175.125,175.125,171.0124969482422,171.54061889648438,110.23050689697266,17982992,0.0,0.0
2006-01-24 00:00:00+05:30,172.75,176.9375,172.5,176.3718719482422,113.33503723144531,12704704,0.0,0.0
2006-01-25 00:00:00+05:30,176.9375,179.0625,175.69375610351562,176.74063110351562,113.57201385498047,17247776,0.0,0.0
2006-01-27 00:00:00+05:30,178.4375,181.93124389648438,178.0,181.43124389648438,116.58619689941406,16767456,0.0,0.0
2006-01-30 00:00:00+05:30,181.25,182.75,178.25936889648438,178.92813110351562,114.9776611328125,8504976,0.0,0.0
2006-01-31 00:00:00+05:30,173.8468780517578,180.625,173.8468780517578,180.0187530517578,115.67848205566406,4869184,0.0,0.0
2006-02-01 00:00:00+05:30,180.375,182.8125,178.5656280517578,179.7531280517578,115.50780487060547,12155984,0.0,0.0
2006-02-02 00:00:00+05:30,178.75,181.875,176.0812530517578,176.75625610351562,113.58206176757812,11890224,0.0,0.0
2006-02-03 00:00:00+05:30,176.75,176.75625610351562,173.828125,174.1750030517578,111.9233627319336,13423888,0.0,0.0
2006-02-06 00:00:00+05:30,174.375,178.1281280517578,174.0749969482422,177.65625,114.16039276123047,8457248,0.0,0.0
2006-02-07 00:00:00+05:30,177.5,180.625,176.89688110351562,179.53750610351562,115.3692626953125,12724864,0.0,0.0
2006-02-08 00:00:00+05:30,177.5,181.875,176.33438110351562,181.41561889648438,116.57611846923828,20326704,0.0,0.0
2006-02-10 00:00:00+05:30,180.625,182.5,178.0,179.02188110351562,115.03791809082031,23660048,0.0,0.0
2006-02-13 00:00:00+05:30,178.875,180.0,178.125,178.8781280517578,114.94557189941406,13821120,0.0,0.0
2006-02-14 00:00:00+05:30,179.0500030517578,179.0500030517578,176.03750610351562,176.36874389648438,113.33306121826172,13125968,0.0,0.0
2006-02-15 00:00:00+05:30,176.25,177.7937469482422,172.28750610351562,173.50936889648438,111.49561309814453,28173536,0.0,0.0
2006-02-16 00:00:00+05:30,173.75,176.6906280517578,173.29061889648438,173.81875610351562,111.69441223144531,13848576,0.0,0.0
2006-02-17 00:00:00+05:30,171.875,174.875,171.625,174.0906219482422,111.86912536621094,15374384,0.0,0.0
2006-02-20 00:00:00+05:30,174.0625,177.35311889648438,171.875,176.77499389648438,113.59407043457031,12612320,0.0,0.0
2006-02-21 00:00:00+05:30,176.875,177.7312469482422,175.25,176.10000610351562,113.16036224365234,8554512,0.0,0.0
2006-02-22 00:00:00+05:30,176.0625,176.25,173.8312530517578,175.03125,112.47355651855469,11238448,0.0,0.0
2006-02-23 00:00:00+05:30,175.625,177.55624389648438,173.5,174.6593780517578,112.23460388183594,18668240,0.0,0.0
2006-02-24 00:00:00+05:30,174.65625,175.61874389648438,171.8937530517578,172.3468780517578,110.74858093261719,10003424,0.0,0.0
2006-02-27 00:00:00+05:30,173.125,178.6593780517578,172.95938110351562,178.1593780517578,114.48368835449219,19161632,0.0,0.0
2006-02-28 00:00:00+05:30,178.6593780517578,180.5,175.1593780517578,176.8093719482422,113.61618041992188,22055488,0.0,0.0
2006-03-01 00:00:00+05:30,176.1875,182.1843719482422,174.6875,181.57186889648438,116.67654418945312,20575840,0.0,0.0
2006-03-02 00:00:00+05:30,181.875,182.375,177.8125,178.3937530517578,114.6343002319336,17470960,0.0,0.0
2006-03-03 00:00:00+05:30,178.75,180.125,175.0656280517578,176.52188110351562,113.43146514892578,13667856,0.0,0.0
2006-03-06 00:00:00+05:30,176.5,179.80624389648438,176.25,178.4375,114.6624526977539,10632720,0.0,0.0
2006-03-07 00:00:00+05:30,178.75,178.75,175.1875,176.21875,113.23664855957031,18575472,0.0,0.0
2006-03-08 00:00:00+05:30,176.5625,177.96249389648438,173.3125,175.07186889648438,112.49964904785156,27120256,0.0,0.0
2006-03-09 00:00:00+05:30,174.1875,178.4375,173.75,177.6875,114.18047332763672,14531072,0.0,0.0
2006-03-10 00:00:00+05:30,178.75,182.75,177.625,182.09375,117.01187133789062,19642368,0.0,0.0
2006-03-13 00:00:00+05:30,182.875,185.89999389648438,181.875,183.4499969482422,117.88340759277344,17846048,0.0,0.0
2006-03-14 00:00:00+05:30,187.33749389648438,187.33749389648438,181.625,183.2781219482422,117.77297973632812,14881840,0.0,0.0
2006-03-16 00:00:00+05:30,183.5,183.6875,181.54061889648438,182.6125030517578,117.34522247314453,20640000,0.0,0.0
2006-03-17 00:00:00+05:30,184.3125,184.3125,179.07186889648438,179.8718719482422,115.58412170410156,13591168,0.0,0.0
2006-03-20 00:00:00+05:30,179.6875,186.3125,179.6875,185.43124389648438,119.15650939941406,14761520,0.0,0.0
2006-03-21 00:00:00+05:30,185.625,187.375,182.8125,184.984375,118.8693618774414,16013216,0.0,0.0
2006-03-22 00:00:00+05:30,185.0,185.0,181.3125,182.5,117.27293395996094,7442064,0.0,0.0
2006-03-23 00:00:00+05:30,182.5,184.375,180.0,180.6531219482422,116.0861587524414,15045728,0.0,0.0
2006-03-24 00:00:00+05:30,180.6531219482422,182.1843719482422,180.0,181.02188110351562,116.3230972290039,10750080,0.0,0.0
2006-03-27 00:00:00+05:30,181.875,181.875,179.38125610351562,179.9562530517578,115.63837432861328,9298704,0.0,0.0
2006-03-28 00:00:00+05:30,181.2312469482422,186.09375,180.3125,185.0,118.87939453125,17541456,0.0,0.0
2006-03-29 00:00:00+05:30,186.27188110351562,190.2468719482422,184.44375610351562,189.7843780517578,121.95381164550781,13873744,0.0,0.0
2006-03-30 00:00:00+05:30,190.31875610351562,192.125,188.265625,190.1875,122.21288299560547,17695040,0.0,0.0
2006-03-31 00:00:00+05:30,190.5625,190.5625,185.625,186.33749389648438,119.73890686035156,15430112,0.0,0.0
2006-04-03 00:00:00+05:30,187.5,197.1875,187.5,196.38436889648438,126.19490051269531,25084640,0.0,0.0
2006-04-04 00:00:00+05:30,198.875,199.11874389648438,195.00936889648438,197.0437469482422,126.61860656738281,18142096,0.0,0.0
2006-04-05 00:00:00+05:30,197.1875,198.9375,193.8125,194.671875,125.09445190429688,15241792,0.0,0.0
2006-04-07 00:00:00+05:30,210.3156280517578,215.5625,197.171875,197.9375,127.19291687011719,62828320,0.0,0.0
2006-04-10 00:00:00+05:30,201.1875,204.375,198.3406219482422,199.3312530517578,128.0885467529297,17288448,0.0,0.0
2006-04-12 00:00:00+05:30,201.5625,202.49374389648438,191.5968780517578,192.22811889648438,123.52412414550781,27119824,0.0,0.0
2006-04-13 00:00:00+05:30,193.5,196.5437469482422,186.375,188.67813110351562,121.2429428100586,41107040,0.0,0.0
2006-04-17 00:00:00+05:30,195.3125,202.8000030517578,193.75625610351562,201.8718719482422,129.72113037109375,41311184,0.0,0.0
2006-04-18 00:00:00+05:30,203.45938110351562,209.1875,203.45938110351562,208.5,133.98031616210938,25208544,0.0,0.0
2006-04-19 00:00:00+05:30,209.375,209.8125,203.125,204.9250030517578,131.68304443359375,14768784,0.0,0.0
2006-04-20 00:00:00+05:30,205.0,205.625,202.25936889648438,204.78750610351562,131.5946807861328,12678016,0.0,0.0
2006-04-21 00:00:00+05:30,205.625,207.7937469482422,203.25,206.3562469482422,132.60272216796875,15791040,0.0,0.0
2006-04-24 00:00:00+05:30,206.875,206.875,199.0625,200.3000030517578,128.71107482910156,17742992,0.0,0.0
2006-04-25 00:00:00+05:30,200.625,200.625,194.375,196.36563110351562,126.18286895751953,20161728,0.0,0.0
2006-04-26 00:00:00+05:30,197.5,202.8125,196.875,201.5593719482422,129.5203094482422,13430896,0.0,0.0
2006-04-27 00:00:00+05:30,202.0,202.0,194.5,195.7937469482422,125.81538391113281,30133936,0.0,0.0
2006-04-28 00:00:00+05:30,196.25,197.0,187.55624389648438,196.22811889648438,126.094482421875,14637024,0.0,0.0
2006-05-02 00:00:00+05:30,199.33749389648438,202.1875,197.0,197.765625,127.0824966430664,15986176,0.0,0.0
2006-05-03 00:00:00+05:30,198.5625,199.4968719482422,196.1999969482422,198.21249389648438,127.36959075927734,11678928,0.0,0.0
2006-05-04 00:00:00+05:30,198.25,201.52499389648438,198.25,200.7062530517578,128.9720916748047,7749232,0.0,0.0
2006-05-05 00:00:00+05:30,200.9375,203.0625,199.375,200.75625610351562,129.00424194335938,8049840,0.0,0.0
2006-05-08 00:00:00+05:30,202.1875,202.46875,201.25,201.765625,129.65286254882812,4936400,0.0,0.0
2006-05-09 00:00:00+05:30,201.0625,203.9375,198.82186889648438,202.32186889648438,130.01031494140625,9276272,0.0,0.0
2006-05-10 00:00:00+05:30,202.1875,204.5,202.1875,203.515625,130.77740478515625,7891680,0.0,0.0
2006-05-11 00:00:00+05:30,203.3125,204.546875,200.94686889648438,203.5031280517578,130.76934814453125,8911760,0.0,0.0
2006-05-12 00:00:00+05:30,202.1875,205.3125,199.4375,202.6437530517578,130.2171173095703,8930512,0.0,0.0
2006-05-15 00:00:00+05:30,199.375,203.0625,194.4375,196.94375610351562,126.55437469482422,14559856,0.0,0.0
2006-05-16 00:00:00+05:30,197.5,206.25,191.3125,196.8781280517578,126.51223754882812,13823072,0.0,0.0
2006-05-17 00:00:00+05:30,199.36874389648438,203.0625,197.8125,200.5124969482422,128.84764099121094,10362320,0.0,0.0
2006-05-18 00:00:00+05:30,199.56875610351562,199.56875610351562,187.5,189.6218719482422,121.84937286376953,16559056,0.0,0.0
2006-05-19 00:00:00+05:30,195.0,196.5625,183.2531280517578,185.9031219482422,119.459716796875,20115264,0.0,0.0
2006-05-22 00:00:00+05:30,189.0437469482422,193.6062469482422,173.4375,176.4812469482422,113.40532684326172,21428240,0.0,0.0
2006-05-23 00:00:00+05:30,176.875,184.0625,173.20938110351562,181.91561889648438,116.89739990234375,16092064,0.0,0.0
2006-05-24 00:00:00+05:30,183.75,183.8125,175.6999969482422,178.8093719482422,114.90135192871094,18099376,0.0,0.0
2006-05-25 00:00:00+05:30,176.875,179.18124389648438,174.9375,176.7843780517578,115.14970397949219,27061504,2.40625,0.0
2006-05-26 00:00:00+05:30,179.375,185.9187469482422,179.18124389648438,183.390625,119.45272827148438,14654752,0.0,0.0
2006-05-29 00:00:00+05:30,183.75,186.5,183.0,185.4812469482422,120.81442260742188,6655264,0.0,0.0
2006-05-30 00:00:00+05:30,185.875,192.8125,184.78125,189.15625,123.20822143554688,16896048,0.0,0.0
2006-05-31 00:00:00+05:30,185.625,187.4375,178.125,181.86563110351562,118.45940399169922,19133968,0.0,0.0
2006-06-01 00:00:00+05:30,184.3125,185.3125,175.31875610351562,176.86563110351562,115.20260620117188,23703648,0.0,0.0
2006-06-02 00:00:00+05:30,178.125,181.25,175.625,180.375,117.48846435546875,16122752,0.0,0.0
2006-06-05 00:00:00+05:30,182.375,182.75,175.640625,176.515625,114.97466278076172,16765696,0.0,0.0
2006-06-06 00:00:00+05:30,175.0,177.7468719482422,171.5968780517578,172.83749389648438,112.5788345336914,11165872,0.0,0.0
2006-06-07 00:00:00+05:30,172.125,174.375,168.75,172.703125,112.4913101196289,15958592,0.0,0.0
2006-06-08 00:00:00+05:30,174.08749389648438,174.08749389648438,162.83438110351562,168.9875030517578,110.07112884521484,26215328,0.0,0.0
2006-06-09 00:00:00+05:30,167.69686889648438,176.5625,167.69686889648438,174.66561889648438,113.7696533203125,14375360,0.0,0.0
2006-06-12 00:00:00+05:30,175.0,178.0,170.3125,172.6999969482422,112.48930358886719,12858304,0.0,0.0
2006-06-13 00:00:00+05:30,171.6875,171.875,163.77188110351562,164.94375610351562,107.43721008300781,14349504,0.0,0.0
2006-06-14 00:00:00+05:30,168.4187469482422,169.9375,153.125,155.3249969482422,101.17196655273438,34819152,0.0,0.0
2006-06-15 00:00:00+05:30,160.0,172.5625,158.75,170.4406280517578,111.01763153076172,19508336,0.0,0.0
2006-06-16 00:00:00+05:30,172.5625,182.1062469482422,172.5625,175.07186889648438,114.03421783447266,24844288,0.0,0.0
2006-06-19 00:00:00+05:30,175.0,180.625,173.4375,179.4499969482422,116.88594055175781,17583840,0.0,0.0
2006-06-20 00:00:00+05:30,178.625,179.375,175.0625,177.75,115.77867126464844,11280512,0.0,0.0
2006-06-21 00:00:00+05:30,176.5625,183.4375,175.625,182.703125,119.00494384765625,13676704,0.0,0.0
2006-06-22 00:00:00+05:30,187.1687469482422,187.1687469482422,183.1906280517578,184.49063110351562,120.16921997070312,12335936,0.0,0.0
2006-06-23 00:00:00+05:30,183.1906280517578,188.125,180.625,186.9718780517578,121.7853775024414,10917136,0.0,0.0
2006-06-26 00:00:00+05:30,187.4375,187.4375,180.625,181.2624969482422,118.06655883789062,10961984,0.0,0.0
2006-06-27 00:00:00+05:30,181.5625,186.25,177.63125610351562,185.4656219482422,120.80426788330078,16200736,0.0,0.0
2006-06-28 00:00:00+05:30,183.203125,187.125,180.0,185.90625,121.09130096435547,8796528,0.0,0.0
2006-06-29 00:00:00+05:30,187.125,188.75,186.578125,187.10311889648438,121.87089538574219,12236576,0.0,0.0
2006-06-30 00:00:00+05:30,192.75,195.625,189.0625,192.4343719482422,125.34343719482422,14027008,0.0,0.0
2006-07-03 00:00:00+05:30,192.8125,197.5,191.39688110351562,197.14688110351562,128.41290283203125,9845760,0.0,0.0
2006-07-04 00:00:00+05:30,197.5,199.3562469482422,195.9375,196.85311889648438,128.2216339111328,9697200,0.0,0.0
2006-07-05 00:00:00+05:30,198.75,200.2687530517578,194.4406280517578,199.63125610351562,130.03114318847656,16354128,0.0,0.0
2006-07-06 00:00:00+05:30,196.63125610351562,199.375,195.3125,197.74063110351562,128.79969787597656,7380336,0.0,0.0
2006-07-07 00:00:00+05:30,199.375,202.5,193.2531280517578,194.0625,126.40392303466797,11325776,0.0,0.0
2006-07-10 00:00:00+05:30,199.3125,199.6875,193.81875610351562,199.2531280517578,129.7848663330078,12224528,0.0,0.0
2006-07-11 00:00:00+05:30,199.9375,201.5625,195.9375,196.7624969482422,128.16256713867188,12966096,0.0,0.0
2006-07-12 00:00:00+05:30,206.25,212.5,200.3125,211.60311889648438,137.8291473388672,68016688,0.0,0.0
2006-07-13 00:00:00+05:30,218.5,224.875,208.25,210.24374389648438,136.94363403320312,11386312,0.0,2.0
2006-07-14 00:00:00+05:30,206.25,207.63125610351562,202.5,206.09375,134.240478515625,13901696,0.0,0.0
2006-07-17 00:00:00+05:30,205.125,205.71249389648438,200.0,200.65625,130.6988067626953,12418848,0.0,0.0
2006-07-18 00:00:00+05:30,201.2937469482422,205.625,200.625,203.69375610351562,132.6773223876953,10584456,0.0,0.0
2006-07-19 00:00:00+05:30,207.625,207.625,199.6374969482422,200.56875610351562,130.64178466796875,11589456,0.0,0.0
2006-07-20 00:00:00+05:30,212.33749389648438,212.33749389648438,204.125,205.9812469482422,134.1672821044922,12027920,0.0,0.0
2006-07-21 00:00:00+05:30,204.35000610351562,204.35000610351562,197.5625,200.2624969482422,130.4423370361328,9124336,0.0,0.0
2006-07-24 00:00:00+05:30,199.96249389648438,202.4499969482422,196.5,201.41250610351562,131.19139099121094,10318504,0.0,0.0
2006-07-25 00:00:00+05:30,203.625,205.4875030517578,200.0,201.33749389648438,131.1425323486328,10798144,0.0,0.0
2006-07-26 00:00:00+05:30,203.1374969482422,206.85000610351562,200.0,205.8000030517578,134.0492401123047,12250056,0.0,0.0
2006-07-27 00:00:00+05:30,205.625,208.4250030517578,203.1875,207.2937469482422,135.02220153808594,14483288,0.0,0.0
2006-07-28 00:00:00+05:30,207.6374969482422,207.75625610351562,201.28750610351562,203.77499389648438,132.7301788330078,6279120,0.0,0.0
2006-07-31 00:00:00+05:30,205.625,208.75,204.5812530517578,206.94375610351562,134.7942352294922,14844888,0.0,0.0
2006-08-01 00:00:00+05:30,206.25,208.58749389648438,205.125,207.25,134.99371337890625,9172848,0.0,0.0
2006-08-02 00:00:00+05:30,207.125,209.875,206.25,208.3312530517578,135.69796752929688,9437032,0.0,0.0
2006-08-03 00:00:00+05:30,208.81875610351562,214.625,207.2624969482422,209.11874389648438,136.2109375,19218896,0.0,0.0
2006-08-04 00:00:00+05:30,209.375,211.9875030517578,208.75,210.0812530517578,136.8378448486328,9383824,0.0,0.0
2006-08-07 00:00:00+05:30,210.0,211.24374389648438,208.7375030517578,209.1999969482422,136.26380920410156,5687424,0.0,0.0
2006-08-08 00:00:00+05:30,209.375,211.25,209.2624969482422,210.53125,137.13096618652344,3511136,0.0,0.0
2006-08-09 00:00:00+05:30,210.25,213.5,208.75,212.75625610351562,138.58023071289062,9770304,0.0,0.0
2006-08-10 00:00:00+05:30,212.5,214.75,211.375,213.5749969482422,139.113525390625,8956856,0.0,0.0
2006-08-11 00:00:00+05:30,213.75,218.75,213.13125610351562,217.77499389648438,141.8491973876953,12244656,0.0,0.0
2006-08-14 00:00:00+05:30,219.0,220.5812530517578,217.5124969482422,219.4375,142.93209838867188,6330792,0.0,0.0
2006-08-16 00:00:00+05:30,221.25,223.125,217.5437469482422,219.03750610351562,142.6715545654297,9409016,0.0,0.0
2006-08-17 00:00:00+05:30,220.00625610351562,221.6437530517578,218.06875610351562,219.6999969482422,143.10304260253906,8248312,0.0,0.0
2006-08-18 00:00:00+05:30,220.625,221.09375,201.25,220.25,143.46133422851562,4419160,0.0,0.0
2006-08-21 00:00:00+05:30,220.5,225.0,218.625,224.7624969482422,146.4005889892578,11419320,0.0,0.0
2006-08-22 00:00:00+05:30,225.125,226.125,221.89999389648438,222.6437530517578,145.0205078125,4609584,0.0,0.0
2006-08-23 00:00:00+05:30,223.6062469482422,224.3125,219.75,220.9875030517578,143.94171142578125,6302656,0.0,0.0
2006-08-24 00:00:00+05:30,220.0,221.875,218.125,220.8625030517578,143.86024475097656,8702912,0.0,0.0
2006-08-25 00:00:00+05:30,221.75,222.49374389648438,220.0,220.83749389648438,143.8440399169922,5107408,0.0,0.0
2006-08-28 00:00:00+05:30,220.83749389648438,222.1374969482422,218.125,221.59375,144.33656311035156,4842896,0.0,0.0
2006-08-29 00:00:00+05:30,222.5,226.375,222.25,225.72500610351562,147.0275115966797,8916176,0.0,0.0
2006-08-30 00:00:00+05:30,226.25,226.25,223.88125610351562,225.14999389648438,146.6529998779297,5320704,0.0,0.0
2006-08-31 00:00:00+05:30,226.0,227.375,225.00625610351562,225.8000030517578,147.07638549804688,9828312,0.0,0.0
2006-09-01 00:00:00+05:30,226.25,226.875,225.0187530517578,226.3125,147.41017150878906,4831256,0.0,0.0
2006-09-04 00:00:00+05:30,226.5,231.875,226.3937530517578,230.96249389648438,150.43898010253906,6050408,0.0,0.0
2006-09-05 00:00:00+05:30,233.75,233.75,228.125,229.36874389648438,149.40089416503906,2980088,0.0,0.0
2006-09-06 00:00:00+05:30,231.25,231.25,228.71875,229.3625030517578,149.3968048095703,5890136,0.0,0.0
2006-09-07 00:00:00+05:30,228.08749389648438,228.6999969482422,224.875,225.8625030517578,147.11705017089844,10036408,0.0,0.0
2006-09-08 00:00:00+05:30,225.875,227.375,222.25,223.6750030517578,145.69223022460938,9983680,0.0,0.0
2006-09-11 00:00:00+05:30,225.1437530517578,225.1437530517578,215.0124969482422,216.69375610351562,141.14492797851562,7521536,0.0,0.0
2006-09-12 00:00:00+05:30,217.5,222.5,215.1374969482422,221.44375610351562,144.23892211914062,8129760,0.0,0.0
2006-09-13 00:00:00+05:30,223.75,226.875,223.75,226.18124389648438,147.32470703125,9154136,0.0,0.0
2006-09-14 00:00:00+05:30,226.9187469482422,230.125,226.875,228.91250610351562,149.1037139892578,10625664,0.0,0.0
2006-09-15 00:00:00+05:30,229.375,229.375,223.63125610351562,226.3312530517578,147.42239379882812,7885912,0.0,0.0
2006-09-18 00:00:00+05:30,228.125,228.125,226.3125,227.1687469482422,147.96791076660156,5744536,0.0,0.0
2006-09-19 00:00:00+05:30,227.25,229.33749389648438,225.25,227.0500030517578,147.89053344726562,9704216,0.0,0.0
2006-09-20 00:00:00+05:30,225.0,229.875,224.53750610351562,228.80624389648438,149.03451538085938,7179560,0.0,0.0
2006-09-21 00:00:00+05:30,230.0,231.25,228.4562530517578,229.7624969482422,149.6573486328125,7663592,0.0,0.0
2006-09-22 00:00:00+05:30,228.0,229.75,226.4187469482422,228.75,148.9978485107422,5416664,0.0,0.0
2006-09-25 00:00:00+05:30,228.625,228.625,226.5,227.06875610351562,147.9027099609375,3144312,0.0,0.0
2006-09-26 00:00:00+05:30,229.375,230.8249969482422,227.625,229.9812469482422,149.7998504638672,5966920,0.0,0.0
2006-09-27 00:00:00+05:30,230.00625610351562,231.4875030517578,229.06875610351562,229.71249389648438,149.624755859375,6157840,0.0,0.0
2006-09-28 00:00:00+05:30,230.0,234.39999389648438,227.75,232.2687530517578,151.28982543945312,8825544,0.0,0.0
2006-09-29 00:00:00+05:30,234.75,234.75,230.6374969482422,231.2062530517578,150.59774780273438,3980408,0.0,0.0
2006-10-03 00:00:00+05:30,234.375,234.375,226.5,227.27499389648438,148.03709411621094,8849912,0.0,0.0
2006-10-04 00:00:00+05:30,229.1125030517578,230.0,224.375,224.99374389648438,146.55125427246094,13197136,0.0,0.0
2006-10-05 00:00:00+05:30,228.0,233.75,226.875,233.14999389648438,151.8638458251953,9789080,0.0,0.0
2006-10-06 00:00:00+05:30,233.125,234.96249389648438,230.6687469482422,234.19375610351562,152.54368591308594,6755016,0.0,0.0
2006-10-09 00:00:00+05:30,233.125,239.99374389648438,231.3125,237.0187530517578,154.38377380371094,10756312,0.0,0.0
2006-10-10 00:00:00+05:30,239.10000610351562,243.75,237.50625610351562,238.27499389648438,155.20204162597656,16808400,0.0,0.0
2006-10-11 00:00:00+05:30,250.0,255.5500030517578,244.375,247.5,161.2107696533203,28620128,0.0,0.0
2006-10-12 00:00:00+05:30,251.9375,253.125,246.375,252.50625610351562,164.4716339111328,18510200,0.0,0.0
2006-10-13 00:00:00+05:30,253.75,262.4937438964844,253.75,261.1312561035156,170.08963012695312,24227584,0.0,0.0
2006-10-16 00:00:00+05:30,262.375,268.2250061035156,261.3125,262.5375061035156,171.005615234375,17926504,0.0,0.0
2006-10-17 00:00:00+05:30,263.625,265.61248779296875,256.51873779296875,258.8374938964844,168.5955352783203,13177320,0.0,0.0
2006-10-18 00:00:00+05:30,257.51873779296875,262.3500061035156,257.5,259.1625061035156,168.8072509765625,12554088,0.0,0.0
2006-10-19 00:00:00+05:30,258.75,260.4624938964844,257.5,258.5625,168.8235626220703,7731416,0.625,0.0
2006-10-20 00:00:00+05:30,261.25,261.25,256.875,258.01251220703125,168.46444702148438,7461600,0.0,0.0
2006-10-23 00:00:00+05:30,262.5,262.5,254.375,255.19375610351562,166.6240234375,6216096,0.0,0.0
2006-10-26 00:00:00+05:30,255.19375610351562,260.0,255.19375610351562,259.16876220703125,169.21945190429688,12725480,0.0,0.0
2006-10-27 00:00:00+05:30,256.9375,264.375,256.9375,261.5687561035156,170.7864532470703,6841680,0.0,0.0
2006-10-30 00:00:00+05:30,261.875,266.875,258.75,265.9624938964844,173.65518188476562,5696096,0.0,0.0
2006-10-31 00:00:00+05:30,266.875,266.875,260.88751220703125,261.9375,171.02723693847656,8534712,0.0,0.0
2006-11-01 00:00:00+05:30,262.0,264.7250061035156,260.13751220703125,262.9312438964844,171.67605590820312,4436984,0.0,0.0
2006-11-02 00:00:00+05:30,261.625,262.5,259.625,260.59375,170.1498260498047,5602288,0.0,0.0
2006-11-03 00:00:00+05:30,261.1875,261.8500061035156,257.3812561035156,259.36248779296875,169.34588623046875,5849680,0.0,0.0
2006-11-06 00:00:00+05:30,261.23748779296875,261.23748779296875,256.9437561035156,258.75,168.9459991455078,3260760,0.0,0.0
2006-11-07 00:00:00+05:30,260.01251220703125,266.7124938964844,260.01251220703125,262.79376220703125,171.58627319335938,9325976,0.0,0.0
2006-11-08 00:00:00+05:30,265.0,269.0,263.4437561035156,265.73126220703125,173.5042724609375,13629480,0.0,0.0
2006-11-09 00:00:00+05:30,267.4937438964844,269.75,263.7875061035156,267.14373779296875,174.42652893066406,9479912,0.0,0.0
2006-11-10 00:00:00+05:30,268.125,269.7437438964844,266.75,267.4750061035156,174.64280700683594,12313296,0.0,0.0
2006-11-13 00:00:00+05:30,267.5,270.75,266.875,270.01873779296875,176.30368041992188,8334936,0.0,0.0
2006-11-14 00:00:00+05:30,271.86248779296875,278.375,271.86248779296875,276.3187561035156,180.41720581054688,18079232,0.0,0.0
2006-11-15 00:00:00+05:30,277.1812438964844,280.01873779296875,274.03125,277.83123779296875,181.40472412109375,7553520,0.0,0.0
2006-11-16 00:00:00+05:30,277.125,278.0874938964844,269.2562561035156,274.9937438964844,179.55203247070312,12040896,0.0,0.0
2006-11-17 00:00:00+05:30,275.25,276.11248779296875,270.03125,273.29998779296875,178.4461212158203,4314648,0.0,0.0
2006-11-20 00:00:00+05:30,271.25,282.79998779296875,269.03125,281.7250061035156,183.94712829589844,19513432,0.0,0.0
2006-11-21 00:00:00+05:30,283.125,283.125,276.96875,282.0625,184.1674346923828,22702552,0.0,0.0
2006-11-22 00:00:00+05:30,275.0,281.125,272.48748779296875,278.1937561035156,181.64144897460938,13906048,0.0,0.0
2006-11-23 00:00:00+05:30,278.1937561035156,280.625,278.1937561035156,279.6312561035156,182.57998657226562,6254504,0.0,0.0
2006-11-24 00:00:00+05:30,278.75,280.8374938964844,277.79376220703125,279.4375,182.45352172851562,3503792,0.0,0.0
2006-11-27 00:00:00+05:30,279.375,279.92498779296875,276.6312561035156,277.2250061035156,181.0089111328125,3800096,0.0,0.0
2006-11-28 00:00:00+05:30,275.3374938964844,275.3374938964844,270.0,270.61248779296875,176.69142150878906,10662840,0.0,0.0
2006-11-29 00:00:00+05:30,273.73748779296875,274.85626220703125,266.5,269.58123779296875,176.01806640625,12407320,0.0,0.0
2006-11-30 00:00:00+05:30,271.86248779296875,274.375,270.0,272.4624938964844,177.8992919921875,10146224,0.0,0.0
2006-12-01 00:00:00+05:30,273.625,275.75,273.125,274.3812561035156,179.15213012695312,4253008,0.0,0.0
2006-12-04 00:00:00+05:30,274.75,276.78125,272.63751220703125,275.90625,180.14781188964844,5804192,0.0,0.0
2006-12-05 00:00:00+05:30,277.5,281.125,277.5,279.88751220703125,182.7473602294922,10435272,0.0,0.0
2006-12-06 00:00:00+05:30,280.0,285.0,277.7749938964844,281.11248779296875,183.54714965820312,14148624,0.0,0.0
2006-12-07 00:00:00+05:30,281.11248779296875,281.7250061035156,275.5,277.9750061035156,181.4985809326172,12853768,0.0,0.0
2006-12-08 00:00:00+05:30,278.125,278.4750061035156,273.78125,274.4437561035156,179.19293212890625,8887960,0.0,0.0
2006-12-11 00:00:00+05:30,276.25,279.375,270.9437561035156,274.3500061035156,179.1317596435547,11614536,0.0,0.0
2006-12-12 00:00:00+05:30,274.75,278.25,267.6499938964844,270.53125,176.63829040527344,15534088,0.0,0.0
2006-12-13 00:00:00+05:30,270.75,272.5,265.6625061035156,268.70623779296875,175.44674682617188,12483816,0.0,0.0
2006-12-14 00:00:00+05:30,271.25,275.95623779296875,270.125,274.51251220703125,179.23785400390625,7347976,0.0,0.0
2006-12-15 00:00:00+05:30,274.375,280.0,274.375,279.1875,182.29029846191406,8628504,0.0,0.0
2006-12-18 00:00:00+05:30,279.75,282.5,272.76251220703125,278.0625,181.55572509765625,15773392,0.0,0.0
2006-12-19 00:00:00+05:30,276.2562561035156,276.5249938964844,266.875,269.70001220703125,176.09559631347656,17929632,0.0,0.0
2006-12-20 00:00:00+05:30,270.625,274.875,268.875,271.3374938964844,177.16473388671875,10131408,0.0,0.0
2006-12-21 00:00:00+05:30,271.875,271.875,268.125,270.4624938964844,176.5934600830078,6686032,0.0,0.0
2006-12-22 00:00:00+05:30,271.25,272.625,270.0062561035156,271.7250061035156,177.4178009033203,4135512,0.0,0.0
2006-12-26 00:00:00+05:30,270.625,278.0874938964844,270.625,277.4312438964844,181.1435546875,6068072,0.0,0.0
2006-12-27 00:00:00+05:30,278.125,282.3999938964844,278.125,281.58123779296875,183.85328674316406,8637552,0.0,0.0
2006-12-28 00:00:00+05:30,284.375,284.48748779296875,280.0625,281.0249938964844,183.49005126953125,8981616,0.0,0.0
2006-12-29 00:00:00+05:30,281.5,283.2250061035156,278.29376220703125,280.2250061035156,182.9677276611328,6093568,0.0,0.0
2007-01-02 00:00:00+05:30,281.625,287.125,279.76251220703125,284.08123779296875,185.48556518554688,8629864,0.0,0.0
2007-01-03 00:00:00+05:30,284.08123779296875,290.0,284.08123779296875,288.91876220703125,188.64414978027344,10889256,0.0,0.0
2007-01-04 00:00:00+05:30,290.1499938964844,290.625,284.3812561035156,285.6625061035156,186.51795959472656,8777064,0.0,0.0
2007-01-05 00:00:00+05:30,285.75,288.125,281.9437561035156,284.3812561035156,185.6814727783203,7021952,0.0,0.0
2007-01-08 00:00:00+05:30,284.3812561035156,285.0,274.0625,275.70001220703125,180.01318359375,18481368,0.0,0.0
2007-01-09 00:00:00+05:30,277.0,279.4312438964844,271.67498779296875,273.76251220703125,178.74815368652344,13416408,0.0,0.0
2007-01-10 00:00:00+05:30,275.0,275.0,269.17498779296875,270.5562438964844,176.65464782714844,15159184,0.0,0.0
2007-01-11 00:00:00+05:30,272.625,276.86248779296875,261.89373779296875,272.875,178.1686248779297,34092208,0.0,0.0
2007-01-12 00:00:00+05:30,275.0,278.9624938964844,275.0,277.92498779296875,181.46595764160156,13832688,0.0,0.0
2007-01-15 00:00:00+05:30,279.1187438964844,280.9437561035156,278.75,280.3687438964844,183.06153869628906,10134760,0.0,0.0
2007-01-16 00:00:00+05:30,280.6499938964844,281.25,277.01251220703125,277.7749938964844,181.36802673339844,5113808,0.0,0.0
2007-01-17 00:00:00+05:30,280.625,280.625,274.64373779296875,275.6812438964844,180.00091552734375,8803400,0.0,0.0
2007-01-18 00:00:00+05:30,275.75,279.125,275.75,278.01873779296875,181.5271453857422,7906152,0.0,0.0
2007-01-19 00:00:00+05:30,278.125,279.75,273.125,275.29376220703125,179.74795532226562,11551144,0.0,0.0
2007-01-22 00:00:00+05:30,276.875,282.5,275.54998779296875,281.75,183.96337890625,9721392,0.0,0.0
2007-01-23 00:00:00+05:30,281.0,281.0,277.51873779296875,279.39373779296875,182.42495727539062,6907168,0.0,0.0
2007-01-24 00:00:00+05:30,275.125,282.125,275.125,279.2562561035156,182.3351287841797,3660880,0.0,0.0
2007-01-25 00:00:00+05:30,280.125,281.8374938964844,277.67498779296875,280.125,182.9023895263672,6798352,0.0,0.0
2007-01-29 00:00:00+05:30,279.375,281.875,276.54376220703125,280.54998779296875,183.17991638183594,6550912,0.0,0.0
2007-01-31 00:00:00+05:30,280.0,281.875,277.66876220703125,280.9125061035156,183.4165496826172,9171104,0.0,0.0
2007-02-01 00:00:00+05:30,281.25,284.375,279.79376220703125,283.6187438964844,185.18356323242188,3367264,0.0,0.0
2007-02-02 00:00:00+05:30,284.375,285.0,280.26251220703125,283.1937561035156,184.9060821533203,9842920,0.0,0.0
2007-02-05 00:00:00+05:30,279.375,284.54998779296875,279.375,283.6625061035156,185.21212768554688,7299072,0.0,0.0
2007-02-06 00:00:00+05:30,283.75,285.8687438964844,282.5,284.1187438964844,185.51004028320312,6560944,0.0,0.0
2007-02-07 00:00:00+05:30,281.9437561035156,296.25,281.9437561035156,294.6312561035156,192.3740234375,14498464,0.0,0.0
2007-02-08 00:00:00+05:30,295.625,297.5,291.70001220703125,296.7124938964844,193.73284912109375,6571448,0.0,0.0
2007-02-09 00:00:00+05:30,296.79998779296875,299.75,292.25,295.15625,192.71681213378906,6304808,0.0,0.0
2007-02-12 00:00:00+05:30,291.875,296.2124938964844,288.88751220703125,293.90625,191.9005889892578,4868088,0.0,0.0
2007-02-13 00:00:00+05:30,293.875,294.8125,284.57501220703125,288.0249938964844,188.0605926513672,7561016,0.0,0.0
2007-02-14 00:00:00+05:30,285.2749938964844,289.375,282.7124938964844,285.58123779296875,186.46493530273438,9642200,0.0,0.0
2007-02-15 00:00:00+05:30,290.61248779296875,301.875,286.875,297.8687438964844,194.48785400390625,9978848,0.0,0.0
2007-02-19 00:00:00+05:30,297.75,300.0,295.3687438964844,297.01251220703125,193.92880249023438,3086648,0.0,0.0
2007-02-20 00:00:00+05:30,296.8812561035156,298.4750061035156,293.875,294.9937438964844,192.61068725585938,2471920,0.0,0.0
2007-02-21 00:00:00+05:30,295.0,296.5,287.76251220703125,288.86248779296875,188.60739135742188,9348720,0.0,0.0
2007-02-22 00:00:00+05:30,288.5,291.875,283.75,285.9375,186.69749450683594,10388800,0.0,0.0
2007-02-23 00:00:00+05:30,284.75,288.875,276.5249938964844,279.7124938964844,182.63308715820312,11559176,0.0,0.0
2007-02-26 00:00:00+05:30,279.25,280.875,269.375,277.26873779296875,181.03746032714844,11670248,0.0,0.0
2007-02-27 00:00:00+05:30,278.75,278.75,270.65625,273.375,178.49514770507812,8956896,0.0,0.0
2007-02-28 00:00:00+05:30,272.5,272.5,256.25,259.6937561035156,169.562255859375,25000392,0.0,0.0
2007-03-01 00:00:00+05:30,260.0,273.1187438964844,259.5,269.89373779296875,176.22207641601562,13634656,0.0,0.0
2007-03-02 00:00:00+05:30,271.70001220703125,272.375,259.375,261.6875,170.86399841308594,12168104,0.0,0.0
2007-03-05 00:00:00+05:30,259.73748779296875,259.73748779296875,250.0,250.8937530517578,163.81639099121094,13950768,0.0,0.0
2007-03-06 00:00:00+05:30,251.625,269.2124938964844,251.625,264.3062438964844,172.57388305664062,14552864,0.0,0.0
2007-03-07 00:00:00+05:30,270.92498779296875,270.92498779296875,256.2875061035156,260.66876220703125,170.19879150390625,10270272,0.0,0.0
2007-03-08 00:00:00+05:30,261.25,268.25,260.15625,266.96875,174.312255859375,12261208,0.0,0.0
2007-03-09 00:00:00+05:30,266.29376220703125,268.75,262.04376220703125,265.1187438964844,173.1043701171875,8085208,0.0,0.0
2007-03-12 00:00:00+05:30,265.0,267.9937438964844,262.5,264.4125061035156,172.64324951171875,9065944,0.0,0.0
2007-03-13 00:00:00+05:30,264.625,266.2437438964844,258.7250061035156,263.1312561035156,171.806640625,11465824,0.0,0.0
2007-03-14 00:00:00+05:30,259.375,261.2124938964844,251.53125,252.5,164.86520385742188,16009280,0.0,0.0
2007-03-15 00:00:00+05:30,256.375,263.11248779296875,254.5,259.92498779296875,169.71316528320312,17149040,0.0,0.0
2007-03-16 00:00:00+05:30,261.25,263.125,253.125,255.93124389648438,167.1055450439453,7567776,0.0,0.0
2007-03-19 00:00:00+05:30,258.75,261.46875,255.89999389648438,260.90625,170.35386657714844,5461816,0.0,0.0
2007-03-20 00:00:00+05:30,262.5,263.5874938964844,256.25,256.98748779296875,167.79519653320312,5378584,0.0,0.0
2007-03-21 00:00:00+05:30,257.70001220703125,262.5,256.04376220703125,261.7437438964844,170.90069580078125,9258712,0.0,0.0
2007-03-22 00:00:00+05:30,263.75,268.125,262.5,264.8812561035156,172.9492645263672,7974344,0.0,0.0
2007-03-23 00:00:00+05:30,265.0,266.875,260.125,261.57501220703125,170.79052734375,10877280,0.0,0.0
2007-03-26 00:00:00+05:30,263.125,263.125,255.02499389648438,257.26873779296875,167.9788360595703,15948600,0.0,0.0
2007-03-28 00:00:00+05:30,253.75,253.75,248.5,249.00625610351562,162.58399963378906,21473904,0.0,0.0
2007-03-29 00:00:00+05:30,245.2375030517578,253.625,244.8874969482422,248.83749389648438,162.47381591796875,25927192,0.0,0.0
2007-03-30 00:00:00+05:30,249.375,253.71249389648438,249.375,252.3312530517578,164.75497436523438,14493552,0.0,0.0
2007-04-02 00:00:00+05:30,250.0,250.0,239.0,240.36874389648438,156.94432067871094,14738880,0.0,0.0
2007-04-03 00:00:00+05:30,240.625,246.8125,238.75,245.5812530517578,160.34767150878906,17553760,0.0,0.0
2007-04-04 00:00:00+05:30,247.5,249.9812469482422,243.77499389648438,249.28750610351562,162.7676544189453,12089584,0.0,0.0
2007-04-05 00:00:00+05:30,248.75,249.9875030517578,243.2062530517578,249.03750610351562,162.6043701171875,6129800,0.0,0.0
2007-04-09 00:00:00+05:30,245.0,256.75,245.0,255.94375610351562,167.1137237548828,6112144,0.0,0.0
2007-04-10 00:00:00+05:30,256.25,258.0,247.6374969482422,249.8562469482422,163.1389923095703,11851632,0.0,0.0
2007-04-11 00:00:00+05:30,250.625,254.875,248.46875,249.53125,162.92678833007812,12324768,0.0,0.0
2007-04-12 00:00:00+05:30,248.625,256.98748779296875,245.0,255.7312469482422,166.97491455078125,18025880,0.0,0.0
2007-04-13 00:00:00+05:30,262.5,266.5,253.2937469482422,260.86248779296875,170.3253173828125,37096144,0.0,0.0
2007-04-16 00:00:00+05:30,268.75,269.5,260.875,266.0874938964844,173.73687744140625,13423280,0.0,0.0
2007-04-17 00:00:00+05:30,263.75,266.0,258.2562561035156,260.34375,169.98663330078125,13779368,0.0,0.0
2007-04-18 00:00:00+05:30,260.8125,262.3374938964844,257.8999938964844,259.5375061035156,169.46022033691406,9491616,0.0,0.0
2007-04-19 00:00:00+05:30,256.26873779296875,257.17498779296875,253.15625,254.9875030517578,166.48936462402344,12689648,0.0,0.0
2007-04-20 00:00:00+05:30,261.8500061035156,261.8500061035156,256.14373779296875,256.88751220703125,167.72988891601562,7901224,0.0,0.0
2007-04-23 00:00:00+05:30,259.96875,259.96875,257.51873779296875,258.65625,168.88478088378906,6204520,0.0,0.0
2007-04-24 00:00:00+05:30,253.1875,259.2250061035156,253.125,257.23748779296875,167.9584503173828,10435904,0.0,0.0
2007-04-25 00:00:00+05:30,255.75,256.25,251.5,252.3125,164.7427520751953,11769504,0.0,0.0
2007-04-26 00:00:00+05:30,254.375,256.23748779296875,251.0,252.3562469482422,164.7713165283203,11592024,0.0,0.0
2007-04-27 00:00:00+05:30,253.75,254.33749389648438,248.875,250.6437530517578,163.6531982421875,13179936,0.0,0.0
2007-04-30 00:00:00+05:30,250.625,257.5,250.625,256.35626220703125,167.383056640625,7900544,0.0,0.0
2007-05-03 00:00:00+05:30,257.125,261.65625,257.125,260.20623779296875,169.89678955078125,8526624,0.0,0.0
2007-05-04 00:00:00+05:30,260.0375061035156,261.25,256.51873779296875,258.98748779296875,169.10104370117188,7354320,0.0,0.0
2007-05-07 00:00:00+05:30,259.0,259.375,254.4375,255.2312469482422,166.64849853515625,7725136,0.0,0.0
2007-05-08 00:00:00+05:30,253.75,254.375,249.3937530517578,250.28125,163.41647338867188,11778832,0.0,0.0
2007-05-09 00:00:00+05:30,250.25,250.8125,246.875,247.5749969482422,161.64947509765625,11830928,0.0,0.0
2007-05-10 00:00:00+05:30,251.125,251.83749389648438,246.25,246.77499389648438,161.12710571289062,12493392,0.0,0.0
2007-05-11 00:00:00+05:30,246.25,252.5,243.875,250.0749969482422,163.28184509277344,12702344,0.0,0.0
2007-05-14 00:00:00+05:30,252.25,252.96249389648438,247.8312530517578,250.2375030517578,163.38796997070312,7335704,0.0,0.0
2007-05-15 00:00:00+05:30,249.875,250.0,246.0,246.68124389648438,161.06588745117188,8705704,0.0,0.0
2007-05-16 00:00:00+05:30,246.625,247.75,242.0,243.96249389648438,159.29075622558594,15668240,0.0,0.0
2007-05-17 00:00:00+05:30,245.0,248.625,245.0,247.9375,161.8861541748047,17139072,0.0,0.0
2007-05-18 00:00:00+05:30,247.375,250.7375030517578,246.0,247.7375030517578,161.7555694580078,9588872,0.0,0.0
2007-05-21 00:00:00+05:30,248.25625610351562,249.0,243.78125,245.0500030517578,160.00082397460938,13263216,0.0,0.0
2007-05-22 00:00:00+05:30,243.7624969482422,245.1125030517578,241.375,243.34375,158.88677978515625,19028016,0.0,0.0
2007-05-23 00:00:00+05:30,243.75,244.25,240.0124969482422,240.71875,157.1728515625,10531456,0.0,0.0
2007-05-24 00:00:00+05:30,240.625,243.7375030517578,239.75,242.125,158.0910186767578,19166928,0.0,0.0
2007-05-25 00:00:00+05:30,243.75,249.0,238.125,248.1875,162.0493927001953,17904664,0.0,0.0
2007-05-28 00:00:00+05:30,244.4562530517578,251.71249389648438,244.4562530517578,246.44375610351562,160.9108428955078,13356216,0.0,0.0
2007-05-29 00:00:00+05:30,246.875,246.875,243.16250610351562,244.21249389648438,159.4539794921875,6663480,0.0,0.0
2007-05-30 00:00:00+05:30,243.125,244.96875,237.625,238.2687530517578,155.5731658935547,20476856,0.0,0.0
2007-05-31 00:00:00+05:30,240.0,242.3874969482422,238.75,240.4375,156.98916625976562,13968520,0.0,0.0
2007-06-01 00:00:00+05:30,241.625,243.7375030517578,241.5,242.31875610351562,158.21754455566406,7742200,0.0,0.0
2007-06-04 00:00:00+05:30,243.75,246.08749389648438,238.60000610351562,239.53750610351562,156.40158081054688,9405184,0.0,0.0
2007-06-05 00:00:00+05:30,240.0,243.75,238.5,242.89999389648438,158.5970001220703,14302728,0.0,0.0
2007-06-06 00:00:00+05:30,246.75,246.75,241.25,242.2937469482422,158.73216247558594,16488016,0.8125,0.0
2007-06-07 00:00:00+05:30,230.8562469482422,246.5,230.8562469482422,244.6437530517578,160.27169799804688,13315048,0.0,0.0
2007-06-08 00:00:00+05:30,243.7375030517578,246.875,238.9375,243.8562469482422,159.75575256347656,20947712,0.0,0.0
2007-06-11 00:00:00+05:30,246.75,249.5,246.25,247.47500610351562,162.12652587890625,18446208,0.0,0.0
2007-06-12 00:00:00+05:30,245.25,249.8625030517578,245.25,248.6875,162.92080688476562,9489648,0.0,0.0
2007-06-13 00:00:00+05:30,214.375,249.875,214.375,248.59375,162.85943603515625,6143208,0.0,0.0
2007-06-14 00:00:00+05:30,249.375,253.875,249.375,252.39999389648438,165.3529815673828,15894848,0.0,0.0
2007-06-15 00:00:00+05:30,253.75,254.75,250.0,251.1750030517578,164.5504913330078,8519312,0.0,0.0
2007-06-18 00:00:00+05:30,253.125,253.625,248.19375610351562,248.68124389648438,162.9166717529297,9880776,0.0,0.0
2007-06-19 00:00:00+05:30,248.75,248.8562469482422,242.75,244.5749969482422,160.2266082763672,14005784,0.0,0.0
2007-06-20 00:00:00+05:30,245.75,246.75,243.7687530517578,244.27499389648438,160.03009033203125,6835384,0.0,0.0
2007-06-21 00:00:00+05:30,244.25,245.75,241.89999389648438,244.80624389648438,160.37815856933594,6758680,0.0,0.0
2007-06-22 00:00:00+05:30,245.58749389648438,245.58749389648438,241.875,243.85000610351562,159.75169372558594,6673960,0.0,0.0
2007-06-25 00:00:00+05:30,243.85000610351562,245.3625030517578,239.875,242.0812530517578,158.59292602539062,5557352,0.0,0.0
2007-06-26 00:00:00+05:30,241.25,243.5,240.0,240.2687530517578,157.40550231933594,6085936,0.0,0.0
2007-06-27 00:00:00+05:30,241.375,243.28125,241.0,241.9187469482422,158.48648071289062,5488248,0.0,0.0
2007-06-28 00:00:00+05:30,242.5,243.4499969482422,239.1374969482422,240.63125610351562,157.64297485351562,8399232,0.0,0.0
2007-06-29 00:00:00+05:30,243.75,246.25,240.0,241.13125610351562,157.97055053710938,13776528,0.0,0.0
2007-07-02 00:00:00+05:30,243.0,244.3625030517578,241.125,242.9812469482422,159.18255615234375,9189768,0.0,0.0
2007-07-03 00:00:00+05:30,243.75,244.13125610351562,241.91250610351562,243.4250030517578,159.47328186035156,5633960,0.0,0.0
2007-07-04 00:00:00+05:30,245.125,245.125,240.25,241.38125610351562,158.1343231201172,5838480,0.0,0.0
2007-07-05 00:00:00+05:30,241.3937530517578,242.5,238.75,239.60000610351562,156.9674530029297,7673904,0.0,0.0
2007-07-06 00:00:00+05:30,230.83749389648438,247.08749389648438,230.83749389648438,246.47500610351562,161.47142028808594,17535640,0.0,0.0
2007-07-09 00:00:00+05:30,248.625,251.1750030517578,248.2937469482422,249.21875,163.26889038085938,14444344,0.0,0.0
2007-07-10 00:00:00+05:30,249.375,255.24374389648438,249.375,252.5625,165.45945739746094,17479504,0.0,0.0
2007-07-11 00:00:00+05:30,250.0,250.0,240.625,241.2062530517578,158.0196990966797,37621888,0.0,0.0
2007-07-12 00:00:00+05:30,243.75,244.96249389648438,239.375,240.27499389648438,157.40966796875,31228624,0.0,0.0
2007-07-13 00:00:00+05:30,241.5187530517578,244.8000030517578,240.25625610351562,242.47500610351562,158.8509063720703,26942344,0.0,0.0
2007-07-16 00:00:00+05:30,243.125,244.375,241.0,241.9812469482422,158.52740478515625,13679896,0.0,0.0
2007-07-17 00:00:00+05:30,242.5,244.83749389648438,241.75,242.31875610351562,158.74855041503906,8854256,0.0,0.0
2007-07-18 00:00:00+05:30,242.6374969482422,244.3125,241.89999389648438,243.06875610351562,159.23988342285156,6772224,0.0,0.0
2007-07-19 00:00:00+05:30,243.5,250.0,243.25,249.5625,163.4940948486328,16677152,0.0,0.0
2007-07-20 00:00:00+05:30,250.0,252.375,246.31875610351562,248.28125,162.65472412109375,13050288,0.0,0.0
2007-07-23 00:00:00+05:30,246.7624969482422,247.9875030517578,241.39999389648438,243.47500610351562,159.50601196289062,15034016,0.0,0.0
2007-07-24 00:00:00+05:30,243.47500610351562,247.4875030517578,242.56875610351562,246.8874969482422,161.7416229248047,8892384,0.0,0.0
2007-07-25 00:00:00+05:30,247.0,251.25,243.125,248.6062469482422,162.8676300048828,11647192,0.0,0.0
2007-07-26 00:00:00+05:30,249.75,256.25,249.375,254.2937469482422,166.5936279296875,22691384,0.0,0.0
2007-07-27 00:00:00+05:30,250.125,251.875,245.2062530517578,250.9812469482422,164.42352294921875,13866488,0.0,0.0
2007-07-30 00:00:00+05:30,250.9812469482422,251.25,245.7937469482422,248.3000030517578,162.66702270507812,5598216,0.0,0.0
2007-07-31 00:00:00+05:30,248.75,254.375,244.40625,246.97500610351562,161.79893493652344,7234104,0.0,0.0
2007-08-01 00:00:00+05:30,248.5,248.5,240.375,241.1875,158.00741577148438,11838920,0.0,0.0
2007-08-02 00:00:00+05:30,243.75,243.75,236.5625,237.39999389648438,155.52615356445312,11826664,0.0,0.0
2007-08-03 00:00:00+05:30,237.625,240.4250030517578,237.25,239.5812530517578,156.95513916015625,6699184,0.0,0.0
2007-08-06 00:00:00+05:30,242.47500610351562,242.47500610351562,232.5437469482422,233.16250610351562,152.7500457763672,9018400,0.0,0.0
2007-08-07 00:00:00+05:30,234.375,237.5,232.8874969482422,234.80624389648438,153.826904296875,11022904,0.0,0.0
2007-08-08 00:00:00+05:30,236.25,249.75,236.25,245.90625,161.09878540039062,24515808,0.0,0.0
2007-08-09 00:00:00+05:30,248.75,250.625,240.625,241.78125,158.3964080810547,10244784,0.0,0.0
2007-08-10 00:00:00+05:30,231.8874969482422,245.875,231.8874969482422,244.9875030517578,160.49691772460938,14852240,0.0,0.0
2007-08-13 00:00:00+05:30,246.25,246.25,240.14999389648438,243.7375030517578,159.67796325683594,6277472,0.0,0.0
2007-08-14 00:00:00+05:30,243.75,245.125,241.8312530517578,244.4250030517578,160.1283416748047,4490672,0.0,0.0
2007-08-16 00:00:00+05:30,233.75,240.875,232.77499389648438,239.1374969482422,156.6644287109375,14135888,0.0,0.0
2007-08-17 00:00:00+05:30,239.86874389648438,239.86874389648438,217.8937530517578,231.81875610351562,151.8697052001953,27524232,0.0,0.0
2007-08-20 00:00:00+05:30,239.375,239.375,227.5625,228.64999389648438,149.79380798339844,13752864,0.0,0.0
2007-08-21 00:00:00+05:30,228.875,231.2624969482422,219.03125,220.1687469482422,144.23756408691406,20084032,0.0,0.0
2007-08-22 00:00:00+05:30,220.625,226.0500030517578,218.75,223.58749389648438,146.477294921875,9464336,0.0,0.0
2007-08-23 00:00:00+05:30,231.125,231.24374389648438,224.02499389648438,226.44375610351562,148.3484344482422,13791248,0.0,0.0
2007-08-24 00:00:00+05:30,222.6437530517578,229.1875,222.6437530517578,228.1999969482422,149.49900817871094,7405424,0.0,0.0
2007-08-27 00:00:00+05:30,229.875,231.375,227.03750610351562,230.96249389648438,151.30882263183594,5364912,0.0,0.0
2007-08-28 00:00:00+05:30,228.75,236.75,228.25,235.03125,153.9743194580078,10137472,0.0,0.0
2007-08-29 00:00:00+05:30,230.125,233.75,227.5625,229.65625,150.4530487060547,11615696,0.0,0.0
2007-08-30 00:00:00+05:30,231.25,233.8000030517578,230.125,233.14999389648438,152.74185180664062,8973008,0.0,0.0
2007-08-31 00:00:00+05:30,235.625,235.625,231.0,231.81875610351562,151.8697052001953,7885336,0.0,0.0
2007-09-03 00:00:00+05:30,233.125,233.75,231.875,232.5812530517578,152.3692626953125,4769872,0.0,0.0
2007-09-04 00:00:00+05:30,240.33749389648438,240.33749389648438,221.875,236.21249389648438,154.74815368652344,5593768,0.0,0.0
2007-09-05 00:00:00+05:30,235.5,240.61874389648438,235.40625,236.88125610351562,155.18629455566406,8701272,0.0,0.0
2007-09-06 00:00:00+05:30,234.5,238.625,234.5,237.97500610351562,155.90286254882812,3881216,0.0,0.0
2007-09-07 00:00:00+05:30,238.875,240.625,237.625,238.5625,156.2877197265625,5357776,0.0,0.0
2007-09-10 00:00:00+05:30,236.5625,238.08749389648438,233.2062530517578,233.9375,153.25778198242188,5928440,0.0,0.0
2007-09-11 00:00:00+05:30,235.75,235.75,226.875,227.85000610351562,149.2697296142578,7806928,0.0,0.0
2007-09-12 00:00:00+05:30,228.125,233.25,226.6437530517578,227.7312469482422,149.19192504882812,7977880,0.0,0.0
2007-09-13 00:00:00+05:30,228.125,232.75,227.9375,229.28125,150.20736694335938,9630800,0.0,0.0
2007-09-14 00:00:00+05:30,230.0,232.25,228.78750610351562,229.6374969482422,150.4407196044922,9550288,0.0,0.0
2007-09-17 00:00:00+05:30,231.75,231.8625030517578,224.0625,225.60000610351562,147.79571533203125,11030912,0.0,0.0
2007-09-18 00:00:00+05:30,225.0,226.84375,223.3125,225.56875610351562,147.77520751953125,13408016,0.0,0.0
2007-09-19 00:00:00+05:30,230.0,233.5,230.0,231.4499969482422,151.628173828125,17208904,0.0,0.0
2007-09-20 00:00:00+05:30,230.0,230.625,224.3937530517578,225.0500030517578,147.43539428710938,10340064,0.0,0.0
2007-09-21 00:00:00+05:30,223.75,231.25,219.125,228.2375030517578,149.52362060546875,15328600,0.0,0.0
2007-09-24 00:00:00+05:30,228.5,228.74374389648438,220.0,220.38125610351562,144.3767547607422,17386784,0.0,0.0
2007-09-25 00:00:00+05:30,223.125,224.375,218.5625,221.4187469482422,145.0564727783203,17385008,0.0,0.0
2007-09-26 00:00:00+05:30,222.5,229.33749389648438,221.25,228.1437530517578,149.46218872070312,13126264,0.0,0.0
2007-09-27 00:00:00+05:30,234.0124969482422,241.58749389648438,229.375,239.4812469482422,156.8896026611328,30952096,0.0,0.0
2007-09-28 00:00:00+05:30,240.625,243.75,233.375,236.59375,154.9979705810547,16135888,0.0,0.0
2007-10-01 00:00:00+05:30,236.875,239.375,231.58749389648438,238.1687469482422,156.0297393798828,12118896,0.0,0.0
2007-10-03 00:00:00+05:30,240.0,251.8625030517578,238.75,250.19375610351562,163.9076385498047,26572224,0.0,0.0
2007-10-04 00:00:00+05:30,251.25,251.25,245.25,249.8625030517578,163.69061279296875,14354928,0.0,0.0
2007-10-05 00:00:00+05:30,250.0,250.0,246.9499969482422,247.8625030517578,162.38034057617188,8433464,0.0,0.0
2007-10-08 00:00:00+05:30,250.0,253.125,248.0,250.4562530517578,164.07957458496094,8695752,0.0,0.0
2007-10-09 00:00:00+05:30,248.125,256.5,248.125,255.9250030517578,167.66229248046875,13053992,0.0,0.0
2007-10-10 00:00:00+05:30,261.83123779296875,267.7437438964844,257.5,265.6312561035156,174.02105712890625,22305808,0.0,0.0
2007-10-11 00:00:00+05:30,262.5,262.5,245.375,247.1062469482422,161.8848876953125,35483448,0.0,0.0
2007-10-12 00:00:00+05:30,245.625,246.8625030517578,237.97500610351562,241.21249389648438,158.02378845214844,20546200,0.0,0.0
2007-10-15 00:00:00+05:30,245.97500610351562,245.97500610351562,239.25,240.97500610351562,157.86822509765625,14805752,0.0,0.0
2007-10-16 00:00:00+05:30,232.66250610351562,241.25,230.0124969482422,233.2937469482422,152.83602905273438,20676272,0.0,0.0
2007-10-17 00:00:00+05:30,225.0,238.5,223.125,236.28750610351562,154.79733276367188,16105088,0.0,0.0
2007-10-18 00:00:00+05:30,237.5,243.75,232.10000610351562,236.25,155.2655792236328,18871056,0.75,0.0
2007-10-19 00:00:00+05:30,237.5,241.25,234.5187530517578,238.7062530517578,156.87986755371094,11118784,0.0,0.0
2007-10-22 00:00:00+05:30,232.25,238.77499389648438,232.25,235.84375,154.9986114501953,10683432,0.0,0.0
2007-10-23 00:00:00+05:30,237.5,239.6999969482422,233.75,235.43124389648438,154.72747802734375,12346344,0.0,0.0
2007-10-24 00:00:00+05:30,237.625,239.75,229.1374969482422,230.5625,151.5277099609375,11446248,0.0,0.0
2007-10-25 00:00:00+05:30,231.375,234.47500610351562,228.125,229.63125610351562,150.91566467285156,12955840,0.0,0.0
2007-10-26 00:00:00+05:30,229.375,231.875,228.0,231.03125,151.83575439453125,8279104,0.0,0.0
2007-10-29 00:00:00+05:30,237.5,237.5,231.89999389648438,232.5749969482422,152.85035705566406,5328480,0.0,0.0
2007-10-30 00:00:00+05:30,233.75,235.5,229.9499969482422,231.77499389648438,152.32456970214844,5996440,0.0,0.0
2007-10-31 00:00:00+05:30,233.6875,235.6437530517578,227.2624969482422,229.68124389648438,150.9485321044922,10025528,0.0,0.0
2007-11-01 00:00:00+05:30,233.9562530517578,235.0,229.5,234.24374389648438,153.9470672607422,9522528,0.0,0.0
2007-11-02 00:00:00+05:30,231.25,241.25,227.625,239.6437530517578,157.4959716796875,10208808,0.0,0.0
2007-11-05 00:00:00+05:30,237.5,241.08749389648438,230.0437469482422,231.75,152.30813598632812,6211480,0.0,0.0
2007-11-06 00:00:00+05:30,231.25,234.375,231.25,231.46875,152.12327575683594,4517832,0.0,0.0
2007-11-07 00:00:00+05:30,231.4187469482422,231.4187469482422,216.875,218.2375030517578,143.42762756347656,23151400,0.0,0.0
2007-11-08 00:00:00+05:30,214.83749389648438,218.125,212.875,214.5437469482422,141.0000457763672,15705240,0.0,0.0
2007-11-12 00:00:00+05:30,209.375,209.375,201.2687530517578,205.2312469482422,134.8798065185547,25324832,0.0,0.0
2007-11-13 00:00:00+05:30,203.125,211.6374969482422,200.875,203.3937530517578,133.67214965820312,23517112,0.0,0.0
2007-11-14 00:00:00+05:30,210.0,216.25,207.0,213.49374389648438,140.30995178222656,16262008,0.0,0.0
2007-11-15 00:00:00+05:30,212.5,212.5,204.75,205.91250610351562,135.3275146484375,13053800,0.0,0.0
2007-11-16 00:00:00+05:30,205.91250610351562,208.0,202.25,203.125,133.4955596923828,9711528,0.0,0.0
2007-11-19 00:00:00+05:30,206.25,206.25,202.0,202.49374389648438,133.08067321777344,14441160,0.0,0.0
2007-11-20 00:00:00+05:30,200.875,202.5,194.1687469482422,195.71249389648438,128.6239776611328,22736872,0.0,0.0
2007-11-21 00:00:00+05:30,193.125,198.375,192.5,193.3874969482422,127.09597778320312,16523872,0.0,0.0
2007-11-22 00:00:00+05:30,193.74374389648438,195.0124969482422,189.875,191.4499969482422,125.82262420654297,12576744,0.0,0.0
2007-11-23 00:00:00+05:30,193.75,200.58749389648438,191.71249389648438,194.6875,127.95033264160156,16680696,0.0,0.0
2007-11-26 00:00:00+05:30,195.625,199.68124389648438,195.625,196.99374389648438,129.46604919433594,9515520,0.0,0.0
2007-11-27 00:00:00+05:30,196.99374389648438,198.25,195.34375,196.7062530517578,129.277099609375,11749864,0.0,0.0
2007-11-28 00:00:00+05:30,198.625,199.375,194.875,196.16250610351562,128.91969299316406,9458944,0.0,0.0
2007-11-29 00:00:00+05:30,200.625,201.75,193.75,195.90625,128.75131225585938,24061072,0.0,0.0
2007-11-30 00:00:00+05:30,196.75,203.1125030517578,196.75,200.3125,131.64715576171875,27369392,0.0,0.0
2007-12-03 00:00:00+05:30,200.3125,204.0,198.5749969482422,200.0437469482422,131.4705352783203,20101040,0.0,0.0
2007-12-04 00:00:00+05:30,199.8125,203.46249389648438,198.85000610351562,201.91250610351562,132.69869995117188,11367656,0.0,0.0
2007-12-05 00:00:00+05:30,202.46249389648438,202.46249389648438,198.8125,200.4375,131.72927856445312,9996752,0.0,0.0
2007-12-06 00:00:00+05:30,201.41250610351562,206.125,201.41250610351562,204.4187469482422,134.34579467773438,14144400,0.0,0.0
2007-12-07 00:00:00+05:30,206.25,218.66250610351562,203.78125,215.28750610351562,141.48886108398438,21737160,0.0,0.0
2007-12-10 00:00:00+05:30,217.4375,220.96249389648438,212.5,218.58749389648438,143.6576385498047,12426168,0.0,0.0
2007-12-11 00:00:00+05:30,218.58749389648438,219.875,213.375,218.03750610351562,143.296142578125,8444392,0.0,0.0
2007-12-12 00:00:00+05:30,213.75,215.0,207.125,210.71875,138.48623657226562,12351000,0.0,0.0
2007-12-13 00:00:00+05:30,211.75,212.3625030517578,206.53125,207.49374389648438,136.36671447753906,6652856,0.0,0.0
2007-12-14 00:00:00+05:30,206.5,209.33749389648438,204.7624969482422,205.78750610351562,135.2454071044922,4281176,0.0,0.0
2007-12-17 00:00:00+05:30,206.25,207.375,201.5,203.0437469482422,133.44215393066406,7347000,0.0,0.0
2007-12-18 00:00:00+05:30,191.7062530517578,209.375,191.7062530517578,202.24374389648438,132.91635131835938,8413376,0.0,0.0
2007-12-19 00:00:00+05:30,204.3249969482422,206.25,204.0187530517578,204.9250030517578,134.6785430908203,5297880,0.0,0.0
2007-12-20 00:00:00+05:30,205.875,215.0,205.58749389648438,211.94375610351562,139.29127502441406,15204048,0.0,0.0
2007-12-24 00:00:00+05:30,214.8000030517578,227.375,213.75,226.2687530517578,148.70578002929688,16365336,0.0,0.0
2007-12-26 00:00:00+05:30,227.5,228.19375610351562,221.25,227.22500610351562,149.33425903320312,4604376,0.0,0.0
2007-12-27 00:00:00+05:30,228.0,229.85000610351562,224.0187530517578,225.3000030517578,148.06915283203125,8358504,0.0,0.0
2007-12-28 00:00:00+05:30,221.25,226.25,213.7624969482422,224.53125,147.5639190673828,4784160,0.0,0.0
2007-12-31 00:00:00+05:30,225.125,225.625,219.8874969482422,221.2375030517578,145.39926147460938,5272944,0.0,0.0
2008-01-01 00:00:00+05:30,220.8249969482422,222.3249969482422,217.78125,218.3562469482422,143.50570678710938,2001624,0.0,0.0
2008-01-02 00:00:00+05:30,218.75,219.9187469482422,214.0500030517578,218.53750610351562,143.624755859375,6155056,0.0,0.0
2008-01-03 00:00:00+05:30,224.625,224.625,211.25,213.63125610351562,140.4003448486328,12425960,0.0,0.0
2008-01-04 00:00:00+05:30,218.4250030517578,218.4250030517578,210.0,211.8625030517578,139.2379608154297,6166320,0.0,0.0
2008-01-07 00:00:00+05:30,208.75,211.25,202.875,204.6062469482422,134.46905517578125,13254200,0.0,0.0
2008-01-08 00:00:00+05:30,206.875,209.9875030517578,202.7687530517578,207.78125,136.55567932128906,15531264,0.0,0.0
2008-01-09 00:00:00+05:30,206.875,212.375,205.7937469482422,206.61874389648438,135.79164123535156,14714680,0.0,0.0
2008-01-10 00:00:00+05:30,210.9250030517578,211.25,198.5,200.31875610351562,131.65126037597656,15498280,0.0,0.0
2008-01-11 00:00:00+05:30,212.5,217.40625,195.625,197.71875,129.94248962402344,22633144,0.0,0.0
2008-01-14 00:00:00+05:30,199.875,201.25,190.625,191.1875,125.650146484375,16050824,0.0,0.0
2008-01-15 00:00:00+05:30,193.0,194.3625030517578,187.5,187.7624969482422,123.39918518066406,12786224,0.0,0.0
2008-01-16 00:00:00+05:30,187.5,189.875,183.7624969482422,186.91250610351562,122.84053802490234,11127096,0.0,0.0
2008-01-17 00:00:00+05:30,187.5,190.65625,185.625,186.3000030517578,122.43798828125,9699600,0.0,0.0
2008-01-18 00:00:00+05:30,186.625,187.25,181.36874389648438,183.5500030517578,120.63064575195312,8136992,0.0,0.0
2008-01-21 00:00:00+05:30,182.4875030517578,186.25,163.02499389648438,173.8874969482422,114.28042602539062,22169536,0.0,0.0
2008-01-22 00:00:00+05:30,167.5,180.5,156.875,172.6125030517578,113.44248962402344,27680552,0.0,0.0
2008-01-23 00:00:00+05:30,181.125,182.3249969482422,171.52499389648438,177.75,116.81887817382812,17827184,0.0,0.0
2008-01-24 00:00:00+05:30,181.125,187.875,174.375,177.81875610351562,116.86402893066406,13942864,0.0,0.0
2008-01-25 00:00:00+05:30,178.75,192.35000610351562,178.75,189.9812469482422,124.85735321044922,6650192,0.0,0.0
2008-01-28 00:00:00+05:30,184.25,187.5,175.90625,180.7937469482422,118.81922912597656,7788688,0.0,0.0
2008-01-29 00:00:00+05:30,181.25,188.71875,181.25,186.5749969482422,122.61869049072266,9040664,0.0,0.0
2008-01-30 00:00:00+05:30,188.875,188.875,184.03125,186.65625,122.67213439941406,7139816,0.0,0.0
2008-01-31 00:00:00+05:30,187.0,191.8625030517578,183.77499389648438,187.38125610351562,123.14857482910156,17885296,0.0,0.0
2008-02-01 00:00:00+05:30,188.25,201.0,188.25,199.3249969482422,130.9981689453125,11143960,0.0,0.0
2008-02-04 00:00:00+05:30,204.3125,208.11874389648438,200.625,205.00625610351562,134.73191833496094,11361168,0.0,0.0
2008-02-05 00:00:00+05:30,204.625,204.625,198.125,201.16250610351562,132.2057647705078,8020712,0.0,0.0
2008-02-06 00:00:00+05:30,188.125,196.8625030517578,187.5,188.74374389648438,124.04402160644531,9944016,0.0,0.0
2008-02-07 00:00:00+05:30,193.21249389648438,193.21249389648438,184.03125,185.2937469482422,121.77668762207031,4179600,0.0,0.0
2008-02-08 00:00:00+05:30,185.0,197.125,184.875,194.0437469482422,127.52725982666016,13180592,0.0,0.0
2008-02-11 00:00:00+05:30,193.75,200.0,190.03125,194.74374389648438,127.98733520507812,13978800,0.0,0.0
2008-02-12 00:00:00+05:30,195.0,200.0,191.9187469482422,193.15625,126.94396209716797,8462432,0.0,0.0
2008-02-13 00:00:00+05:30,196.25,206.25625610351562,187.6687469482422,193.1750030517578,126.95630645751953,9893968,0.0,0.0
2008-02-14 00:00:00+05:30,190.6875,199.9250030517578,190.6875,193.34375,127.06721496582031,11749944,0.0,0.0
2008-02-15 00:00:00+05:30,192.5,197.5,187.625,195.6750030517578,128.5993194580078,8952256,0.0,0.0
2008-02-18 00:00:00+05:30,196.25,197.375,192.53125,194.3937530517578,127.75728607177734,3266176,0.0,0.0
2008-02-19 00:00:00+05:30,195.0,196.90625,190.8125,194.5625,127.8681411743164,5356392,0.0,0.0
2008-02-20 00:00:00+05:30,196.375,198.72500610351562,194.5625,196.1125030517578,128.88687133789062,7002904,0.0,0.0
2008-02-21 00:00:00+05:30,199.9875030517578,206.25,196.53750610351562,203.44375610351562,133.70506286621094,10366768,0.0,0.0
2008-02-22 00:00:00+05:30,201.5,202.85000610351562,196.44375610351562,197.5812530517578,129.85215759277344,4970504,0.0,0.0
2008-02-25 00:00:00+05:30,199.85000610351562,202.9812469482422,197.875,201.8937530517578,132.6864013671875,7592448,0.0,0.0
2008-02-26 00:00:00+05:30,202.375,209.0,201.25,207.8562469482422,136.60498046875,8402704,0.0,0.0
2008-02-27 00:00:00+05:30,208.125,210.9250030517578,201.8937530517578,202.3625030517578,132.99441528320312,8432760,0.0,0.0
2008-02-28 00:00:00+05:30,201.125,202.5,199.0187530517578,199.9187469482422,131.38839721679688,11706032,0.0,0.0
2008-02-29 00:00:00+05:30,196.25,200.2375030517578,190.125,193.52499389648438,127.1863784790039,7945088,0.0,0.0
2008-03-03 00:00:00+05:30,192.625,192.625,181.25,183.4875030517578,120.58961486816406,12364736,0.0,0.0
2008-03-04 00:00:00+05:30,190.5124969482422,190.5124969482422,176.25,177.38125610351562,116.57652282714844,10798960,0.0,0.0
2008-03-05 00:00:00+05:30,178.125,187.5,175.625,184.85000610351562,121.48506927490234,11396696,0.0,0.0
2008-03-07 00:00:00+05:30,181.25,181.25,175.03750610351562,178.81875610351562,117.52127838134766,9164680,0.0,0.0
2008-03-10 00:00:00+05:30,176.75,184.8249969482422,175.0,178.8874969482422,117.56642150878906,5657136,0.0,0.0
2008-03-11 00:00:00+05:30,179.875,179.875,175.625,178.2937469482422,117.17618560791016,16043424,0.0,0.0
2008-03-12 00:00:00+05:30,184.25,184.375,172.0,173.1437530517578,113.79158782958984,13626184,0.0,0.0
2008-03-13 00:00:00+05:30,172.5,173.10000610351562,163.875,167.21249389648438,109.89354705810547,7881488,0.0,0.0
2008-03-14 00:00:00+05:30,166.875,173.625,166.25,171.27499389648438,112.56340789794922,9622768,0.0,0.0
2008-03-17 00:00:00+05:30,168.5,169.28750610351562,163.875,167.22500610351562,109.9017562866211,5832080,0.0,0.0
2008-03-18 00:00:00+05:30,167.5,170.125,162.5,164.3249969482422,107.9958267211914,14731424,0.0,0.0
2008-03-19 00:00:00+05:30,168.74374389648438,171.625,164.5,167.96249389648438,110.38642120361328,15637216,0.0,0.0
2008-03-24 00:00:00+05:30,169.65625,173.5,167.89999389648438,170.05624389648438,111.76245880126953,13596008,0.0,0.0
2008-03-25 00:00:00+05:30,175.2062530517578,193.3625030517578,173.75,186.53750610351562,122.5941162109375,22739080,0.0,0.0
2008-03-26 00:00:00+05:30,188.125,189.7312469482422,181.3874969482422,187.4375,123.18558502197266,11819184,0.0,0.0
2008-03-27 00:00:00+05:30,186.25625610351562,186.25625610351562,178.2624969482422,180.21875,118.4413833618164,16692504,0.0,0.0
2008-03-28 00:00:00+05:30,179.0,192.33749389648438,177.5,190.14999389648438,124.96829223632812,11829888,0.0,0.0
2008-03-31 00:00:00+05:30,185.25,187.5,175.5124969482422,179.9875030517578,118.28938293457031,20198320,0.0,0.0
2008-04-01 00:00:00+05:30,180.6374969482422,183.0,176.27499389648438,177.88125610351562,116.90512084960938,6289208,0.0,0.0
2008-04-02 00:00:00+05:30,184.375,187.375,183.125,185.35000610351562,121.81365966796875,11152080,0.0,0.0
2008-04-03 00:00:00+05:30,183.7624969482422,191.25,183.7624969482422,190.3125,125.07502746582031,9778160,0.0,0.0
2008-04-04 00:00:00+05:30,183.875,190.875,179.0,185.68124389648438,122.0313491821289,8028032,0.0,0.0
2008-04-07 00:00:00+05:30,187.375,191.0500030517578,184.53125,186.50625610351562,122.57355499267578,16097184,0.0,0.0
2008-04-08 00:00:00+05:30,186.5,186.875,181.53125,183.36874389648438,120.51152801513672,12385648,0.0,0.0
2008-04-09 00:00:00+05:30,183.36874389648438,186.0,181.375,184.99374389648438,121.57955169677734,9028552,0.0,0.0
2008-04-10 00:00:00+05:30,183.125,188.7375030517578,180.375,181.5749969482422,119.33267974853516,17130064,0.0,0.0
2008-04-11 00:00:00+05:30,183.75,185.0,176.625,177.7375030517578,116.81063079833984,24134312,0.0,0.0
2008-04-15 00:00:00+05:30,180.0,190.625,177.5,188.8000030517578,124.08106231689453,36402536,0.0,0.0
2008-04-16 00:00:00+05:30,190.625,201.875,190.0,200.02499389648438,131.4582061767578,30611608,0.0,0.0
2008-04-17 00:00:00+05:30,203.74374389648438,211.25,202.5,207.3874969482422,136.29685974121094,36919280,0.0,0.0
2008-04-21 00:00:00+05:30,209.875,214.625,203.5,205.72500610351562,135.20428466796875,14821992,0.0,0.0
2008-04-22 00:00:00+05:30,203.75,205.6437530517578,197.5,199.8249969482422,131.32676696777344,16797448,0.0,0.0
2008-04-23 00:00:00+05:30,200.0,206.6374969482422,199.6374969482422,205.99374389648438,135.38087463378906,16632104,0.0,0.0
2008-04-24 00:00:00+05:30,206.25,213.4875030517578,204.125,212.00625610351562,139.33238220214844,18346552,0.0,0.0
2008-04-25 00:00:00+05:30,212.49374389648438,214.4499969482422,206.375,210.53750610351562,138.36709594726562,15895984,0.0,0.0
2008-04-28 00:00:00+05:30,211.25,212.5,206.3874969482422,207.9562530517578,136.67068481445312,8629856,0.0,0.0
2008-04-29 00:00:00+05:30,206.25,220.24374389648438,205.1374969482422,218.69375610351562,143.72744750976562,33966768,0.0,0.0
2008-04-30 00:00:00+05:30,220.0,226.25,216.2624969482422,219.1374969482422,144.01910400390625,20999336,0.0,0.0
2008-05-02 00:00:00+05:30,221.875,224.625,221.0437469482422,223.43124389648438,146.84097290039062,17349008,0.0,0.0
2008-05-05 00:00:00+05:30,223.375,226.25,220.5187530517578,223.24374389648438,146.71775817871094,9792280,0.0,0.0
2008-05-06 00:00:00+05:30,220.6999969482422,231.25,217.0,225.93124389648438,148.48397827148438,17782656,0.0,0.0
2008-05-07 00:00:00+05:30,229.6125030517578,232.375,227.3249969482422,230.5187530517578,151.49896240234375,22085248,0.0,0.0
2008-05-08 00:00:00+05:30,225.625,229.375,218.18124389648438,223.0812530517578,146.61094665527344,15537672,0.0,0.0
2008-05-09 00:00:00+05:30,222.625,223.9250030517578,217.125,218.6687469482422,143.71099853515625,14412800,0.0,0.0
2008-05-12 00:00:00+05:30,221.1750030517578,224.875,211.9187469482422,221.6750030517578,145.68673706054688,16301840,0.0,0.0
2008-05-13 00:00:00+05:30,223.125,226.8625030517578,214.375,218.59375,143.6617431640625,18049576,0.0,0.0
2008-05-14 00:00:00+05:30,217.5,229.375,217.5,228.1125030517578,149.91757202148438,16222912,0.0,0.0
2008-05-15 00:00:00+05:30,228.0,238.5625,228.0,236.6374969482422,155.52024841308594,28982432,0.0,0.0
2008-05-16 00:00:00+05:30,237.125,239.40625,232.50625610351562,233.9250030517578,153.73756408691406,16864744,0.0,0.0
2008-05-20 00:00:00+05:30,233.125,239.125,226.875,235.96249389648438,155.0766143798828,13969280,0.0,0.0
2008-05-21 00:00:00+05:30,234.25,235.5,231.75,233.8312530517578,153.67596435546875,8559384,0.0,0.0
2008-05-22 00:00:00+05:30,232.5,237.375,230.875,232.9562530517578,153.1009063720703,12277912,0.0,0.0
2008-05-23 00:00:00+05:30,232.9562530517578,235.5,227.0437469482422,228.59375,150.23382568359375,11698168,0.0,0.0
2008-05-26 00:00:00+05:30,226.25,236.875,223.875,235.63125610351562,154.8589324951172,21397152,0.0,0.0
2008-05-27 00:00:00+05:30,236.25,237.375,233.25,235.3874969482422,154.69869995117188,10323560,0.0,0.0
2008-05-28 00:00:00+05:30,235.375,240.0,234.5625,238.9499969482422,157.04002380371094,15428808,0.0,0.0
2008-05-29 00:00:00+05:30,238.125,238.5625,232.06875610351562,235.68124389648438,157.13172912597656,15898512,3.40625,0.0
2008-05-30 00:00:00+05:30,236.25,247.25,233.125,245.35000610351562,163.5780029296875,27614928,0.0,0.0
2008-06-02 00:00:00+05:30,247.5,253.75,242.5625,243.85000610351562,162.57794189453125,16651424,0.0,0.0
2008-06-03 00:00:00+05:30,240.625,243.77499389648438,235.125,240.28125,160.19857788085938,15588320,0.0,0.0
2008-06-04 00:00:00+05:30,240.0,240.0,231.6374969482422,233.83749389648438,155.90243530273438,12818832,0.0,0.0
2008-06-05 00:00:00+05:30,235.96249389648438,248.375,233.75,247.44375610351562,164.97389221191406,19144816,0.0,0.0
2008-06-06 00:00:00+05:30,250.0,255.8125,247.5749969482422,249.19375610351562,166.1406707763672,14816264,0.0,0.0
2008-06-09 00:00:00+05:30,242.63125610351562,246.25,235.8312530517578,237.6875,158.46929931640625,14026352,0.0,0.0
2008-06-10 00:00:00+05:30,236.25,240.0,224.5625,231.75625610351562,154.5148468017578,23390272,0.0,0.0
2008-06-11 00:00:00+05:30,235.625,238.0,232.77499389648438,236.6062469482422,157.7484588623047,9619728,0.0,0.0
2008-06-12 00:00:00+05:30,229.5124969482422,235.75,228.8874969482422,234.3625030517578,156.2525177001953,12400424,0.0,0.0
2008-06-13 00:00:00+05:30,236.375,239.3625030517578,231.8937530517578,233.3312530517578,155.56497192382812,10279888,0.0,0.0
2008-06-16 00:00:00+05:30,236.9875030517578,242.5,235.0,238.47500610351562,158.99436950683594,12636592,0.0,0.0
2008-06-17 00:00:00+05:30,243.75,243.75,235.49374389648438,238.94375610351562,159.30690002441406,10754704,0.0,0.0
2008-06-18 00:00:00+05:30,239.75,240.59375,231.75,232.80624389648438,155.21490478515625,10401800,0.0,0.0
2008-06-19 00:00:00+05:30,231.75,235.21249389648438,229.56875610351562,232.8000030517578,155.2107696533203,6695264,0.0,0.0
2008-06-20 00:00:00+05:30,233.125,235.6875,227.0,228.375,152.26055908203125,11694864,0.0,0.0
2008-06-23 00:00:00+05:30,226.9499969482422,233.35000610351562,225.1374969482422,230.72500610351562,153.82733154296875,9632840,0.0,0.0
2008-06-24 00:00:00+05:30,230.72500610351562,232.5,220.625,224.30624389648438,149.54788208007812,10872056,0.0,0.0
2008-06-25 00:00:00+05:30,223.75,223.75,212.64999389648438,218.34375,145.5725860595703,22294144,0.0,0.0
2008-06-26 00:00:00+05:30,217.5124969482422,225.0,217.5124969482422,223.1374969482422,148.7686004638672,17161832,0.0,0.0
2008-06-27 00:00:00+05:30,217.5187530517578,220.625,211.875,213.18124389648438,142.1306915283203,11410480,0.0,0.0
2008-06-30 00:00:00+05:30,214.375,218.60000610351562,213.75,217.10000610351562,144.7433624267578,11685696,0.0,0.0
2008-07-01 00:00:00+05:30,218.0,221.125,213.13125610351562,214.625,143.09320068359375,12359840,0.0,0.0
2008-07-02 00:00:00+05:30,215.625,230.5,215.25,227.5749969482422,151.72715759277344,14378920,0.0,0.0
2008-07-03 00:00:00+05:30,225.15625,225.15625,216.5,217.88125610351562,145.26426696777344,12169160,0.0,0.0
2008-07-04 00:00:00+05:30,218.5,223.625,216.4187469482422,219.47500610351562,146.32679748535156,9633904,0.0,0.0
2008-07-07 00:00:00+05:30,222.5,228.125,221.875,224.97500610351562,149.9936981201172,8322808,0.0,0.0
2008-07-08 00:00:00+05:30,222.125,222.125,213.96249389648438,217.0749969482422,144.7266845703125,12996936,0.0,0.0
2008-07-09 00:00:00+05:30,219.5,229.0,219.0,227.7375030517578,151.8355255126953,15005024,0.0,0.0
2008-07-10 00:00:00+05:30,235.625,235.625,222.5,225.65625,150.44789123535156,15071872,0.0,0.0
2008-07-11 00:00:00+05:30,230.625,234.3312530517578,205.1875,209.6062469482422,139.74716186523438,52769872,0.0,0.0
2008-07-14 00:00:00+05:30,207.53125,208.75,192.78750610351562,194.44375610351562,129.63818359375,29510328,0.0,0.0
2008-07-15 00:00:00+05:30,191.875,197.375,187.875,193.0812530517578,128.72975158691406,25855776,0.0,0.0
2008-07-16 00:00:00+05:30,195.14999389648438,197.125,191.0,193.4499969482422,128.9755859375,12527008,0.0,0.0
2008-07-17 00:00:00+05:30,197.5,200.97500610351562,195.6374969482422,197.78750610351562,131.8674774169922,13024680,0.0,0.0
2008-07-18 00:00:00+05:30,198.125,199.875,187.875,193.4250030517578,128.9589080810547,17338848,0.0,0.0
2008-07-21 00:00:00+05:30,191.75,197.96249389648438,190.6374969482422,195.16250610351562,130.11740112304688,10304048,0.0,0.0
2008-07-22 00:00:00+05:30,194.8625030517578,199.78125,193.27499389648438,197.28750610351562,131.53408813476562,9302648,0.0,0.0
2008-07-23 00:00:00+05:30,200.0,206.2624969482422,194.4187469482422,200.28125,133.53009033203125,16016456,0.0,0.0
2008-07-24 00:00:00+05:30,202.625,202.625,185.63125610351562,195.91250610351562,130.6173858642578,22910080,0.0,0.0
2008-07-25 00:00:00+05:30,190.625,197.75,184.3937530517578,193.8312530517578,129.2297821044922,10614584,0.0,0.0
2008-07-28 00:00:00+05:30,194.16250610351562,199.5,190.75,192.43124389648438,128.29635620117188,10468480,0.0,0.0
2008-07-29 00:00:00+05:30,191.22500610351562,193.2375030517578,188.4875030517578,192.58749389648438,128.4005584716797,8414120,0.0,0.0
2008-07-30 00:00:00+05:30,195.0124969482422,201.21875,194.25,200.25625610351562,133.51341247558594,14986328,0.0,0.0
2008-07-31 00:00:00+05:30,201.0,201.5,195.0437469482422,197.93124389648438,131.96334838867188,19956728,0.0,0.0
2008-08-01 00:00:00+05:30,195.0,205.8125,193.125,204.93124389648438,136.6302947998047,10149664,0.0,0.0
2008-08-04 00:00:00+05:30,204.75,210.49374389648438,203.0,207.3562469482422,138.2470703125,9726304,0.0,0.0
2008-08-05 00:00:00+05:30,207.3562469482422,211.94375610351562,202.2624969482422,209.81875610351562,139.88885498046875,14116240,0.0,0.0
2008-08-06 00:00:00+05:30,212.875,215.625,205.96249389648438,212.4187469482422,141.62229919433594,26720328,0.0,0.0
2008-08-07 00:00:00+05:30,212.875,216.75,210.25,215.7687530517578,143.85580444335938,7737432,0.0,0.0
2008-08-08 00:00:00+05:30,208.1687469482422,214.96875,208.1687469482422,209.9499969482422,139.97634887695312,9523408,0.0,0.0
2008-08-11 00:00:00+05:30,211.875,214.625,207.0749969482422,208.8000030517578,139.20960998535156,13456128,0.0,0.0
2008-08-12 00:00:00+05:30,206.88125610351562,212.10000610351562,198.1999969482422,200.4875030517578,133.6676025390625,26516792,0.0,0.0
2008-08-13 00:00:00+05:30,199.9250030517578,204.25,198.39999389648438,203.24374389648438,135.50521850585938,13614136,0.0,0.0
2008-08-14 00:00:00+05:30,205.0,213.0500030517578,202.375,211.6875,141.13475036621094,16376056,0.0,0.0
2008-08-18 00:00:00+05:30,212.625,217.125,211.8937530517578,213.0437469482422,142.03904724121094,9670840,0.0,0.0
2008-08-19 00:00:00+05:30,213.875,214.33749389648438,210.4187469482422,211.59375,141.072265625,6709328,0.0,0.0
2008-08-20 00:00:00+05:30,210.03125,213.71249389648438,210.03125,212.41250610351562,141.6181182861328,4518864,0.0,0.0
2008-08-21 00:00:00+05:30,212.5,212.875,206.58749389648438,207.68124389648438,138.46376037597656,4685448,0.0,0.0
2008-08-22 00:00:00+05:30,207.4875030517578,212.83749389648438,205.77499389648438,212.0625,141.38478088378906,8749992,0.0,0.0
2008-08-25 00:00:00+05:30,217.5,218.125,212.625,213.30624389648438,142.21401977539062,2461128,0.0,0.0
2008-08-26 00:00:00+05:30,215.0124969482422,217.4812469482422,211.25,212.25,141.50978088378906,18578752,0.0,0.0
2008-08-27 00:00:00+05:30,212.75,214.875,212.0625,213.52499389648438,142.35983276367188,10978448,0.0,0.0
2008-08-28 00:00:00+05:30,214.125,214.625,212.0,212.4250030517578,141.62646484375,11480800,0.0,0.0
2008-08-29 00:00:00+05:30,213.625,218.75,213.625,218.6374969482422,145.7684326171875,9186688,0.0,0.0
2008-09-01 00:00:00+05:30,218.75,220.83749389648438,212.7375030517578,215.41250610351562,143.6182861328125,11153904,0.0,0.0
2008-09-02 00:00:00+05:30,218.625,222.75,215.1687469482422,221.90625,147.94775390625,8403728,0.0,0.0
2008-09-04 00:00:00+05:30,220.1374969482422,225.625,218.9499969482422,223.625,149.0936737060547,21589384,0.0,0.0
2008-09-05 00:00:00+05:30,222.49374389648438,222.49374389648438,213.3125,214.03750610351562,142.70156860351562,11020920,0.0,0.0
2008-09-08 00:00:00+05:30,219.125,220.25,216.9187469482422,218.75625610351562,145.84759521484375,9518400,0.0,0.0
2008-09-09 00:00:00+05:30,218.4812469482422,219.75,214.64999389648438,218.68124389648438,145.797607421875,9329816,0.0,0.0
2008-09-10 00:00:00+05:30,217.40625,221.53125,215.14999389648438,219.96875,146.65602111816406,10927472,0.0,0.0
2008-09-11 00:00:00+05:30,218.53125,220.0,216.5437469482422,218.8312530517578,145.8976593017578,13265864,0.0,0.0
2008-09-12 00:00:00+05:30,219.125,219.125,204.65625,205.5,137.00949096679688,24315128,0.0,0.0
2008-09-15 00:00:00+05:30,205.0,205.0,190.25,197.2687530517578,131.5216064453125,17211760,0.0,0.0
2008-09-16 00:00:00+05:30,191.25625610351562,198.25,188.75,195.8000030517578,130.54237365722656,15700792,0.0,0.0
2008-09-17 00:00:00+05:30,197.5,205.86874389648438,196.25,197.375,131.5924530029297,18332656,0.0,0.0
2008-09-18 00:00:00+05:30,188.7624969482422,195.0,177.65625,190.6750030517578,127.12548065185547,26780192,0.0,0.0
2008-09-19 00:00:00+05:30,196.875,205.7375030517578,194.5,203.11874389648438,135.42184448242188,31199944,0.0,0.0
2008-09-22 00:00:00+05:30,205.625,207.5437469482422,201.0,203.7375030517578,135.8344268798828,12823792,0.0,0.0
2008-09-23 00:00:00+05:30,200.0,203.0,192.0124969482422,192.99374389648438,128.67141723632812,13378256,0.0,0.0
2008-09-24 00:00:00+05:30,193.75,195.97500610351562,186.25,190.53750610351562,127.03380584716797,19385704,0.0,0.0
2008-09-25 00:00:00+05:30,191.25625610351562,191.25625610351562,186.38125610351562,188.3562469482422,125.57952880859375,18414264,0.0,0.0
2008-09-26 00:00:00+05:30,187.75,188.3562469482422,179.50625610351562,180.8625030517578,120.5833511352539,9755960,0.0,0.0
2008-09-29 00:00:00+05:30,180.6374969482422,181.5,170.75,174.16250610351562,116.11637878417969,17209792,0.0,0.0
2008-09-30 00:00:00+05:30,171.25,181.71249389648438,165.0,174.75625610351562,116.51225280761719,23483064,0.0,0.0
2008-10-01 00:00:00+05:30,178.125,183.375,176.875,181.16250610351562,120.78340148925781,26368016,0.0,0.0
2008-10-03 00:00:00+05:30,179.125,180.0,172.5,173.9875030517578,115.99969482421875,13768264,0.0,0.0
2008-10-06 00:00:00+05:30,170.0,173.75,159.375,164.8312530517578,109.89511108398438,12918216,0.0,0.0
2008-10-07 00:00:00+05:30,167.0187530517578,171.625,158.2687530517578,162.72500610351562,108.49083709716797,18535736,0.0,0.0
2008-10-08 00:00:00+05:30,162.5,162.5,149.03125,156.78125,104.52806854248047,22855192,0.0,0.0
2008-10-10 00:00:00+05:30,150.0,160.0,130.0,153.14999389648438,102.10707092285156,37255704,0.0,0.0
2008-10-13 00:00:00+05:30,156.25,170.0,152.5,164.81875610351562,109.88675689697266,19877088,0.0,0.0
2008-10-14 00:00:00+05:30,173.125,176.4375,168.75,174.74374389648438,116.50390625,15414536,0.0,0.0
2008-10-15 00:00:00+05:30,172.5,172.5,163.625,166.9250030517578,111.29106903076172,12564520,0.0,0.0
2008-10-16 00:00:00+05:30,162.5,162.5,150.39999389648438,157.875,106.05142974853516,13400072,1.25,0.0
2008-10-17 00:00:00+05:30,159.38125610351562,163.625,148.78125,150.34375,100.99238586425781,12160624,0.0,0.0
2008-10-20 00:00:00+05:30,155.0,163.86874389648438,152.625,161.81875610351562,108.70062255859375,11699384,0.0,0.0
2008-10-21 00:00:00+05:30,165.0,174.25,162.875,168.4499969482422,113.15511322021484,18240528,0.0,0.0
2008-10-22 00:00:00+05:30,165.25,166.16250610351562,160.31875610351562,162.44375610351562,109.1204833984375,15020952,0.0,0.0
2008-10-23 00:00:00+05:30,159.875,169.8000030517578,154.4562530517578,160.40625,107.75177001953125,20359160,0.0,0.0
2008-10-24 00:00:00+05:30,156.16250610351562,162.5,150.0,155.7624969482422,104.63236999511719,18683728,0.0,0.0
2008-10-27 00:00:00+05:30,153.75,161.25,145.0,156.47500610351562,105.11100769042969,20009112,0.0,0.0
2008-10-29 00:00:00+05:30,165.6687469482422,168.75,160.0,163.0437469482422,109.52349090576172,24898056,0.0,0.0
2008-10-31 00:00:00+05:30,166.86874389648438,179.9875030517578,166.86874389648438,173.61874389648438,116.62718963623047,31084944,0.0,0.0
2008-11-03 00:00:00+05:30,175.1374969482422,180.875,168.8125,172.3249969482422,115.75813293457031,18262272,0.0,0.0
2008-11-04 00:00:00+05:30,168.75,172.24374389648438,160.625,166.4875030517578,111.83683013916016,22243704,0.0,0.0
2008-11-05 00:00:00+05:30,168.625,174.375,162.8874969482422,165.25,111.00556182861328,17302080,0.0,0.0
2008-11-06 00:00:00+05:30,161.875,164.75,153.75625610351562,155.71249389648438,104.59878540039062,13453256,0.0,0.0
2008-11-07 00:00:00+05:30,154.375,161.25,150.2687530517578,157.85000610351562,106.0346450805664,10109256,0.0,0.0
2008-11-10 00:00:00+05:30,160.625,169.3625030517578,154.625,167.3125,112.39099884033203,10322104,0.0,0.0
2008-11-11 00:00:00+05:30,167.3125,168.5500030517578,155.78750610351562,157.08749389648438,105.52246856689453,9235216,0.0,0.0
2008-11-12 00:00:00+05:30,151.875,163.3562469482422,151.875,157.43124389648438,105.75334930419922,13394360,0.0,0.0
2008-11-14 00:00:00+05:30,160.125,161.83749389648438,148.5,151.64999389648438,101.86985778808594,16017160,0.0,0.0
2008-11-17 00:00:00+05:30,151.875,155.5,146.40625,154.0500030517578,103.48202514648438,18043056,0.0,0.0
2008-11-18 00:00:00+05:30,152.5,152.5,146.25,147.5625,99.12409210205078,15308640,0.0,0.0
2008-11-19 00:00:00+05:30,147.75,150.0,140.7937469482422,146.58749389648438,98.4691390991211,22541064,0.0,0.0
2008-11-20 00:00:00+05:30,144.8125,144.8125,137.6374969482422,140.2312469482422,94.19938659667969,11597904,0.0,0.0
2008-11-21 00:00:00+05:30,140.0,150.0,136.25,148.0812530517578,99.47254180908203,12197704,0.0,0.0
2008-11-24 00:00:00+05:30,141.875,152.47500610351562,141.875,149.52499389648438,100.44237518310547,14039264,0.0,0.0
2008-11-25 00:00:00+05:30,148.13125610351562,154.6125030517578,146.9499969482422,147.74374389648438,99.24581909179688,9909928,0.0,0.0
2008-11-26 00:00:00+05:30,147.375,149.375,142.7687530517578,148.3874969482422,99.67829132080078,14369440,0.0,0.0
2008-11-27 00:00:00+05:30,148.3874969482422,148.3874969482422,148.3874969482422,148.3874969482422,99.67829132080078,0,0.0,0.0
2008-11-28 00:00:00+05:30,146.2687530517578,156.875,140.0124969482422,155.4812469482422,104.44345092773438,24031424,0.0,0.0
2008-12-01 00:00:00+05:30,156.25,162.33749389648438,152.25,153.89999389648438,103.38125610351562,18738696,0.0,0.0
2008-12-02 00:00:00+05:30,153.0,153.0,147.125,151.0437469482422,101.46260833740234,12814328,0.0,0.0
2008-12-03 00:00:00+05:30,150.5,152.75,142.5,144.56875610351562,97.11309051513672,17869336,0.0,0.0
2008-12-04 00:00:00+05:30,145.0,149.74374389648438,143.5437469482422,149.0500030517578,100.12330627441406,11324040,0.0,0.0
2008-12-05 00:00:00+05:30,149.0,149.0,140.3249969482422,141.8125,95.2615737915039,12210128,0.0,0.0
2008-12-08 00:00:00+05:30,144.39999389648438,148.75,142.2624969482422,144.71875,97.21382141113281,23661144,0.0,0.0
2008-12-10 00:00:00+05:30,148.1125030517578,150.83749389648438,144.8874969482422,146.71875,98.55733489990234,22436400,0.0,0.0
2008-12-11 00:00:00+05:30,147.1062469482422,147.21249389648438,140.28750610351562,141.8625030517578,95.295166015625,16501136,0.0,0.0
2008-12-12 00:00:00+05:30,140.0,140.0,134.64999389648438,138.1062469482422,92.77190399169922,13078352,0.0,0.0
2008-12-15 00:00:00+05:30,140.0,142.25,136.25625610351562,137.78750610351562,92.55779266357422,13738152,0.0,0.0
2008-12-16 00:00:00+05:30,137.875,141.625,135.63125610351562,140.60000610351562,94.44709777832031,8900720,0.0,0.0
2008-12-17 00:00:00+05:30,142.4562530517578,147.0,140.375,142.69375610351562,95.85354614257812,24437040,0.0,0.0
2008-12-18 00:00:00+05:30,143.125,148.0500030517578,143.125,147.13125610351562,98.83441162109375,12669424,0.0,0.0
2008-12-19 00:00:00+05:30,147.6374969482422,150.0,143.65625,148.91250610351562,100.03096008300781,12520736,0.0,0.0
2008-12-22 00:00:00+05:30,150.0,150.625,145.7624969482422,148.35000610351562,99.65309143066406,8749184,0.0,0.0
2008-12-23 00:00:00+05:30,146.97500610351562,148.75,145.4499969482422,147.00625610351562,98.75042724609375,7100208,0.0,0.0
2008-12-24 00:00:00+05:30,147.5,152.78125,145.96249389648438,146.75,98.57833862304688,8551056,0.0,0.0
2008-12-26 00:00:00+05:30,144.63125610351562,148.60000610351562,138.125,138.65625,93.14137268066406,11889320,0.0,0.0
2008-12-29 00:00:00+05:30,138.75625610351562,139.9499969482422,133.125,139.21875,93.5192642211914,14264688,0.0,0.0
2008-12-30 00:00:00+05:30,140.25,141.7312469482422,136.3937530517578,140.9875030517578,94.7073745727539,8457504,0.0,0.0
2008-12-31 00:00:00+05:30,141.875,142.375,137.8874969482422,139.43124389648438,93.6619644165039,7221320,0.0,0.0
2009-01-02 00:00:00+05:30,145.625,145.625,140.47500610351562,141.5124969482422,95.06005096435547,9012080,0.0,0.0
2009-01-05 00:00:00+05:30,142.5,148.08749389648438,142.46249389648438,146.60000610351562,98.47754669189453,11241232,0.0,0.0
2009-01-06 00:00:00+05:30,147.5,148.75,143.1687469482422,146.06875610351562,98.1207046508789,11563864,0.0,0.0
2009-01-07 00:00:00+05:30,146.3937530517578,149.69375610351562,143.1999969482422,148.44375610351562,99.71607971191406,22538352,0.0,0.0
2009-01-09 00:00:00+05:30,148.2624969482422,158.3249969482422,146.25,150.4250030517578,101.04695892333984,40182160,0.0,0.0
2009-01-12 00:00:00+05:30,143.9562530517578,151.24374389648438,142.28125,144.96249389648438,97.3775405883789,31269176,0.0,0.0
2009-01-13 00:00:00+05:30,147.49374389648438,155.3000030517578,139.875,153.5187530517578,103.12515258789062,43956656,0.0,0.0
2009-01-14 00:00:00+05:30,153.1875,164.25,153.1875,162.9499969482422,109.46054077148438,41551264,0.0,0.0
2009-01-15 00:00:00+05:30,157.5,157.9875030517578,151.875,156.46249389648438,105.10257720947266,25359176,0.0,0.0
2009-01-16 00:00:00+05:30,157.25,159.2375030517578,155.0,158.4250030517578,106.4209213256836,12717272,0.0,0.0
2009-01-19 00:00:00+05:30,158.375,159.09375,155.06875610351562,157.75625610351562,105.97167205810547,9543688,0.0,0.0
2009-01-20 00:00:00+05:30,155.0,157.125,153.75,156.46875,105.10679626464844,4974688,0.0,0.0
2009-01-21 00:00:00+05:30,153.875,156.4375,151.75,152.9812469482422,102.76408386230469,7770736,0.0,0.0
2009-01-22 00:00:00+05:30,154.375,154.875,150.375,153.8625030517578,103.35607147216797,8776080,0.0,0.0
2009-01-23 00:00:00+05:30,151.25,153.35000610351562,148.81875610351562,150.5812530517578,101.15191650390625,11625024,0.0,0.0
2009-01-27 00:00:00+05:30,152.375,157.5,151.875,156.5124969482422,105.13619232177734,10507184,0.0,0.0
2009-01-28 00:00:00+05:30,157.875,162.0,156.25,160.83749389648438,108.04146575927734,7187848,0.0,0.0
2009-01-29 00:00:00+05:30,161.25,164.875,160.875,163.7687530517578,110.01052856445312,26001752,0.0,0.0
2009-01-30 00:00:00+05:30,162.625,164.25,160.875,163.3312530517578,109.7166519165039,11631672,0.0,0.0
2009-02-02 00:00:00+05:30,161.5,162.125,158.49374389648438,159.9562530517578,107.44953155517578,16870008,0.0,0.0
2009-02-03 00:00:00+05:30,160.75,162.75,157.5749969482422,160.3125,107.68882751464844,16125072,0.0,0.0
2009-02-04 00:00:00+05:30,160.625,163.27499389648438,159.5437469482422,160.2062530517578,107.61744689941406,7574304,0.0,0.0
2009-02-05 00:00:00+05:30,160.75,161.875,154.6875,156.9812469482422,105.45108795166016,17537624,0.0,0.0
2009-02-06 00:00:00+05:30,157.3625030517578,162.1750030517578,156.0,161.1125030517578,108.22624206542969,14020016,0.0,0.0
2009-02-09 00:00:00+05:30,158.5,165.0,158.5,164.0124969482422,110.17427825927734,11513640,0.0,0.0
2009-02-10 00:00:00+05:30,164.3125,165.625,161.875,163.5500030517578,109.86357879638672,13367760,0.0,0.0
2009-02-11 00:00:00+05:30,161.25,163.1125030517578,160.0,162.7375030517578,109.31781005859375,7057024,0.0,0.0
2009-02-12 00:00:00+05:30,161.875,161.875,156.2624969482422,156.81875610351562,105.3419189453125,11242656,0.0,0.0
2009-02-13 00:00:00+05:30,158.74374389648438,159.99374389648438,155.50625610351562,156.4562530517578,105.09839630126953,12791336,0.0,0.0
2009-02-16 00:00:00+05:30,157.49374389648438,157.5,151.8874969482422,152.68124389648438,102.5625991821289,11885736,0.0,0.0
2009-02-17 00:00:00+05:30,151.0,152.35000610351562,145.625,146.74374389648438,98.57408142089844,15025184,0.0,0.0
2009-02-18 00:00:00+05:30,147.3125,148.5,139.4187469482422,147.35000610351562,98.9813232421875,11096656,0.0,0.0
2009-02-19 00:00:00+05:30,146.875,151.71249389648438,146.5,151.1062469482422,101.50457763671875,9882800,0.0,0.0
2009-02-20 00:00:00+05:30,148.75,149.5437469482422,145.625,147.1437530517578,98.8427734375,7635856,0.0,0.0
2009-02-24 00:00:00+05:30,144.375,149.0,143.1875,148.19375610351562,99.54813385009766,7708808,0.0,0.0
2009-02-25 00:00:00+05:30,149.0,153.05624389648438,148.75,152.18124389648438,102.2267074584961,10625008,0.0,0.0
2009-02-26 00:00:00+05:30,150.5,155.0,150.0,154.5,103.78430938720703,16571848,0.0,0.0
2009-02-27 00:00:00+05:30,153.46249389648438,154.7312469482422,150.46875,153.90625,103.38545989990234,13326776,0.0,0.0
2009-03-02 00:00:00+05:30,152.25,153.47500610351562,148.75,152.38125610351562,102.36105346679688,11820592,0.0,0.0
2009-03-03 00:00:00+05:30,150.75,152.47500610351562,148.93124389648438,149.6999969482422,100.5599365234375,8818448,0.0,0.0
2009-03-04 00:00:00+05:30,150.125,152.125,147.5,149.89999389648438,100.69428253173828,8641608,0.0,0.0
2009-03-05 00:00:00+05:30,150.625,153.10000610351562,146.9499969482422,147.74374389648438,99.24581909179688,6939760,0.0,0.0
2009-03-06 00:00:00+05:30,147.75,154.75,143.9375,152.4187469482422,102.38623046875,10278952,0.0,0.0
2009-03-09 00:00:00+05:30,150.6374969482422,152.0,148.7624969482422,150.25625610351562,100.93360900878906,9863440,0.0,0.0
2009-03-12 00:00:00+05:30,151.5124969482422,156.9812469482422,151.375,153.47500610351562,103.09574127197266,16502352,0.0,0.0
2009-03-13 00:00:00+05:30,156.1750030517578,162.49374389648438,155.0,162.13125610351562,108.91056060791016,14660976,0.0,0.0
2009-03-16 00:00:00+05:30,162.875,162.875,158.6374969482422,160.97500610351562,108.13383483886719,13499264,0.0,0.0
2009-03-17 00:00:00+05:30,160.5,160.5,157.125,158.1875,106.2613525390625,9897992,0.0,0.0
2009-03-18 00:00:00+05:30,158.125,162.75,158.125,159.75625610351562,107.31517028808594,14668304,0.0,0.0
2009-03-19 00:00:00+05:30,160.625,163.8249969482422,158.75,162.14999389648438,108.9231185913086,13425064,0.0,0.0
2009-03-20 00:00:00+05:30,165.4250030517578,165.4250030517578,160.625,162.02499389648438,108.83916473388672,9503144,0.0,0.0
2009-03-23 00:00:00+05:30,162.52499389648438,167.49374389648438,161.89999389648438,166.41250610351562,111.78645324707031,12242840,0.0,0.0
2009-03-24 00:00:00+05:30,168.125,170.03125,163.8874969482422,165.09375,110.90055084228516,10746656,0.0,0.0
2009-03-25 00:00:00+05:30,164.03125,168.75,164.03125,167.36874389648438,112.42879486083984,13099280,0.0,0.0
2009-03-26 00:00:00+05:30,168.125,174.6374969482422,167.77499389648438,172.3937530517578,115.80432891845703,23946120,0.0,0.0
2009-03-27 00:00:00+05:30,171.875,173.25,166.25625610351562,168.1125030517578,112.92838287353516,16699616,0.0,0.0
2009-03-30 00:00:00+05:30,165.0,166.125,158.2062530517578,162.66250610351562,109.26740264892578,12393408,0.0,0.0
2009-03-31 00:00:00+05:30,163.75,167.4875030517578,162.625,165.4875030517578,111.16506958007812,12775224,0.0,0.0
2009-04-01 00:00:00+05:30,166.3937530517578,172.49374389648438,163.1687469482422,171.71875,115.35089111328125,12438888,0.0,0.0
2009-04-02 00:00:00+05:30,174.5,179.375,172.81875610351562,177.4250030517578,119.18399810791016,15717736,0.0,0.0
2009-04-06 00:00:00+05:30,180.40625,183.625,173.00625610351562,176.75625610351562,118.73482513427734,13856976,0.0,0.0
2009-04-08 00:00:00+05:30,173.75625610351562,179.3312530517578,169.5625,178.1437530517578,119.66686248779297,19805776,0.0,0.0
2009-04-09 00:00:00+05:30,179.375,179.6125030517578,174.5,178.375,119.8221664428711,15061688,0.0,0.0
2009-04-13 00:00:00+05:30,179.375,183.36874389648438,172.14999389648438,176.16250610351562,118.33599853515625,18836512,0.0,0.0
2009-04-15 00:00:00+05:30,168.5,172.75,162.5187530517578,171.3249969482422,115.08635711669922,44636272,0.0,0.0
2009-04-16 00:00:00+05:30,171.5,175.0,165.0,168.14999389648438,112.95360565185547,27307312,0.0,0.0
2009-04-17 00:00:00+05:30,168.75,177.60000610351562,168.75,174.66250610351562,117.32835388183594,23499408,0.0,0.0
2009-04-20 00:00:00+05:30,173.13125610351562,176.25,171.625,174.18124389648438,117.0050277709961,14932696,0.0,0.0
2009-04-21 00:00:00+05:30,172.375,173.7375030517578,169.375,170.30624389648438,114.40203094482422,8013864,0.0,0.0
2009-04-22 00:00:00+05:30,170.25,173.5,169.4375,172.6374969482422,115.9680404663086,10622240,0.0,0.0
2009-04-23 00:00:00+05:30,171.3937530517578,182.46249389648438,169.5500030517578,181.30624389648438,121.79122161865234,12194592,0.0,0.0
2009-04-24 00:00:00+05:30,180.1374969482422,182.25,175.56875610351562,181.0749969482422,121.63591003417969,11411288,0.0,0.0
2009-04-27 00:00:00+05:30,180.9875030517578,181.2375030517578,176.875,179.4875030517578,120.56951904296875,9638104,0.0,0.0
2009-04-28 00:00:00+05:30,178.75,183.6374969482422,177.25,178.84375,120.13709259033203,9435696,0.0,0.0
2009-04-29 00:00:00+05:30,180.0,189.7062530517578,178.7937469482422,188.65625,126.72856140136719,15414232,0.0,0.0
2009-04-30 00:00:00+05:30,188.65625,188.65625,188.65625,188.65625,126.72856140136719,0,0.0,0.0
2009-05-04 00:00:00+05:30,190.0124969482422,204.4875030517578,190.0124969482422,203.52499389648438,136.71649169921875,20014080,0.0,0.0
2009-05-05 00:00:00+05:30,201.94375610351562,203.125,193.78750610351562,197.75625610351562,132.8413543701172,18430600,0.0,0.0
2009-05-06 00:00:00+05:30,196.9375,201.125,193.4875030517578,196.65625,132.1024627685547,14468192,0.0,0.0
2009-05-07 00:00:00+05:30,196.25,196.74374389648438,191.16250610351562,194.09375,130.38111877441406,14538144,0.0,0.0
2009-05-08 00:00:00+05:30,193.625,196.375,187.64999389648438,190.08749389648438,127.68994903564453,12951168,0.0,0.0
2009-05-11 00:00:00+05:30,190.0,192.33749389648438,186.52499389648438,189.7062530517578,127.43386840820312,6537800,0.0,0.0
2009-05-12 00:00:00+05:30,188.125,200.625,187.9499969482422,199.80624389648438,134.21844482421875,14131776,0.0,0.0
2009-05-13 00:00:00+05:30,200.03125,200.03125,195.0,196.74374389648438,132.16128540039062,7508488,0.0,0.0
2009-05-14 00:00:00+05:30,192.5,198.5,191.6125030517578,195.89999389648438,131.59446716308594,8547272,0.0,0.0
2009-05-15 00:00:00+05:30,196.375,200.875,195.06875610351562,199.10000610351562,133.74407958984375,8377648,0.0,0.0
2009-05-18 00:00:00+05:30,213.125,238.8625030517578,210.125,225.0124969482422,151.1505584716797,139624,0.0,0.0
2009-05-19 00:00:00+05:30,213.90625,224.375,193.5,194.86874389648438,130.90174865722656,44417904,0.0,0.0
2009-05-20 00:00:00+05:30,194.75,201.0,189.4187469482422,191.3625030517578,128.54647827148438,33408600,0.0,0.0
2009-05-21 00:00:00+05:30,190.125,194.375,186.5,187.8000030517578,126.15333557128906,19423488,0.0,0.0
2009-05-22 00:00:00+05:30,186.25,191.125,185.63125610351562,190.28750610351562,127.8243179321289,9119160,0.0,0.0
2009-05-25 00:00:00+05:30,191.25,191.25,186.31875610351562,188.88125610351562,126.87965393066406,10456560,0.0,0.0
2009-05-26 00:00:00+05:30,190.5124969482422,195.0749969482422,188.8874969482422,193.4562530517578,129.95294189453125,11653664,0.0,0.0
2009-05-27 00:00:00+05:30,195.25,199.625,194.5187530517578,198.5187530517578,133.3535614013672,9898848,0.0,0.0
2009-05-28 00:00:00+05:30,189.69375610351562,203.625,189.69375610351562,197.375,132.58526611328125,20866896,0.0,0.0
2009-05-29 00:00:00+05:30,198.59375,201.875,196.875,200.6374969482422,134.7769012451172,13918392,0.0,0.0
2009-06-01 00:00:00+05:30,201.9187469482422,210.71249389648438,200.6687469482422,209.5625,140.77220153808594,13187728,0.0,0.0
2009-06-02 00:00:00+05:30,212.4812469482422,213.5,207.875,211.0812530517578,141.79238891601562,10426160,0.0,0.0
2009-06-03 00:00:00+05:30,211.03125,213.5,201.64999389648438,205.1875,137.83331298828125,13714024,0.0,0.0
2009-06-04 00:00:00+05:30,204.35000610351562,206.1750030517578,200.125,203.7375030517578,137.994140625,10945016,1.6875,0.0
2009-06-05 00:00:00+05:30,206.5,214.375,204.375,212.3625030517578,143.83595275878906,16594680,0.0,0.0
2009-06-08 00:00:00+05:30,212.25,219.0,211.5,217.7624969482422,147.49346923828125,11278384,0.0,0.0
2009-06-09 00:00:00+05:30,216.25,225.0,215.02499389648438,224.35000610351562,151.95529174804688,16875544,0.0,0.0
2009-06-10 00:00:00+05:30,223.75,229.75,220.375,226.10000610351562,153.14056396484375,17733368,0.0,0.0
2009-06-11 00:00:00+05:30,230.5500030517578,230.5500030517578,215.0749969482422,218.86874389648438,148.2427520751953,16257800,0.0,0.0
2009-06-12 00:00:00+05:30,220.125,221.875,214.125,216.05624389648438,146.3377685546875,9467072,0.0,0.0
2009-06-15 00:00:00+05:30,215.6125030517578,221.99374389648438,210.5187530517578,214.3874969482422,145.20755004882812,16612752,0.0,0.0
2009-06-16 00:00:00+05:30,213.5,216.86874389648438,210.625,215.5812530517578,146.01605224609375,9519696,0.0,0.0
2009-06-17 00:00:00+05:30,212.25,217.7624969482422,209.5437469482422,213.93124389648438,144.8985137939453,13470704,0.0,0.0
2009-06-18 00:00:00+05:30,211.5,220.25,210.7062530517578,215.71875,146.10923767089844,12714408,0.0,0.0
2009-06-19 00:00:00+05:30,216.0,223.1374969482422,214.6437530517578,221.3000030517578,149.8894805908203,14974920,0.0,0.0
2009-06-22 00:00:00+05:30,222.52499389648438,223.64999389648438,218.5,220.8000030517578,149.5508270263672,9418608,0.0,0.0
2009-06-23 00:00:00+05:30,217.65625,221.2375030517578,212.625,218.4187469482422,147.9379425048828,12632032,0.0,0.0
2009-06-24 00:00:00+05:30,218.7937469482422,221.8625030517578,215.27499389648438,219.69375610351562,148.80154418945312,10190424,0.0,0.0
2009-06-25 00:00:00+05:30,220.5625,224.72500610351562,218.52499389648438,219.8874969482422,148.93275451660156,13230880,0.0,0.0
2009-06-26 00:00:00+05:30,223.125,230.0,219.375,228.3874969482422,154.68994140625,12946176,0.0,0.0
2009-06-29 00:00:00+05:30,232.4875030517578,258.75,221.375,222.86874389648438,150.95199584960938,9795432,0.0,0.0
2009-06-30 00:00:00+05:30,224.375,224.875,219.77499389648438,222.0625,150.40594482421875,8956848,0.0,0.0
2009-07-01 00:00:00+05:30,221.31875610351562,226.46875,220.5749969482422,224.39999389648438,151.98912048339844,7992144,0.0,0.0
2009-07-02 00:00:00+05:30,223.8937530517578,225.5,220.6374969482422,224.5812530517578,152.11190795898438,8419040,0.0,0.0
2009-07-03 00:00:00+05:30,223.14999389648438,227.0,218.4562530517578,225.6437530517578,152.8315887451172,8891848,0.0,0.0
2009-07-06 00:00:00+05:30,226.25,227.4250030517578,218.7937469482422,220.14999389648438,149.11053466796875,13548688,0.0,0.0
2009-07-07 00:00:00+05:30,224.625,224.625,215.625,217.2375030517578,147.13787841796875,12685960,0.0,0.0
2009-07-08 00:00:00+05:30,216.125,217.25,211.25,213.3000030517578,144.47093200683594,9024592,0.0,0.0
2009-07-09 00:00:00+05:30,213.75,213.75,208.75,209.69375610351562,142.02842712402344,10921792,0.0,0.0
2009-07-10 00:00:00+05:30,212.5,221.22500610351562,208.125,215.1437530517578,145.7197265625,24205400,0.0,0.0
2009-07-13 00:00:00+05:30,214.10000610351562,221.8625030517578,212.6374969482422,221.2624969482422,149.86404418945312,8249000,0.0,0.0
2009-07-14 00:00:00+05:30,221.2375030517578,227.49374389648438,218.8874969482422,226.47500610351562,153.3945770263672,11646872,0.0,0.0
2009-07-15 00:00:00+05:30,225.2062530517578,227.93124389648438,219.375,223.9562530517578,151.68858337402344,15574832,0.0,0.0
2009-07-16 00:00:00+05:30,225.0,227.1999969482422,220.8625030517578,224.3874969482422,151.98069763183594,9393272,0.0,0.0
2009-07-17 00:00:00+05:30,225.28125,234.25,225.25,233.28750610351562,158.00877380371094,12571528,0.0,0.0
2009-07-20 00:00:00+05:30,233.7624969482422,249.25,233.7624969482422,246.4250030517578,166.90696716308594,20075736,0.0,0.0
2009-07-21 00:00:00+05:30,245.6125030517578,246.25,240.69375610351562,242.8937530517578,164.5151824951172,14524536,0.0,0.0
2009-07-22 00:00:00+05:30,242.8937530517578,246.85000610351562,236.5812530517578,239.97500610351562,162.538330078125,15314264,0.0,0.0
2009-07-23 00:00:00+05:30,240.0,247.31875610351562,240.0,244.84375,165.83596801757812,17288488,0.0,0.0
2009-07-24 00:00:00+05:30,245.0124969482422,252.125,245.0124969482422,250.4562530517578,169.63735961914062,14041208,0.0,0.0
2009-07-27 00:00:00+05:30,250.0,255.6125030517578,249.41250610351562,253.4875030517578,171.6904754638672,10443320,0.0,0.0
2009-07-28 00:00:00+05:30,251.875,254.81875610351562,245.875,249.63125610351562,169.07862854003906,14101128,0.0,0.0
2009-07-29 00:00:00+05:30,245.03750610351562,249.7375030517578,243.02499389648438,248.08749389648438,168.03298950195312,13927608,0.0,0.0
2009-07-30 00:00:00+05:30,248.28125,252.75,248.28125,251.74374389648438,170.50941467285156,22281496,0.0,0.0
2009-07-31 00:00:00+05:30,253.9875030517578,259.875,253.33749389648438,258.04376220703125,174.77650451660156,16582960,0.0,0.0
2009-08-03 00:00:00+05:30,258.0,261.67498779296875,256.01873779296875,259.5562438964844,175.8009490966797,14640824,0.0,0.0
2009-08-04 00:00:00+05:30,260.0,260.9312438964844,252.625,255.46875,173.0323944091797,9584856,0.0,0.0
2009-08-05 00:00:00+05:30,257.4624938964844,263.375,257.4624938964844,262.32501220703125,177.67628479003906,10347128,0.0,0.0
2009-08-06 00:00:00+05:30,262.5,262.5,255.0124969482422,257.29998779296875,174.27276611328125,6832848,0.0,0.0
2009-08-07 00:00:00+05:30,257.25,257.25,253.13125610351562,254.9562530517578,172.68531799316406,9850600,0.0,0.0
2009-08-10 00:00:00+05:30,256.25,264.375,256.25,260.9624938964844,176.75341796875,12412080,0.0,0.0
2009-08-11 00:00:00+05:30,259.875,263.75,257.4312438964844,260.5874938964844,176.49940490722656,9207256,0.0,0.0
2009-08-12 00:00:00+05:30,258.5,258.75,249.5,255.35000610351562,172.95201110839844,7314200,0.0,0.0
2009-08-13 00:00:00+05:30,256.39373779296875,260.4624938964844,254.5749969482422,257.9750061035156,174.72996520996094,11459720,0.0,0.0
2009-08-14 00:00:00+05:30,258.125,258.125,253.25,255.2937469482422,172.91384887695312,4906088,0.0,0.0
2009-08-17 00:00:00+05:30,253.13125610351562,253.13125610351562,246.40625,247.8125,167.84674072265625,10796904,0.0,0.0
2009-08-18 00:00:00+05:30,246.25,249.625,244.375,246.6687469482422,167.07203674316406,10879064,0.0,0.0
2009-08-19 00:00:00+05:30,248.125,248.125,241.875,243.9375,165.2222137451172,7609192,0.0,0.0
2009-08-20 00:00:00+05:30,246.375,249.5749969482422,245.0,248.80624389648438,168.5198211669922,4696576,0.0,0.0
2009-08-21 00:00:00+05:30,249.375,255.625,246.25,254.1374969482422,172.13072204589844,9837224,0.0,0.0
2009-08-24 00:00:00+05:30,257.48748779296875,260.54998779296875,256.33123779296875,259.48748779296875,175.75439453125,5919008,0.0,0.0
2009-08-25 00:00:00+05:30,256.40625,263.1187438964844,254.375,261.875,177.3715057373047,8148232,0.0,0.0
2009-08-26 00:00:00+05:30,263.125,273.5,263.125,272.45623779296875,184.53826904296875,14303176,0.0,0.0
2009-08-27 00:00:00+05:30,272.4624938964844,275.5,270.07501220703125,273.9750061035156,185.56698608398438,13123784,0.0,0.0
2009-08-28 00:00:00+05:30,272.625,274.875,267.6499938964844,273.83123779296875,185.4695587158203,7292688,0.0,0.0
2009-08-31 00:00:00+05:30,270.70001220703125,270.70001220703125,265.28125,266.39373779296875,180.4320526123047,10788632,0.0,0.0
2009-09-01 00:00:00+05:30,267.4937438964844,273.75,265.32501220703125,268.11248779296875,181.59616088867188,11446120,0.0,0.0
2009-09-02 00:00:00+05:30,267.5,272.5,265.0,270.60626220703125,183.28526306152344,7847928,0.0,0.0
2009-09-03 00:00:00+05:30,271.375,275.5,266.98748779296875,273.3999938964844,185.17750549316406,13643728,0.0,0.0
2009-09-04 00:00:00+05:30,272.4937438964844,277.0,270.13751220703125,275.1312561035156,186.35008239746094,9014920,0.0,0.0
2009-09-07 00:00:00+05:30,276.875,278.75,274.5249938964844,278.0249938964844,188.31004333496094,8133400,0.0,0.0
2009-09-08 00:00:00+05:30,278.51251220703125,279.875,274.66876220703125,275.4750061035156,186.5829315185547,7909128,0.0,0.0
2009-09-09 00:00:00+05:30,275.63751220703125,277.3125,272.125,273.7124938964844,185.38916015625,7556600,0.0,0.0
2009-09-10 00:00:00+05:30,276.75,281.23748779296875,276.75,280.0375061035156,189.67318725585938,8824944,0.0,0.0
2009-09-11 00:00:00+05:30,275.98126220703125,284.36248779296875,275.98126220703125,283.42498779296875,191.967529296875,9594120,0.0,0.0
2009-09-14 00:00:00+05:30,278.48126220703125,282.96875,278.48126220703125,281.26873779296875,190.50709533691406,6304472,0.0,0.0
2009-09-15 00:00:00+05:30,280.73748779296875,284.375,280.0,283.8187561035156,192.23428344726562,6428216,0.0,0.0
2009-09-16 00:00:00+05:30,284.98126220703125,290.625,284.0249938964844,290.0062561035156,196.42518615722656,10085952,0.0,0.0
2009-09-17 00:00:00+05:30,291.25,296.2250061035156,290.0,295.23748779296875,199.96832275390625,10261328,0.0,0.0
2009-09-18 00:00:00+05:30,293.95001220703125,298.5,292.6937561035156,295.53125,200.16722106933594,5975112,0.0,0.0
2009-09-22 00:00:00+05:30,294.90625,302.625,293.76251220703125,301.26873779296875,204.0533905029297,13272872,0.0,0.0
2009-09-23 00:00:00+05:30,300.0,300.48126220703125,294.76251220703125,295.8687438964844,200.3958740234375,10933336,0.0,0.0
2009-09-24 00:00:00+05:30,292.5,292.5,282.4937438964844,285.5562438964844,193.41104125976562,44169688,0.0,0.0
2009-09-25 00:00:00+05:30,286.23748779296875,286.5375061035156,279.13751220703125,280.0625,189.6900634765625,21200256,0.0,0.0
2009-09-29 00:00:00+05:30,284.89373779296875,287.5,284.1499938964844,286.91876220703125,194.3339385986328,6782824,0.0,0.0
2009-09-30 00:00:00+05:30,283.0,290.625,283.0,288.29998779296875,195.2694549560547,8042976,0.0,0.0
2009-10-01 00:00:00+05:30,291.25,293.75,286.0375061035156,292.09375,197.8390655517578,15046512,0.0,0.0
2009-10-05 00:00:00+05:30,289.375,291.875,286.39373779296875,290.38751220703125,196.68338012695312,7023408,0.0,0.0
2009-10-06 00:00:00+05:30,292.48748779296875,294.07501220703125,285.15625,289.04376220703125,195.7732696533203,10445384,0.0,0.0
2009-10-07 00:00:00+05:30,289.3812561035156,291.01251220703125,278.375,281.59375,190.7272491455078,15837168,0.0,0.0
2009-10-08 00:00:00+05:30,282.75,283.1187438964844,273.65625,276.3500061035156,187.17556762695312,18074064,0.0,0.0
2009-10-09 00:00:00+05:30,278.75,284.6000061035156,270.82501220703125,272.20001220703125,184.36473083496094,25903608,0.0,0.0
2009-10-12 00:00:00+05:30,273.75,280.625,273.5,279.92498779296875,189.59695434570312,9146696,0.0,0.0
2009-10-13 00:00:00+05:30,279.92498779296875,279.92498779296875,279.92498779296875,279.92498779296875,189.59695434570312,0,0.0,0.0
2009-10-14 00:00:00+05:30,286.0,286.0,276.375,281.98126220703125,190.98968505859375,8163800,0.0,0.0
2009-10-15 00:00:00+05:30,283.125,283.95623779296875,273.25,277.17498779296875,188.57022094726562,7204728,1.25,0.0
2009-10-16 00:00:00+05:30,277.25,279.95001220703125,273.1312561035156,273.7437438964844,186.23585510253906,8313992,0.0,0.0
2009-10-20 00:00:00+05:30,274.875,277.875,271.2749938964844,273.54376220703125,186.099853515625,12591872,0.0,0.0
2009-10-21 00:00:00+05:30,275.6000061035156,279.875,272.5,277.07501220703125,188.5022430419922,12899344,0.0,0.0
2009-10-22 00:00:00+05:30,275.0,281.25,273.8999938964844,276.64373779296875,188.20887756347656,15117160,0.0,0.0
2009-10-23 00:00:00+05:30,278.75,284.375,276.51873779296875,282.5,192.19302368164062,12532216,0.0,0.0
2009-10-26 00:00:00+05:30,283.17498779296875,287.42498779296875,278.75,284.23748779296875,193.37506103515625,10029776,0.0,0.0
2009-10-27 00:00:00+05:30,283.125,287.4937438964844,276.95623779296875,280.32501220703125,190.7133331298828,14337256,0.0,0.0
2009-10-28 00:00:00+05:30,280.07501220703125,283.5,277.54376220703125,282.0874938964844,191.9124298095703,12262776,0.0,0.0
2009-10-29 00:00:00+05:30,281.125,281.125,274.3999938964844,276.04376220703125,187.80064392089844,15260688,0.0,0.0
2009-10-30 00:00:00+05:30,278.5,281.125,267.76873779296875,275.7749938964844,187.6177978515625,14282728,0.0,0.0
2009-11-03 00:00:00+05:30,275.375,280.9125061035156,266.26251220703125,267.8812561035156,182.24745178222656,12042264,0.0,0.0
2009-11-04 00:00:00+05:30,269.875,282.5,269.875,279.64373779296875,190.2498016357422,12771288,0.0,0.0
2009-11-05 00:00:00+05:30,278.26873779296875,280.28125,270.60626220703125,277.70623779296875,188.93173217773438,9016400,0.0,0.0
2009-11-06 00:00:00+05:30,280.04998779296875,281.25,274.0687561035156,277.32501220703125,188.67234802246094,6601328,0.0,0.0
2009-11-09 00:00:00+05:30,278.75,280.0,275.0,279.01251220703125,189.8203887939453,5086712,0.0,0.0
2009-11-10 00:00:00+05:30,283.25,283.73126220703125,275.07501220703125,277.2437438964844,188.61708068847656,6127880,0.0,0.0
2009-11-11 00:00:00+05:30,276.5,289.375,276.25,288.34375,196.1686553955078,9474696,0.0,0.0
2009-11-12 00:00:00+05:30,285.8374938964844,293.625,285.8374938964844,290.79998779296875,197.83978271484375,8001216,0.0,0.0
2009-11-13 00:00:00+05:30,291.61248779296875,296.8125,289.07501220703125,294.9624938964844,200.671630859375,7251216,0.0,0.0
2009-11-16 00:00:00+05:30,295.92498779296875,296.8374938964844,291.9125061035156,293.9937438964844,200.01258850097656,5099088,0.0,0.0
2009-11-17 00:00:00+05:30,294.5062561035156,300.6000061035156,294.5062561035156,299.7875061035156,203.95420837402344,8147944,0.0,0.0
2009-11-18 00:00:00+05:30,299.95623779296875,305.42498779296875,299.9125061035156,304.1625061035156,206.93067932128906,8816704,0.0,0.0
2009-11-19 00:00:00+05:30,295.98126220703125,302.5,295.98126220703125,301.2437438964844,204.94496154785156,6498616,0.0,0.0
2009-11-20 00:00:00+05:30,300.13751220703125,306.125,297.5,303.3374938964844,206.36935424804688,6156416,0.0,0.0
2009-11-23 00:00:00+05:30,302.61248779296875,302.61248779296875,298.875,300.8687438964844,204.6898193359375,4655008,0.0,0.0
2009-11-24 00:00:00+05:30,301.5874938964844,305.86248779296875,298.78125,304.3374938964844,207.04977416992188,7325904,0.0,0.0
2009-11-25 00:00:00+05:30,304.5,307.125,302.0249938964844,304.8187561035156,207.3771209716797,5025976,0.0,0.0
2009-11-26 00:00:00+05:30,305.625,305.67498779296875,295.875,299.1812438964844,203.54177856445312,7643840,0.0,0.0
2009-11-27 00:00:00+05:30,294.5,299.375,288.38751220703125,290.98126220703125,197.96311950683594,8169288,0.0,0.0
2009-11-30 00:00:00+05:30,294.07501220703125,299.11248779296875,293.78125,297.41876220703125,202.3426971435547,7009016,0.0,0.0
2009-12-01 00:00:00+05:30,303.375,303.375,294.375,299.46875,203.73733520507812,6511080,0.0,0.0
2009-12-02 00:00:00+05:30,300.61248779296875,301.0,294.75,299.42498779296875,203.7075653076172,7410024,0.0,0.0
2009-12-03 00:00:00+05:30,300.25,302.375,295.51251220703125,297.1187438964844,202.13861083984375,7344480,0.0,0.0
2009-12-04 00:00:00+05:30,297.75,302.9375,296.28125,297.95001220703125,202.7041015625,7718720,0.0,0.0
2009-12-07 00:00:00+05:30,299.36248779296875,303.3062438964844,296.875,298.82501220703125,203.29942321777344,6889896,0.0,0.0
2009-12-08 00:00:00+05:30,299.9624938964844,306.375,297.51873779296875,305.8125,208.05322265625,8611792,0.0,0.0
2009-12-09 00:00:00+05:30,303.75,307.75,302.76873779296875,307.0687561035156,208.90786743164062,7670064,0.0,0.0
2009-12-10 00:00:00+05:30,308.0562438964844,308.0562438964844,303.76251220703125,306.6187438964844,208.60171508789062,4517448,0.0,0.0
2009-12-11 00:00:00+05:30,308.125,311.08123779296875,306.4437561035156,307.59375,209.26498413085938,6840432,0.0,0.0
2009-12-14 00:00:00+05:30,306.875,314.75,306.2562561035156,312.34375,212.49661254882812,9189776,0.0,0.0
2009-12-15 00:00:00+05:30,311.25,314.375,310.6499938964844,313.2562561035156,213.117431640625,8746848,0.0,0.0
2009-12-16 00:00:00+05:30,313.25,319.5,310.82501220703125,318.11248779296875,216.42123413085938,9163072,0.0,0.0
2009-12-17 00:00:00+05:30,318.125,321.4937438964844,316.8999938964844,319.875,217.62033081054688,8603088,0.0,0.0
2009-12-18 00:00:00+05:30,320.5,320.5,313.625,315.7437438964844,214.8097686767578,11180776,0.0,0.0
2009-12-21 00:00:00+05:30,310.35626220703125,318.1000061035156,309.59375,313.76251220703125,213.46180725097656,8766008,0.0,0.0
2009-12-22 00:00:00+05:30,314.98748779296875,316.26251220703125,312.1000061035156,312.79998779296875,212.80702209472656,5762168,0.0,0.0
2009-12-23 00:00:00+05:30,313.875,324.375,313.875,322.96875,219.72511291503906,10708656,0.0,0.0
2009-12-24 00:00:00+05:30,324.23748779296875,325.0,320.01873779296875,323.9750061035156,220.40969848632812,5583144,0.0,0.0
2009-12-29 00:00:00+05:30,324.38751220703125,325.23748779296875,320.4125061035156,322.14373779296875,219.163818359375,6281944,0.0,0.0
2009-12-30 00:00:00+05:30,320.88751220703125,326.25,320.4624938964844,322.5,219.4062042236328,4970400,0.0,0.0
2009-12-31 00:00:00+05:30,323.125,326.75,323.125,325.13751220703125,221.20053100585938,9255248,0.0,0.0
2010-01-04 00:00:00+05:30,326.25,328.75,324.4125061035156,326.57501220703125,222.1785125732422,4069264,0.0,0.0
2010-01-05 00:00:00+05:30,327.5,328.8374938964844,325.01251220703125,327.66876220703125,222.92263793945312,6895528,0.0,0.0
2010-01-06 00:00:00+05:30,335.375,335.375,321.88751220703125,322.88751220703125,219.6697998046875,6817288,0.0,0.0
2010-01-07 00:00:00+05:30,323.32501220703125,323.32501220703125,314.7749938964844,315.6312561035156,214.73321533203125,10892600,0.0,0.0
2010-01-08 00:00:00+05:30,314.875,315.4125061035156,307.25,308.0249938964844,209.55841064453125,12649312,0.0,0.0
2010-01-11 00:00:00+05:30,309.38751220703125,313.0874938964844,309.25,311.20623779296875,211.72276306152344,7849656,0.0,0.0
2010-01-12 00:00:00+05:30,312.5,324.25,312.5,323.3687438964844,219.9972381591797,24859680,0.0,0.0
2010-01-13 00:00:00+05:30,309.60626220703125,336.875,309.60626220703125,335.4375,228.20794677734375,19704040,0.0,0.0
2010-01-14 00:00:00+05:30,334.875,337.86248779296875,331.2749938964844,336.21875,228.7394561767578,8413904,0.0,0.0
2010-01-15 00:00:00+05:30,336.21875,336.5625,331.76873779296875,334.4750061035156,227.5531768798828,5049504,0.0,0.0
2010-01-18 00:00:00+05:30,332.875,336.25,332.0,335.83123779296875,228.47586059570312,6140088,0.0,0.0
2010-01-19 00:00:00+05:30,335.0,336.0,328.51251220703125,329.48748779296875,224.16001892089844,5837512,0.0,0.0
2010-01-20 00:00:00+05:30,331.08123779296875,334.1499938964844,329.75,332.2124938964844,226.01393127441406,6091992,0.0,0.0
2010-01-21 00:00:00+05:30,330.375,333.0874938964844,325.0,328.1499938964844,223.25009155273438,6682792,0.0,0.0
2010-01-22 00:00:00+05:30,325.0,326.25,319.0,321.95001220703125,219.03199768066406,13486496,0.0,0.0
2010-01-25 00:00:00+05:30,318.75,321.2437438964844,314.75,317.7875061035156,216.20018005371094,6498712,0.0,0.0
2010-01-27 00:00:00+05:30,316.5,316.73126220703125,310.64373779296875,312.78125,212.7942352294922,9840856,0.0,0.0
2010-01-28 00:00:00+05:30,314.125,319.36248779296875,309.9375,311.46875,211.9013214111328,12732872,0.0,0.0
2010-01-29 00:00:00+05:30,306.54998779296875,312.5,300.6000061035156,309.4375,210.5193634033203,15012280,0.0,0.0
2010-02-01 00:00:00+05:30,305.875,316.25,298.76251220703125,306.40625,208.45716857910156,12308784,0.0,0.0
2010-02-02 00:00:00+05:30,312.625,312.625,302.70623779296875,304.9937438964844,207.49615478515625,9889384,0.0,0.0
2010-02-03 00:00:00+05:30,306.25,312.5,306.25,309.1499938964844,210.32373046875,6405608,0.0,0.0
2010-02-04 00:00:00+05:30,308.125,308.75,301.5625,303.6312561035156,206.56924438476562,6176408,0.0,0.0
2010-02-05 00:00:00+05:30,298.79998779296875,299.8062438964844,291.125,294.0874938964844,200.07635498046875,13544872,0.0,0.0
2010-02-08 00:00:00+05:30,296.86248779296875,305.25,293.0625,300.45001220703125,204.4049072265625,9252480,0.0,0.0
2010-02-09 00:00:00+05:30,300.5,310.25,299.28125,309.2250061035156,210.3748016357422,10387392,0.0,0.0
2010-02-10 00:00:00+05:30,311.375,312.0249938964844,306.0,308.3687438964844,209.79226684570312,7187984,0.0,0.0
2010-02-11 00:00:00+05:30,309.125,314.76873779296875,308.75,312.3062438964844,212.4711456298828,6453888,0.0,0.0
2010-02-15 00:00:00+05:30,313.375,317.79998779296875,309.35626220703125,312.33123779296875,212.48805236816406,8950128,0.0,0.0
2010-02-16 00:00:00+05:30,312.5,318.875,311.03125,317.6812438964844,216.12783813476562,4418096,0.0,0.0
2010-02-17 00:00:00+05:30,318.7749938964844,320.79998779296875,314.20001220703125,314.83123779296875,214.18894958496094,7991184,0.0,0.0
2010-02-18 00:00:00+05:30,315.375,318.375,314.0,316.70623779296875,215.46456909179688,3721696,0.0,0.0
2010-02-19 00:00:00+05:30,315.61248779296875,318.0625,313.14373779296875,316.54998779296875,215.35826110839844,5998992,0.0,0.0
2010-02-22 00:00:00+05:30,319.38751220703125,323.9624938964844,319.38751220703125,321.04376220703125,218.4154510498047,5855400,0.0,0.0
2010-02-23 00:00:00+05:30,319.76251220703125,323.625,319.375,322.6625061035156,219.5167236328125,3786032,0.0,0.0
2010-02-24 00:00:00+05:30,321.0,324.7875061035156,318.875,322.0375061035156,219.09156799316406,5427016,0.0,0.0
2010-02-25 00:00:00+05:30,321.32501220703125,328.7124938964844,321.32501220703125,327.16876220703125,222.58245849609375,8729568,0.0,0.0
2010-02-26 00:00:00+05:30,327.375,328.75,322.76251220703125,325.2437438964844,221.2728729248047,10546368,0.0,0.0
2010-03-02 00:00:00+05:30,328.9437561035156,331.34375,327.83123779296875,330.125,224.59375,8534656,0.0,0.0
2010-03-03 00:00:00+05:30,331.38751220703125,334.5625,329.08123779296875,333.28125,226.74098205566406,5904976,0.0,0.0
2010-03-04 00:00:00+05:30,332.75,333.0,325.5,327.9750061035156,223.13101196289062,6755240,0.0,0.0
2010-03-05 00:00:00+05:30,329.23748779296875,330.0,326.6312561035156,329.4624938964844,224.14295959472656,4984808,0.0,0.0
2010-03-08 00:00:00+05:30,331.625,334.91876220703125,329.76251220703125,332.4437561035156,226.1711883544922,8664992,0.0,0.0
2010-03-09 00:00:00+05:30,331.2562561035156,337.6875,327.23126220703125,335.4937438964844,228.24615478515625,7958752,0.0,0.0
2010-03-10 00:00:00+05:30,334.36248779296875,336.4312438964844,331.25,332.40625,226.14569091796875,7330952,0.0,0.0
2010-03-11 00:00:00+05:30,333.125,336.875,331.25,335.3687438964844,228.16119384765625,4298424,0.0,0.0
2010-03-12 00:00:00+05:30,337.48748779296875,338.0,332.0375061035156,334.15625,227.33628845214844,3176920,0.0,0.0
2010-03-15 00:00:00+05:30,331.79998779296875,339.0625,329.5,337.65625,229.71743774414062,10582856,0.0,0.0
2010-03-16 00:00:00+05:30,337.5,343.1187438964844,335.2875061035156,341.54376220703125,232.36227416992188,5881344,0.0,0.0
2010-03-17 00:00:00+05:30,341.875,344.2124938964844,339.125,342.2875061035156,232.86822509765625,6352000,0.0,0.0
2010-03-18 00:00:00+05:30,342.5,349.23748779296875,342.5,348.45001220703125,237.06085205078125,8923048,0.0,0.0
2010-03-19 00:00:00+05:30,347.51251220703125,349.375,345.0062561035156,346.54376220703125,235.7638702392578,12582544,0.0,0.0
2010-03-22 00:00:00+05:30,344.01251220703125,347.125,342.86248779296875,344.67498779296875,234.4925079345703,4108528,0.0,0.0
2010-03-23 00:00:00+05:30,346.2562561035156,349.875,345.51873779296875,346.9375,236.03176879882812,4792560,0.0,0.0
2010-03-25 00:00:00+05:30,346.375,358.75,343.85626220703125,351.7437438964844,239.3015899658203,15207528,0.0,0.0
2010-03-26 00:00:00+05:30,352.0,353.125,345.375,346.85626220703125,235.97650146484375,9105680,0.0,0.0
2010-03-29 00:00:00+05:30,344.75,346.25,337.53125,339.58123779296875,231.027099609375,13981704,0.0,0.0
2010-03-30 00:00:00+05:30,339.375,339.375,328.82501220703125,330.51251220703125,224.85733032226562,10649936,0.0,0.0
2010-03-31 00:00:00+05:30,331.73748779296875,334.5874938964844,325.82501220703125,326.9937438964844,222.46340942382812,13070104,0.0,0.0
2010-04-01 00:00:00+05:30,327.5249938964844,334.75,327.5,333.8062438964844,227.09823608398438,8187000,0.0,0.0
2010-04-05 00:00:00+05:30,334.875,336.25,329.75,334.7437438964844,227.73597717285156,7318616,0.0,0.0
2010-04-06 00:00:00+05:30,335.25,335.625,330.65625,331.40625,225.46533203125,5348808,0.0,0.0
2010-04-07 00:00:00+05:30,331.9437561035156,334.3500061035156,327.17498779296875,330.46875,224.8275909423828,8380880,0.0,0.0
2010-04-08 00:00:00+05:30,330.0,334.73748779296875,328.75,332.96875,226.52841186523438,7227984,0.0,0.0
2010-04-09 00:00:00+05:30,333.75,337.2124938964844,333.125,334.5249938964844,227.58721923828125,8260312,0.0,0.0
2010-04-12 00:00:00+05:30,335.73748779296875,337.25,331.5062561035156,335.38751220703125,228.1739044189453,8325648,0.0,0.0
2010-04-13 00:00:00+05:30,336.25,349.23126220703125,329.375,347.73748779296875,236.5759735107422,57635400,0.0,0.0
2010-04-15 00:00:00+05:30,348.5,353.0874938964844,344.9125061035156,350.20001220703125,238.2513885498047,22395128,0.0,0.0
2010-04-16 00:00:00+05:30,349.01251220703125,351.125,346.3812561035156,348.57501220703125,237.14581298828125,6244344,0.0,0.0
2010-04-19 00:00:00+05:30,346.83123779296875,346.83123779296875,342.0,343.98748779296875,234.0247039794922,8754896,0.0,0.0
2010-04-20 00:00:00+05:30,345.6875,348.7437438964844,340.0,340.9125061035156,231.9327392578125,9542128,0.0,0.0
2010-04-21 00:00:00+05:30,342.875,343.71875,337.5375061035156,339.0562438964844,230.6698760986328,6496288,0.0,0.0
2010-04-22 00:00:00+05:30,338.5,345.35626220703125,336.625,339.79998779296875,231.17588806152344,6978144,0.0,0.0
2010-04-23 00:00:00+05:30,341.875,344.2124938964844,339.60626220703125,340.8687438964844,231.90298461914062,5888336,0.0,0.0
2010-04-26 00:00:00+05:30,341.26251220703125,344.25,340.6312561035156,342.3687438964844,232.92352294921875,4454288,0.0,0.0
2010-04-27 00:00:00+05:30,341.13751220703125,342.79998779296875,340.79998779296875,342.1812438964844,232.7958984375,3280256,0.0,0.0
2010-04-28 00:00:00+05:30,338.76251220703125,341.4937438964844,336.38751220703125,337.4375,229.56858825683594,5544496,0.0,0.0
2010-04-29 00:00:00+05:30,337.375,341.61248779296875,334.375,338.64373779296875,230.38929748535156,11319960,0.0,0.0
2010-04-30 00:00:00+05:30,339.0,344.8500061035156,334.63751220703125,342.26873779296875,232.85543823242188,8067024,0.0,0.0
2010-05-03 00:00:00+05:30,338.5,339.3687438964844,335.25,336.86248779296875,229.17739868164062,5408952,0.0,0.0
2010-05-04 00:00:00+05:30,338.125,338.25,331.9375,333.26873779296875,226.73252868652344,6576208,0.0,0.0
2010-05-05 00:00:00+05:30,331.17498779296875,338.5,326.25,336.625,229.01580810546875,12122080,0.0,0.0
2010-05-06 00:00:00+05:30,336.2875061035156,336.2875061035156,330.6937561035156,332.26873779296875,226.05209350585938,7808360,0.0,0.0
2010-05-07 00:00:00+05:30,329.76251220703125,330.66876220703125,325.8812561035156,327.10626220703125,222.54000854492188,8984392,0.0,0.0
2010-05-10 00:00:00+05:30,327.5,335.4750061035156,327.5,334.4624938964844,227.54464721679688,5635408,0.0,0.0
2010-05-11 00:00:00+05:30,333.7250061035156,334.3125,329.5,332.59375,226.2733154296875,5802824,0.0,0.0
2010-05-12 00:00:00+05:30,332.0,337.36248779296875,331.53125,335.2124938964844,228.05491638183594,9185176,0.0,0.0
2010-05-13 00:00:00+05:30,335.5,340.375,332.65625,338.26873779296875,230.13414001464844,4923880,0.0,0.0
2010-05-14 00:00:00+05:30,338.75,340.875,328.75,331.48748779296875,225.52061462402344,6824496,0.0,0.0
2010-05-17 00:00:00+05:30,329.375,331.0062561035156,322.0062561035156,327.04376220703125,222.49745178222656,8170824,0.0,0.0
2010-05-18 00:00:00+05:30,332.5,332.5,322.7562561035156,328.6499938964844,223.59024047851562,7144600,0.0,0.0
2010-05-19 00:00:00+05:30,328.25,331.54376220703125,324.1812438964844,325.35626220703125,221.3494415283203,11939240,0.0,0.0
2010-05-20 00:00:00+05:30,326.5,329.3187561035156,323.3125,325.09375,221.17083740234375,6508872,0.0,0.0
2010-05-21 00:00:00+05:30,321.0,326.0,319.79376220703125,322.71875,219.55502319335938,7127200,0.0,0.0
2010-05-24 00:00:00+05:30,326.375,328.75,322.40625,325.04998779296875,221.1410369873047,7186104,0.0,0.0
2010-05-25 00:00:00+05:30,323.35626220703125,323.35626220703125,313.76251220703125,316.67498779296875,215.4432373046875,8838128,0.0,0.0
2010-05-26 00:00:00+05:30,320.6312561035156,329.98748779296875,319.53125,327.6312561035156,224.22479248046875,7868856,1.875,0.0
2010-05-27 00:00:00+05:30,328.4750061035156,333.0,324.38751220703125,330.41876220703125,226.13253784179688,11312696,0.0,0.0
2010-05-28 00:00:00+05:30,333.7562561035156,335.54998779296875,329.6625061035156,334.6812438964844,229.04959106445312,6793992,0.0,0.0
2010-05-31 00:00:00+05:30,341.875,341.875,328.0687561035156,332.25,227.3856964111328,7020752,0.0,0.0
2010-06-01 00:00:00+05:30,331.875,332.1875,327.20001220703125,328.04376220703125,224.50709533691406,5782888,0.0,0.0
2010-06-02 00:00:00+05:30,329.375,331.4937438964844,328.01251220703125,330.03125,225.86729431152344,6557144,0.0,0.0
2010-06-03 00:00:00+05:30,332.5,338.2250061035156,332.5,337.25,230.80764770507812,5517096,0.0,0.0
2010-06-04 00:00:00+05:30,337.25,342.25,335.3062438964844,341.1187438964844,233.45533752441406,4950400,0.0,0.0
2010-06-07 00:00:00+05:30,338.75,338.75,331.25,333.95623779296875,228.553466796875,7781952,0.0,0.0
2010-06-08 00:00:00+05:30,333.95623779296875,336.125,330.98126220703125,331.8125,227.0863037109375,6651144,0.0,0.0
2010-06-09 00:00:00+05:30,333.5,333.5,327.0625,328.1187438964844,224.55831909179688,5427120,0.0,0.0
2010-06-10 00:00:00+05:30,328.1499938964844,331.75,327.5687561035156,330.6937561035156,226.32069396972656,5187448,0.0,0.0
2010-06-11 00:00:00+05:30,333.11248779296875,336.36248779296875,327.625,328.84375,225.05450439453125,9912864,0.0,0.0
2010-06-14 00:00:00+05:30,331.26251220703125,344.85626220703125,331.26251220703125,343.29998779296875,234.9481201171875,9728848,0.0,0.0
2010-06-15 00:00:00+05:30,343.3125,347.5,340.26251220703125,341.8374938964844,233.9472198486328,7946312,0.0,0.0
2010-06-16 00:00:00+05:30,344.36248779296875,347.4375,342.75,346.17498779296875,236.915771484375,5720064,0.0,0.0
2010-06-17 00:00:00+05:30,347.0,347.9750061035156,342.0,345.60626220703125,236.5265350341797,5639240,0.0,0.0
2010-06-18 00:00:00+05:30,338.48126220703125,351.875,338.48126220703125,348.2749938964844,238.35289001464844,8356232,0.0,0.0
2010-06-21 00:00:00+05:30,349.92498779296875,352.3500061035156,348.90625,350.1000061035156,239.60191345214844,7164752,0.0,0.0
2010-06-22 00:00:00+05:30,348.75,349.91876220703125,345.0,345.88751220703125,236.71897888183594,4763688,0.0,0.0
2010-06-23 00:00:00+05:30,343.38751220703125,350.6187438964844,339.73126220703125,349.71875,239.3410186767578,4948088,0.0,0.0
2010-06-24 00:00:00+05:30,351.79998779296875,354.2124938964844,347.8812561035156,352.8374938964844,241.4754180908203,12316104,0.0,0.0
2010-06-25 00:00:00+05:30,351.25,351.4937438964844,346.375,347.2124938964844,237.62574768066406,3345664,0.0,0.0
2010-06-28 00:00:00+05:30,346.25,352.125,346.25,351.125,240.3034210205078,3834168,0.0,0.0
2010-06-29 00:00:00+05:30,349.1312561035156,351.70001220703125,345.88751220703125,349.1937561035156,238.98171997070312,3773072,0.0,0.0
2010-06-30 00:00:00+05:30,347.25,351.08123779296875,341.5,348.875,238.76356506347656,9449976,0.0,0.0
2010-07-01 00:00:00+05:30,348.875,348.875,343.875,345.8812561035156,236.71466064453125,5847248,0.0,0.0
2010-07-02 00:00:00+05:30,346.8687438964844,346.8687438964844,339.5,340.9375,233.33126831054688,11169440,0.0,0.0
2010-07-05 00:00:00+05:30,341.25,344.0,340.0,342.9312438964844,234.69573974609375,3616720,0.0,0.0
2010-07-06 00:00:00+05:30,342.875,349.875,342.875,348.13751220703125,238.2588653564453,5872600,0.0,0.0
2010-07-07 00:00:00+05:30,349.95001220703125,349.95001220703125,345.6499938964844,347.71875,237.9722900390625,5923392,0.0,0.0
2010-07-08 00:00:00+05:30,350.75,355.79998779296875,350.01251220703125,353.5625,241.9716339111328,6278192,0.0,0.0
2010-07-09 00:00:00+05:30,354.76251220703125,360.0625,354.76251220703125,359.2250061035156,245.84689331054688,7859112,0.0,0.0
2010-07-12 00:00:00+05:30,356.2562561035156,363.75,356.25,361.98748779296875,247.73751831054688,8597240,0.0,0.0
2010-07-13 00:00:00+05:30,358.75,359.3812561035156,347.625,349.59375,239.25547790527344,25502384,0.0,0.0
2010-07-14 00:00:00+05:30,348.7437438964844,351.125,342.125,342.86248779296875,234.64878845214844,14193928,0.0,0.0
2010-07-15 00:00:00+05:30,343.6187438964844,347.0,342.5,344.95001220703125,236.077392578125,8328136,0.0,0.0
2010-07-16 00:00:00+05:30,344.375,348.875,343.875,347.125,237.56588745117188,8205560,0.0,0.0
2010-07-19 00:00:00+05:30,343.625,349.1000061035156,341.96875,346.3062438964844,237.00563049316406,7047120,0.0,0.0
2010-07-20 00:00:00+05:30,346.3062438964844,347.8125,344.1875,344.95623779296875,236.08160400390625,5054736,0.0,0.0
2010-07-21 00:00:00+05:30,345.9125061035156,347.375,345.0,346.45623779296875,237.10826110839844,2634480,0.0,0.0
2010-07-22 00:00:00+05:30,345.59375,345.59375,340.8812561035156,344.3125,235.64105224609375,8226952,0.0,0.0
2010-07-23 00:00:00+05:30,348.375,358.7562561035156,345.625,348.3062438964844,238.37429809570312,5323096,0.0,0.0
2010-07-26 00:00:00+05:30,348.75,351.25,348.75,350.5562438964844,239.91415405273438,4470816,0.0,0.0
2010-07-27 00:00:00+05:30,350.375,354.25,350.375,353.6000061035156,241.9972381591797,5093960,0.0,0.0
2010-07-28 00:00:00+05:30,353.625,354.8125,351.5,354.01251220703125,242.27960205078125,3725168,0.0,0.0
2010-07-29 00:00:00+05:30,353.1000061035156,355.0,351.35626220703125,354.14373779296875,242.36941528320312,3613008,0.0,0.0
2010-07-30 00:00:00+05:30,351.875,353.90625,345.0,348.54998779296875,238.5410919189453,4472672,0.0,0.0
2010-08-02 00:00:00+05:30,350.0,351.6000061035156,347.64373779296875,349.6187438964844,239.27261352539062,3815232,0.0,0.0
2010-08-03 00:00:00+05:30,350.625,352.375,346.1875,348.0375061035156,238.1903839111328,2434584,0.0,0.0
2010-08-04 00:00:00+05:30,348.75,361.5,348.75,359.3125,245.90676879882812,9536024,0.0,0.0
2010-08-05 00:00:00+05:30,360.0,363.3500061035156,357.6937561035156,358.65625,245.4576873779297,6594296,0.0,0.0
2010-08-06 00:00:00+05:30,357.625,361.5,356.5,357.9750061035156,244.99142456054688,3676480,0.0,0.0
2010-08-09 00:00:00+05:30,356.0625,360.36248779296875,352.03125,359.33123779296875,245.91964721679688,4201544,0.0,0.0
2010-08-10 00:00:00+05:30,358.75,358.75,351.875,353.6312561035156,242.0187225341797,4811984,0.0,0.0
2010-08-11 00:00:00+05:30,354.25,357.23748779296875,350.0,351.36248779296875,240.4660186767578,5344800,0.0,0.0
2010-08-12 00:00:00+05:30,349.5,349.5,344.25,346.5874938964844,237.1980743408203,6973400,0.0,0.0
2010-08-13 00:00:00+05:30,346.875,349.75,344.375,347.15625,237.58726501464844,5561808,0.0,0.0
2010-08-16 00:00:00+05:30,345.0,347.25,343.75,345.23748779296875,236.27413940429688,5193608,0.0,0.0
2010-08-17 00:00:00+05:30,344.375,347.0625,341.25,343.8125,235.29888916015625,5140640,0.0,0.0
2010-08-18 00:00:00+05:30,345.63751220703125,352.4375,344.76873779296875,350.90625,240.1537322998047,6128144,0.0,0.0
2010-08-19 00:00:00+05:30,351.875,353.125,348.4937438964844,350.57501220703125,239.9270782470703,4826744,0.0,0.0
2010-08-20 00:00:00+05:30,350.375,350.375,344.25,346.20001220703125,236.93284606933594,4624824,0.0,0.0
2010-08-23 00:00:00+05:30,346.5,351.25,345.1625061035156,350.39373779296875,239.80299377441406,4511832,0.0,0.0
2010-08-24 00:00:00+05:30,348.625,348.625,344.3999938964844,345.65625,236.5607147216797,5247552,0.0,0.0
2010-08-25 00:00:00+05:30,345.25,349.2437438964844,344.4937438964844,346.36248779296875,237.04403686523438,3502008,0.0,0.0
2010-08-26 00:00:00+05:30,346.875,347.8687438964844,343.41876220703125,345.70623779296875,236.5949249267578,7834984,0.0,0.0
2010-08-27 00:00:00+05:30,344.75,344.75,335.17498779296875,338.73748779296875,231.82562255859375,6973800,0.0,0.0
2010-08-30 00:00:00+05:30,339.91876220703125,342.0,333.2875061035156,337.5562438964844,231.01730346679688,4781168,0.0,0.0
2010-08-31 00:00:00+05:30,335.625,340.5,334.51873779296875,339.23126220703125,232.16360473632812,7722280,0.0,0.0
2010-09-01 00:00:00+05:30,339.23126220703125,348.0625,338.53125,347.01873779296875,237.49313354492188,10131800,0.0,0.0
2010-09-02 00:00:00+05:30,349.875,351.75,343.23748779296875,344.125,235.5127716064453,3402512,0.0,0.0
2010-09-03 00:00:00+05:30,345.13751220703125,350.5,345.13751220703125,347.1812438964844,237.6043701171875,7606688,0.0,0.0
2010-09-06 00:00:00+05:30,348.28125,355.0,348.20001220703125,353.95623779296875,242.24107360839844,6391192,0.0,0.0
2010-09-07 00:00:00+05:30,355.0,359.11248779296875,351.2749938964844,358.1187438964844,245.08984375,8321272,0.0,0.0
2010-09-08 00:00:00+05:30,357.125,360.82501220703125,353.125,359.92498779296875,246.3259735107422,9386496,0.0,0.0
2010-09-09 00:00:00+05:30,358.76251220703125,362.5,357.25,361.875,247.66058349609375,7591392,0.0,0.0
2010-09-13 00:00:00+05:30,361.25,368.125,360.25,367.11248779296875,251.2450714111328,6650488,0.0,0.0
2010-09-14 00:00:00+05:30,368.82501220703125,375.0,368.75,371.95001220703125,254.5556182861328,9767144,0.0,0.0
2010-09-15 00:00:00+05:30,371.875,382.5,371.125,381.60626220703125,261.164306640625,14344648,0.0,0.0
2010-09-16 00:00:00+05:30,379.0062561035156,379.0062561035156,369.78125,370.7437438964844,253.730224609375,7088984,0.0,0.0
2010-09-17 00:00:00+05:30,370.7437438964844,376.5625,369.92498779296875,371.26873779296875,254.08946228027344,8616488,0.0,0.0
2010-09-20 00:00:00+05:30,371.875,377.25,371.875,376.07501220703125,257.3787536621094,5025976,0.0,0.0
2010-09-21 00:00:00+05:30,376.875,383.125,374.57501220703125,382.39373779296875,261.70318603515625,9223912,0.0,0.0
2010-09-22 00:00:00+05:30,382.5625,382.86248779296875,374.3062438964844,376.7875061035156,257.8663635253906,10806440,0.0,0.0
2010-09-23 00:00:00+05:30,375.6312561035156,379.34375,371.6312561035156,377.86248779296875,258.60211181640625,11181376,0.0,0.0
2010-09-24 00:00:00+05:30,377.86248779296875,382.3374938964844,374.20623779296875,381.13751220703125,260.8434753417969,8791520,0.0,0.0
2010-09-27 00:00:00+05:30,381.875,382.5,377.91876220703125,379.07501220703125,259.431884765625,7210320,0.0,0.0
2010-09-28 00:00:00+05:30,378.125,378.51251220703125,375.125,377.07501220703125,258.0631408691406,6209144,0.0,0.0
2010-09-29 00:00:00+05:30,378.25,384.875,375.32501220703125,378.8812561035156,259.29925537109375,8972920,0.0,0.0
2010-09-30 00:00:00+05:30,380.8687438964844,384.375,375.9312438964844,381.3125,260.9631652832031,13665816,0.0,0.0
2010-10-01 00:00:00+05:30,381.375,388.7562561035156,378.2875061035156,387.76873779296875,265.3817443847656,8086512,0.0,0.0
2010-10-04 00:00:00+05:30,389.0,395.25,382.8187561035156,384.8062438964844,263.3542785644531,7636640,0.0,0.0
2010-10-05 00:00:00+05:30,384.375,388.875,383.75,385.5874938964844,263.888916015625,5189152,0.0,0.0
2010-10-06 00:00:00+05:30,388.25,390.36248779296875,384.57501220703125,387.9750061035156,265.5229187011719,5788528,0.0,0.0
2010-10-07 00:00:00+05:30,386.125,387.1875,380.25,381.6812438964844,261.2156066894531,6833672,0.0,0.0
2010-10-08 00:00:00+05:30,382.5,385.70623779296875,379.6312561035156,384.5375061035156,263.17034912109375,6548160,0.0,0.0
2010-10-11 00:00:00+05:30,385.0375061035156,387.125,382.33123779296875,384.3062438964844,263.0121154785156,4493832,0.0,0.0
2010-10-12 00:00:00+05:30,384.0,385.6187438964844,381.2875061035156,384.3999938964844,263.0762023925781,4625624,0.0,0.0
2010-10-13 00:00:00+05:30,385.125,395.6000061035156,384.3999938964844,394.10626220703125,269.7190856933594,13024504,0.0,0.0
2010-10-14 00:00:00+05:30,395.63751220703125,403.6187438964844,394.5249938964844,398.15625,272.49078369140625,9193376,0.0,0.0
2010-10-15 00:00:00+05:30,400.0,404.75,382.64373779296875,384.5375061035156,263.17034912109375,25870360,0.0,0.0
2010-10-18 00:00:00+05:30,385.0625,389.86248779296875,379.9125061035156,388.3812561035156,265.80096435546875,12591096,0.0,0.0
2010-10-19 00:00:00+05:30,386.8374938964844,388.1312561035156,375.125,376.2749938964844,257.5155944824219,14077712,0.0,0.0
2010-10-20 00:00:00+05:30,376.2250061035156,380.57501220703125,373.75,377.32501220703125,258.2342224121094,7093856,0.0,0.0
2010-10-21 00:00:00+05:30,374.73126220703125,379.79998779296875,372.51251220703125,379.3062438964844,263.0762023925781,9231920,5.0,0.0
2010-10-22 00:00:00+05:30,375.65625,385.61248779296875,375.375,381.64373779296875,264.6974182128906,11345744,0.0,0.0
2010-10-25 00:00:00+05:30,382.3500061035156,384.36248779296875,376.26251220703125,377.39373779296875,261.74981689453125,5224432,0.0,0.0
2010-10-26 00:00:00+05:30,377.5,380.4125061035156,375.3374938964844,376.73126220703125,261.290283203125,6925872,0.0,0.0
2010-10-27 00:00:00+05:30,375.25,376.25,370.8999938964844,372.5249938964844,258.37286376953125,9072696,0.0,0.0
2010-10-28 00:00:00+05:30,373.0,379.11248779296875,368.5062561035156,371.35626220703125,257.56231689453125,18232152,0.0,0.0
2010-10-29 00:00:00+05:30,373.625,374.75,368.0,371.4624938964844,257.635986328125,6886024,0.0,0.0
2010-11-01 00:00:00+05:30,372.875,378.9937438964844,372.875,375.20623779296875,260.2326354980469,4552944,0.0,0.0
2010-11-02 00:00:00+05:30,375.25,379.07501220703125,373.1000061035156,378.3812561035156,262.4346618652344,4998504,0.0,0.0
2010-11-03 00:00:00+05:30,378.9937438964844,380.59375,376.8812561035156,378.04376220703125,262.2006530761719,3047536,0.0,0.0
2010-11-04 00:00:00+05:30,380.5,385.625,379.1187438964844,384.64373779296875,266.77813720703125,5514792,0.0,0.0
2010-11-08 00:00:00+05:30,385.5,385.5,375.84375,376.98748779296875,261.4679870605469,5381520,0.0,0.0
2010-11-09 00:00:00+05:30,379.6000061035156,384.375,378.75,382.4750061035156,265.2739562988281,5266960,0.0,0.0
2010-11-10 00:00:00+05:30,381.0,388.125,378.76251220703125,385.33123779296875,267.2549743652344,9728432,0.0,0.0
2010-11-11 00:00:00+05:30,385.5,385.5,381.375,381.83123779296875,264.8274841308594,5586392,0.0,0.0
2010-11-12 00:00:00+05:30,379.75,379.84375,373.625,374.73126220703125,259.9031677246094,7499456,0.0,0.0
2010-11-15 00:00:00+05:30,375.375,380.6187438964844,372.20001220703125,378.7562561035156,262.6948547363281,5850488,0.0,0.0
2010-11-16 00:00:00+05:30,376.5,377.375,367.53125,371.3687438964844,257.57098388671875,8375136,0.0,0.0
2010-11-18 00:00:00+05:30,373.625,378.98126220703125,369.83123779296875,375.4937438964844,260.4320373535156,7128224,0.0,0.0
2010-11-19 00:00:00+05:30,373.4437561035156,376.0874938964844,368.125,370.4750061035156,256.9510498046875,5664792,0.0,0.0
2010-11-22 00:00:00+05:30,371.41876220703125,383.5,371.41876220703125,380.4624938964844,263.8782043457031,8780144,0.0,0.0
2010-11-23 00:00:00+05:30,378.48748779296875,382.3500061035156,372.4937438964844,376.51251220703125,261.1385498046875,4579872,0.0,0.0
2010-11-24 00:00:00+05:30,377.98748779296875,379.36248779296875,368.78125,374.48748779296875,259.734130859375,4038888,0.0,0.0
2010-11-25 00:00:00+05:30,375.6937561035156,388.875,375.6937561035156,383.04376220703125,265.6684265136719,18331976,0.0,0.0
2010-11-26 00:00:00+05:30,383.75,388.0,378.3687438964844,380.2562561035156,263.7350769042969,9515792,0.0,0.0
2010-11-29 00:00:00+05:30,383.125,386.95623779296875,381.39373779296875,382.9937438964844,265.6338195800781,4964328,0.0,0.0
2010-11-30 00:00:00+05:30,380.4375,385.3374938964844,376.5249938964844,381.375,264.51104736328125,9072544,0.0,0.0
2010-12-01 00:00:00+05:30,381.2250061035156,383.3125,379.375,381.54998779296875,264.63232421875,4624096,0.0,0.0
2010-12-02 00:00:00+05:30,382.0,388.67498779296875,379.0,387.3125,268.6291198730469,7197360,0.0,0.0
2010-12-03 00:00:00+05:30,388.375,393.48748779296875,387.875,390.625,270.9266052246094,6647816,0.0,0.0
2010-12-06 00:00:00+05:30,391.25,397.04998779296875,390.75,392.92498779296875,272.52178955078125,6023648,0.0,0.0
2010-12-07 00:00:00+05:30,393.23126220703125,399.375,392.5249938964844,397.32501220703125,275.57354736328125,6085496,0.0,0.0
2010-12-08 00:00:00+05:30,394.875,395.51251220703125,389.25,391.39373779296875,271.4597473144531,6951112,0.0,0.0
2010-12-09 00:00:00+05:30,393.125,397.76251220703125,392.64373779296875,393.9312438964844,273.2196960449219,7931128,0.0,0.0
2010-12-10 00:00:00+05:30,393.125,395.25,389.7250061035156,393.03125,272.5955505371094,6125120,0.0,0.0
2010-12-13 00:00:00+05:30,393.625,394.54998779296875,384.375,393.1625061035156,272.6865234375,6849080,0.0,0.0
2010-12-14 00:00:00+05:30,395.4624938964844,396.75,390.8500061035156,394.83123779296875,273.8439025878906,3933584,0.0,0.0
2010-12-15 00:00:00+05:30,393.3374938964844,401.125,393.3374938964844,400.4312438964844,277.7279357910156,8254392,0.0,0.0
2010-12-16 00:00:00+05:30,402.42498779296875,412.5,401.25,411.6625061035156,285.5176086425781,8509144,0.0,0.0
2010-12-20 00:00:00+05:30,406.51251220703125,420.4750061035156,406.5,418.7437438964844,290.428955078125,11346320,0.0,0.0
2010-12-21 00:00:00+05:30,418.8187561035156,421.20001220703125,413.8812561035156,416.15625,288.63433837890625,8059840,0.0,0.0
2010-12-22 00:00:00+05:30,415.625,419.9624938964844,414.21875,416.5625,288.9161682128906,5927280,0.0,0.0
2010-12-23 00:00:00+05:30,418.0,421.5,416.15625,420.98748779296875,291.9851379394531,6231504,0.0,0.0
2010-12-24 00:00:00+05:30,418.375,422.7250061035156,417.7562561035156,421.26873779296875,292.1802062988281,3620064,0.0,0.0
2010-12-27 00:00:00+05:30,419.625,423.9750061035156,419.625,422.11248779296875,292.7654113769531,3691760,0.0,0.0
2010-12-28 00:00:00+05:30,421.375,423.7437438964844,420.4375,422.83123779296875,293.2639465332031,2554440,0.0,0.0
2010-12-29 00:00:00+05:30,422.625,426.875,421.38751220703125,425.61248779296875,295.1929016113281,3802920,0.0,0.0
2010-12-30 00:00:00+05:30,426.25,431.75,425.25,430.8687438964844,298.838623046875,8991688,0.0,0.0
2010-12-31 00:00:00+05:30,429.125,431.375,425.64373779296875,430.34375,298.474365234375,5859728,0.0,0.0
2011-01-03 00:00:00+05:30,430.5,433.7124938964844,428.4624938964844,432.29376220703125,299.8268737792969,5048544,0.0,0.0
2011-01-04 00:00:00+05:30,432.125,437.375,432.125,435.1812438964844,301.82958984375,8119288,0.0,0.0
2011-01-05 00:00:00+05:30,433.125,434.625,430.63751220703125,432.45001220703125,299.9352722167969,3523160,0.0,0.0
2011-01-06 00:00:00+05:30,435.0,436.625,430.51251220703125,434.76873779296875,301.54351806640625,4691840,0.0,0.0
2011-01-07 00:00:00+05:30,432.91876220703125,436.875,419.54376220703125,421.34375,292.2322692871094,8550928,0.0,0.0
2011-01-10 00:00:00+05:30,421.875,430.39373779296875,419.0,424.46875,294.3995666503906,10390408,0.0,0.0
2011-01-11 00:00:00+05:30,417.5,427.92498779296875,411.01251220703125,415.7124938964844,288.3265075683594,12319416,0.0,0.0
2011-01-12 00:00:00+05:30,418.75,423.75,414.7749938964844,422.1625061035156,292.80010986328125,10035400,0.0,0.0
2011-01-13 00:00:00+05:30,411.625,412.375,399.375,400.6499938964844,277.8796691894531,22352872,0.0,0.0
2011-01-14 00:00:00+05:30,398.26873779296875,409.73748779296875,398.125,400.5375061035156,277.8016662597656,10321640,0.0,0.0
2011-01-17 00:00:00+05:30,400.0,410.2124938964844,398.90625,408.6000061035156,283.3935852050781,8218616,0.0,0.0
2011-01-18 00:00:00+05:30,406.25,416.9624938964844,406.25,415.375,288.09246826171875,9797168,0.0,0.0
2011-01-19 00:00:00+05:30,413.39373779296875,414.25,404.4750061035156,406.20001220703125,281.7290344238281,6935088,0.0,0.0
2011-01-20 00:00:00+05:30,404.0,413.42498779296875,402.26251220703125,411.98748779296875,285.7430114746094,7231848,0.0,0.0
2011-01-21 00:00:00+05:30,408.875,409.75,403.875,405.48126220703125,281.23052978515625,4626824,0.0,0.0
2011-01-24 00:00:00+05:30,405.0,411.25,403.4125061035156,410.58123779296875,284.76763916015625,7501360,0.0,0.0
2011-01-25 00:00:00+05:30,408.125,413.10626220703125,404.5062561035156,407.45623779296875,282.60028076171875,9925912,0.0,0.0
2011-01-27 00:00:00+05:30,408.625,408.625,398.1875,399.61248779296875,277.15997314453125,12710648,0.0,0.0
2011-01-28 00:00:00+05:30,400.7250061035156,408.5687561035156,392.58123779296875,396.01873779296875,274.6675720214844,12684296,0.0,0.0
2011-01-31 00:00:00+05:30,392.3125,392.3125,385.7749938964844,389.7124938964844,270.293701171875,7749368,0.0,0.0
2011-02-01 00:00:00+05:30,390.7875061035156,391.04998779296875,380.38751220703125,386.1499938964844,267.8229064941406,10301688,0.0,0.0
2011-02-02 00:00:00+05:30,389.125,395.5,383.125,386.15625,267.8271789550781,9174728,0.0,0.0
2011-02-03 00:00:00+05:30,387.67498779296875,394.125,385.7749938964844,389.70001220703125,270.2850036621094,6049408,0.0,0.0
2011-02-04 00:00:00+05:30,387.375,390.4624938964844,378.29998779296875,380.98748779296875,264.2423400878906,6959880,0.0,0.0
2011-02-07 00:00:00+05:30,384.36248779296875,389.23748779296875,382.625,385.9312438964844,267.671142578125,7341128,0.0,0.0
2011-02-08 00:00:00+05:30,387.5,390.0,384.0,387.07501220703125,268.4643859863281,6023992,0.0,0.0
2011-02-09 00:00:00+05:30,385.625,394.9624938964844,383.48748779296875,391.3374938964844,271.4207458496094,7504144,0.0,0.0
2011-02-10 00:00:00+05:30,388.20623779296875,389.25,380.125,381.6499938964844,264.7018127441406,8252152,0.0,0.0
2011-02-11 00:00:00+05:30,378.7749938964844,383.5874938964844,377.54376220703125,380.10626220703125,263.631103515625,11214152,0.0,0.0
2011-02-14 00:00:00+05:30,380.5,389.7875061035156,380.0625,388.0687561035156,269.1537170410156,6979048,0.0,0.0
2011-02-15 00:00:00+05:30,387.5,391.125,384.26873779296875,388.3187561035156,269.3270568847656,4599952,0.0,0.0
2011-02-16 00:00:00+05:30,385.28125,390.4624938964844,385.13751220703125,387.875,269.0193176269531,2920384,0.0,0.0
2011-02-17 00:00:00+05:30,389.8125,391.0,387.7749938964844,389.16876220703125,269.9166259765625,3392984,0.0,0.0
2011-02-18 00:00:00+05:30,390.625,393.125,386.13751220703125,387.5375061035156,268.78515625,7102304,0.0,0.0
2011-02-21 00:00:00+05:30,387.5,397.2250061035156,384.5,395.65625,274.4161682128906,9398952,0.0,0.0
2011-02-22 00:00:00+05:30,392.5249938964844,395.875,389.25,392.73126220703125,272.3875427246094,6085648,0.0,0.0
2011-02-23 00:00:00+05:30,388.23748779296875,388.23748779296875,383.7562561035156,384.8500061035156,266.9212341308594,7076384,0.0,0.0
2011-02-24 00:00:00+05:30,381.25,385.0,374.375,376.1000061035156,260.8524169921875,16486520,0.0,0.0
2011-02-25 00:00:00+05:30,377.8999938964844,380.33123779296875,370.75,375.9125061035156,260.722412109375,10366720,0.0,0.0
2011-02-28 00:00:00+05:30,377.75,391.8500061035156,370.92498779296875,374.63751220703125,259.838134765625,14514472,0.0,0.0
2011-03-01 00:00:00+05:30,378.75,388.5,376.0,385.29998779296875,267.2332763671875,8377632,0.0,0.0
2011-03-03 00:00:00+05:30,382.26251220703125,382.375,375.125,378.26251220703125,262.3523864746094,12571856,0.0,0.0
2011-03-04 00:00:00+05:30,383.375,386.25,381.0,382.7749938964844,265.4820556640625,9770912,0.0,0.0
2011-03-07 00:00:00+05:30,379.5,384.375,378.1875,380.3374938964844,263.79150390625,7357728,0.0,0.0
2011-03-08 00:00:00+05:30,378.78125,391.5,377.5249938964844,389.5375061035156,270.1723937988281,8514512,0.0,0.0
2011-03-09 00:00:00+05:30,390.0,391.6000061035156,383.875,386.9375,268.3689880371094,6676440,0.0,0.0
2011-03-10 00:00:00+05:30,386.875,387.5,382.8125,386.28125,267.9139099121094,3438200,0.0,0.0
2011-03-11 00:00:00+05:30,383.5,384.875,380.625,381.73748779296875,264.76239013671875,7278272,0.0,0.0
2011-03-14 00:00:00+05:30,379.375,388.5,378.83123779296875,387.6000061035156,268.82855224609375,3557952,0.0,0.0
2011-03-15 00:00:00+05:30,379.0,382.36248779296875,375.75,378.76873779296875,262.70343017578125,9037824,0.0,0.0
2011-03-16 00:00:00+05:30,378.125,382.6812438964844,377.5062561035156,378.86248779296875,262.76849365234375,5594720,0.0,0.0
2011-03-17 00:00:00+05:30,373.01251220703125,374.875,371.375,372.3374938964844,258.24285888671875,8321376,0.0,0.0
2011-03-18 00:00:00+05:30,372.51873779296875,374.3500061035156,366.57501220703125,367.63751220703125,254.98316955566406,7468000,0.0,0.0
2011-03-21 00:00:00+05:30,368.92498779296875,369.625,363.04376220703125,365.2875061035156,253.35321044921875,6607096,0.0,0.0
2011-03-22 00:00:00+05:30,366.89373779296875,369.59375,365.5,367.8812561035156,255.15223693847656,5119744,0.0,0.0
2011-03-23 00:00:00+05:30,366.84375,374.8500061035156,365.875,374.16876220703125,259.5130615234375,7266720,0.0,0.0
2011-03-24 00:00:00+05:30,374.1187438964844,376.5249938964844,372.34375,375.3500061035156,260.33233642578125,8189232,0.0,0.0
2011-03-25 00:00:00+05:30,380.5,398.125,380.0062561035156,395.3812561035156,274.2253723144531,12662792,0.0,0.0
2011-03-28 00:00:00+05:30,392.375,394.6937561035156,388.71875,392.4437561035156,272.1880798339844,12056632,0.0,0.0
2011-03-29 00:00:00+05:30,391.5,398.5874938964844,391.1187438964844,396.66876220703125,275.1184387207031,9860592,0.0,0.0
2011-03-30 00:00:00+05:30,396.5,400.4375,394.58123779296875,396.36248779296875,274.9059753417969,5608128,0.0,0.0
2011-03-31 00:00:00+05:30,397.75,408.125,395.48748779296875,405.1625061035156,281.0093994140625,18839928,0.0,0.0
2011-04-01 00:00:00+05:30,404.38751220703125,407.03125,401.0,402.26873779296875,279.0024108886719,5588288,0.0,0.0
2011-04-04 00:00:00+05:30,403.125,412.0,402.625,410.39373779296875,284.6375732421875,7375992,0.0,0.0
2011-04-05 00:00:00+05:30,409.6187438964844,411.625,403.88751220703125,410.40625,284.6463928222656,4302536,0.0,0.0
2011-04-06 00:00:00+05:30,409.875,412.375,406.5062561035156,409.39373779296875,283.9441223144531,6766920,0.0,0.0
2011-04-07 00:00:00+05:30,407.73748779296875,407.73748779296875,404.7124938964844,405.73748779296875,281.408203125,3800288,0.0,0.0
2011-04-08 00:00:00+05:30,405.25,408.08123779296875,400.9312438964844,403.4125061035156,279.795654296875,4832928,0.0,0.0
2011-04-11 00:00:00+05:30,399.4125061035156,407.7250061035156,397.625,405.20001220703125,281.0353698730469,8000064,0.0,0.0
2011-04-13 00:00:00+05:30,401.375,414.63751220703125,399.5,413.2749938964844,286.6360168457031,11068904,0.0,0.0
2011-04-15 00:00:00+05:30,412.01873779296875,412.32501220703125,372.1875,373.6875,259.17926025390625,81019736,0.0,0.0
2011-04-18 00:00:00+05:30,364.875,370.875,360.0,363.26251220703125,251.9488525390625,41086712,0.0,0.0
2011-04-19 00:00:00+05:30,363.25,365.875,360.125,360.91876220703125,250.3232421875,19210632,0.0,0.0
2011-04-20 00:00:00+05:30,364.875,365.98748779296875,361.375,363.4125061035156,252.0528106689453,17949856,0.0,0.0
2011-04-21 00:00:00+05:30,364.8374938964844,367.5625,362.63751220703125,363.75,252.28680419921875,23953696,0.0,0.0
2011-04-25 00:00:00+05:30,364.375,370.4937438964844,363.42498779296875,367.6625061035156,255.0004425048828,15527240,0.0,0.0
2011-04-26 00:00:00+05:30,366.875,369.3687438964844,365.0,367.79376220703125,255.09146118164062,18230880,0.0,0.0
2011-04-27 00:00:00+05:30,368.125,370.58123779296875,367.8125,369.14373779296875,256.02777099609375,9981328,0.0,0.0
2011-04-28 00:00:00+05:30,368.625,369.75,365.125,366.14373779296875,253.9471435546875,23419304,0.0,0.0
2011-04-29 00:00:00+05:30,363.75,366.125,360.9937438964844,363.28125,251.96173095703125,16254336,0.0,0.0
2011-05-02 00:00:00+05:30,364.8812561035156,368.0,363.75,365.3187561035156,253.37490844726562,13468184,0.0,0.0
2011-05-03 00:00:00+05:30,365.0,369.64373779296875,362.4937438964844,363.8812561035156,252.37786865234375,13234040,0.0,0.0
2011-05-04 00:00:00+05:30,362.625,363.125,355.34375,358.71875,248.7973175048828,16924400,0.0,0.0
2011-05-05 00:00:00+05:30,358.4125061035156,359.86248779296875,354.625,356.0625,246.95509338378906,12661232,0.0,0.0
2011-05-06 00:00:00+05:30,357.23748779296875,363.75,356.0,361.625,250.81300354003906,11930664,0.0,0.0
2011-05-09 00:00:00+05:30,363.75,364.625,358.4375,363.5687561035156,252.1611328125,4938200,0.0,0.0
2011-05-10 00:00:00+05:30,363.4624938964844,365.61248779296875,359.0,360.0062561035156,249.69032287597656,4873368,0.0,0.0
2011-05-11 00:00:00+05:30,360.25,365.5,359.9937438964844,363.2562561035156,251.9443359375,6410072,0.0,0.0
2011-05-12 00:00:00+05:30,362.23748779296875,363.625,359.0,360.15625,249.79434204101562,4996480,0.0,0.0
2011-05-13 00:00:00+05:30,360.3999938964844,364.0,358.90625,359.79376220703125,249.54296875,8282336,0.0,0.0
2011-05-16 00:00:00+05:30,359.5,359.5,355.29376220703125,356.29998779296875,247.1197052001953,6469368,0.0,0.0
2011-05-17 00:00:00+05:30,356.04998779296875,359.6625061035156,352.9937438964844,355.51873779296875,246.57786560058594,7570472,0.0,0.0
2011-05-18 00:00:00+05:30,356.25,360.29376220703125,350.375,355.3125,246.43479919433594,10176496,0.0,0.0
2011-05-19 00:00:00+05:30,357.4624938964844,357.4624938964844,354.45001220703125,355.8062438964844,246.7772979736328,7455960,0.0,0.0
2011-05-20 00:00:00+05:30,355.625,357.9624938964844,354.01873779296875,356.23126220703125,247.07208251953125,8023672,0.0,0.0
2011-05-23 00:00:00+05:30,355.98126220703125,356.6000061035156,353.48126220703125,354.6312561035156,245.96229553222656,6778880,0.0,0.0
2011-05-24 00:00:00+05:30,354.125,357.98126220703125,354.125,355.5625,246.60826110839844,7625464,0.0,0.0
2011-05-25 00:00:00+05:30,353.4624938964844,353.4624938964844,344.57501220703125,348.58123779296875,241.76622009277344,11075416,0.0,0.0
2011-05-26 00:00:00+05:30,349.25,349.71875,344.75,347.0687561035156,242.4561004638672,8476176,2.5,0.0
2011-05-27 00:00:00+05:30,345.0,350.875,345.0,348.4375,243.41224670410156,6264944,0.0,0.0
2011-05-30 00:00:00+05:30,350.76251220703125,350.76251220703125,345.125,347.57501220703125,242.80975341796875,6867352,0.0,0.0
2011-05-31 00:00:00+05:30,349.125,352.25,347.0687561035156,348.20623779296875,243.25074768066406,20410608,0.0,0.0
2011-06-01 00:00:00+05:30,349.25,353.0,348.0,351.4437561035156,245.51242065429688,8105864,0.0,0.0
2011-06-02 00:00:00+05:30,347.5,352.5,347.125,350.3812561035156,244.77015686035156,7117288,0.0,0.0
2011-06-03 00:00:00+05:30,351.375,355.3500061035156,351.36248779296875,352.0249938964844,245.9184112548828,6293384,0.0,0.0
2011-06-06 00:00:00+05:30,352.75,355.7437438964844,349.39373779296875,354.73748779296875,247.8133087158203,3769264,0.0,0.0
2011-06-07 00:00:00+05:30,353.7562561035156,363.0,353.7562561035156,361.5687561035156,252.58554077148438,7978664,0.0,0.0
2011-06-08 00:00:00+05:30,361.125,361.5249938964844,358.40625,358.9624938964844,250.76487731933594,5945968,0.0,0.0
2011-06-09 00:00:00+05:30,360.1875,360.1875,356.8187561035156,357.6875,249.8741455078125,4221616,0.0,0.0
2011-06-10 00:00:00+05:30,358.5625,360.1000061035156,356.3999938964844,357.79376220703125,249.94834899902344,7187264,0.0,0.0
2011-06-13 00:00:00+05:30,356.0625,360.2749938964844,352.4624938964844,359.70001220703125,251.28005981445312,7733184,0.0,0.0
2011-06-14 00:00:00+05:30,359.7250061035156,360.4375,358.09375,359.0375061035156,250.81727600097656,7870104,0.0,0.0
2011-06-15 00:00:00+05:30,357.71875,357.71875,353.36248779296875,354.45001220703125,247.612548828125,7335880,0.0,0.0
2011-06-16 00:00:00+05:30,353.625,353.625,349.3812561035156,350.0375061035156,244.5299530029297,7628960,0.0,0.0
2011-06-17 00:00:00+05:30,350.01251220703125,350.41876220703125,341.4125061035156,346.20623779296875,241.8535919189453,8525168,0.0,0.0
2011-06-20 00:00:00+05:30,346.0375061035156,347.46875,331.5625,338.6937561035156,236.6054229736328,12458152,0.0,0.0
2011-06-21 00:00:00+05:30,340.375,344.375,336.6625061035156,340.89373779296875,238.14222717285156,7542816,0.0,0.0
2011-06-22 00:00:00+05:30,344.125,347.7124938964844,342.76251220703125,344.3812561035156,240.57861328125,5625000,0.0,0.0
2011-06-23 00:00:00+05:30,343.75,348.63751220703125,341.9375,347.38751220703125,242.67877197265625,4158768,0.0,0.0
2011-06-24 00:00:00+05:30,348.875,359.7124938964844,348.875,357.4937438964844,249.73875427246094,11219288,0.0,0.0
2011-06-27 00:00:00+05:30,353.95623779296875,365.375,352.53125,358.8812561035156,250.70811462402344,10724296,0.0,0.0
2011-06-28 00:00:00+05:30,358.7562561035156,359.60626220703125,355.4750061035156,358.1625061035156,250.20596313476562,4486792,0.0,0.0
2011-06-29 00:00:00+05:30,358.5,363.375,358.5,360.21875,251.64242553710938,4800752,0.0,0.0
2011-06-30 00:00:00+05:30,360.7562561035156,364.875,360.1875,363.8062438964844,254.1485595703125,11341840,0.0,0.0
2011-07-01 00:00:00+05:30,366.875,371.2437438964844,365.51251220703125,366.76873779296875,256.2181701660156,6402464,0.0,0.0
2011-07-04 00:00:00+05:30,370.83123779296875,372.125,366.875,367.3687438964844,256.63726806640625,4114592,0.0,0.0
2011-07-05 00:00:00+05:30,369.625,371.23748779296875,365.75,369.5562438964844,258.1654968261719,6423728,0.0,0.0
2011-07-06 00:00:00+05:30,368.375,371.5562438964844,367.13751220703125,369.2124938964844,257.9253234863281,3440224,0.0,0.0
2011-07-07 00:00:00+05:30,369.3999938964844,375.0,367.875,374.4624938964844,261.5928649902344,5751472,0.0,0.0
2011-07-08 00:00:00+05:30,375.0,377.98748779296875,370.90625,372.0687561035156,259.9205627441406,5669792,0.0,0.0
2011-07-11 00:00:00+05:30,369.23748779296875,372.01251220703125,361.0687561035156,365.14373779296875,255.08291625976562,9206520,0.0,0.0
2011-07-12 00:00:00+05:30,356.25,356.25,343.3500061035156,348.9437561035156,243.76597595214844,29652656,0.0,0.0
2011-07-13 00:00:00+05:30,345.75,350.91876220703125,345.1312561035156,347.1625061035156,242.5215606689453,13338168,0.0,0.0
2011-07-14 00:00:00+05:30,345.03125,345.5,341.375,342.54376220703125,239.29502868652344,10891224,0.0,0.0
2011-07-15 00:00:00+05:30,343.0,345.3687438964844,340.0,341.41876220703125,238.50918579101562,6392624,0.0,0.0
2011-07-18 00:00:00+05:30,341.875,342.90625,338.41876220703125,339.17498779296875,236.94161987304688,9408656,0.0,0.0
2011-07-19 00:00:00+05:30,340.125,345.25,339.58123779296875,343.8125,240.18128967285156,8324424,0.0,0.0
2011-07-20 00:00:00+05:30,346.6000061035156,346.6000061035156,343.125,344.0562438964844,240.35157775878906,6222712,0.0,0.0
2011-07-21 00:00:00+05:30,343.1499938964844,348.0625,342.1000061035156,346.01251220703125,241.71823120117188,5897088,0.0,0.0
2011-07-22 00:00:00+05:30,348.0375061035156,355.5,346.25,353.53125,246.9706268310547,7749624,0.0,0.0
2011-07-25 00:00:00+05:30,352.25,353.1312561035156,348.88751220703125,350.96875,245.18052673339844,7404256,0.0,0.0
2011-07-26 00:00:00+05:30,351.125,353.0,348.4375,350.2250061035156,244.66098022460938,6848736,0.0,0.0
2011-07-27 00:00:00+05:30,350.125,354.48748779296875,348.8999938964844,349.58123779296875,244.2112579345703,8506440,0.0,0.0
2011-07-28 00:00:00+05:30,345.625,346.73748779296875,341.8125,343.88751220703125,240.23370361328125,9481376,0.0,0.0
2011-07-29 00:00:00+05:30,342.625,347.8062438964844,340.67498779296875,346.98748779296875,242.39927673339844,9757592,0.0,0.0
2011-08-01 00:00:00+05:30,347.51251220703125,352.9750061035156,347.51251220703125,351.88751220703125,245.8223876953125,6094952,0.0,0.0
2011-08-02 00:00:00+05:30,349.8187561035156,349.8187561035156,343.125,343.8687438964844,240.22061157226562,4932528,0.0,0.0
2011-08-03 00:00:00+05:30,341.875,342.4624938964844,338.5625,341.57501220703125,238.61822509765625,5646088,0.0,0.0
2011-08-04 00:00:00+05:30,342.5,344.9937438964844,338.0,338.64373779296875,236.57058715820312,6529888,0.0,0.0
2011-08-05 00:00:00+05:30,330.45001220703125,330.45001220703125,315.625,323.8999938964844,226.27081298828125,15758072,0.0,0.0
2011-08-08 00:00:00+05:30,312.5,312.5,303.875,308.8125,215.73094177246094,16170240,0.0,0.0
2011-08-09 00:00:00+05:30,293.875,304.9937438964844,293.7749938964844,296.8187561035156,207.35231018066406,16849744,0.0,0.0
2011-08-10 00:00:00+05:30,306.0,309.54998779296875,301.38751220703125,305.88751220703125,213.68760681152344,13955960,0.0,0.0
2011-08-11 00:00:00+05:30,304.0,308.625,301.8687438964844,305.07501220703125,213.11996459960938,8206232,0.0,0.0
2011-08-12 00:00:00+05:30,311.0,311.0,292.79376220703125,296.8999938964844,207.4091033935547,14098080,0.0,0.0
2011-08-16 00:00:00+05:30,303.75,304.78125,296.5375061035156,299.9125061035156,209.51353454589844,10146704,0.0,0.0
2011-08-17 00:00:00+05:30,299.5,308.1875,299.5,306.1187438964844,213.84912109375,8531328,0.0,0.0
2011-08-18 00:00:00+05:30,308.125,308.51251220703125,292.875,294.26251220703125,205.566650390625,10674664,0.0,0.0
2011-08-19 00:00:00+05:30,284.25,284.25,271.45001220703125,278.0874938964844,194.26699829101562,28899200,0.0,0.0
2011-08-22 00:00:00+05:30,276.73748779296875,280.63751220703125,271.875,274.32501220703125,191.6385955810547,15708072,0.0,0.0
2011-08-23 00:00:00+05:30,275.15625,287.83123779296875,274.25,284.6187438964844,198.82962036132812,17143440,0.0,0.0
2011-08-24 00:00:00+05:30,285.0,285.6187438964844,278.75,281.36248779296875,196.55484008789062,8606144,0.0,0.0
2011-08-25 00:00:00+05:30,281.2749938964844,283.13751220703125,270.1875,272.92498779296875,190.66053771972656,26853752,0.0,0.0
2011-08-26 00:00:00+05:30,273.3125,281.61248779296875,272.83123779296875,275.3187561035156,192.33282470703125,21021960,0.0,0.0
2011-08-29 00:00:00+05:30,279.875,289.03125,279.0,287.03125,200.51495361328125,11222528,0.0,0.0
2011-08-30 00:00:00+05:30,291.375,295.0,285.0,292.8687438964844,204.59292602539062,12142920,0.0,0.0
2011-09-02 00:00:00+05:30,298.125,298.125,284.4125061035156,289.8999938964844,202.51898193359375,14960904,0.0,0.0
2011-09-05 00:00:00+05:30,286.7124938964844,286.7124938964844,280.0249938964844,283.13751220703125,197.7948455810547,10902544,0.0,0.0
2011-09-06 00:00:00+05:30,281.73748779296875,290.0,277.78125,287.8187561035156,201.06512451171875,10816696,0.0,0.0
2011-09-07 00:00:00+05:30,287.23748779296875,289.2875061035156,283.45623779296875,286.4312438964844,200.09580993652344,13157432,0.0,0.0
2011-09-08 00:00:00+05:30,287.5,294.25,287.375,292.3062438964844,204.19993591308594,11027872,0.0,0.0
2011-09-09 00:00:00+05:30,291.01251220703125,291.01251220703125,282.625,284.2875061035156,198.59815979003906,12392104,0.0,0.0
2011-09-12 00:00:00+05:30,276.0,277.16876220703125,272.58123779296875,274.8062438964844,191.97474670410156,8198264,0.0,0.0
2011-09-13 00:00:00+05:30,277.88751220703125,282.4624938964844,274.46875,277.7562561035156,194.0355682373047,10365216,0.0,0.0
2011-09-14 00:00:00+05:30,281.375,295.86248779296875,281.125,293.95623779296875,205.35264587402344,17236880,0.0,0.0
2011-09-15 00:00:00+05:30,297.25,303.5625,291.25,301.23748779296875,210.43917846679688,13703456,0.0,0.0
2011-09-16 00:00:00+05:30,307.23748779296875,307.23748779296875,296.70001220703125,299.39373779296875,209.15113830566406,11304104,0.0,0.0
2011-09-19 00:00:00+05:30,299.875,301.45001220703125,294.51251220703125,295.33123779296875,206.31317138671875,6558432,0.0,0.0
2011-09-20 00:00:00+05:30,297.125,305.0,296.89373779296875,304.5687561035156,212.76626586914062,9008904,0.0,0.0
2011-09-21 00:00:00+05:30,305.0,306.86248779296875,302.5,304.45623779296875,212.68771362304688,7402480,0.0,0.0
2011-09-22 00:00:00+05:30,298.0,301.4750061035156,292.08123779296875,294.07501220703125,205.43556213378906,9037856,0.0,0.0
2011-09-23 00:00:00+05:30,291.0,298.7250061035156,290.125,292.3500061035156,204.23052978515625,10448432,0.0,0.0
2011-09-26 00:00:00+05:30,293.125,295.625,287.63751220703125,294.375,205.6451416015625,6544288,0.0,0.0
2011-09-27 00:00:00+05:30,297.1499938964844,308.58123779296875,297.1499938964844,305.51873779296875,213.42996215820312,10341024,0.0,0.0
2011-09-28 00:00:00+05:30,310.0,317.5,306.5625,308.78125,215.70907592773438,20061760,0.0,0.0
2011-09-29 00:00:00+05:30,310.25,321.2437438964844,308.90625,318.88751220703125,222.7691650390625,23256344,0.0,0.0
2011-09-30 00:00:00+05:30,316.48748779296875,320.5,313.5249938964844,316.6312561035156,221.19297790527344,10730656,0.0,0.0
2011-10-03 00:00:00+05:30,311.25,314.75,308.4624938964844,309.48748779296875,216.20249938964844,9885128,0.0,0.0
2011-10-04 00:00:00+05:30,306.5249938964844,310.21875,301.70001220703125,304.8125,212.93663024902344,7838480,0.0,0.0
2011-10-05 00:00:00+05:30,307.2437438964844,312.375,303.51251220703125,305.8687438964844,213.67449951171875,10771856,0.0,0.0
2011-10-07 00:00:00+05:30,320.0,321.86248779296875,310.95623779296875,313.5874938964844,219.06666564941406,18457728,0.0,0.0
2011-10-10 00:00:00+05:30,318.125,325.11248779296875,316.04998779296875,323.7437438964844,226.16168212890625,16946432,0.0,0.0
2011-10-11 00:00:00+05:30,324.17498779296875,324.375,311.25,313.0687561035156,218.70428466796875,22339248,0.0,0.0
2011-10-12 00:00:00+05:30,324.375,336.0,324.375,334.91876220703125,233.96827697753906,34633704,0.0,0.0
2011-10-13 00:00:00+05:30,339.875,341.125,335.625,337.0874938964844,235.4833526611328,18041536,0.0,0.0
2011-10-14 00:00:00+05:30,338.88751220703125,344.5874938964844,335.7875061035156,342.96875,239.59193420410156,19600992,0.0,0.0
2011-10-17 00:00:00+05:30,345.13751220703125,345.61248779296875,340.0249938964844,343.3187561035156,239.83639526367188,14145496,0.0,0.0
2011-10-18 00:00:00+05:30,337.48748779296875,340.625,335.9624938964844,337.6937561035156,235.90689086914062,10518136,0.0,0.0
2011-10-19 00:00:00+05:30,340.25,341.875,337.63751220703125,340.96875,238.1947479248047,10135320,0.0,0.0
2011-10-20 00:00:00+05:30,336.5,344.625,335.9437561035156,343.4437561035156,241.25038146972656,5573680,1.875,0.0
2011-10-21 00:00:00+05:30,343.4437561035156,343.625,338.375,340.33123779296875,239.06402587890625,6858312,0.0,0.0
2011-10-24 00:00:00+05:30,343.75,346.8500061035156,342.6499938964844,345.9125061035156,242.98458862304688,6075592,0.0,0.0
2011-10-25 00:00:00+05:30,351.375,362.375,351.375,357.3374938964844,251.00999450683594,15677584,0.0,0.0
2011-10-28 00:00:00+05:30,365.125,371.41876220703125,355.6312561035156,357.33123779296875,251.00559997558594,24868784,0.0,0.0
2011-10-31 00:00:00+05:30,357.0,362.21875,357.0,359.6937561035156,252.66513061523438,10291624,0.0,0.0
2011-11-01 00:00:00+05:30,355.0,359.26251220703125,352.25,354.57501220703125,249.0694580078125,7906192,0.0,0.0
2011-11-02 00:00:00+05:30,352.5,356.73748779296875,352.17498779296875,354.29998779296875,248.87628173828125,5317856,0.0,0.0
2011-11-03 00:00:00+05:30,354.25,355.25,345.8999938964844,350.26251220703125,246.04022216796875,10779624,0.0,0.0
2011-11-04 00:00:00+05:30,355.625,356.36248779296875,348.9437561035156,353.2437438964844,248.13436889648438,7643688,0.0,0.0
2011-11-08 00:00:00+05:30,351.8812561035156,356.0,348.85626220703125,355.26251220703125,249.5524444580078,6107336,0.0,0.0
2011-11-09 00:00:00+05:30,355.625,358.40625,353.125,354.4125061035156,248.9553985595703,6679648,0.0,0.0
2011-11-11 00:00:00+05:30,326.3374938964844,350.9624938964844,326.3374938964844,346.9624938964844,243.72213745117188,9441224,0.0,0.0
2011-11-14 00:00:00+05:30,351.26873779296875,354.04998779296875,349.75,351.1000061035156,246.62847900390625,4633040,0.0,0.0
2011-11-15 00:00:00+05:30,350.01251220703125,352.5,347.6937561035156,349.7875061035156,245.70648193359375,5098024,0.0,0.0
2011-11-16 00:00:00+05:30,349.375,350.5,344.7875061035156,347.2875061035156,243.9503936767578,6552648,0.0,0.0
2011-11-17 00:00:00+05:30,346.0375061035156,348.625,341.61248779296875,344.1875,241.77281188964844,6366984,0.0,0.0
2011-11-18 00:00:00+05:30,341.3812561035156,345.5562438964844,340.0,342.6000061035156,240.65757751464844,4737896,0.0,0.0
2011-11-21 00:00:00+05:30,340.0,341.85626220703125,328.2875061035156,333.76251220703125,234.4498291015625,9365792,0.0,0.0
2011-11-22 00:00:00+05:30,325.0,345.61248779296875,325.0,340.5,239.18252563476562,14859512,0.0,0.0
2011-11-23 00:00:00+05:30,334.375,336.1937561035156,327.16876220703125,331.58123779296875,232.91757202148438,12792816,0.0,0.0
2011-11-24 00:00:00+05:30,330.125,335.5,323.32501220703125,333.2749938964844,234.10739135742188,13231776,0.0,0.0
2011-11-25 00:00:00+05:30,331.875,331.875,323.875,324.9624938964844,228.26828002929688,8022528,0.0,0.0
2011-11-28 00:00:00+05:30,327.5062561035156,331.23748779296875,326.5562438964844,329.51873779296875,231.4688262939453,7290208,0.0,0.0
2011-11-29 00:00:00+05:30,327.7749938964844,328.5062561035156,322.65625,324.7437438964844,228.1146240234375,10659368,0.0,0.0
2011-11-30 00:00:00+05:30,322.625,328.125,320.125,325.85626220703125,228.89617919921875,11640232,0.0,0.0
2011-12-01 00:00:00+05:30,334.25,336.35626220703125,328.82501220703125,331.91876220703125,233.1547088623047,8125208,0.0,0.0
2011-12-02 00:00:00+05:30,331.375,339.4312438964844,330.98748779296875,336.76873779296875,236.5615692138672,9451408,0.0,0.0
2011-12-05 00:00:00+05:30,336.25,339.71875,334.3999938964844,337.64373779296875,237.17616271972656,7468184,0.0,0.0
2011-12-07 00:00:00+05:30,338.125,346.54998779296875,335.5062561035156,344.8687438964844,242.25137329101562,8070392,0.0,0.0
2011-12-08 00:00:00+05:30,343.375,344.75,337.01251220703125,340.4312438964844,239.1342315673828,7295584,0.0,0.0
2011-12-09 00:00:00+05:30,333.51873779296875,342.4750061035156,332.5249938964844,338.7875061035156,237.97958374023438,10570752,0.0,0.0
2011-12-12 00:00:00+05:30,339.98748779296875,344.5,337.2250061035156,342.53125,240.60940551757812,11025800,0.0,0.0
2011-12-13 00:00:00+05:30,341.4125061035156,345.61248779296875,338.5874938964844,344.0249938964844,241.65867614746094,9648336,0.0,0.0
2011-12-14 00:00:00+05:30,343.75,345.90625,340.625,342.53125,240.60940551757812,9857632,0.0,0.0
2011-12-15 00:00:00+05:30,340.7875061035156,341.79376220703125,333.125,339.54376220703125,238.51087951660156,10053168,0.0,0.0
2011-12-16 00:00:00+05:30,336.875,348.6000061035156,336.4937438964844,340.5625,239.2264404296875,13669288,0.0,0.0
2011-12-19 00:00:00+05:30,336.25,337.9437561035156,331.9750061035156,334.54998779296875,235.00296020507812,12064432,0.0,0.0
2011-12-20 00:00:00+05:30,336.25,337.26873779296875,331.38751220703125,333.59375,234.331298828125,10484608,0.0,0.0
2011-12-21 00:00:00+05:30,339.875,344.3500061035156,335.0,342.875,240.85076904296875,8422920,0.0,0.0
2011-12-22 00:00:00+05:30,331.25,343.5,331.25,340.10626220703125,238.9059600830078,12707136,0.0,0.0
2011-12-23 00:00:00+05:30,342.5,342.5,335.40625,336.84375,236.61419677734375,7045296,0.0,0.0
2011-12-26 00:00:00+05:30,336.375,348.375,336.375,346.98126220703125,243.73533630371094,4236568,0.0,0.0
2011-12-27 00:00:00+05:30,345.625,349.875,342.03125,344.92498779296875,242.2908477783203,6178200,0.0,0.0
2011-12-28 00:00:00+05:30,346.125,350.5,343.9437561035156,347.75,244.27528381347656,6851248,0.0,0.0
2011-12-29 00:00:00+05:30,344.75,346.86248779296875,341.3812561035156,342.76251220703125,240.77182006835938,8837168,0.0,0.0
2011-12-30 00:00:00+05:30,343.0,346.875,342.6875,345.95623779296875,243.01519775390625,5308816,0.0,0.0
2012-01-02 00:00:00+05:30,344.8999938964844,352.08123779296875,342.75,351.1187438964844,246.64157104492188,5826176,0.0,0.0
2012-01-03 00:00:00+05:30,353.01251220703125,360.8687438964844,352.5,358.0375061035156,251.5016632080078,8903008,0.0,0.0
2012-01-04 00:00:00+05:30,355.625,359.375,355.1312561035156,356.79998779296875,250.6324005126953,7341424,0.0,0.0
2012-01-05 00:00:00+05:30,354.8999938964844,359.5,353.9312438964844,355.01873779296875,249.38111877441406,7125272,0.0,0.0
2012-01-06 00:00:00+05:30,354.75,358.45001220703125,351.38751220703125,354.01873779296875,248.67869567871094,7087632,0.0,0.0
2012-01-09 00:00:00+05:30,355.9375,358.2875061035156,352.1499938964844,354.5687561035156,249.06504821777344,8265784,0.0,0.0
2012-01-10 00:00:00+05:30,358.75,359.42498779296875,356.2749938964844,357.95001220703125,251.4402313232422,11179176,0.0,0.0
2012-01-11 00:00:00+05:30,358.5,361.86248779296875,351.625,353.32501220703125,248.19143676757812,13795800,0.0,0.0
2012-01-12 00:00:00+05:30,343.75,343.75,322.2562561035156,323.53125,227.26296997070312,48970600,0.0,0.0
2012-01-13 00:00:00+05:30,327.25,327.375,319.03125,323.0249938964844,226.9073028564453,20898944,0.0,0.0
2012-01-16 00:00:00+05:30,322.65625,330.5,322.38751220703125,330.01873779296875,231.81996154785156,13188736,0.0,0.0
2012-01-17 00:00:00+05:30,331.25,334.1000061035156,329.23126220703125,332.7562561035156,233.74301147460938,8740424,0.0,0.0
2012-01-18 00:00:00+05:30,330.5,330.5,323.125,326.5062561035156,229.35267639160156,9700424,0.0,0.0
2012-01-19 00:00:00+05:30,327.0,327.8500061035156,322.07501220703125,324.3374938964844,227.82931518554688,9652336,0.0,0.0
2012-01-20 00:00:00+05:30,324.5,326.2124938964844,322.0375061035156,323.6000061035156,227.3112335205078,11635712,0.0,0.0
2012-01-23 00:00:00+05:30,323.75,326.9375,323.625,325.0375061035156,228.3209228515625,5160864,0.0,0.0
2012-01-24 00:00:00+05:30,327.25,329.95001220703125,324.375,327.6000061035156,230.12100219726562,5653208,0.0,0.0
2012-01-25 00:00:00+05:30,329.375,334.375,328.125,333.2250061035156,234.0723114013672,10545360,0.0,0.0
2012-01-27 00:00:00+05:30,337.75,341.875,335.7749938964844,340.625,239.27040100097656,12218872,0.0,0.0
2012-01-30 00:00:00+05:30,337.36248779296875,340.6499938964844,336.25,339.0375061035156,238.1552276611328,9588456,0.0,0.0
2012-01-31 00:00:00+05:30,339.0,344.33123779296875,338.25,343.25,241.1143035888672,8658896,0.0,0.0
2012-02-01 00:00:00+05:30,342.4624938964844,343.5,336.95623779296875,342.8374938964844,240.82449340820312,6269336,0.0,0.0
2012-02-02 00:00:00+05:30,342.51251220703125,347.875,341.25,344.625,242.08013916015625,11538256,0.0,0.0
2012-02-03 00:00:00+05:30,342.5062561035156,349.0,342.5062561035156,347.90625,244.3850555419922,11637200,0.0,0.0
2012-02-06 00:00:00+05:30,350.63751220703125,350.98748779296875,344.01251220703125,347.13751220703125,243.8450164794922,7937680,0.0,0.0
2012-02-07 00:00:00+05:30,350.625,350.625,339.20623779296875,340.9375,239.48989868164062,7221640,0.0,0.0
2012-02-08 00:00:00+05:30,343.5,347.75,342.66876220703125,346.14373779296875,243.14694213867188,6671496,0.0,0.0
2012-02-09 00:00:00+05:30,343.625,352.76251220703125,341.48126220703125,351.23748779296875,246.72509765625,10156840,0.0,0.0
2012-02-10 00:00:00+05:30,349.875,350.25,343.89373779296875,348.79998779296875,245.01275634765625,5177616,0.0,0.0
2012-02-13 00:00:00+05:30,346.90625,350.0625,344.63751220703125,348.54998779296875,244.8373260498047,5734008,0.0,0.0
2012-02-14 00:00:00+05:30,347.0,351.23748779296875,345.5,350.1312561035156,245.94796752929688,5477768,0.0,0.0
2012-02-15 00:00:00+05:30,351.875,359.375,351.875,358.01251220703125,251.48422241210938,7178328,0.0,0.0
2012-02-16 00:00:00+05:30,358.0,364.7124938964844,357.5687561035156,363.6187438964844,255.42218017578125,8256552,0.0,0.0
2012-02-17 00:00:00+05:30,364.53125,372.25,362.51873779296875,368.4750061035156,258.8334045410156,11457280,0.0,0.0
2012-02-21 00:00:00+05:30,366.25,369.98748779296875,363.90625,367.28125,257.9948425292969,6049224,0.0,0.0
2012-02-22 00:00:00+05:30,363.1499938964844,374.25,363.1499938964844,369.03125,259.2242126464844,10413120,0.0,0.0
2012-02-23 00:00:00+05:30,367.375,372.82501220703125,364.5249938964844,366.64373779296875,257.5471496582031,10474960,0.0,0.0
2012-02-24 00:00:00+05:30,366.5,371.75,365.4375,368.5062561035156,258.8554382324219,8536440,0.0,0.0
2012-02-27 00:00:00+05:30,370.625,370.625,359.0,360.41876220703125,253.17433166503906,6910568,0.0,0.0
2012-02-28 00:00:00+05:30,360.75,363.75,356.8687438964844,359.04998779296875,252.21286010742188,7950200,0.0,0.0
2012-02-29 00:00:00+05:30,361.75,363.51251220703125,358.0249938964844,360.4312438964844,253.18310546875,8868408,0.0,0.0
2012-03-01 00:00:00+05:30,356.4437561035156,359.375,350.625,357.08123779296875,250.82997131347656,9806632,0.0,0.0
2012-03-02 00:00:00+05:30,358.125,358.125,351.63751220703125,355.7124938964844,249.86854553222656,6077656,0.0,0.0
2012-03-05 00:00:00+05:30,357.26251220703125,357.98126220703125,349.5874938964844,351.23126220703125,246.7206573486328,5780456,0.0,0.0
2012-03-06 00:00:00+05:30,350.63751220703125,360.0,350.13751220703125,356.5562438964844,250.46107482910156,10349688,0.0,0.0
2012-03-07 00:00:00+05:30,355.25,361.875,354.38751220703125,360.48126220703125,253.2182159423828,7908568,0.0,0.0
2012-03-09 00:00:00+05:30,361.75,362.875,356.0,356.9125061035156,250.71141052246094,6644808,0.0,0.0
2012-03-12 00:00:00+05:30,364.375,364.375,347.625,352.17498779296875,247.3836212158203,7294472,0.0,0.0
2012-03-13 00:00:00+05:30,355.4937438964844,358.73126220703125,355.25,357.4750061035156,251.10659790039062,7710424,0.0,0.0
2012-03-14 00:00:00+05:30,361.25,364.375,356.7437438964844,359.85626220703125,252.77926635742188,10602088,0.0,0.0
2012-03-15 00:00:00+05:30,361.875,363.14373779296875,358.8125,360.23748779296875,253.0470733642578,6251360,0.0,0.0
2012-03-16 00:00:00+05:30,363.125,364.125,355.89373779296875,358.1187438964844,251.5587921142578,9031008,0.0,0.0
2012-03-19 00:00:00+05:30,361.875,362.5,351.4125061035156,354.6875,249.1484832763672,6061528,0.0,0.0
2012-03-20 00:00:00+05:30,353.25,356.6499938964844,350.375,353.91876220703125,248.6084747314453,9225384,0.0,0.0
2012-03-21 00:00:00+05:30,354.0562438964844,361.25,352.625,358.4125061035156,251.76507568359375,6250664,0.0,0.0
2012-03-22 00:00:00+05:30,359.25,359.3187561035156,351.7875061035156,353.5375061035156,248.3407440185547,5664640,0.0,0.0
2012-03-23 00:00:00+05:30,354.125,360.34375,353.79998779296875,359.0874938964844,252.23924255371094,5497736,0.0,0.0
2012-03-26 00:00:00+05:30,358.625,358.625,352.63751220703125,353.84375,248.55580139160156,4922664,0.0,0.0
2012-03-27 00:00:00+05:30,357.5,362.96875,354.0375061035156,359.48748779296875,252.52027893066406,7590752,0.0,0.0
2012-03-28 00:00:00+05:30,358.25,359.3374938964844,353.0,355.38751220703125,249.6402587890625,5919920,0.0,0.0
2012-03-29 00:00:00+05:30,352.5625,354.79376220703125,345.9750061035156,349.0,245.15335083007812,14000208,0.0,0.0
2012-03-30 00:00:00+05:30,351.23748779296875,359.125,350.375,358.2875061035156,251.6772003173828,7963600,0.0,0.0
2012-04-02 00:00:00+05:30,358.0,361.09375,355.125,356.2749938964844,250.263671875,4851584,0.0,0.0
2012-04-03 00:00:00+05:30,358.2875061035156,359.70623779296875,355.3187561035156,357.3062438964844,250.98800659179688,5451584,0.0,0.0
2012-04-04 00:00:00+05:30,356.125,359.3687438964844,355.5,356.38751220703125,250.34268188476562,5254144,0.0,0.0
2012-04-09 00:00:00+05:30,354.6875,357.41876220703125,351.54998779296875,352.84375,247.85342407226562,6541568,0.0,0.0
2012-04-10 00:00:00+05:30,355.25,355.95623779296875,342.125,346.42498779296875,243.34451293945312,7243056,0.0,0.0
2012-04-11 00:00:00+05:30,346.1187438964844,353.125,342.8999938964844,350.54998779296875,246.24208068847656,8179640,0.0,0.0
2012-04-12 00:00:00+05:30,352.84375,353.98126220703125,342.3062438964844,343.83123779296875,241.52255249023438,11805608,0.0,0.0
2012-04-13 00:00:00+05:30,314.75,315.3374938964844,298.63751220703125,300.3187561035156,210.9573974609375,75255568,0.0,0.0
2012-04-16 00:00:00+05:30,300.0,303.3187561035156,291.6312561035156,295.5687561035156,207.620849609375,33491480,0.0,0.0
2012-04-17 00:00:00+05:30,299.875,299.875,292.01251220703125,297.5874938964844,209.0388946533203,23687088,0.0,0.0
2012-04-18 00:00:00+05:30,300.0,300.3187561035156,294.375,296.40625,208.2091064453125,19165328,0.0,0.0
2012-04-19 00:00:00+05:30,297.48748779296875,301.8687438964844,296.0,300.67498779296875,211.2076416015625,17113512,0.0,0.0
2012-04-20 00:00:00+05:30,299.34375,303.54998779296875,295.3125,300.92498779296875,211.38330078125,11507520,0.0,0.0
2012-04-23 00:00:00+05:30,298.75,298.75,288.125,288.86248779296875,202.91000366210938,18136696,0.0,0.0
2012-04-24 00:00:00+05:30,288.83123779296875,295.6000061035156,274.7875061035156,293.6937561035156,206.3037872314453,53037912,0.0,0.0
2012-04-25 00:00:00+05:30,293.7124938964844,295.625,287.90625,293.7437438964844,206.33888244628906,24638504,0.0,0.0
2012-04-26 00:00:00+05:30,293.75,297.3500061035156,292.79376220703125,294.5249938964844,206.8876495361328,17137064,0.0,0.0
2012-04-27 00:00:00+05:30,294.625,299.75,294.375,298.875,209.94326782226562,14062464,0.0,0.0
2012-04-30 00:00:00+05:30,299.0,308.5,298.79376220703125,307.76251220703125,216.186279296875,10869608,0.0,0.0
2012-05-02 00:00:00+05:30,308.125,311.0,307.71875,309.0,217.0554962158203,10124688,0.0,0.0
2012-05-03 00:00:00+05:30,307.5,312.15625,307.5,310.36248779296875,218.01258850097656,11400728,0.0,0.0
2012-05-04 00:00:00+05:30,310.25,312.25,302.92498779296875,305.2437438964844,214.41693115234375,10800888,0.0,0.0
2012-05-07 00:00:00+05:30,301.125,306.1000061035156,295.98748779296875,304.70001220703125,214.03504943847656,10710000,0.0,0.0
2012-05-08 00:00:00+05:30,299.375,300.96875,291.14373779296875,299.23748779296875,210.19793701171875,11526640,0.0,0.0
2012-05-09 00:00:00+05:30,296.0,299.3500061035156,294.07501220703125,295.78125,207.7700653076172,10498144,0.0,0.0
2012-05-10 00:00:00+05:30,296.0,298.10626220703125,290.2875061035156,293.0249938964844,205.83395385742188,9084024,0.0,0.0
2012-05-11 00:00:00+05:30,293.0,295.0,286.5062561035156,288.9125061035156,202.94517517089844,8901312,0.0,0.0
2012-05-14 00:00:00+05:30,290.0249938964844,293.1875,288.01251220703125,292.3687438964844,205.3729248046875,7918416,0.0,0.0
2012-05-15 00:00:00+05:30,288.125,303.625,288.125,301.8999938964844,212.0681610107422,10267152,0.0,0.0
2012-05-16 00:00:00+05:30,297.25,298.125,294.25,296.0562438964844,207.9632568359375,8589288,0.0,0.0
2012-05-17 00:00:00+05:30,296.0562438964844,297.1812438964844,293.29998779296875,296.3187561035156,208.14768981933594,5807416,0.0,0.0
2012-05-18 00:00:00+05:30,290.66876220703125,300.625,287.76873779296875,297.85626220703125,209.2275848388672,5938160,0.0,0.0
2012-05-21 00:00:00+05:30,298.11248779296875,298.1875,290.5,292.5562438964844,205.50469970703125,4776760,0.0,0.0
2012-05-22 00:00:00+05:30,294.375,296.0062561035156,290.45623779296875,292.63751220703125,205.56179809570312,5823208,0.0,0.0
2012-05-23 00:00:00+05:30,294.375,295.6000061035156,288.3999938964844,293.5249938964844,206.18521118164062,5402032,0.0,0.0
2012-05-24 00:00:00+05:30,293.625,298.61248779296875,289.125,297.6000061035156,211.9358367919922,7612048,4.0,0.0
2012-05-25 00:00:00+05:30,295.375,298.125,293.8812561035156,296.60626220703125,211.22811889648438,4313728,0.0,0.0
2012-05-28 00:00:00+05:30,299.25,299.75,295.32501220703125,298.2250061035156,212.3809356689453,4725784,0.0,0.0
2012-05-29 00:00:00+05:30,298.875,303.125,297.25,301.1875,214.4906463623047,5144760,0.0,0.0
2012-05-30 00:00:00+05:30,300.875,307.3500061035156,299.0874938964844,304.0375061035156,216.520263671875,8051488,0.0,0.0
2012-05-31 00:00:00+05:30,301.0,319.0,298.88751220703125,303.66876220703125,216.25762939453125,21626352,0.0,0.0
2012-06-01 00:00:00+05:30,301.875,303.9375,297.875,298.6499938964844,212.68359375,6543040,0.0,0.0
2012-06-04 00:00:00+05:30,296.75,299.54376220703125,293.125,298.20001220703125,212.3631134033203,4812088,0.0,0.0
2012-06-05 00:00:00+05:30,298.125,301.48748779296875,296.8374938964844,298.60626220703125,212.6524200439453,5992720,0.0,0.0
2012-06-06 00:00:00+05:30,299.6499938964844,304.16876220703125,299.54998779296875,301.9375,215.02476501464844,8777184,0.0,0.0
2012-06-07 00:00:00+05:30,306.0,308.10626220703125,304.51873779296875,306.6187438964844,218.35848999023438,6647088,0.0,0.0
2012-06-08 00:00:00+05:30,311.11248779296875,311.11248779296875,299.1000061035156,302.40625,215.3585968017578,5564824,0.0,0.0
2012-06-11 00:00:00+05:30,303.375,306.59375,301.86248779296875,303.20623779296875,215.9282684326172,3553784,0.0,0.0
2012-06-12 00:00:00+05:30,300.2749938964844,308.75,300.2749938964844,307.2562561035156,218.81248474121094,4134680,0.0,0.0
2012-06-13 00:00:00+05:30,306.40625,311.2124938964844,305.25,308.76251220703125,219.8852081298828,6157784,0.0,0.0
2012-06-14 00:00:00+05:30,307.625,313.75,307.625,312.2875061035156,222.39549255371094,7883336,0.0,0.0
2012-06-15 00:00:00+05:30,313.7562561035156,316.5,312.84375,315.3187561035156,224.5542755126953,6311512,0.0,0.0
2012-06-18 00:00:00+05:30,316.875,318.04376220703125,312.0625,313.9624938964844,223.5883331298828,7117032,0.0,0.0
2012-06-19 00:00:00+05:30,312.5,313.125,307.23748779296875,309.625,220.49937438964844,6414080,0.0,0.0
2012-06-20 00:00:00+05:30,310.0,310.625,306.6187438964844,308.76251220703125,219.8852081298828,6535976,0.0,0.0
2012-06-21 00:00:00+05:30,307.0,312.875,305.01873779296875,311.4125061035156,221.77230834960938,6536616,0.0,0.0
2012-06-22 00:00:00+05:30,306.21875,310.5625,303.3062438964844,309.3062438964844,220.2723846435547,6414328,0.0,0.0
2012-06-25 00:00:00+05:30,309.36248779296875,311.0,307.28125,308.51873779296875,219.7115478515625,7949448,0.0,0.0
2012-06-26 00:00:00+05:30,306.63751220703125,307.48748779296875,303.6937561035156,305.04998779296875,217.24130249023438,10330160,0.0,0.0
2012-06-27 00:00:00+05:30,306.5,309.375,306.0562438964844,308.51251220703125,219.70712280273438,8677384,0.0,0.0
2012-06-28 00:00:00+05:30,308.125,312.125,306.04376220703125,309.1625061035156,220.17001342773438,7612976,0.0,0.0
2012-06-29 00:00:00+05:30,311.75,314.875,309.5249938964844,313.6499938964844,223.36578369140625,9364968,0.0,0.0
2012-07-02 00:00:00+05:30,312.875,314.8500061035156,311.3374938964844,312.42498779296875,222.4934539794922,5175216,0.0,0.0
2012-07-03 00:00:00+05:30,314.53125,314.53125,309.57501220703125,311.3187561035156,221.70558166503906,6428808,0.0,0.0
2012-07-04 00:00:00+05:30,312.5,313.10626220703125,308.625,309.92498779296875,220.71304321289062,6390816,0.0,0.0
2012-07-05 00:00:00+05:30,310.03125,311.0,307.8125,310.03125,220.78866577148438,5780464,0.0,0.0
2012-07-06 00:00:00+05:30,309.5,310.625,305.0,305.58123779296875,217.61961364746094,4887440,0.0,0.0
2012-07-09 00:00:00+05:30,302.63751220703125,308.61248779296875,300.25,304.7437438964844,217.0232391357422,7314680,0.0,0.0
2012-07-10 00:00:00+05:30,305.5,307.9125061035156,305.16876220703125,307.42498779296875,218.9326934814453,7054720,0.0,0.0
2012-07-11 00:00:00+05:30,306.25,312.79998779296875,305.625,308.875,219.96533203125,16945880,0.0,0.0
2012-07-12 00:00:00+05:30,281.25,285.0,277.375,283.04998779296875,201.5740509033203,54271864,0.0,0.0
2012-07-13 00:00:00+05:30,277.25,282.3500061035156,277.25,278.7250061035156,198.49400329589844,26756504,0.0,0.0
2012-07-16 00:00:00+05:30,278.75,280.17498779296875,270.40625,271.4125061035156,193.286376953125,18441096,0.0,0.0
2012-07-17 00:00:00+05:30,273.11248779296875,274.75,270.2875061035156,271.40625,193.2819366455078,13503128,0.0,0.0
2012-07-18 00:00:00+05:30,271.40625,273.61248779296875,270.375,272.36248779296875,193.96292114257812,7873264,0.0,0.0
2012-07-19 00:00:00+05:30,275.0,281.25,274.15625,280.6499938964844,199.86488342285156,10912392,0.0,0.0
2012-07-20 00:00:00+05:30,280.61248779296875,280.61248779296875,275.6625061035156,277.34375,197.51034545898438,5153832,0.0,0.0
2012-07-23 00:00:00+05:30,275.0,276.23748779296875,272.82501220703125,273.63751220703125,194.87088012695312,3890800,0.0,0.0
2012-07-24 00:00:00+05:30,273.8125,276.5,270.63751220703125,271.08123779296875,193.0504913330078,7153512,0.0,0.0
2012-07-25 00:00:00+05:30,271.75,272.5,268.75,271.0687561035156,193.04153442382812,7036544,0.0,0.0
2012-07-26 00:00:00+05:30,270.875,270.875,262.65625,265.4750061035156,189.05799865722656,11975336,0.0,0.0
2012-07-27 00:00:00+05:30,270.25,270.5,263.6625061035156,268.58123779296875,191.27008056640625,9862488,0.0,0.0
2012-07-30 00:00:00+05:30,270.0,276.875,269.6937561035156,276.2124938964844,196.7046661376953,7166920,0.0,0.0
2012-07-31 00:00:00+05:30,276.875,279.5,273.125,278.3687438964844,198.240234375,6914440,0.0,0.0
2012-08-01 00:00:00+05:30,276.875,278.79998779296875,275.09375,277.3187561035156,197.49253845214844,3047984,0.0,0.0
2012-08-02 00:00:00+05:30,277.25,278.3500061035156,274.375,275.71875,196.3530731201172,2420032,0.0,0.0
2012-08-03 00:00:00+05:30,274.53125,277.16876220703125,273.13751220703125,276.0625,196.59788513183594,3095592,0.0,0.0
2012-08-06 00:00:00+05:30,277.7749938964844,279.36248779296875,275.92498779296875,277.1000061035156,197.3367156982422,3250784,0.0,0.0
2012-08-07 00:00:00+05:30,279.0,283.67498779296875,277.76251220703125,281.6625061035156,200.58587646484375,5465344,0.0,0.0
2012-08-08 00:00:00+05:30,282.75,286.875,282.5,285.45001220703125,203.28321838378906,8039104,0.0,0.0
2012-08-09 00:00:00+05:30,286.28125,288.9375,284.375,285.2562561035156,203.1452178955078,6931096,0.0,0.0
2012-08-10 00:00:00+05:30,284.75,290.125,283.0,289.1312561035156,205.90478515625,5635688,0.0,0.0
2012-08-13 00:00:00+05:30,287.6625061035156,291.375,287.51251220703125,290.01251220703125,206.5323944091797,4013928,0.0,0.0
2012-08-14 00:00:00+05:30,289.1625061035156,291.875,286.16876220703125,291.16876220703125,207.3558349609375,4044816,0.0,0.0
2012-08-16 00:00:00+05:30,291.01873779296875,291.01873779296875,287.6312561035156,289.4312438964844,206.11843872070312,3729624,0.0,0.0
2012-08-17 00:00:00+05:30,290.5,294.375,289.5375061035156,293.8812561035156,209.28746032714844,8493280,0.0,0.0
2012-08-21 00:00:00+05:30,295.625,304.875,295.625,301.125,214.44615173339844,12206136,0.0,0.0
2012-08-22 00:00:00+05:30,300.36248779296875,305.0,299.26873779296875,304.20001220703125,216.63597106933594,5149168,0.0,0.0
2012-08-23 00:00:00+05:30,304.375,310.375,303.03125,309.6499938964844,220.51719665527344,14722856,0.0,0.0
2012-08-24 00:00:00+05:30,306.0,307.29376220703125,304.25,305.6000061035156,217.6330108642578,6724512,0.0,0.0
2012-08-27 00:00:00+05:30,303.7749938964844,305.8125,300.70001220703125,301.48748779296875,214.70431518554688,7891360,0.0,0.0
2012-08-28 00:00:00+05:30,299.625,306.4312438964844,299.625,302.64373779296875,215.52767944335938,5666056,0.0,0.0
2012-08-29 00:00:00+05:30,302.75,302.75,297.8062438964844,298.5375061035156,212.6034393310547,5616416,0.0,0.0
2012-08-30 00:00:00+05:30,297.98126220703125,300.76873779296875,296.2562561035156,299.0874938964844,212.99510192871094,11175392,0.0,0.0
2012-08-31 00:00:00+05:30,298.25,298.25,294.34375,295.20623779296875,210.2310791015625,5811064,0.0,0.0
2012-09-03 00:00:00+05:30,295.75,299.86248779296875,294.75,295.63751220703125,210.53819274902344,4321512,0.0,0.0
2012-09-04 00:00:00+05:30,295.04376220703125,296.5,293.01251220703125,295.1000061035156,210.1554412841797,2333328,0.0,0.0
2012-09-05 00:00:00+05:30,293.375,294.625,291.5249938964844,292.4312438964844,208.25489807128906,4013224,0.0,0.0
2012-09-06 00:00:00+05:30,293.8125,303.48748779296875,293.8125,302.75,215.60340881347656,7623384,0.0,0.0
2012-09-07 00:00:00+05:30,306.875,311.75,306.38751220703125,310.90625,221.41188049316406,6075696,0.0,0.0
2012-09-10 00:00:00+05:30,312.0,315.875,309.84375,314.04376220703125,223.64622497558594,7337320,0.0,0.0
2012-09-11 00:00:00+05:30,312.5,316.9937438964844,309.32501220703125,316.1875,225.17286682128906,5441904,0.0,0.0
2012-09-12 00:00:00+05:30,316.375,318.7437438964844,315.14373779296875,317.4624938964844,226.08087158203125,5083328,0.0,0.0
2012-09-13 00:00:00+05:30,317.3500061035156,320.86248779296875,314.75,319.3812561035156,227.44737243652344,5249704,0.0,0.0
2012-09-14 00:00:00+05:30,323.5,330.5874938964844,323.26251220703125,329.01251220703125,234.30616760253906,10627848,0.0,0.0
2012-09-17 00:00:00+05:30,331.125,331.125,318.375,320.5625,228.28854370117188,9859272,0.0,0.0
2012-09-18 00:00:00+05:30,322.5,327.375,322.25,325.1000061035156,231.5199737548828,7184200,0.0,0.0
2012-09-20 00:00:00+05:30,319.57501220703125,330.625,319.57501220703125,327.1499938964844,232.9798126220703,11625136,0.0,0.0
2012-09-21 00:00:00+05:30,326.91876220703125,331.25,322.95001220703125,324.1625061035156,230.85227966308594,12293872,0.0,0.0
2012-09-24 00:00:00+05:30,325.0,326.23748779296875,321.89373779296875,325.01873779296875,231.46202087402344,8854032,0.0,0.0
2012-09-25 00:00:00+05:30,323.75,326.375,323.5062561035156,324.7562561035156,231.27508544921875,8849752,0.0,0.0
2012-09-26 00:00:00+05:30,322.25,325.0,320.89373779296875,323.6625061035156,230.4962158203125,8489904,0.0,0.0
2012-09-27 00:00:00+05:30,324.0625,324.125,316.84375,318.66876220703125,226.93984985351562,13822880,0.0,0.0
2012-09-28 00:00:00+05:30,320.125,322.48748779296875,315.7749938964844,316.8687438964844,225.65802001953125,9685224,0.0,0.0
2012-10-01 00:00:00+05:30,318.9125061035156,327.5249938964844,318.625,326.20623779296875,232.30775451660156,8826288,0.0,0.0
2012-10-03 00:00:00+05:30,325.65625,327.39373779296875,320.0625,322.28125,229.51260375976562,7823624,0.0,0.0
2012-10-04 00:00:00+05:30,321.88751220703125,324.36248779296875,319.6312561035156,321.95623779296875,229.28106689453125,7164280,0.0,0.0
2012-10-05 00:00:00+05:30,323.125,323.125,257.5687561035156,315.85626220703125,224.93699645996094,11632000,0.0,0.0
2012-10-08 00:00:00+05:30,315.6000061035156,317.86248779296875,307.5,311.0249938964844,221.4963836669922,8077440,0.0,0.0
2012-10-09 00:00:00+05:30,313.125,318.75,310.5,317.03125,225.773681640625,9084320,0.0,0.0
2012-10-10 00:00:00+05:30,313.38751220703125,316.01873779296875,311.20001220703125,313.01873779296875,222.91622924804688,5932104,0.0,0.0
2012-10-11 00:00:00+05:30,312.0,322.5062561035156,310.1499938964844,316.6499938964844,225.50222778320312,14966400,0.0,0.0
2012-10-12 00:00:00+05:30,293.75,305.98126220703125,288.875,299.41876220703125,213.23106384277344,56701776,0.0,0.0
2012-10-15 00:00:00+05:30,298.2124938964844,301.5,294.1000061035156,295.70001220703125,210.582763671875,14790120,0.0,0.0
2012-10-16 00:00:00+05:30,297.48748779296875,298.625,293.375,294.4624938964844,209.70143127441406,7282048,0.0,0.0
2012-10-17 00:00:00+05:30,297.0062561035156,297.375,294.65625,296.26873779296875,210.98773193359375,5707320,0.0,0.0
2012-10-18 00:00:00+05:30,295.5,299.625,293.13751220703125,297.20001220703125,212.99899291992188,10192576,1.875,0.0
2012-10-19 00:00:00+05:30,295.75,299.625,295.75,297.91876220703125,213.5140838623047,10937200,0.0,0.0
2012-10-22 00:00:00+05:30,296.03125,299.75,296.03125,298.1937561035156,213.71116638183594,4566864,0.0,0.0
2012-10-23 00:00:00+05:30,295.25,298.0,293.75,294.13751220703125,210.80409240722656,4743144,0.0,0.0
2012-10-25 00:00:00+05:30,292.875,294.63751220703125,291.26873779296875,293.09375,210.05604553222656,11256776,0.0,0.0
2012-10-29 00:00:00+05:30,290.125,292.375,288.4125061035156,291.9375,209.22740173339844,4736664,0.0,0.0
2012-10-30 00:00:00+05:30,290.75,295.625,290.75,294.79376220703125,211.27442932128906,5728256,0.0,0.0
2012-10-31 00:00:00+05:30,293.75,296.8125,293.1937561035156,295.375,211.6910400390625,6517320,0.0,0.0
2012-11-01 00:00:00+05:30,295.25,296.25,292.63751220703125,295.58123779296875,211.83880615234375,7010976,0.0,0.0
2012-11-02 00:00:00+05:30,296.375,300.57501220703125,296.13751220703125,298.51251220703125,213.9395751953125,7049216,0.0,0.0
2012-11-05 00:00:00+05:30,297.88751220703125,298.82501220703125,295.9375,297.3062438964844,213.0750732421875,4959200,0.0,0.0
2012-11-06 00:00:00+05:30,298.0,300.8125,296.40625,297.70623779296875,213.36172485351562,6815768,0.0,0.0
2012-11-07 00:00:00+05:30,297.75,301.75,296.8812561035156,300.54998779296875,215.3998565673828,4695264,0.0,0.0
2012-11-08 00:00:00+05:30,296.5,298.0687561035156,295.625,296.9125061035156,212.79290771484375,5229160,0.0,0.0
2012-11-09 00:00:00+05:30,295.625,295.625,293.125,293.5874938964844,210.40992736816406,5938920,0.0,0.0
2012-11-12 00:00:00+05:30,294.375,296.125,291.6937561035156,294.8687438964844,211.32818603515625,3696192,0.0,0.0
2012-11-15 00:00:00+05:30,291.89373779296875,292.125,284.8500061035156,287.0375061035156,205.71563720703125,9133048,0.0,0.0
2012-11-16 00:00:00+05:30,286.375,298.375,286.375,292.91876220703125,209.9306182861328,13693104,0.0,0.0
2012-11-19 00:00:00+05:30,293.0,297.6499938964844,292.08123779296875,294.8187561035156,211.29232788085938,4036128,0.0,0.0
2012-11-20 00:00:00+05:30,297.14373779296875,297.14373779296875,289.1000061035156,290.59375,208.2643585205078,5440304,0.0,0.0
2012-11-21 00:00:00+05:30,291.2124938964844,295.48748779296875,290.17498779296875,293.73126220703125,210.51292419433594,6989808,0.0,0.0
2012-11-22 00:00:00+05:30,293.5,299.0,291.875,297.82501220703125,213.44691467285156,5827312,0.0,0.0
2012-11-23 00:00:00+05:30,297.75,299.875,294.6312561035156,297.1937561035156,212.99449157714844,3477736,0.0,0.0
2012-11-26 00:00:00+05:30,298.84375,302.625,298.84375,302.17498779296875,216.56443786621094,3788056,0.0,0.0
2012-11-27 00:00:00+05:30,302.75,310.0,302.73126220703125,308.83123779296875,221.3348846435547,5717304,0.0,0.0
2012-11-29 00:00:00+05:30,306.25,307.40625,303.3125,305.65625,219.0594482421875,10365096,0.0,0.0
2012-11-30 00:00:00+05:30,305.20001220703125,309.5562438964844,303.1312561035156,304.60626220703125,218.30685424804688,7050712,0.0,0.0
2012-12-03 00:00:00+05:30,304.625,306.625,303.04376220703125,304.89373779296875,218.5128936767578,5202984,0.0,0.0
2012-12-04 00:00:00+05:30,303.625,305.875,301.875,304.6812438964844,218.3606414794922,4510288,0.0,0.0
2012-12-05 00:00:00+05:30,303.625,303.75,297.1875,297.8125,213.4379425048828,13995024,0.0,0.0
2012-12-06 00:00:00+05:30,299.25,299.25,289.2437438964844,292.2875061035156,209.4781951904297,11011928,0.0,0.0
2012-12-07 00:00:00+05:30,290.125,293.5625,288.88751220703125,290.14373779296875,207.94183349609375,9485912,0.0,0.0
2012-12-10 00:00:00+05:30,290.1187438964844,293.0,287.375,289.1937561035156,207.26100158691406,6829920,0.0,0.0
2012-12-11 00:00:00+05:30,289.5,292.0062561035156,285.35626220703125,286.7562561035156,205.51409912109375,11384424,0.0,0.0
2012-12-12 00:00:00+05:30,288.75,290.4750061035156,285.78125,287.2250061035156,205.8500213623047,15359688,0.0,0.0
2012-12-13 00:00:00+05:30,288.1187438964844,289.20623779296875,284.04998779296875,285.4437561035156,204.5734100341797,9967112,0.0,0.0
2012-12-14 00:00:00+05:30,284.125,286.8812561035156,283.25,284.8500061035156,204.1478729248047,8507992,0.0,0.0
2012-12-17 00:00:00+05:30,283.375,286.48126220703125,282.1187438964844,283.28125,203.02359008789062,10961640,0.0,0.0
2012-12-18 00:00:00+05:30,282.5,284.2749938964844,280.625,283.875,203.44908142089844,8292000,0.0,0.0
2012-12-19 00:00:00+05:30,284.25,287.48748779296875,283.7562561035156,287.01873779296875,205.7022247314453,9991896,0.0,0.0
2012-12-20 00:00:00+05:30,288.26251220703125,288.75,284.75,287.45001220703125,206.0112762451172,8441728,0.0,0.0
2012-12-21 00:00:00+05:30,287.375,290.1625061035156,285.8500061035156,287.10626220703125,205.76492309570312,6924016,0.0,0.0
2012-12-24 00:00:00+05:30,290.13751220703125,291.04998779296875,289.125,290.2875061035156,208.04486083984375,4323992,0.0,0.0
2012-12-26 00:00:00+05:30,290.375,291.36248779296875,288.04376220703125,289.40625,207.4132843017578,3263560,0.0,0.0
2012-12-27 00:00:00+05:30,290.9750061035156,291.125,284.58123779296875,285.96875,204.94969177246094,8110232,0.0,0.0
2012-12-28 00:00:00+05:30,287.76251220703125,290.6875,286.0562438964844,290.3999938964844,208.12550354003906,7064256,0.0,0.0
2012-12-31 00:00:00+05:30,289.375,290.51251220703125,287.9624938964844,289.8374938964844,207.72232055664062,3451824,0.0,0.0
2013-01-01 00:00:00+05:30,290.95001220703125,291.23748779296875,288.1937561035156,288.60626220703125,206.83995056152344,2959992,0.0,0.0
2013-01-02 00:00:00+05:30,289.5249938964844,291.0,287.9375,288.6499938964844,206.8712615966797,4349944,0.0,0.0
2013-01-03 00:00:00+05:30,289.375,293.60626220703125,288.875,292.23748779296875,209.44236755371094,10599288,0.0,0.0
2013-01-04 00:00:00+05:30,293.54998779296875,294.3687438964844,291.5,293.6937561035156,210.48614501953125,8454008,0.0,0.0
2013-01-07 00:00:00+05:30,293.88751220703125,297.48748779296875,291.9437561035156,296.8500061035156,212.74815368652344,8761624,0.0,0.0
2013-01-08 00:00:00+05:30,295.625,295.9937438964844,290.4375,293.0,209.98886108398438,12867424,0.0,0.0
2013-01-09 00:00:00+05:30,292.5249938964844,295.2250061035156,290.4125061035156,291.375,208.82431030273438,6149968,0.0,0.0
2013-01-10 00:00:00+05:30,291.375,292.83123779296875,288.6499938964844,290.2875061035156,208.04486083984375,10901016,0.0,0.0
2013-01-11 00:00:00+05:30,315.125,340.25,315.125,339.01251220703125,242.96533203125,92852568,0.0,0.0
2013-01-14 00:00:00+05:30,344.9750061035156,354.6187438964844,344.03125,350.8125,251.42222595214844,50924760,0.0,0.0
2013-01-15 00:00:00+05:30,350.75,351.1812438964844,346.8125,348.3812561035156,249.67982482910156,20377880,0.0,0.0
2013-01-16 00:00:00+05:30,347.625,348.6000061035156,344.4375,345.9312438964844,247.92396545410156,11660824,0.0,0.0
2013-01-17 00:00:00+05:30,349.0,350.83123779296875,347.3999938964844,349.7437438964844,250.6562957763672,11767072,0.0,0.0
2013-01-18 00:00:00+05:30,350.625,351.25,347.1812438964844,348.5062561035156,249.76937866210938,7290592,0.0,0.0
2013-01-21 00:00:00+05:30,345.3812561035156,351.32501220703125,345.3812561035156,349.5375061035156,250.5084991455078,5899560,0.0,0.0
2013-01-22 00:00:00+05:30,349.20001220703125,349.83123779296875,347.125,347.9437561035156,249.36618041992188,5110280,0.0,0.0
2013-01-23 00:00:00+05:30,347.625,349.75,347.625,348.70001220703125,249.90826416015625,7458712,0.0,0.0
2013-01-24 00:00:00+05:30,351.25,353.5,348.84375,349.7749938964844,250.67869567871094,11211296,0.0,0.0
2013-01-25 00:00:00+05:30,351.25,353.5,348.89373779296875,351.83123779296875,252.15235900878906,8442536,0.0,0.0
2013-01-28 00:00:00+05:30,351.5,353.45001220703125,350.125,351.33123779296875,251.7939910888672,6723008,0.0,0.0
2013-01-29 00:00:00+05:30,350.75,353.125,348.5687561035156,349.875,250.75035095214844,6197184,0.0,0.0
2013-01-30 00:00:00+05:30,350.59375,350.7437438964844,347.5687561035156,348.83123779296875,250.0023956298828,6805528,0.0,0.0
2013-01-31 00:00:00+05:30,349.0,350.88751220703125,346.25,348.6875,249.89932250976562,17480440,0.0,0.0
2013-02-01 00:00:00+05:30,348.88751220703125,350.23748779296875,344.0,346.3687438964844,248.23751831054688,7899648,0.0,0.0
2013-02-04 00:00:00+05:30,347.625,348.75,343.125,345.95001220703125,247.9374542236328,7500016,0.0,0.0
2013-02-05 00:00:00+05:30,345.40625,347.79376220703125,343.1937561035156,344.48748779296875,246.88914489746094,6166112,0.0,0.0
2013-02-06 00:00:00+05:30,346.90625,348.5062561035156,344.48126220703125,347.0,248.6898956298828,9097344,0.0,0.0
2013-02-07 00:00:00+05:30,348.25,349.875,347.5062561035156,348.6875,249.89932250976562,10704472,0.0,0.0
2013-02-08 00:00:00+05:30,347.89373779296875,352.0874938964844,346.53125,348.6812438964844,249.89479064941406,5482696,0.0,0.0
2013-02-11 00:00:00+05:30,350.15625,351.8687438964844,348.11248779296875,349.0062561035156,250.12767028808594,7394792,0.0,0.0
2013-02-12 00:00:00+05:30,346.25,346.76251220703125,342.71875,344.40625,246.83099365234375,4442392,0.0,0.0
2013-02-13 00:00:00+05:30,344.625,349.64373779296875,343.125,348.6937561035156,249.90383911132812,6322888,0.0,0.0
2013-02-14 00:00:00+05:30,349.29998779296875,353.5,349.29376220703125,351.59375,251.98216247558594,6894000,0.0,0.0
2013-02-15 00:00:00+05:30,348.75,351.0625,347.0375061035156,348.57501220703125,249.8187255859375,5194256,0.0,0.0
2013-02-18 00:00:00+05:30,347.875,348.3374938964844,345.375,347.51251220703125,249.0572052001953,2754784,0.0,0.0
2013-02-19 00:00:00+05:30,347.51251220703125,353.125,345.8812561035156,352.5562438964844,252.6719512939453,4643344,0.0,0.0
2013-02-20 00:00:00+05:30,353.15625,354.04376220703125,351.0625,352.4312438964844,252.58238220214844,5545224,0.0,0.0
2013-02-21 00:00:00+05:30,350.20001220703125,352.48748779296875,349.14373779296875,350.9750061035156,251.53871154785156,5558744,0.0,0.0
2013-02-22 00:00:00+05:30,349.8374938964844,356.875,349.63751220703125,355.0687561035156,254.47267150878906,8703536,0.0,0.0
2013-02-25 00:00:00+05:30,358.75,365.25,358.45001220703125,364.7250061035156,261.39312744140625,10457648,0.0,0.0
2013-02-26 00:00:00+05:30,364.5,371.17498779296875,364.5,369.9750061035156,265.1557922363281,12173544,0.0,0.0
2013-02-27 00:00:00+05:30,368.5,368.5,362.76251220703125,363.8187561035156,260.74365234375,7029760,0.0,0.0
2013-02-28 00:00:00+05:30,364.4125061035156,366.98126220703125,360.67498779296875,363.375,260.42559814453125,11808104,0.0,0.0
2013-03-01 00:00:00+05:30,364.25,370.17498779296875,361.5,364.2250061035156,261.0347595214844,8414632,0.0,0.0
2013-03-04 00:00:00+05:30,365.75,367.8125,359.01873779296875,362.9312438964844,260.1075744628906,10108320,0.0,0.0
2013-03-05 00:00:00+05:30,365.5687561035156,367.42498779296875,364.15625,365.1625061035156,261.7066650390625,7171944,0.0,0.0
2013-03-06 00:00:00+05:30,368.375,372.0874938964844,365.78125,371.26251220703125,266.0783996582031,12205480,0.0,0.0
2013-03-07 00:00:00+05:30,372.65625,376.2250061035156,372.5,375.54376220703125,269.1468505859375,13715360,0.0,0.0
2013-03-08 00:00:00+05:30,373.5,373.625,369.65625,371.28125,266.0919189453125,6162896,0.0,0.0
2013-03-11 00:00:00+05:30,372.7250061035156,373.75,366.25,368.21875,263.8971252441406,4866160,0.0,0.0
2013-03-12 00:00:00+05:30,367.5,368.0874938964844,364.0,364.76251220703125,261.4200134277344,5714056,0.0,0.0
2013-03-13 00:00:00+05:30,361.25,361.25,356.26251220703125,357.9312438964844,256.5241394042969,10730136,0.0,0.0
2013-03-14 00:00:00+05:30,358.25,361.11248779296875,355.36248779296875,359.26251220703125,257.4782409667969,8332320,0.0,0.0
2013-03-15 00:00:00+05:30,359.54376220703125,363.95623779296875,358.5062561035156,359.78125,257.8499755859375,7260792,0.0,0.0
2013-03-18 00:00:00+05:30,358.28125,361.25,356.375,357.59375,256.28228759765625,6446824,0.0,0.0
2013-03-19 00:00:00+05:30,359.375,360.7749938964844,355.13751220703125,357.0,255.85671997070312,11976144,0.0,0.0
2013-03-20 00:00:00+05:30,358.1000061035156,359.3374938964844,353.4437561035156,358.20623779296875,256.7212219238281,8994640,0.0,0.0
2013-03-21 00:00:00+05:30,360.375,361.8125,357.75,359.1000061035156,257.36181640625,9940080,0.0,0.0
2013-03-22 00:00:00+05:30,356.2437438964844,359.4375,353.75,357.8999938964844,256.501708984375,7370288,0.0,0.0
2013-03-25 00:00:00+05:30,355.6499938964844,358.125,354.08123779296875,356.59375,255.56564331054688,5036856,0.0,0.0
2013-03-26 00:00:00+05:30,355.625,358.70623779296875,354.25,356.8187561035156,255.72686767578125,3415584,0.0,0.0
2013-03-28 00:00:00+05:30,358.125,362.1187438964844,356.3999938964844,361.16876220703125,258.844482421875,12348048,0.0,0.0
2013-04-01 00:00:00+05:30,363.84375,369.1937561035156,363.84375,368.0249938964844,263.7581787109375,7422040,0.0,0.0
2013-04-02 00:00:00+05:30,366.25,373.7124938964844,364.35626220703125,371.1312561035156,265.9844055175781,9720888,0.0,0.0
2013-04-03 00:00:00+05:30,368.61248779296875,374.9437561035156,368.5,371.0562438964844,265.9306335449219,8355472,0.0,0.0
2013-04-04 00:00:00+05:30,368.125,368.64373779296875,359.0062561035156,360.0062561035156,258.01129150390625,7499960,0.0,0.0
2013-04-05 00:00:00+05:30,359.875,362.375,356.25,358.23126220703125,256.7391662597656,4372960,0.0,0.0
2013-04-08 00:00:00+05:30,356.25,359.20623779296875,353.40625,353.98748779296875,253.69769287109375,3716360,0.0,0.0
2013-04-09 00:00:00+05:30,354.1937561035156,354.8687438964844,344.53125,345.79376220703125,247.8254852294922,10840656,0.0,0.0
2013-04-10 00:00:00+05:30,350.375,353.4750061035156,347.03125,351.95623779296875,252.2418975830078,6551616,0.0,0.0
2013-04-11 00:00:00+05:30,358.3125,366.95001220703125,354.36248779296875,364.5874938964844,261.2945861816406,17018672,0.0,0.0
2013-04-12 00:00:00+05:30,328.1312561035156,328.1312561035156,283.5874938964844,287.08123779296875,205.74697875976562,98027744,0.0,0.0
2013-04-15 00:00:00+05:30,286.25,294.625,275.5,292.3812561035156,209.54542541503906,66559976,0.0,0.0
2013-04-16 00:00:00+05:30,289.875,290.75,285.875,287.03125,205.71116638183594,14301736,0.0,0.0
2013-04-17 00:00:00+05:30,287.5,288.9937438964844,281.25,285.48126220703125,204.60031127929688,15149144,0.0,0.0
2013-04-18 00:00:00+05:30,285.79998779296875,290.375,285.1625061035156,286.9624938964844,205.6619110107422,13224368,0.0,0.0
2013-04-22 00:00:00+05:30,286.45001220703125,286.625,277.9437561035156,280.5687561035156,201.0795440673828,15401288,0.0,0.0
2013-04-23 00:00:00+05:30,281.25,283.82501220703125,280.54998779296875,282.78125,202.66525268554688,7869960,0.0,0.0
2013-04-25 00:00:00+05:30,281.0,281.25,277.89373779296875,278.4624938964844,199.57005310058594,13762344,0.0,0.0
2013-04-26 00:00:00+05:30,277.51251220703125,279.7250061035156,275.3125,276.5,198.16355895996094,11129584,0.0,0.0
2013-04-29 00:00:00+05:30,275.75,281.1000061035156,273.25,278.6625061035156,199.71337890625,8965680,0.0,0.0
2013-04-30 00:00:00+05:30,279.25,280.29376220703125,277.7749938964844,279.4312438964844,200.2643585205078,8840720,0.0,0.0
2013-05-02 00:00:00+05:30,279.5,286.4312438964844,279.5,285.8374938964844,204.85562133789062,9376184,0.0,0.0
2013-05-03 00:00:00+05:30,287.09375,290.5,284.7749938964844,288.4937438964844,206.75927734375,9117192,0.0,0.0
2013-05-06 00:00:00+05:30,289.375,293.125,289.375,292.63751220703125,209.72914123535156,6000104,0.0,0.0
2013-05-07 00:00:00+05:30,293.75,294.375,290.59375,293.6000061035156,210.41888427734375,6983104,0.0,0.0
2013-05-08 00:00:00+05:30,295.625,297.5,292.2562561035156,293.83123779296875,210.58457946777344,7278352,0.0,0.0
2013-05-09 00:00:00+05:30,293.98748779296875,296.11248779296875,293.75,295.17498779296875,211.54763793945312,4561424,0.0,0.0
2013-05-10 00:00:00+05:30,295.26251220703125,298.125,294.63751220703125,296.4437561035156,212.45692443847656,4534040,0.0,0.0
2013-05-13 00:00:00+05:30,294.375,295.26873779296875,291.2875061035156,292.45001220703125,209.59474182128906,5014960,0.0,0.0
2013-05-14 00:00:00+05:30,292.1625061035156,296.3500061035156,292.1625061035156,293.7562561035156,210.53085327148438,4484448,0.0,0.0
2013-05-15 00:00:00+05:30,294.125,296.5874938964844,293.42498779296875,295.0562438964844,211.46258544921875,8893176,0.0,0.0
2013-05-16 00:00:00+05:30,294.1875,294.9750061035156,289.15625,291.57501220703125,208.96763610839844,6991752,0.0,0.0
2013-05-17 00:00:00+05:30,292.11248779296875,296.125,291.875,293.96875,210.68312072753906,6431752,0.0,0.0
2013-05-20 00:00:00+05:30,293.25,297.875,293.0,296.5062561035156,212.5017852783203,8758288,0.0,0.0
2013-05-21 00:00:00+05:30,296.2749938964844,302.1312561035156,295.8687438964844,299.70001220703125,214.79071044921875,5660128,0.0,0.0
2013-05-22 00:00:00+05:30,300.0,304.125,297.28125,298.1625061035156,213.68873596191406,6245672,0.0,0.0
2013-05-23 00:00:00+05:30,297.0,302.40625,294.51873779296875,294.98126220703125,211.40878295898438,5100584,0.0,0.0
2013-05-24 00:00:00+05:30,295.20001220703125,298.125,291.75,293.48748779296875,210.33824157714844,3688648,0.0,0.0
2013-05-27 00:00:00+05:30,292.6499938964844,298.25,291.2875061035156,296.5874938964844,212.5599822998047,3325168,0.0,0.0
2013-05-28 00:00:00+05:30,296.25,297.5,294.20623779296875,295.7749938964844,211.9776611328125,4234952,0.0,0.0
2013-05-29 00:00:00+05:30,296.25,298.875,291.625,294.04998779296875,210.7414093017578,5166528,0.0,0.0
2013-05-30 00:00:00+05:30,291.6875,293.58123779296875,289.5625,292.6812438964844,212.19589233398438,6338632,3.375,0.0
2013-05-31 00:00:00+05:30,292.75,304.36248779296875,292.75,301.4624938964844,218.5623779296875,18498304,0.0,0.0
2013-06-03 00:00:00+05:30,315.625,328.125,309.39373779296875,314.26251220703125,227.8424530029297,33215248,0.0,0.0
2013-06-04 00:00:00+05:30,311.25,314.9312438964844,307.95001220703125,311.98748779296875,226.19309997558594,11714560,0.0,0.0
2013-06-05 00:00:00+05:30,310.0,311.2749938964844,306.875,307.65625,223.05291748046875,5078784,0.0,0.0
2013-06-06 00:00:00+05:30,306.25,306.83123779296875,301.98748779296875,303.70623779296875,220.1891326904297,7509232,0.0,0.0
2013-06-07 00:00:00+05:30,303.125,309.11248779296875,302.5,305.8500061035156,221.74337768554688,6618168,0.0,0.0
2013-06-10 00:00:00+05:30,307.5,312.25,307.1499938964844,310.84375,225.36386108398438,4289040,0.0,0.0
2013-06-11 00:00:00+05:30,311.25,314.3125,308.23126220703125,309.4375,224.34432983398438,5957704,0.0,0.0
2013-06-12 00:00:00+05:30,307.78125,313.29998779296875,301.60626220703125,302.66876220703125,219.43692016601562,5927288,0.0,0.0
2013-06-13 00:00:00+05:30,303.0,303.125,296.875,297.48748779296875,215.6804656982422,4154328,0.0,0.0
2013-06-14 00:00:00+05:30,298.9624938964844,301.125,297.14373779296875,299.3687438964844,217.04441833496094,5584064,0.0,0.0
2013-06-17 00:00:00+05:30,301.4312438964844,303.25,299.35626220703125,302.82501220703125,219.55023193359375,2720504,0.0,0.0
2013-06-18 00:00:00+05:30,303.75,307.5,303.0874938964844,305.8187561035156,221.72067260742188,4284904,0.0,0.0
2013-06-19 00:00:00+05:30,305.75,306.0874938964844,300.9125061035156,304.79376220703125,220.9776153564453,5836832,0.0,0.0
2013-06-20 00:00:00+05:30,303.5,306.0,292.84375,296.13751220703125,214.70176696777344,6802928,0.0,0.0
2013-06-21 00:00:00+05:30,296.32501220703125,304.0,296.32501220703125,302.34375,219.20130920410156,6161368,0.0,0.0
2013-06-24 00:00:00+05:30,300.3125,300.40625,293.98748779296875,297.54998779296875,215.72581481933594,7336552,0.0,0.0
2013-06-25 00:00:00+05:30,297.5,298.35626220703125,293.125,296.73748779296875,215.13673400878906,5790640,0.0,0.0
2013-06-26 00:00:00+05:30,298.95001220703125,301.82501220703125,296.45623779296875,299.92498779296875,217.44775390625,5567232,0.0,0.0
2013-06-27 00:00:00+05:30,302.625,312.4937438964844,301.57501220703125,310.3500061035156,225.005859375,10670944,0.0,0.0
2013-06-28 00:00:00+05:30,308.8999938964844,313.46875,303.0,312.35626220703125,226.46044921875,11707392,0.0,0.0
2013-07-01 00:00:00+05:30,308.625,309.1875,305.13751220703125,306.375,222.1240234375,4209080,0.0,0.0
2013-07-02 00:00:00+05:30,306.01251220703125,307.9437561035156,300.0,300.4937438964844,217.86004638671875,5110832,0.0,0.0
2013-07-03 00:00:00+05:30,300.125,306.48748779296875,299.07501220703125,300.5625,217.90988159179688,5349856,0.0,0.0
2013-07-04 00:00:00+05:30,304.125,309.39373779296875,302.5,308.5,223.6646728515625,5210784,0.0,0.0
2013-07-05 00:00:00+05:30,308.375,310.4437561035156,304.8374938964844,307.0249938964844,222.59527587890625,4337360,0.0,0.0
2013-07-08 00:00:00+05:30,310.625,311.75,307.5625,308.51873779296875,223.67822265625,5415168,0.0,0.0
2013-07-09 00:00:00+05:30,310.125,314.25,310.125,312.2749938964844,226.4015350341797,8611368,0.0,0.0
2013-07-10 00:00:00+05:30,313.125,315.0,311.625,312.64373779296875,226.66891479492188,6865416,0.0,0.0
2013-07-11 00:00:00+05:30,316.875,320.4312438964844,313.71875,316.04376220703125,229.1339111328125,15704960,0.0,0.0
2013-07-12 00:00:00+05:30,347.64373779296875,363.20001220703125,343.75,350.5249938964844,254.13307189941406,52873040,0.0,0.0
2013-07-15 00:00:00+05:30,348.1312561035156,348.75,341.0375061035156,342.8374938964844,248.55953979492188,12874240,0.0,0.0
2013-07-16 00:00:00+05:30,337.7562561035156,346.32501220703125,335.1312561035156,341.1000061035156,247.29989624023438,6301536,0.0,0.0
2013-07-17 00:00:00+05:30,341.45623779296875,344.79376220703125,341.45623779296875,343.85626220703125,249.2981414794922,6575048,0.0,0.0
2013-07-18 00:00:00+05:30,344.25,352.1875,342.35626220703125,350.09375,253.82032775878906,13078696,0.0,0.0
2013-07-19 00:00:00+05:30,350.375,358.125,350.375,355.9312438964844,258.0526428222656,16402840,0.0,0.0
2013-07-22 00:00:00+05:30,352.7749938964844,361.86248779296875,352.75,359.59375,260.7079162597656,6751136,0.0,0.0
2013-07-23 00:00:00+05:30,361.25,364.64373779296875,361.25,362.7437438964844,262.9917297363281,6168480,0.0,0.0
2013-07-24 00:00:00+05:30,360.0,365.875,360.0,363.57501220703125,263.59442138671875,4875280,0.0,0.0
2013-07-25 00:00:00+05:30,363.625,368.16876220703125,362.625,364.4125061035156,264.20159912109375,7177688,0.0,0.0
2013-07-26 00:00:00+05:30,366.25,369.125,362.82501220703125,364.1625061035156,264.0204162597656,6899640,0.0,0.0
2013-07-29 00:00:00+05:30,363.75,368.0,363.75,365.1499938964844,264.73626708984375,4362952,0.0,0.0
2013-07-30 00:00:00+05:30,366.375,371.625,366.375,369.4624938964844,267.8628845214844,6336208,0.0,0.0
2013-07-31 00:00:00+05:30,371.125,373.95001220703125,366.0249938964844,371.20623779296875,269.1270751953125,11807328,0.0,0.0
2013-08-01 00:00:00+05:30,373.5,374.39373779296875,369.59375,371.83123779296875,269.580322265625,8690632,0.0,0.0
2013-08-02 00:00:00+05:30,373.125,377.5,372.63751220703125,376.1000061035156,272.67510986328125,11962296,0.0,0.0
2013-08-05 00:00:00+05:30,374.8500061035156,378.125,374.5625,376.1312561035156,272.69781494140625,8502784,0.0,0.0
2013-08-06 00:00:00+05:30,376.0,376.5,368.8812561035156,373.41876220703125,270.731201171875,10031832,0.0,0.0
2013-08-07 00:00:00+05:30,371.875,375.3500061035156,368.90625,370.41876220703125,268.5561828613281,6503608,0.0,0.0
2013-08-08 00:00:00+05:30,367.5,372.25,367.5,370.5687561035156,268.6649169921875,5765368,0.0,0.0
2013-08-12 00:00:00+05:30,372.0,377.5,371.375,375.67498779296875,272.36700439453125,7594376,0.0,0.0
2013-08-13 00:00:00+05:30,376.01251220703125,386.75,376.0,385.45001220703125,279.4539794921875,10334312,0.0,0.0
2013-08-14 00:00:00+05:30,383.75,386.86248779296875,380.3187561035156,383.70623779296875,278.189697265625,9211208,0.0,0.0
2013-08-16 00:00:00+05:30,377.5,379.9937438964844,370.95623779296875,372.29998779296875,269.92010498046875,12087616,0.0,0.0
2013-08-19 00:00:00+05:30,373.76251220703125,378.3687438964844,368.8687438964844,375.625,272.3307189941406,5259328,0.0,0.0
2013-08-20 00:00:00+05:30,377.5,377.625,372.8125,375.83123779296875,272.4803161621094,10362056,0.0,0.0
2013-08-21 00:00:00+05:30,374.3500061035156,374.3500061035156,365.26251220703125,369.84375,268.1392822265625,7526584,0.0,0.0
2013-08-22 00:00:00+05:30,373.625,379.5562438964844,370.5,377.5249938964844,273.708251953125,10965816,0.0,0.0
2013-08-23 00:00:00+05:30,375.625,377.4937438964844,372.7875061035156,375.0874938964844,271.9410705566406,5498864,0.0,0.0
2013-08-26 00:00:00+05:30,377.4937438964844,381.23126220703125,376.0625,378.8374938964844,274.6597900390625,5571544,0.0,0.0
2013-08-27 00:00:00+05:30,379.0,385.0,378.98748779296875,382.0062561035156,276.9571533203125,8525552,0.0,0.0
2013-08-28 00:00:00+05:30,381.5,391.25,381.5,389.53125,282.4128723144531,14329696,0.0,0.0
2013-08-29 00:00:00+05:30,383.75,390.8687438964844,382.625,388.07501220703125,281.35711669921875,20086288,0.0,0.0
2013-08-30 00:00:00+05:30,386.5,390.36248779296875,379.6875,388.23126220703125,281.47027587890625,12678560,0.0,0.0
2013-09-02 00:00:00+05:30,384.63751220703125,390.95001220703125,383.07501220703125,385.73748779296875,279.6623229980469,5125040,0.0,0.0
2013-09-03 00:00:00+05:30,384.0,386.8125,377.1000061035156,379.2124938964844,274.9317626953125,6267312,0.0,0.0
2013-09-04 00:00:00+05:30,382.4624938964844,392.48748779296875,381.95001220703125,389.0874938964844,282.091064453125,8979400,0.0,0.0
2013-09-05 00:00:00+05:30,387.0874938964844,387.0874938964844,374.38751220703125,375.6000061035156,272.3126525878906,9457072,0.0,0.0
2013-09-06 00:00:00+05:30,375.73748779296875,383.98748779296875,375.73748779296875,378.6312561035156,274.51031494140625,13465928,0.0,0.0
2013-09-10 00:00:00+05:30,379.0,398.5,379.0,394.86248779296875,286.278076171875,21879136,0.0,0.0
2013-09-11 00:00:00+05:30,393.125,396.6187438964844,388.46875,389.88751220703125,282.6711120605469,9145680,0.0,0.0
2013-09-12 00:00:00+05:30,388.125,389.88751220703125,381.0,383.23126220703125,277.8453674316406,6957440,0.0,0.0
2013-09-13 00:00:00+05:30,382.53125,383.23126220703125,376.6625061035156,378.5062561035156,274.419677734375,9255384,0.0,0.0
2013-09-16 00:00:00+05:30,378.125,382.2437438964844,372.51251220703125,374.17498779296875,271.27947998046875,6332184,0.0,0.0
2013-09-17 00:00:00+05:30,377.125,378.7437438964844,373.875,377.82501220703125,273.92578125,8027280,0.0,0.0
2013-09-18 00:00:00+05:30,378.125,378.65625,375.625,377.14373779296875,273.4317932128906,7439816,0.0,0.0
2013-09-19 00:00:00+05:30,374.875,379.375,374.0375061035156,377.375,273.59954833984375,15327808,0.0,0.0
2013-09-20 00:00:00+05:30,375.0,379.0,372.9375,374.39373779296875,271.43798828125,7991712,0.0,0.0
2013-09-23 00:00:00+05:30,375.625,380.4937438964844,375.1312561035156,377.42498779296875,273.6357421875,8886376,0.0,0.0
2013-09-24 00:00:00+05:30,378.75,378.875,374.61248779296875,376.88751220703125,273.24609375,11752256,0.0,0.0
2013-09-25 00:00:00+05:30,378.9750061035156,379.375,374.08123779296875,376.20623779296875,272.7521057128906,8080776,0.0,0.0
2013-09-26 00:00:00+05:30,379.25,379.60626220703125,375.125,376.5375061035156,272.9922790527344,10682440,0.0,0.0
2013-09-27 00:00:00+05:30,378.0,381.375,373.875,375.82501220703125,272.4757995605469,5701568,0.0,0.0
2013-09-30 00:00:00+05:30,377.5249938964844,381.875,374.6937561035156,376.625,273.0556640625,8679184,0.0,0.0
2013-10-01 00:00:00+05:30,378.75,379.7875061035156,375.375,376.875,273.2370300292969,5310216,0.0,0.0
2013-10-03 00:00:00+05:30,379.375,380.875,377.5,379.64373779296875,275.24444580078125,14686712,0.0,0.0
2013-10-04 00:00:00+05:30,378.28125,379.875,375.625,377.04998779296875,273.3638610839844,7352816,0.0,0.0
2013-10-07 00:00:00+05:30,376.875,379.96875,375.79998779296875,377.73126220703125,273.85784912109375,9795344,0.0,0.0
2013-10-08 00:00:00+05:30,380.0375061035156,381.5,377.7875061035156,379.26873779296875,274.9724426269531,17982912,0.0,0.0
2013-10-09 00:00:00+05:30,378.375,391.42498779296875,376.25,388.73126220703125,281.8328552246094,17371792,0.0,0.0
2013-10-10 00:00:00+05:30,390.63751220703125,395.1187438964844,386.34375,390.95001220703125,283.4414367675781,17434688,0.0,0.0
2013-10-11 00:00:00+05:30,416.875,417.25,394.6000061035156,409.3125,296.7543640136719,41290600,0.0,0.0
2013-10-14 00:00:00+05:30,407.0,416.9437561035156,407.0,415.54376220703125,301.2721862792969,12231712,0.0,0.0
2013-10-15 00:00:00+05:30,415.5,420.8812561035156,414.1000061035156,419.3500061035156,304.03167724609375,9221320,0.0,0.0
2013-10-17 00:00:00+05:30,416.2749938964844,419.73748779296875,407.5,408.5625,297.9871520996094,11513008,2.5,0.0
2013-10-18 00:00:00+05:30,410.75,415.48748779296875,407.625,414.3187561035156,302.185546875,10944776,0.0,0.0
2013-10-21 00:00:00+05:30,416.625,422.2124938964844,408.13751220703125,416.9312438964844,304.0909118652344,9383368,0.0,0.0
2013-10-22 00:00:00+05:30,417.25,420.5249938964844,415.67498779296875,417.79376220703125,304.7200012207031,7208760,0.0,0.0
2013-10-23 00:00:00+05:30,415.0,417.3500061035156,409.875,415.6000061035156,303.11993408203125,6561584,0.0,0.0
2013-10-24 00:00:00+05:30,412.7875061035156,421.875,411.2562561035156,413.59375,301.65673828125,6480560,0.0,0.0
2013-10-25 00:00:00+05:30,416.0,418.75,413.2875061035156,416.4437561035156,303.7353210449219,6011344,0.0,0.0
2013-10-28 00:00:00+05:30,414.6499938964844,416.86248779296875,411.64373779296875,415.4312438964844,302.9968566894531,3412448,0.0,0.0
2013-10-29 00:00:00+05:30,414.9375,420.6187438964844,413.34375,416.95001220703125,304.10467529296875,5200392,0.0,0.0
2013-10-30 00:00:00+05:30,413.875,417.35626220703125,413.4312438964844,415.48748779296875,303.03790283203125,5591088,0.0,0.0
2013-10-31 00:00:00+05:30,413.0375061035156,416.0,412.0249938964844,413.73748779296875,301.76153564453125,9687544,0.0,0.0
2013-11-01 00:00:00+05:30,412.5,414.375,408.67498779296875,409.5874938964844,298.7347412109375,6166704,0.0,0.0
2013-11-05 00:00:00+05:30,406.5,411.3187561035156,404.125,408.23126220703125,297.74554443359375,5320232,0.0,0.0
2013-11-06 00:00:00+05:30,409.4125061035156,414.0249938964844,409.4125061035156,413.26873779296875,301.419677734375,3704664,0.0,0.0
2013-11-07 00:00:00+05:30,415.20623779296875,424.9937438964844,414.20001220703125,419.70001220703125,306.1103515625,7192712,0.0,0.0
2013-11-08 00:00:00+05:30,418.75,423.6499938964844,418.75,420.0062561035156,306.3335876464844,8616112,0.0,0.0
2013-11-11 00:00:00+05:30,418.75,424.75,417.51251220703125,420.32501220703125,306.566162109375,7803200,0.0,0.0
2013-11-12 00:00:00+05:30,420.3125,421.875,416.01251220703125,417.10626220703125,304.2186279296875,6452184,0.0,0.0
2013-11-13 00:00:00+05:30,414.5062561035156,419.82501220703125,414.5062561035156,416.5062561035156,303.7809753417969,4687512,0.0,0.0
2013-11-14 00:00:00+05:30,419.0375061035156,421.875,418.7562561035156,419.28125,305.80487060546875,4343528,0.0,0.0
2013-11-18 00:00:00+05:30,423.875,426.875,423.48126220703125,425.51251220703125,310.3497009277344,6326536,0.0,0.0
2013-11-19 00:00:00+05:30,425.75,431.0,425.0062561035156,430.3687438964844,313.8916320800781,8975208,0.0,0.0
2013-11-20 00:00:00+05:30,426.125,430.4125061035156,424.375,425.2749938964844,310.1764831542969,4306608,0.0,0.0
2013-11-21 00:00:00+05:30,424.5,425.0,414.13751220703125,418.04376220703125,304.9023742675781,8495496,0.0,0.0
2013-11-22 00:00:00+05:30,418.25,421.875,417.0,418.45001220703125,305.1986083984375,2720936,0.0,0.0
2013-11-25 00:00:00+05:30,419.0,422.3500061035156,413.375,415.75,303.2294006347656,5707296,0.0,0.0
2013-11-26 00:00:00+05:30,415.0,418.625,411.58123779296875,414.5249938964844,302.3359069824219,7321096,0.0,0.0
2013-11-27 00:00:00+05:30,415.0,416.98126220703125,410.7250061035156,411.6625061035156,300.24822998046875,6779624,0.0,0.0
2013-11-28 00:00:00+05:30,412.67498779296875,417.25,408.125,415.9750061035156,303.39349365234375,7499968,0.0,0.0
2013-11-29 00:00:00+05:30,417.0,420.75,413.75,419.3187561035156,305.83221435546875,5411560,0.0,0.0
2013-12-02 00:00:00+05:30,419.0,422.11248779296875,415.63751220703125,417.3374938964844,304.38726806640625,4711376,0.0,0.0
2013-12-03 00:00:00+05:30,415.0,419.9375,415.0,418.59375,305.3034362792969,7001240,0.0,0.0
2013-12-04 00:00:00+05:30,418.75,423.25,417.1000061035156,420.66876220703125,306.81683349609375,8443120,0.0,0.0
2013-12-05 00:00:00+05:30,422.5,424.875,417.75,418.9125061035156,305.53594970703125,6317072,0.0,0.0
2013-12-06 00:00:00+05:30,417.3812561035156,418.625,414.7749938964844,415.7250061035156,303.21112060546875,6544848,0.0,0.0
2013-12-09 00:00:00+05:30,420.625,423.0062561035156,415.1312561035156,417.3500061035156,304.3963317871094,8856632,0.0,0.0
2013-12-10 00:00:00+05:30,416.875,423.73126220703125,416.4437561035156,421.35626220703125,307.3183288574219,12345896,0.0,0.0
2013-12-11 00:00:00+05:30,420.625,422.7124938964844,417.5,421.79376220703125,307.63739013671875,6256960,0.0,0.0
2013-12-12 00:00:00+05:30,420.54998779296875,423.2124938964844,418.5,420.48126220703125,306.68011474609375,5520232,0.0,0.0
2013-12-13 00:00:00+05:30,418.125,422.5,418.125,421.73126220703125,307.5918884277344,8315624,0.0,0.0
2013-12-16 00:00:00+05:30,422.5,433.0,419.2250061035156,431.53125,314.73944091796875,10117696,0.0,0.0
2013-12-17 00:00:00+05:30,430.63751220703125,435.61248779296875,430.63751220703125,432.04376220703125,315.11328125,10713952,0.0,0.0
2013-12-18 00:00:00+05:30,431.25,434.21875,430.9375,432.1812438964844,315.2135925292969,9183344,0.0,0.0
2013-12-19 00:00:00+05:30,432.8125,443.1187438964844,431.875,439.03125,320.2096252441406,7331456,0.0,0.0
2013-12-20 00:00:00+05:30,440.625,446.625,438.54998779296875,443.91876220703125,323.7744445800781,8685456,0.0,0.0
2013-12-23 00:00:00+05:30,437.5,442.48748779296875,432.5687561035156,433.5562438964844,316.21649169921875,8845904,0.0,0.0
2013-12-24 00:00:00+05:30,435.75,437.86248779296875,433.26251220703125,435.79998779296875,317.8529052734375,7109912,0.0,0.0
2013-12-26 00:00:00+05:30,435.875,441.79998779296875,435.46875,440.08123779296875,320.97552490234375,6869928,0.0,0.0
2013-12-27 00:00:00+05:30,441.25,446.5,441.2437438964844,445.1625061035156,324.6815185546875,7382064,0.0,0.0
2013-12-30 00:00:00+05:30,445.9624938964844,446.875,434.375,437.79376220703125,319.3071594238281,11863432,0.0,0.0
2013-12-31 00:00:00+05:30,437.5,440.2124938964844,435.03125,435.70623779296875,317.7845458984375,3590808,0.0,0.0
2014-01-01 00:00:00+05:30,436.5,437.375,432.7562561035156,433.5,316.1754455566406,1478688,0.0,0.0
2014-01-02 00:00:00+05:30,432.90625,438.5,432.90625,435.0687561035156,317.319580078125,4404744,0.0,0.0
2014-01-03 00:00:00+05:30,434.375,446.875,431.78125,445.64373779296875,325.032470703125,10046344,0.0,0.0
2014-01-06 00:00:00+05:30,446.88751220703125,447.5625,433.57501220703125,439.73748779296875,320.724853515625,11098328,0.0,0.0
2014-01-07 00:00:00+05:30,439.8812561035156,440.73748779296875,430.8374938964844,432.14373779296875,315.1861877441406,7713688,0.0,0.0
2014-01-08 00:00:00+05:30,432.625,434.375,427.625,428.51251220703125,312.53778076171875,8990392,0.0,0.0
2014-01-09 00:00:00+05:30,430.0,435.25,427.23126220703125,431.3500061035156,314.6072998046875,12590808,0.0,0.0
2014-01-10 00:00:00+05:30,436.25,446.875,431.0,443.90625,323.7652282714844,30258176,0.0,0.0
2014-01-13 00:00:00+05:30,447.75,459.375,447.75,458.125,334.13580322265625,17119912,0.0,0.0
2014-01-14 00:00:00+05:30,455.625,461.875,455.0562438964844,460.84375,336.1187438964844,7425832,0.0,0.0
2014-01-15 00:00:00+05:30,461.9125061035156,465.54376220703125,460.125,464.0062561035156,338.42529296875,17130144,0.0,0.0
2014-01-16 00:00:00+05:30,462.375,467.1812438964844,461.70623779296875,465.6312561035156,339.6104736328125,17608232,0.0,0.0
2014-01-17 00:00:00+05:30,466.125,470.58123779296875,465.0,466.21875,340.0390625,25667896,0.0,0.0
2014-01-20 00:00:00+05:30,464.0,469.9937438964844,463.0562438964844,468.6625061035156,341.8214111328125,9761944,0.0,0.0
2014-01-21 00:00:00+05:30,468.75,471.25,464.79376220703125,469.79376220703125,342.6464538574219,12102464,0.0,0.0
2014-01-22 00:00:00+05:30,467.6499938964844,472.25,467.5062561035156,470.73748779296875,343.3348083496094,6769760,0.0,0.0
2014-01-23 00:00:00+05:30,473.01251220703125,474.875,470.10626220703125,474.0625,345.759765625,7907344,0.0,0.0
2014-01-24 00:00:00+05:30,470.625,474.6187438964844,469.3374938964844,469.76873779296875,342.62811279296875,6876584,0.0,0.0
2014-01-27 00:00:00+05:30,465.0,470.48748779296875,463.8999938964844,466.5249938964844,340.262451171875,8099048,0.0,0.0
2014-01-28 00:00:00+05:30,463.375,463.5874938964844,458.35626220703125,459.38751220703125,335.0566101074219,14108544,0.0,0.0
2014-01-29 00:00:00+05:30,458.25,467.9624938964844,456.70623779296875,464.7250061035156,338.949462890625,8102080,0.0,0.0
2014-01-30 00:00:00+05:30,462.9624938964844,464.5874938964844,457.5,463.03125,337.7142333984375,7183632,0.0,0.0
2014-01-31 00:00:00+05:30,462.5,467.46875,460.8187561035156,462.63751220703125,337.427001953125,5369928,0.0,0.0
2014-02-03 00:00:00+05:30,460.625,461.5,453.1000061035156,453.64373779296875,330.8674011230469,4384112,0.0,0.0
2014-02-04 00:00:00+05:30,447.625,448.9937438964844,443.3187561035156,445.13751220703125,324.66326904296875,4535112,0.0,0.0
2014-02-05 00:00:00+05:30,447.5,448.625,442.84375,447.65625,326.5002746582031,4326992,0.0,0.0
2014-02-06 00:00:00+05:30,446.5,447.875,442.625,445.4624938964844,324.9003601074219,5749904,0.0,0.0
2014-02-07 00:00:00+05:30,448.375,450.23126220703125,443.60626220703125,445.8187561035156,325.1601867675781,7551456,0.0,0.0
2014-02-10 00:00:00+05:30,447.48748779296875,448.25,444.6875,446.7250061035156,325.8211975097656,6049424,0.0,0.0
2014-02-11 00:00:00+05:30,448.0,452.75,446.6875,449.53125,327.867919921875,5833592,0.0,0.0
2014-02-12 00:00:00+05:30,450.0625,453.4312438964844,449.1499938964844,450.01251220703125,328.2188720703125,4208712,0.0,0.0
2014-02-13 00:00:00+05:30,450.6000061035156,452.2437438964844,447.5062561035156,448.2250061035156,326.91522216796875,3588320,0.0,0.0
2014-02-14 00:00:00+05:30,451.9437561035156,458.0,450.40625,455.5375061035156,332.2486267089844,5962168,0.0,0.0
2014-02-17 00:00:00+05:30,460.625,460.625,456.10626220703125,457.26873779296875,333.5112609863281,13569920,0.0,0.0
2014-02-18 00:00:00+05:30,455.875,461.82501220703125,455.875,460.25,335.6856689453125,4978240,0.0,0.0
2014-02-19 00:00:00+05:30,461.95623779296875,470.25,461.88751220703125,469.17498779296875,342.19512939453125,7064304,0.0,0.0
2014-02-20 00:00:00+05:30,468.11248779296875,468.11248779296875,463.25,463.90625,338.3523254394531,8816848,0.0,0.0
2014-02-21 00:00:00+05:30,467.0,469.42498779296875,465.90625,468.8374938964844,341.94903564453125,5517984,0.0,0.0
2014-02-24 00:00:00+05:30,468.25,469.2124938964844,466.25,468.73748779296875,341.87603759765625,4357608,0.0,0.0
2014-02-25 00:00:00+05:30,469.375,474.01251220703125,469.375,472.86248779296875,344.88458251953125,8099512,0.0,0.0
2014-02-26 00:00:00+05:30,472.5,477.2250061035156,471.51251220703125,475.9375,347.12744140625,7352168,0.0,0.0
2014-02-28 00:00:00+05:30,470.13751220703125,479.64373779296875,470.13751220703125,478.10626220703125,348.70928955078125,9839496,0.0,0.0
2014-03-03 00:00:00+05:30,478.125,481.2437438964844,473.9937438964844,474.78125,346.2840881347656,7204176,0.0,0.0
2014-03-04 00:00:00+05:30,471.25,478.0562438964844,470.23748779296875,474.9437561035156,346.4026184082031,6937912,0.0,0.0
2014-03-05 00:00:00+05:30,478.48748779296875,480.54998779296875,476.23748779296875,477.7124938964844,348.4220275878906,4943504,0.0,0.0
2014-03-06 00:00:00+05:30,479.75,481.2437438964844,477.16876220703125,478.98748779296875,349.3519592285156,6226312,0.0,0.0
2014-03-07 00:00:00+05:30,478.375,479.25,463.5375061035156,467.5375061035156,341.0008239746094,15072744,0.0,0.0
2014-03-10 00:00:00+05:30,466.2124938964844,466.2124938964844,455.6625061035156,458.95001220703125,334.7375183105469,7432472,0.0,0.0
2014-03-11 00:00:00+05:30,456.625,463.61248779296875,453.8812561035156,459.41876220703125,335.0794372558594,4124272,0.0,0.0
2014-03-12 00:00:00+05:30,459.17498779296875,462.91876220703125,456.5,458.9125061035156,334.71014404296875,3940104,0.0,0.0
2014-03-13 00:00:00+05:30,427.5,429.98748779296875,417.5,419.70001220703125,306.1103515625,40790880,0.0,0.0
2014-03-14 00:00:00+05:30,417.5,425.48748779296875,416.8812561035156,424.26873779296875,309.4425048828125,11167544,0.0,0.0
2014-03-18 00:00:00+05:30,425.0,426.48748779296875,417.5,418.8187561035156,305.4675598144531,11804312,0.0,0.0
2014-03-19 00:00:00+05:30,418.75,419.73126220703125,404.84375,408.96875,298.2834167480469,15777848,0.0,0.0
2014-03-20 00:00:00+05:30,408.75,418.6875,408.75,412.8812561035156,301.1370849609375,8023032,0.0,0.0
2014-03-21 00:00:00+05:30,416.25,417.25,408.8125,413.20623779296875,301.3740539550781,12380320,0.0,0.0
2014-03-24 00:00:00+05:30,409.0249938964844,414.8062438964844,408.75,409.4750061035156,298.6526794433594,8160344,0.0,0.0
2014-03-25 00:00:00+05:30,406.0,409.9624938964844,405.75,406.79998779296875,296.70166015625,7548064,0.0,0.0
2014-03-26 00:00:00+05:30,407.5,408.6187438964844,403.82501220703125,406.11248779296875,296.2002258300781,8458568,0.0,0.0
2014-03-27 00:00:00+05:30,406.0,407.86248779296875,401.9937438964844,403.8812561035156,294.5728454589844,13599368,0.0,0.0
2014-03-28 00:00:00+05:30,405.01251220703125,409.875,403.4125061035156,407.82501220703125,297.4493408203125,7146824,0.0,0.0
2014-03-31 00:00:00+05:30,410.6625061035156,413.1187438964844,403.7562561035156,410.3500061035156,299.2909240722656,9176928,0.0,0.0
2014-04-01 00:00:00+05:30,410.3812561035156,415.625,409.375,414.2437438964844,302.1307373046875,8628352,0.0,0.0
2014-04-02 00:00:00+05:30,418.6000061035156,418.75,413.8125,415.2562561035156,302.8692626953125,5644400,0.0,0.0
2014-04-03 00:00:00+05:30,417.4375,418.5,414.8812561035156,417.26873779296875,304.33709716796875,4700216,0.0,0.0
2014-04-04 00:00:00+05:30,418.875,419.5,413.26251220703125,414.5062561035156,302.3222351074219,3925584,0.0,0.0
2014-04-07 00:00:00+05:30,412.25,414.3062438964844,407.0,411.67498779296875,300.2572326660156,7097544,0.0,0.0
2014-04-09 00:00:00+05:30,410.1312561035156,413.7250061035156,403.8125,406.8187561035156,296.71533203125,10664680,0.0,0.0
2014-04-10 00:00:00+05:30,406.8125,407.21875,398.26873779296875,400.1499938964844,291.8514709472656,21263240,0.0,0.0
2014-04-11 00:00:00+05:30,401.25,406.95001220703125,395.625,404.39373779296875,294.9466247558594,18678336,0.0,0.0
2014-04-15 00:00:00+05:30,416.5249938964844,423.5,405.9375,407.4750061035156,297.1939392089844,20782384,0.0,0.0
2014-04-16 00:00:00+05:30,405.2437438964844,405.2437438964844,393.4375,394.6625061035156,287.8490295410156,13198304,0.0,0.0
2014-04-17 00:00:00+05:30,397.5,401.2562561035156,394.79376220703125,399.0062561035156,291.0172424316406,8391912,0.0,0.0
2014-04-21 00:00:00+05:30,401.25,402.5,396.25,397.8687438964844,290.1875915527344,6119624,0.0,0.0
2014-04-22 00:00:00+05:30,396.5062561035156,400.0,392.79998779296875,393.83123779296875,287.24273681640625,6626896,0.0,0.0
2014-04-23 00:00:00+05:30,396.7562561035156,398.98126220703125,395.5,396.58123779296875,289.2485656738281,12016720,0.0,0.0
2014-04-24 00:00:00+05:30,396.58123779296875,396.58123779296875,396.58123779296875,396.58123779296875,289.2485656738281,0,0.0,0.0
2014-04-25 00:00:00+05:30,398.5,400.0,395.41876220703125,396.95001220703125,289.5174865722656,5962904,0.0,0.0
2014-04-28 00:00:00+05:30,396.125,399.125,395.625,397.2562561035156,289.7408142089844,6042480,0.0,0.0
2014-04-29 00:00:00+05:30,397.875,399.375,396.375,397.21875,289.71356201171875,4835464,0.0,0.0
2014-04-30 00:00:00+05:30,397.20623779296875,398.75,396.375,397.6000061035156,289.9916076660156,7741936,0.0,0.0
2014-05-02 00:00:00+05:30,398.125,405.875,398.125,402.4624938964844,293.5380554199219,4764392,0.0,0.0
2014-05-05 00:00:00+05:30,399.0,404.125,396.8187561035156,397.11248779296875,289.635986328125,4196688,0.0,0.0
2014-05-06 00:00:00+05:30,397.11248779296875,398.0625,394.375,395.64373779296875,288.56475830078125,4566024,0.0,0.0
2014-05-07 00:00:00+05:30,393.875,396.25,381.25,383.41876220703125,279.6484069824219,15596072,0.0,0.0
2014-05-08 00:00:00+05:30,383.75,386.04998779296875,380.8062438964844,383.1625061035156,279.46148681640625,9161992,0.0,0.0
2014-05-09 00:00:00+05:30,383.125,390.625,381.60626220703125,388.9312438964844,283.6689758300781,6179400,0.0,0.0
2014-05-12 00:00:00+05:30,389.7749938964844,398.3125,388.1312561035156,396.88751220703125,289.4718322753906,7044200,0.0,0.0
2014-05-13 00:00:00+05:30,397.875,409.375,397.875,408.15625,297.6907958984375,7299968,0.0,0.0
2014-05-14 00:00:00+05:30,406.28125,408.125,402.14373779296875,406.76251220703125,296.6743469238281,5184688,0.0,0.0
2014-05-15 00:00:00+05:30,406.76251220703125,411.85626220703125,400.65625,409.0562438964844,298.3471984863281,8409192,0.0,0.0
2014-05-16 00:00:00+05:30,412.375,417.5,382.3812561035156,397.1937561035156,289.6952209472656,14188792,0.0,0.0
2014-05-19 00:00:00+05:30,399.75,399.75,375.01251220703125,376.8812561035156,274.88018798828125,17246512,0.0,0.0
2014-05-20 00:00:00+05:30,381.125,392.35626220703125,380.2749938964844,390.2749938964844,284.6490478515625,8787344,0.0,0.0
2014-05-21 00:00:00+05:30,389.75,395.5375061035156,387.3812561035156,394.63751220703125,287.8308410644531,6788304,0.0,0.0
2014-05-22 00:00:00+05:30,395.0,397.5,385.14373779296875,389.23748779296875,283.892333984375,9832744,0.0,0.0
2014-05-23 00:00:00+05:30,390.625,396.375,376.51873779296875,383.6937561035156,279.8489990234375,9081776,0.0,0.0
2014-05-26 00:00:00+05:30,383.875,388.8687438964844,381.26873779296875,386.85626220703125,282.1556091308594,5750544,0.0,0.0
2014-05-27 00:00:00+05:30,387.5,394.375,387.4375,391.7562561035156,285.72943115234375,4984128,0.0,0.0
2014-05-28 00:00:00+05:30,390.4375,398.5,389.75,396.6625061035156,289.3077392578125,5389320,0.0,0.0
2014-05-29 00:00:00+05:30,378.125,378.125,364.375,365.5625,270.28741455078125,41341328,5.375,0.0
2014-05-30 00:00:00+05:30,367.5,369.9312438964844,360.0,367.42498779296875,271.6645202636719,28035616,0.0,0.0
2014-06-02 00:00:00+05:30,370.0625,374.7124938964844,370.0625,374.14373779296875,276.6321105957031,6229856,0.0,0.0
2014-06-03 00:00:00+05:30,376.0,379.6187438964844,371.84375,377.1499938964844,278.8549499511719,6824936,0.0,0.0
2014-06-04 00:00:00+05:30,376.875,378.41876220703125,369.1875,373.0625,275.83270263671875,5508008,0.0,0.0
2014-06-05 00:00:00+05:30,375.0,383.54998779296875,370.25,380.14373779296875,281.0683898925781,12153720,0.0,0.0
2014-06-06 00:00:00+05:30,375.01873779296875,376.25,368.75,375.3812561035156,277.5470886230469,16882424,0.0,0.0
2014-06-09 00:00:00+05:30,375.75,376.875,372.01251220703125,373.3062438964844,276.012939453125,10858344,0.0,0.0
2014-06-10 00:00:00+05:30,375.0,386.1499938964844,374.54376220703125,384.39373779296875,284.2107849121094,10479176,0.0,0.0
2014-06-11 00:00:00+05:30,388.125,407.15625,386.29376220703125,399.16876220703125,295.135009765625,20375704,0.0,0.0
2014-06-12 00:00:00+05:30,410.0,412.1312561035156,390.0874938964844,396.8812561035156,293.4437255859375,21128856,0.0,0.0
2014-06-13 00:00:00+05:30,398.5625,400.875,391.3812561035156,398.375,294.5480651855469,10151744,0.0,0.0
2014-06-16 00:00:00+05:30,398.25,407.4624938964844,397.5,405.51873779296875,299.83001708984375,9375328,0.0,0.0
2014-06-17 00:00:00+05:30,406.125,408.375,402.3187561035156,405.85626220703125,300.0794982910156,10079392,0.0,0.0
2014-06-18 00:00:00+05:30,405.625,409.375,401.59375,405.0625,299.49267578125,9791280,0.0,0.0
2014-06-19 00:00:00+05:30,405.73126220703125,415.375,405.63751220703125,413.98748779296875,306.0915832519531,11313704,0.0,0.0
2014-06-20 00:00:00+05:30,415.0,417.42498779296875,411.60626220703125,414.57501220703125,306.5260009765625,8853000,0.0,0.0
2014-06-23 00:00:00+05:30,412.5,413.6187438964844,402.6812438964844,404.0687561035156,298.75787353515625,6328112,0.0,0.0
2014-06-24 00:00:00+05:30,403.75,404.36248779296875,399.01873779296875,400.4750061035156,296.1008605957031,10638024,0.0,0.0
2014-06-25 00:00:00+05:30,405.625,405.625,400.75,401.40625,296.7893371582031,6433520,0.0,0.0
2014-06-26 00:00:00+05:30,402.5,404.375,396.09375,397.8125,294.13226318359375,7376552,0.0,0.0
2014-06-27 00:00:00+05:30,400.0,404.45001220703125,396.5,402.92498779296875,297.9122619628906,6890744,0.0,0.0
2014-06-30 00:00:00+05:30,402.5,407.875,401.42498779296875,406.9437561035156,300.8836669921875,7290576,0.0,0.0
2014-07-01 00:00:00+05:30,405.625,406.8500061035156,400.75,402.6312561035156,297.6950378417969,4662512,0.0,0.0
2014-07-02 00:00:00+05:30,401.5,405.45001220703125,399.7749938964844,401.9125061035156,297.1636657714844,6119632,0.0,0.0
2014-07-03 00:00:00+05:30,401.2749938964844,403.54998779296875,398.8125,401.3374938964844,296.73846435546875,7504912,0.0,0.0
2014-07-04 00:00:00+05:30,400.0062561035156,407.29998779296875,400.0062561035156,405.7437438964844,299.996337890625,5752968,0.0,0.0
2014-07-07 00:00:00+05:30,408.125,421.0,407.5,418.1812438964844,309.19232177734375,11638312,0.0,0.0
2014-07-08 00:00:00+05:30,418.625,425.79376220703125,412.8812561035156,417.76873779296875,308.88739013671875,11460480,0.0,0.0
2014-07-09 00:00:00+05:30,416.25,423.0,411.25,413.79376220703125,305.9483947753906,8270752,0.0,0.0
2014-07-10 00:00:00+05:30,414.375,422.7124938964844,406.32501220703125,411.5874938964844,304.3170471191406,11345616,0.0,0.0
2014-07-11 00:00:00+05:30,425.17498779296875,429.0,412.54376220703125,415.83123779296875,307.4548034667969,15826360,0.0,0.0
2014-07-14 00:00:00+05:30,414.375,414.375,398.2250061035156,403.15625,298.08319091796875,8231600,0.0,0.0
2014-07-15 00:00:00+05:30,404.875,407.2437438964844,402.1312561035156,403.20623779296875,298.1202392578125,4139800,0.0,0.0
2014-07-16 00:00:00+05:30,405.0,405.625,400.40625,403.70001220703125,298.4853210449219,4589488,0.0,0.0
2014-07-17 00:00:00+05:30,407.51251220703125,418.23748779296875,403.95623779296875,404.9125061035156,299.38177490234375,4946672,0.0,0.0
2014-07-18 00:00:00+05:30,406.625,409.3374938964844,405.45001220703125,406.4437561035156,300.5139465332031,4098368,0.0,0.0
2014-07-21 00:00:00+05:30,406.875,409.16876220703125,398.51251220703125,400.0874938964844,295.8142395019531,7435968,0.0,0.0
2014-07-22 00:00:00+05:30,400.625,405.8374938964844,399.7562561035156,404.2124938964844,298.8642272949219,8733360,0.0,0.0
2014-07-23 00:00:00+05:30,406.125,419.375,406.125,418.6812438964844,309.5619812011719,11827336,0.0,0.0
2014-07-24 00:00:00+05:30,418.0,424.375,415.1812438964844,422.78125,312.5934753417969,5571560,0.0,0.0
2014-07-25 00:00:00+05:30,424.875,424.875,413.0874938964844,419.0249938964844,309.816162109375,5337672,0.0,0.0
2014-07-28 00:00:00+05:30,418.125,423.375,415.10626220703125,421.38751220703125,311.5630187988281,4601448,0.0,0.0
2014-07-30 00:00:00+05:30,424.25,424.25,418.20001220703125,421.5249938964844,311.6646423339844,9934720,0.0,0.0
2014-07-31 00:00:00+05:30,422.5,424.36248779296875,417.8999938964844,420.95623779296875,311.2441711425781,8457168,0.0,0.0
2014-08-01 00:00:00+05:30,418.75,424.0,416.25,417.6625061035156,308.8087463378906,7607008,0.0,0.0
2014-08-04 00:00:00+05:30,419.375,435.36248779296875,418.6625061035156,433.1937561035156,320.292236328125,13086960,0.0,0.0
2014-08-05 00:00:00+05:30,434.5,440.0,433.7562561035156,439.125,324.67767333984375,10985624,0.0,0.0
2014-08-06 00:00:00+05:30,440.625,451.04376220703125,440.625,446.98126220703125,330.4863586425781,18004184,0.0,0.0
2014-08-07 00:00:00+05:30,437.375,443.04998779296875,435.29376220703125,438.41876220703125,324.1554260253906,7754224,0.0,0.0
2014-08-08 00:00:00+05:30,437.5,440.0,434.375,435.33123779296875,321.87255859375,3811352,0.0,0.0
2014-08-11 00:00:00+05:30,440.5,447.9624938964844,438.75,446.6875,330.2691345214844,5628672,0.0,0.0
2014-08-12 00:00:00+05:30,449.875,449.875,442.625,447.1000061035156,330.5741271972656,5916936,0.0,0.0
2014-08-13 00:00:00+05:30,445.0062561035156,453.125,443.84375,451.04998779296875,333.49462890625,8941360,0.0,0.0
2014-08-14 00:00:00+05:30,451.0,453.4624938964844,448.32501220703125,451.5687561035156,333.8782043457031,6762480,0.0,0.0
2014-08-18 00:00:00+05:30,451.5,451.5,443.75,444.9750061035156,329.0029602050781,6777888,0.0,0.0
2014-08-19 00:00:00+05:30,445.125,448.625,441.25,443.4750061035156,327.8939208984375,6424824,0.0,0.0
2014-08-20 00:00:00+05:30,445.375,447.8125,443.375,444.3187561035156,328.5177307128906,3938224,0.0,0.0
2014-08-21 00:00:00+05:30,444.53125,445.42498779296875,441.25,443.6187438964844,328.0001220703125,4298880,0.0,0.0
2014-08-22 00:00:00+05:30,443.6187438964844,451.0,443.5,450.125,332.8106689453125,4855040,0.0,0.0
2014-08-25 00:00:00+05:30,449.875,454.4624938964844,445.2562561035156,453.4750061035156,335.28759765625,4198352,0.0,0.0
2014-08-26 00:00:00+05:30,452.75,455.0,450.0,453.01873779296875,334.9503173828125,5842128,0.0,0.0
2014-08-27 00:00:00+05:30,453.75,456.25,450.13751220703125,453.8187561035156,335.54180908203125,5569872,0.0,0.0
2014-08-28 00:00:00+05:30,453.625,454.20623779296875,447.6499938964844,449.8500061035156,332.6073913574219,7599304,0.0,0.0
2014-09-01 00:00:00+05:30,451.2562561035156,452.36248779296875,448.125,449.95623779296875,332.6860046386719,3643152,0.0,0.0
2014-09-02 00:00:00+05:30,450.0,453.125,444.4437561035156,451.71875,333.9891357421875,3583832,0.0,0.0
2014-09-03 00:00:00+05:30,451.25,468.29998779296875,451.25,466.78125,345.12591552734375,11857560,0.0,0.0
2014-09-04 00:00:00+05:30,465.625,465.625,462.23126220703125,463.59375,342.7691955566406,6238464,0.0,0.0
2014-09-05 00:00:00+05:30,466.5,474.375,463.16876220703125,466.34375,344.80242919921875,6468352,0.0,0.0
2014-09-08 00:00:00+05:30,466.5874938964844,473.8125,466.5874938964844,472.70623779296875,349.5067138671875,6517296,0.0,0.0
2014-09-09 00:00:00+05:30,468.5,469.4312438964844,465.0,467.0062561035156,345.292236328125,4316800,0.0,0.0
2014-09-10 00:00:00+05:30,463.5,463.5,457.5,458.4125061035156,338.9383239746094,5080752,0.0,0.0
2014-09-11 00:00:00+05:30,459.25,462.4624938964844,453.82501220703125,460.51873779296875,340.49554443359375,5013032,0.0,0.0
2014-09-12 00:00:00+05:30,461.0,463.5,456.25,458.73748779296875,339.1785888671875,3907552,0.0,0.0
2014-09-15 00:00:00+05:30,458.125,458.5,453.4125061035156,455.1625061035156,336.5352783203125,4958800,0.0,0.0
2014-09-16 00:00:00+05:30,455.75,461.3125,452.95001220703125,456.40625,337.4549255371094,5034904,0.0,0.0
2014-09-17 00:00:00+05:30,459.98748779296875,468.51251220703125,458.88751220703125,467.6312561035156,345.7543640136719,7926120,0.0,0.0
2014-09-18 00:00:00+05:30,459.2437438964844,466.2124938964844,456.8062438964844,462.125,341.6832275390625,9104776,0.0,0.0
2014-09-19 00:00:00+05:30,462.375,473.48748779296875,460.1625061035156,462.7562561035156,342.14996337890625,14755016,0.0,0.0
2014-09-22 00:00:00+05:30,460.0,460.34375,454.0,456.32501220703125,337.3948669433594,8612040,0.0,0.0
2014-09-23 00:00:00+05:30,455.625,460.4312438964844,449.4437561035156,450.88751220703125,333.3745422363281,12962304,0.0,0.0
2014-09-24 00:00:00+05:30,453.75,459.03125,449.78125,455.6000061035156,336.8587951660156,5564560,0.0,0.0
2014-09-25 00:00:00+05:30,456.25,464.8500061035156,455.75,461.375,341.12860107421875,24975512,0.0,0.0
2014-09-26 00:00:00+05:30,460.625,465.03125,457.5625,460.01873779296875,340.1258544921875,8864840,0.0,0.0
2014-09-29 00:00:00+05:30,462.625,470.1187438964844,460.13751220703125,468.6312561035156,346.49371337890625,4996144,0.0,0.0
2014-09-30 00:00:00+05:30,468.0249938964844,469.5375061035156,462.63751220703125,468.46875,346.3736267089844,6927368,0.0,0.0
2014-10-01 00:00:00+05:30,465.25,482.4937438964844,465.25,480.9125061035156,355.5742492675781,9470864,0.0,0.0
2014-10-07 00:00:00+05:30,471.1625061035156,486.6187438964844,471.1625061035156,478.9125061035156,354.0954895019531,20063456,0.0,0.0
2014-10-08 00:00:00+05:30,473.125,474.0,455.125,456.26873779296875,337.353271484375,20327680,0.0,0.0
2014-10-09 00:00:00+05:30,462.5,464.25,453.23748779296875,455.8500061035156,337.04364013671875,12432832,0.0,0.0
2014-10-10 00:00:00+05:30,457.5,488.5,446.5874938964844,486.08123779296875,359.3958740234375,45893056,0.0,0.0
2014-10-13 00:00:00+05:30,486.1625061035156,498.125,486.1625061035156,492.8187561035156,364.3772888183594,17726984,0.0,0.0
2014-10-14 00:00:00+05:30,495.625,495.625,487.5,489.7875061035156,362.1361389160156,6860512,0.0,0.0
2014-10-15 00:00:00+05:30,489.7875061035156,489.7875061035156,489.7875061035156,489.7875061035156,362.1361389160156,0,0.0,0.0
2014-10-16 00:00:00+05:30,487.51251220703125,492.2875061035156,481.79376220703125,483.1625061035156,359.99407958984375,10017392,3.75,0.0
2014-10-17 00:00:00+05:30,483.11248779296875,490.3500061035156,479.63751220703125,481.45623779296875,358.7227478027344,8190016,0.0,0.0
2014-10-20 00:00:00+05:30,481.625,482.8187561035156,475.26251220703125,476.54376220703125,355.0625915527344,7702720,0.0,0.0
2014-10-21 00:00:00+05:30,481.23748779296875,481.23748779296875,463.75,471.6187438964844,351.39306640625,26081384,0.0,0.0
2014-10-22 00:00:00+05:30,476.1625061035156,476.48748779296875,472.0249938964844,474.5062561035156,353.5445251464844,5353320,0.0,0.0
2014-10-27 00:00:00+05:30,481.25,481.25,472.7749938964844,475.3812561035156,354.1964111328125,4767752,0.0,0.0
2014-10-28 00:00:00+05:30,470.625,476.54376220703125,470.625,473.53125,352.81805419921875,6666368,0.0,0.0
2014-10-29 00:00:00+05:30,476.6187438964844,486.5874938964844,476.6187438964844,485.1812438964844,361.4981994628906,8229336,0.0,0.0
2014-10-30 00:00:00+05:30,487.0,497.65625,487.0,493.3187561035156,367.5612487792969,15245208,0.0,0.0
2014-10-31 00:00:00+05:30,498.3812561035156,508.25,498.3812561035156,506.40625,377.31243896484375,8670800,0.0,0.0
2014-11-03 00:00:00+05:30,509.61248779296875,513.75,504.0562438964844,510.73748779296875,380.5395202636719,8578408,0.0,0.0
2014-11-05 00:00:00+05:30,510.625,519.25,507.125,515.5999755859375,384.1624755859375,10241080,0.0,0.0
2014-11-07 00:00:00+05:30,514.7874755859375,522.875,514.7874755859375,520.8250122070312,388.0555114746094,9970400,0.0,0.0
2014-11-10 00:00:00+05:30,521.8812255859375,522.6375122070312,517.5,520.6875,387.9531555175781,5594168,0.0,0.0
2014-11-11 00:00:00+05:30,520.625,520.625,512.9749755859375,515.6500244140625,384.1997985839844,6255088,0.0,0.0
2014-11-12 00:00:00+05:30,515.125,518.8375244140625,512.1375122070312,513.25,382.41162109375,5392896,0.0,0.0
2014-11-13 00:00:00+05:30,515.25,525.1312255859375,514.0499877929688,522.3250122070312,389.1731872558594,4956680,0.0,0.0
2014-11-14 00:00:00+05:30,524.25,526.4312744140625,521.75,523.9562377929688,390.38861083984375,5233176,0.0,0.0
2014-11-17 00:00:00+05:30,523.125,528.4874877929688,518.5125122070312,527.3062744140625,392.8846130371094,5458184,0.0,0.0
2014-11-18 00:00:00+05:30,528.125,528.4749755859375,521.5125122070312,522.7937622070312,389.52252197265625,5267120,0.0,0.0
2014-11-19 00:00:00+05:30,522.5,523.7437744140625,517.46875,521.6687622070312,388.6842346191406,5201120,0.0,0.0
2014-11-20 00:00:00+05:30,523.75,529.0625,522.9812622070312,528.2000122070312,393.550537109375,5347928,0.0,0.0
2014-11-21 00:00:00+05:30,521.25,522.375,512.7000122070312,518.2687377929688,386.15087890625,10463272,0.0,0.0
2014-11-24 00:00:00+05:30,525.0,535.2062377929688,523.9937744140625,534.3875122070312,398.1607360839844,11047440,0.0,0.0
2014-11-25 00:00:00+05:30,536.875,539.9937744140625,530.75,537.9000244140625,400.7777404785156,14886576,0.0,0.0
2014-11-26 00:00:00+05:30,537.5,539.7125244140625,533.9500122070312,537.5562744140625,400.52166748046875,7930800,0.0,0.0
2014-11-27 00:00:00+05:30,540.2374877929688,547.0499877929688,539.0,545.7374877929688,406.61737060546875,17389032,0.0,0.0
2014-11-28 00:00:00+05:30,546.2625122070312,549.75,542.9249877929688,544.9812622070312,406.0538330078125,14347264,0.0,0.0
2014-12-01 00:00:00+05:30,548.375,550.2750244140625,536.5750122070312,543.7312622070312,405.1225891113281,18341864,0.0,0.0
2014-12-02 00:00:00+05:30,541.2374877929688,541.2374877929688,528.75,531.6500244140625,396.12103271484375,10654992,0.0,2.0
2014-12-03 00:00:00+05:30,525.375,533.2374877929688,521.1375122070312,530.875,395.54351806640625,12775044,0.0,0.0
2014-12-04 00:00:00+05:30,527.5,536.2249755859375,523.75,525.4500122070312,391.5015869140625,9399228,0.0,0.0
2014-12-05 00:00:00+05:30,528.75,529.1500244140625,514.9500122070312,517.5750122070312,385.63409423828125,7358760,0.0,0.0
2014-12-08 00:00:00+05:30,502.25,504.75,489.4375,492.5375061035156,366.9791259765625,166320408,0.0,0.0
2014-12-09 00:00:00+05:30,495.6875,496.5,488.11248779296875,491.20001220703125,365.9826354980469,10050460,0.0,0.0
2014-12-10 00:00:00+05:30,491.5,496.25,489.7749938964844,490.9375,365.787109375,7804712,0.0,0.0
2014-12-11 00:00:00+05:30,487.75,488.48748779296875,478.75,480.26251220703125,357.8333435058594,8285932,0.0,0.0
2014-12-12 00:00:00+05:30,484.76251220703125,490.1000061035156,479.5249938964844,484.6625061035156,361.1116943359375,14572500,0.0,0.0
2014-12-15 00:00:00+05:30,476.23748779296875,489.3125,476.2250061035156,481.20001220703125,358.5318298339844,12966284,0.0,0.0
2014-12-16 00:00:00+05:30,481.42498779296875,487.8999938964844,481.42498779296875,484.5,360.9906005859375,17792756,0.0,0.0
2014-12-17 00:00:00+05:30,484.0,488.875,474.07501220703125,484.625,361.083740234375,17851776,0.0,0.0
2014-12-18 00:00:00+05:30,488.5,495.45001220703125,486.1875,491.4750061035156,366.1875305175781,19949980,0.0,0.0
2014-12-19 00:00:00+05:30,499.3999938964844,502.0,496.5,499.6625061035156,372.2878723144531,14294632,0.0,0.0
2014-12-22 00:00:00+05:30,501.5,502.5249938964844,493.8374938964844,499.8999938964844,372.4647521972656,10465104,0.0,0.0
2014-12-23 00:00:00+05:30,500.2124938964844,505.4750061035156,490.8999938964844,492.9125061035156,367.25860595703125,8196952,0.0,0.0
2014-12-24 00:00:00+05:30,494.0,496.75,478.76251220703125,482.63751220703125,359.6029968261719,27339488,0.0,0.0
2014-12-26 00:00:00+05:30,486.2749938964844,490.17498779296875,482.73748779296875,488.0625,363.6448669433594,2268748,0.0,0.0
2014-12-29 00:00:00+05:30,489.01251220703125,493.20001220703125,488.125,489.45001220703125,364.6787414550781,2792676,0.0,0.0
2014-12-30 00:00:00+05:30,490.5625,493.75,489.20001220703125,491.5874938964844,366.27130126953125,4640552,0.0,0.0
2014-12-31 00:00:00+05:30,488.75,494.73748779296875,487.5,493.13751220703125,367.4262390136719,6968808,0.0,0.0
2015-01-01 00:00:00+05:30,492.23748779296875,495.5,489.2250061035156,493.6000061035156,367.7707824707031,2002764,0.0,0.0
2015-01-02 00:00:00+05:30,493.0,504.76251220703125,493.0,503.29998779296875,374.99810791015625,6778320,0.0,0.0
2015-01-05 00:00:00+05:30,502.4750061035156,507.5,494.375,498.9750061035156,371.775634765625,9937024,0.0,0.0
2015-01-06 00:00:00+05:30,495.0,496.25,483.5249938964844,488.54998779296875,364.00811767578125,9667316,0.0,0.0
2015-01-07 00:00:00+05:30,491.25,493.6875,487.5,490.88751220703125,365.7498474121094,7249916,0.0,0.0
2015-01-08 00:00:00+05:30,496.3999938964844,499.25,487.5,493.36248779296875,367.59393310546875,13564920,0.0,0.0
2015-01-09 00:00:00+05:30,495.0249938964844,527.25,478.26251220703125,518.6124877929688,386.4070739746094,44863328,0.0,0.0
2015-01-12 00:00:00+05:30,523.0,529.7999877929688,518.75,528.9874877929688,394.13720703125,12758888,0.0,0.0
2015-01-13 00:00:00+05:30,526.9500122070312,526.9500122070312,518.75,522.2249755859375,389.09869384765625,8801236,0.0,0.0
2015-01-14 00:00:00+05:30,524.625,533.25,523.1500244140625,532.1624755859375,396.5028076171875,9921260,0.0,0.0
2015-01-15 00:00:00+05:30,533.7999877929688,538.2000122070312,528.0625,533.5625,397.54608154296875,8342452,0.0,0.0
2015-01-16 00:00:00+05:30,537.0,540.0,528.0,529.5750122070312,394.5750732421875,6690960,0.0,0.0
2015-01-19 00:00:00+05:30,530.0,533.0875244140625,523.6500244140625,525.625,391.6319580078125,4087744,0.0,0.0
2015-01-20 00:00:00+05:30,526.75,533.25,525.3624877929688,531.0499877929688,395.674072265625,6804504,0.0,0.0
2015-01-21 00:00:00+05:30,532.875,543.9874877929688,529.5,542.4749755859375,404.1864929199219,8494908,0.0,0.0
2015-01-22 00:00:00+05:30,543.7000122070312,550.75,540.3250122070312,549.1124877929688,409.1318664550781,9958396,0.0,0.0
2015-01-23 00:00:00+05:30,550.0,556.25,541.2750244140625,553.7625122070312,412.59661865234375,9486328,0.0,0.0
2015-01-27 00:00:00+05:30,555.25,555.25,532.5250244140625,534.125,397.96514892578125,13739968,0.0,0.0
2015-01-28 00:00:00+05:30,537.5,538.7000122070312,532.5750122070312,536.1375122070312,399.4646301269531,13134356,0.0,0.0
2015-01-29 00:00:00+05:30,536.25,537.4749755859375,531.9000244140625,536.375,399.6415100097656,15369424,0.0,0.0
2015-01-30 00:00:00+05:30,540.375,540.6375122070312,531.7374877929688,535.4749755859375,398.970947265625,10833744,0.0,0.0
2015-02-02 00:00:00+05:30,535.375,538.0,531.5125122070312,534.2125244140625,398.0303039550781,8702540,0.0,0.0
2015-02-03 00:00:00+05:30,534.2125244140625,534.9874877929688,525.5,530.2249755859375,395.0592346191406,5265956,0.0,0.0
2015-02-04 00:00:00+05:30,534.9749755859375,537.5,531.5999755859375,535.7125244140625,399.14794921875,5160016,0.0,0.0
2015-02-05 00:00:00+05:30,537.7000122070312,555.0,537.0,548.4500122070312,408.63836669921875,11875936,0.0,0.0
2015-02-06 00:00:00+05:30,551.25,561.9500122070312,547.125,557.625,415.4744567871094,7453728,0.0,0.0
2015-02-09 00:00:00+05:30,550.0,563.5,550.0,562.2249755859375,418.90185546875,6536868,0.0,0.0
2015-02-10 00:00:00+05:30,560.75,574.5,560.25,569.5750122070312,424.3780822753906,8516920,0.0,0.0
2015-02-11 00:00:00+05:30,570.125,573.2999877929688,564.0625,571.2125244140625,425.5982971191406,5796972,0.0,0.0
2015-02-12 00:00:00+05:30,570.75,580.4874877929688,568.25,577.7999877929688,430.5063781738281,6287536,0.0,0.0
2015-02-13 00:00:00+05:30,574.9000244140625,581.6749877929688,571.5,574.0250244140625,427.6937561035156,5657516,0.0,0.0
2015-02-16 00:00:00+05:30,570.0750122070312,576.7249755859375,566.3125,569.6875,424.4620056152344,6244276,0.0,0.0
2015-02-18 00:00:00+05:30,572.6375122070312,576.2374877929688,564.5374755859375,574.125,427.76824951171875,8613764,0.0,0.0
2015-02-19 00:00:00+05:30,573.5,583.5,573.0125122070312,581.1749877929688,433.02105712890625,9673624,0.0,0.0
2015-02-20 00:00:00+05:30,582.125,584.0,569.2249755859375,570.7750244140625,425.2723083496094,6971628,0.0,0.0
2015-02-23 00:00:00+05:30,575.0,577.2999877929688,562.0250244140625,566.4000244140625,422.0125732421875,5090488,0.0,0.0
2015-02-24 00:00:00+05:30,569.75,573.9874877929688,564.4000244140625,568.2000122070312,423.3537292480469,6437676,0.0,0.0
2015-02-25 00:00:00+05:30,572.2249755859375,583.7000122070312,570.0,579.4000244140625,431.6985778808594,6044972,0.0,0.0
2015-02-26 00:00:00+05:30,576.875,577.25,561.3499755859375,564.5250244140625,420.6155090332031,6445776,0.0,0.0
2015-02-27 00:00:00+05:30,568.7249755859375,570.1624755859375,562.875,566.4375,422.0404052734375,7801076,0.0,0.0
2015-03-02 00:00:00+05:30,575.75,577.125,569.5125122070312,572.9249877929688,426.8741760253906,7040992,0.0,0.0
2015-03-03 00:00:00+05:30,572.5,575.7374877929688,569.5750122070312,574.4625244140625,428.019775390625,4905552,0.0,0.0
2015-03-04 00:00:00+05:30,575.0,578.4749755859375,562.9749755859375,568.6624755859375,423.6982421875,4375228,0.0,0.0
2015-03-05 00:00:00+05:30,566.7625122070312,574.6875,558.3375244140625,561.9000244140625,418.65972900390625,5684916,0.0,0.0
2015-03-09 00:00:00+05:30,564.75,564.75,544.75,547.5125122070312,407.9398498535156,7984720,0.0,0.0
2015-03-10 00:00:00+05:30,549.5250244140625,551.7374877929688,540.0499877929688,549.5,409.420654296875,6329916,0.0,0.0
2015-03-11 00:00:00+05:30,548.5250244140625,560.0,542.2750244140625,545.5499877929688,406.4776916503906,6780912,0.0,0.0
2015-03-12 00:00:00+05:30,544.75,556.6124877929688,544.25,554.5750122070312,413.20196533203125,5688564,0.0,0.0
2015-03-13 00:00:00+05:30,556.25,557.5,548.0999755859375,555.0999755859375,413.5931091308594,6179684,0.0,0.0
2015-03-16 00:00:00+05:30,552.6375122070312,570.5,552.6375122070312,566.6624755859375,422.2080383300781,6818632,0.0,0.0
2015-03-17 00:00:00+05:30,566.6624755859375,569.875,554.3125,560.125,417.337158203125,5539312,0.0,0.0
2015-03-18 00:00:00+05:30,563.625,565.7125244140625,555.6375122070312,557.375,415.2881164550781,4905564,0.0,0.0
2015-03-19 00:00:00+05:30,558.6500244140625,562.25,555.6875,557.6124877929688,415.4652404785156,6891740,0.0,0.0
2015-03-20 00:00:00+05:30,560.25,567.2249755859375,558.2374877929688,564.3624877929688,420.4944152832031,6430896,0.0,0.0
2015-03-23 00:00:00+05:30,563.25,568.75,556.375,558.3624877929688,416.0239562988281,5078700,0.0,0.0
2015-03-24 00:00:00+05:30,558.7249755859375,563.3499755859375,551.5,552.8624877929688,411.92596435546875,6736532,0.0,0.0
2015-03-25 00:00:00+05:30,555.7249755859375,557.2874755859375,550.1875,554.7750244140625,413.3509216308594,6170968,0.0,0.0
2015-03-26 00:00:00+05:30,552.0,553.7249755859375,533.0,536.5875244140625,399.7998962402344,15740840,0.0,0.0
2015-03-27 00:00:00+05:30,541.0,556.1749877929688,540.75,550.5374755859375,410.19378662109375,10074220,0.0,0.0
2015-03-30 00:00:00+05:30,551.4000244140625,560.0,548.7249755859375,557.0,415.0087890625,4623088,0.0,0.0
2015-03-31 00:00:00+05:30,561.25,568.4124755859375,551.0875244140625,554.5875244140625,413.2113037109375,8016412,0.0,0.0
2015-04-01 00:00:00+05:30,549.7249755859375,549.875,539.4249877929688,543.4874877929688,404.9408874511719,6738488,0.0,0.0
2015-04-06 00:00:00+05:30,544.75,546.1749877929688,540.0999755859375,544.5499877929688,405.7325744628906,7741752,0.0,0.0
2015-04-07 00:00:00+05:30,543.75,545.7000122070312,534.5,539.875,402.24932861328125,8542268,0.0,0.0
2015-04-08 00:00:00+05:30,545.625,551.2249755859375,543.2625122070312,550.1375122070312,409.895751953125,10185576,0.0,0.0
2015-04-09 00:00:00+05:30,552.8499755859375,554.7249755859375,546.0999755859375,553.75,412.5872802734375,10581548,0.0,0.0
2015-04-10 00:00:00+05:30,552.5499877929688,559.5,552.5499877929688,558.4874877929688,416.1170654296875,7123776,0.0,0.0
2015-04-13 00:00:00+05:30,559.5,561.0,554.0250244140625,559.7000122070312,417.02056884765625,4872336,0.0,0.0
2015-04-15 00:00:00+05:30,559.125,561.25,548.7625122070312,553.4249877929688,412.3450622558594,6237784,0.0,0.0
2015-04-16 00:00:00+05:30,555.5,557.75,540.125,548.6624755859375,408.79669189453125,9007812,0.0,0.0
2015-04-17 00:00:00+05:30,545.0125122070312,548.7374877929688,538.3624877929688,544.8125,405.9281005859375,6450316,0.0,0.0
2015-04-20 00:00:00+05:30,544.0,545.0,528.7874755859375,533.0374755859375,397.1547546386719,12825384,0.0,0.0
2015-04-21 00:00:00+05:30,537.0,538.7750244140625,530.0250244140625,535.6500244140625,399.1014099121094,8881648,0.0,0.0
2015-04-22 00:00:00+05:30,537.7625122070312,538.75,524.4874877929688,534.4249877929688,398.1886901855469,12350984,0.0,0.0
2015-04-23 00:00:00+05:30,537.1749877929688,537.5,528.0,530.5,395.26422119140625,11891800,0.0,0.0
2015-04-24 00:00:00+05:30,533.9749755859375,537.5499877929688,495.0,498.79998779296875,371.645263671875,43565452,0.0,0.0
2015-04-27 00:00:00+05:30,500.0,500.5,487.0249938964844,496.1625061035156,369.6800842285156,19822640,0.0,0.0
2015-04-28 00:00:00+05:30,495.5,495.5,488.0,490.2250061035156,365.25616455078125,10393500,0.0,0.0
2015-04-29 00:00:00+05:30,490.2250061035156,493.0,484.48748779296875,490.2875061035156,365.3027648925781,8289056,0.0,0.0
2015-04-30 00:00:00+05:30,490.0,491.25,483.07501220703125,485.5625,361.78228759765625,13134260,0.0,0.0
2015-05-04 00:00:00+05:30,489.875,500.0,487.4750061035156,498.2749938964844,371.2540588378906,13361592,0.0,0.0
2015-05-05 00:00:00+05:30,500.0,500.92498779296875,488.01251220703125,490.6875,365.60076904296875,9408516,0.0,0.0
2015-05-06 00:00:00+05:30,493.75,493.75,478.82501220703125,480.51251220703125,358.0196533203125,10508408,0.0,0.0
2015-05-07 00:00:00+05:30,480.5,491.7749938964844,477.5,486.0,362.1081848144531,6779984,0.0,0.0
2015-05-08 00:00:00+05:30,489.5,491.88751220703125,486.3125,489.48748779296875,364.7066650390625,5777676,0.0,0.0
2015-05-11 00:00:00+05:30,491.25,500.0,488.04998779296875,498.4125061035156,371.35650634765625,4785512,0.0,0.0
2015-05-12 00:00:00+05:30,498.4125061035156,498.6499938964844,485.5,486.7749938964844,362.6855773925781,8284892,0.0,0.0
2015-05-13 00:00:00+05:30,487.9375,491.2250061035156,482.125,489.17498779296875,364.4737854003906,7099084,0.0,0.0
2015-05-14 00:00:00+05:30,490.0,490.20001220703125,477.0,483.70001220703125,360.39459228515625,6233844,0.0,0.0
2015-05-15 00:00:00+05:30,483.75,491.6499938964844,483.07501220703125,490.4375,365.4145202636719,5189344,0.0,0.0
2015-05-18 00:00:00+05:30,492.5,499.7250061035156,490.3999938964844,498.26251220703125,371.2447509765625,6469976,0.0,0.0
2015-05-19 00:00:00+05:30,496.82501220703125,508.92498779296875,496.5,505.5874938964844,376.70245361328125,10272076,0.0,0.0
2015-05-20 00:00:00+05:30,510.0,513.0,508.3999938964844,511.82501220703125,381.3498840332031,5882188,0.0,0.0
2015-05-21 00:00:00+05:30,512.2249755859375,515.4749755859375,509.3125,512.1124877929688,381.56414794921875,10059312,0.0,0.0
2015-05-22 00:00:00+05:30,511.0,512.8875122070312,507.5249938964844,511.61248779296875,381.1914978027344,6888824,0.0,0.0
2015-05-25 00:00:00+05:30,512.625,514.1375122070312,501.76251220703125,504.20001220703125,375.66864013671875,4675808,0.0,0.0
2015-05-26 00:00:00+05:30,505.0,507.86248779296875,500.5375061035156,501.82501220703125,373.8990783691406,3965040,0.0,0.0
2015-05-27 00:00:00+05:30,501.75,502.25,488.75,492.125,366.67181396484375,8454708,0.0,0.0
2015-05-28 00:00:00+05:30,493.79998779296875,508.0,493.79998779296875,504.1499938964844,375.6313781738281,10980540,0.0,0.0
2015-05-29 00:00:00+05:30,501.2124938964844,514.1124877929688,500.25,505.7875061035156,376.8514099121094,18993044,0.0,0.0
2015-06-01 00:00:00+05:30,508.20001220703125,516.0,505.8125,511.95001220703125,381.4429626464844,5724892,0.0,0.0
2015-06-02 00:00:00+05:30,512.0250244140625,513.7750244140625,501.25,502.1625061035156,374.1505126953125,4673140,0.0,0.0
2015-06-03 00:00:00+05:30,504.54998779296875,509.86248779296875,502.0,505.2250061035156,376.432373046875,5495796,0.0,0.0
2015-06-04 00:00:00+05:30,507.5,513.75,503.1499938964844,507.01251220703125,377.76422119140625,7489464,0.0,0.0
2015-06-05 00:00:00+05:30,507.5,511.0,502.0375061035156,502.9125061035156,374.7093200683594,6125788,0.0,0.0
2015-06-08 00:00:00+05:30,505.0,506.1625061035156,496.75,500.01251220703125,372.5486145019531,6141048,0.0,0.0
2015-06-09 00:00:00+05:30,500.9375,501.9125061035156,495.75,498.0249938964844,371.06781005859375,7561740,0.0,0.0
2015-06-10 00:00:00+05:30,497.5,509.8374938964844,496.25,506.625,377.4754638671875,6385840,0.0,0.0
2015-06-11 00:00:00+05:30,508.98748779296875,511.1875,498.76251220703125,499.4125061035156,372.1015319824219,9229464,0.0,0.0
2015-06-12 00:00:00+05:30,501.25,506.38751220703125,488.875,493.76251220703125,367.8919677734375,9852924,0.0,0.0
2015-06-15 00:00:00+05:30,488.4750061035156,499.3999938964844,484.0,495.2250061035156,374.57635498046875,5236426,7.375,2.0
2015-06-16 00:00:00+05:30,497.17498779296875,501.5,492.5,499.67498779296875,377.94219970703125,5223444,0.0,0.0
2015-06-17 00:00:00+05:30,505.5,510.5,496.1000061035156,497.8500061035156,376.5618896484375,6412068,0.0,0.0
2015-06-18 00:00:00+05:30,502.79998779296875,503.9750061035156,497.8999938964844,500.9750061035156,378.925537109375,3474426,0.0,0.0
2015-06-19 00:00:00+05:30,505.1499938964844,505.20001220703125,496.54998779296875,497.67498779296875,376.4294738769531,6670458,0.0,0.0
2015-06-22 00:00:00+05:30,502.45001220703125,514.375,498.5,511.92498779296875,387.2078552246094,5710868,0.0,0.0
2015-06-23 00:00:00+05:30,512.5,513.7000122070312,499.07501220703125,500.20001220703125,378.3393859863281,6952116,0.0,0.0
2015-06-24 00:00:00+05:30,507.5,507.5,495.6000061035156,497.54998779296875,376.3348693847656,7073694,0.0,0.0
2015-06-25 00:00:00+05:30,499.6000061035156,501.75,493.82501220703125,495.2250061035156,374.57635498046875,7117466,0.0,0.0
2015-06-26 00:00:00+05:30,499.5,505.79998779296875,499.04998779296875,502.625,380.1735534667969,5320284,0.0,0.0
2015-06-29 00:00:00+05:30,493.5,499.75,491.25,495.07501220703125,374.46282958984375,5690668,0.0,0.0
2015-06-30 00:00:00+05:30,495.0,496.7250061035156,490.0,492.17498779296875,372.2694091796875,6212530,0.0,0.0
2015-07-01 00:00:00+05:30,494.5,502.5,493.0,498.70001220703125,377.204833984375,6880852,0.0,0.0
2015-07-02 00:00:00+05:30,499.5,500.70001220703125,492.5249938964844,494.0,373.6498718261719,4007568,0.0,0.0
2015-07-03 00:00:00+05:30,494.0,496.5,491.0,495.1499938964844,374.5196533203125,2695306,0.0,0.0
2015-07-06 00:00:00+05:30,492.5,494.0,487.5,491.6499938964844,371.8722839355469,4305602,0.0,0.0
2015-07-07 00:00:00+05:30,492.5,495.0,489.5,490.25,370.8134460449219,3497418,0.0,0.0
2015-07-08 00:00:00+05:30,489.5,489.5,477.3999938964844,478.75,362.11505126953125,7024178,0.0,0.0
2015-07-09 00:00:00+05:30,478.75,483.0,467.0249938964844,469.0,354.7403259277344,8587772,0.0,0.0
2015-07-10 00:00:00+05:30,474.04998779296875,476.04998779296875,466.32501220703125,468.75,354.5513000488281,7411522,0.0,0.0
2015-07-13 00:00:00+05:30,470.5,477.5,467.0249938964844,475.07501220703125,359.33544921875,6531768,0.0,0.0
2015-07-14 00:00:00+05:30,477.5,486.75,472.75,485.625,367.3150939941406,5367074,0.0,0.0
2015-07-15 00:00:00+05:30,485.0,492.9750061035156,484.0,492.0,372.1370849609375,4129566,0.0,0.0
2015-07-16 00:00:00+05:30,493.8500061035156,495.75,489.75,494.5249938964844,374.046875,3472938,0.0,0.0
2015-07-17 00:00:00+05:30,495.5,502.25,494.54998779296875,500.92498779296875,378.8877258300781,3447978,0.0,0.0
2015-07-20 00:00:00+05:30,500.70001220703125,505.3999938964844,493.70001220703125,500.625,378.6607971191406,4377180,0.0,0.0
2015-07-21 00:00:00+05:30,517.5,574.5,517.5,556.3250122070312,420.7909240722656,38310112,0.0,0.0
2015-07-22 00:00:00+05:30,552.5,556.0,538.3250122070312,551.5750122070312,417.1981506347656,12665660,0.0,0.0
2015-07-23 00:00:00+05:30,551.9749755859375,558.5,545.0,549.0,415.2504577636719,7710748,0.0,0.0
2015-07-24 00:00:00+05:30,547.7750244140625,553.2249755859375,541.5499877929688,543.7999877929688,411.3172912597656,4480302,0.0,0.0
2015-07-27 00:00:00+05:30,543.4500122070312,543.9749755859375,530.2249755859375,532.6500244140625,402.88372802734375,6752244,0.0,0.0
2015-07-28 00:00:00+05:30,534.25,538.0,527.125,531.4249877929688,401.9571838378906,8476602,0.0,0.0
2015-07-29 00:00:00+05:30,537.0,546.0,532.5,542.7000122070312,410.4853820800781,7071334,0.0,0.0
2015-07-30 00:00:00+05:30,545.0,545.0,529.0,535.0,404.6612548828125,11956598,0.0,0.0
2015-07-31 00:00:00+05:30,539.2750244140625,540.6749877929688,530.0,538.5250244140625,407.3274230957031,7931012,0.0,0.0
2015-08-03 00:00:00+05:30,539.0,546.0,534.4749755859375,539.4749755859375,408.0459899902344,7961012,0.0,0.0
2015-08-04 00:00:00+05:30,539.0,539.4749755859375,525.5,528.625,399.83929443359375,9099054,0.0,0.0
2015-08-05 00:00:00+05:30,531.0,545.0,530.9749755859375,543.1749877929688,410.8445739746094,4753476,0.0,0.0
2015-08-06 00:00:00+05:30,547.0,552.75,538.5,543.4749755859375,411.071533203125,7238252,0.0,0.0
2015-08-07 00:00:00+05:30,539.75,550.5,539.25,547.7999877929688,414.34283447265625,4988058,0.0,0.0
2015-08-10 00:00:00+05:30,549.0,553.1749877929688,533.5,543.0,410.7121887207031,3992754,0.0,0.0
2015-08-11 00:00:00+05:30,549.4000244140625,558.4500122070312,547.8499755859375,554.5750122070312,419.4673156738281,7574406,0.0,0.0
2015-08-12 00:00:00+05:30,557.5,574.5,555.5,572.2000122070312,432.7984313964844,10168440,0.0,0.0
2015-08-13 00:00:00+05:30,573.5,583.4249877929688,527.7750244140625,579.0,437.94171142578125,9787960,0.0,0.0
2015-08-14 00:00:00+05:30,582.5,584.3499755859375,571.5499877929688,574.625,434.6325988769531,5109066,0.0,0.0
2015-08-17 00:00:00+05:30,575.0,576.7249755859375,561.25,571.0750122070312,431.9474792480469,3107436,0.0,0.0
2015-08-18 00:00:00+05:30,575.0,588.8499755859375,575.0,582.1749877929688,440.34320068359375,4150446,0.0,0.0
2015-08-19 00:00:00+05:30,585.0,593.0999755859375,581.4000244140625,587.7750244140625,444.5789489746094,6869518,0.0,0.0
2015-08-20 00:00:00+05:30,579.5,584.25,564.0,567.2750244140625,429.0732421875,8369114,0.0,0.0
2015-08-21 00:00:00+05:30,570.4500122070312,580.4749755859375,558.75,574.9500122070312,434.8785095214844,10822142,0.0,0.0
2015-08-24 00:00:00+05:30,554.9749755859375,561.5,539.2999877929688,546.0250244140625,413.0002136230469,14122684,0.0,0.0
2015-08-25 00:00:00+05:30,550.0,559.5,522.25,542.8250122070312,410.5799255371094,13735078,0.0,0.0
2015-08-26 00:00:00+05:30,544.9000244140625,548.5,529.5,532.2999877929688,402.61907958984375,11498212,0.0,0.0
2015-08-27 00:00:00+05:30,544.0,550.0499877929688,539.0250244140625,541.4000244140625,409.50201416015625,15343392,0.0,0.0
2015-08-28 00:00:00+05:30,550.7999877929688,562.4500122070312,550.7999877929688,555.5250244140625,420.1858825683594,7208820,0.0,0.0
2015-08-31 00:00:00+05:30,567.4249877929688,567.4249877929688,541.25,547.2000122070312,413.8890380859375,9917064,0.0,0.0
2015-09-01 00:00:00+05:30,545.0,557.2999877929688,541.0,544.5,411.8467102050781,9071550,0.0,0.0
2015-09-02 00:00:00+05:30,549.0,557.5,545.0,549.7249755859375,415.79888916015625,11171830,0.0,0.0
2015-09-03 00:00:00+05:30,555.0750122070312,556.0,546.25,549.6749877929688,415.7610778808594,8590536,0.0,0.0
2015-09-04 00:00:00+05:30,551.5,555.5,533.5,536.9749755859375,406.1550598144531,7318888,0.0,0.0
2015-09-07 00:00:00+05:30,542.4749755859375,542.5,527.5,529.375,400.4066162109375,5180988,0.0,0.0
2015-09-08 00:00:00+05:30,531.0,537.0,526.1500244140625,529.4000244140625,400.4255065917969,5459496,0.0,0.0
2015-09-09 00:00:00+05:30,543.5499877929688,549.7999877929688,536.0,544.3499755859375,411.7333068847656,9148664,0.0,0.0
2015-09-10 00:00:00+05:30,542.4500122070312,545.75,530.5,540.2249755859375,408.6132507324219,8363004,0.0,0.0
2015-09-11 00:00:00+05:30,545.7750244140625,553.2000122070312,542.75,545.375,412.50860595703125,9883810,0.0,0.0
2015-09-14 00:00:00+05:30,549.5,552.0,541.3250122070312,549.875,415.91229248046875,6557076,0.0,0.0
2015-09-15 00:00:00+05:30,549.7000122070312,551.5999755859375,544.0750122070312,549.5999755859375,415.7042541503906,5291886,0.0,0.0
2015-09-16 00:00:00+05:30,554.0,554.875,549.1500244140625,550.8250122070312,416.6308898925781,7478240,0.0,0.0
2015-09-18 00:00:00+05:30,555.9000244140625,558.9500122070312,549.5250244140625,552.2249755859375,417.6897888183594,11576876,0.0,0.0
2015-09-21 00:00:00+05:30,550.0,554.4249877929688,546.25,552.3250122070312,417.7655029296875,4351234,0.0,0.0
2015-09-22 00:00:00+05:30,557.5,567.9749755859375,550.5499877929688,553.7249755859375,418.82440185546875,9626986,0.0,0.0
2015-09-23 00:00:00+05:30,553.7249755859375,563.1749877929688,548.7249755859375,558.125,422.15240478515625,4758254,0.0,0.0
2015-09-24 00:00:00+05:30,556.75,576.3499755859375,555.0,570.2750244140625,431.3423156738281,13399262,0.0,0.0
2015-09-28 00:00:00+05:30,569.9749755859375,571.4249877929688,550.5,552.7750244140625,418.10577392578125,9788464,0.0,0.0
2015-09-29 00:00:00+05:30,551.0,566.7000122070312,548.75,560.9249877929688,424.2702331542969,8699370,0.0,0.0
2015-09-30 00:00:00+05:30,567.2000122070312,584.4749755859375,562.9749755859375,580.9749755859375,439.43560791015625,9495692,0.0,0.0
2015-10-01 00:00:00+05:30,584.9500122070312,598.875,580.0,586.5250244140625,443.6335144042969,10864394,0.0,0.0
2015-10-05 00:00:00+05:30,586.5,594.6749877929688,581.0,590.875,446.9237976074219,6881760,0.0,0.0
2015-10-06 00:00:00+05:30,593.5250244140625,596.2750244140625,574.0499877929688,577.2999877929688,436.6558837890625,8711880,0.0,0.0
2015-10-07 00:00:00+05:30,578.0,584.375,564.2249755859375,566.5999755859375,428.562744140625,9182488,0.0,0.0
2015-10-08 00:00:00+05:30,568.2000122070312,574.7999877929688,563.0250244140625,566.0750122070312,428.1655578613281,9080874,0.0,0.0
2015-10-09 00:00:00+05:30,568.0,586.4500122070312,568.0,583.7000122070312,441.4967346191406,11782138,0.0,0.0
2015-10-12 00:00:00+05:30,599.5,609.9000244140625,554.5,561.4500122070312,424.66741943359375,30404970,0.0,0.0
2015-10-13 00:00:00+05:30,553.7249755859375,555.5,542.5999755859375,549.7000122070312,415.7798767089844,15326862,0.0,0.0
2015-10-14 00:00:00+05:30,545.7249755859375,557.7750244140625,543.5999755859375,548.7999877929688,415.0992126464844,8865510,0.0,0.0
2015-10-15 00:00:00+05:30,549.9500122070312,552.1749877929688,544.5499877929688,548.6749877929688,415.0046691894531,8255666,0.0,0.0
2015-10-16 00:00:00+05:30,549.5,550.7000122070312,545.0,547.4500122070312,417.88629150390625,6418992,5.0,0.0
2015-10-19 00:00:00+05:30,551.0,558.0,550.25,555.9749755859375,424.3935546875,7347494,0.0,0.0
2015-10-20 00:00:00+05:30,556.5,565.0,555.2999877929688,562.9749755859375,429.7369384765625,8788310,0.0,0.0
2015-10-21 00:00:00+05:30,562.5,573.4249877929688,562.5,569.2000122070312,434.4886169433594,7278098,0.0,0.0
2015-10-23 00:00:00+05:30,570.9000244140625,576.5,562.5499877929688,574.9500122070312,438.8778381347656,6033362,0.0,0.0
2015-10-26 00:00:00+05:30,577.0,579.25,571.5750122070312,576.0750122070312,439.7366027832031,3195942,0.0,0.0
2015-10-27 00:00:00+05:30,575.0,577.5,572.0499877929688,574.7000122070312,438.68701171875,5263748,0.0,0.0
2015-10-28 00:00:00+05:30,572.25,579.0,569.5,576.5999755859375,440.1372375488281,5255472,0.0,0.0
2015-10-29 00:00:00+05:30,576.5499877929688,577.9500122070312,568.0250244140625,572.5250244140625,437.02679443359375,5887324,0.0,0.0
2015-10-30 00:00:00+05:30,572.5,572.5,565.0,567.7249755859375,433.36279296875,4044676,0.0,0.0
2015-11-02 00:00:00+05:30,565.0,567.9000244140625,557.0499877929688,565.5999755859375,431.7406921386719,3544988,0.0,0.0
2015-11-03 00:00:00+05:30,566.7000122070312,575.2249755859375,566.7000122070312,572.75,437.1986083984375,3614682,0.0,0.0
2015-11-04 00:00:00+05:30,575.0499877929688,578.7999877929688,566.1500244140625,568.4000244140625,433.8780517578125,3205572,0.0,0.0
2015-11-05 00:00:00+05:30,571.4749755859375,572.5,559.7000122070312,561.4500122070312,428.5729064941406,2345306,0.0,0.0
2015-11-06 00:00:00+05:30,561.5,571.9500122070312,561.4500122070312,569.1500244140625,434.4504699707031,3026172,0.0,0.0
2015-11-09 00:00:00+05:30,560.0,570.0,557.5999755859375,567.2999877929688,433.0382995605469,6125676,0.0,0.0
2015-11-10 00:00:00+05:30,563.75,563.75,550.0499877929688,551.9249877929688,421.3020935058594,4680052,0.0,0.0
2015-11-13 00:00:00+05:30,549.9749755859375,553.0,545.0,550.4000244140625,420.1380615234375,3520868,0.0,0.0
2015-11-16 00:00:00+05:30,541.8250122070312,547.0,533.5999755859375,540.0999755859375,412.2757263183594,6808334,0.0,0.0
2015-11-17 00:00:00+05:30,540.0,541.4500122070312,526.0,530.75,405.1385498046875,7184106,0.0,0.0
2015-11-18 00:00:00+05:30,520.5,522.5750122070312,505.625,510.0,389.2994689941406,10125252,0.0,0.0
2015-11-19 00:00:00+05:30,515.125,526.0,511.8999938964844,523.9000244140625,399.9097595214844,8539622,0.0,0.0
2015-11-20 00:00:00+05:30,524.0,531.5999755859375,521.0250244140625,526.2000122070312,401.6654357910156,6082978,0.0,0.0
2015-11-23 00:00:00+05:30,525.0,531.2000122070312,519.0,526.8499755859375,402.1615905761719,5616350,0.0,0.0
2015-11-24 00:00:00+05:30,525.0,525.4000244140625,518.5,520.5750122070312,397.3716735839844,4325802,0.0,0.0
2015-11-26 00:00:00+05:30,520.4749755859375,529.75,520.0250244140625,526.2000122070312,401.6654357910156,9853968,0.0,0.0
2015-11-27 00:00:00+05:30,529.0,535.0,522.5,533.1749877929688,406.9897155761719,5142478,0.0,0.0
2015-11-30 00:00:00+05:30,535.0,549.1500244140625,528.0999755859375,543.9500122070312,415.214599609375,18105534,0.0,0.0
2015-12-01 00:00:00+05:30,544.0,547.5,536.4749755859375,539.5,411.8177490234375,5898550,0.0,0.0
2015-12-02 00:00:00+05:30,539.9749755859375,539.9749755859375,529.5,530.3499755859375,404.8332214355469,6397616,0.0,0.0
2015-12-03 00:00:00+05:30,530.5,532.4000244140625,524.5250244140625,528.875,403.70733642578125,5504726,0.0,0.0
2015-12-04 00:00:00+05:30,524.5,532.4500122070312,520.0499877929688,524.5250244140625,400.3868408203125,8375530,0.0,0.0
2015-12-07 00:00:00+05:30,527.6500244140625,529.5,520.0,523.125,399.3182067871094,4513870,0.0,0.0
2015-12-08 00:00:00+05:30,522.5250244140625,531.375,519.6500244140625,522.2000122070312,398.6120910644531,5724372,0.0,0.0
2015-12-09 00:00:00+05:30,521.5,523.4749755859375,511.2749938964844,514.0999755859375,392.4291076660156,6818254,0.0,0.0
2015-12-10 00:00:00+05:30,518.2999877929688,525.7999877929688,515.1500244140625,523.6749877929688,399.7380065917969,5587746,0.0,0.0
2015-12-11 00:00:00+05:30,527.0,530.9500122070312,522.9500122070312,526.4000244140625,401.8180847167969,5390198,0.0,0.0
2015-12-14 00:00:00+05:30,524.75,536.5750122070312,524.0250244140625,534.75,408.1919250488281,4816672,0.0,0.0
2015-12-15 00:00:00+05:30,536.625,539.5499877929688,529.4000244140625,538.7750244140625,411.2642517089844,5431808,0.0,0.0
2015-12-16 00:00:00+05:30,541.7000122070312,549.0,541.7000122070312,547.9249877929688,418.2488098144531,5495852,0.0,0.0
2015-12-17 00:00:00+05:30,550.0,554.9000244140625,544.0,553.5499877929688,422.54254150390625,4958782,0.0,0.0
2015-12-18 00:00:00+05:30,551.7000122070312,551.7000122070312,539.7249755859375,541.5750122070312,413.4015808105469,7219820,0.0,0.0
2015-12-21 00:00:00+05:30,538.5,553.7000122070312,532.9749755859375,551.7249755859375,421.14947509765625,4331012,0.0,0.0
2015-12-22 00:00:00+05:30,548.7249755859375,548.7249755859375,540.0499877929688,541.875,413.63067626953125,4109254,0.0,0.0
2015-12-23 00:00:00+05:30,547.5250244140625,551.25,543.5250244140625,550.4249877929688,420.1571350097656,2870928,0.0,0.0
2015-12-24 00:00:00+05:30,551.0250244140625,552.2249755859375,545.0499877929688,548.1749877929688,418.439697265625,1230054,0.0,0.0
2015-12-28 00:00:00+05:30,545.0,555.0,545.0,552.375,421.64569091796875,5526952,0.0,0.0
2015-12-29 00:00:00+05:30,550.625,555.0,548.6500244140625,552.3499755859375,421.6264953613281,3345062,0.0,0.0
2015-12-30 00:00:00+05:30,550.5499877929688,553.2999877929688,541.5,543.1500244140625,414.6038818359375,5153970,0.0,0.0
2015-12-31 00:00:00+05:30,545.0750122070312,554.9749755859375,543.5,552.7000122070312,421.8937072753906,7943938,0.0,0.0
2016-01-01 00:00:00+05:30,550.0,554.4749755859375,546.5999755859375,552.625,421.8364562988281,1806550,0.0,0.0
2016-01-04 00:00:00+05:30,549.9749755859375,551.2249755859375,538.0250244140625,539.4500122070312,411.7796325683594,3975362,0.0,0.0
2016-01-05 00:00:00+05:30,542.75,542.75,531.125,537.0250244140625,409.928466796875,4949786,0.0,0.0
2016-01-06 00:00:00+05:30,537.3250122070312,537.3250122070312,529.4500122070312,534.6749877929688,408.13470458984375,5588328,0.0,0.0
2016-01-07 00:00:00+05:30,530.0250244140625,533.9500122070312,523.9500122070312,525.4000244140625,401.0547790527344,5294088,0.0,0.0
2016-01-08 00:00:00+05:30,530.75,533.7000122070312,527.75,531.6500244140625,405.82562255859375,3156716,0.0,0.0
2016-01-11 00:00:00+05:30,528.1500244140625,534.9749755859375,526.0499877929688,527.8499755859375,402.92498779296875,5360622,0.0,0.0
2016-01-12 00:00:00+05:30,531.0,531.4749755859375,515.4249877929688,524.9749755859375,400.7303466796875,6565212,0.0,0.0
2016-01-13 00:00:00+05:30,528.5,545.5,524.0499877929688,541.7000122070312,413.4971008300781,8751294,0.0,0.0
2016-01-14 00:00:00+05:30,533.0,577.5,527.1749877929688,566.5,432.42767333984375,30227006,0.0,0.0
2016-01-15 00:00:00+05:30,574.0,582.0,568.7750244140625,569.9500122070312,435.0612487792969,13036614,0.0,0.0
2016-01-18 00:00:00+05:30,569.9500122070312,581.0499877929688,564.1749877929688,565.9500122070312,432.0077819824219,10066612,0.0,0.0
2016-01-19 00:00:00+05:30,567.5,579.4749755859375,564.2750244140625,569.8250122070312,434.9658203125,7500436,0.0,0.0
2016-01-20 00:00:00+05:30,567.0,580.0,558.5,560.625,427.9431457519531,7507998,0.0,0.0
2016-01-21 00:00:00+05:30,567.5,571.25,561.0,568.5250244140625,433.9734191894531,6743000,0.0,0.0
2016-01-22 00:00:00+05:30,574.0499877929688,576.25,565.5,568.125,433.6680908203125,6436018,0.0,0.0
2016-01-25 00:00:00+05:30,570.125,573.4249877929688,562.2750244140625,568.8250122070312,434.2024230957031,4579262,0.0,0.0
2016-01-27 00:00:00+05:30,573.2249755859375,574.7999877929688,567.5,569.25,434.5268249511719,6971962,0.0,0.0
2016-01-28 00:00:00+05:30,568.0,571.2999877929688,563.0999755859375,564.7999877929688,431.1300354003906,7788598,0.0,0.0
2016-01-29 00:00:00+05:30,569.0,585.0,565.7999877929688,582.4500122070312,444.602783203125,10232108,0.0,0.0
2016-02-01 00:00:00+05:30,585.0,589.9500122070312,580.7999877929688,586.6749877929688,447.82794189453125,4251126,0.0,0.0
2016-02-02 00:00:00+05:30,588.4249877929688,595.0,582.0,587.7750244140625,448.6675109863281,7632702,0.0,0.0
2016-02-03 00:00:00+05:30,583.9000244140625,587.9500122070312,576.375,578.8499755859375,441.8548889160156,5245966,0.0,0.0
2016-02-04 00:00:00+05:30,580.0250244140625,597.4749755859375,580.0250244140625,589.875,450.2706298828125,5549346,0.0,0.0
2016-02-05 00:00:00+05:30,587.75,593.3250122070312,585.9249877929688,587.3499755859375,448.343017578125,3984224,0.0,0.0
2016-02-08 00:00:00+05:30,581.875,586.0999755859375,571.9000244140625,575.4000244140625,439.22125244140625,4221044,0.0,0.0
2016-02-09 00:00:00+05:30,564.1500244140625,564.1500244140625,546.75,553.8250122070312,422.75244140625,7579572,0.0,0.0
2016-02-10 00:00:00+05:30,554.0,563.75,552.5,554.2750244140625,423.095947265625,5866054,0.0,0.0
2016-02-11 00:00:00+05:30,555.5,556.5,535.5750122070312,539.3250122070312,411.68414306640625,5214378,0.0,0.0
2016-02-12 00:00:00+05:30,547.3499755859375,552.2000122070312,533.5,542.3250122070312,413.97418212890625,7408096,0.0,0.0
2016-02-15 00:00:00+05:30,548.125,550.0999755859375,543.2999877929688,545.875,416.6839599609375,5093478,0.0,0.0
2016-02-16 00:00:00+05:30,543.5,546.375,536.8499755859375,539.5750122070312,411.8750305175781,5125448,0.0,0.0
2016-02-17 00:00:00+05:30,540.875,551.5,538.5,548.9249877929688,419.0121154785156,4164598,0.0,0.0
2016-02-18 00:00:00+05:30,550.0,563.5,550.0,561.7000122070312,428.7637023925781,4189072,0.0,0.0
2016-02-19 00:00:00+05:30,559.5999755859375,567.0999755859375,556.9249877929688,563.625,430.2331237792969,3974018,0.0,0.0
2016-02-22 00:00:00+05:30,565.5,566.9749755859375,557.0250244140625,563.3250122070312,430.00421142578125,3857010,0.0,0.0
2016-02-23 00:00:00+05:30,565.125,566.25,558.0250244140625,561.9500122070312,428.95458984375,2501960,0.0,0.0
2016-02-24 00:00:00+05:30,559.75,571.875,559.1749877929688,562.6749877929688,429.5079345703125,4950714,0.0,0.0
2016-02-25 00:00:00+05:30,562.7000122070312,565.2999877929688,550.5499877929688,555.1500244140625,423.763916015625,4484528,0.0,0.0
2016-02-26 00:00:00+05:30,560.0750122070312,566.0,558.0,560.5750122070312,427.90496826171875,4235636,0.0,0.0
2016-02-29 00:00:00+05:30,564.75,565.2000122070312,534.1500244140625,542.0250244140625,413.7451171875,8166076,0.0,0.0
2016-03-01 00:00:00+05:30,547.4000244140625,565.1500244140625,547.4000244140625,562.7249755859375,429.546142578125,6386154,0.0,0.0
2016-03-02 00:00:00+05:30,568.5250244140625,581.75,562.5,578.0,441.2060241699219,7214898,0.0,0.0
2016-03-03 00:00:00+05:30,584.0,596.4249877929688,577.0,584.6500244140625,446.2821350097656,5814304,0.0,0.0
2016-03-04 00:00:00+05:30,587.7999877929688,592.5,579.5499877929688,585.3250122070312,446.7974548339844,4281680,0.0,0.0
2016-03-08 00:00:00+05:30,581.5,595.25,573.7000122070312,581.7249755859375,444.0494689941406,7617746,0.0,0.0
2016-03-09 00:00:00+05:30,572.5,591.875,571.4749755859375,589.25,449.7935485839844,6305782,0.0,0.0
2016-03-10 00:00:00+05:30,581.4500122070312,581.4500122070312,569.6749877929688,571.25,436.0534973144531,24381016,0.0,0.0
2016-03-11 00:00:00+05:30,573.0999755859375,577.9749755859375,569.0999755859375,571.5,436.2442932128906,4058548,0.0,0.0
2016-03-14 00:00:00+05:30,573.0,577.125,569.25,570.5999755859375,435.5573425292969,4174262,0.0,0.0
2016-03-15 00:00:00+05:30,572.0,577.25,564.4749755859375,567.2000122070312,432.96209716796875,6720258,0.0,0.0
2016-03-16 00:00:00+05:30,570.9500122070312,577.5,565.7750244140625,576.2249755859375,439.85107421875,5588850,0.0,0.0
2016-03-17 00:00:00+05:30,578.4500122070312,584.875,577.0250244140625,580.875,443.4006652832031,6474622,0.0,0.0
2016-03-18 00:00:00+05:30,581.4000244140625,599.5,581.0,596.7000122070312,455.48028564453125,8477422,0.0,0.0
2016-03-21 00:00:00+05:30,594.0,599.5,590.0250244140625,597.4500122070312,456.0528259277344,5138392,0.0,0.0
2016-03-22 00:00:00+05:30,595.625,597.0,586.0,594.9749755859375,454.1636047363281,7097950,0.0,0.0
2016-03-23 00:00:00+05:30,595.0,605.3499755859375,591.0499877929688,603.9000244140625,460.9764404296875,6333176,0.0,0.0
2016-03-28 00:00:00+05:30,616.2000122070312,618.5,597.875,602.4500122070312,459.86944580078125,10787510,0.0,0.0
2016-03-29 00:00:00+05:30,599.5,609.4500122070312,595.7750244140625,598.625,456.9497375488281,6995356,0.0,0.0
2016-03-30 00:00:00+05:30,598.7999877929688,605.0,597.7750244140625,602.9749755859375,460.2702331542969,5756818,0.0,0.0
2016-03-31 00:00:00+05:30,605.125,614.9500122070312,600.1500244140625,609.1500244140625,464.9839172363281,17996320,0.0,0.0
2016-04-01 00:00:00+05:30,608.0,611.0999755859375,597.5499877929688,602.7249755859375,460.0793151855469,5511428,0.0,0.0
2016-04-04 00:00:00+05:30,606.7750244140625,624.0,606.7750244140625,621.8499755859375,474.6781005859375,4577054,0.0,0.0
2016-04-05 00:00:00+05:30,621.0,621.1500244140625,607.0,609.9000244140625,465.5563049316406,4790716,0.0,0.0
2016-04-06 00:00:00+05:30,614.0,614.0,598.0,600.3499755859375,458.26641845703125,4931354,0.0,0.0
2016-04-07 00:00:00+05:30,604.2000122070312,604.2000122070312,587.5,590.75,450.9384765625,5657890,0.0,0.0
2016-04-08 00:00:00+05:30,587.9249877929688,588.75,581.0250244140625,582.875,444.9273986816406,4195578,0.0,0.0
2016-04-11 00:00:00+05:30,582.9000244140625,593.375,575.5499877929688,591.9500122070312,451.8545227050781,5768678,0.0,0.0
2016-04-12 00:00:00+05:30,590.25,597.4500122070312,589.2999877929688,591.0999755859375,451.20556640625,5842138,0.0,0.0
2016-04-13 00:00:00+05:30,597.4749755859375,597.4749755859375,583.1749877929688,586.3499755859375,447.5798645019531,12511386,0.0,0.0
2016-04-18 00:00:00+05:30,625.0,633.9500122070312,616.75,619.3499755859375,472.769775390625,25015990,0.0,0.0
2016-04-20 00:00:00+05:30,622.0,623.2249755859375,612.9000244140625,621.7999877929688,474.6399841308594,8072848,0.0,0.0
2016-04-21 00:00:00+05:30,625.5,625.5,609.0499877929688,613.1500244140625,468.03717041015625,5441100,0.0,0.0
2016-04-22 00:00:00+05:30,613.1500244140625,614.25,603.5,605.625,462.2931213378906,5143938,0.0,0.0
2016-04-25 00:00:00+05:30,606.0250244140625,612.4000244140625,600.5499877929688,607.9249877929688,464.04876708984375,5364134,0.0,0.0
2016-04-26 00:00:00+05:30,607.7249755859375,619.7750244140625,604.2999877929688,616.0750122070312,470.2698059082031,5846744,0.0,0.0
2016-04-27 00:00:00+05:30,614.5999755859375,621.1749877929688,614.2750244140625,620.0750122070312,473.32318115234375,4486208,0.0,0.0
2016-04-28 00:00:00+05:30,615.5,619.7999877929688,603.5,604.5750122070312,461.49151611328125,12165168,0.0,0.0
2016-04-29 00:00:00+05:30,605.7249755859375,611.7750244140625,602.5,604.0499877929688,461.0908203125,5036410,0.0,0.0
2016-05-02 00:00:00+05:30,605.0,605.5750122070312,598.0750122070312,600.5250244140625,458.40008544921875,3615250,0.0,0.0
2016-05-03 00:00:00+05:30,601.375,606.0999755859375,585.9000244140625,588.9000244140625,449.5263671875,6824810,0.0,0.0
2016-05-04 00:00:00+05:30,590.5,596.5,585.3250122070312,594.4249877929688,453.74371337890625,5812842,0.0,0.0
2016-05-05 00:00:00+05:30,597.5750122070312,599.5,590.5499877929688,596.2249755859375,455.1177978515625,6302668,0.0,0.0
2016-05-06 00:00:00+05:30,594.9000244140625,594.9000244140625,588.5250244140625,590.75,450.9384765625,2596720,0.0,0.0
2016-05-09 00:00:00+05:30,591.0,600.7750244140625,590.2999877929688,599.5250244140625,457.63671875,5123678,0.0,0.0
2016-05-10 00:00:00+05:30,601.25,608.3250122070312,598.2999877929688,606.4000244140625,462.8847351074219,3395704,0.0,0.0
2016-05-11 00:00:00+05:30,599.25,607.3499755859375,596.25,600.9249877929688,458.7054443359375,3709888,0.0,0.0
2016-05-12 00:00:00+05:30,601.9500122070312,606.5,598.4000244140625,605.0,461.8160400390625,3406932,0.0,0.0
2016-05-13 00:00:00+05:30,603.0,605.0,596.0750122070312,603.625,460.76641845703125,5652064,0.0,0.0
2016-05-16 00:00:00+05:30,605.0999755859375,611.8250122070312,602.5,607.5,463.7243347167969,4533878,0.0,0.0
2016-05-17 00:00:00+05:30,610.0,612.875,604.0750122070312,607.125,463.4380798339844,3796294,0.0,0.0
2016-05-18 00:00:00+05:30,599.5,607.0,598.9500122070312,604.9249877929688,461.75872802734375,4256596,0.0,0.0
2016-05-19 00:00:00+05:30,605.4749755859375,608.0750122070312,600.5,602.875,460.19384765625,3954400,0.0,0.0
2016-05-20 00:00:00+05:30,602.5,609.75,600.0,600.7999877929688,458.6099853515625,3994548,0.0,0.0
2016-05-23 00:00:00+05:30,601.7000122070312,602.5750122070312,592.5,594.0,453.4194030761719,4585946,0.0,0.0
2016-05-24 00:00:00+05:30,595.5250244140625,595.875,588.7999877929688,593.875,453.32391357421875,3485060,0.0,0.0
2016-05-25 00:00:00+05:30,597.0499877929688,606.5499877929688,597.0499877929688,604.3250122070312,461.3006896972656,3857396,0.0,0.0
2016-05-26 00:00:00+05:30,605.0499877929688,619.9000244140625,605.0499877929688,617.0750122070312,471.0332336425781,6136436,0.0,0.0
2016-05-27 00:00:00+05:30,615.7999877929688,629.75,615.7999877929688,623.75,476.1285400390625,6180764,0.0,0.0
2016-05-30 00:00:00+05:30,620.75,636.0,620.75,633.7999877929688,483.79998779296875,5285700,0.0,0.0
2016-05-31 00:00:00+05:30,632.5,633.375,619.5,624.3250122070312,476.56744384765625,13782038,0.0,0.0
2016-06-01 00:00:00+05:30,623.0250244140625,634.25,623.0,629.0999755859375,480.2122802734375,4840534,0.0,0.0
2016-06-02 00:00:00+05:30,627.5,637.4500122070312,627.0,630.7750244140625,481.4909362792969,5053552,0.0,0.0
2016-06-03 00:00:00+05:30,630.0250244140625,639.6500244140625,630.0250244140625,633.4500122070312,483.5327453613281,3998380,0.0,0.0
2016-06-06 00:00:00+05:30,632.4500122070312,638.5,630.5499877929688,633.375,483.47552490234375,4225768,0.0,0.0
2016-06-07 00:00:00+05:30,633.5,636.25,627.5499877929688,628.7000122070312,479.906982421875,5692420,0.0,0.0
2016-06-08 00:00:00+05:30,631.9749755859375,631.9749755859375,617.6749877929688,619.0499877929688,472.54083251953125,8741370,0.0,0.0
2016-06-09 00:00:00+05:30,613.125,613.125,590.0250244140625,592.75,457.7334899902344,12740804,7.125,0.0
2016-06-10 00:00:00+05:30,587.7000122070312,595.0,585.0499877929688,590.2999877929688,455.8415222167969,6383956,0.0,0.0
2016-06-13 00:00:00+05:30,588.4000244140625,592.4500122070312,583.0,590.4500122070312,455.9574890136719,5286722,0.0,0.0
2016-06-14 00:00:00+05:30,591.2000122070312,591.2000122070312,583.625,587.5,453.6793518066406,2940728,0.0,0.0
2016-06-15 00:00:00+05:30,591.8499755859375,596.3250122070312,589.5250244140625,594.9749755859375,459.4516906738281,6711572,0.0,0.0
2016-06-16 00:00:00+05:30,594.75,594.75,585.0499877929688,593.0,457.9266052246094,5302564,0.0,0.0
2016-06-17 00:00:00+05:30,594.5,596.375,587.5499877929688,589.75,455.4168395996094,8515082,0.0,0.0
2016-06-20 00:00:00+05:30,590.5,605.9000244140625,589.8499755859375,604.375,466.7105712890625,6229566,0.0,0.0
2016-06-21 00:00:00+05:30,605.5999755859375,607.4000244140625,597.8250122070312,603.0499877929688,465.6873779296875,4761724,0.0,0.0
2016-06-22 00:00:00+05:30,602.0,605.9749755859375,594.0750122070312,599.75,463.1390075683594,3031258,0.0,0.0
2016-06-23 00:00:00+05:30,598.6500244140625,607.4249877929688,596.6749877929688,605.7999877929688,467.81097412109375,3828626,0.0,0.0
2016-06-24 00:00:00+05:30,594.0,599.5,580.0,597.2750244140625,461.2278137207031,7808348,0.0,0.0
2016-06-27 00:00:00+05:30,586.0250244140625,591.5999755859375,580.0,583.0999755859375,450.2815856933594,5583778,0.0,0.0
2016-06-28 00:00:00+05:30,581.4000244140625,586.25,577.5499877929688,579.5750122070312,447.5594787597656,7655974,0.0,0.0
2016-06-29 00:00:00+05:30,584.5,589.9500122070312,580.0999755859375,588.4249877929688,454.39373779296875,5459150,0.0,0.0
2016-06-30 00:00:00+05:30,590.25,592.25,583.9749755859375,585.4000244140625,452.0577392578125,9346224,0.0,0.0
2016-07-01 00:00:00+05:30,590.0,590.0,585.0499877929688,586.2000122070312,452.6754455566406,3991912,0.0,0.0
2016-07-04 00:00:00+05:30,588.0999755859375,597.2999877929688,588.0999755859375,591.9749755859375,457.1349792480469,5381322,0.0,0.0
2016-07-05 00:00:00+05:30,592.5,593.75,585.5250244140625,587.7249755859375,453.8530578613281,3596416,0.0,0.0
2016-07-07 00:00:00+05:30,584.3499755859375,585.5,577.5,578.625,446.8258972167969,5954876,0.0,0.0
2016-07-08 00:00:00+05:30,581.5,583.5,576.75,579.0999755859375,447.1926574707031,5551648,0.0,0.0
2016-07-11 00:00:00+05:30,583.7000122070312,589.3499755859375,580.0,587.5250244140625,453.6986999511719,6668882,0.0,0.0
2016-07-12 00:00:00+05:30,590.0,590.1749877929688,584.0,588.2750244140625,454.2777099609375,6197368,0.0,0.0
2016-07-13 00:00:00+05:30,590.0,597.9000244140625,587.5999755859375,596.9000244140625,460.93829345703125,5275420,0.0,0.0
2016-07-14 00:00:00+05:30,597.5,598.0250244140625,582.0,588.125,454.16204833984375,7413328,0.0,0.0
2016-07-15 00:00:00+05:30,594.75,594.9500122070312,526.0,536.2750244140625,414.12237548828125,61484126,0.0,0.0
2016-07-18 00:00:00+05:30,538.625,542.4500122070312,527.5750122070312,540.9749755859375,417.7518310546875,14332824,0.0,0.0
2016-07-19 00:00:00+05:30,544.2999877929688,545.0,537.0499877929688,543.4749755859375,419.682373046875,10404644,0.0,0.0
2016-07-20 00:00:00+05:30,535.0,544.9500122070312,535.0,541.5499877929688,418.1957702636719,9822896,0.0,0.0
2016-07-21 00:00:00+05:30,539.5,543.5999755859375,537.7999877929688,539.9500122070312,416.9603271484375,8668002,0.0,0.0
2016-07-22 00:00:00+05:30,535.0,539.9500122070312,533.3499755859375,536.2249755859375,414.08367919921875,9386538,0.0,0.0
2016-07-25 00:00:00+05:30,531.5,541.625,531.5,540.4249877929688,417.32708740234375,8469552,0.0,0.0
2016-07-26 00:00:00+05:30,535.1749877929688,544.9500122070312,535.1749877929688,544.3499755859375,420.35809326171875,7189610,0.0,0.0
2016-07-27 00:00:00+05:30,542.3499755859375,548.25,539.2750244140625,542.6749877929688,419.0645751953125,7431820,0.0,0.0
2016-07-28 00:00:00+05:30,542.7000122070312,543.4749755859375,537.0250244140625,538.75,416.03363037109375,11258562,0.0,0.0
2016-07-29 00:00:00+05:30,536.2999877929688,538.375,533.25,536.9249877929688,414.6243591308594,8156784,0.0,0.0
2016-08-01 00:00:00+05:30,535.75,543.9249877929688,534.1749877929688,542.625,419.0259094238281,9096662,0.0,0.0
2016-08-02 00:00:00+05:30,539.9500122070312,542.5,537.5,541.9000244140625,418.4660949707031,6822502,0.0,0.0
2016-08-03 00:00:00+05:30,542.8250122070312,543.25,535.1500244140625,542.4500122070312,418.890869140625,7213460,0.0,0.0
2016-08-04 00:00:00+05:30,543.2000122070312,543.4500122070312,535.0250244140625,535.9000244140625,413.8327331542969,4237278,0.0,0.0
2016-08-05 00:00:00+05:30,536.0,536.7249755859375,530.0,534.0,412.3655700683594,5609968,0.0,0.0
2016-08-08 00:00:00+05:30,534.5,540.5,531.2750244140625,539.3499755859375,416.4969177246094,4643064,0.0,0.0
2016-08-09 00:00:00+05:30,538.5,542.25,535.75,541.7000122070312,418.3116149902344,7192664,0.0,0.0
2016-08-10 00:00:00+05:30,538.0,543.9500122070312,537.5999755859375,541.1749877929688,417.90625,5576454,0.0,0.0
2016-08-11 00:00:00+05:30,540.8499755859375,547.5,537.625,538.6749877929688,415.9757080078125,5038552,0.0,0.0
2016-08-12 00:00:00+05:30,537.5250244140625,539.4000244140625,530.0,531.2750244140625,410.26129150390625,7449928,0.0,0.0
2016-08-16 00:00:00+05:30,521.0,529.0250244140625,514.0,525.9000244140625,406.110595703125,16429408,0.0,0.0
2016-08-17 00:00:00+05:30,524.9749755859375,526.3250122070312,515.25,516.6500244140625,398.96759033203125,6599316,0.0,0.0
2016-08-18 00:00:00+05:30,518.25,519.5499877929688,510.75,511.70001220703125,395.1450500488281,8434000,0.0,0.0
2016-08-19 00:00:00+05:30,515.0,519.5,509.2250061035156,510.6499938964844,394.3341369628906,5686016,0.0,0.0
2016-08-22 00:00:00+05:30,509.0,515.0,504.54998779296875,507.7250061035156,392.0754699707031,10253518,0.0,0.0
2016-08-23 00:00:00+05:30,510.04998779296875,521.0,510.04998779296875,519.8250122070312,401.4193115234375,7406138,0.0,0.0
2016-08-24 00:00:00+05:30,523.5,531.0250244140625,523.5,528.7000122070312,408.2728576660156,6129966,0.0,0.0
2016-08-25 00:00:00+05:30,527.5,528.7999877929688,516.0499877929688,518.0750122070312,400.06793212890625,4796562,0.0,0.0
2016-08-26 00:00:00+05:30,518.0,523.0,508.5249938964844,510.125,393.9288024902344,6881054,0.0,0.0
2016-08-29 00:00:00+05:30,508.79998779296875,515.0,505.5,511.3999938964844,394.9134216308594,5220282,0.0,0.0
2016-08-30 00:00:00+05:30,516.2249755859375,522.5,512.5,520.2000122070312,401.70892333984375,4375438,0.0,0.0
2016-08-31 00:00:00+05:30,518.5499877929688,522.875,513.9000244140625,517.9249877929688,399.95208740234375,11139814,0.0,0.0
2016-09-01 00:00:00+05:30,519.0,520.2249755859375,516.0,518.7750244140625,400.60858154296875,2877826,0.0,0.0
2016-09-02 00:00:00+05:30,519.5250244140625,520.0,513.0999755859375,515.9249877929688,398.4076843261719,3332592,0.0,0.0
2016-09-06 00:00:00+05:30,519.125,524.4500122070312,517.7999877929688,522.5,403.48504638671875,8215044,0.0,0.0
2016-09-07 00:00:00+05:30,524.0,529.5,522.0,527.1749877929688,407.09515380859375,7425470,0.0,0.0
2016-09-08 00:00:00+05:30,522.5,522.5,512.0,518.8250122070312,400.6471252441406,9092774,0.0,0.0
2016-09-09 00:00:00+05:30,518.5,520.5,513.2750244140625,517.75,399.8169860839844,5053438,0.0,0.0
2016-09-12 00:00:00+05:30,512.625,529.0,512.625,527.0,406.9599914550781,6203096,0.0,0.0
2016-09-14 00:00:00+05:30,526.9749755859375,528.9000244140625,520.3250122070312,522.7999877929688,403.71673583984375,5152418,0.0,0.0
2016-09-15 00:00:00+05:30,522.7999877929688,523.4000244140625,517.6749877929688,521.0999755859375,402.4039001464844,4701722,0.0,0.0
2016-09-16 00:00:00+05:30,524.5,532.25,519.0499877929688,530.0750122070312,409.3346252441406,9949384,0.0,0.0
2016-09-19 00:00:00+05:30,523.0,534.4500122070312,520.6749877929688,530.5999755859375,409.74005126953125,5809154,0.0,0.0
2016-09-20 00:00:00+05:30,526.6500244140625,528.5750122070312,522.875,525.0750122070312,405.4735107421875,4214004,0.0,0.0
2016-09-21 00:00:00+05:30,527.0,530.625,525.5250244140625,527.875,407.6357421875,4231532,0.0,0.0
2016-09-22 00:00:00+05:30,529.5,530.5,526.0,529.4000244140625,408.8133850097656,3629514,0.0,0.0
2016-09-23 00:00:00+05:30,528.5,529.4000244140625,520.0,521.2750244140625,402.5390625,5205294,0.0,0.0
2016-09-26 00:00:00+05:30,521.375,522.0,515.5,517.9500122070312,399.971435546875,6371798,0.0,0.0
2016-09-27 00:00:00+05:30,517.5250244140625,524.9500122070312,516.6749877929688,519.875,401.45794677734375,6525660,0.0,0.0
2016-09-28 00:00:00+05:30,520.0,521.1500244140625,516.625,519.4749755859375,401.1490783691406,5434708,0.0,0.0
2016-09-29 00:00:00+05:30,522.4749755859375,522.4749755859375,512.0,514.5999755859375,397.3844909667969,8902638,0.0,0.0
2016-09-30 00:00:00+05:30,515.5499877929688,521.9500122070312,515.5499877929688,518.0250244140625,400.0293273925781,6502354,0.0,0.0
2016-10-03 00:00:00+05:30,517.75,520.0,513.0499877929688,519.0499877929688,400.8209228515625,3656160,0.0,0.0
2016-10-04 00:00:00+05:30,520.0,525.7000122070312,519.1500244140625,524.5999755859375,405.1066589355469,5066586,0.0,0.0
2016-10-05 00:00:00+05:30,524.5999755859375,524.9249877929688,518.5,520.75,402.1336364746094,2307574,0.0,0.0
2016-10-06 00:00:00+05:30,522.5,522.5,512.9749755859375,513.7000122070312,396.6895446777344,3721882,0.0,0.0
2016-10-07 00:00:00+05:30,514.9749755859375,516.9000244140625,505.04998779296875,506.2749938964844,390.9557189941406,6288558,0.0,0.0
2016-10-10 00:00:00+05:30,508.5,515.875,505.0,514.9749755859375,397.674072265625,5413170,0.0,0.0
2016-10-13 00:00:00+05:30,510.70001220703125,529.0,510.70001220703125,526.1749877929688,406.3229064941406,9778690,0.0,0.0
2016-10-14 00:00:00+05:30,526.4500122070312,541.3499755859375,498.125,513.5750122070312,396.5929260253906,33461690,0.0,0.0
2016-10-17 00:00:00+05:30,517.4749755859375,520.9000244140625,508.67498779296875,511.20001220703125,394.7589416503906,8014858,0.0,0.0
2016-10-18 00:00:00+05:30,515.0,520.25,513.6500244140625,519.5250244140625,401.1877136230469,6388134,0.0,0.0
2016-10-19 00:00:00+05:30,521.0,522.8499755859375,518.0,520.9000244140625,402.2495422363281,3509836,0.0,0.0
2016-10-20 00:00:00+05:30,522.375,525.3499755859375,516.9000244140625,518.3250122070312,400.26104736328125,3535490,0.0,0.0
2016-10-21 00:00:00+05:30,517.5,520.5,511.25,519.1500244140625,405.19775390625,3863620,5.5,0.0
2016-10-24 00:00:00+05:30,518.75,521.3499755859375,512.75,513.5499877929688,400.82684326171875,2902974,0.0,0.0
2016-10-25 00:00:00+05:30,518.25,519.4500122070312,507.6000061035156,508.6000061035156,396.96337890625,5636014,0.0,0.0
2016-10-26 00:00:00+05:30,508.5,509.92498779296875,504.6499938964844,507.1000061035156,395.7926940917969,2775216,0.0,0.0
2016-10-27 00:00:00+05:30,508.95001220703125,508.9750061035156,500.54998779296875,501.75,391.616943359375,7227790,0.0,0.0
2016-10-28 00:00:00+05:30,502.6000061035156,505.0,496.57501220703125,498.75,389.2754211425781,5840706,0.0,0.0
2016-11-01 00:00:00+05:30,503.3999938964844,503.3999938964844,493.20001220703125,494.7250061035156,386.1339416503906,6332798,0.0,0.0
2016-11-02 00:00:00+05:30,492.3999938964844,493.75,490.0,490.5249938964844,382.8558044433594,5377194,0.0,0.0
2016-11-03 00:00:00+05:30,490.5249938964844,491.0,482.54998779296875,483.42498779296875,377.314208984375,5225108,0.0,0.0
2016-11-04 00:00:00+05:30,483.5,489.6000061035156,480.5,485.5,378.9338073730469,6005548,0.0,0.0
2016-11-07 00:00:00+05:30,492.5,493.0,487.5,488.9750061035156,381.6459655761719,4537672,0.0,0.0
2016-11-08 00:00:00+05:30,493.45001220703125,493.875,485.29998779296875,491.29998779296875,383.460693359375,5261108,0.0,0.0
2016-11-09 00:00:00+05:30,465.0,487.29998779296875,450.5,479.1499938964844,373.97760009765625,12764158,0.0,0.0
2016-11-10 00:00:00+05:30,481.25,481.25,467.5,469.70001220703125,366.60186767578125,7287330,0.0,0.0
2016-11-11 00:00:00+05:30,470.0,472.5,459.3500061035156,460.7749938964844,359.63592529296875,7096782,0.0,0.0
2016-11-15 00:00:00+05:30,462.0,469.9750061035156,454.2749938964844,461.7749938964844,360.4163818359375,9235850,0.0,0.0
2016-11-16 00:00:00+05:30,465.0,478.42498779296875,464.2749938964844,470.45001220703125,367.1872253417969,12222616,0.0,0.0
2016-11-17 00:00:00+05:30,467.125,474.5,463.20001220703125,464.8999938964844,362.85540771484375,5706730,0.0,0.0
2016-11-18 00:00:00+05:30,465.0,466.625,458.75,460.0,359.031005859375,6040228,0.0,0.0
2016-11-21 00:00:00+05:30,463.45001220703125,463.45001220703125,453.4750061035156,455.54998779296875,355.5577087402344,7940568,0.0,0.0
2016-11-22 00:00:00+05:30,458.45001220703125,464.32501220703125,455.82501220703125,457.1000061035156,356.7675476074219,5483126,0.0,0.0
2016-11-23 00:00:00+05:30,461.04998779296875,461.45001220703125,456.2250061035156,460.125,359.1285705566406,8251786,0.0,0.0
2016-11-24 00:00:00+05:30,464.1000061035156,469.95001220703125,461.6499938964844,465.1499938964844,363.0505676269531,16780644,0.0,0.0
2016-11-25 00:00:00+05:30,465.2250061035156,492.5,465.2250061035156,488.75,381.4704284667969,12631380,0.0,0.0
2016-11-28 00:00:00+05:30,489.6499938964844,491.7250061035156,485.29998779296875,489.875,382.3484802246094,7365712,0.0,0.0
2016-11-29 00:00:00+05:30,489.3999938964844,492.3500061035156,483.54998779296875,486.29998779296875,379.55816650390625,6125506,0.0,0.0
2016-11-30 00:00:00+05:30,486.5,488.5,480.5249938964844,487.7749938964844,380.70941162109375,8500918,0.0,0.0
2016-12-01 00:00:00+05:30,488.0,491.7749938964844,483.5,487.79998779296875,380.7289123535156,4611590,0.0,0.0
2016-12-02 00:00:00+05:30,482.3999938964844,484.79998779296875,480.54998779296875,482.25,376.3972473144531,4453228,0.0,0.0
2016-12-05 00:00:00+05:30,482.95001220703125,484.29998779296875,479.0,480.82501220703125,375.284912109375,3659576,0.0,0.0
2016-12-06 00:00:00+05:30,480.8999938964844,489.75,480.82501220703125,483.25,377.1776123046875,3562110,0.0,0.0
2016-12-07 00:00:00+05:30,484.0,486.5,480.1000061035156,483.20001220703125,377.13861083984375,3385980,0.0,0.0
2016-12-08 00:00:00+05:30,485.0249938964844,493.04998779296875,485.0249938964844,492.32501220703125,384.2607421875,5941662,0.0,0.0
2016-12-09 00:00:00+05:30,492.5,504.07501220703125,490.75,494.67498779296875,386.0948486328125,8648384,0.0,0.0
2016-12-12 00:00:00+05:30,491.3999938964844,491.3999938964844,482.6000061035156,488.67498779296875,381.41192626953125,5345020,0.0,0.0
2016-12-13 00:00:00+05:30,490.25,496.42498779296875,485.54998779296875,495.1000061035156,386.4266357421875,4854282,0.0,0.0
2016-12-14 00:00:00+05:30,495.5,502.4750061035156,492.04998779296875,499.875,390.15350341796875,5382614,0.0,0.0
2016-12-15 00:00:00+05:30,498.70001220703125,509.4750061035156,494.5,496.17498779296875,387.265625,7966416,0.0,0.0
2016-12-16 00:00:00+05:30,501.8999938964844,504.8500061035156,498.875,502.57501220703125,392.2608337402344,6436742,0.0,0.0
2016-12-19 00:00:00+05:30,503.04998779296875,504.125,497.04998779296875,502.32501220703125,392.06573486328125,4124134,0.0,0.0
2016-12-20 00:00:00+05:30,501.0,509.5,500.6499938964844,506.07501220703125,394.9926452636719,7636498,0.0,0.0
2016-12-21 00:00:00+05:30,508.0,511.0,499.125,500.7749938964844,390.8559875488281,7343976,0.0,0.0
2016-12-22 00:00:00+05:30,501.25,503.5,484.75,492.3500061035156,384.2802734375,7060054,0.0,0.0
2016-12-23 00:00:00+05:30,492.45001220703125,503.29998779296875,486.79998779296875,494.2250061035156,385.74371337890625,7306036,0.0,0.0
2016-12-26 00:00:00+05:30,494.0,497.0,487.54998779296875,491.375,383.5191955566406,3213828,0.0,0.0
2016-12-27 00:00:00+05:30,491.375,500.95001220703125,490.0,499.4750061035156,389.84130859375,4912816,0.0,0.0
2016-12-28 00:00:00+05:30,501.4750061035156,504.8999938964844,497.5,499.25,389.66571044921875,5476816,0.0,0.0
2016-12-29 00:00:00+05:30,501.875,504.0,494.07501220703125,496.17498779296875,387.265625,6240124,0.0,0.0
2016-12-30 00:00:00+05:30,499.0,506.0,496.375,505.29998779296875,394.3877258300781,7267768,0.0,0.0
2017-01-02 00:00:00+05:30,505.54998779296875,506.4750061035156,499.67498779296875,500.54998779296875,390.68035888671875,2335222,0.0,0.0
2017-01-03 00:00:00+05:30,502.04998779296875,502.45001220703125,491.0,496.92498779296875,387.85101318359375,6778482,0.0,0.0
2017-01-04 00:00:00+05:30,497.5249938964844,502.1000061035156,496.125,498.875,389.373046875,7073586,0.0,0.0
2017-01-05 00:00:00+05:30,500.79998779296875,504.75,494.375,498.07501220703125,388.7486572265625,8207074,0.0,0.0
2017-01-06 00:00:00+05:30,497.45001220703125,499.42498779296875,484.0249938964844,486.125,379.4216003417969,14393448,0.0,0.0
2017-01-09 00:00:00+05:30,486.125,488.4750061035156,482.5,485.17498779296875,378.68017578125,10545692,0.0,0.0
2017-01-10 00:00:00+05:30,488.5,490.5,483.9750061035156,485.2749938964844,378.7581787109375,11939854,0.0,0.0
2017-01-11 00:00:00+05:30,487.1000061035156,489.2250061035156,481.9750061035156,484.54998779296875,378.19232177734375,12241574,0.0,0.0
2017-01-12 00:00:00+05:30,488.7749938964844,502.20001220703125,488.7749938964844,500.0249938964844,390.2705993652344,11855740,0.0,0.0
2017-01-13 00:00:00+05:30,515.0,520.0,481.3500061035156,487.8999938964844,380.8070068359375,31276246,0.0,0.0
2017-01-16 00:00:00+05:30,482.5,482.7250061035156,476.2250061035156,477.82501220703125,372.9435119628906,12351372,0.0,0.0
2017-01-17 00:00:00+05:30,478.125,482.0,476.20001220703125,477.70001220703125,372.8459167480469,5560094,0.0,0.0
2017-01-18 00:00:00+05:30,479.04998779296875,480.5,474.8999938964844,475.3999938964844,371.05072021484375,5952962,0.0,0.0
2017-01-19 00:00:00+05:30,475.5,479.79998779296875,474.04998779296875,479.04998779296875,373.8995666503906,8876480,0.0,0.0
2017-01-20 00:00:00+05:30,475.0,476.57501220703125,473.0,474.3500061035156,370.23126220703125,9124742,0.0,0.0
2017-01-23 00:00:00+05:30,472.5,479.0,470.0,476.3500061035156,371.79217529296875,7948580,0.0,0.0
2017-01-24 00:00:00+05:30,475.0,475.0,470.04998779296875,472.7749938964844,369.00189208984375,6826010,0.0,0.0
2017-01-25 00:00:00+05:30,473.04998779296875,473.3999938964844,467.3999938964844,468.29998779296875,365.5091552734375,9978090,0.0,0.0
2017-01-27 00:00:00+05:30,466.92498779296875,473.7749938964844,450.57501220703125,471.07501220703125,367.6750793457031,10635138,0.0,0.0
2017-01-30 00:00:00+05:30,468.75,475.75,464.42498779296875,474.67498779296875,370.4847717285156,11369208,0.0,0.0
2017-01-31 00:00:00+05:30,470.75,470.75,452.17498779296875,464.29998779296875,362.38714599609375,24068534,0.0,0.0
2017-02-01 00:00:00+05:30,460.54998779296875,461.6000061035156,452.57501220703125,458.375,357.7626953125,11531782,0.0,0.0
2017-02-02 00:00:00+05:30,458.5,472.5,455.04998779296875,467.95001220703125,365.23602294921875,11828268,0.0,0.0
2017-02-03 00:00:00+05:30,466.8999938964844,470.45001220703125,460.5249938964844,468.04998779296875,365.31402587890625,8423958,0.0,0.0
2017-02-06 00:00:00+05:30,468.625,471.875,465.2749938964844,467.625,364.98223876953125,6727934,0.0,0.0
2017-02-07 00:00:00+05:30,466.5,474.8999938964844,464.2749938964844,471.125,367.71405029296875,9268002,0.0,0.0
2017-02-08 00:00:00+05:30,468.0,472.04998779296875,466.2250061035156,468.25,365.4700927734375,6319962,0.0,0.0
2017-02-09 00:00:00+05:30,468.5,475.0,468.2749938964844,473.0,369.17755126953125,11907266,0.0,0.0
2017-02-10 00:00:00+05:30,473.125,486.0,471.6499938964844,484.1499938964844,377.8800964355469,12252452,0.0,0.0
2017-02-13 00:00:00+05:30,486.42498779296875,493.04998779296875,481.42498779296875,492.17498779296875,384.1435852050781,13724268,0.0,0.0
2017-02-14 00:00:00+05:30,490.0,494.5,486.17498779296875,493.8500061035156,385.4509582519531,9338818,0.0,0.0
2017-02-15 00:00:00+05:30,494.6000061035156,499.3999938964844,484.3999938964844,490.8999938964844,383.14849853515625,7259486,0.0,0.0
2017-02-16 00:00:00+05:30,495.5,506.95001220703125,495.0249938964844,506.04998779296875,394.9731140136719,12815858,0.0,0.0
2017-02-17 00:00:00+05:30,506.875,506.875,496.3500061035156,500.04998779296875,390.29010009765625,4851208,0.0,0.0
2017-02-20 00:00:00+05:30,498.25,515.5,496.75,505.125,394.25115966796875,4650662,0.0,0.0
2017-02-21 00:00:00+05:30,511.04998779296875,512.25,500.0249938964844,506.79998779296875,395.5585021972656,7613996,0.0,0.0
2017-02-22 00:00:00+05:30,507.5,507.5,493.20001220703125,495.07501220703125,386.4071044921875,6607838,0.0,0.0
2017-02-23 00:00:00+05:30,499.45001220703125,510.0,496.67498779296875,504.42498779296875,393.70477294921875,9542656,0.0,0.0
2017-02-27 00:00:00+05:30,503.6499938964844,511.5,503.4750061035156,506.20001220703125,395.0901794433594,5328696,0.0,0.0
2017-02-28 00:00:00+05:30,505.92498779296875,511.3500061035156,504.625,506.20001220703125,395.0901794433594,5940132,0.0,0.0
2017-03-01 00:00:00+05:30,506.0,513.5,505.04998779296875,512.5750122070312,400.0658874511719,4282448,0.0,0.0
2017-03-02 00:00:00+05:30,512.2000122070312,514.0,508.25,511.6499938964844,399.34393310546875,2948498,0.0,0.0
2017-03-03 00:00:00+05:30,505.125,517.1500244140625,500.20001220703125,515.5999755859375,402.42694091796875,5401612,0.0,0.0
2017-03-06 00:00:00+05:30,510.0249938964844,517.9749755859375,509.8500061035156,516.9500122070312,403.4805908203125,5286386,0.0,0.0
2017-03-07 00:00:00+05:30,511.0,512.9000244140625,507.3500061035156,509.8999938964844,397.97802734375,4644496,0.0,0.0
2017-03-08 00:00:00+05:30,508.45001220703125,508.45001220703125,502.2250061035156,503.8999938964844,393.2950134277344,6179176,0.0,0.0
2017-03-09 00:00:00+05:30,503.8999938964844,506.5,499.5,505.7749938964844,394.7584533691406,3480630,0.0,0.0
2017-03-10 00:00:00+05:30,507.5,513.8250122070312,506.70001220703125,510.92498779296875,398.77801513671875,4550324,0.0,0.0
2017-03-14 00:00:00+05:30,511.3999938964844,520.9500122070312,511.3999938964844,517.4000244140625,403.8318786621094,7878396,0.0,0.0
2017-03-15 00:00:00+05:30,517.4500122070312,517.4500122070312,503.75,505.9750061035156,394.9146728515625,6373978,0.0,0.0
2017-03-16 00:00:00+05:30,506.6499938964844,515.8499755859375,506.6499938964844,514.4249877929688,401.50982666015625,6702956,0.0,0.0
2017-03-17 00:00:00+05:30,517.7000122070312,521.4500122070312,509.625,520.1500244140625,405.978271484375,9507846,0.0,0.0
2017-03-20 00:00:00+05:30,513.2750244140625,513.2750244140625,507.54998779296875,510.75,398.6414489746094,4427388,0.0,0.0
2017-03-21 00:00:00+05:30,510.45001220703125,517.4749755859375,509.3999938964844,516.4249877929688,403.07086181640625,4869584,0.0,0.0
2017-03-22 00:00:00+05:30,511.2250061035156,519.9749755859375,510.20001220703125,513.8499755859375,401.0610656738281,3990852,0.0,0.0
2017-03-23 00:00:00+05:30,514.125,521.5,513.2999877929688,520.2249755859375,406.0367431640625,4501662,0.0,0.0
2017-03-24 00:00:00+05:30,519.0,522.0,513.8499755859375,515.7000122070312,402.5049133300781,4883896,0.0,0.0
2017-03-27 00:00:00+05:30,513.5999755859375,520.9249877929688,512.25,514.4249877929688,401.50982666015625,7684824,0.0,0.0
2017-03-28 00:00:00+05:30,515.75,519.5,515.0250244140625,517.5750122070312,403.9683837890625,4796796,0.0,0.0
2017-03-29 00:00:00+05:30,517.1500244140625,520.75,512.9249877929688,515.9249877929688,402.6805419921875,6981186,0.0,0.0
2017-03-30 00:00:00+05:30,517.0,517.9500122070312,510.125,512.75,400.2024230957031,12157180,0.0,0.0
2017-03-31 00:00:00+05:30,511.625,514.6500244140625,504.0,511.125,398.9342346191406,14153854,0.0,0.0
2017-04-03 00:00:00+05:30,516.0750122070312,516.2249755859375,503.04998779296875,504.3999938964844,393.68524169921875,4315600,0.0,0.0
2017-04-05 00:00:00+05:30,502.5,502.70001220703125,495.5,497.9750061035156,388.6705627441406,7398338,0.0,0.0
2017-04-06 00:00:00+05:30,499.07501220703125,502.8999938964844,496.0,499.79998779296875,390.0949401855469,5379008,0.0,0.0
2017-04-07 00:00:00+05:30,500.45001220703125,500.45001220703125,489.5,490.7749938964844,383.051025390625,6404508,0.0,0.0
2017-04-10 00:00:00+05:30,492.45001220703125,494.75,475.04998779296875,476.70001220703125,372.0654296875,9528472,0.0,0.0
2017-04-11 00:00:00+05:30,478.0249938964844,485.8500061035156,478.0249938964844,483.57501220703125,377.4313659667969,8655466,0.0,0.0
2017-04-12 00:00:00+05:30,485.0,488.45001220703125,480.17498779296875,484.42498779296875,378.0947265625,6696752,0.0,0.0
2017-04-13 00:00:00+05:30,485.0,495.0,463.32501220703125,465.70001220703125,363.4798583984375,30973188,0.0,0.0
2017-04-17 00:00:00+05:30,465.0,466.04998779296875,461.75,462.45001220703125,360.9432678222656,7213434,0.0,0.0
2017-04-18 00:00:00+05:30,462.375,467.0,459.54998779296875,461.32501220703125,360.0650939941406,4647518,0.0,0.0
2017-04-19 00:00:00+05:30,461.5,465.0,456.32501220703125,459.6000061035156,358.7187805175781,10071702,0.0,0.0
2017-04-20 00:00:00+05:30,460.75,464.8500061035156,459.2749938964844,463.6499938964844,361.8797912597656,4549000,0.0,0.0
2017-04-21 00:00:00+05:30,467.3999938964844,467.3999938964844,460.54998779296875,461.8500061035156,360.47491455078125,3577466,0.0,0.0
2017-04-24 00:00:00+05:30,458.75,464.25,456.5,463.2749938964844,361.5871887207031,5556666,0.0,0.0
2017-04-25 00:00:00+05:30,462.95001220703125,466.5,460.2749938964844,464.67498779296875,362.6798095703125,4737060,0.0,0.0
2017-04-26 00:00:00+05:30,464.9750061035156,467.7749938964844,455.1000061035156,457.125,356.78704833984375,9084496,0.0,0.0
2017-04-27 00:00:00+05:30,458.0,464.5,458.0,462.625,361.079833984375,7797208,0.0,0.0
2017-04-28 00:00:00+05:30,463.42498779296875,463.70001220703125,457.79998779296875,459.4750061035156,358.6212158203125,5029702,0.0,0.0
2017-05-02 00:00:00+05:30,462.0,463.20001220703125,457.54998779296875,461.29998779296875,360.0456237792969,3231126,0.0,0.0
2017-05-03 00:00:00+05:30,463.25,469.54998779296875,458.82501220703125,467.1499938964844,364.611572265625,4659448,0.0,0.0
2017-05-04 00:00:00+05:30,468.5,469.82501220703125,464.45001220703125,468.82501220703125,365.9189758300781,5279806,0.0,0.0
2017-05-05 00:00:00+05:30,468.0,468.67498779296875,460.0,465.75,363.51885986328125,4432788,0.0,0.0
2017-05-08 00:00:00+05:30,469.0,474.2749938964844,466.0,472.75,368.9824523925781,4707098,0.0,0.0
2017-05-09 00:00:00+05:30,475.29998779296875,475.9750061035156,471.04998779296875,473.32501220703125,369.43121337890625,5649372,0.0,0.0
2017-05-10 00:00:00+05:30,473.57501220703125,475.0,468.57501220703125,471.82501220703125,368.26043701171875,3364302,0.0,0.0
2017-05-11 00:00:00+05:30,473.42498779296875,474.92498779296875,468.7749938964844,472.04998779296875,368.43609619140625,3229482,0.0,0.0
2017-05-12 00:00:00+05:30,476.5,483.0,475.7250061035156,482.125,376.299560546875,10979996,0.0,0.0
2017-05-15 00:00:00+05:30,481.75,481.75,474.54998779296875,475.7749938964844,371.3433837890625,7297164,0.0,0.0
2017-05-16 00:00:00+05:30,476.54998779296875,480.07501220703125,473.4750061035156,477.5,372.6898193359375,6130168,0.0,0.0
2017-05-17 00:00:00+05:30,475.79998779296875,479.2250061035156,471.92498779296875,476.3999938964844,371.83123779296875,2915508,0.0,0.0
2017-05-18 00:00:00+05:30,471.5,486.95001220703125,471.42498779296875,480.875,375.323974609375,8057848,0.0,0.0
2017-05-19 00:00:00+05:30,480.75,481.3500061035156,473.92498779296875,478.9750061035156,373.84100341796875,4257396,0.0,0.0
2017-05-22 00:00:00+05:30,479.20001220703125,483.45001220703125,478.2749938964844,480.7250061035156,375.2069091796875,5503052,0.0,0.0
2017-05-23 00:00:00+05:30,482.32501220703125,483.5,477.04998779296875,478.6499938964844,373.5872802734375,4039982,0.0,0.0
2017-05-24 00:00:00+05:30,480.0,482.75,474.79998779296875,477.3999938964844,372.6117248535156,5636286,0.0,0.0
2017-05-25 00:00:00+05:30,480.5,493.29998779296875,480.5,491.6499938964844,383.73388671875,10438514,0.0,0.0
2017-05-26 00:00:00+05:30,493.5,500.0,490.29998779296875,497.8500061035156,388.572998046875,4988004,0.0,0.0
2017-05-29 00:00:00+05:30,495.45001220703125,498.3500061035156,487.8500061035156,492.57501220703125,384.4559020996094,6308434,0.0,0.0
2017-05-30 00:00:00+05:30,491.0,500.0,489.32501220703125,498.1000061035156,388.76812744140625,3716910,0.0,0.0
2017-05-31 00:00:00+05:30,496.7749938964844,496.7749938964844,487.42498779296875,488.5249938964844,381.2947998046875,7763900,0.0,0.0
2017-06-01 00:00:00+05:30,484.6499938964844,489.8500061035156,479.2749938964844,485.70001220703125,384.90057373046875,5508606,7.375,0.0
2017-06-02 00:00:00+05:30,486.70001220703125,487.7250061035156,482.1000061035156,484.7250061035156,384.1278991699219,3917966,0.0,0.0
2017-06-05 00:00:00+05:30,485.0,486.0,478.5249938964844,479.375,379.88824462890625,5462698,0.0,0.0
2017-06-06 00:00:00+05:30,482.5,493.75,482.20001220703125,489.67498779296875,388.0505676269531,7008686,0.0,0.0
2017-06-07 00:00:00+05:30,492.5,494.45001220703125,472.5,480.6499938964844,380.8986511230469,12455046,0.0,0.0
2017-06-08 00:00:00+05:30,481.4750061035156,481.4750061035156,474.07501220703125,478.2250061035156,378.97686767578125,6195352,0.0,0.0
2017-06-09 00:00:00+05:30,469.2749938964844,475.4750061035156,461.5,474.29998779296875,375.8664245605469,14757662,0.0,0.0
2017-06-12 00:00:00+05:30,471.67498779296875,482.6000061035156,470.04998779296875,481.92498779296875,381.90899658203125,8591676,0.0,0.0
2017-06-13 00:00:00+05:30,476.75,481.4750061035156,475.79998779296875,478.8999938964844,379.5117492675781,4937794,0.0,0.0
2017-06-14 00:00:00+05:30,480.0,480.95001220703125,475.6000061035156,479.29998779296875,379.8287353515625,7438110,0.0,0.0
2017-06-15 00:00:00+05:30,479.82501220703125,483.9750061035156,474.79998779296875,476.04998779296875,377.2532958984375,5528062,0.0,0.0
2017-06-16 00:00:00+05:30,474.54998779296875,476.92498779296875,468.0,470.125,372.5578918457031,10948450,0.0,0.0
2017-06-19 00:00:00+05:30,469.9750061035156,470.125,464.0,464.92498779296875,368.4370422363281,6855860,0.0,0.0
2017-06-20 00:00:00+05:30,467.5,473.45001220703125,467.0249938964844,471.7749938964844,373.8654479980469,5184396,0.0,0.0
2017-06-21 00:00:00+05:30,472.5,474.5,468.0249938964844,471.67498779296875,373.7862243652344,3735864,0.0,0.0
2017-06-22 00:00:00+05:30,473.8500061035156,484.3500061035156,467.54998779296875,470.07501220703125,372.518310546875,9465242,0.0,0.0
2017-06-23 00:00:00+05:30,472.5,474.57501220703125,469.0,471.625,373.7466125488281,6403018,0.0,0.0
2017-06-27 00:00:00+05:30,472.5,474.0,461.875,463.5249938964844,367.3276062011719,6904660,0.0,0.0
2017-06-28 00:00:00+05:30,466.3999938964844,466.5,460.5,462.3500061035156,366.3965148925781,5905224,0.0,0.0
2017-06-29 00:00:00+05:30,465.1000061035156,473.9750061035156,463.29998779296875,465.1000061035156,368.5757751464844,15914040,0.0,0.0
2017-06-30 00:00:00+05:30,465.3999938964844,469.0,464.5,467.7749938964844,370.69561767578125,4216700,0.0,0.0
2017-07-03 00:00:00+05:30,470.54998779296875,477.5,467.29998779296875,475.95001220703125,377.1739807128906,5088924,0.0,0.0
2017-07-04 00:00:00+05:30,476.92498779296875,485.0,474.70001220703125,481.07501220703125,381.2353820800781,5167726,0.0,0.0
2017-07-05 00:00:00+05:30,479.5,479.5,472.70001220703125,475.45001220703125,376.77777099609375,4226228,0.0,0.0
2017-07-06 00:00:00+05:30,472.5,478.5,472.1000061035156,473.5,375.232421875,3829720,0.0,0.0
2017-07-07 00:00:00+05:30,471.92498779296875,472.7250061035156,466.5249938964844,467.70001220703125,370.6361999511719,5776886,0.0,0.0
2017-07-10 00:00:00+05:30,471.6000061035156,479.8999938964844,470.0,478.5249938964844,379.214599609375,1464376,0.0,0.0
2017-07-11 00:00:00+05:30,478.32501220703125,494.75,478.32501220703125,487.67498779296875,386.46563720703125,11539708,0.0,0.0
2017-07-12 00:00:00+05:30,487.4750061035156,490.75,484.375,486.17498779296875,385.2769470214844,6275976,0.0,0.0
2017-07-13 00:00:00+05:30,488.625,491.7250061035156,482.04998779296875,488.5249938964844,387.1392822265625,5170392,0.0,0.0
2017-07-14 00:00:00+05:30,499.7250061035156,503.42498779296875,483.0249938964844,486.0249938964844,385.1580810546875,22478180,0.0,0.0
2017-07-17 00:00:00+05:30,487.5,496.0,487.0,492.0249938964844,389.9128723144531,7698250,0.0,0.0
2017-07-18 00:00:00+05:30,493.0249938964844,502.3999938964844,490.54998779296875,492.79998779296875,390.5269775390625,8260180,0.0,0.0
2017-07-19 00:00:00+05:30,490.7250061035156,494.32501220703125,484.54998779296875,489.92498779296875,388.2487487792969,5890278,0.0,0.0
2017-07-20 00:00:00+05:30,489.6499938964844,489.92498779296875,483.4750061035156,484.7250061035156,384.1278991699219,6809740,0.0,0.0
2017-07-21 00:00:00+05:30,486.5,491.2749938964844,485.70001220703125,490.04998779296875,388.3477783203125,5980754,0.0,0.0
2017-07-24 00:00:00+05:30,491.75,497.0,491.29998779296875,495.2749938964844,392.48834228515625,6129176,0.0,0.0
2017-07-25 00:00:00+05:30,495.0,499.5,493.1000061035156,496.92498779296875,393.7958984375,7145614,0.0,0.0
2017-07-26 00:00:00+05:30,499.04998779296875,499.5,495.20001220703125,497.0249938964844,393.87518310546875,6870024,0.0,0.0
2017-07-27 00:00:00+05:30,498.0,502.0,483.3999938964844,485.5249938964844,384.7618713378906,12676852,0.0,0.0
2017-07-28 00:00:00+05:30,488.0,501.5,481.1499938964844,498.67498779296875,395.1828308105469,11098428,0.0,0.0
2017-07-31 00:00:00+05:30,495.95001220703125,510.8500061035156,493.375,505.6000061035156,400.67059326171875,19158248,0.0,0.0
2017-08-01 00:00:00+05:30,505.5,508.5,499.17498779296875,502.7749938964844,398.4318542480469,7689398,0.0,0.0
2017-08-02 00:00:00+05:30,503.0,506.375,493.6000061035156,496.67498779296875,393.597900390625,4257584,0.0,0.0
2017-08-03 00:00:00+05:30,495.5,499.375,490.125,492.0,389.8930358886719,4640348,0.0,0.0
2017-08-04 00:00:00+05:30,494.0,494.5,488.0249938964844,491.875,389.79400634765625,5349018,0.0,0.0
2017-08-07 00:00:00+05:30,491.75,491.875,482.8500061035156,484.125,383.6524353027344,6073744,0.0,0.0
2017-08-08 00:00:00+05:30,484.25,485.125,477.5249938964844,481.92498779296875,381.90899658203125,6004648,0.0,0.0
2017-08-09 00:00:00+05:30,483.82501220703125,486.95001220703125,482.2749938964844,484.67498779296875,384.0882568359375,3922410,0.0,0.0
2017-08-10 00:00:00+05:30,484.95001220703125,493.75,484.67498779296875,490.625,388.80340576171875,9140684,0.0,0.0
2017-08-11 00:00:00+05:30,488.0,498.5,484.79998779296875,493.8500061035156,391.3591613769531,6544156,0.0,0.0
2017-08-14 00:00:00+05:30,494.0,494.6000061035156,488.57501220703125,490.7250061035156,388.8826599121094,3816470,0.0,0.0
2017-08-16 00:00:00+05:30,491.0,493.04998779296875,484.5,487.6000061035156,386.4062194824219,6178080,0.0,0.0
2017-08-17 00:00:00+05:30,502.5,514.625,499.0249938964844,510.42498779296875,404.4942626953125,25784260,0.0,0.0
2017-08-18 00:00:00+05:30,508.95001220703125,508.95001220703125,442.1000061035156,461.625,365.82196044921875,164404960,0.0,0.0
2017-08-21 00:00:00+05:30,462.0,462.0,435.0,436.70001220703125,346.06976318359375,90407176,0.0,0.0
2017-08-22 00:00:00+05:30,447.6000061035156,448.5249938964844,430.0,437.70001220703125,346.8621826171875,49242598,0.0,0.0
2017-08-23 00:00:00+05:30,440.0,451.8500061035156,436.95001220703125,446.3999938964844,353.7566223144531,61284190,0.0,0.0
2017-08-24 00:00:00+05:30,455.0,459.125,451.17498779296875,456.07501220703125,361.4237365722656,42380524,0.0,0.0
2017-08-28 00:00:00+05:30,471.9750061035156,476.9750061035156,469.0,470.5,372.8551025390625,40712108,0.0,0.0
2017-08-29 00:00:00+05:30,470.7250061035156,471.0,462.7749938964844,463.7250061035156,367.48614501953125,13369392,0.0,0.0
2017-08-30 00:00:00+05:30,468.6000061035156,469.5,462.04998779296875,463.32501220703125,367.16912841796875,16149664,0.0,0.0
2017-08-31 00:00:00+05:30,464.3999938964844,464.4750061035156,456.45001220703125,457.4750061035156,362.5332336425781,15022452,0.0,0.0
2017-09-01 00:00:00+05:30,457.9750061035156,462.95001220703125,455.0,459.9750061035156,364.51434326171875,8433922,0.0,0.0
2017-09-04 00:00:00+05:30,460.5,460.54998779296875,446.75,450.1000061035156,356.6888122558594,10177108,0.0,0.0
2017-09-05 00:00:00+05:30,451.0,452.5,448.625,450.95001220703125,357.3623962402344,9783392,0.0,0.0
2017-09-06 00:00:00+05:30,450.0,450.1499938964844,445.0,447.79998779296875,354.8660888671875,7735910,0.0,0.0
2017-09-07 00:00:00+05:30,450.0,450.25,446.17498779296875,447.875,354.925537109375,6241192,0.0,0.0
2017-09-08 00:00:00+05:30,449.5,449.5,441.04998779296875,442.1499938964844,350.3886413574219,8604542,0.0,0.0
2017-09-11 00:00:00+05:30,445.20001220703125,445.8999938964844,436.82501220703125,439.3500061035156,348.1697082519531,13787642,0.0,0.0
2017-09-12 00:00:00+05:30,441.2749938964844,443.875,439.3999938964844,442.0249938964844,350.2896423339844,17241354,0.0,0.0
2017-09-13 00:00:00+05:30,442.75,443.79998779296875,440.5,441.875,350.17071533203125,11478228,0.0,0.0
2017-09-14 00:00:00+05:30,442.25,448.29998779296875,440.79998779296875,446.20001220703125,353.59814453125,13698006,0.0,0.0
2017-09-15 00:00:00+05:30,446.1499938964844,456.625,446.1000061035156,454.125,359.8784484863281,13459460,0.0,0.0
2017-09-18 00:00:00+05:30,455.0,458.875,453.1499938964844,454.54998779296875,360.2152404785156,8475860,0.0,0.0
2017-09-19 00:00:00+05:30,454.0,458.0,451.75,456.125,361.4634094238281,6033330,0.0,0.0
2017-09-20 00:00:00+05:30,458.5,458.5,453.7250061035156,456.3500061035156,361.6416931152344,5767830,0.0,0.0
2017-09-21 00:00:00+05:30,457.5,457.625,454.07501220703125,454.7749938964844,360.3935241699219,8204152,0.0,0.0
2017-09-22 00:00:00+05:30,454.07501220703125,455.125,444.0,449.1499938964844,355.9358825683594,17604088,0.0,0.0
2017-09-25 00:00:00+05:30,450.5,450.9750061035156,444.54998779296875,447.67498779296875,354.7670593261719,9088700,0.0,0.0
2017-09-26 00:00:00+05:30,448.5,454.20001220703125,447.1499938964844,452.95001220703125,358.94732666015625,7366478,0.0,0.0
2017-09-27 00:00:00+05:30,453.04998779296875,453.95001220703125,447.54998779296875,449.8999938964844,356.5303039550781,6000138,0.0,0.0
2017-09-28 00:00:00+05:30,448.04998779296875,451.95001220703125,447.1499938964844,448.0,355.0246276855469,17537266,0.0,0.0
2017-09-29 00:00:00+05:30,449.0,451.20001220703125,447.5,449.95001220703125,356.5699157714844,5705832,0.0,0.0
2017-10-03 00:00:00+05:30,455.04998779296875,456.0,450.79998779296875,451.7749938964844,358.01617431640625,4947522,0.0,0.0
2017-10-04 00:00:00+05:30,451.5,452.70001220703125,448.57501220703125,449.79998779296875,356.4510192871094,4991492,0.0,0.0
2017-10-05 00:00:00+05:30,450.0,452.4750061035156,449.5,451.5249938964844,357.81805419921875,8611300,0.0,0.0
2017-10-06 00:00:00+05:30,452.0,461.0,451.9750061035156,460.07501220703125,364.5935974121094,8574308,0.0,0.0
2017-10-09 00:00:00+05:30,460.0,464.5,457.0,461.95001220703125,366.0794372558594,3504832,0.0,0.0
2017-10-10 00:00:00+05:30,469.9750061035156,469.9750061035156,464.7749938964844,467.7250061035156,370.6559143066406,7143220,0.0,0.0
2017-10-11 00:00:00+05:30,467.7250061035156,469.0,464.0,465.3500061035156,368.7738952636719,5982504,0.0,0.0
2017-10-12 00:00:00+05:30,465.0,467.17498779296875,459.7749938964844,463.6499938964844,367.42669677734375,10280972,0.0,0.0
2017-10-13 00:00:00+05:30,466.3999938964844,466.75,463.7749938964844,465.04998779296875,368.53607177734375,7180728,0.0,0.0
2017-10-16 00:00:00+05:30,467.9750061035156,471.0,466.5,469.5,372.0626220703125,5758750,0.0,0.0
2017-10-17 00:00:00+05:30,468.3999938964844,468.3999938964844,464.75,465.25,368.6945495605469,5625102,0.0,0.0
2017-10-18 00:00:00+05:30,464.45001220703125,465.0,461.4750061035156,462.17498779296875,366.25775146484375,7231852,0.0,0.0
2017-10-19 00:00:00+05:30,465.0,466.0,462.6000061035156,463.4750061035156,367.28802490234375,1091434,0.0,0.0
2017-10-23 00:00:00+05:30,465.0,471.0,464.04998779296875,469.75,372.2607727050781,9154096,0.0,0.0
2017-10-24 00:00:00+05:30,473.0,473.32501220703125,460.79998779296875,463.25,367.10968017578125,14529328,0.0,0.0
2017-10-25 00:00:00+05:30,459.5,472.3500061035156,457.625,467.6499938964844,370.59649658203125,13984134,0.0,0.0
2017-10-26 00:00:00+05:30,471.0,475.8999938964844,470.04998779296875,473.67498779296875,375.37115478515625,33659258,0.0,0.0
2017-10-27 00:00:00+05:30,477.5,478.8500061035156,472.0,473.17498779296875,374.97491455078125,8524956,0.0,0.0
2017-10-30 00:00:00+05:30,477.32501220703125,477.32501220703125,470.5249938964844,472.04998779296875,374.0834045410156,12968326,0.0,0.0
2017-10-31 00:00:00+05:30,462.5,465.0,460.0,460.92498779296875,370.3670654296875,9954988,6.5,0.0
2017-11-01 00:00:00+05:30,462.5,464.70001220703125,461.6499938964844,463.5249938964844,372.45623779296875,5633134,0.0,0.0
2017-11-02 00:00:00+05:30,461.5249938964844,463.0,460.0,461.45001220703125,370.78887939453125,4686138,0.0,0.0
2017-11-03 00:00:00+05:30,458.5,464.95001220703125,458.4750061035156,463.32501220703125,372.2955322265625,3699086,0.0,0.0
2017-11-06 00:00:00+05:30,461.57501220703125,467.5,461.32501220703125,464.3500061035156,373.1191711425781,5066534,0.0,0.0
2017-11-07 00:00:00+05:30,463.125,480.0,462.92498779296875,477.75,383.88641357421875,13442820,0.0,0.0
2017-11-08 00:00:00+05:30,480.125,480.92498779296875,473.75,476.1499938964844,382.6007995605469,5369994,0.0,0.0
2017-11-09 00:00:00+05:30,476.5,481.5,474.125,477.25,383.4847106933594,4723232,0.0,0.0
2017-11-10 00:00:00+05:30,479.3999938964844,482.17498779296875,475.0,481.0249938964844,386.51800537109375,6589428,0.0,0.0
2017-11-13 00:00:00+05:30,481.0249938964844,484.70001220703125,474.67498779296875,475.9750061035156,382.4602355957031,5021216,0.0,0.0
2017-11-14 00:00:00+05:30,475.9750061035156,477.42498779296875,471.625,474.54998779296875,381.315185546875,5733710,0.0,0.0
2017-11-15 00:00:00+05:30,472.57501220703125,476.75,472.25,475.8999938964844,382.39996337890625,7023516,0.0,0.0
2017-11-16 00:00:00+05:30,475.8999938964844,497.95001220703125,474.25,494.20001220703125,397.1045837402344,15687502,0.0,0.0
2017-11-17 00:00:00+05:30,492.75,492.75,482.57501220703125,485.4750061035156,390.0937805175781,8057670,0.0,0.0
2017-11-20 00:00:00+05:30,484.5,485.5,478.625,480.2749938964844,385.9153137207031,5661190,0.0,0.0
2017-11-21 00:00:00+05:30,480.6499938964844,485.75,480.0249938964844,483.125,388.2054443359375,5364656,0.0,0.0
2017-11-22 00:00:00+05:30,483.29998779296875,485.5249938964844,481.6499938964844,483.1499938964844,388.2254943847656,6084920,0.0,0.0
2017-11-23 00:00:00+05:30,485.75,497.2250061035156,484.5,495.625,398.24957275390625,11894618,0.0,0.0
2017-11-24 00:00:00+05:30,495.45001220703125,509.6499938964844,495.1000061035156,504.7749938964844,405.6018371582031,18619912,0.0,0.0
2017-11-27 00:00:00+05:30,503.3500061035156,503.3500061035156,496.6499938964844,499.375,401.2628173828125,6017730,0.0,0.0
2017-11-28 00:00:00+05:30,497.20001220703125,499.95001220703125,490.6499938964844,492.3500061035156,395.6180419921875,4616868,0.0,0.0
2017-11-29 00:00:00+05:30,493.82501220703125,495.9750061035156,490.1499938964844,491.3500061035156,394.814453125,3838070,0.0,0.0
2017-11-30 00:00:00+05:30,494.7250061035156,494.7250061035156,484.17498779296875,488.04998779296875,392.1628112792969,17266944,0.0,0.0
2017-12-01 00:00:00+05:30,489.70001220703125,491.6000061035156,478.5249938964844,479.3999938964844,385.21234130859375,4085000,0.0,0.0
2017-12-04 00:00:00+05:30,490.0,498.3999938964844,484.2749938964844,492.67498779296875,395.8791198730469,17811606,0.0,0.0
2017-12-05 00:00:00+05:30,492.67498779296875,501.5,489.5,492.17498779296875,395.4772644042969,9976738,0.0,0.0
2017-12-06 00:00:00+05:30,492.5,497.04998779296875,492.0,495.1499938964844,397.8678283691406,7490094,0.0,0.0
2017-12-07 00:00:00+05:30,494.5,501.45001220703125,492.79998779296875,499.8999938964844,401.6846008300781,7549544,0.0,0.0
2017-12-08 00:00:00+05:30,500.5,503.5,497.5,500.92498779296875,402.50823974609375,5983244,0.0,0.0
2017-12-11 00:00:00+05:30,497.4750061035156,503.45001220703125,496.9750061035156,502.6499938964844,403.8943176269531,5139098,0.0,0.0
2017-12-12 00:00:00+05:30,501.0,507.0,501.0,505.25,405.9835510253906,9320434,0.0,0.0
2017-12-13 00:00:00+05:30,505.45001220703125,509.5,498.82501220703125,501.875,403.2716369628906,5362398,0.0,0.0
2017-12-14 00:00:00+05:30,502.625,507.5,499.6499938964844,506.54998779296875,407.02813720703125,6023572,0.0,0.0
2017-12-15 00:00:00+05:30,506.5,513.2000122070312,505.92498779296875,511.45001220703125,410.9654846191406,10384134,0.0,0.0
2017-12-18 00:00:00+05:30,505.95001220703125,515.3499755859375,502.8999938964844,508.29998779296875,408.4342956542969,4035448,0.0,0.0
2017-12-19 00:00:00+05:30,508.7250061035156,508.9750061035156,499.7749938964844,501.9750061035156,403.3519592285156,7118898,0.0,0.0
2017-12-20 00:00:00+05:30,502.54998779296875,509.29998779296875,500.5,507.92498779296875,408.1330261230469,4186326,0.0,0.0
2017-12-21 00:00:00+05:30,507.3999938964844,514.4749755859375,499.20001220703125,511.0249938964844,410.6239013671875,11059162,0.0,0.0
2017-12-22 00:00:00+05:30,508.0,522.4000244140625,508.0,519.6749877929688,417.574462890625,12906940,0.0,0.0
2017-12-26 00:00:00+05:30,515.0,520.75,511.5,517.7999877929688,416.0678405761719,10808906,0.0,0.0
2017-12-27 00:00:00+05:30,514.0,519.5499877929688,513.7000122070312,517.125,415.5254211425781,6970172,0.0,0.0
2017-12-28 00:00:00+05:30,515.0,520.0,511.8999938964844,516.625,415.1236572265625,8433472,0.0,0.0
2017-12-29 00:00:00+05:30,515.0499877929688,524.4000244140625,515.0,521.0250244140625,418.65924072265625,6601768,0.0,0.0
2018-01-01 00:00:00+05:30,518.8499755859375,522.25,515.0,516.7750244140625,415.2441711425781,5431340,0.0,0.0
2018-01-02 00:00:00+05:30,518.625,521.0,511.5,514.8499755859375,413.69744873046875,6112248,0.0,0.0
2018-01-03 00:00:00+05:30,514.25,515.7999877929688,509.29998779296875,510.6499938964844,410.3225402832031,6846552,0.0,0.0
2018-01-04 00:00:00+05:30,510.5,510.5,504.79998779296875,507.70001220703125,407.95220947265625,8947614,0.0,0.0
2018-01-05 00:00:00+05:30,507.6499938964844,513.2000122070312,503.0,506.0,406.5861511230469,11025976,0.0,0.0
2018-01-08 00:00:00+05:30,512.4500122070312,519.5,510.0249938964844,518.0250244140625,416.24859619140625,5594690,0.0,0.0
2018-01-09 00:00:00+05:30,520.0,522.4500122070312,514.4500122070312,520.6749877929688,418.3780212402344,9948236,0.0,0.0
2018-01-10 00:00:00+05:30,523.4000244140625,528.0,516.5250244140625,526.125,422.7571716308594,9468634,0.0,0.0
2018-01-11 00:00:00+05:30,527.625,541.7000122070312,527.625,537.9000244140625,432.21881103515625,16775298,0.0,0.0
2018-01-12 00:00:00+05:30,542.9000244140625,542.9500122070312,535.2750244140625,539.2249755859375,433.2835388183594,18016528,0.0,0.0
2018-01-15 00:00:00+05:30,540.0,546.4749755859375,532.5499877929688,540.5750122070312,434.3682556152344,10649250,0.0,0.0
2018-01-16 00:00:00+05:30,540.625,567.4000244140625,540.625,561.4249877929688,451.1219177246094,22646966,0.0,0.0
2018-01-17 00:00:00+05:30,562.4249877929688,580.9000244140625,561.5,576.0499877929688,462.8734436035156,26154088,0.0,0.0
2018-01-18 00:00:00+05:30,572.5,582.4500122070312,566.0499877929688,576.3499755859375,463.11444091796875,13204970,0.0,0.0
2018-01-19 00:00:00+05:30,572.5,573.9500122070312,568.0,571.7249755859375,459.3981628417969,5988278,0.0,0.0
2018-01-22 00:00:00+05:30,566.0750122070312,578.4749755859375,566.0,575.0,462.02972412109375,9650214,0.0,0.0
2018-01-23 00:00:00+05:30,577.5,594.0,577.5,588.5499877929688,472.9175109863281,15403796,0.0,0.0
2018-01-24 00:00:00+05:30,587.4000244140625,610.5250244140625,583.75,592.9000244140625,476.41290283203125,20604718,0.0,0.0
2018-01-25 00:00:00+05:30,591.0,591.7000122070312,581.125,587.7000122070312,472.2345275878906,13548914,0.0,0.0
2018-01-29 00:00:00+05:30,583.2750244140625,598.125,582.5999755859375,591.4500122070312,475.2478942871094,10823002,0.0,0.0
2018-01-30 00:00:00+05:30,589.4500122070312,591.5499877929688,581.3499755859375,585.3250122070312,470.3261413574219,8628312,0.0,0.0
2018-01-31 00:00:00+05:30,579.5750122070312,583.2999877929688,571.0750122070312,575.125,462.130126953125,9213698,0.0,0.0
2018-02-01 00:00:00+05:30,571.0999755859375,578.9500122070312,559.2750244140625,572.2999877929688,459.8602600097656,13005454,0.0,0.0
2018-02-02 00:00:00+05:30,567.625,581.4500122070312,565.0499877929688,571.625,459.31787109375,10244486,0.0,0.0
2018-02-05 00:00:00+05:30,570.0,577.4249877929688,567.9249877929688,569.0999755859375,457.2889404296875,9860220,0.0,0.0
2018-02-06 00:00:00+05:30,549.9749755859375,564.1749877929688,547.5750122070312,553.875,445.0552673339844,10552078,0.0,0.0
2018-02-07 00:00:00+05:30,558.0,562.4000244140625,551.7750244140625,554.5250244140625,445.57745361328125,8342056,0.0,0.0
2018-02-08 00:00:00+05:30,561.4000244140625,573.2000122070312,558.2750244140625,567.125,455.7019348144531,8807244,0.0,0.0
2018-02-09 00:00:00+05:30,559.0,560.1500244140625,553.0,554.5750122070312,445.61767578125,4382690,0.0,0.0
2018-02-12 00:00:00+05:30,557.4000244140625,560.2999877929688,548.9000244140625,551.4000244140625,443.06640625,6291972,0.0,0.0
2018-02-14 00:00:00+05:30,553.0,558.6500244140625,545.0999755859375,548.875,441.0375671386719,8345712,0.0,0.0
2018-02-15 00:00:00+05:30,551.5,564.8499755859375,551.5,557.2249755859375,447.7470703125,7986736,0.0,0.0
2018-02-16 00:00:00+05:30,562.5,570.8250122070312,559.0499877929688,564.0250244140625,453.2110595703125,9889222,0.0,0.0
2018-02-19 00:00:00+05:30,564.2000122070312,568.0,560.1500244140625,565.875,454.69757080078125,6461840,0.0,0.0
2018-02-20 00:00:00+05:30,551.875,574.75,551.875,568.4749755859375,456.7867431640625,7188594,0.0,0.0
2018-02-21 00:00:00+05:30,573.75,575.9500122070312,570.0,573.7000122070312,460.985107421875,13771358,0.0,0.0
2018-02-22 00:00:00+05:30,572.7750244140625,582.0,570.2249755859375,580.375,466.3487243652344,17859974,0.0,0.0
2018-02-23 00:00:00+05:30,581.75,583.0,573.375,577.8250122070312,464.2996826171875,9459828,0.0,0.0
2018-02-26 00:00:00+05:30,575.5,577.5250244140625,567.1749877929688,569.2999877929688,457.4497375488281,5083608,0.0,0.0
2018-02-27 00:00:00+05:30,572.4749755859375,576.8250122070312,562.8250122070312,575.0999755859375,462.11004638671875,6616026,0.0,0.0
2018-02-28 00:00:00+05:30,573.7999877929688,594.75,571.2750244140625,586.2999877929688,471.109619140625,17268416,0.0,0.0
2018-03-01 00:00:00+05:30,584.7999877929688,584.7999877929688,578.0250244140625,580.375,466.3487243652344,6579852,0.0,0.0
2018-03-05 00:00:00+05:30,580.375,585.4000244140625,571.625,577.9500122070312,464.4002380371094,8101456,0.0,0.0
2018-03-06 00:00:00+05:30,581.2750244140625,582.7000122070312,571.7999877929688,575.6749877929688,462.572021484375,6689734,0.0,0.0
2018-03-07 00:00:00+05:30,577.5,580.0,569.0250244140625,572.0499877929688,459.6593933105469,6370416,0.0,0.0
2018-03-08 00:00:00+05:30,574.5,582.9000244140625,574.5,578.3250122070312,464.7014465332031,6093014,0.0,0.0
2018-03-09 00:00:00+05:30,581.1749877929688,583.0,577.7750244140625,581.7000122070312,467.4134216308594,4220964,0.0,0.0
2018-03-12 00:00:00+05:30,588.0,595.9249877929688,585.875,592.875,476.3929443359375,7676970,0.0,0.0
2018-03-13 00:00:00+05:30,590.0999755859375,598.5,587.5750122070312,591.9000244140625,475.60943603515625,8581052,0.0,0.0
2018-03-14 00:00:00+05:30,590.0,595.2999877929688,584.5499877929688,590.4000244140625,474.4041442871094,4429710,0.0,0.0
2018-03-15 00:00:00+05:30,590.0,594.2000122070312,586.0,591.25,475.0871276855469,6101500,0.0,0.0
2018-03-16 00:00:00+05:30,591.0,591.2000122070312,584.625,585.9500122070312,470.8283996582031,17954826,0.0,0.0
2018-03-19 00:00:00+05:30,582.0,590.25,571.3250122070312,573.375,460.72406005859375,7526620,0.0,0.0
2018-03-20 00:00:00+05:30,574.2999877929688,585.0,574.2999877929688,582.2750244140625,467.87542724609375,8553766,0.0,0.0
2018-03-21 00:00:00+05:30,585.0,587.75,581.0999755859375,583.75,469.06060791015625,7692994,0.0,0.0
2018-03-22 00:00:00+05:30,582.25,588.7249755859375,577.6500244140625,580.6500244140625,466.5696716308594,6813168,0.0,0.0
2018-03-23 00:00:00+05:30,573.5,586.9000244140625,571.1749877929688,583.7999877929688,469.1007080078125,12008084,0.0,0.0
2018-03-26 00:00:00+05:30,583.4500122070312,583.4500122070312,572.0,577.625,464.13897705078125,8930722,0.0,0.0
2018-03-27 00:00:00+05:30,580.0,580.6500244140625,575.0499877929688,577.0,463.6368103027344,3802088,0.0,0.0
2018-03-28 00:00:00+05:30,575.375,575.375,563.125,565.9000244140625,454.7176818847656,12558322,0.0,0.0
2018-04-02 00:00:00+05:30,570.5,574.7750244140625,560.6500244140625,568.5750122070312,456.8670959472656,8072702,0.0,0.0
2018-04-03 00:00:00+05:30,567.3499755859375,571.7750244140625,564.0499877929688,570.2249755859375,458.19287109375,4077168,0.0,0.0
2018-04-04 00:00:00+05:30,572.0,572.2750244140625,560.0,562.0999755859375,451.6641540527344,4813302,0.0,0.0
2018-04-05 00:00:00+05:30,569.7750244140625,575.6500244140625,564.5499877929688,573.7750244140625,461.0455627441406,7763544,0.0,0.0
2018-04-06 00:00:00+05:30,571.5,573.0,561.0499877929688,563.5,452.7890930175781,5937742,0.0,0.0
2018-04-09 00:00:00+05:30,562.5,562.9000244140625,553.2750244140625,555.625,446.46136474609375,7202882,0.0,0.0
2018-04-10 00:00:00+05:30,556.0,562.25,552.7000122070312,556.7000122070312,447.3251953125,8926058,0.0,0.0
2018-04-11 00:00:00+05:30,559.0,565.75,558.25,562.125,451.68426513671875,9025574,0.0,0.0
2018-04-12 00:00:00+05:30,564.7249755859375,586.375,562.5,581.2999877929688,467.0919494628906,17044366,0.0,0.0
2018-04-13 00:00:00+05:30,587.0,592.9500122070312,575.125,585.7249755859375,470.64752197265625,21227038,0.0,0.0
2018-04-16 00:00:00+05:30,551.0,570.0,551.0,566.5999755859375,455.2800598144531,24745084,0.0,0.0
2018-04-17 00:00:00+05:30,563.5,563.7000122070312,557.5,562.5999755859375,452.0658874511719,10397940,0.0,0.0
2018-04-18 00:00:00+05:30,561.4249877929688,567.375,556.9249877929688,562.9749755859375,452.36724853515625,10430380,0.0,0.0
2018-04-19 00:00:00+05:30,562.0,569.9000244140625,561.5499877929688,566.4249877929688,455.13946533203125,8525542,0.0,0.0
2018-04-20 00:00:00+05:30,569.5,596.8499755859375,568.4749755859375,589.2249755859375,473.4599609375,24272692,0.0,0.0
2018-04-23 00:00:00+05:30,584.0,607.2000122070312,577.625,593.8499755859375,477.1761779785156,21830638,0.0,0.0
2018-04-24 00:00:00+05:30,592.5,598.2000122070312,575.0499877929688,577.25,463.8376770019531,8526216,0.0,0.0
2018-04-25 00:00:00+05:30,576.0,585.5,572.5999755859375,580.1749877929688,466.18804931640625,11594178,0.0,0.0
2018-04-26 00:00:00+05:30,587.0,590.8250122070312,580.0,588.2249755859375,472.6563720703125,11302084,0.0,0.0
2018-04-27 00:00:00+05:30,590.0,595.7999877929688,587.0999755859375,592.5999755859375,476.1719055175781,7663370,0.0,0.0
2018-04-30 00:00:00+05:30,590.8499755859375,603.9749755859375,590.3250122070312,599.75,481.9172058105469,5511678,0.0,0.0
2018-05-02 00:00:00+05:30,599.4500122070312,600.7999877929688,590.5,598.5250244140625,480.9328308105469,10295042,0.0,0.0
2018-05-03 00:00:00+05:30,598.625,602.3499755859375,588.0499877929688,591.2750244140625,475.107177734375,5332230,0.0,0.0
2018-05-04 00:00:00+05:30,592.5,593.0,577.5,586.5499877929688,471.3103942871094,6023368,0.0,0.0
2018-05-07 00:00:00+05:30,590.625,595.0,587.75,591.5,475.28802490234375,4638960,0.0,0.0
2018-05-08 00:00:00+05:30,588.9500122070312,588.9500122070312,580.5250244140625,582.7750244140625,468.2772216796875,5718556,0.0,0.0
2018-05-09 00:00:00+05:30,583.75,588.4500122070312,581.5,585.3499755859375,470.3461608886719,3783504,0.0,0.0
2018-05-10 00:00:00+05:30,588.0,591.5,581.4249877929688,584.0,469.2615661621094,3182862,0.0,0.0
2018-05-11 00:00:00+05:30,586.1500244140625,591.5999755859375,583.0250244140625,590.375,474.384033203125,3311706,0.0,0.0
2018-05-14 00:00:00+05:30,592.1749877929688,595.75,585.0,594.6500244140625,477.8192138671875,4432094,0.0,0.0
2018-05-15 00:00:00+05:30,594.0499877929688,604.0,594.0499877929688,597.2750244140625,479.92840576171875,5611974,0.0,0.0
2018-05-16 00:00:00+05:30,593.625,599.0,592.25,594.9749755859375,478.080322265625,6205004,0.0,0.0
2018-05-17 00:00:00+05:30,598.0,598.7249755859375,586.7750244140625,591.4500122070312,475.2478942871094,9519598,0.0,0.0
2018-05-18 00:00:00+05:30,591.5,593.2750244140625,586.5,591.5999755859375,475.3683166503906,7139660,0.0,0.0
2018-05-21 00:00:00+05:30,589.7750244140625,594.2000122070312,585.0,589.75,473.8818054199219,8475320,0.0,0.0
2018-05-22 00:00:00+05:30,587.5,599.0,586.9500122070312,596.9249877929688,479.6471252441406,5636804,0.0,0.0
2018-05-23 00:00:00+05:30,597.5,603.8250122070312,590.75,592.4500122070312,476.0514221191406,9538442,0.0,0.0
2018-05-24 00:00:00+05:30,599.0,613.7750244140625,599.0,610.5,490.5550537109375,9740570,0.0,0.0
2018-05-25 00:00:00+05:30,615.0499877929688,624.3250122070312,610.4000244140625,614.1500244140625,493.488037109375,8901438,0.0,0.0
2018-05-28 00:00:00+05:30,615.5,616.2999877929688,603.0,607.2000122070312,487.9034118652344,5739794,0.0,0.0
2018-05-29 00:00:00+05:30,607.0250244140625,613.2750244140625,603.0999755859375,608.3499755859375,488.8275146484375,3388934,0.0,0.0
2018-05-30 00:00:00+05:30,608.5,614.375,602.7999877929688,605.8499755859375,486.8187255859375,6323066,0.0,0.0
2018-05-31 00:00:00+05:30,605.8499755859375,621.0,605.125,615.9000244140625,494.8941955566406,19720340,0.0,0.0
2018-06-01 00:00:00+05:30,615.2000122070312,623.125,608.5999755859375,610.4000244140625,490.4747009277344,4998356,0.0,0.0
2018-06-04 00:00:00+05:30,610.5499877929688,621.5,606.0,619.7000122070312,497.9474792480469,4270156,0.0,0.0
2018-06-05 00:00:00+05:30,621.0,621.0,608.5,610.4249877929688,490.4947509765625,4710862,0.0,0.0
2018-06-06 00:00:00+05:30,612.5999755859375,620.7750244140625,610.0250244140625,618.7249755859375,497.1640930175781,4038184,0.0,0.0
2018-06-07 00:00:00+05:30,619.0,629.0,619.0,626.2249755859375,503.190673828125,6676226,0.0,0.0
2018-06-08 00:00:00+05:30,624.0,631.0,623.0250244140625,630.0250244140625,506.2440185546875,6459878,0.0,0.0
2018-06-11 00:00:00+05:30,632.7750244140625,635.0,627.5250244140625,631.2000122070312,507.18829345703125,5171290,0.0,0.0
2018-06-12 00:00:00+05:30,632.875,635.625,625.2249755859375,629.25,505.6212158203125,7839820,0.0,0.0
2018-06-13 00:00:00+05:30,633.4000244140625,642.0,633.4000244140625,637.4000244140625,512.1701049804688,5766928,0.0,0.0
2018-06-14 00:00:00+05:30,626.5,626.5,617.0499877929688,619.8499755859375,510.2765808105469,7598848,15.25,0.0
2018-06-15 00:00:00+05:30,618.5,645.75,617.5,640.625,527.3790283203125,19957760,0.0,0.0
2018-06-18 00:00:00+05:30,642.0,645.625,631.1749877929688,633.7000122070312,521.6783447265625,8214846,0.0,0.0
2018-06-19 00:00:00+05:30,631.5,631.7000122070312,619.0250244140625,620.7999877929688,511.0586242675781,7545700,0.0,0.0
2018-06-20 00:00:00+05:30,624.25,626.1749877929688,619.0,621.5750122070312,511.6966857910156,5371802,0.0,0.0
2018-06-21 00:00:00+05:30,622.9749755859375,628.25,618.0,623.2750244140625,513.09619140625,5798790,0.0,0.0
2018-06-22 00:00:00+05:30,621.5,627.75,620.5999755859375,623.9249877929688,513.6311645507812,4343118,0.0,0.0
2018-06-25 00:00:00+05:30,628.5750122070312,639.4000244140625,627.0,636.2249755859375,523.7568359375,7731178,0.0,0.0
2018-06-26 00:00:00+05:30,634.5,641.9500122070312,633.125,638.9249877929688,525.9796142578125,4483504,0.0,0.0
2018-06-27 00:00:00+05:30,641.9749755859375,646.7249755859375,632.7999877929688,635.0,522.7485961914062,6952142,0.0,0.0
2018-06-28 00:00:00+05:30,638.1500244140625,649.0,638.125,644.7999877929688,530.8161010742188,10996818,0.0,0.0
2018-06-29 00:00:00+05:30,649.0250244140625,657.5,641.625,653.5999755859375,538.0604858398438,9966600,0.0,0.0
2018-07-02 00:00:00+05:30,657.0,670.0,657.0,667.3499755859375,549.3799438476562,4830144,0.0,0.0
2018-07-03 00:00:00+05:30,665.9500122070312,678.9500122070312,665.875,676.875,557.2210693359375,8127452,0.0,0.0
2018-07-04 00:00:00+05:30,676.0250244140625,676.3250122070312,669.4249877929688,672.5999755859375,553.7017822265625,5025722,0.0,0.0
2018-07-05 00:00:00+05:30,673.5499877929688,673.625,634.0499877929688,642.0,528.5110473632812,17019902,0.0,0.0
2018-07-06 00:00:00+05:30,645.125,650.9249877929688,634.5,642.125,528.614013671875,11215356,0.0,0.0
2018-07-09 00:00:00+05:30,648.5,651.5,639.5250244140625,649.4249877929688,534.62353515625,6644998,0.0,0.0
2018-07-10 00:00:00+05:30,654.25,657.7249755859375,647.1500244140625,650.7000122070312,535.673095703125,5974488,0.0,0.0
2018-07-11 00:00:00+05:30,658.7750244140625,671.0499877929688,645.6749877929688,660.2249755859375,543.514404296875,11899832,0.0,0.0
2018-07-12 00:00:00+05:30,663.0499877929688,663.5499877929688,642.2249755859375,647.1749877929688,532.771240234375,13272240,0.0,0.0
2018-07-13 00:00:00+05:30,657.5,665.7999877929688,649.1749877929688,658.7000122070312,542.2589721679688,19496158,0.0,0.0
2018-07-16 00:00:00+05:30,658.7000122070312,692.2000122070312,643.8499755859375,666.4249877929688,548.618408203125,35344680,0.0,0.0
2018-07-17 00:00:00+05:30,664.8499755859375,674.75,656.3499755859375,663.9500122070312,546.5808715820312,11161690,0.0,0.0
2018-07-18 00:00:00+05:30,669.9000244140625,671.7000122070312,657.0,661.2750244140625,544.3787841796875,6919016,0.0,0.0
2018-07-19 00:00:00+05:30,661.5,665.9500122070312,654.5499877929688,658.3499755859375,541.970703125,5118864,0.0,0.0
2018-07-20 00:00:00+05:30,663.0,683.5750122070312,660.6500244140625,674.0499877929688,554.8953857421875,11705738,0.0,0.0
2018-07-23 00:00:00+05:30,676.0750122070312,684.0,668.125,677.9749755859375,558.1265258789062,7675702,0.0,0.0
2018-07-24 00:00:00+05:30,687.2000122070312,691.2000122070312,678.0,688.5750122070312,566.8528442382812,6172246,0.0,0.0
2018-07-25 00:00:00+05:30,689.5,696.9000244140625,682.7249755859375,691.875,569.5694580078125,6936922,0.0,0.0
2018-07-26 00:00:00+05:30,689.2750244140625,695.2000122070312,684.5999755859375,686.625,565.2474975585938,7362218,0.0,0.0
2018-07-27 00:00:00+05:30,686.5999755859375,694.5,684.1500244140625,686.7249755859375,565.3297119140625,6493232,0.0,0.0
2018-07-30 00:00:00+05:30,685.0,686.5,674.0,675.5,556.0891723632812,6409970,0.0,0.0
2018-07-31 00:00:00+05:30,674.2750244140625,685.0,667.7750244140625,682.5499877929688,561.8929443359375,7943996,0.0,0.0
2018-08-01 00:00:00+05:30,681.9000244140625,684.2249755859375,675.5,677.0250244140625,557.3445434570312,4675706,0.0,0.0
2018-08-02 00:00:00+05:30,679.7999877929688,683.375,675.0750122070312,676.8250122070312,557.179931640625,5940742,0.0,0.0
2018-08-03 00:00:00+05:30,683.0999755859375,683.0999755859375,678.0,682.0499877929688,561.481201171875,3970390,0.0,0.0
2018-08-06 00:00:00+05:30,683.0250244140625,687.5,673.75,680.3250122070312,560.0612182617188,6178930,0.0,0.0
2018-08-07 00:00:00+05:30,687.0,689.9749755859375,680.3250122070312,683.9749755859375,563.06591796875,7351528,0.0,0.0
2018-08-08 00:00:00+05:30,685.9000244140625,686.25,676.6500244140625,681.375,560.9256591796875,3992358,0.0,0.0
2018-08-09 00:00:00+05:30,686.8250122070312,694.7249755859375,686.8250122070312,689.9749755859375,568.0053100585938,6409524,0.0,0.0
2018-08-10 00:00:00+05:30,692.9000244140625,694.5,686.5250244140625,692.7249755859375,570.2691040039062,4779520,0.0,0.0
2018-08-13 00:00:00+05:30,695.0,704.9249877929688,689.3499755859375,704.375,579.8596801757812,9979746,0.0,0.0
2018-08-14 00:00:00+05:30,706.9749755859375,712.2750244140625,702.0,704.1500244140625,579.674560546875,6151320,0.0,0.0
2018-08-16 00:00:00+05:30,707.4749755859375,717.4500122070312,705.625,714.7750244140625,588.42138671875,6626774,0.0,0.0
2018-08-17 00:00:00+05:30,715.4500122070312,718.8250122070312,711.5,715.1749877929688,588.7506713867188,6390408,0.0,0.0
2018-08-20 00:00:00+05:30,694.0,703.9749755859375,686.75,692.125,569.7753295898438,16101876,0.0,0.0
2018-08-21 00:00:00+05:30,695.0,698.0,686.875,691.9749755859375,569.6517333984375,8361482,0.0,0.0
2018-08-23 00:00:00+05:30,696.5,700.75,692.6749877929688,698.7000122070312,575.18798828125,7717182,0.0,0.0
2018-08-24 00:00:00+05:30,698.25,700.9500122070312,688.0499877929688,689.1500244140625,567.3262329101562,7053000,0.0,0.0
2018-08-27 00:00:00+05:30,691.5,709.9749755859375,690.7000122070312,707.7000122070312,582.5970458984375,7012950,0.0,0.0
2018-08-28 00:00:00+05:30,708.5999755859375,719.2000122070312,705.75,712.3499755859375,586.4249267578125,6496890,0.0,0.0
2018-08-29 00:00:00+05:30,716.7999877929688,716.7999877929688,702.5750122070312,705.0499877929688,580.4153442382812,5646496,0.0,0.0
2018-08-30 00:00:00+05:30,706.4000244140625,710.7750244140625,698.0750122070312,708.0999755859375,582.9262084960938,11507962,0.0,0.0
2018-08-31 00:00:00+05:30,712.5499877929688,727.1500244140625,710.5499877929688,720.5499877929688,593.1753540039062,10875864,0.0,0.0
2018-09-03 00:00:00+05:30,724.5,733.9500122070312,715.0,717.125,590.3558349609375,10976328,0.0,0.0
2018-09-04 00:00:00+05:30,722.0,748.5,716.0,737.1500244140625,606.8411254882812,15370124,0.0,2.0
2018-09-05 00:00:00+05:30,741.9500122070312,744.0499877929688,725.4000244140625,729.9000244140625,600.8726196289062,8658978,0.0,0.0
2018-09-06 00:00:00+05:30,732.5499877929688,735.5,724.0999755859375,727.1500244140625,598.6087646484375,5598659,0.0,0.0
2018-09-07 00:00:00+05:30,734.3499755859375,735.1500244140625,723.7999877929688,732.7999877929688,603.2598876953125,6510605,0.0,0.0
2018-09-10 00:00:00+05:30,737.75,747.0,729.4000244140625,730.8499755859375,601.6547241210938,5629871,0.0,0.0
2018-09-11 00:00:00+05:30,735.9000244140625,744.75,732.0,734.2999877929688,604.4948120117188,6963561,0.0,0.0
2018-09-12 00:00:00+05:30,744.4000244140625,746.5,736.25,742.9000244140625,611.5746459960938,4636617,0.0,0.0
2018-09-14 00:00:00+05:30,741.9000244140625,745.0,729.0499877929688,733.7000122070312,604.0009155273438,7896514,0.0,0.0
2018-09-17 00:00:00+05:30,735.0,740.0,724.5999755859375,725.9500122070312,597.6210327148438,5427054,0.0,0.0
2018-09-18 00:00:00+05:30,730.0,730.0,717.0,719.0999755859375,591.9817504882812,7729732,0.0,0.0
2018-09-19 00:00:00+05:30,727.0,727.0,713.2000122070312,719.75,592.5167846679688,4849498,0.0,0.0
2018-09-21 00:00:00+05:30,713.8499755859375,717.4000244140625,692.0,705.2999877929688,580.6212768554688,14350769,0.0,0.0
2018-09-24 00:00:00+05:30,706.5,729.9500122070312,706.5,718.25,591.2820434570312,8637881,0.0,0.0
2018-09-25 00:00:00+05:30,718.25,736.0,717.0,726.2000122070312,597.8265991210938,9602273,0.0,0.0
2018-09-26 00:00:00+05:30,731.2000122070312,731.8499755859375,712.0,717.8499755859375,590.952880859375,6599606,0.0,0.0
2018-09-27 00:00:00+05:30,722.0,730.7999877929688,717.4500122070312,724.7999877929688,596.6741333007812,14592616,0.0,0.0
2018-09-28 00:00:00+05:30,721.0,734.5499877929688,715.2000122070312,730.0499877929688,600.9961547851562,7490031,0.0,0.0
2018-10-01 00:00:00+05:30,737.5,754.9000244140625,733.0,746.6500244140625,614.6617431640625,8252398,0.0,0.0
2018-10-03 00:00:00+05:30,743.7999877929688,751.9500122070312,726.2999877929688,728.5,599.7200927734375,7792464,0.0,0.0
2018-10-04 00:00:00+05:30,728.5,729.75,702.5,707.2000122070312,582.1853637695312,6173037,0.0,0.0
2018-10-05 00:00:00+05:30,713.0,731.5,709.2999877929688,724.5999755859375,596.5095825195312,8543578,0.0,0.0
2018-10-08 00:00:00+05:30,725.0499877929688,728.7000122070312,709.25,714.4500122070312,588.1536865234375,7259306,0.0,0.0
2018-10-09 00:00:00+05:30,717.0999755859375,722.4000244140625,702.6500244140625,717.75,590.8704223632812,6777212,0.0,0.0
2018-10-10 00:00:00+05:30,719.9000244140625,719.9000244140625,695.4000244140625,700.4500122070312,576.6286010742188,8866251,0.0,0.0
2018-10-11 00:00:00+05:30,685.0,692.9000244140625,663.2999877929688,673.3499755859375,554.3191528320312,10985897,0.0,0.0
2018-10-12 00:00:00+05:30,676.4000244140625,684.0499877929688,661.5,678.7999877929688,558.8057250976562,8909221,0.0,0.0
2018-10-15 00:00:00+05:30,688.5999755859375,705.0,681.5,698.7999877929688,575.2703247070312,6222176,0.0,0.0
2018-10-16 00:00:00+05:30,710.0,713.9000244140625,689.4000244140625,695.25,572.347900390625,11588963,0.0,0.0
2018-10-17 00:00:00+05:30,710.0,721.7999877929688,701.3499755859375,705.3499755859375,580.662353515625,20360697,0.0,0.0
2018-10-19 00:00:00+05:30,687.0,687.7000122070312,678.0,683.5499877929688,562.7161254882812,10421001,0.0,0.0
2018-10-22 00:00:00+05:30,688.7000122070312,695.0499877929688,673.7999877929688,679.9500122070312,559.7526245117188,6672840,0.0,0.0
2018-10-23 00:00:00+05:30,675.9500122070312,682.0,653.2999877929688,657.5999755859375,541.3534545898438,9041701,0.0,0.0
2018-10-24 00:00:00+05:30,663.0,666.5,647.1500244140625,649.7999877929688,534.9322509765625,7058164,0.0,0.0
2018-10-25 00:00:00+05:30,643.0,656.3499755859375,636.25,648.75,539.8837280273438,8270469,7.0,0.0
2018-10-26 00:00:00+05:30,645.2999877929688,648.7000122070312,629.9000244140625,633.5999755859375,527.2760009765625,5464141,0.0,0.0
2018-10-29 00:00:00+05:30,633.7000122070312,650.5499877929688,631.5,644.75,536.5550537109375,7137446,0.0,0.0
2018-10-30 00:00:00+05:30,641.0999755859375,663.7999877929688,637.4500122070312,659.5999755859375,548.9130859375,8793411,0.0,0.0
2018-10-31 00:00:00+05:30,663.9000244140625,692.9500122070312,663.0499877929688,686.4000244140625,571.2158203125,11947995,0.0,0.0
2018-11-01 00:00:00+05:30,689.7000122070312,689.7000122070312,659.5999755859375,666.7000122070312,554.8215942382812,5860244,0.0,0.0
2018-11-02 00:00:00+05:30,665.9500122070312,675.7999877929688,660.0999755859375,662.25,551.1182861328125,6654067,0.0,0.0
2018-11-05 00:00:00+05:30,663.5,668.5999755859375,657.0,666.0,554.2390747070312,5799426,0.0,0.0
2018-11-06 00:00:00+05:30,667.9000244140625,675.0,660.6500244140625,666.4500122070312,554.6134643554688,6975525,0.0,0.0
2018-11-07 00:00:00+05:30,673.0,677.5,672.0,675.5,562.1448364257812,758956,0.0,0.0
2018-11-09 00:00:00+05:30,679.0,679.0,655.5,659.5,548.8297729492188,9694143,0.0,0.0
2018-11-12 00:00:00+05:30,666.0,676.4000244140625,662.2999877929688,664.2000122070312,552.7410888671875,7118080,0.0,0.0
2018-11-13 00:00:00+05:30,663.5,667.75,656.2999877929688,665.7000122070312,553.9893798828125,4137808,0.0,0.0
2018-11-14 00:00:00+05:30,665.7000122070312,665.7000122070312,640.5,653.2000122070312,543.5870971679688,7323026,0.0,0.0
2018-11-15 00:00:00+05:30,654.0,666.0,646.7000122070312,656.4000244140625,546.2501220703125,5513390,0.0,0.0
2018-11-16 00:00:00+05:30,659.9000244140625,662.5,644.2000122070312,650.8499755859375,541.6314086914062,8583785,0.0,0.0
2018-11-19 00:00:00+05:30,659.0,662.0,649.25,651.7000122070312,542.3388061523438,6018930,0.0,0.0
2018-11-20 00:00:00+05:30,651.7000122070312,656.0,640.0999755859375,641.4000244140625,533.7671508789062,5384830,0.0,0.0
2018-11-21 00:00:00+05:30,640.0,640.0499877929688,612.0999755859375,619.0999755859375,515.2091674804688,14359086,0.0,0.0
2018-11-22 00:00:00+05:30,622.25,628.1500244140625,616.75,620.75,516.5823974609375,6632975,0.0,0.0
2018-11-26 00:00:00+05:30,621.0,628.0,599.8499755859375,621.4500122070312,517.1649780273438,15075209,0.0,0.0
2018-11-27 00:00:00+05:30,625.5,641.0,625.2999877929688,638.9000244140625,531.6867065429688,12285851,0.0,0.0
2018-11-28 00:00:00+05:30,640.9500122070312,668.7000122070312,640.0,666.4000244140625,554.5719604492188,17719890,0.0,0.0
2018-11-29 00:00:00+05:30,671.0,674.9000244140625,658.7999877929688,661.0499877929688,550.11962890625,13399070,0.0,0.0
2018-11-30 00:00:00+05:30,661.0,672.0,660.9500122070312,667.4500122070312,555.44580078125,10445773,0.0,0.0
2018-12-03 00:00:00+05:30,673.1500244140625,679.0,665.9500122070312,670.3499755859375,557.8590087890625,8260890,0.0,0.0
2018-12-04 00:00:00+05:30,672.5499877929688,688.25,671.2999877929688,685.25,570.2587890625,7827923,0.0,0.0
2018-12-05 00:00:00+05:30,683.0,683.6500244140625,672.5,681.4000244140625,567.0546875,5177288,0.0,0.0
2018-12-06 00:00:00+05:30,676.0999755859375,685.4500122070312,664.5499877929688,668.5,556.3195190429688,8039771,0.0,0.0
2018-12-07 00:00:00+05:30,672.0,685.75,665.5999755859375,682.7999877929688,568.2198486328125,5553948,0.0,0.0
2018-12-10 00:00:00+05:30,669.9000244140625,683.7999877929688,665.2000122070312,669.2000122070312,556.9020385742188,5121196,0.0,0.0
2018-12-11 00:00:00+05:30,669.2000122070312,681.9000244140625,660.5999755859375,674.5,561.3125610351562,7120933,0.0,0.0
2018-12-12 00:00:00+05:30,677.0999755859375,680.6500244140625,670.5999755859375,678.5,564.641357421875,6926183,0.0,0.0
2018-12-13 00:00:00+05:30,682.0,700.0,680.0,697.75,580.6610107421875,7521474,0.0,0.0
2018-12-14 00:00:00+05:30,697.4500122070312,713.7000122070312,694.4000244140625,706.0499877929688,587.5682373046875,9560576,0.0,0.0
2018-12-17 00:00:00+05:30,711.8499755859375,711.8499755859375,692.75,694.4000244140625,577.8731689453125,4778465,0.0,0.0
2018-12-18 00:00:00+05:30,686.5,686.5,674.5499877929688,676.5999755859375,563.0602416992188,8021298,0.0,0.0
2018-12-19 00:00:00+05:30,671.5499877929688,671.5499877929688,661.0999755859375,664.8499755859375,553.2820434570312,8295459,0.0,0.0
2018-12-20 00:00:00+05:30,660.0,671.5499877929688,656.4000244140625,667.0499877929688,555.1127319335938,11705260,0.0,0.0
2018-12-21 00:00:00+05:30,659.5,659.5,643.4500122070312,646.2000122070312,537.76171875,12802132,0.0,0.0
2018-12-24 00:00:00+05:30,657.0,658.7999877929688,647.5999755859375,649.0,540.0917358398438,8379825,0.0,0.0
2018-12-26 00:00:00+05:30,647.0,647.0,637.3499755859375,644.0499877929688,535.9725341796875,6178552,0.0,0.0
2018-12-27 00:00:00+05:30,652.75,663.25,649.0,656.7999877929688,546.5830078125,15333902,0.0,0.0
2018-12-28 00:00:00+05:30,663.3499755859375,663.5,653.2999877929688,656.9500122070312,546.7077026367188,4736598,0.0,0.0
2018-12-31 00:00:00+05:30,660.0,662.0,655.7999877929688,658.9500122070312,548.3720703125,3373319,0.0,0.0
2019-01-01 00:00:00+05:30,660.9500122070312,666.2999877929688,654.1500244140625,665.0499877929688,553.448486328125,2943390,0.0,0.0
2019-01-02 00:00:00+05:30,666.0,674.0,662.0499877929688,669.0499877929688,556.7772216796875,7416655,0.0,0.0
2019-01-03 00:00:00+05:30,672.0,677.0,663.0999755859375,669.1500244140625,556.8605346679688,6827249,0.0,0.0
2019-01-04 00:00:00+05:30,671.75,673.9000244140625,651.0,661.0499877929688,550.11962890625,7889310,0.0,0.0
2019-01-07 00:00:00+05:30,665.0,673.5999755859375,661.5,671.7000122070312,558.9824829101562,8046340,0.0,0.0
2019-01-08 00:00:00+05:30,674.9500122070312,677.4500122070312,668.5499877929688,670.0499877929688,557.6093139648438,8621545,0.0,0.0
2019-01-09 00:00:00+05:30,686.2000122070312,689.7999877929688,664.0,676.0999755859375,562.6441040039062,18130292,0.0,0.0
2019-01-10 00:00:00+05:30,681.5999755859375,682.0,672.5499877929688,679.7000122070312,565.6400756835938,9572493,0.0,0.0
2019-01-11 00:00:00+05:30,680.2000122070312,685.5,672.5,683.5,568.8024291992188,12281903,0.0,0.0
2019-01-14 00:00:00+05:30,707.0,710.2000122070312,695.9500122070312,701.9000244140625,584.11474609375,19312937,0.0,0.0
2019-01-15 00:00:00+05:30,707.2000122070312,730.0,707.2000122070312,726.5999755859375,604.6697387695312,19671304,0.0,0.0
2019-01-16 00:00:00+05:30,729.9000244140625,737.7999877929688,728.5,736.7999877929688,613.158203125,9658944,0.0,0.0
2019-01-17 00:00:00+05:30,735.7999877929688,739.0,729.0999755859375,733.3499755859375,610.2870483398438,6903771,0.0,0.0
2019-01-18 00:00:00+05:30,730.0,736.2000122070312,726.2999877929688,730.9500122070312,608.289794921875,5902151,0.0,0.0
2019-01-21 00:00:00+05:30,738.2000122070312,751.0,734.0,745.0,619.9819946289062,8129422,0.0,0.0
2019-01-22 00:00:00+05:30,741.25,749.0,734.0,745.3499755859375,620.2732543945312,6723375,0.0,0.0
2019-01-23 00:00:00+05:30,742.3499755859375,742.5999755859375,729.2000122070312,731.6500244140625,608.8723754882812,7212099,0.0,0.0
2019-01-24 00:00:00+05:30,728.0999755859375,736.0999755859375,721.0,732.0,612.51220703125,7429783,4.0,0.0
2019-01-25 00:00:00+05:30,728.0,737.9000244140625,724.25,730.3499755859375,611.1315307617188,5543112,0.0,0.0
2019-01-28 00:00:00+05:30,731.0,732.5999755859375,719.0,727.9500122070312,609.1234130859375,7944693,0.0,0.0
2019-01-29 00:00:00+05:30,725.5,732.8499755859375,716.5,727.9000244140625,609.0814819335938,6760819,0.0,0.0
2019-01-30 00:00:00+05:30,727.9000244140625,734.7999877929688,721.0999755859375,725.9000244140625,607.4080200195312,5763026,0.0,0.0
2019-01-31 00:00:00+05:30,726.0,751.2999877929688,726.0,749.5499877929688,627.197509765625,13825233,0.0,0.0
2019-02-01 00:00:00+05:30,751.3499755859375,762.5,744.5,757.0499877929688,633.4732666015625,6276585,0.0,0.0
2019-02-04 00:00:00+05:30,757.0,762.5,749.2000122070312,755.9000244140625,632.5110473632812,3945391,0.0,0.0
2019-02-05 00:00:00+05:30,747.0,759.9500122070312,747.0,754.8499755859375,631.63232421875,4694366,0.0,0.0
2019-02-06 00:00:00+05:30,755.5499877929688,766.9500122070312,754.3499755859375,763.2999877929688,638.7031860351562,5880482,0.0,0.0
2019-02-07 00:00:00+05:30,763.0499877929688,769.4500122070312,761.0,764.0,639.2887573242188,3961797,0.0,0.0
2019-02-08 00:00:00+05:30,760.0,772.25,754.9000244140625,760.9000244140625,636.6948852539062,5915169,0.0,0.0
2019-02-11 00:00:00+05:30,766.9000244140625,768.75,759.0,762.7999877929688,638.2846069335938,5500216,0.0,0.0
2019-02-12 00:00:00+05:30,760.3499755859375,760.3499755859375,741.0,750.4500122070312,627.9507446289062,7310690,0.0,0.0
2019-02-14 00:00:00+05:30,751.0,753.0,737.25,740.0499877929688,619.248291015625,4610535,0.0,0.0
2019-02-15 00:00:00+05:30,742.2999877929688,746.5,732.5999755859375,741.9500122070312,620.8381958007812,5586389,0.0,0.0
2019-02-18 00:00:00+05:30,742.3499755859375,747.6500244140625,736.0,741.0499877929688,620.0850219726562,5346825,0.0,0.0
2019-02-19 00:00:00+05:30,739.0999755859375,740.5499877929688,721.2999877929688,724.2999877929688,606.0692749023438,9401334,0.0,0.0
2019-02-20 00:00:00+05:30,727.0,743.0,726.0499877929688,740.7000122070312,619.792236328125,5210675,0.0,0.0
2019-02-21 00:00:00+05:30,738.0,738.0,727.0999755859375,733.4500122070312,613.7255859375,7202786,0.0,0.0
2019-02-22 00:00:00+05:30,732.5,738.2000122070312,728.0,734.9500122070312,614.98095703125,3750833,0.0,0.0
2019-02-25 00:00:00+05:30,735.5499877929688,758.0,735.5499877929688,754.9000244140625,631.6742553710938,6547552,0.0,0.0
2019-02-26 00:00:00+05:30,748.5999755859375,752.5999755859375,740.1500244140625,742.5,621.29833984375,8319610,0.0,0.0
2019-02-27 00:00:00+05:30,745.0,746.4000244140625,732.75,735.25,615.231689453125,5936354,0.0,0.0
2019-02-28 00:00:00+05:30,738.7000122070312,742.4000244140625,732.2999877929688,734.2999877929688,614.4368896484375,8559921,0.0,0.0
2019-03-01 00:00:00+05:30,735.5,743.4000244140625,735.5,741.9000244140625,620.7963256835938,3998826,0.0,0.0
2019-03-05 00:00:00+05:30,740.5,742.5,730.25,732.5,612.9307250976562,4826505,0.0,0.0
2019-03-06 00:00:00+05:30,736.0999755859375,736.0999755859375,727.0,732.5,612.9307250976562,6076668,0.0,0.0
2019-03-07 00:00:00+05:30,734.0,734.5,720.5499877929688,722.9500122070312,604.9395751953125,5951551,0.0,0.0
2019-03-08 00:00:00+05:30,722.9500122070312,722.9500122070312,710.6500244140625,712.3499755859375,596.0698852539062,7193994,0.0,0.0
2019-03-11 00:00:00+05:30,713.2999877929688,718.5,709.4000244140625,711.25,595.1494140625,9932198,0.0,0.0
2019-03-12 00:00:00+05:30,709.0,714.9500122070312,705.5999755859375,706.9500122070312,591.5513305664062,11997387,0.0,0.0
2019-03-13 00:00:00+05:30,710.0,718.5999755859375,706.2999877929688,708.4500122070312,592.8065185546875,11348867,0.0,0.0
2019-03-14 00:00:00+05:30,714.0,714.9000244140625,706.2000122070312,708.3499755859375,592.7227783203125,6415187,0.0,0.0
2019-03-15 00:00:00+05:30,712.0,723.75,709.5999755859375,718.5499877929688,601.2579345703125,14638664,0.0,0.0
2019-03-18 00:00:00+05:30,721.5499877929688,723.7000122070312,705.3499755859375,710.2000122070312,594.2709350585938,8065544,0.0,0.0
2019-03-19 00:00:00+05:30,712.7999877929688,726.5,707.4000244140625,722.25,604.3538818359375,8917337,0.0,0.0
2019-03-20 00:00:00+05:30,727.25,742.2999877929688,727.1500244140625,738.9500122070312,618.3278198242188,13471173,0.0,0.0
2019-03-22 00:00:00+05:30,745.0,746.3499755859375,732.2999877929688,743.0999755859375,621.8004150390625,8883260,0.0,0.0
2019-03-25 00:00:00+05:30,742.4000244140625,742.4000244140625,730.5499877929688,735.25,615.231689453125,7644966,0.0,0.0
2019-03-26 00:00:00+05:30,735.25,735.25,719.0999755859375,727.75,608.9559936523438,9406261,0.0,0.0
2019-03-27 00:00:00+05:30,730.0,732.2999877929688,727.1500244140625,729.7000122070312,610.5877075195312,7387487,0.0,0.0
2019-03-28 00:00:00+05:30,730.0,745.0,730.0,737.7999877929688,617.3655395507812,9277241,0.0,0.0
2019-04-01 00:00:00+05:30,742.0,760.0,742.0,755.0999755859375,631.8416137695312,6584982,0.0,0.0
2019-04-02 00:00:00+05:30,759.0,765.7999877929688,754.5999755859375,759.4000244140625,635.4396362304688,7283600,0.0,0.0
2019-04-03 00:00:00+05:30,756.0,758.5,746.7999877929688,753.2999877929688,630.3353271484375,6897127,0.0,0.0
2019-04-04 00:00:00+05:30,751.4000244140625,753.7999877929688,745.0999755859375,747.9000244140625,625.8169555664062,7688525,0.0,0.0
2019-04-05 00:00:00+05:30,750.9000244140625,760.9500122070312,748.0,759.2999877929688,635.3558959960938,6276040,0.0,0.0
2019-04-08 00:00:00+05:30,763.0499877929688,770.0,755.4000244140625,767.25,642.0083618164062,4919911,0.0,0.0
2019-04-09 00:00:00+05:30,770.0,773.0,758.2000122070312,760.5999755859375,636.4437866210938,6730692,0.0,0.0
2019-04-10 00:00:00+05:30,764.0,766.7000122070312,751.2999877929688,752.7000122070312,629.8333740234375,7031088,0.0,0.0
2019-04-11 00:00:00+05:30,751.75,751.75,740.0499877929688,742.7000122070312,621.4656982421875,8200995,0.0,0.0
2019-04-12 00:00:00+05:30,743.0999755859375,751.5499877929688,740.5999755859375,747.75,625.6913452148438,7043212,0.0,0.0
2019-04-15 00:00:00+05:30,724.7000122070312,731.3499755859375,712.5999755859375,727.5,608.7467651367188,31574803,0.0,0.0
2019-04-16 00:00:00+05:30,727.9000244140625,727.9000244140625,714.0999755859375,724.0999755859375,605.9017944335938,12524411,0.0,0.0
2019-04-18 00:00:00+05:30,722.5,722.5,712.75,717.0499877929688,600.002685546875,13801105,0.0,0.0
2019-04-22 00:00:00+05:30,717.0499877929688,725.75,715.0,721.0499877929688,603.3496704101562,6455426,0.0,0.0
2019-04-23 00:00:00+05:30,723.9000244140625,730.0,718.4000244140625,728.2000122070312,609.33251953125,5516668,0.0,0.0
2019-04-24 00:00:00+05:30,728.2000122070312,737.9000244140625,724.0,736.4500122070312,616.2359008789062,8285120,0.0,0.0
2019-04-25 00:00:00+05:30,736.4500122070312,737.6500244140625,727.0499877929688,728.5499877929688,609.6254272460938,8005235,0.0,0.0
2019-04-26 00:00:00+05:30,731.0,739.7999877929688,729.0,738.0,617.5328979492188,6895168,0.0,0.0
2019-04-30 00:00:00+05:30,738.0,753.7999877929688,738.0,751.3499755859375,628.7037353515625,9920046,0.0,0.0
2019-05-02 00:00:00+05:30,747.0,748.4000244140625,729.5,730.7999877929688,611.5081787109375,6351352,0.0,0.0
2019-05-03 00:00:00+05:30,722.9000244140625,731.0,718.2000122070312,723.5999755859375,605.4834594726562,6348116,0.0,0.0
2019-05-06 00:00:00+05:30,715.0,721.7999877929688,710.6500244140625,718.4000244140625,601.1323852539062,8858265,0.0,0.0
2019-05-07 00:00:00+05:30,720.4000244140625,727.9000244140625,718.7000122070312,724.5499877929688,606.2783813476562,5747536,0.0,0.0
2019-05-08 00:00:00+05:30,721.0,726.0,716.5,719.3499755859375,601.9271850585938,6247642,0.0,0.0
2019-05-09 00:00:00+05:30,719.1500244140625,730.2999877929688,715.7999877929688,721.0499877929688,603.3496704101562,7396525,0.0,0.0
2019-05-10 00:00:00+05:30,720.7999877929688,726.0,715.0,716.8499755859375,599.835205078125,8352335,0.0,0.0
2019-05-13 00:00:00+05:30,716.5499877929688,726.4500122070312,712.0999755859375,719.7000122070312,602.2200927734375,6808993,0.0,0.0
2019-05-14 00:00:00+05:30,716.5,717.75,703.5999755859375,713.8499755859375,597.324951171875,10513001,0.0,0.0
2019-05-15 00:00:00+05:30,714.9000244140625,725.2000122070312,712.5999755859375,716.0999755859375,599.2077026367188,6668929,0.0,0.0
2019-05-16 00:00:00+05:30,720.0,737.0,719.0999755859375,733.0999755859375,613.4326782226562,6468556,0.0,0.0
2019-05-17 00:00:00+05:30,733.1500244140625,735.7999877929688,720.0999755859375,723.9000244140625,605.7346801757812,8155948,0.0,0.0
2019-05-20 00:00:00+05:30,719.7000122070312,726.4000244140625,706.0,722.4000244140625,604.4793701171875,11213708,0.0,0.0
2019-05-21 00:00:00+05:30,722.6500244140625,722.6500244140625,707.7000122070312,709.2999877929688,593.517822265625,8645535,0.0,0.0
2019-05-22 00:00:00+05:30,710.0,718.25,707.0,709.75,593.894287109375,5795713,0.0,0.0
2019-05-23 00:00:00+05:30,715.0,716.7000122070312,697.4500122070312,701.0499877929688,586.6143188476562,7233736,0.0,0.0
2019-05-24 00:00:00+05:30,703.7999877929688,711.75,700.4500122070312,709.2000122070312,593.4340209960938,7016424,0.0,0.0
2019-05-27 00:00:00+05:30,707.4000244140625,713.7999877929688,705.5,708.0999755859375,592.5135498046875,10247544,0.0,0.0
2019-05-28 00:00:00+05:30,712.0,733.4500122070312,709.7999877929688,728.0999755859375,609.248779296875,23860490,0.0,0.0
2019-05-29 00:00:00+05:30,725.5,733.6500244140625,723.6500244140625,727.7999877929688,608.9979248046875,10293077,0.0,0.0
2019-05-30 00:00:00+05:30,727.0,737.25,722.5499877929688,733.5499877929688,613.809326171875,15089296,0.0,0.0
2019-05-31 00:00:00+05:30,736.5,742.9500122070312,733.2000122070312,737.75,617.3236694335938,8290306,0.0,0.0
2019-06-03 00:00:00+05:30,729.7999877929688,750.9000244140625,729.0,744.6500244140625,623.097412109375,7744761,0.0,0.0
2019-06-04 00:00:00+05:30,737.25,739.4500122070312,733.1500244140625,735.2999877929688,615.2736206054688,11733702,0.0,0.0
2019-06-06 00:00:00+05:30,736.5,744.6500244140625,733.6500244140625,735.5999755859375,615.5247192382812,7563925,0.0,0.0
2019-06-07 00:00:00+05:30,735.8499755859375,743.9500122070312,735.8499755859375,739.0999755859375,618.4533081054688,3218358,0.0,0.0
2019-06-10 00:00:00+05:30,740.0999755859375,754.0999755859375,740.0999755859375,753.5,630.5027465820312,4435148,0.0,0.0
2019-06-11 00:00:00+05:30,755.0,759.0,750.5,754.9000244140625,631.6742553710938,5733127,0.0,0.0
2019-06-12 00:00:00+05:30,756.9500122070312,756.9500122070312,745.0,753.7999877929688,630.7538452148438,8738342,0.0,0.0
2019-06-13 00:00:00+05:30,740.0,747.2000122070312,740.0,742.6500244140625,630.2022094726562,4808577,10.5,0.0
2019-06-14 00:00:00+05:30,743.8499755859375,745.5,738.25,740.4500122070312,628.335205078125,5556353,0.0,0.0
2019-06-17 00:00:00+05:30,743.0,744.5,737.7999877929688,740.5499877929688,628.4202270507812,3085588,0.0,0.0
2019-06-18 00:00:00+05:30,740.2000122070312,752.4500122070312,740.2000122070312,750.1500244140625,636.5665893554688,6202838,0.0,0.0
2019-06-19 00:00:00+05:30,752.5,755.4000244140625,748.5999755859375,751.9000244140625,638.0515747070312,4596253,0.0,0.0
2019-06-20 00:00:00+05:30,737.7999877929688,756.9000244140625,735.9000244140625,754.9000244140625,640.597412109375,7148684,0.0,0.0
2019-06-21 00:00:00+05:30,755.0,755.0,747.1500244140625,750.2000122070312,636.6091918945312,13200318,0.0,0.0
2019-06-24 00:00:00+05:30,751.9000244140625,751.9000244140625,742.6500244140625,745.5,632.6207885742188,4758178,0.0,0.0
2019-06-25 00:00:00+05:30,744.0,750.9000244140625,737.2999877929688,748.0999755859375,634.8270263671875,3677911,0.0,0.0
2019-06-26 00:00:00+05:30,743.0,751.4500122070312,738.0,739.2000122070312,627.274658203125,5447130,0.0,0.0
2019-06-27 00:00:00+05:30,742.0,744.7000122070312,728.1500244140625,730.5499877929688,619.9342651367188,11122346,0.0,0.0
2019-06-28 00:00:00+05:30,735.5,739.5,728.5,732.0,621.1646728515625,5919494,0.0,0.0
2019-07-01 00:00:00+05:30,735.0,737.5,729.8499755859375,731.2999877929688,620.5706787109375,3224968,0.0,0.0
2019-07-02 00:00:00+05:30,734.0,741.6500244140625,730.0999755859375,740.0,627.9534301757812,4837606,0.0,0.0
2019-07-03 00:00:00+05:30,741.0,743.2000122070312,730.0,731.2999877929688,620.5706787109375,5958379,0.0,0.0
2019-07-04 00:00:00+05:30,729.0,736.4000244140625,728.5999755859375,733.7999877929688,622.692138671875,3274064,0.0,0.0
2019-07-05 00:00:00+05:30,735.0,736.4000244140625,713.5,718.0,609.2846069335938,4926289,0.0,0.0
2019-07-08 00:00:00+05:30,716.4500122070312,724.9500122070312,712.2999877929688,717.5999755859375,608.9451293945312,7177092,0.0,0.0
2019-07-09 00:00:00+05:30,718.0,719.8499755859375,709.0499877929688,715.5,607.1631469726562,5022638,0.0,0.0
2019-07-10 00:00:00+05:30,709.0,722.7000122070312,706.5,717.25,608.6481323242188,7573816,0.0,0.0
2019-07-11 00:00:00+05:30,719.4500122070312,723.5,709.5999755859375,721.5,612.2545776367188,6252688,0.0,0.0
2019-07-12 00:00:00+05:30,722.5,730.5999755859375,719.5999755859375,726.75,616.7097778320312,7874441,0.0,0.0
2019-07-15 00:00:00+05:30,763.0,781.6500244140625,754.2000122070312,779.3499755859375,661.3450927734375,31064152,0.0,0.0
2019-07-16 00:00:00+05:30,777.0,787.7999877929688,776.0,784.8499755859375,666.0125122070312,9924322,0.0,0.0
2019-07-17 00:00:00+05:30,783.9000244140625,795.0,776.75,794.1500244140625,673.9044799804688,6754348,0.0,0.0
2019-07-18 00:00:00+05:30,789.0499877929688,798.5,786.2000122070312,792.7000122070312,672.673828125,6534471,0.0,0.0
2019-07-19 00:00:00+05:30,788.7000122070312,794.5,781.25,785.4000244140625,666.479248046875,6812754,0.0,0.0
2019-07-22 00:00:00+05:30,785.9500122070312,792.0,782.0499877929688,784.4000244140625,665.6306762695312,7107151,0.0,0.0
2019-07-23 00:00:00+05:30,787.0,804.0,785.5499877929688,790.0499877929688,670.4252319335938,10782564,0.0,0.0
2019-07-24 00:00:00+05:30,788.0,793.75,783.5999755859375,786.2999877929688,667.2429809570312,5745146,0.0,0.0
2019-07-25 00:00:00+05:30,788.25,800.2000122070312,787.6500244140625,794.5,674.2013549804688,9773568,0.0,0.0
2019-07-26 00:00:00+05:30,792.2999877929688,795.0,782.2000122070312,787.0,667.8370361328125,4941763,0.0,0.0
2019-07-29 00:00:00+05:30,789.5,796.9500122070312,786.2000122070312,791.4500122070312,671.6132202148438,6244316,0.0,0.0
2019-07-30 00:00:00+05:30,791.9000244140625,797.7999877929688,788.5499877929688,792.7000122070312,672.673828125,8673253,0.0,0.0
2019-07-31 00:00:00+05:30,790.8499755859375,799.7999877929688,781.5999755859375,793.6500244140625,673.4801025390625,7350584,0.0,0.0
2019-08-01 00:00:00+05:30,786.4500122070312,788.4000244140625,764.4000244140625,768.8499755859375,652.4351806640625,10066407,0.0,0.0
2019-08-02 00:00:00+05:30,765.0499877929688,779.9000244140625,762.25,775.5999755859375,658.1630859375,10838336,0.0,0.0
2019-08-05 00:00:00+05:30,772.5999755859375,785.9000244140625,768.6500244140625,776.7000122070312,659.0964965820312,9976238,0.0,0.0
2019-08-06 00:00:00+05:30,778.7999877929688,783.7000122070312,769.7999877929688,774.4500122070312,657.187255859375,9331718,0.0,0.0
2019-08-07 00:00:00+05:30,778.9000244140625,783.4500122070312,772.3499755859375,776.0999755859375,658.5873413085938,5130457,0.0,0.0
2019-08-08 00:00:00+05:30,782.7000122070312,792.75,781.25,788.75,669.322021484375,8009009,0.0,0.0
2019-08-09 00:00:00+05:30,792.0,796.75,784.7999877929688,789.8499755859375,670.25537109375,4362520,0.0,0.0
2019-08-13 00:00:00+05:30,784.1500244140625,786.0,760.1500244140625,764.75,648.9559936523438,7517099,0.0,0.0
2019-08-14 00:00:00+05:30,775.0999755859375,778.25,768.0,774.7999877929688,657.4843139648438,5940968,0.0,0.0
2019-08-16 00:00:00+05:30,780.0,780.0499877929688,762.5,774.5499877929688,657.2720947265625,5128088,0.0,0.0
2019-08-19 00:00:00+05:30,775.5999755859375,783.0,773.3499755859375,777.6500244140625,659.9027709960938,3881451,0.0,0.0
2019-08-20 00:00:00+05:30,785.2000122070312,798.0,783.8499755859375,792.75,672.71630859375,8435344,0.0,0.0
2019-08-21 00:00:00+05:30,793.0,803.75,793.0,799.4500122070312,678.4019165039062,5926896,0.0,0.0
2019-08-22 00:00:00+05:30,799.9000244140625,801.2999877929688,792.3499755859375,795.7000122070312,675.2196044921875,5222488,0.0,0.0
2019-08-23 00:00:00+05:30,796.4500122070312,809.9500122070312,795.7999877929688,802.2000122070312,680.7355346679688,6895015,0.0,0.0
2019-08-26 00:00:00+05:30,795.9000244140625,806.7999877929688,786.9000244140625,802.5499877929688,681.032470703125,5412074,0.0,0.0
2019-08-27 00:00:00+05:30,791.0,794.9500122070312,781.0999755859375,784.6500244140625,665.8427734375,16061642,0.0,0.0
2019-08-28 00:00:00+05:30,787.4000244140625,805.0,786.2999877929688,802.5,680.9901733398438,5881134,0.0,0.0
2019-08-29 00:00:00+05:30,795.5,809.7000122070312,795.5,806.9500122070312,684.7662353515625,7830413,0.0,0.0
2019-08-30 00:00:00+05:30,810.0,817.3499755859375,802.0,814.9000244140625,691.5126342773438,8174186,0.0,0.0
2019-09-03 00:00:00+05:30,815.0,822.4000244140625,812.0499877929688,814.25,690.9609375,5647088,0.0,0.0
2019-09-04 00:00:00+05:30,810.75,822.4500122070312,810.25,821.2999877929688,696.9434814453125,6199015,0.0,0.0
2019-09-05 00:00:00+05:30,830.0999755859375,837.5,826.6500244140625,834.0499877929688,707.762939453125,7926895,0.0,0.0
2019-09-06 00:00:00+05:30,843.2999877929688,847.0,835.0499877929688,840.1500244140625,712.9393310546875,6106841,0.0,0.0
2019-09-09 00:00:00+05:30,836.7999877929688,840.2999877929688,827.5499877929688,829.0999755859375,703.5624389648438,4377870,0.0,0.0
2019-09-11 00:00:00+05:30,822.2999877929688,828.5499877929688,814.1500244140625,820.0999755859375,695.9251708984375,7981036,0.0,0.0
2019-09-12 00:00:00+05:30,816.4000244140625,819.8499755859375,810.8499755859375,816.4000244140625,692.7854614257812,4400017,0.0,0.0
2019-09-13 00:00:00+05:30,818.0999755859375,831.0499877929688,817.5,829.2999877929688,703.7321166992188,4832021,0.0,0.0
2019-09-16 00:00:00+05:30,832.0499877929688,837.9500122070312,820.5499877929688,827.7000122070312,702.3743896484375,4846496,0.0,0.0
2019-09-17 00:00:00+05:30,831.5,835.0,820.5499877929688,831.25,705.3867797851562,5540901,0.0,0.0
2019-09-18 00:00:00+05:30,829.9000244140625,832.9500122070312,824.0,829.8499755859375,704.1987915039062,3199389,0.0,0.0
2019-09-19 00:00:00+05:30,824.8499755859375,827.0,815.2000122070312,820.7000122070312,696.4342651367188,6601607,0.0,0.0
2019-09-20 00:00:00+05:30,822.9000244140625,835.0,802.0,805.0,683.111572265625,22462366,0.0,0.0
2019-09-23 00:00:00+05:30,806.9000244140625,806.9000244140625,741.9000244140625,764.3499755859375,648.6165161132812,17279260,0.0,0.0
2019-09-24 00:00:00+05:30,765.0,798.6500244140625,765.0,794.0499877929688,673.8195190429688,13717998,0.0,0.0
2019-09-25 00:00:00+05:30,787.7000122070312,801.0,781.6500244140625,792.6500244140625,672.6314697265625,9313576,0.0,0.0
2019-09-26 00:00:00+05:30,787.75,797.0,778.0999755859375,782.5499877929688,664.0607299804688,18442824,0.0,0.0
2019-09-27 00:00:00+05:30,787.0499877929688,794.25,780.0999755859375,782.2000122070312,663.7637939453125,5087642,0.0,0.0
2019-09-30 00:00:00+05:30,785.0999755859375,808.0,784.1500244140625,805.6500244140625,683.6631469726562,8178091,0.0,0.0
2019-10-01 00:00:00+05:30,807.0,807.5499877929688,791.5499877929688,793.5499877929688,673.3951416015625,5881438,0.0,0.0
2019-10-03 00:00:00+05:30,792.5499877929688,797.8499755859375,784.1500244140625,785.5999755859375,666.6490478515625,5497672,0.0,0.0
2019-10-04 00:00:00+05:30,790.0,797.5999755859375,787.0499877929688,793.4500122070312,673.3104248046875,8201713,0.0,0.0
2019-10-07 00:00:00+05:30,794.8499755859375,802.0,786.0999755859375,789.5499877929688,670.0008544921875,3679845,0.0,0.0
2019-10-09 00:00:00+05:30,795.4500122070312,795.9000244140625,778.7999877929688,783.6500244140625,664.9942626953125,6335025,0.0,0.0
2019-10-10 00:00:00+05:30,785.4000244140625,794.7000122070312,776.5999755859375,783.0499877929688,664.4850463867188,10402917,0.0,0.0
2019-10-11 00:00:00+05:30,781.5,823.7999877929688,776.5999755859375,814.7999877929688,691.427734375,20636344,0.0,0.0
2019-10-14 00:00:00+05:30,786.75,797.0,780.0,786.0999755859375,667.0733032226562,15150858,0.0,0.0
2019-10-15 00:00:00+05:30,773.0999755859375,775.9500122070312,765.0,768.2999877929688,651.9684448242188,13762133,0.0,0.0
2019-10-16 00:00:00+05:30,765.25,775.9500122070312,761.5499877929688,771.4500122070312,654.6414794921875,10767032,0.0,0.0
2019-10-17 00:00:00+05:30,767.0,770.5499877929688,765.0999755859375,769.5,652.9867553710938,9860495,0.0,0.0
2019-10-18 00:00:00+05:30,763.7999877929688,773.7999877929688,760.0,767.8499755859375,651.5866088867188,10037200,0.0,0.0
2019-10-22 00:00:00+05:30,691.0999755859375,691.0999755859375,638.3499755859375,643.5499877929688,546.1072998046875,90152532,0.0,0.0
2019-10-23 00:00:00+05:30,630.0,656.6500244140625,615.0999755859375,650.5999755859375,559.0393676757812,60516887,8.0,0.0
2019-10-24 00:00:00+05:30,650.0,653.2000122070312,632.0,635.3499755859375,545.9354858398438,25666433,0.0,0.0
2019-10-25 00:00:00+05:30,647.0,652.5,636.0,637.4500122070312,547.7401123046875,16549337,0.0,0.0
2019-10-27 00:00:00+05:30,651.0999755859375,652.5,645.5499877929688,648.8499755859375,557.5355834960938,2945281,0.0,0.0
2019-10-29 00:00:00+05:30,651.0,653.75,647.0,650.6500244140625,559.0822143554688,16709764,0.0,0.0
2019-10-30 00:00:00+05:30,660.4000244140625,671.4000244140625,656.2000122070312,660.5999755859375,567.6319580078125,22879467,0.0,0.0
2019-10-31 00:00:00+05:30,668.4000244140625,695.4500122070312,666.0999755859375,685.5999755859375,589.1136474609375,27405901,0.0,0.0
2019-11-01 00:00:00+05:30,690.0,694.0,682.5999755859375,687.9000244140625,591.0900268554688,9713519,0.0,0.0
2019-11-04 00:00:00+05:30,681.7999877929688,732.5,678.1500244140625,709.0,609.2205200195312,29381982,0.0,0.0
2019-11-05 00:00:00+05:30,708.75,708.75,691.5,696.0999755859375,598.135986328125,12897805,0.0,0.0
2019-11-06 00:00:00+05:30,695.7999877929688,721.5,692.0,712.2999877929688,612.0560913085938,21372589,0.0,0.0
2019-11-07 00:00:00+05:30,717.0,724.3499755859375,712.0999755859375,720.0999755859375,618.7583618164062,13733737,0.0,0.0
2019-11-08 00:00:00+05:30,722.0,724.25,705.5,708.1500244140625,608.490234375,8585630,0.0,0.0
2019-11-11 00:00:00+05:30,698.9000244140625,707.2000122070312,698.0,704.4000244140625,605.2678833007812,6951494,0.0,0.0
2019-11-13 00:00:00+05:30,696.5,700.0,687.75,691.3499755859375,594.054443359375,9973690,0.0,0.0
2019-11-14 00:00:00+05:30,696.3499755859375,709.7999877929688,696.3499755859375,705.2999877929688,606.0411987304688,10539902,0.0,0.0
2019-11-15 00:00:00+05:30,709.0499877929688,712.9500122070312,702.2999877929688,703.9000244140625,604.8381958007812,7362623,0.0,0.0
2019-11-18 00:00:00+05:30,705.0,710.0,699.2999877929688,705.2000122070312,605.955322265625,7490916,0.0,0.0
2019-11-19 00:00:00+05:30,709.9000244140625,714.0,705.0,712.8499755859375,612.5286865234375,6495885,0.0,0.0
2019-11-20 00:00:00+05:30,712.7999877929688,715.0,705.0,713.0,612.6575317382812,6142171,0.0,0.0
2019-11-21 00:00:00+05:30,715.5,721.4500122070312,710.5,713.25,612.8724365234375,9692973,0.0,0.0
2019-11-22 00:00:00+05:30,711.75,712.0,685.0999755859375,693.2000122070312,595.6441040039062,14415826,0.0,0.0
2019-11-25 00:00:00+05:30,693.3499755859375,705.1500244140625,693.2000122070312,698.0999755859375,599.8545532226562,7334511,0.0,0.0
2019-11-26 00:00:00+05:30,705.0,707.25,686.0,690.5999755859375,593.4099731445312,27253106,0.0,0.0
2019-11-27 00:00:00+05:30,694.25,697.6500244140625,690.0999755859375,695.75,597.8352661132812,3861635,0.0,0.0
2019-11-28 00:00:00+05:30,699.0999755859375,703.3499755859375,694.0499877929688,701.8499755859375,603.07666015625,4837683,0.0,0.0
2019-11-29 00:00:00+05:30,700.9000244140625,702.2999877929688,691.5499877929688,696.3499755859375,598.3507690429688,4262379,0.0,0.0
2019-12-02 00:00:00+05:30,703.0999755859375,704.0,690.2999877929688,692.7000122070312,595.2144165039062,9383736,0.0,0.0
2019-12-03 00:00:00+05:30,692.7000122070312,699.7000122070312,688.5499877929688,698.3499755859375,600.0692749023438,5239013,0.0,0.0
2019-12-04 00:00:00+05:30,697.0,710.5,693.3499755859375,708.8499755859375,609.0916748046875,7427886,0.0,0.0
2019-12-05 00:00:00+05:30,706.4500122070312,715.9000244140625,703.7999877929688,714.8499755859375,614.2472534179688,4814422,0.0,0.0
2019-12-06 00:00:00+05:30,715.9500122070312,720.0,709.5999755859375,715.0999755859375,614.4620971679688,5226096,0.0,0.0
2019-12-09 00:00:00+05:30,716.0,722.3499755859375,714.25,717.25,616.3094482421875,6435865,0.0,0.0
2019-12-10 00:00:00+05:30,713.0,718.5,710.0,714.5499877929688,613.9894409179688,4457939,0.0,0.0
2019-12-11 00:00:00+05:30,716.5999755859375,722.7000122070312,713.0,721.0499877929688,619.57470703125,6043554,0.0,0.0
2019-12-12 00:00:00+05:30,718.5,720.7000122070312,699.5499877929688,702.0999755859375,603.2915649414062,11112042,0.0,0.0
2019-12-13 00:00:00+05:30,700.3499755859375,712.9000244140625,700.3499755859375,711.2999877929688,611.1969604492188,10302412,0.0,0.0
2019-12-16 00:00:00+05:30,712.2999877929688,720.2000122070312,710.2000122070312,714.0,613.516845703125,5616324,0.0,0.0
2019-12-17 00:00:00+05:30,719.7000122070312,731.25,715.0,729.7000122070312,627.00732421875,10525565,0.0,0.0
2019-12-18 00:00:00+05:30,731.0,737.2999877929688,722.75,732.4500122070312,629.3704223632812,12215295,0.0,0.0
2019-12-19 00:00:00+05:30,733.5,735.9500122070312,724.5999755859375,730.8499755859375,627.9955444335938,7199210,0.0,0.0
2019-12-20 00:00:00+05:30,731.0,735.0,728.25,731.5499877929688,628.5969848632812,7794167,0.0,0.0
2019-12-23 00:00:00+05:30,732.1500244140625,737.2999877929688,731.6500244140625,736.0,632.4207153320312,4975608,0.0,0.0
2019-12-24 00:00:00+05:30,736.9500122070312,736.9500122070312,728.2999877929688,733.4000244140625,630.1867065429688,2890759,0.0,0.0
2019-12-26 00:00:00+05:30,732.0,734.5499877929688,726.5499877929688,728.9500122070312,626.3629150390625,3821806,0.0,0.0
2019-12-27 00:00:00+05:30,729.75,737.5,728.8499755859375,736.9500122070312,633.2371215820312,3399094,0.0,0.0
2019-12-30 00:00:00+05:30,736.0999755859375,737.9500122070312,727.25,732.9000244140625,629.757080078125,5368416,0.0,0.0
2019-12-31 00:00:00+05:30,729.7000122070312,737.75,725.4500122070312,731.1500244140625,628.2533569335938,6927885,0.0,0.0
2020-01-01 00:00:00+05:30,735.0,740.0,732.5499877929688,736.8499755859375,633.151123046875,2112415,0.0,0.0
2020-01-02 00:00:00+05:30,738.9000244140625,740.7999877929688,730.9000244140625,734.7000122070312,631.3036499023438,5658200,0.0,0.0
2020-01-03 00:00:00+05:30,733.9000244140625,748.0,733.9000244140625,746.0,641.013427734375,7882938,0.0,0.0
2020-01-06 00:00:00+05:30,746.0999755859375,753.7999877929688,736.5,738.8499755859375,634.86962890625,6519403,0.0,0.0
2020-01-07 00:00:00+05:30,738.0,742.5999755859375,725.0999755859375,727.9000244140625,625.4606323242188,7899363,0.0,0.0
2020-01-08 00:00:00+05:30,724.9500122070312,729.0,708.2999877929688,718.2000122070312,617.1258544921875,8639443,0.0,0.0
2020-01-09 00:00:00+05:30,721.7000122070312,731.5,714.2999877929688,727.5499877929688,625.159912109375,13521186,0.0,0.0
2020-01-10 00:00:00+05:30,740.4500122070312,742.9000244140625,730.5,738.1500244140625,634.2681274414062,9341405,0.0,0.0
2020-01-13 00:00:00+05:30,760.0,777.5,755.0,773.5499877929688,664.6860961914062,36952038,0.0,0.0
2020-01-14 00:00:00+05:30,769.9500122070312,776.9500122070312,767.2000122070312,775.6500244140625,666.4906616210938,11414418,0.0,0.0
2020-01-15 00:00:00+05:30,773.8499755859375,773.8499755859375,762.1500244140625,767.5499877929688,659.5307006835938,6047430,0.0,0.0
2020-01-16 00:00:00+05:30,770.7000122070312,772.5,760.25,767.0,659.05810546875,5740586,0.0,0.0
2020-01-17 00:00:00+05:30,770.7000122070312,772.9000244140625,762.25,767.8499755859375,659.788330078125,3762957,0.0,0.0
2020-01-20 00:00:00+05:30,771.5999755859375,774.4000244140625,762.9500122070312,768.4500122070312,660.303955078125,3887680,0.0,0.0
2020-01-21 00:00:00+05:30,768.4500122070312,770.5,760.75,762.5,655.19140625,4448374,0.0,0.0
2020-01-22 00:00:00+05:30,768.4500122070312,778.0,766.0,770.2000122070312,661.8076782226562,9733935,0.0,0.0
2020-01-23 00:00:00+05:30,777.0999755859375,785.5,776.7000122070312,784.3499755859375,673.96630859375,12528017,0.0,0.0
2020-01-24 00:00:00+05:30,775.75,786.5,773.5999755859375,782.75,672.591552734375,7540490,0.0,0.0
2020-01-27 00:00:00+05:30,779.0499877929688,784.7999877929688,774.4000244140625,778.0999755859375,668.595947265625,3741610,0.0,0.0
2020-01-28 00:00:00+05:30,781.0,781.7999877929688,772.0,778.0,668.5099487304688,5121009,0.0,0.0
2020-01-29 00:00:00+05:30,786.5999755859375,792.7999877929688,784.25,789.7000122070312,678.5635375976562,6832757,0.0,0.0
2020-01-30 00:00:00+05:30,789.7000122070312,789.7000122070312,778.0,780.7000122070312,670.8300170898438,3859680,0.0,0.0
2020-01-31 00:00:00+05:30,780.5499877929688,784.9500122070312,771.5999755859375,775.9500122070312,666.74853515625,6092028,0.0,0.0
2020-02-03 00:00:00+05:30,782.0,790.9500122070312,764.5,767.4000244140625,659.4017333984375,6416745,0.0,0.0
2020-02-04 00:00:00+05:30,770.0999755859375,789.9000244140625,770.0999755859375,787.8499755859375,676.9736328125,5771311,0.0,0.0
2020-02-05 00:00:00+05:30,781.0,786.0,774.4000244140625,784.5499877929688,674.1381225585938,6310409,0.0,0.0
2020-02-06 00:00:00+05:30,784.3499755859375,786.7999877929688,770.0,771.3499755859375,662.7958374023438,7341622,0.0,0.0
2020-02-07 00:00:00+05:30,775.9500122070312,778.8499755859375,771.0,777.2999877929688,667.9085083007812,2853344,0.0,0.0
2020-02-10 00:00:00+05:30,774.0,778.0,769.75,773.2000122070312,664.385498046875,3827682,0.0,0.0
2020-02-11 00:00:00+05:30,779.0,779.0999755859375,769.2000122070312,773.5499877929688,664.6860961914062,4312817,0.0,0.0
2020-02-12 00:00:00+05:30,775.7999877929688,783.25,775.0999755859375,781.0499877929688,671.1306762695312,2948825,0.0,0.0
2020-02-13 00:00:00+05:30,785.0,794.0,782.2000122070312,792.25,680.7545776367188,4387430,0.0,0.0
2020-02-14 00:00:00+05:30,794.5,799.2000122070312,784.5999755859375,786.4500122070312,675.7706909179688,5321680,0.0,0.0
2020-02-17 00:00:00+05:30,790.2999877929688,793.4500122070312,783.2999877929688,789.4500122070312,678.3485717773438,2929629,0.0,0.0
2020-02-18 00:00:00+05:30,785.0,799.0499877929688,783.6500244140625,797.6500244140625,685.3945922851562,5083346,0.0,0.0
2020-02-19 00:00:00+05:30,800.0,804.8499755859375,796.1500244140625,800.4500122070312,687.8004760742188,3985192,0.0,0.0
2020-02-20 00:00:00+05:30,803.25,806.0999755859375,793.8499755859375,797.0,684.8359985351562,4564569,0.0,0.0
2020-02-24 00:00:00+05:30,800.0999755859375,811.5999755859375,792.1500244140625,795.8499755859375,683.8478393554688,6627536,0.0,0.0
2020-02-25 00:00:00+05:30,799.0,806.0,795.4000244140625,798.4000244140625,686.0391235351562,6996695,0.0,0.0
2020-02-26 00:00:00+05:30,793.9500122070312,801.4500122070312,780.5,782.75,672.591552734375,8760569,0.0,0.0
2020-02-27 00:00:00+05:30,778.0,780.75,772.2000122070312,777.8499755859375,668.3812255859375,5223386,0.0,0.0
2020-02-28 00:00:00+05:30,750.0,756.7999877929688,722.0499877929688,731.7000122070312,628.7259521484375,14123957,0.0,0.0
2020-03-02 00:00:00+05:30,737.0,765.9000244140625,733.75,741.0499877929688,636.7600708007812,9821523,0.0,0.0
2020-03-03 00:00:00+05:30,755.0,759.0,741.25,747.0,641.8726806640625,7826587,0.0,0.0
2020-03-04 00:00:00+05:30,753.9000244140625,761.5,745.5499877929688,758.75,651.9690551757812,11013444,0.0,0.0
2020-03-05 00:00:00+05:30,763.75,773.5499877929688,751.75,754.5999755859375,648.4031372070312,7755293,0.0,0.0
2020-03-06 00:00:00+05:30,741.0,744.0,729.0999755859375,738.9500122070312,634.95556640625,9216022,0.0,0.0
2020-03-09 00:00:00+05:30,724.5,725.8499755859375,697.0,704.4500122070312,605.3109130859375,10308654,0.0,0.0
2020-03-11 00:00:00+05:30,690.6500244140625,695.9500122070312,669.0499877929688,686.0,589.4573974609375,16165009,0.0,0.0
2020-03-12 00:00:00+05:30,668.0,670.0,627.5,631.2000122070312,542.3695068359375,13965574,0.0,0.0
2020-03-13 00:00:00+05:30,592.0,667.0,570.0,642.3499755859375,551.9503784179688,16903113,0.0,0.0
2020-03-16 00:00:00+05:30,622.0,622.1500244140625,580.0,583.1500244140625,501.0817565917969,19140152,0.0,0.0
2020-03-17 00:00:00+05:30,588.0999755859375,592.0,550.0,554.9500122070312,476.8504638671875,16059887,0.0,0.0
2020-03-18 00:00:00+05:30,568.0,578.0,528.0,534.2999877929688,459.1065673828125,15390183,0.0,0.0
2020-03-19 00:00:00+05:30,509.25,558.0,509.25,545.5499877929688,468.77325439453125,16583991,0.0,0.0
2020-03-20 00:00:00+05:30,549.5,617.4500122070312,548.0,585.2000122070312,502.8432312011719,21354894,0.0,0.0
2020-03-23 00:00:00+05:30,540.0,560.9500122070312,515.9000244140625,526.4500122070312,452.36126708984375,17146150,0.0,0.0
2020-03-24 00:00:00+05:30,522.0,601.1500244140625,522.0,589.7999877929688,506.7959899902344,20027097,0.0,0.0
2020-03-25 00:00:00+05:30,597.0,635.0,565.7000122070312,606.2000122070312,520.8878784179688,18339548,0.0,0.0
2020-03-26 00:00:00+05:30,615.0,650.8499755859375,612.0999755859375,643.0,552.5088500976562,14843813,0.0,0.0
2020-03-27 00:00:00+05:30,665.0499877929688,674.9000244140625,642.25,652.7000122070312,560.8436279296875,13495283,0.0,0.0
2020-03-30 00:00:00+05:30,625.0999755859375,663.5,621.0999755859375,626.7000122070312,538.5028686523438,14624804,0.0,0.0
2020-03-31 00:00:00+05:30,650.0,662.0,633.7000122070312,641.5,551.219970703125,15175521,0.0,0.0
2020-04-01 00:00:00+05:30,634.3499755859375,637.5,594.0,602.7999877929688,517.9663696289062,13083824,0.0,0.0
2020-04-03 00:00:00+05:30,603.5,606.0,582.1500244140625,585.7000122070312,503.2728576660156,10221655,0.0,0.0
2020-04-07 00:00:00+05:30,615.0,644.25,612.9000244140625,639.0,549.0718994140625,15145605,0.0,0.0
2020-04-08 00:00:00+05:30,630.0,655.6500244140625,626.3499755859375,631.5999755859375,542.7131958007812,11806896,0.0,0.0
2020-04-09 00:00:00+05:30,646.7999877929688,652.7999877929688,632.0999755859375,636.25,546.7088012695312,11931114,0.0,0.0
2020-04-13 00:00:00+05:30,629.0,651.7000122070312,626.0499877929688,637.4000244140625,547.6969604492188,8330276,0.0,0.0
2020-04-15 00:00:00+05:30,651.4000244140625,653.2999877929688,635.5999755859375,639.0499877929688,549.1148071289062,11963447,0.0,0.0
2020-04-16 00:00:00+05:30,619.9500122070312,634.9000244140625,603.5,623.8499755859375,536.0538940429688,17783287,0.0,0.0
2020-04-17 00:00:00+05:30,644.0,646.0,626.0,628.75,540.2644653320312,8878320,0.0,0.0
2020-04-20 00:00:00+05:30,640.0,661.0,639.0,653.2999877929688,561.3594360351562,13322913,0.0,0.0
2020-04-21 00:00:00+05:30,627.7999877929688,646.5,627.7999877929688,633.2000122070312,544.088134765625,11660575,0.0,0.0
2020-04-22 00:00:00+05:30,633.2000122070312,645.0,628.0499877929688,641.8499755859375,551.520751953125,8266728,0.0,0.0
2020-04-23 00:00:00+05:30,647.0499877929688,683.6500244140625,638.0999755859375,679.2999877929688,583.7001953125,14451289,0.0,0.0
2020-04-24 00:00:00+05:30,668.5499877929688,675.0,654.7999877929688,658.0,565.3980102539062,7319940,0.0,0.0
2020-04-27 00:00:00+05:30,661.0499877929688,681.0,661.0499877929688,664.5999755859375,571.0690307617188,7183306,0.0,0.0
2020-04-28 00:00:00+05:30,673.0,677.0,653.0499877929688,660.7000122070312,567.718017578125,7296571,0.0,0.0
2020-04-29 00:00:00+05:30,666.0,682.0,658.0,676.5499877929688,581.3372802734375,8639056,0.0,0.0
2020-04-30 00:00:00+05:30,700.0,720.0,698.0999755859375,715.5,614.8056640625,16253821,0.0,0.0
2020-05-04 00:00:00+05:30,689.7999877929688,701.2000122070312,670.3499755859375,673.7000122070312,578.8883666992188,9122740,0.0,0.0
2020-05-05 00:00:00+05:30,681.75,685.5999755859375,670.0,673.7000122070312,578.8883666992188,6393053,0.0,0.0
2020-05-06 00:00:00+05:30,676.9000244140625,681.4500122070312,664.0499877929688,665.9000244140625,572.1860961914062,7934250,0.0,0.0
2020-05-07 00:00:00+05:30,665.5499877929688,674.3499755859375,662.4500122070312,664.9500122070312,571.3698120117188,4779548,0.0,0.0
2020-05-08 00:00:00+05:30,672.25,680.9000244140625,668.5,674.2000122070312,579.3180541992188,8400321,0.0,0.0
2020-05-11 00:00:00+05:30,682.5,698.5499877929688,678.0,682.9000244140625,586.793701171875,7370186,0.0,0.0
2020-05-12 00:00:00+05:30,678.5,691.0,675.5,687.6500244140625,590.875244140625,7356039,0.0,0.0
2020-05-13 00:00:00+05:30,694.7999877929688,699.9000244140625,683.75,694.1500244140625,596.46044921875,8287101,0.0,0.0
2020-05-14 00:00:00+05:30,659.0,671.75,652.5999755859375,658.1500244140625,565.52685546875,16888262,0.0,0.0
2020-05-15 00:00:00+05:30,664.7999877929688,664.7999877929688,646.7000122070312,652.2999877929688,560.5000610351562,9255353,0.0,0.0
2020-05-18 00:00:00+05:30,659.8499755859375,670.5499877929688,653.0,663.9000244140625,570.4675903320312,10435442,0.0,0.0
2020-05-19 00:00:00+05:30,664.0,674.7999877929688,655.0,668.5999755859375,574.506103515625,5902208,0.0,0.0
2020-05-20 00:00:00+05:30,668.5,673.0,659.6500244140625,669.5499877929688,575.3224487304688,5794636,0.0,0.0
2020-05-21 00:00:00+05:30,666.5,679.4500122070312,665.4000244140625,672.2000122070312,577.5994873046875,7213225,0.0,0.0
2020-05-22 00:00:00+05:30,675.0,695.8499755859375,673.5,692.3499755859375,594.9137573242188,11867731,0.0,0.0
2020-05-26 00:00:00+05:30,693.0,699.4500122070312,679.0,680.5499877929688,584.7744140625,7099606,0.0,0.0
2020-05-27 00:00:00+05:30,686.0499877929688,709.2000122070312,675.0,705.4500122070312,606.1700439453125,8774636,0.0,0.0
2020-05-28 00:00:00+05:30,707.0,710.0,690.0,707.4000244140625,607.8456420898438,9440091,0.0,0.0
2020-05-29 00:00:00+05:30,692.5,700.7999877929688,674.9500122070312,691.0,601.8360595703125,28290128,9.5,0.0
2020-06-01 00:00:00+05:30,698.75,706.6500244140625,691.5,699.5499877929688,609.2827758789062,12276438,0.0,0.0
2020-06-02 00:00:00+05:30,700.5,711.6500244140625,697.5499877929688,708.0999755859375,616.7294921875,7059304,0.0,0.0
2020-06-03 00:00:00+05:30,710.7000122070312,711.9000244140625,696.0,701.5499877929688,611.0247192382812,11378568,0.0,0.0
2020-06-04 00:00:00+05:30,702.0,709.4500122070312,697.5,707.75,616.4246826171875,10782424,0.0,0.0
2020-06-05 00:00:00+05:30,707.0,711.7000122070312,700.5999755859375,703.5499877929688,612.7666625976562,7718679,0.0,0.0
2020-06-08 00:00:00+05:30,707.6500244140625,725.7999877929688,704.0,720.8499755859375,627.834228515625,10719105,0.0,0.0
2020-06-09 00:00:00+05:30,720.0,729.5999755859375,715.0499877929688,717.5999755859375,625.0037231445312,10078029,0.0,0.0
2020-06-10 00:00:00+05:30,715.0,719.4500122070312,709.2000122070312,715.8499755859375,623.4795532226562,7263049,0.0,0.0
2020-06-11 00:00:00+05:30,712.0,713.4000244140625,700.25,703.9500122070312,613.1150512695312,8825715,0.0,0.0
2020-06-12 00:00:00+05:30,675.7999877929688,695.1500244140625,675.5,692.0499877929688,602.75048828125,9795316,0.0,0.0
2020-06-15 00:00:00+05:30,693.0,704.4000244140625,685.25,687.5499877929688,598.8312377929688,7857344,0.0,0.0
2020-06-16 00:00:00+05:30,702.0,712.0,699.1500244140625,701.2000122070312,610.7199096679688,10131760,0.0,0.0
2020-06-17 00:00:00+05:30,699.9000244140625,710.2999877929688,698.0,703.6500244140625,612.8538208007812,7291916,0.0,0.0
2020-06-18 00:00:00+05:30,708.2000122070312,716.5999755859375,706.0,713.9000244140625,621.7811279296875,6670195,0.0,0.0
2020-06-19 00:00:00+05:30,709.0,711.9000244140625,701.0,705.5499877929688,614.508544921875,22438862,0.0,0.0
2020-06-22 00:00:00+05:30,707.0999755859375,708.7000122070312,700.0,703.7000122070312,612.8973388671875,7804096,0.0,0.0
2020-06-23 00:00:00+05:30,695.7000122070312,724.5,692.0999755859375,720.6500244140625,627.6600341796875,12157390,0.0,0.0
2020-06-24 00:00:00+05:30,716.9000244140625,726.7999877929688,709.4000244140625,714.1500244140625,621.9988403320312,10220838,0.0,0.0
2020-06-25 00:00:00+05:30,704.8499755859375,705.5999755859375,693.5,700.5,610.1102294921875,14945284,0.0,0.0
2020-06-26 00:00:00+05:30,710.2000122070312,751.5999755859375,710.0,748.2000122070312,651.6552124023438,26030458,0.0,0.0
2020-06-29 00:00:00+05:30,735.4000244140625,744.7000122070312,730.0999755859375,731.75,637.3278198242188,8954428,0.0,0.0
2020-06-30 00:00:00+05:30,732.7999877929688,738.9500122070312,724.25,735.9500122070312,640.9859008789062,10411290,0.0,0.0
2020-07-01 00:00:00+05:30,737.25,742.2999877929688,729.75,731.9000244140625,637.45849609375,5477468,0.0,0.0
2020-07-02 00:00:00+05:30,737.3499755859375,765.4500122070312,735.4000244140625,756.5999755859375,658.9712524414062,17263756,0.0,0.0
2020-07-03 00:00:00+05:30,755.0,764.0,752.5,762.7000122070312,664.2842407226562,7796572,0.0,0.0
2020-07-06 00:00:00+05:30,765.2000122070312,775.0,761.5,764.0,665.41650390625,8810958,0.0,0.0
2020-07-07 00:00:00+05:30,769.4000244140625,796.9500122070312,765.5499877929688,794.1500244140625,691.676025390625,19362533,0.0,0.0
2020-07-08 00:00:00+05:30,784.9000244140625,784.9000244140625,772.2000122070312,774.7000122070312,674.7356567382812,8476642,0.0,0.0
2020-07-09 00:00:00+05:30,780.0,790.0,775.0,781.7000122070312,680.8324584960938,6854166,0.0,0.0
2020-07-10 00:00:00+05:30,773.5,789.9000244140625,773.5,781.8499755859375,680.963134765625,5206452,0.0,0.0
2020-07-13 00:00:00+05:30,788.0,805.3499755859375,786.0499877929688,797.0499877929688,694.2017211914062,10804688,0.0,0.0
2020-07-14 00:00:00+05:30,792.9500122070312,806.4000244140625,781.3499755859375,783.25,682.1825561523438,8961822,0.0,0.0
2020-07-15 00:00:00+05:30,799.0,848.4500122070312,794.7999877929688,830.9500122070312,723.7274780273438,30060599,0.0,0.0
2020-07-16 00:00:00+05:30,900.0999755859375,955.5,894.25,911.0,793.4481201171875,90432109,0.0,0.0
2020-07-17 00:00:00+05:30,911.0,919.9000244140625,892.1500244140625,903.1500244140625,786.6109619140625,31682878,0.0,0.0
2020-07-20 00:00:00+05:30,908.5,945.0,906.75,934.2999877929688,813.7415771484375,18421053,0.0,0.0
2020-07-21 00:00:00+05:30,945.0,949.7000122070312,929.2000122070312,936.75,815.8754272460938,12877784,0.0,0.0
2020-07-22 00:00:00+05:30,938.9500122070312,939.0,910.0,917.9000244140625,799.457763671875,14354201,0.0,0.0
2020-07-23 00:00:00+05:30,915.6500244140625,915.7999877929688,900.6500244140625,907.9500122070312,790.7916870117188,13051307,0.0,0.0
2020-07-24 00:00:00+05:30,903.25,925.75,903.25,922.8499755859375,803.7691650390625,18209580,0.0,0.0
2020-07-27 00:00:00+05:30,921.5499877929688,952.7999877929688,918.6500244140625,948.4500122070312,826.0656127929688,16827870,0.0,0.0
2020-07-28 00:00:00+05:30,946.0,967.5499877929688,941.2000122070312,962.8499755859375,838.6075439453125,15818463,0.0,0.0
2020-07-29 00:00:00+05:30,953.25,960.0,943.5999755859375,954.1500244140625,831.0302734375,11152710,0.0,0.0
2020-07-30 00:00:00+05:30,962.0,972.6500244140625,958.75,961.4500122070312,837.3882446289062,12492320,0.0,0.0
2020-07-31 00:00:00+05:30,969.25,986.4500122070312,953.2999877929688,966.0,841.35107421875,12704346,0.0,0.0
2020-08-03 00:00:00+05:30,960.0,965.4000244140625,947.4500122070312,956.9000244140625,833.4253540039062,8479792,0.0,0.0
2020-08-04 00:00:00+05:30,960.4500122070312,970.7000122070312,940.5499877929688,949.8499755859375,827.2850341796875,11133170,0.0,0.0
2020-08-05 00:00:00+05:30,952.0,960.9500122070312,938.2999877929688,944.7000122070312,822.7996215820312,9614176,0.0,0.0
2020-08-06 00:00:00+05:30,953.5,974.4000244140625,942.5,970.8499755859375,845.5753173828125,10976491,0.0,0.0
2020-08-07 00:00:00+05:30,969.4500122070312,969.4500122070312,949.0,950.9000244140625,828.19970703125,8010948,0.0,0.0
2020-08-10 00:00:00+05:30,948.9000244140625,956.7999877929688,945.2999877929688,951.3499755859375,828.5914306640625,5716319,0.0,0.0
2020-08-11 00:00:00+05:30,949.9000244140625,962.0,946.0999755859375,948.4500122070312,826.0656127929688,6802442,0.0,0.0
2020-08-12 00:00:00+05:30,948.0,958.7999877929688,942.2000122070312,954.9500122070312,831.7269287109375,6908726,0.0,0.0
2020-08-13 00:00:00+05:30,954.7999877929688,968.5,948.25,951.2000122070312,828.4608154296875,5097703,0.0,0.0
2020-08-14 00:00:00+05:30,955.8499755859375,963.0,952.0499877929688,953.5999755859375,830.5511474609375,4663873,0.0,0.0
2020-08-17 00:00:00+05:30,954.0999755859375,972.4500122070312,954.0999755859375,957.5,833.9479370117188,9008210,0.0,0.0
2020-08-18 00:00:00+05:30,963.9000244140625,969.2000122070312,958.7000122070312,967.5499877929688,842.701171875,6141761,0.0,0.0
2020-08-19 00:00:00+05:30,970.9000244140625,971.5499877929688,957.4500122070312,959.2999877929688,835.5156860351562,6622744,0.0,0.0
2020-08-20 00:00:00+05:30,958.9000244140625,965.5,951.2999877929688,955.1500244140625,831.9012451171875,5656501,0.0,0.0
2020-08-21 00:00:00+05:30,963.0499877929688,963.4500122070312,946.5499877929688,948.7999877929688,826.3704833984375,6513773,0.0,0.0
2020-08-24 00:00:00+05:30,947.0,952.0,939.2000122070312,947.4000244140625,825.1511840820312,5798574,0.0,0.0
2020-08-25 00:00:00+05:30,947.5,948.6500244140625,933.5999755859375,938.0999755859375,817.0512084960938,6233918,0.0,0.0
2020-08-26 00:00:00+05:30,941.25,954.25,938.4000244140625,950.7999877929688,828.1124267578125,5153601,0.0,0.0
2020-08-27 00:00:00+05:30,960.0,960.9500122070312,945.2000122070312,947.0499877929688,824.8463745117188,6154280,0.0,0.0
2020-08-28 00:00:00+05:30,951.4500122070312,952.5,933.0499877929688,935.25,814.5689697265625,7593610,0.0,0.0
2020-08-31 00:00:00+05:30,935.25,950.5,914.5999755859375,928.5999755859375,808.777099609375,12808355,0.0,0.0
2020-09-01 00:00:00+05:30,926.25,935.0,912.0999755859375,914.1500244140625,796.1917114257812,6907773,0.0,0.0
2020-09-02 00:00:00+05:30,915.0,926.4000244140625,913.5,924.0,804.7706298828125,5678118,0.0,0.0
2020-09-03 00:00:00+05:30,926.5,949.4000244140625,924.0,935.5499877929688,814.8302612304688,8827948,0.0,0.0
2020-09-04 00:00:00+05:30,915.0,929.5,914.4500122070312,919.1500244140625,800.5465087890625,8650342,0.0,0.0
2020-09-07 00:00:00+05:30,918.9000244140625,927.5499877929688,913.0499877929688,925.0499877929688,805.6852416992188,6700385,0.0,0.0
2020-09-08 00:00:00+05:30,929.9500122070312,952.0,925.5499877929688,939.2999877929688,818.0963745117188,12891964,0.0,0.0
2020-09-09 00:00:00+05:30,935.0,946.0,926.0,927.75,808.0367431640625,5528947,0.0,0.0
2020-09-10 00:00:00+05:30,935.2999877929688,942.0,924.7999877929688,940.0499877929688,818.74951171875,5171884,0.0,0.0
2020-09-11 00:00:00+05:30,934.9000244140625,954.1500244140625,931.0,945.7000122070312,823.6705932617188,6671903,0.0,0.0
2020-09-14 00:00:00+05:30,957.0,991.0499877929688,948.2999877929688,978.4000244140625,852.151123046875,21871587,0.0,0.0
2020-09-15 00:00:00+05:30,979.5,994.0,971.6500244140625,982.4500122070312,855.6784057617188,11608203,0.0,0.0
2020-09-16 00:00:00+05:30,986.0,1005.6500244140625,982.0,1001.75,872.4880981445312,10059251,0.0,0.0
2020-09-17 00:00:00+05:30,995.0,1021.0,995.0,1011.0,880.54443359375,15628241,0.0,0.0
2020-09-18 00:00:00+05:30,1011.0,1018.7999877929688,999.0999755859375,1002.1500244140625,872.8365478515625,12897633,0.0,0.0
2020-09-21 00:00:00+05:30,1001.0,1031.0,1000.5,1009.9000244140625,879.5864868164062,14140637,0.0,0.0
2020-09-22 00:00:00+05:30,1009.0,1022.5,991.2000122070312,1007.5,877.4961547851562,12625762,0.0,0.0
2020-09-23 00:00:00+05:30,1020.1500244140625,1037.0,1008.0999755859375,1019.75,888.1654663085938,13486204,0.0,0.0
2020-09-24 00:00:00+05:30,1003.0,1009.0,970.0,975.4000244140625,849.5382690429688,14427432,0.0,0.0
2020-09-25 00:00:00+05:30,975.7999877929688,1014.9000244140625,975.0,1011.4500122070312,880.9365234375,13311078,0.0,0.0
2020-09-28 00:00:00+05:30,1014.7999877929688,1016.1500244140625,998.5,1010.4000244140625,880.0219116210938,8554526,0.0,0.0
2020-09-29 00:00:00+05:30,1018.0,1028.0,1004.0999755859375,1009.0,878.8026123046875,8708463,0.0,0.0
2020-09-30 00:00:00+05:30,1009.0,1023.9500122070312,1005.0,1008.25,878.1494140625,8048817,0.0,0.0
2020-10-01 00:00:00+05:30,1020.5999755859375,1026.5,1011.75,1017.6500244140625,886.3364868164062,5563358,0.0,0.0
2020-10-05 00:00:00+05:30,1018.0499877929688,1054.9000244140625,1018.0499877929688,1048.699951171875,913.3798217773438,14212509,0.0,0.0
2020-10-06 00:00:00+05:30,1055.0,1060.0,1031.3499755859375,1055.75,919.5200805664062,9090819,0.0,0.0
2020-10-07 00:00:00+05:30,1044.9000244140625,1072.0,1035.5,1066.550048828125,928.9265747070312,9284008,0.0,0.0
2020-10-08 00:00:00+05:30,1090.0,1124.0,1088.4000244140625,1093.699951171875,952.5732421875,21482613,0.0,0.0
2020-10-09 00:00:00+05:30,1095.0999755859375,1113.300048828125,1088.449951171875,1106.800048828125,963.9828491210938,10567867,0.0,0.0
2020-10-12 00:00:00+05:30,1123.0,1140.0,1112.0999755859375,1132.0999755859375,986.0181884765625,14633537,0.0,0.0
2020-10-13 00:00:00+05:30,1135.550048828125,1166.050048828125,1135.550048828125,1157.800048828125,1008.4020385742188,17523825,0.0,0.0
2020-10-14 00:00:00+05:30,1162.0,1164.9000244140625,1131.0999755859375,1137.0,990.2859497070312,16649573,0.0,0.0
2020-10-15 00:00:00+05:30,1180.0,1186.0,1092.5,1108.25,965.2457885742188,44288251,0.0,0.0
2020-10-16 00:00:00+05:30,1113.8499755859375,1135.949951171875,1096.9000244140625,1127.5,982.0119018554688,18365685,0.0,0.0
2020-10-19 00:00:00+05:30,1135.0,1139.0,1115.300048828125,1125.9000244140625,980.6182861328125,12902123,0.0,0.0
2020-10-20 00:00:00+05:30,1118.9000244140625,1144.699951171875,1110.0,1137.5,990.721435546875,10448776,0.0,0.0
2020-10-21 00:00:00+05:30,1141.1500244140625,1154.3499755859375,1135.0,1148.3499755859375,1000.1713256835938,19811433,0.0,0.0
2020-10-22 00:00:00+05:30,1142.0,1158.0,1123.800048828125,1129.050048828125,983.3617553710938,11271335,0.0,0.0
2020-10-23 00:00:00+05:30,1133.0,1135.0,1120.1500244140625,1122.5,988.15966796875,9069862,12.0,0.0
2020-10-26 00:00:00+05:30,1122.25,1129.5999755859375,1103.1500244140625,1112.449951171875,979.3123779296875,6309368,0.0,0.0
2020-10-27 00:00:00+05:30,1105.699951171875,1109.699951171875,1077.1500244140625,1090.8499755859375,960.2973022460938,10172479,0.0,0.0
2020-10-28 00:00:00+05:30,1095.5,1104.75,1070.050048828125,1076.550048828125,947.7089233398438,7608392,0.0,0.0
2020-10-29 00:00:00+05:30,1070.0,1082.0,1060.0999755859375,1074.8499755859375,946.2122192382812,6935616,0.0,0.0
2020-10-30 00:00:00+05:30,1072.0,1083.5999755859375,1052.3499755859375,1060.5999755859375,933.667724609375,8800386,0.0,0.0
2020-11-02 00:00:00+05:30,1065.0,1079.949951171875,1051.0999755859375,1072.300048828125,943.9674682617188,7183119,0.0,0.0
2020-11-03 00:00:00+05:30,1072.0,1079.4000244140625,1057.5,1062.550048828125,935.3843994140625,7204782,0.0,0.0
2020-11-04 00:00:00+05:30,1068.0,1116.0,1066.800048828125,1093.949951171875,963.0263061523438,15702690,0.0,0.0
2020-11-05 00:00:00+05:30,1109.9000244140625,1123.0,1099.0,1104.0,971.87353515625,9568890,0.0,0.0
2020-11-06 00:00:00+05:30,1108.0,1121.0999755859375,1091.699951171875,1112.75,979.576416015625,8807127,0.0,0.0
2020-11-09 00:00:00+05:30,1129.300048828125,1146.0,1121.1500244140625,1136.550048828125,1000.5280151367188,10160320,0.0,0.0
2020-11-10 00:00:00+05:30,1113.8499755859375,1113.8499755859375,1078.0,1091.050048828125,960.473388671875,15622869,0.0,0.0
2020-11-11 00:00:00+05:30,1096.0,1126.3499755859375,1087.0,1122.5,988.15966796875,12514800,0.0,0.0
2020-11-12 00:00:00+05:30,1128.0999755859375,1142.0,1113.75,1117.75,983.9780883789062,9180976,0.0,0.0
2020-11-13 00:00:00+05:30,1120.0,1133.0,1117.0,1124.199951171875,989.6561279296875,6363212,0.0,0.0
2020-11-14 00:00:00+05:30,1137.0,1139.6500244140625,1131.0999755859375,1133.449951171875,997.7991333007812,1136144,0.0,0.0
2020-11-17 00:00:00+05:30,1144.75,1145.0,1112.6500244140625,1123.699951171875,989.216064453125,12813968,0.0,0.0
2020-11-18 00:00:00+05:30,1128.5,1132.699951171875,1101.449951171875,1110.550048828125,977.6397094726562,9839468,0.0,0.0
2020-11-19 00:00:00+05:30,1100.0,1114.699951171875,1093.800048828125,1096.75,965.4913940429688,10092343,0.0,0.0
2020-11-20 00:00:00+05:30,1106.0,1109.0,1091.0999755859375,1103.3499755859375,971.3012084960938,8063554,0.0,0.0
2020-11-23 00:00:00+05:30,1105.0,1144.800048828125,1101.949951171875,1139.8499755859375,1003.43310546875,10546363,0.0,0.0
2020-11-24 00:00:00+05:30,1145.0,1154.9000244140625,1133.3499755859375,1140.050048828125,1003.6092529296875,8515426,0.0,0.0
2020-11-25 00:00:00+05:30,1137.0,1143.5,1111.25,1115.6500244140625,982.1294555664062,8958701,0.0,0.0
2020-11-26 00:00:00+05:30,1119.949951171875,1119.949951171875,1098.300048828125,1113.199951171875,979.97265625,10962256,0.0,0.0
2020-11-27 00:00:00+05:30,1118.0,1121.0,1091.0,1100.0,968.3523559570312,25306145,0.0,0.0
2020-12-01 00:00:00+05:30,1105.050048828125,1140.25,1105.050048828125,1137.8499755859375,1001.672607421875,8933802,0.0,0.0
2020-12-02 00:00:00+05:30,1134.0,1147.449951171875,1121.0,1140.9000244140625,1004.357421875,6741637,0.0,0.0
2020-12-03 00:00:00+05:30,1147.0,1147.0,1122.699951171875,1126.449951171875,991.6366577148438,16212632,0.0,0.0
2020-12-04 00:00:00+05:30,1125.0,1137.0,1115.0,1134.6500244140625,998.85546875,10564055,0.0,0.0
2020-12-07 00:00:00+05:30,1147.300048828125,1153.0,1136.0,1143.5,1006.6463623046875,7792141,0.0,0.0
2020-12-08 00:00:00+05:30,1145.0,1167.0,1145.0,1153.3499755859375,1015.3175048828125,12308330,0.0,0.0
2020-12-09 00:00:00+05:30,1168.050048828125,1179.5,1157.0,1175.199951171875,1034.5523681640625,10039346,0.0,0.0
2020-12-10 00:00:00+05:30,1157.4000244140625,1171.6500244140625,1150.0,1167.75,1027.9940185546875,9488782,0.0,0.0
2020-12-11 00:00:00+05:30,1159.699951171875,1171.949951171875,1155.25,1163.199951171875,1023.9885864257812,10574009,0.0,0.0
2020-12-14 00:00:00+05:30,1169.4000244140625,1172.5999755859375,1148.199951171875,1164.550048828125,1025.177001953125,6728187,0.0,0.0
2020-12-15 00:00:00+05:30,1156.0,1163.699951171875,1152.0,1154.5999755859375,1016.417724609375,6905926,0.0,0.0
2020-12-16 00:00:00+05:30,1160.0,1168.9000244140625,1153.5999755859375,1165.699951171875,1026.1893310546875,7788404,0.0,0.0
2020-12-17 00:00:00+05:30,1165.9000244140625,1168.9000244140625,1156.199951171875,1159.199951171875,1020.4671630859375,6658153,0.0,0.0
2020-12-18 00:00:00+05:30,1182.8499755859375,1195.0,1175.5999755859375,1189.800048828125,1047.4051513671875,15995676,0.0,0.0
2020-12-21 00:00:00+05:30,1188.0,1209.75,1152.050048828125,1177.300048828125,1036.4012451171875,10858352,0.0,0.0
2020-12-22 00:00:00+05:30,1182.0,1223.8499755859375,1176.0999755859375,1220.5,1074.430908203125,10901851,0.0,0.0
2020-12-23 00:00:00+05:30,1238.0,1258.8499755859375,1230.550048828125,1253.050048828125,1103.0853271484375,15878346,0.0,0.0
2020-12-24 00:00:00+05:30,1249.9000244140625,1249.9000244140625,1226.0,1236.050048828125,1088.1201171875,7313885,0.0,0.0
2020-12-28 00:00:00+05:30,1238.449951171875,1248.0,1236.0,1240.300048828125,1091.8614501953125,4607051,0.0,0.0
2020-12-29 00:00:00+05:30,1235.0,1254.449951171875,1235.0,1250.300048828125,1100.66455078125,6878105,0.0,0.0
2020-12-30 00:00:00+05:30,1253.0,1253.300048828125,1238.1500244140625,1246.800048828125,1097.583251953125,5194690,0.0,0.0
2020-12-31 00:00:00+05:30,1243.0,1258.4000244140625,1239.0,1255.800048828125,1105.5062255859375,7430470,0.0,0.0
2021-01-01 00:00:00+05:30,1257.9000244140625,1265.5,1255.800048828125,1260.449951171875,1109.599609375,4253550,0.0,0.0
2021-01-04 00:00:00+05:30,1269.0,1290.0,1261.1500244140625,1288.25,1134.0726318359375,7208454,0.0,0.0
2021-01-05 00:00:00+05:30,1282.0,1299.0,1275.050048828125,1293.800048828125,1138.9583740234375,8145280,0.0,0.0
2021-01-06 00:00:00+05:30,1300.0,1302.0,1268.050048828125,1282.0999755859375,1128.65869140625,7161715,0.0,0.0
2021-01-07 00:00:00+05:30,1296.0,1297.6500244140625,1255.5,1262.1500244140625,1111.0960693359375,10954918,0.0,0.0
2021-01-08 00:00:00+05:30,1278.25,1316.800048828125,1278.25,1312.0999755859375,1155.0682373046875,13186251,0.0,0.0
2021-01-11 00:00:00+05:30,1342.0999755859375,1383.3499755859375,1340.0,1376.199951171875,1211.496826171875,20528626,0.0,0.0
2021-01-12 00:00:00+05:30,1378.0,1378.0,1360.0,1371.75,1207.5794677734375,8309868,0.0,0.0
2021-01-13 00:00:00+05:30,1373.8499755859375,1392.800048828125,1360.0,1387.1500244140625,1221.13623046875,14442997,0.0,0.0
2021-01-14 00:00:00+05:30,1360.0,1384.0,1318.449951171875,1370.5,1206.47900390625,27521697,0.0,0.0
2021-01-15 00:00:00+05:30,1360.0,1364.449951171875,1340.0,1344.949951171875,1183.98681640625,15018441,0.0,0.0
2021-01-18 00:00:00+05:30,1338.0,1340.0,1306.0,1312.050048828125,1155.0240478515625,8861765,0.0,0.0
2021-01-19 00:00:00+05:30,1320.0,1331.0,1312.0,1316.6500244140625,1159.0738525390625,5585744,0.0,0.0
2021-01-20 00:00:00+05:30,1320.550048828125,1348.4000244140625,1320.550048828125,1339.449951171875,1179.14501953125,8225838,0.0,0.0
2021-01-21 00:00:00+05:30,1350.0,1361.050048828125,1335.0,1339.699951171875,1179.365234375,6142421,0.0,0.0
2021-01-22 00:00:00+05:30,1327.0,1356.0,1326.550048828125,1340.8499755859375,1180.37744140625,9646591,0.0,0.0
2021-01-25 00:00:00+05:30,1345.0,1347.9000244140625,1313.0,1325.0999755859375,1166.5123291015625,6542611,0.0,0.0
2021-01-27 00:00:00+05:30,1319.5999755859375,1327.550048828125,1285.0999755859375,1301.0,1145.2965087890625,8133665,0.0,0.0
2021-01-28 00:00:00+05:30,1291.800048828125,1296.449951171875,1272.550048828125,1276.199951171875,1123.464599609375,4660690,0.0,0.0
2021-01-29 00:00:00+05:30,1286.25,1291.1500244140625,1231.0,1239.050048828125,1090.760986328125,12183519,0.0,0.0
2021-02-01 00:00:00+05:30,1250.550048828125,1277.949951171875,1241.0,1260.9000244140625,1109.9959716796875,8880279,0.0,0.0
2021-02-02 00:00:00+05:30,1280.0,1294.4000244140625,1263.5999755859375,1271.25,1119.1072998046875,6892490,0.0,0.0
2021-02-03 00:00:00+05:30,1277.6500244140625,1304.0,1273.0,1284.6500244140625,1130.903564453125,8182968,0.0,0.0
2021-02-04 00:00:00+05:30,1285.0,1293.4000244140625,1272.050048828125,1279.3499755859375,1126.23779296875,5032240,0.0,0.0
2021-02-05 00:00:00+05:30,1286.4000244140625,1288.75,1262.0,1272.0999755859375,1119.8553466796875,5477481,0.0,0.0
2021-02-08 00:00:00+05:30,1285.5,1310.0,1275.5,1303.550048828125,1147.54150390625,6921922,0.0,0.0
2021-02-09 00:00:00+05:30,1306.9000244140625,1332.0,1297.8499755859375,1305.550048828125,1149.3021240234375,7965949,0.0,0.0
2021-02-10 00:00:00+05:30,1295.800048828125,1304.3499755859375,1283.5999755859375,1296.5,1141.3353271484375,5951207,0.0,0.0
2021-02-11 00:00:00+05:30,1289.0,1296.0,1283.050048828125,1292.6500244140625,1137.9461669921875,4673317,0.0,0.0
2021-02-12 00:00:00+05:30,1305.0,1323.75,1301.550048828125,1309.800048828125,1153.0435791015625,5797875,0.0,0.0
2021-02-15 00:00:00+05:30,1320.0,1328.4000244140625,1307.0999755859375,1309.6500244140625,1152.911376953125,4363513,0.0,0.0
2021-02-16 00:00:00+05:30,1314.0,1319.75,1286.0,1290.4000244140625,1135.96533203125,6896421,0.0,0.0
2021-02-17 00:00:00+05:30,1290.4000244140625,1294.5,1275.0,1281.300048828125,1127.954345703125,4575741,0.0,0.0
2021-02-18 00:00:00+05:30,1276.0,1306.0,1275.0,1292.449951171875,1137.7701416015625,6437551,0.0,0.0
2021-02-19 00:00:00+05:30,1296.0999755859375,1299.5,1276.800048828125,1291.300048828125,1136.7578125,5389696,0.0,0.0
2021-02-22 00:00:00+05:30,1295.0,1308.550048828125,1260.0,1265.199951171875,1113.781005859375,7371303,0.0,0.0
2021-02-23 00:00:00+05:30,1271.1500244140625,1291.0,1257.550048828125,1266.3499755859375,1114.7935791015625,6612942,0.0,0.0
2021-02-24 00:00:00+05:30,1260.050048828125,1276.5999755859375,1252.0,1274.300048828125,1121.7921142578125,4537258,0.0,0.0
2021-02-25 00:00:00+05:30,1288.449951171875,1299.75,1272.0,1274.550048828125,1122.01220703125,8788221,0.0,0.0
2021-02-26 00:00:00+05:30,1269.0,1274.300048828125,1244.75,1253.300048828125,1103.305419921875,15132388,0.0,0.0
2021-03-01 00:00:00+05:30,1263.300048828125,1284.5,1259.0,1267.0,1115.36572265625,5756286,0.0,0.0
2021-03-02 00:00:00+05:30,1282.25,1310.0,1279.199951171875,1304.5,1148.3778076171875,10461434,0.0,0.0
2021-03-03 00:00:00+05:30,1319.199951171875,1347.0,1308.0,1343.550048828125,1182.75439453125,9056399,0.0,0.0
2021-03-04 00:00:00+05:30,1335.0,1363.8499755859375,1325.9000244140625,1330.3499755859375,1171.13427734375,12041941,0.0,0.0
2021-03-05 00:00:00+05:30,1328.5,1340.0,1305.050048828125,1316.699951171875,1159.11767578125,6486176,0.0,0.0
2021-03-08 00:00:00+05:30,1324.800048828125,1346.0999755859375,1317.199951171875,1335.75,1175.8880615234375,5119392,0.0,0.0
2021-03-09 00:00:00+05:30,1329.5,1350.449951171875,1318.75,1345.550048828125,1184.51513671875,6518173,0.0,0.0
2021-03-10 00:00:00+05:30,1356.9000244140625,1374.0,1355.0,1368.1500244140625,1204.4102783203125,7925984,0.0,0.0
2021-03-12 00:00:00+05:30,1373.0,1391.699951171875,1370.050048828125,1374.8499755859375,1210.308349609375,9462061,0.0,0.0
2021-03-15 00:00:00+05:30,1370.0,1379.9000244140625,1358.5,1373.5999755859375,1209.2078857421875,6658635,0.0,0.0
2021-03-16 00:00:00+05:30,1386.050048828125,1406.0,1380.5,1384.0,1218.36328125,9352771,0.0,0.0
2021-03-17 00:00:00+05:30,1392.25,1400.0,1382.0,1387.0,1221.0042724609375,7626744,0.0,0.0
2021-03-18 00:00:00+05:30,1393.75,1393.75,1313.5,1337.0999755859375,1177.0762939453125,10961755,0.0,0.0
2021-03-19 00:00:00+05:30,1330.0,1355.199951171875,1318.0,1344.449951171875,1183.54638671875,12767112,0.0,0.0
2021-03-22 00:00:00+05:30,1350.0999755859375,1376.0,1336.0999755859375,1370.800048828125,1206.7431640625,4862758,0.0,0.0
2021-03-23 00:00:00+05:30,1372.449951171875,1383.25,1359.5999755859375,1371.550048828125,1207.4034423828125,7165335,0.0,0.0
2021-03-24 00:00:00+05:30,1357.8499755859375,1370.449951171875,1346.25,1353.75,1191.733642578125,6134303,0.0,0.0
2021-03-25 00:00:00+05:30,1346.75,1352.5,1327.5999755859375,1333.800048828125,1174.1712646484375,8749994,0.0,0.0
2021-03-26 00:00:00+05:30,1344.699951171875,1356.699951171875,1332.0,1336.199951171875,1176.283935546875,4922071,0.0,0.0
2021-03-30 00:00:00+05:30,1346.9000244140625,1400.0,1336.1500244140625,1385.300048828125,1219.5078125,10546381,0.0,0.0
2021-03-31 00:00:00+05:30,1382.0,1388.0,1363.300048828125,1368.050048828125,1204.3221435546875,8220987,0.0,0.0
2021-04-01 00:00:00+05:30,1380.0,1391.5999755859375,1371.0,1385.199951171875,1219.419677734375,5675155,0.0,0.0
2021-04-05 00:00:00+05:30,1391.0,1425.0,1387.0,1409.9000244140625,1241.1636962890625,9479572,0.0,0.0
2021-04-06 00:00:00+05:30,1423.0,1426.0,1406.449951171875,1411.050048828125,1242.17578125,5793571,0.0,0.0
2021-04-07 00:00:00+05:30,1410.25,1434.949951171875,1406.5999755859375,1430.199951171875,1259.0340576171875,5879234,0.0,0.0
2021-04-08 00:00:00+05:30,1430.0,1451.699951171875,1421.0,1439.8499755859375,1267.5291748046875,5654434,0.0,0.0
2021-04-09 00:00:00+05:30,1455.0,1455.0,1430.050048828125,1441.050048828125,1268.585693359375,6052712,0.0,0.0
2021-04-12 00:00:00+05:30,1474.0,1477.550048828125,1415.0,1425.75,1255.11669921875,20384532,0.0,0.0
2021-04-13 00:00:00+05:30,1433.0,1435.25,1375.0,1397.1500244140625,1229.939697265625,14855206,0.0,0.0
2021-04-15 00:00:00+05:30,1332.300048828125,1366.4000244140625,1320.0,1360.75,1197.89599609375,25342491,0.0,0.0
2021-04-16 00:00:00+05:30,1365.0,1370.8499755859375,1346.5999755859375,1353.75,1191.733642578125,10879878,0.0,0.0
2021-04-19 00:00:00+05:30,1340.0,1379.699951171875,1332.3499755859375,1362.550048828125,1199.48046875,12508028,0.0,0.0
2021-04-20 00:00:00+05:30,1379.0,1379.0,1342.4000244140625,1351.3499755859375,1189.6207275390625,8560766,0.0,0.0
2021-04-22 00:00:00+05:30,1355.550048828125,1364.800048828125,1345.1500244140625,1351.0999755859375,1189.400634765625,6622446,0.0,0.0
2021-04-23 00:00:00+05:30,1343.0,1348.4000244140625,1331.0,1333.800048828125,1174.1712646484375,7316262,0.0,0.0
2021-04-26 00:00:00+05:30,1332.25,1351.300048828125,1321.0,1343.550048828125,1182.75439453125,7088606,0.0,0.0
2021-04-27 00:00:00+05:30,1346.0,1353.0,1340.1500244140625,1348.5,1187.1119384765625,3636115,0.0,0.0
2021-04-28 00:00:00+05:30,1358.0,1359.5,1344.5999755859375,1356.0,1193.7142333984375,4879234,0.0,0.0
2021-04-29 00:00:00+05:30,1368.0,1369.0,1351.4000244140625,1356.3499755859375,1194.0223388671875,5412357,0.0,0.0
2021-04-30 00:00:00+05:30,1346.300048828125,1373.9000244140625,1345.9000244140625,1354.3499755859375,1192.2615966796875,8354677,0.0,0.0
2021-05-03 00:00:00+05:30,1340.800048828125,1361.0,1338.0,1352.050048828125,1190.237060546875,4560337,0.0,0.0
2021-05-04 00:00:00+05:30,1354.0,1354.949951171875,1324.0999755859375,1329.4000244140625,1170.2979736328125,4887060,0.0,0.0
2021-05-05 00:00:00+05:30,1341.0999755859375,1343.9000244140625,1327.800048828125,1341.5,1180.9498291015625,3939788,0.0,0.0
2021-05-06 00:00:00+05:30,1345.0,1364.699951171875,1337.4000244140625,1361.5999755859375,1198.6441650390625,4810090,0.0,0.0
2021-05-07 00:00:00+05:30,1365.300048828125,1373.050048828125,1348.5,1352.550048828125,1190.67724609375,4991435,0.0,0.0
2021-05-10 00:00:00+05:30,1349.8499755859375,1352.9000244140625,1335.050048828125,1339.550048828125,1179.233154296875,7195348,0.0,0.0
2021-05-11 00:00:00+05:30,1336.9000244140625,1341.0,1325.0999755859375,1330.6500244140625,1171.3980712890625,6420988,0.0,0.0
2021-05-12 00:00:00+05:30,1330.0,1330.0,1314.5,1327.0,1168.1849365234375,5241898,0.0,0.0
2021-05-14 00:00:00+05:30,1326.8499755859375,1326.8499755859375,1311.300048828125,1316.4000244140625,1158.8536376953125,4824609,0.0,0.0
2021-05-17 00:00:00+05:30,1320.300048828125,1334.949951171875,1320.300048828125,1329.4000244140625,1170.2979736328125,5017129,0.0,0.0
2021-05-18 00:00:00+05:30,1338.0,1344.5999755859375,1329.5,1340.0,1179.6292724609375,5620150,0.0,0.0
2021-05-19 00:00:00+05:30,1342.0,1357.449951171875,1333.25,1337.0,1176.98828125,4435878,0.0,0.0
2021-05-20 00:00:00+05:30,1348.4000244140625,1349.0999755859375,1335.0,1339.300048828125,1179.0133056640625,4490092,0.0,0.0
2021-05-21 00:00:00+05:30,1347.5,1357.5,1346.3499755859375,1354.5,1192.3935546875,4969733,0.0,0.0
2021-05-24 00:00:00+05:30,1356.6500244140625,1363.0,1345.0999755859375,1348.050048828125,1186.7156982421875,4225371,0.0,0.0
2021-05-25 00:00:00+05:30,1358.0,1368.0,1354.449951171875,1361.5999755859375,1198.6441650390625,4099340,0.0,0.0
2021-05-26 00:00:00+05:30,1367.9000244140625,1400.0,1362.050048828125,1397.25,1230.0274658203125,6850024,0.0,0.0
2021-05-27 00:00:00+05:30,1404.199951171875,1416.25,1391.699951171875,1402.25,1234.4293212890625,15365391,0.0,0.0
2021-05-28 00:00:00+05:30,1409.75,1414.0,1396.0999755859375,1405.050048828125,1236.8939208984375,4261312,0.0,0.0
2021-05-31 00:00:00+05:30,1401.5,1401.5,1383.0,1393.75,1240.1864013671875,4429904,15.0,0.0
2021-06-01 00:00:00+05:30,1400.0,1401.0,1378.6500244140625,1387.199951171875,1234.35791015625,4791325,0.0,0.0
2021-06-02 00:00:00+05:30,1380.75,1391.949951171875,1365.0,1378.6500244140625,1226.7501220703125,9272276,0.0,0.0
2021-06-03 00:00:00+05:30,1388.0999755859375,1399.0,1377.050048828125,1389.6500244140625,1236.5382080078125,5115645,0.0,0.0
2021-06-04 00:00:00+05:30,1393.949951171875,1396.9000244140625,1377.6500244140625,1385.6500244140625,1232.978759765625,4194328,0.0,0.0
2021-06-07 00:00:00+05:30,1391.0,1392.0,1377.300048828125,1389.6500244140625,1236.5382080078125,5154576,0.0,0.0
2021-06-08 00:00:00+05:30,1396.0,1421.75,1395.550048828125,1412.949951171875,1257.2708740234375,7360630,0.0,0.0
2021-06-09 00:00:00+05:30,1413.4000244140625,1425.0,1404.5999755859375,1415.300048828125,1259.362060546875,5394317,0.0,0.0
2021-06-10 00:00:00+05:30,1424.0,1429.0,1419.0,1424.300048828125,1267.370361328125,3496575,0.0,0.0
2021-06-11 00:00:00+05:30,1430.0999755859375,1451.5999755859375,1429.449951171875,1446.9000244140625,1287.4803466796875,6140828,0.0,0.0
2021-06-14 00:00:00+05:30,1471.0,1477.0,1453.449951171875,1461.800048828125,1300.7386474609375,7132294,0.0,0.0
2021-06-15 00:00:00+05:30,1464.0,1476.0,1463.0,1473.9000244140625,1311.50537109375,5403104,0.0,0.0
2021-06-16 00:00:00+05:30,1472.699951171875,1489.449951171875,1467.5,1480.5999755859375,1317.4671630859375,7661710,0.0,0.0
2021-06-17 00:00:00+05:30,1475.0999755859375,1502.6500244140625,1475.0999755859375,1495.300048828125,1330.5477294921875,7677951,0.0,0.0
2021-06-18 00:00:00+05:30,1509.0,1515.800048828125,1487.4000244140625,1503.300048828125,1337.6661376953125,13533974,0.0,0.0
2021-06-21 00:00:00+05:30,1493.0,1505.800048828125,1484.199951171875,1500.300048828125,1334.99658203125,5454052,0.0,0.0
2021-06-22 00:00:00+05:30,1509.699951171875,1521.449951171875,1502.0999755859375,1511.8499755859375,1345.27392578125,6427862,0.0,0.0
2021-06-23 00:00:00+05:30,1525.0,1525.0,1498.6500244140625,1503.1500244140625,1337.53271484375,5529809,0.0,0.0
2021-06-24 00:00:00+05:30,1517.0,1568.75,1511.199951171875,1559.199951171875,1387.406982421875,10785137,0.0,0.0
2021-06-25 00:00:00+05:30,1572.0,1578.0,1543.0,1574.199951171875,1400.75439453125,9780240,0.0,0.0
2021-06-28 00:00:00+05:30,1572.9000244140625,1580.1500244140625,1560.5999755859375,1571.800048828125,1398.6187744140625,5019178,0.0,0.0
2021-06-29 00:00:00+05:30,1561.0,1573.6500244140625,1559.199951171875,1563.050048828125,1390.8331298828125,5913567,0.0,0.0
2021-06-30 00:00:00+05:30,1572.050048828125,1591.0,1572.050048828125,1580.800048828125,1406.6270751953125,6058722,0.0,0.0
2021-07-01 00:00:00+05:30,1576.8499755859375,1576.8499755859375,1559.050048828125,1560.4000244140625,1388.474853515625,4814317,0.0,0.0
2021-07-02 00:00:00+05:30,1558.949951171875,1569.449951171875,1542.5999755859375,1567.800048828125,1395.0596923828125,5166064,0.0,0.0
2021-07-05 00:00:00+05:30,1569.1500244140625,1585.0,1561.050048828125,1578.949951171875,1404.98095703125,4058338,0.0,0.0
2021-07-06 00:00:00+05:30,1573.699951171875,1586.75,1557.0999755859375,1562.199951171875,1390.0765380859375,4089574,0.0,0.0
2021-07-07 00:00:00+05:30,1566.050048828125,1570.550048828125,1544.6500244140625,1564.5999755859375,1392.212158203125,4797120,0.0,0.0
2021-07-08 00:00:00+05:30,1568.0,1576.0,1549.0,1560.75,1388.7862548828125,3326813,0.0,0.0
2021-07-09 00:00:00+05:30,1556.0,1569.9000244140625,1551.0,1562.9000244140625,1390.6993408203125,3436594,0.0,0.0
2021-07-12 00:00:00+05:30,1570.550048828125,1578.0,1533.75,1547.8499755859375,1377.3076171875,4588982,0.0,0.0
2021-07-13 00:00:00+05:30,1556.4000244140625,1556.4000244140625,1536.300048828125,1544.949951171875,1374.7271728515625,4456160,0.0,0.0
2021-07-14 00:00:00+05:30,1554.0,1582.800048828125,1538.0999755859375,1576.9000244140625,1403.156982421875,5657716,0.0,0.0
2021-07-15 00:00:00+05:30,1557.9000244140625,1596.8499755859375,1556.0,1580.800048828125,1406.6270751953125,10021355,0.0,0.0
2021-07-16 00:00:00+05:30,1573.75,1574.6500244140625,1549.5999755859375,1555.449951171875,1384.0703125,6265593,0.0,0.0
2021-07-19 00:00:00+05:30,1544.699951171875,1552.9000244140625,1537.550048828125,1541.699951171875,1371.835205078125,5669162,0.0,0.0
2021-07-20 00:00:00+05:30,1538.300048828125,1557.699951171875,1538.0,1550.050048828125,1379.2652587890625,5069939,0.0,0.0
2021-07-22 00:00:00+05:30,1561.4000244140625,1592.8499755859375,1561.4000244140625,1590.199951171875,1414.991455078125,7854575,0.0,0.0
2021-07-23 00:00:00+05:30,1588.550048828125,1598.5,1585.050048828125,1590.449951171875,1415.2139892578125,4179719,0.0,0.0
2021-07-26 00:00:00+05:30,1594.0999755859375,1611.6500244140625,1594.0999755859375,1603.9000244140625,1427.1822509765625,4586710,0.0,0.0
2021-07-27 00:00:00+05:30,1605.0,1609.300048828125,1597.9000244140625,1602.550048828125,1425.9808349609375,5892859,0.0,0.0
2021-07-28 00:00:00+05:30,1605.0999755859375,1607.5999755859375,1585.5,1605.5999755859375,1428.694580078125,4686788,0.0,0.0
2021-07-29 00:00:00+05:30,1600.0999755859375,1620.0,1600.0999755859375,1617.0,1438.8385009765625,4660873,0.0,0.0
2021-07-30 00:00:00+05:30,1610.0,1623.4000244140625,1606.1500244140625,1610.5,1433.054931640625,6234257,0.0,0.0
2021-08-02 00:00:00+05:30,1627.449951171875,1634.75,1619.199951171875,1631.550048828125,1451.7855224609375,5553389,0.0,0.0
2021-08-03 00:00:00+05:30,1647.0,1658.6500244140625,1635.5999755859375,1655.199951171875,1472.8297119140625,5513668,0.0,0.0
2021-08-04 00:00:00+05:30,1669.0999755859375,1679.9000244140625,1639.050048828125,1649.25,1467.5352783203125,6740391,0.0,0.0
2021-08-05 00:00:00+05:30,1649.5,1666.0,1647.050048828125,1653.550048828125,1471.3616943359375,5420536,0.0,0.0
2021-08-06 00:00:00+05:30,1657.0,1660.6500244140625,1644.0,1650.199951171875,1468.380615234375,3754855,0.0,0.0
2021-08-09 00:00:00+05:30,1661.0,1667.449951171875,1646.4000244140625,1663.300048828125,1480.037353515625,5018477,0.0,0.0
2021-08-10 00:00:00+05:30,1668.0,1680.0,1661.050048828125,1677.25,1492.450439453125,6846517,0.0,0.0
2021-08-11 00:00:00+05:30,1674.800048828125,1684.0,1668.0,1677.550048828125,1492.7171630859375,4899639,0.0,0.0
2021-08-12 00:00:00+05:30,1679.1500244140625,1696.5,1674.0,1689.5999755859375,1503.439697265625,5659579,0.0,0.0
2021-08-13 00:00:00+05:30,1697.0,1722.5,1691.300048828125,1712.199951171875,1523.549560546875,5612790,0.0,0.0
2021-08-16 00:00:00+05:30,1707.699951171875,1719.949951171875,1690.0999755859375,1704.4000244140625,1516.6090087890625,4564109,0.0,0.0
2021-08-17 00:00:00+05:30,1703.9000244140625,1748.9000244140625,1686.550048828125,1741.6500244140625,1549.754638671875,9510390,0.0,0.0
2021-08-18 00:00:00+05:30,1729.0,1755.5,1727.0,1733.449951171875,1542.458251953125,6686090,0.0,0.0
2021-08-20 00:00:00+05:30,1716.0999755859375,1745.0,1716.0999755859375,1732.949951171875,1542.0133056640625,6206972,0.0,0.0
2021-08-23 00:00:00+05:30,1735.75,1753.1500244140625,1732.0,1738.75,1547.17431640625,6189051,0.0,0.0
2021-08-24 00:00:00+05:30,1750.0,1757.0,1712.699951171875,1720.8499755859375,1531.2464599609375,7602939,0.0,0.0
2021-08-25 00:00:00+05:30,1718.0,1746.9000244140625,1718.0,1735.550048828125,1544.3270263671875,6153253,0.0,0.0
2021-08-26 00:00:00+05:30,1734.0,1746.0,1720.0,1727.699951171875,1537.341552734375,5302248,0.0,0.0
2021-08-27 00:00:00+05:30,1725.0,1727.699951171875,1705.199951171875,1708.800048828125,1520.524169921875,6698514,0.0,0.0
2021-08-30 00:00:00+05:30,1703.050048828125,1718.6500244140625,1690.4000244140625,1698.050048828125,1510.95849609375,6559667,0.0,0.0
2021-08-31 00:00:00+05:30,1700.1500244140625,1715.0,1685.8499755859375,1706.449951171875,1518.4329833984375,12255438,0.0,0.0
2021-09-01 00:00:00+05:30,1709.5,1709.5,1673.1500244140625,1677.75,1492.8951416015625,7801974,0.0,0.0
2021-09-02 00:00:00+05:30,1677.3499755859375,1694.300048828125,1662.6500244140625,1689.0999755859375,1502.99462890625,6830050,0.0,0.0
2021-09-03 00:00:00+05:30,1696.050048828125,1705.949951171875,1684.4000244140625,1700.6500244140625,1513.2720947265625,5339139,0.0,0.0
2021-09-06 00:00:00+05:30,1705.1500244140625,1732.0,1699.3499755859375,1730.4000244140625,1539.744384765625,4876026,0.0,0.0
2021-09-07 00:00:00+05:30,1730.0,1734.9000244140625,1704.0,1706.6500244140625,1518.611083984375,3520341,0.0,0.0
2021-09-08 00:00:00+05:30,1700.8499755859375,1700.8499755859375,1682.949951171875,1693.25,1506.6873779296875,4584896,0.0,0.0
2021-09-09 00:00:00+05:30,1685.9000244140625,1694.9000244140625,1682.1500244140625,1691.5999755859375,1505.2191162109375,3331674,0.0,0.0
2021-09-13 00:00:00+05:30,1683.0,1701.5,1675.199951171875,1691.9000244140625,1505.486083984375,4662374,0.0,0.0
2021-09-14 00:00:00+05:30,1695.949951171875,1695.949951171875,1678.5999755859375,1686.1500244140625,1500.3697509765625,4945167,0.0,0.0
2021-09-15 00:00:00+05:30,1693.25,1715.0999755859375,1690.199951171875,1711.449951171875,1522.8819580078125,4062344,0.0,0.0
2021-09-16 00:00:00+05:30,1715.199951171875,1719.25,1691.449951171875,1702.25,1514.6956787109375,3246568,0.0,0.0
2021-09-17 00:00:00+05:30,1697.0,1718.0,1684.449951171875,1691.300048828125,1504.952392578125,7454864,0.0,0.0
2021-09-20 00:00:00+05:30,1685.0,1707.699951171875,1677.949951171875,1687.8499755859375,1501.8824462890625,5660743,0.0,0.0
2021-09-21 00:00:00+05:30,1700.0,1726.75,1684.6500244140625,1718.449951171875,1529.11083984375,4672222,0.0,0.0
2021-09-22 00:00:00+05:30,1717.0,1738.9000244140625,1713.050048828125,1716.9000244140625,1527.731689453125,4553892,0.0,0.0
2021-09-23 00:00:00+05:30,1732.0,1745.0,1721.0999755859375,1742.550048828125,1550.5555419921875,3826090,0.0,0.0
2021-09-24 00:00:00+05:30,1758.0,1788.0,1752.449951171875,1763.8499755859375,1569.5087890625,8280446,0.0,0.0
2021-09-27 00:00:00+05:30,1768.75,1769.0,1718.0999755859375,1721.1500244140625,1531.513427734375,5045337,0.0,0.0
2021-09-28 00:00:00+05:30,1710.0,1710.0,1675.0,1687.0999755859375,1501.215087890625,6557197,0.0,0.0
2021-09-29 00:00:00+05:30,1659.25,1701.4000244140625,1655.0,1692.25,1505.7974853515625,7792548,0.0,0.0
2021-09-30 00:00:00+05:30,1703.0,1703.0,1670.0999755859375,1675.199951171875,1490.626220703125,6914031,0.0,0.0
2021-10-01 00:00:00+05:30,1665.0999755859375,1678.949951171875,1661.25,1665.1500244140625,1481.6834716796875,5733906,0.0,0.0
2021-10-04 00:00:00+05:30,1672.5,1688.0,1665.4000244140625,1678.75,1493.7850341796875,2947154,0.0,0.0
2021-10-05 00:00:00+05:30,1671.0,1702.949951171875,1663.0,1692.800048828125,1506.2869873046875,4373310,0.0,0.0
2021-10-06 00:00:00+05:30,1702.0999755859375,1709.0,1670.0,1673.550048828125,1489.1580810546875,4271698,0.0,0.0
2021-10-07 00:00:00+05:30,1687.0,1704.199951171875,1676.6500244140625,1691.0,1504.685302734375,5476108,0.0,0.0
2021-10-08 00:00:00+05:30,1705.25,1731.5,1698.4000244140625,1723.8499755859375,1533.916015625,4738376,0.0,0.0
2021-10-11 00:00:00+05:30,1682.0,1730.0,1663.699951171875,1690.949951171875,1504.640869140625,8840633,0.0,0.0
2021-10-12 00:00:00+05:30,1677.0,1689.0,1662.0,1685.1500244140625,1499.4798583984375,7439300,0.0,0.0
2021-10-13 00:00:00+05:30,1695.949951171875,1713.6500244140625,1680.050048828125,1709.199951171875,1520.8800048828125,7104171,0.0,0.0
2021-10-14 00:00:00+05:30,1754.0,1783.5999755859375,1698.199951171875,1715.75,1526.70849609375,19655776,0.0,0.0
2021-10-18 00:00:00+05:30,1740.0,1799.0,1740.0,1792.1500244140625,1594.690673828125,13438109,0.0,0.0
2021-10-19 00:00:00+05:30,1814.0,1834.5,1782.300048828125,1822.1500244140625,1621.38525390625,10324260,0.0,0.0
2021-10-20 00:00:00+05:30,1829.4000244140625,1848.0,1794.050048828125,1802.3499755859375,1603.7667236328125,5876115,0.0,0.0
2021-10-21 00:00:00+05:30,1814.0,1814.0,1746.8499755859375,1753.6500244140625,1560.4324951171875,8779629,0.0,0.0
2021-10-22 00:00:00+05:30,1749.9000244140625,1763.199951171875,1707.0,1719.800048828125,1530.3123779296875,7369809,0.0,0.0
2021-10-25 00:00:00+05:30,1722.050048828125,1729.75,1687.199951171875,1707.550048828125,1519.411865234375,5905209,0.0,0.0
2021-10-26 00:00:00+05:30,1710.050048828125,1726.5999755859375,1695.9000244140625,1703.699951171875,1529.421142578125,5871709,15.0,0.0
2021-10-27 00:00:00+05:30,1709.0999755859375,1734.1500244140625,1701.1500244140625,1728.949951171875,1552.0885009765625,5090259,0.0,0.0
2021-10-28 00:00:00+05:30,1719.3499755859375,1724.75,1692.050048828125,1703.9000244140625,1529.600830078125,5329972,0.0,0.0
2021-10-29 00:00:00+05:30,1699.0,1712.5999755859375,1661.050048828125,1667.75,1497.14892578125,5875091,0.0,0.0
2021-11-01 00:00:00+05:30,1677.5,1707.199951171875,1676.0,1700.050048828125,1526.144775390625,3636806,0.0,0.0
2021-11-02 00:00:00+05:30,1695.0,1706.449951171875,1686.3499755859375,1697.9000244140625,1524.214599609375,3471772,0.0,0.0
2021-11-03 00:00:00+05:30,1709.0,1717.449951171875,1699.0,1702.5,1528.343994140625,3530713,0.0,0.0
2021-11-04 00:00:00+05:30,1715.0,1717.0,1705.0,1708.699951171875,1533.90966796875,483407,0.0,0.0
2021-11-08 00:00:00+05:30,1730.0,1741.0,1703.0,1737.5,1559.7635498046875,5245903,0.0,0.0
2021-11-09 00:00:00+05:30,1734.75,1750.0,1726.0,1742.5,1564.252197265625,4016134,0.0,0.0
2021-11-10 00:00:00+05:30,1726.0,1750.949951171875,1721.949951171875,1740.1500244140625,1562.142578125,4780368,0.0,0.0
2021-11-11 00:00:00+05:30,1732.949951171875,1739.75,1709.0,1733.300048828125,1555.993408203125,4731349,0.0,0.0
2021-11-12 00:00:00+05:30,1743.0,1782.8499755859375,1738.050048828125,1780.199951171875,1598.095703125,5069009,0.0,0.0
2021-11-15 00:00:00+05:30,1782.0999755859375,1800.0,1775.5,1787.1500244140625,1604.3348388671875,4354074,0.0,0.0
2021-11-16 00:00:00+05:30,1790.0,1808.949951171875,1777.0,1792.300048828125,1608.9580078125,6034233,0.0,0.0
2021-11-17 00:00:00+05:30,1792.550048828125,1802.0,1780.699951171875,1787.449951171875,1604.60400390625,4732492,0.0,0.0
2021-11-18 00:00:00+05:30,1781.5999755859375,1789.449951171875,1759.0,1779.4000244140625,1597.3775634765625,4326924,0.0,0.0
2021-11-22 00:00:00+05:30,1784.0,1785.4000244140625,1751.1500244140625,1759.4000244140625,1579.423583984375,6621839,0.0,0.0
2021-11-23 00:00:00+05:30,1735.0999755859375,1747.25,1710.0,1736.9000244140625,1559.225341796875,8436160,0.0,0.0
2021-11-24 00:00:00+05:30,1740.0,1740.5,1688.0,1696.0,1522.5087890625,7333061,0.0,0.0
2021-11-25 00:00:00+05:30,1700.0,1726.199951171875,1696.949951171875,1722.4000244140625,1546.20849609375,4476260,0.0,0.0
2021-11-26 00:00:00+05:30,1702.550048828125,1718.3499755859375,1684.0,1691.6500244140625,1518.60400390625,4494181,0.0,0.0
2021-11-29 00:00:00+05:30,1691.0,1712.0,1669.1500244140625,1696.3499755859375,1522.8232421875,3942776,0.0,0.0
2021-11-30 00:00:00+05:30,1704.550048828125,1729.9000244140625,1700.050048828125,1712.6500244140625,1537.455810546875,14808963,0.0,0.0
2021-12-01 00:00:00+05:30,1715.0,1741.9000244140625,1713.0,1714.9000244140625,1539.4757080078125,5193264,0.0,0.0
2021-12-02 00:00:00+05:30,1715.0,1750.5,1711.3499755859375,1748.25,1569.4140625,5559574,0.0,0.0
2021-12-03 00:00:00+05:30,1771.0999755859375,1786.6500244140625,1732.550048828125,1735.550048828125,1558.013427734375,6754012,0.0,0.0
2021-12-06 00:00:00+05:30,1730.0,1733.949951171875,1691.5,1695.300048828125,1521.880615234375,3991449,0.0,0.0
2021-12-07 00:00:00+05:30,1701.0999755859375,1724.9000244140625,1694.0,1711.6500244140625,1536.55810546875,4202122,0.0,0.0
2021-12-08 00:00:00+05:30,1733.0,1759.800048828125,1732.5999755859375,1753.3499755859375,1573.992431640625,3029169,0.0,0.0
2021-12-09 00:00:00+05:30,1759.0,1769.4000244140625,1742.0,1763.449951171875,1583.0592041015625,2082171,0.0,0.0
2021-12-10 00:00:00+05:30,1760.0,1763.75,1746.0,1759.25,1579.288818359375,1823469,0.0,0.0
2021-12-13 00:00:00+05:30,1767.050048828125,1771.3499755859375,1738.800048828125,1744.6500244140625,1566.1824951171875,4040584,0.0,0.0
2021-12-14 00:00:00+05:30,1730.9000244140625,1763.0,1710.3499755859375,1752.1500244140625,1572.9151611328125,4768144,0.0,0.0
2021-12-15 00:00:00+05:30,1745.0,1747.949951171875,1721.199951171875,1734.199951171875,1556.8011474609375,3053149,0.0,0.0
2021-12-16 00:00:00+05:30,1762.6500244140625,1777.5999755859375,1758.0,1771.5999755859375,1590.3753662109375,4481031,0.0,0.0
2021-12-17 00:00:00+05:30,1820.0,1842.0,1806.75,1820.8499755859375,1634.58740234375,18887243,0.0,0.0
2021-12-20 00:00:00+05:30,1801.699951171875,1829.6500244140625,1787.300048828125,1798.9000244140625,1614.8829345703125,5773891,0.0,0.0
2021-12-21 00:00:00+05:30,1801.0,1838.0,1801.0,1811.5999755859375,1626.2838134765625,5353584,0.0,0.0
2021-12-22 00:00:00+05:30,1825.0,1829.1500244140625,1812.3499755859375,1824.699951171875,1638.0435791015625,4156428,0.0,0.0
2021-12-23 00:00:00+05:30,1831.25,1861.5999755859375,1827.0,1857.5999755859375,1667.578125,4112933,0.0,0.0
2021-12-24 00:00:00+05:30,1872.949951171875,1875.75,1854.0,1863.5,1672.8746337890625,3780347,0.0,0.0
2021-12-27 00:00:00+05:30,1860.0,1874.5,1845.050048828125,1866.1500244140625,1675.253662109375,2647733,0.0,0.0
2021-12-28 00:00:00+05:30,1880.699951171875,1895.9000244140625,1878.4000244140625,1888.0,1694.8685302734375,3340933,0.0,0.0
2021-12-29 00:00:00+05:30,1883.5,1893.800048828125,1876.4000244140625,1885.550048828125,1692.6693115234375,3236635,0.0,0.0
2021-12-30 00:00:00+05:30,1884.5,1909.800048828125,1874.3499755859375,1892.8499755859375,1699.222412109375,4584738,0.0,0.0
2021-12-31 00:00:00+05:30,1890.0,1898.3499755859375,1871.6500244140625,1887.75,1694.6441650390625,4619420,0.0,0.0
2022-01-03 00:00:00+05:30,1887.75,1914.050048828125,1887.75,1898.449951171875,1704.2493896484375,3329616,0.0,0.0
2022-01-04 00:00:00+05:30,1898.449951171875,1906.6500244140625,1878.0,1899.1500244140625,1704.8779296875,3921999,0.0,0.0
2022-01-05 00:00:00+05:30,1900.0,1902.9000244140625,1840.0,1844.6500244140625,1655.9527587890625,6995719,0.0,0.0
2022-01-06 00:00:00+05:30,1828.0,1828.0,1800.0,1817.800048828125,1631.849609375,6449205,0.0,0.0
2022-01-07 00:00:00+05:30,1815.449951171875,1836.0,1806.800048828125,1814.300048828125,1628.7076416015625,4834389,0.0,0.0
2022-01-10 00:00:00+05:30,1815.0,1869.9000244140625,1813.0,1850.75,1661.4288330078125,7857560,0.0,0.0
2022-01-11 00:00:00+05:30,1855.0,1870.0,1850.1500244140625,1855.5999755859375,1665.7828369140625,5142287,0.0,0.0
2022-01-12 00:00:00+05:30,1868.9000244140625,1889.0,1860.0,1877.449951171875,1685.3975830078125,5362535,0.0,0.0
2022-01-13 00:00:00+05:30,1905.0,1912.5,1866.3499755859375,1896.800048828125,1702.7684326171875,14277630,0.0,0.0
2022-01-14 00:00:00+05:30,1882.0,1933.0,1881.0,1929.3499755859375,1731.988525390625,7688506,0.0,0.0
2022-01-17 00:00:00+05:30,1938.550048828125,1953.9000244140625,1930.5,1939.5,1741.1002197265625,5262464,0.0,0.0
2022-01-18 00:00:00+05:30,1922.0999755859375,1945.0,1911.449951171875,1920.75,1724.268310546875,3690315,0.0,0.0
2022-01-19 00:00:00+05:30,1916.0,1916.0,1862.8499755859375,1867.050048828125,1676.0615234375,5747770,0.0,0.0
2022-01-20 00:00:00+05:30,1844.0,1848.0,1815.5,1823.699951171875,1637.146240234375,5533463,0.0,0.0
2022-01-21 00:00:00+05:30,1795.0,1808.0,1776.0,1785.699951171875,1603.033203125,8252758,0.0,0.0
2022-01-24 00:00:00+05:30,1765.0,1768.6500244140625,1728.0,1736.800048828125,1559.135498046875,7116712,0.0,0.0
2022-01-25 00:00:00+05:30,1726.5999755859375,1740.0,1700.5,1722.1500244140625,1545.9837646484375,9137653,0.0,0.0
2022-01-27 00:00:00+05:30,1702.0,1709.699951171875,1665.0,1678.5999755859375,1506.888916015625,11231734,0.0,0.0
2022-01-28 00:00:00+05:30,1681.0,1727.550048828125,1679.5,1686.199951171875,1513.7113037109375,10998502,0.0,0.0
2022-01-31 00:00:00+05:30,1718.0,1749.5,1715.3499755859375,1736.199951171875,1558.5965576171875,8788872,0.0,0.0
2022-02-01 00:00:00+05:30,1766.0999755859375,1780.0,1734.699951171875,1772.050048828125,1590.7794189453125,5119935,0.0,0.0
2022-02-02 00:00:00+05:30,1789.0,1792.800048828125,1772.0,1787.0999755859375,1604.2899169921875,4253717,0.0,0.0
2022-02-03 00:00:00+05:30,1779.0,1779.0,1734.0,1738.550048828125,1560.70654296875,3832922,0.0,0.0
2022-02-04 00:00:00+05:30,1732.0,1753.949951171875,1710.1500244140625,1741.0999755859375,1562.9954833984375,4700077,0.0,0.0
2022-02-07 00:00:00+05:30,1722.199951171875,1732.0,1695.4000244140625,1715.0,1539.5653076171875,4310209,0.0,0.0
2022-02-08 00:00:00+05:30,1710.0,1725.0,1696.0,1717.300048828125,1541.6298828125,6053401,0.0,0.0
2022-02-09 00:00:00+05:30,1735.0,1743.0,1725.0,1737.300048828125,1559.584228515625,3867244,0.0,0.0
2022-02-10 00:00:00+05:30,1755.6500244140625,1773.9000244140625,1748.75,1769.5999755859375,1588.5799560546875,4334630,0.0,0.0
2022-02-11 00:00:00+05:30,1740.0,1745.949951171875,1713.0,1721.3499755859375,1545.2657470703125,7551371,0.0,0.0
2022-02-14 00:00:00+05:30,1690.0,1718.550048828125,1678.25,1682.199951171875,1510.12060546875,7459637,0.0,0.0
2022-02-15 00:00:00+05:30,1699.0,1746.75,1690.449951171875,1738.25,1560.43701171875,4669915,0.0,0.0
2022-02-16 00:00:00+05:30,1738.25,1755.449951171875,1726.8499755859375,1733.300048828125,1555.993408203125,5350642,0.0,0.0
2022-02-17 00:00:00+05:30,1744.0,1749.0,1720.300048828125,1724.800048828125,1548.363037109375,3937950,0.0,0.0
2022-02-18 00:00:00+05:30,1710.0,1722.5,1703.5,1706.949951171875,1532.3387451171875,5602215,0.0,0.0
2022-02-21 00:00:00+05:30,1701.0,1737.300048828125,1691.5,1730.699951171875,1553.659423828125,5120890,0.0,0.0
2022-02-22 00:00:00+05:30,1699.9000244140625,1751.0,1691.050048828125,1734.3499755859375,1556.9359130859375,8878515,0.0,0.0
2022-02-23 00:00:00+05:30,1750.0,1758.25,1733.4000244140625,1742.8499755859375,1564.5665283203125,5478811,0.0,0.0
2022-02-24 00:00:00+05:30,1690.0999755859375,1714.949951171875,1670.5,1678.1500244140625,1506.48486328125,13592379,0.0,0.0
2022-02-25 00:00:00+05:30,1715.0,1728.1500244140625,1677.0,1694.5999755859375,1521.252197265625,9737281,0.0,0.0
2022-02-28 00:00:00+05:30,1682.199951171875,1728.050048828125,1665.0,1715.5999755859375,1540.10400390625,15076542,0.0,0.0
2022-03-02 00:00:00+05:30,1710.0,1714.4000244140625,1691.0,1702.800048828125,1528.6134033203125,6771489,0.0,0.0
2022-03-03 00:00:00+05:30,1720.199951171875,1733.9000244140625,1705.550048828125,1720.8499755859375,1544.81689453125,7344147,0.0,0.0
2022-03-04 00:00:00+05:30,1695.25,1736.0,1681.0,1723.300048828125,1547.016357421875,9074499,0.0,0.0
2022-03-07 00:00:00+05:30,1697.0,1751.0,1696.0,1739.8499755859375,1561.87353515625,9742588,0.0,0.0
2022-03-08 00:00:00+05:30,1718.449951171875,1800.0,1718.449951171875,1778.199951171875,1596.30029296875,10984500,0.0,0.0
2022-03-09 00:00:00+05:30,1791.0,1831.5999755859375,1791.0,1813.3499755859375,1627.854736328125,10193515,0.0,0.0
2022-03-10 00:00:00+05:30,1844.75,1844.75,1810.199951171875,1825.9000244140625,1639.12109375,6547182,0.0,0.0
2022-03-11 00:00:00+05:30,1814.0,1831.4000244140625,1811.0,1822.0,1635.6197509765625,4758657,0.0,0.0
2022-03-14 00:00:00+05:30,1831.550048828125,1895.0,1831.550048828125,1890.699951171875,1697.2921142578125,10289724,0.0,0.0
2022-03-15 00:00:00+05:30,1888.3499755859375,1888.3499755859375,1830.0,1839.300048828125,1651.150146484375,7140443,0.0,0.0
2022-03-16 00:00:00+05:30,1865.0,1893.949951171875,1849.0,1889.4000244140625,1696.1253662109375,5233979,0.0,0.0
2022-03-17 00:00:00+05:30,1923.300048828125,1923.300048828125,1833.050048828125,1854.5999755859375,1664.8851318359375,17731459,0.0,0.0
2022-03-21 00:00:00+05:30,1861.0,1886.9000244140625,1841.0999755859375,1853.050048828125,1663.49365234375,8362085,0.0,0.0
2022-03-22 00:00:00+05:30,1850.0,1890.0,1839.0,1887.4000244140625,1694.3297119140625,5709382,0.0,0.0
2022-03-23 00:00:00+05:30,1897.0,1900.0,1857.0,1872.4000244140625,1680.8643798828125,6192824,0.0,0.0
2022-03-24 00:00:00+05:30,1856.1500244140625,1894.5999755859375,1856.1500244140625,1886.699951171875,1693.701416015625,3784303,0.0,0.0
2022-03-25 00:00:00+05:30,1892.0,1894.0,1858.0,1876.550048828125,1684.58984375,3438588,0.0,0.0
2022-03-28 00:00:00+05:30,1866.0,1880.9000244140625,1852.6500244140625,1873.9000244140625,1682.2108154296875,4008555,0.0,0.0
2022-03-29 00:00:00+05:30,1873.9000244140625,1889.4000244140625,1860.550048828125,1886.0,1693.072998046875,3917785,0.0,0.0
2022-03-30 00:00:00+05:30,1910.0,1919.0,1895.0,1903.949951171875,1709.186767578125,7795839,0.0,0.0
2022-03-31 00:00:00+05:30,1900.0,1913.0,1894.199951171875,1906.8499755859375,1711.790283203125,5399145,0.0,0.0
2022-04-01 00:00:00+05:30,1886.8499755859375,1910.300048828125,1878.300048828125,1903.550048828125,1708.8280029296875,6171518,0.0,0.0
2022-04-04 00:00:00+05:30,1889.75,1893.0,1873.0,1882.949951171875,1690.3350830078125,7364074,0.0,0.0
2022-04-05 00:00:00+05:30,1883.800048828125,1889.5999755859375,1857.1500244140625,1861.0999755859375,1670.7200927734375,5472024,0.0,0.0
2022-04-06 00:00:00+05:30,1855.0,1857.5,1822.1500244140625,1828.8499755859375,1641.76904296875,5407453,0.0,0.0
2022-04-07 00:00:00+05:30,1821.050048828125,1828.1500244140625,1807.550048828125,1811.0,1625.7449951171875,5797544,0.0,0.0
2022-04-08 00:00:00+05:30,1823.0,1838.0,1808.0,1814.5999755859375,1628.976806640625,5131446,0.0,0.0
2022-04-11 00:00:00+05:30,1814.0,1814.0,1762.550048828125,1766.550048828125,1585.8421630859375,8248407,0.0,0.0
2022-04-12 00:00:00+05:30,1757.5,1757.5,1727.75,1742.449951171875,1564.2073974609375,6456184,0.0,0.0
2022-04-13 00:00:00+05:30,1754.949951171875,1757.5,1732.0,1748.550048828125,1569.6834716796875,6257693,0.0,0.0
2022-04-18 00:00:00+05:30,1605.5,1650.0,1590.0,1621.4000244140625,1455.540283203125,30523965,0.0,0.0
2022-04-19 00:00:00+05:30,1636.6500244140625,1636.6500244140625,1550.0,1562.0,1402.21630859375,17044923,0.0,0.0
2022-04-20 00:00:00+05:30,1575.0,1596.300048828125,1563.0,1587.699951171875,1425.2874755859375,10678747,0.0,0.0
2022-04-21 00:00:00+05:30,1595.0,1627.199951171875,1589.25,1618.800048828125,1453.2059326171875,7766514,0.0,0.0
2022-04-22 00:00:00+05:30,1604.3499755859375,1610.699951171875,1582.4000244140625,1585.449951171875,1423.2674560546875,8134245,0.0,0.0
2022-04-25 00:00:00+05:30,1572.800048828125,1572.800048828125,1554.0999755859375,1561.0999755859375,1401.4085693359375,7000570,0.0,0.0
2022-04-26 00:00:00+05:30,1577.199951171875,1592.0,1566.550048828125,1581.0,1419.2728271484375,5345435,0.0,0.0
2022-04-27 00:00:00+05:30,1572.75,1572.75,1550.3499755859375,1552.800048828125,1393.9576416015625,8819356,0.0,0.0
2022-04-28 00:00:00+05:30,1570.0,1601.800048828125,1557.449951171875,1582.5999755859375,1420.7091064453125,9245177,0.0,0.0
2022-04-29 00:00:00+05:30,1590.0,1597.300048828125,1560.800048828125,1567.550048828125,1407.198486328125,9831395,0.0,0.0
2022-05-02 00:00:00+05:30,1550.9000244140625,1552.75,1531.0,1541.0,1383.364501953125,7072627,0.0,0.0
2022-05-04 00:00:00+05:30,1547.25,1570.0,1530.1500244140625,1535.550048828125,1378.4720458984375,6220959,0.0,0.0
2022-05-05 00:00:00+05:30,1560.050048828125,1589.4000244140625,1557.449951171875,1585.1500244140625,1422.9984130859375,6144870,0.0,0.0
2022-05-06 00:00:00+05:30,1550.0,1561.8499755859375,1535.050048828125,1542.8499755859375,1385.0252685546875,6171472,0.0,0.0
2022-05-09 00:00:00+05:30,1540.0,1586.800048828125,1522.1500244140625,1570.3499755859375,1409.7122802734375,6832202,0.0,0.0
2022-05-10 00:00:00+05:30,1558.0,1569.1500244140625,1546.050048828125,1553.0,1394.1368408203125,6212545,0.0,0.0
2022-05-11 00:00:00+05:30,1549.949951171875,1549.949951171875,1511.5999755859375,1526.75,1370.572265625,7846080,0.0,0.0
2022-05-12 00:00:00+05:30,1514.0,1527.5,1504.300048828125,1508.800048828125,1354.45849609375,7034979,0.0,0.0
2022-05-13 00:00:00+05:30,1519.300048828125,1529.25,1498.0999755859375,1504.4000244140625,1350.5086669921875,6723761,0.0,0.0
2022-05-16 00:00:00+05:30,1510.0,1511.8499755859375,1478.6500244140625,1489.0999755859375,1336.7735595703125,6145331,0.0,0.0
2022-05-17 00:00:00+05:30,1494.9000244140625,1525.0,1480.9000244140625,1518.449951171875,1363.121337890625,6516378,0.0,0.0
2022-05-18 00:00:00+05:30,1522.0,1549.699951171875,1505.300048828125,1509.199951171875,1354.8175048828125,6594126,0.0,0.0
2022-05-19 00:00:00+05:30,1481.0,1484.699951171875,1417.6500244140625,1427.1500244140625,1281.1607666015625,16561140,0.0,0.0
2022-05-20 00:00:00+05:30,1453.0,1466.75,1446.699951171875,1455.1500244140625,1306.2965087890625,10488908,0.0,0.0
2022-05-23 00:00:00+05:30,1455.0999755859375,1488.0,1450.050048828125,1468.4000244140625,1318.1912841796875,5887569,0.0,0.0
2022-05-24 00:00:00+05:30,1468.5999755859375,1469.550048828125,1435.25,1441.0,1293.593994140625,5693167,0.0,0.0
2022-05-25 00:00:00+05:30,1435.0,1442.5,1399.25,1410.449951171875,1266.1690673828125,9630092,0.0,0.0
2022-05-26 00:00:00+05:30,1418.0,1430.0,1407.050048828125,1423.949951171875,1278.2880859375,13040065,0.0,0.0
2022-05-27 00:00:00+05:30,1443.949951171875,1467.0,1437.4000244140625,1461.3499755859375,1311.8623046875,8284860,0.0,0.0
2022-05-30 00:00:00+05:30,1487.0,1530.0,1485.0,1526.800048828125,1370.6170654296875,10904213,0.0,0.0
2022-05-31 00:00:00+05:30,1510.699951171875,1518.0,1488.1500244140625,1503.5999755859375,1364.0850830078125,16033857,16.0,0.0
2022-06-01 00:00:00+05:30,1513.0,1514.75,1472.0999755859375,1478.550048828125,1341.359619140625,8738508,0.0,0.0
2022-06-02 00:00:00+05:30,1484.0,1513.8499755859375,1475.5999755859375,1508.0,1368.0770263671875,7205840,0.0,0.0
2022-06-03 00:00:00+05:30,1524.9000244140625,1555.0,1518.0,1521.699951171875,1380.505859375,9395707,0.0,0.0
2022-06-06 00:00:00+05:30,1516.0,1536.5999755859375,1493.0,1530.050048828125,1388.0811767578125,6624883,0.0,0.0
2022-06-07 00:00:00+05:30,1519.8499755859375,1519.8499755859375,1502.5999755859375,1506.699951171875,1366.8974609375,4904592,0.0,0.0
2022-06-08 00:00:00+05:30,1520.199951171875,1520.199951171875,1492.0,1500.0,1360.8193359375,4697608,0.0,0.0
2022-06-09 00:00:00+05:30,1485.0,1516.949951171875,1481.5,1515.0,1374.427490234375,4361061,0.0,0.0
2022-06-10 00:00:00+05:30,1486.0999755859375,1493.949951171875,1473.5999755859375,1476.800048828125,1339.77197265625,6516436,0.0,0.0
2022-06-13 00:00:00+05:30,1443.5999755859375,1443.5999755859375,1411.699951171875,1424.5,1292.3248291015625,6987685,0.0,0.0
2022-06-14 00:00:00+05:30,1410.0,1448.9000244140625,1403.1500244140625,1440.550048828125,1306.8853759765625,6090247,0.0,0.0
2022-06-15 00:00:00+05:30,1440.199951171875,1446.4000244140625,1418.8499755859375,1422.199951171875,1290.238037109375,4651958,0.0,0.0
2022-06-16 00:00:00+05:30,1438.0,1443.75,1392.0,1397.199951171875,1267.557861328125,6641772,0.0,0.0
2022-06-17 00:00:00+05:30,1391.050048828125,1396.949951171875,1367.1500244140625,1387.300048828125,1258.576416015625,9692047,0.0,0.0
2022-06-20 00:00:00+05:30,1390.050048828125,1422.3499755859375,1382.0,1414.1500244140625,1282.9349365234375,4595194,0.0,0.0
2022-06-21 00:00:00+05:30,1424.0,1456.0,1422.75,1449.9000244140625,1315.367919921875,6270787,0.0,0.0
2022-06-22 00:00:00+05:30,1436.050048828125,1459.5999755859375,1435.0,1437.25,1303.8917236328125,6253366,0.0,0.0
2022-06-23 00:00:00+05:30,1439.800048828125,1458.0,1433.0,1452.449951171875,1317.6812744140625,6254281,0.0,0.0
2022-06-24 00:00:00+05:30,1458.0,1467.5,1428.9000244140625,1441.0999755859375,1307.38427734375,6114340,0.0,0.0
2022-06-27 00:00:00+05:30,1468.050048828125,1484.0,1465.1500244140625,1474.5999755859375,1337.776123046875,4511097,0.0,0.0
2022-06-28 00:00:00+05:30,1469.0,1488.25,1453.0,1480.1500244140625,1342.8111572265625,4412178,0.0,0.0
2022-06-29 00:00:00+05:30,1464.699951171875,1477.0,1457.0,1463.25,1327.479248046875,5060038,0.0,0.0
2022-06-30 00:00:00+05:30,1465.050048828125,1482.0,1455.0,1461.9000244140625,1326.25439453125,9165177,0.0,0.0
2022-07-01 00:00:00+05:30,1454.0,1485.0,1442.3499755859375,1479.4000244140625,1342.130615234375,4651635,0.0,0.0
2022-07-04 00:00:00+05:30,1480.25,1492.25,1462.0,1488.0,1349.9326171875,4800224,0.0,0.0
2022-07-05 00:00:00+05:30,1498.800048828125,1509.949951171875,1472.0,1475.949951171875,1339.000732421875,7379669,0.0,0.0
2022-07-06 00:00:00+05:30,1482.199951171875,1500.0,1470.0,1491.6500244140625,1353.244140625,5209162,0.0,0.0
2022-07-07 00:00:00+05:30,1503.050048828125,1513.949951171875,1495.699951171875,1498.699951171875,1359.6397705078125,3323472,0.0,0.0
2022-07-08 00:00:00+05:30,1515.0,1516.949951171875,1499.949951171875,1514.449951171875,1373.928466796875,3652582,0.0,0.0
2022-07-11 00:00:00+05:30,1495.0,1499.9000244140625,1466.4000244140625,1473.1500244140625,1336.460693359375,4702638,0.0,0.0
2022-07-12 00:00:00+05:30,1461.800048828125,1468.5999755859375,1436.0,1438.5999755859375,1305.1162109375,4710356,0.0,0.0
2022-07-13 00:00:00+05:30,1450.0,1460.0,1438.5999755859375,1444.449951171875,1310.4234619140625,5264025,0.0,0.0
2022-07-14 00:00:00+05:30,1451.0,1452.949951171875,1414.0,1428.8499755859375,1296.271240234375,6157606,0.0,0.0
2022-07-15 00:00:00+05:30,1446.0,1446.0,1410.6500244140625,1430.3499755859375,1297.6318359375,5620018,0.0,0.0
2022-07-18 00:00:00+05:30,1450.0,1493.5999755859375,1448.050048828125,1489.9000244140625,1351.6563720703125,5835171,0.0,0.0
2022-07-19 00:00:00+05:30,1471.550048828125,1486.8499755859375,1470.0999755859375,1484.1500244140625,1346.43994140625,3418540,0.0,0.0
2022-07-20 00:00:00+05:30,1501.25,1525.800048828125,1500.0,1515.300048828125,1374.6995849609375,5079392,0.0,0.0
2022-07-21 00:00:00+05:30,1517.0,1535.449951171875,1503.0999755859375,1532.9000244140625,1390.666748046875,5008061,0.0,0.0
2022-07-22 00:00:00+05:30,1534.0,1540.0,1492.1500244140625,1506.300048828125,1366.5347900390625,7020642,0.0,0.0
2022-07-25 00:00:00+05:30,1480.0999755859375,1517.1500244140625,1480.0999755859375,1503.5999755859375,1364.0850830078125,7859626,0.0,0.0
2022-07-26 00:00:00+05:30,1496.6500244140625,1496.6500244140625,1445.0,1451.1500244140625,1316.501953125,7268273,0.0,0.0
2022-07-27 00:00:00+05:30,1451.0,1473.0,1445.0,1471.050048828125,1334.555419921875,4517285,0.0,0.0
2022-07-28 00:00:00+05:30,1496.4000244140625,1524.449951171875,1489.8499755859375,1517.4000244140625,1376.6048583984375,6636841,0.0,0.0
2022-07-29 00:00:00+05:30,1532.800048828125,1555.699951171875,1528.0,1549.699951171875,1405.90771484375,7009465,0.0,0.0
2022-08-01 00:00:00+05:30,1564.0,1564.0,1537.9000244140625,1551.050048828125,1407.132568359375,2983249,0.0,0.0
2022-08-02 00:00:00+05:30,1546.550048828125,1547.0,1528.3499755859375,1543.5999755859375,1400.3739013671875,4374635,0.0,0.0
2022-08-03 00:00:00+05:30,1549.0,1570.0,1539.9000244140625,1566.0999755859375,1420.785888671875,6011955,0.0,0.0
2022-08-04 00:00:00+05:30,1587.5,1603.8499755859375,1574.949951171875,1599.9000244140625,1451.4498291015625,7402209,0.0,0.0
2022-08-05 00:00:00+05:30,1608.4000244140625,1625.699951171875,1602.300048828125,1616.6500244140625,1466.645751953125,5361971,0.0,0.0
2022-08-08 00:00:00+05:30,1617.0,1622.0,1596.0,1619.4000244140625,1469.1405029296875,3763409,0.0,0.0
2022-08-10 00:00:00+05:30,1621.199951171875,1621.199951171875,1588.0999755859375,1602.449951171875,1453.7633056640625,4423829,0.0,0.0
2022-08-11 00:00:00+05:30,1630.0,1631.3499755859375,1616.0,1619.949951171875,1469.639404296875,3462090,0.0,0.0
2022-08-12 00:00:00+05:30,1613.300048828125,1614.0,1590.1500244140625,1594.0999755859375,1446.18798828125,3562286,0.0,0.0
2022-08-16 00:00:00+05:30,1609.0,1609.0,1591.0999755859375,1596.449951171875,1448.3199462890625,3004430,0.0,0.0
2022-08-17 00:00:00+05:30,1596.449951171875,1612.0,1585.0,1606.25,1457.2105712890625,4067324,0.0,0.0
2022-08-18 00:00:00+05:30,1594.0999755859375,1598.199951171875,1574.0,1582.949951171875,1436.072509765625,4635706,0.0,0.0
2022-08-19 00:00:00+05:30,1585.300048828125,1604.9000244140625,1585.0999755859375,1597.0999755859375,1448.9095458984375,4739884,0.0,0.0
2022-08-22 00:00:00+05:30,1586.0,1599.0,1574.0,1575.6500244140625,1429.4500732421875,3950555,0.0,0.0
2022-08-23 00:00:00+05:30,1548.0,1554.5,1533.0,1542.4000244140625,1399.2852783203125,5551574,0.0,0.0
2022-08-24 00:00:00+05:30,1535.0,1546.0,1531.0,1537.5,1394.8397216796875,2888426,0.0,0.0
2022-08-25 00:00:00+05:30,1548.0,1548.699951171875,1513.75,1518.1500244140625,1377.28515625,4331088,0.0,0.0
2022-08-26 00:00:00+05:30,1535.1500244140625,1544.949951171875,1517.449951171875,1521.550048828125,1380.3697509765625,3079136,0.0,0.0
2022-08-29 00:00:00+05:30,1468.550048828125,1468.550048828125,1450.0,1461.75,1326.118408203125,8079050,0.0,0.0
2022-08-30 00:00:00+05:30,1473.0999755859375,1496.0999755859375,1466.0,1492.949951171875,1354.4234619140625,6725875,0.0,0.0
2022-09-01 00:00:00+05:30,1460.050048828125,1468.0999755859375,1451.050048828125,1464.199951171875,1328.341064453125,8140604,0.0,0.0
2022-09-02 00:00:00+05:30,1478.0,1478.0,1448.0,1453.0,1318.180419921875,5175653,0.0,0.0
2022-09-05 00:00:00+05:30,1451.0,1467.0,1446.3499755859375,1461.300048828125,1325.710205078125,3669352,0.0,0.0
2022-09-06 00:00:00+05:30,1461.300048828125,1470.0,1445.449951171875,1455.0999755859375,1320.0853271484375,3428442,0.0,0.0
2022-09-07 00:00:00+05:30,1440.0,1465.75,1438.050048828125,1457.6500244140625,1322.3988037109375,3600574,0.0,0.0
2022-09-08 00:00:00+05:30,1475.0,1481.0999755859375,1463.5999755859375,1475.9000244140625,1338.95556640625,4061475,0.0,0.0
2022-09-09 00:00:00+05:30,1488.0,1520.0,1480.0,1511.6500244140625,1371.38818359375,4816910,0.0,0.0
2022-09-12 00:00:00+05:30,1525.800048828125,1545.9000244140625,1521.1500244140625,1536.199951171875,1393.660400390625,5494819,0.0,0.0
2022-09-13 00:00:00+05:30,1551.9000244140625,1553.0,1541.300048828125,1544.949951171875,1401.5985107421875,4947158,0.0,0.0
2022-09-14 00:00:00+05:30,1497.0,1498.949951171875,1472.0,1475.4000244140625,1338.5018310546875,14332197,0.0,0.0
2022-09-15 00:00:00+05:30,1475.0,1475.199951171875,1429.050048828125,1432.800048828125,1299.8546142578125,12784100,0.0,0.0
2022-09-16 00:00:00+05:30,1425.0,1425.0,1368.3499755859375,1377.050048828125,1249.277587890625,20464045,0.0,0.0
2022-09-19 00:00:00+05:30,1392.0,1406.0,1380.5999755859375,1390.300048828125,1261.2979736328125,6595241,0.0,0.0
2022-09-20 00:00:00+05:30,1407.949951171875,1413.550048828125,1385.0999755859375,1388.550048828125,1259.7105712890625,7219797,0.0,0.0
2022-09-21 00:00:00+05:30,1379.9000244140625,1388.800048828125,1368.4000244140625,1377.25,1249.458740234375,7917054,0.0,0.0
2022-09-22 00:00:00+05:30,1366.3499755859375,1383.949951171875,1360.0,1367.949951171875,1241.021728515625,9168498,0.0,0.0
2022-09-23 00:00:00+05:30,1367.5,1394.800048828125,1362.0,1365.449951171875,1238.7535400390625,10426200,0.0,0.0
2022-09-26 00:00:00+05:30,1360.0,1399.449951171875,1355.0,1380.25,1252.1805419921875,9414587,0.0,0.0
2022-09-27 00:00:00+05:30,1393.449951171875,1406.5,1378.0,1393.550048828125,1264.2464599609375,8561254,0.0,0.0
2022-09-28 00:00:00+05:30,1379.0,1405.8499755859375,1377.0,1394.699951171875,1265.28955078125,7022098,0.0,0.0
2022-09-29 00:00:00+05:30,1404.9000244140625,1409.8499755859375,1393.0,1398.6500244140625,1268.873291015625,6119965,0.0,0.0
2022-09-30 00:00:00+05:30,1388.949951171875,1419.300048828125,1376.0,1413.449951171875,1282.2999267578125,8120130,0.0,0.0
2022-10-03 00:00:00+05:30,1412.0,1412.0,1386.0,1393.75,1264.4278564453125,4943169,0.0,0.0
2022-10-04 00:00:00+05:30,1419.699951171875,1432.25,1414.0,1429.4000244140625,1296.77001953125,6631341,0.0,0.0
2022-10-06 00:00:00+05:30,1445.0,1459.800048828125,1444.0999755859375,1455.1500244140625,1320.130615234375,6180672,0.0,0.0
2022-10-07 00:00:00+05:30,1446.3499755859375,1457.8499755859375,1440.1500244140625,1451.199951171875,1316.547119140625,3994466,0.0,0.0
2022-10-10 00:00:00+05:30,1426.3499755859375,1465.0,1426.3499755859375,1462.6500244140625,1326.9349365234375,5274677,0.0,0.0
2022-10-11 00:00:00+05:30,1462.6500244140625,1479.6500244140625,1420.0999755859375,1423.800048828125,1291.689697265625,12824774,0.0,0.0
2022-10-12 00:00:00+05:30,1437.0,1441.0999755859375,1413.550048828125,1428.699951171875,1296.135009765625,5481467,0.0,0.0
2022-10-13 00:00:00+05:30,1431.0,1437.949951171875,1415.0,1419.9000244140625,1288.1514892578125,4821514,0.0,0.0
2022-10-14 00:00:00+05:30,1485.0,1494.0,1467.25,1474.25,1337.45849609375,14990688,0.0,0.0
2022-10-17 00:00:00+05:30,1476.9000244140625,1495.0,1475.5,1489.949951171875,1351.7017822265625,4286396,0.0,0.0
2022-10-18 00:00:00+05:30,1510.0,1510.949951171875,1497.25,1503.699951171875,1364.1759033203125,4692004,0.0,0.0
2022-10-19 00:00:00+05:30,1504.0,1504.949951171875,1481.300048828125,1485.449951171875,1347.619384765625,3553171,0.0,0.0
2022-10-20 00:00:00+05:30,1475.0,1504.0,1474.199951171875,1500.9000244140625,1361.6358642578125,4583939,0.0,0.0
2022-10-21 00:00:00+05:30,1500.300048828125,1506.0,1491.3499755859375,1500.5,1361.2730712890625,3594485,0.0,0.0
2022-10-24 00:00:00+05:30,1518.5,1521.800048828125,1511.0,1517.8499755859375,1377.012939453125,982837,0.0,0.0
2022-10-25 00:00:00+05:30,1528.0999755859375,1532.9000244140625,1521.050048828125,1526.300048828125,1384.6788330078125,3914341,0.0,0.0
2022-10-27 00:00:00+05:30,1530.800048828125,1534.9000244140625,1512.5,1523.949951171875,1397.65625,6760137,16.5,0.0
2022-10-28 00:00:00+05:30,1526.0,1527.949951171875,1507.0,1513.25,1387.843017578125,3053981,0.0,0.0
2022-10-31 00:00:00+05:30,1530.25,1546.4000244140625,1530.25,1537.6500244140625,1410.2210693359375,4542336,0.0,0.0
2022-11-01 00:00:00+05:30,1553.050048828125,1575.0,1547.0999755859375,1573.0,1442.641357421875,4542692,0.0,0.0
2022-11-02 00:00:00+05:30,1572.0,1572.75,1545.0,1553.300048828125,1424.573974609375,2938906,0.0,0.0
2022-11-03 00:00:00+05:30,1538.75,1543.9000244140625,1521.6500244140625,1530.75,1403.8927001953125,3174027,0.0,0.0
2022-11-04 00:00:00+05:30,1520.449951171875,1520.449951171875,1501.1500244140625,1514.0,1388.5308837890625,4509682,0.0,0.0
2022-11-07 00:00:00+05:30,1521.4000244140625,1527.9000244140625,1491.0999755859375,1507.449951171875,1382.523681640625,4898592,0.0,0.0
2022-11-09 00:00:00+05:30,1529.0,1529.0,1501.0999755859375,1511.199951171875,1385.9627685546875,3334755,0.0,0.0
2022-11-10 00:00:00+05:30,1485.0,1512.0,1485.0,1501.949951171875,1377.4793701171875,3435763,0.0,0.0
2022-11-11 00:00:00+05:30,1546.6500244140625,1573.5,1546.6500244140625,1570.0999755859375,1439.981689453125,7214098,0.0,0.0
2022-11-14 00:00:00+05:30,1575.1500244140625,1591.4000244140625,1568.449951171875,1585.300048828125,1453.922119140625,4908813,0.0,0.0
2022-11-15 00:00:00+05:30,1577.8499755859375,1597.8499755859375,1572.75,1594.0,1461.901123046875,3497614,0.0,0.0
2022-11-16 00:00:00+05:30,1597.1500244140625,1609.0,1593.5,1602.800048828125,1469.9720458984375,4497697,0.0,0.0
2022-11-17 00:00:00+05:30,1597.199951171875,1602.800048828125,1582.949951171875,1587.4000244140625,1455.8480224609375,3469515,0.0,0.0
2022-11-18 00:00:00+05:30,1591.699951171875,1598.0,1575.5,1593.4000244140625,1461.350830078125,3126064,0.0,0.0
2022-11-21 00:00:00+05:30,1582.0999755859375,1587.8499755859375,1564.050048828125,1568.199951171875,1438.239013671875,3071764,0.0,0.0
2022-11-22 00:00:00+05:30,1569.0,1588.0,1562.0,1585.050048828125,1453.6927490234375,3399329,0.0,0.0
2022-11-23 00:00:00+05:30,1588.9000244140625,1592.0,1579.300048828125,1583.1500244140625,1451.9503173828125,3245067,0.0,0.0
2022-11-24 00:00:00+05:30,1589.0,1636.0,1584.75,1629.800048828125,1494.7342529296875,5282215,0.0,0.0
2022-11-25 00:00:00+05:30,1631.4000244140625,1644.0,1613.800048828125,1635.6500244140625,1500.099609375,4563255,0.0,0.0
2022-11-28 00:00:00+05:30,1628.0,1653.5,1620.0,1623.4000244140625,1488.8646240234375,3825766,0.0,0.0
2022-11-29 00:00:00+05:30,1621.199951171875,1638.75,1615.050048828125,1629.050048828125,1494.0462646484375,3131710,0.0,0.0
2022-11-30 00:00:00+05:30,1619.949951171875,1645.75,1613.1500244140625,1634.949951171875,1499.45751953125,11868134,0.0,0.0
2022-12-01 00:00:00+05:30,1656.199951171875,1672.5999755859375,1652.300048828125,1657.0999755859375,1519.771728515625,5407928,0.0,0.0
2022-12-02 00:00:00+05:30,1656.0,1661.800048828125,1633.949951171875,1637.9000244140625,1502.1629638671875,4283343,0.0,0.0
2022-12-05 00:00:00+05:30,1638.0,1644.8499755859375,1623.300048828125,1639.75,1503.8594970703125,3824966,0.0,0.0
2022-12-06 00:00:00+05:30,1625.0,1626.0,1607.550048828125,1612.9000244140625,1479.2347412109375,4822398,0.0,0.0
2022-12-07 00:00:00+05:30,1608.0,1623.800048828125,1596.699951171875,1605.5,1472.447998046875,4898087,0.0,0.0
2022-12-08 00:00:00+05:30,1605.5,1623.9000244140625,1598.5,1620.1500244140625,1485.884033203125,4206837,0.0,0.0
2022-12-09 00:00:00+05:30,1628.0,1628.0,1561.0999755859375,1569.300048828125,1439.2481689453125,8880658,0.0,0.0
2022-12-12 00:00:00+05:30,1550.0,1565.949951171875,1530.050048828125,1547.199951171875,1418.9793701171875,8037679,0.0,0.0
2022-12-13 00:00:00+05:30,1547.199951171875,1577.5,1541.1500244140625,1572.1500244140625,1441.86181640625,6135067,0.0,0.0
2022-12-14 00:00:00+05:30,1582.0,1588.5,1573.0,1579.4000244140625,1448.5111083984375,4976020,0.0,0.0
2022-12-15 00:00:00+05:30,1569.300048828125,1570.0,1535.25,1540.5,1412.8345947265625,6443866,0.0,0.0
2022-12-16 00:00:00+05:30,1525.0,1549.5,1512.050048828125,1522.199951171875,1396.05126953125,9630453,0.0,0.0
2022-12-19 00:00:00+05:30,1507.949951171875,1516.9000244140625,1495.050048828125,1507.3499755859375,1382.431884765625,6222740,0.0,0.0
2022-12-20 00:00:00+05:30,1501.0,1516.0,1482.449951171875,1507.300048828125,1382.38623046875,7396259,0.0,0.0
2022-12-21 00:00:00+05:30,1515.0,1521.0,1502.3499755859375,1509.550048828125,1384.44970703125,6236361,0.0,0.0
2022-12-22 00:00:00+05:30,1521.5,1529.949951171875,1511.75,1522.050048828125,1395.9136962890625,6302640,0.0,0.0
2022-12-23 00:00:00+05:30,1508.699951171875,1509.9000244140625,1493.0,1497.0999755859375,1373.031494140625,6283822,0.0,0.0
2022-12-26 00:00:00+05:30,1500.5,1509.9000244140625,1496.3499755859375,1502.4000244140625,1377.892333984375,4115459,0.0,0.0
2022-12-27 00:00:00+05:30,1509.949951171875,1521.449951171875,1497.5,1514.8499755859375,1389.310302734375,4860076,0.0,0.0
2022-12-28 00:00:00+05:30,1505.0999755859375,1524.949951171875,1498.5,1510.1500244140625,1385.0,5029860,0.0,0.0
2022-12-29 00:00:00+05:30,1504.0,1521.300048828125,1501.0,1517.550048828125,1391.7867431640625,4624745,0.0,0.0
2022-12-30 00:00:00+05:30,1528.0,1530.4000244140625,1504.050048828125,1508.199951171875,1383.21142578125,5060544,0.0,0.0
2023-01-02 00:00:00+05:30,1514.0,1526.5,1504.050048828125,1524.0,1397.7020263671875,3801140,0.0,0.0
2023-01-03 00:00:00+05:30,1519.8499755859375,1532.6500244140625,1515.0999755859375,1522.550048828125,1396.372314453125,4551130,0.0,0.0
2023-01-04 00:00:00+05:30,1521.0,1521.0,1491.0999755859375,1494.800048828125,1370.9219970703125,7059590,0.0,0.0
2023-01-05 00:00:00+05:30,1505.9000244140625,1505.9000244140625,1469.25,1475.199951171875,1352.9462890625,9868404,0.0,0.0
2023-01-06 00:00:00+05:30,1470.0,1475.0,1446.5,1448.5,1328.458984375,6443714,0.0,0.0
2023-01-09 00:00:00+05:30,1448.199951171875,1489.3499755859375,1448.199951171875,1484.449951171875,1361.4296875,11498717,0.0,0.0
2023-01-10 00:00:00+05:30,1482.0,1483.9000244140625,1454.050048828125,1469.75,1347.947998046875,7158624,0.0,0.0
2023-01-11 00:00:00+05:30,1470.0,1494.0,1464.0,1471.25,1349.3236083984375,6173092,0.0,0.0
2023-01-12 00:00:00+05:30,1481.949951171875,1485.0,1455.0,1480.5999755859375,1357.8988037109375,6591385,0.0,0.0
2023-01-13 00:00:00+05:30,1483.5,1519.4000244140625,1468.0,1503.6500244140625,1379.0386962890625,11610426,0.0,0.0
2023-01-16 00:00:00+05:30,1510.0,1528.0,1502.300048828125,1525.5,1399.077880859375,6073063,0.0,0.0
2023-01-17 00:00:00+05:30,1527.0,1542.199951171875,1524.0,1539.5,1411.91748046875,5922644,0.0,0.0
2023-01-18 00:00:00+05:30,1544.75,1551.8499755859375,1539.5999755859375,1545.4000244140625,1417.3287353515625,5843098,0.0,0.0
2023-01-19 00:00:00+05:30,1539.9000244140625,1549.550048828125,1526.1500244140625,1538.9000244140625,1411.3671875,6165284,0.0,0.0
2023-01-20 00:00:00+05:30,1538.0,1545.0,1524.0,1525.550048828125,1399.1236572265625,6496429,0.0,0.0
2023-01-23 00:00:00+05:30,1535.0,1553.300048828125,1528.0999755859375,1548.0,1419.7132568359375,4855020,0.0,0.0
2023-01-24 00:00:00+05:30,1560.0,1568.800048828125,1549.75,1551.9000244140625,1423.2900390625,5200802,0.0,0.0
2023-01-25 00:00:00+05:30,1547.0,1556.0,1538.75,1543.0,1415.1275634765625,4158617,0.0,0.0
2023-01-27 00:00:00+05:30,1546.0,1550.949951171875,1507.4000244140625,1519.1500244140625,1393.2540283203125,6209955,0.0,0.0
2023-01-30 00:00:00+05:30,1528.800048828125,1544.0,1520.0,1538.800048828125,1411.2757568359375,6964719,0.0,0.0
2023-01-31 00:00:00+05:30,1548.9000244140625,1548.9000244140625,1513.0,1533.75,1406.64404296875,9448126,0.0,0.0
2023-02-01 00:00:00+05:30,1542.199951171875,1555.050048828125,1528.050048828125,1551.0999755859375,1422.55615234375,6194199,0.0,0.0
2023-02-02 00:00:00+05:30,1552.0,1586.949951171875,1552.0,1583.75,1452.50048828125,6916834,0.0,0.0
2023-02-03 00:00:00+05:30,1597.5,1604.6500244140625,1573.0,1599.4000244140625,1466.853515625,7040194,0.0,0.0
2023-02-06 00:00:00+05:30,1598.0,1598.0,1561.5999755859375,1569.8499755859375,1439.75244140625,4570612,0.0,0.0
2023-02-07 00:00:00+05:30,1569.0,1576.050048828125,1555.0999755859375,1562.4000244140625,1432.919921875,4336238,0.0,0.0
2023-02-08 00:00:00+05:30,1565.5,1603.0,1565.5,1590.5,1458.691162109375,7983338,0.0,0.0
2023-02-09 00:00:00+05:30,1596.199951171875,1619.75,1586.050048828125,1617.0,1482.9949951171875,6904911,0.0,0.0
2023-02-10 00:00:00+05:30,1612.949951171875,1616.300048828125,1596.449951171875,1608.550048828125,1475.245361328125,4786762,0.0,0.0
2023-02-13 00:00:00+05:30,1597.0,1597.0,1566.0,1567.449951171875,1437.55126953125,4001199,0.0,0.0
2023-02-14 00:00:00+05:30,1584.699951171875,1596.0,1578.1500244140625,1593.25,1461.213134765625,5043736,0.0,0.0
2023-02-15 00:00:00+05:30,1584.0,1599.0,1576.0,1597.050048828125,1464.6982421875,3465747,0.0,0.0
2023-02-16 00:00:00+05:30,1600.0,1614.449951171875,1597.8499755859375,1601.800048828125,1469.0546875,4290289,0.0,0.0
2023-02-17 00:00:00+05:30,1594.0,1595.0,1575.5,1583.800048828125,1452.54638671875,2857734,0.0,0.0
2023-02-20 00:00:00+05:30,1584.949951171875,1603.0,1582.5,1592.449951171875,1460.4793701171875,2417716,0.0,0.0
2023-02-21 00:00:00+05:30,1598.699951171875,1601.6500244140625,1576.0,1579.5,1448.602783203125,2723288,0.0,0.0
2023-02-22 00:00:00+05:30,1563.0,1575.0,1555.300048828125,1561.800048828125,1432.36962890625,3656244,0.0,0.0
2023-02-23 00:00:00+05:30,1569.8499755859375,1569.8499755859375,1548.1500244140625,1550.699951171875,1422.189453125,4766854,0.0,0.0
2023-02-24 00:00:00+05:30,1560.0,1569.0,1545.0,1550.6500244140625,1422.1435546875,2790986,0.0,0.0
2023-02-27 00:00:00+05:30,1540.0,1540.0,1502.0,1509.300048828125,1384.220458984375,4920268,0.0,0.0
2023-02-28 00:00:00+05:30,1515.5999755859375,1524.0,1481.300048828125,1487.550048828125,1364.2728271484375,9679811,0.0,0.0
2023-03-01 00:00:00+05:30,1492.4000244140625,1500.8499755859375,1481.5,1496.050048828125,1372.0684814453125,5125043,0.0,0.0
2023-03-02 00:00:00+05:30,1485.0,1488.5999755859375,1467.300048828125,1472.1500244140625,1350.149169921875,4644499,0.0,0.0
2023-03-03 00:00:00+05:30,1486.75,1489.800048828125,1473.0,1479.300048828125,1356.7064208984375,4615015,0.0,0.0
2023-03-06 00:00:00+05:30,1494.550048828125,1520.4000244140625,1493.1500244140625,1507.449951171875,1382.523681640625,6561742,0.0,0.0
2023-03-08 00:00:00+05:30,1490.550048828125,1496.0,1481.0999755859375,1492.699951171875,1368.9959716796875,4137080,0.0,0.0
2023-03-09 00:00:00+05:30,1495.0,1498.3499755859375,1474.5999755859375,1480.4000244140625,1357.71533203125,5104656,0.0,0.0
2023-03-10 00:00:00+05:30,1460.0,1474.300048828125,1457.6500244140625,1471.550048828125,1349.598876953125,3699580,0.0,0.0
2023-03-13 00:00:00+05:30,1464.199951171875,1478.300048828125,1428.0,1435.0999755859375,1316.16943359375,8798403,0.0,0.0
2023-03-14 00:00:00+05:30,1441.0,1448.3499755859375,1411.0,1420.0,1302.32080078125,7402784,0.0,0.0
2023-03-15 00:00:00+05:30,1438.0,1442.8499755859375,1416.8499755859375,1419.6500244140625,1301.9998779296875,7556182,0.0,0.0
2023-03-16 00:00:00+05:30,1417.800048828125,1417.800048828125,1398.699951171875,1404.0999755859375,1287.738525390625,7323117,0.0,0.0
2023-03-17 00:00:00+05:30,1430.0,1442.9000244140625,1411.4000244140625,1420.699951171875,1302.9627685546875,9090018,0.0,0.0
2023-03-20 00:00:00+05:30,1419.699951171875,1419.699951171875,1384.8499755859375,1403.6500244140625,1287.3258056640625,8221829,0.0,0.0
2023-03-21 00:00:00+05:30,1399.0,1405.0,1390.0,1390.699951171875,1275.448974609375,8536755,0.0,0.0
2023-03-22 00:00:00+05:30,1403.0,1407.25,1382.1500244140625,1389.25,1274.1192626953125,8356487,0.0,0.0
2023-03-23 00:00:00+05:30,1383.949951171875,1383.949951171875,1370.0,1374.550048828125,1260.637451171875,7607718,0.0,0.0
2023-03-24 00:00:00+05:30,1388.0,1398.949951171875,1377.5,1380.6500244140625,1266.23193359375,7559127,0.0,0.0
2023-03-27 00:00:00+05:30,1386.25,1395.75,1374.0999755859375,1388.949951171875,1273.8441162109375,4170193,0.0,0.0
2023-03-28 00:00:00+05:30,1392.0999755859375,1398.0,1375.8499755859375,1377.5999755859375,1263.4345703125,6633366,0.0,0.0
2023-03-29 00:00:00+05:30,1379.0,1389.9000244140625,1364.550048828125,1383.550048828125,1268.8914794921875,8813966,0.0,0.0
2023-03-31 00:00:00+05:30,1404.0,1429.949951171875,1393.9000244140625,1427.949951171875,1309.6119384765625,8711975,0.0,0.0
2023-04-03 00:00:00+05:30,1435.0,1435.0,1405.1500244140625,1410.8499755859375,1293.9290771484375,5242764,0.0,0.0
2023-04-05 00:00:00+05:30,1400.0,1427.5,1400.0,1423.550048828125,1305.576904296875,7506334,0.0,0.0
2023-04-06 00:00:00+05:30,1416.0,1428.4000244140625,1410.3499755859375,1421.9000244140625,1304.0633544921875,6948465,0.0,0.0
2023-04-10 00:00:00+05:30,1423.949951171875,1434.0,1415.0,1427.5999755859375,1309.291015625,4993788,0.0,0.0
2023-04-11 00:00:00+05:30,1428.9000244140625,1433.3499755859375,1389.0,1406.1500244140625,1289.61865234375,6942255,0.0,0.0
2023-04-12 00:00:00+05:30,1413.050048828125,1431.5,1400.0,1428.300048828125,1309.93310546875,5831169,0.0,0.0
2023-04-13 00:00:00+05:30,1409.75,1411.050048828125,1383.0,1389.199951171875,1274.0732421875,11267238,0.0,0.0
2023-04-17 00:00:00+05:30,1250.300048828125,1261.1500244140625,1185.300048828125,1258.300048828125,1154.021484375,53171705,0.0,0.0
2023-04-18 00:00:00+05:30,1269.949951171875,1269.949951171875,1253.0999755859375,1259.3499755859375,1154.984130859375,12430884,0.0,0.0
2023-04-19 00:00:00+05:30,1254.3499755859375,1254.3499755859375,1229.4000244140625,1232.199951171875,1130.0843505859375,11307230,0.0,0.0
2023-04-20 00:00:00+05:30,1230.699951171875,1237.8499755859375,1221.4000244140625,1223.4000244140625,1122.013671875,8621249,0.0,0.0
2023-04-21 00:00:00+05:30,1228.0999755859375,1233.25,1220.0,1227.3499755859375,1125.6363525390625,8691352,0.0,0.0
2023-04-24 00:00:00+05:30,1228.0,1230.0,1218.0,1226.300048828125,1124.6734619140625,8313774,0.0,0.0
2023-04-25 00:00:00+05:30,1225.949951171875,1235.5,1215.0,1224.9000244140625,1123.389404296875,6808576,0.0,0.0
2023-04-26 00:00:00+05:30,1228.0,1233.0,1220.550048828125,1227.550048828125,1125.81982421875,5680192,0.0,0.0
2023-04-27 00:00:00+05:30,1230.0,1247.800048828125,1225.4000244140625,1246.25,1142.969970703125,8020704,0.0,0.0
2023-04-28 00:00:00+05:30,1255.699951171875,1259.0,1244.949951171875,1252.75,1148.931396484375,10118277,0.0,0.0
2023-05-02 00:00:00+05:30,1254.550048828125,1279.75,1254.550048828125,1277.449951171875,1171.58447265625,8886401,0.0,0.0
2023-05-03 00:00:00+05:30,1266.0,1272.5,1262.0999755859375,1269.1500244140625,1163.9722900390625,5549783,0.0,0.0
2023-05-04 00:00:00+05:30,1268.949951171875,1275.800048828125,1262.5,1273.550048828125,1168.0074462890625,4505401,0.0,0.0
2023-05-05 00:00:00+05:30,1279.0,1279.0,1254.25,1259.0999755859375,1154.755126953125,5373791,0.0,0.0
2023-05-08 00:00:00+05:30,1262.449951171875,1270.300048828125,1255.199951171875,1265.5999755859375,1160.716552734375,5260842,0.0,0.0
2023-05-09 00:00:00+05:30,1266.0,1272.0,1260.699951171875,1270.699951171875,1165.393798828125,4969897,0.0,0.0
2023-05-10 00:00:00+05:30,1276.4000244140625,1276.4000244140625,1259.1500244140625,1263.25,1158.5611572265625,6515734,0.0,0.0
2023-05-11 00:00:00+05:30,1270.25,1275.9000244140625,1253.050048828125,1256.0999755859375,1152.003662109375,6888461,0.0,0.0
2023-05-12 00:00:00+05:30,1253.3499755859375,1256.0,1239.050048828125,1245.199951171875,1142.007080078125,8292212,0.0,0.0
2023-05-15 00:00:00+05:30,1249.9000244140625,1268.9000244140625,1245.6500244140625,1258.3499755859375,1154.0672607421875,5534710,0.0,0.0
2023-05-16 00:00:00+05:30,1265.0,1273.949951171875,1262.75,1264.300048828125,1159.5242919921875,5236469,0.0,0.0
2023-05-17 00:00:00+05:30,1260.5999755859375,1260.949951171875,1242.449951171875,1246.9000244140625,1143.5660400390625,10465667,0.0,0.0
2023-05-18 00:00:00+05:30,1258.5999755859375,1259.6500244140625,1242.449951171875,1246.0,1142.74072265625,6948732,0.0,0.0
2023-05-19 00:00:00+05:30,1256.050048828125,1273.300048828125,1252.800048828125,1268.9000244140625,1163.742919921875,11094136,0.0,0.0
2023-05-22 00:00:00+05:30,1272.949951171875,1295.5999755859375,1270.25,1292.800048828125,1185.662353515625,7625947,0.0,0.0
2023-05-23 00:00:00+05:30,1299.199951171875,1314.1500244140625,1297.050048828125,1300.050048828125,1192.311279296875,7436031,0.0,0.0
2023-05-24 00:00:00+05:30,1296.300048828125,1305.0,1291.300048828125,1298.6500244140625,1191.0274658203125,4824077,0.0,0.0
2023-05-25 00:00:00+05:30,1294.5,1307.0,1289.25,1304.3499755859375,1196.2552490234375,4334121,0.0,0.0
2023-05-26 00:00:00+05:30,1306.0,1323.449951171875,1306.0,1317.449951171875,1208.26953125,5521606,0.0,0.0
2023-05-29 00:00:00+05:30,1332.699951171875,1332.699951171875,1309.8499755859375,1314.4000244140625,1205.4722900390625,4419365,0.0,0.0
2023-05-30 00:00:00+05:30,1315.0,1326.4000244140625,1309.1500244140625,1323.8499755859375,1214.1390380859375,6274719,0.0,0.0
2023-05-31 00:00:00+05:30,1319.8499755859375,1331.0999755859375,1314.1500244140625,1318.300048828125,1209.049072265625,17800782,0.0,0.0
2023-06-01 00:00:00+05:30,1322.550048828125,1329.5,1318.0999755859375,1319.5,1210.1495361328125,4277841,0.0,0.0
2023-06-02 00:00:00+05:30,1309.0,1312.9000244140625,1296.050048828125,1299.0,1207.3614501953125,10909311,17.5,0.0
2023-06-05 00:00:00+05:30,1304.0,1309.449951171875,1297.300048828125,1304.5,1212.473388671875,5002553,0.0,0.0
2023-06-06 00:00:00+05:30,1288.5999755859375,1288.5999755859375,1273.0,1279.0,1188.772216796875,10008100,0.0,0.0
2023-06-07 00:00:00+05:30,1290.5,1294.0,1282.5,1288.949951171875,1198.0201416015625,5397578,0.0,0.0
2023-06-08 00:00:00+05:30,1286.199951171875,1292.0,1281.0999755859375,1282.800048828125,1192.3040771484375,5034942,0.0,0.0
2023-06-09 00:00:00+05:30,1282.5,1282.5,1264.0,1265.949951171875,1176.642822265625,5339073,0.0,0.0
2023-06-12 00:00:00+05:30,1273.5,1295.699951171875,1273.0,1291.949951171875,1200.80859375,4785588,0.0,0.0
2023-06-13 00:00:00+05:30,1299.9000244140625,1306.5,1297.050048828125,1304.8499755859375,1212.7987060546875,4846587,0.0,0.0
2023-06-14 00:00:00+05:30,1306.3499755859375,1306.699951171875,1293.199951171875,1300.4000244140625,1208.66259765625,3457981,0.0,0.0
2023-06-15 00:00:00+05:30,1293.949951171875,1293.949951171875,1282.6500244140625,1286.800048828125,1196.02197265625,6161155,0.0,0.0
2023-06-16 00:00:00+05:30,1287.0,1301.5,1281.050048828125,1291.6500244140625,1200.52978515625,8536287,0.0,0.0
2023-06-19 00:00:00+05:30,1294.0,1299.5,1287.050048828125,1294.0,1202.714111328125,4451787,0.0,0.0
2023-06-20 00:00:00+05:30,1294.0,1305.0,1291.0999755859375,1303.4000244140625,1211.4510498046875,4009180,0.0,0.0
2023-06-21 00:00:00+05:30,1299.949951171875,1303.800048828125,1295.0,1299.3499755859375,1207.6865234375,4041529,0.0,0.0
2023-06-22 00:00:00+05:30,1289.4000244140625,1289.4000244140625,1273.5,1281.550048828125,1191.1424560546875,6676607,0.0,0.0
2023-06-23 00:00:00+05:30,1276.449951171875,1279.3499755859375,1263.3499755859375,1265.0,1175.759765625,7239467,0.0,0.0
2023-06-26 00:00:00+05:30,1270.25,1274.0,1262.25,1270.3499755859375,1180.7322998046875,3403244,0.0,0.0
2023-06-27 00:00:00+05:30,1280.0,1282.0,1274.199951171875,1279.1500244140625,1188.9117431640625,3240024,0.0,0.0
2023-06-28 00:00:00+05:30,1290.0,1296.699951171875,1281.4000244140625,1293.3499755859375,1202.1097412109375,5662358,0.0,0.0
2023-06-30 00:00:00+05:30,1308.199951171875,1338.9000244140625,1304.449951171875,1335.5,1241.2862548828125,12821692,0.0,0.0
2023-07-03 00:00:00+05:30,1330.0,1346.0,1328.449951171875,1333.699951171875,1239.61328125,7732412,0.0,0.0
2023-07-04 00:00:00+05:30,1344.300048828125,1346.0,1331.4000244140625,1345.1500244140625,1250.2554931640625,5797775,0.0,0.0
2023-07-05 00:00:00+05:30,1357.8499755859375,1357.949951171875,1341.0,1347.300048828125,1252.2540283203125,5414936,0.0,0.0
2023-07-06 00:00:00+05:30,1342.550048828125,1347.449951171875,1337.1500244140625,1343.9000244140625,1249.09375,5963897,0.0,0.0
2023-07-07 00:00:00+05:30,1334.0,1345.800048828125,1325.3499755859375,1330.199951171875,1236.360107421875,6295647,0.0,0.0
2023-07-10 00:00:00+05:30,1336.550048828125,1341.9000244140625,1319.300048828125,1329.1500244140625,1235.38427734375,3940315,0.0,0.0
2023-07-11 00:00:00+05:30,1333.449951171875,1350.9000244140625,1327.0,1348.5999755859375,1253.462158203125,6126128,0.0,0.0
2023-07-12 00:00:00+05:30,1351.0,1351.9000244140625,1327.0,1333.300048828125,1239.2415771484375,8102770,0.0,0.0
2023-07-13 00:00:00+05:30,1334.9000244140625,1376.800048828125,1330.8499755859375,1365.0999755859375,1268.7982177734375,9977644,0.0,0.0
2023-07-14 00:00:00+05:30,1380.6500244140625,1430.0,1380.6500244140625,1425.949951171875,1325.35546875,12833381,0.0,0.0
2023-07-17 00:00:00+05:30,1425.949951171875,1458.949951171875,1414.300048828125,1422.949951171875,1322.567138671875,11569884,0.0,0.0
2023-07-18 00:00:00+05:30,1434.0,1477.949951171875,1429.0,1475.199951171875,1371.1309814453125,16743977,0.0,0.0
2023-07-19 00:00:00+05:30,1486.0,1498.800048828125,1460.699951171875,1474.949951171875,1370.8988037109375,13687062,0.0,0.0
2023-07-20 00:00:00+05:30,1471.0,1471.0,1440.699951171875,1449.5,1347.244140625,8347221,0.0,0.0
2023-07-21 00:00:00+05:30,1320.199951171875,1350.0,1305.0,1331.5999755859375,1237.661376953125,45548305,0.0,0.0
2023-07-24 00:00:00+05:30,1341.0,1349.9000244140625,1334.25,1336.5999755859375,1242.3087158203125,8859789,0.0,0.0
2023-07-25 00:00:00+05:30,1337.0,1342.8499755859375,1324.25,1334.5999755859375,1240.44970703125,6801982,0.0,0.0
2023-07-26 00:00:00+05:30,1343.0,1350.0,1339.4000244140625,1348.8499755859375,1253.694580078125,5528885,0.0,0.0
2023-07-27 00:00:00+05:30,1358.5999755859375,1363.800048828125,1347.050048828125,1353.1500244140625,1257.6912841796875,9191861,0.0,0.0
2023-07-28 00:00:00+05:30,1353.8499755859375,1363.8499755859375,1336.0,1340.5,1245.9337158203125,6122735,0.0,0.0
2023-07-31 00:00:00+05:30,1348.75,1357.5,1333.25,1355.699951171875,1260.0614013671875,7902180,0.0,0.0
2023-08-01 00:00:00+05:30,1362.0,1369.0,1357.0,1365.199951171875,1268.8909912109375,6064652,0.0,0.0
2023-08-02 00:00:00+05:30,1369.300048828125,1371.949951171875,1348.449951171875,1356.8499755859375,1261.1302490234375,7419145,0.0,0.0
2023-08-03 00:00:00+05:30,1350.0,1366.550048828125,1349.0,1364.300048828125,1268.0545654296875,6503741,0.0,0.0
2023-08-04 00:00:00+05:30,1368.9000244140625,1385.9000244140625,1362.0,1378.3499755859375,1281.1134033203125,5712345,0.0,0.0
2023-08-07 00:00:00+05:30,1387.9000244140625,1395.0,1377.0,1393.0,1294.72998046875,3729093,0.0,0.0
2023-08-08 00:00:00+05:30,1392.8499755859375,1393.550048828125,1384.4000244140625,1390.199951171875,1292.12744140625,4161877,0.0,0.0
2023-08-09 00:00:00+05:30,1384.0,1396.0,1382.5,1394.4000244140625,1296.0313720703125,4090828,0.0,0.0
2023-08-10 00:00:00+05:30,1391.5999755859375,1395.800048828125,1385.5999755859375,1389.0999755859375,1291.105224609375,3873025,0.0,0.0
2023-08-11 00:00:00+05:30,1392.0,1396.8499755859375,1367.050048828125,1371.8499755859375,1275.0718994140625,5783517,0.0,0.0
2023-08-14 00:00:00+05:30,1371.8499755859375,1395.0,1365.5999755859375,1393.550048828125,1295.2412109375,4304135,0.0,0.0
2023-08-16 00:00:00+05:30,1410.800048828125,1419.949951171875,1405.4000244140625,1418.5,1318.43115234375,7735313,0.0,0.0
2023-08-17 00:00:00+05:30,1420.0,1420.0,1406.0,1411.550048828125,1311.971435546875,5618346,0.0,0.0
2023-08-18 00:00:00+05:30,1403.699951171875,1408.699951171875,1386.1500244140625,1388.800048828125,1290.8262939453125,5134103,0.0,0.0
2023-08-21 00:00:00+05:30,1389.75,1407.0,1387.1500244140625,1405.4000244140625,1306.2552490234375,3032722,0.0,0.0
2023-08-22 00:00:00+05:30,1404.699951171875,1406.050048828125,1396.6500244140625,1403.75,1304.721435546875,2890714,0.0,0.0
2023-08-23 00:00:00+05:30,1416.0,1416.5999755859375,1405.6500244140625,1407.949951171875,1308.625244140625,2559125,0.0,0.0
2023-08-24 00:00:00+05:30,1421.5,1425.050048828125,1414.449951171875,1423.5999755859375,1323.171142578125,5171963,0.0,0.0
2023-08-25 00:00:00+05:30,1413.0,1422.5,1411.4000244140625,1420.0999755859375,1319.918212890625,4307172,0.0,0.0
2023-08-28 00:00:00+05:30,1420.0999755859375,1424.800048828125,1411.4000244140625,1415.6500244140625,1315.7822265625,3133464,0.0,0.0
2023-08-29 00:00:00+05:30,1424.0,1424.4000244140625,1415.300048828125,1417.6500244140625,1317.64111328125,3074444,0.0,0.0
2023-08-30 00:00:00+05:30,1427.0,1436.6500244140625,1424.0,1435.1500244140625,1333.9066162109375,3070887,0.0,0.0
2023-08-31 00:00:00+05:30,1435.1500244140625,1444.9000244140625,1428.6500244140625,1435.449951171875,1334.1851806640625,9792735,0.0,0.0
2023-09-01 00:00:00+05:30,1430.949951171875,1446.0,1428.199951171875,1443.8499755859375,1341.9927978515625,3582133,0.0,0.0
2023-09-04 00:00:00+05:30,1443.0,1470.0,1434.699951171875,1465.0999755859375,1361.74365234375,4609014,0.0,0.0
2023-09-05 00:00:00+05:30,1465.0,1480.050048828125,1456.5,1478.9000244140625,1374.5701904296875,5496840,0.0,0.0
2023-09-06 00:00:00+05:30,1481.9000244140625,1482.9000244140625,1463.300048828125,1477.449951171875,1373.2222900390625,5075786,0.0,0.0
2023-09-07 00:00:00+05:30,1470.5999755859375,1473.4000244140625,1462.050048828125,1466.199951171875,1362.7659912109375,4411743,0.0,0.0
2023-09-08 00:00:00+05:30,1463.5,1474.75,1460.199951171875,1469.5999755859375,1365.9261474609375,3125838,0.0,0.0
2023-09-11 00:00:00+05:30,1469.5999755859375,1478.050048828125,1464.5,1476.449951171875,1372.29296875,4182226,0.0,0.0
2023-09-12 00:00:00+05:30,1482.5,1504.0,1477.0999755859375,1501.0999755859375,1395.2039794921875,6793161,0.0,0.0
2023-09-13 00:00:00+05:30,1505.0,1505.0,1488.6500244140625,1498.3499755859375,1392.64794921875,4804686,0.0,0.0
2023-09-14 00:00:00+05:30,1505.0,1512.550048828125,1499.1500244140625,1506.949951171875,1400.6412353515625,6444213,0.0,0.0
2023-09-15 00:00:00+05:30,1518.0,1518.4000244140625,1509.0,1511.5999755859375,1404.96337890625,8657816,0.0,0.0
2023-09-18 00:00:00+05:30,1504.9000244140625,1504.9000244140625,1488.0,1491.800048828125,1386.5601806640625,3991916,0.0,0.0
2023-09-20 00:00:00+05:30,1476.199951171875,1495.0999755859375,1476.199951171875,1490.25,1385.119384765625,4169337,0.0,0.0
2023-09-21 00:00:00+05:30,1486.550048828125,1504.550048828125,1476.0,1501.75,1395.80810546875,6779195,0.0,0.0
2023-09-22 00:00:00+05:30,1491.9000244140625,1506.949951171875,1485.199951171875,1496.1500244140625,1390.603271484375,5455613,0.0,0.0
2023-09-25 00:00:00+05:30,1489.8499755859375,1489.8499755859375,1471.550048828125,1474.1500244140625,1370.1552734375,4217863,0.0,0.0
2023-09-26 00:00:00+05:30,1479.1500244140625,1479.9000244140625,1459.0,1460.6500244140625,1357.6075439453125,3996528,0.0,0.0
2023-09-27 00:00:00+05:30,1456.0,1469.5999755859375,1450.050048828125,1467.0,1363.509521484375,3863586,0.0,0.0
2023-09-28 00:00:00+05:30,1467.9000244140625,1472.5999755859375,1435.0,1439.449951171875,1337.9033203125,5814602,0.0,0.0
2023-09-29 00:00:00+05:30,1432.0999755859375,1446.800048828125,1416.0,1435.449951171875,1334.1851806640625,6068968,0.0,0.0
2023-10-03 00:00:00+05:30,1436.050048828125,1437.0,1420.300048828125,1434.0,1332.837646484375,4181867,0.0,0.0
2023-10-04 00:00:00+05:30,1425.0,1449.949951171875,1418.199951171875,1444.3499755859375,1342.45751953125,4510406,0.0,0.0
2023-10-05 00:00:00+05:30,1452.0,1475.6500244140625,1450.199951171875,1463.449951171875,1360.2099609375,7384621,0.0,0.0
2023-10-06 00:00:00+05:30,1469.5,1484.5,1463.300048828125,1478.699951171875,1374.38427734375,3598672,0.0,0.0
2023-10-09 00:00:00+05:30,1464.9000244140625,1491.0,1462.199951171875,1475.449951171875,1371.36328125,3567552,0.0,0.0
2023-10-10 00:00:00+05:30,1483.9000244140625,1497.0,1469.0999755859375,1495.1500244140625,1389.673828125,5688951,0.0,0.0
2023-10-11 00:00:00+05:30,1497.0,1518.25,1481.449951171875,1494.4000244140625,1388.9765625,7220129,0.0,0.0
2023-10-12 00:00:00+05:30,1491.9000244140625,1504.4000244140625,1452.0,1465.5,1362.1153564453125,11081662,0.0,0.0
2023-10-13 00:00:00+05:30,1405.0,1438.0,1400.0,1431.1500244140625,1330.1885986328125,17973439,0.0,0.0
2023-10-16 00:00:00+05:30,1432.0999755859375,1443.5999755859375,1430.0,1434.1500244140625,1332.97705078125,4850745,0.0,0.0
2023-10-17 00:00:00+05:30,1440.25,1453.3499755859375,1438.050048828125,1442.449951171875,1340.691650390625,3923764,0.0,0.0
2023-10-18 00:00:00+05:30,1442.0,1454.0,1438.3499755859375,1440.550048828125,1338.9254150390625,4264837,0.0,0.0
2023-10-19 00:00:00+05:30,1426.0999755859375,1439.6500244140625,1426.0999755859375,1433.6500244140625,1332.512451171875,6795691,0.0,0.0
2023-10-20 00:00:00+05:30,1430.0,1438.5,1425.25,1427.25,1326.5638427734375,3928622,0.0,0.0
2023-10-23 00:00:00+05:30,1425.5999755859375,1432.3499755859375,1405.25,1408.6500244140625,1309.2760009765625,2636516,0.0,0.0
2023-10-25 00:00:00+05:30,1399.0,1402.550048828125,1361.300048828125,1370.050048828125,1289.88134765625,6940777,18.0,0.0
2023-10-26 00:00:00+05:30,1355.050048828125,1374.0,1353.0999755859375,1359.449951171875,1279.901611328125,6357656,0.0,0.0
2023-10-27 00:00:00+05:30,1363.6500244140625,1385.0,1363.6500244140625,1380.3499755859375,1299.5784912109375,4634358,0.0,0.0
2023-10-30 00:00:00+05:30,1380.3499755859375,1380.3499755859375,1363.0999755859375,1377.050048828125,1296.4718017578125,2667696,0.0,0.0
2023-10-31 00:00:00+05:30,1379.949951171875,1381.1500244140625,1363.0,1368.4000244140625,1288.327880859375,3451595,0.0,0.0
2023-11-01 00:00:00+05:30,1373.050048828125,1377.449951171875,1351.6500244140625,1354.1500244140625,1274.91162109375,3090672,0.0,0.0
2023-11-02 00:00:00+05:30,1370.0,1376.300048828125,1361.6500244140625,1370.1500244140625,1289.9754638671875,3758060,0.0,0.0
2023-11-03 00:00:00+05:30,1380.050048828125,1392.0,1377.75,1389.050048828125,1307.76953125,3349045,0.0,0.0
2023-11-06 00:00:00+05:30,1393.9000244140625,1407.25,1390.800048828125,1403.300048828125,1321.185791015625,2736381,0.0,0.0
2023-11-07 00:00:00+05:30,1400.0,1405.9000244140625,1394.8499755859375,1404.300048828125,1322.127197265625,2272209,0.0,0.0
2023-11-08 00:00:00+05:30,1405.0,1405.0,1386.449951171875,1391.0,1309.60546875,3550635,0.0,0.0
2023-11-09 00:00:00+05:30,1395.9000244140625,1397.5,1370.050048828125,1374.800048828125,1294.3533935546875,5498051,0.0,0.0
2023-11-10 00:00:00+05:30,1369.949951171875,1373.1500244140625,1361.0,1368.8499755859375,1288.75146484375,2943649,0.0,0.0
2023-11-13 00:00:00+05:30,1379.8499755859375,1382.449951171875,1370.8499755859375,1373.550048828125,1293.1766357421875,3462092,0.0,0.0
2023-11-15 00:00:00+05:30,1399.0,1414.0,1393.0,1410.5,1327.96435546875,8551860,0.0,0.0
2023-11-16 00:00:00+05:30,1416.0999755859375,1453.4000244140625,1410.5999755859375,1444.9000244140625,1360.3514404296875,6673907,0.0,0.0
2023-11-17 00:00:00+05:30,1441.050048828125,1451.0,1435.050048828125,1437.550048828125,1353.4315185546875,4901251,0.0,0.0
2023-11-20 00:00:00+05:30,1442.0,1452.0,1433.6500244140625,1436.5999755859375,1352.537109375,3584210,0.0,0.0
2023-11-21 00:00:00+05:30,1442.0,1450.0,1436.75,1439.0,1354.796630859375,3793135,0.0,0.0
2023-11-22 00:00:00+05:30,1436.199951171875,1458.949951171875,1436.199951171875,1457.800048828125,1372.4967041015625,3108786,0.0,0.0
2023-11-23 00:00:00+05:30,1467.9000244140625,1467.9000244140625,1447.699951171875,1449.25,1364.4468994140625,3186928,0.0,0.0
2023-11-24 00:00:00+05:30,1445.550048828125,1452.6500244140625,1433.8499755859375,1437.4000244140625,1353.2904052734375,2973195,0.0,0.0
2023-11-28 00:00:00+05:30,1444.0,1445.0,1427.050048828125,1442.699951171875,1358.2801513671875,3755373,0.0,0.0
2023-11-29 00:00:00+05:30,1451.0999755859375,1460.699951171875,1449.800048828125,1459.5999755859375,1374.1912841796875,3875778,0.0,0.0
2023-11-30 00:00:00+05:30,1453.25,1460.6500244140625,1449.550048828125,1455.1500244140625,1370.001708984375,10120867,0.0,0.0
2023-12-01 00:00:00+05:30,1459.9000244140625,1459.9000244140625,1446.1500244140625,1452.300048828125,1367.3184814453125,3489187,0.0,0.0
2023-12-04 00:00:00+05:30,1460.449951171875,1471.9000244140625,1449.300048828125,1464.3499755859375,1378.663330078125,5511948,0.0,0.0
2023-12-05 00:00:00+05:30,1465.800048828125,1466.9000244140625,1442.0,1453.949951171875,1368.8719482421875,5123039,0.0,0.0
2023-12-06 00:00:00+05:30,1456.75,1477.0,1451.050048828125,1474.300048828125,1388.03125,5269178,0.0,0.0
2023-12-07 00:00:00+05:30,1472.8499755859375,1472.8499755859375,1461.800048828125,1465.9000244140625,1380.1226806640625,4424453,0.0,0.0
2023-12-08 00:00:00+05:30,1470.4000244140625,1494.699951171875,1466.25,1491.1500244140625,1403.895263671875,6323433,0.0,0.0
2023-12-11 00:00:00+05:30,1490.0,1498.0,1482.0,1488.5,1401.400146484375,3862018,0.0,0.0
2023-12-12 00:00:00+05:30,1477.5,1490.0,1467.6500244140625,1476.050048828125,1389.6787109375,6103494,0.0,0.0
2023-12-13 00:00:00+05:30,1476.0,1476.050048828125,1433.1500244140625,1449.0,1364.2115478515625,8549258,0.0,0.0
2023-12-14 00:00:00+05:30,1463.4000244140625,1511.0,1461.3499755859375,1501.449951171875,1413.5924072265625,12489858,0.0,0.0
2023-12-15 00:00:00+05:30,1523.050048828125,1588.550048828125,1521.0,1578.4000244140625,1486.039794921875,18395389,0.0,0.0
2023-12-18 00:00:00+05:30,1567.949951171875,1593.0,1560.300048828125,1564.3499755859375,1472.811767578125,6467243,0.0,0.0
2023-12-19 00:00:00+05:30,1570.0999755859375,1573.949951171875,1543.25,1558.300048828125,1467.115966796875,4221721,0.0,0.0
2023-12-20 00:00:00+05:30,1565.050048828125,1583.5,1530.0,1536.4000244140625,1446.497314453125,6592367,0.0,0.0
2023-12-21 00:00:00+05:30,1521.25,1546.6500244140625,1521.25,1536.0,1446.120849609375,5319038,0.0,0.0
2023-12-22 00:00:00+05:30,1534.949951171875,1566.0,1523.0,1562.9000244140625,1471.4466552734375,6741060,0.0,0.0
2023-12-26 00:00:00+05:30,1535.0,1548.0,1523.0,1543.949951171875,1453.60546875,6878067,0.0,0.0
2023-12-27 00:00:00+05:30,1544.0,1570.0,1544.0,1567.0999755859375,1475.40087890625,4225849,0.0,0.0
2023-12-28 00:00:00+05:30,1568.949951171875,1568.949951171875,1555.0,1562.6500244140625,1471.211181640625,5702253,0.0,0.0
2023-12-29 00:00:00+05:30,1541.050048828125,1559.449951171875,1540.0,1542.9000244140625,1452.616943359375,4388990,0.0,0.0
2024-01-01 00:00:00+05:30,1539.0,1557.0,1535.25,1551.3499755859375,1460.5726318359375,2808451,0.0,0.0
2024-01-02 00:00:00+05:30,1546.0,1549.1500244140625,1523.0,1534.4000244140625,1444.6142578125,5396313,0.0,0.0
2024-01-03 00:00:00+05:30,1519.949951171875,1519.949951171875,1488.0,1490.0,1402.8123779296875,7550363,0.0,0.0
2024-01-04 00:00:00+05:30,1504.949951171875,1519.75,1492.9000244140625,1512.699951171875,1424.18408203125,7056038,0.0,0.0
2024-01-05 00:00:00+05:30,1506.75,1539.699951171875,1506.25,1532.550048828125,1442.87255859375,8895403,0.0,0.0
2024-01-08 00:00:00+05:30,1528.949951171875,1536.0,1513.25,1522.800048828125,1433.6932373046875,4440136,0.0,0.0
2024-01-09 00:00:00+05:30,1541.9000244140625,1553.0,1525.8499755859375,1529.300048828125,1439.812744140625,4412074,0.0,0.0
2024-01-10 00:00:00+05:30,1524.949951171875,1535.449951171875,1505.0,1519.9000244140625,1430.9627685546875,4096845,0.0,0.0
2024-01-11 00:00:00+05:30,1524.9000244140625,1525.0,1486.5999755859375,1494.199951171875,1406.7666015625,11296088,0.0,0.0
2024-01-12 00:00:00+05:30,1562.0,1618.0,1555.4000244140625,1612.75,1518.3797607421875,26754401,0.0,0.0
2024-01-15 00:00:00+05:30,1644.949951171875,1664.949951171875,1636.0,1652.0999755859375,1555.4271240234375,13228305,0.0,0.0
2024-01-16 00:00:00+05:30,1644.800048828125,1648.5,1625.0,1631.550048828125,1536.07958984375,6500917,0.0,0.0
2024-01-17 00:00:00+05:30,1620.25,1647.5,1620.25,1640.199951171875,1544.223388671875,9209876,0.0,0.0
2024-01-18 00:00:00+05:30,1642.6500244140625,1649.0,1628.25,1642.5999755859375,1546.4830322265625,6375464,0.0,0.0
2024-01-19 00:00:00+05:30,1651.5999755859375,1665.5,1644.1500244140625,1659.199951171875,1562.111572265625,4522736,0.0,0.0
2024-01-23 00:00:00+05:30,1650.0999755859375,1674.699951171875,1637.699951171875,1642.1500244140625,1546.0594482421875,9401255,0.0,0.0
2024-01-24 00:00:00+05:30,1659.9000244140625,1680.0,1645.0,1675.4000244140625,1577.36376953125,8999681,0.0,0.0
2024-01-25 00:00:00+05:30,1672.949951171875,1680.550048828125,1658.0,1669.0999755859375,1571.432373046875,8865304,0.0,0.0
2024-01-29 00:00:00+05:30,1665.1500244140625,1679.3499755859375,1647.5999755859375,1656.5999755859375,1559.6639404296875,4253785,0.0,0.0
2024-01-30 00:00:00+05:30,1662.449951171875,1690.0,1648.25,1651.449951171875,1554.8150634765625,4995943,0.0,0.0
2024-01-31 00:00:00+05:30,1648.25,1667.25,1638.0999755859375,1660.9000244140625,1563.7122802734375,6763779,0.0,0.0
2024-02-01 00:00:00+05:30,1659.550048828125,1677.0,1650.3499755859375,1657.050048828125,1560.0875244140625,5760011,0.0,0.0
2024-02-02 00:00:00+05:30,1666.050048828125,1718.5,1665.0,1693.3499755859375,1594.2633056640625,7858483,0.0,0.0
2024-02-05 00:00:00+05:30,1694.75,1700.75,1681.8499755859375,1687.199951171875,1588.4732666015625,3634135,0.0,0.0
2024-02-06 00:00:00+05:30,1686.75,1733.0,1673.949951171875,1729.449951171875,1628.2508544921875,7694265,0.0,0.0
2024-02-07 00:00:00+05:30,1729.0,1729.0,1686.8499755859375,1693.75,1594.639892578125,4613877,0.0,0.0
2024-02-08 00:00:00+05:30,1698.0,1706.3499755859375,1682.800048828125,1692.0999755859375,1593.0865478515625,5919715,0.0,0.0
2024-02-09 00:00:00+05:30,1684.699951171875,1692.9000244140625,1659.800048828125,1669.3499755859375,1571.667724609375,4600004,0.0,0.0
2024-02-12 00:00:00+05:30,1670.3499755859375,1692.949951171875,1670.3499755859375,1680.0999755859375,1581.7886962890625,3555808,0.0,0.0
2024-02-13 00:00:00+05:30,1683.0,1689.0999755859375,1663.5,1684.550048828125,1585.978271484375,2696481,0.0,0.0
2024-02-14 00:00:00+05:30,1660.199951171875,1669.449951171875,1635.5,1666.199951171875,1568.7020263671875,3768579,0.0,0.0
2024-02-15 00:00:00+05:30,1677.0,1687.75,1661.5999755859375,1676.3499755859375,1578.2581787109375,4834391,0.0,0.0
2024-02-16 00:00:00+05:30,1689.0,1709.0,1687.949951171875,1701.6500244140625,1602.07763671875,4880654,0.0,0.0
2024-02-19 00:00:00+05:30,1705.0,1711.5,1687.699951171875,1699.75,1600.288818359375,3690993,0.0,0.0
2024-02-20 00:00:00+05:30,1685.0,1694.25,1668.75,1685.25,1586.6373291015625,3706389,0.0,0.0
2024-02-21 00:00:00+05:30,1674.0,1674.0,1645.300048828125,1655.550048828125,1558.67529296875,4300508,0.0,0.0
2024-02-22 00:00:00+05:30,1665.0,1684.5999755859375,1644.4000244140625,1681.3499755859375,1582.965576171875,5841277,0.0,0.0
2024-02-23 00:00:00+05:30,1697.0,1698.449951171875,1671.9000244140625,1676.8499755859375,1578.7288818359375,5373072,0.0,0.0
2024-02-26 00:00:00+05:30,1674.949951171875,1674.949951171875,1645.0,1660.1500244140625,1563.0059814453125,2782438,0.0,0.0
2024-02-27 00:00:00+05:30,1661.0,1671.0999755859375,1652.800048828125,1663.5999755859375,1566.254150390625,5159088,0.0,0.0
2024-02-28 00:00:00+05:30,1670.0,1687.800048828125,1662.050048828125,1671.25,1573.45654296875,3188916,0.0,0.0
2024-02-29 00:00:00+05:30,1665.0,1682.25,1653.300048828125,1673.9000244140625,1575.951416015625,7814722,0.0,0.0
2024-03-01 00:00:00+05:30,1669.0,1671.949951171875,1651.0,1654.699951171875,1557.875,6387291,0.0,0.0
2024-03-04 00:00:00+05:30,1657.8499755859375,1664.449951171875,1633.6500244140625,1637.199951171875,1541.39892578125,4445156,0.0,0.0
2024-03-05 00:00:00+05:30,1634.0,1637.3499755859375,1602.0,1606.5,1512.495361328125,4596579,0.0,0.0
2024-03-06 00:00:00+05:30,1602.800048828125,1620.1500244140625,1576.0,1617.550048828125,1522.8988037109375,6420684,0.0,0.0
2024-03-07 00:00:00+05:30,1616.5999755859375,1628.449951171875,1604.199951171875,1616.449951171875,1521.863037109375,6348359,0.0,0.0
2024-03-11 00:00:00+05:30,1608.1500244140625,1613.800048828125,1588.0,1600.5999755859375,1506.940673828125,6752895,0.0,0.0
2024-03-12 00:00:00+05:30,1600.0,1625.0,1597.6500244140625,1612.949951171875,1518.56787109375,4614222,0.0,0.0
2024-03-13 00:00:00+05:30,1612.9000244140625,1624.5,1598.550048828125,1611.4000244140625,1517.1085205078125,5688997,0.0,0.0
2024-03-14 00:00:00+05:30,1614.4000244140625,1657.75,1608.0,1653.300048828125,1556.5570068359375,8803799,0.0,0.0
2024-03-15 00:00:00+05:30,1641.0999755859375,1645.800048828125,1618.3499755859375,1634.0,1538.38623046875,11809997,0.0,0.0
2024-03-18 00:00:00+05:30,1630.0,1632.6500244140625,1598.8499755859375,1602.6500244140625,1508.8707275390625,4958904,0.0,0.0
2024-03-19 00:00:00+05:30,1592.3499755859375,1599.0,1558.0,1561.449951171875,1470.0814208984375,6870411,0.0,0.0
2024-03-20 00:00:00+05:30,1563.0,1574.949951171875,1552.3499755859375,1554.949951171875,1463.9619140625,4759059,0.0,0.0
2024-03-21 00:00:00+05:30,1564.0,1576.949951171875,1543.4000244140625,1554.699951171875,1463.7264404296875,11062497,0.0,0.0
2024-03-22 00:00:00+05:30,1521.0,1528.9000244140625,1498.199951171875,1508.8499755859375,1420.559326171875,14673890,0.0,0.0
2024-03-26 00:00:00+05:30,1492.0,1507.449951171875,1487.9000244140625,1492.6500244140625,1405.307373046875,8351081,0.0,0.0
2024-03-27 00:00:00+05:30,1496.0,1499.0,1481.550048828125,1483.8499755859375,1397.022216796875,6857402,0.0,0.0
2024-03-28 00:00:00+05:30,1487.1500244140625,1511.800048828125,1487.1500244140625,1498.050048828125,1410.3914794921875,12499530,0.0,0.0
2024-04-01 00:00:00+05:30,1525.0,1529.949951171875,1492.800048828125,1495.449951171875,1407.943603515625,6580002,0.0,0.0
2024-04-02 00:00:00+05:30,1484.8499755859375,1493.1500244140625,1480.8499755859375,1482.8499755859375,1396.080810546875,7279400,0.0,0.0
2024-04-03 00:00:00+05:30,1479.0,1495.0999755859375,1475.0,1480.6500244140625,1394.0096435546875,8736248,0.0,0.0
2024-04-04 00:00:00+05:30,1490.550048828125,1495.6500244140625,1468.0,1486.699951171875,1399.7054443359375,11186915,0.0,0.0
2024-04-05 00:00:00+05:30,1480.050048828125,1486.699951171875,1476.050048828125,1479.0999755859375,1392.55029296875,5072482,0.0,0.0
2024-04-08 00:00:00+05:30,1483.0,1490.949951171875,1474.0999755859375,1476.699951171875,1390.290771484375,6610887,0.0,0.0
2024-04-09 00:00:00+05:30,1490.0,1513.800048828125,1487.300048828125,1494.8499755859375,1407.378662109375,9423230,0.0,0.0
2024-04-10 00:00:00+05:30,1500.3499755859375,1509.8499755859375,1484.550048828125,1506.800048828125,1418.62939453125,6744595,0.0,0.0
2024-04-12 00:00:00+05:30,1504.0,1506.800048828125,1479.5,1484.75,1397.86962890625,12275616,0.0,0.0
2024-04-15 00:00:00+05:30,1480.0,1491.949951171875,1461.050048828125,1468.1500244140625,1382.240966796875,8531224,0.0,0.0
2024-04-16 00:00:00+05:30,1451.0,1455.1500244140625,1413.050048828125,1414.449951171875,1331.6832275390625,16173541,0.0,0.0
2024-04-18 00:00:00+05:30,1421.0999755859375,1444.699951171875,1407.5,1419.25,1336.2025146484375,22107945,0.0,0.0
2024-04-19 00:00:00+05:30,1385.0,1426.8499755859375,1378.75,1411.25,1328.67041015625,20603621,0.0,0.0
2024-04-22 00:00:00+05:30,1419.9000244140625,1436.8499755859375,1413.050048828125,1432.75,1348.9124755859375,5859087,0.0,0.0
2024-04-23 00:00:00+05:30,1443.0,1446.8499755859375,1433.0,1442.4000244140625,1357.997802734375,4856174,0.0,0.0
2024-04-24 00:00:00+05:30,1444.300048828125,1444.300048828125,1427.050048828125,1430.75,1347.029541015625,4268213,0.0,0.0
2024-04-25 00:00:00+05:30,1420.0,1444.9000244140625,1420.0,1438.449951171875,1354.2786865234375,9089398,0.0,0.0
2024-04-26 00:00:00+05:30,1439.699951171875,1445.4000244140625,1427.0,1430.25,1346.55859375,8062444,0.0,0.0
2024-04-29 00:00:00+05:30,1429.949951171875,1439.800048828125,1428.25,1434.75,1350.79541015625,5055957,0.0,0.0
2024-04-30 00:00:00+05:30,1434.699951171875,1436.550048828125,1417.550048828125,1420.550048828125,1337.42626953125,6936588,0.0,0.0
2024-05-02 00:00:00+05:30,1413.0,1424.0,1411.8499755859375,1414.449951171875,1331.6832275390625,10076354,0.0,0.0
2024-05-03 00:00:00+05:30,1422.0999755859375,1424.800048828125,1403.199951171875,1416.300048828125,1333.425048828125,8842345,0.0,0.0
2024-05-06 00:00:00+05:30,1420.0,1445.699951171875,1417.0999755859375,1425.9000244140625,1342.46337890625,6445422,0.0,0.0
2024-05-07 00:00:00+05:30,1424.949951171875,1443.3499755859375,1415.5999755859375,1440.949951171875,1356.632568359375,6080661,0.0,0.0
2024-05-08 00:00:00+05:30,1435.25,1439.75,1425.5999755859375,1427.300048828125,1343.7813720703125,6234983,0.0,0.0
2024-05-09 00:00:00+05:30,1427.550048828125,1449.949951171875,1424.8499755859375,1439.550048828125,1355.314453125,6088406,0.0,0.0
2024-05-10 00:00:00+05:30,1435.050048828125,1435.949951171875,1413.0,1424.9000244140625,1341.521728515625,8777481,0.0,0.0
2024-05-13 00:00:00+05:30,1425.0,1425.0,1411.199951171875,1423.449951171875,1340.1566162109375,3735954,0.0,0.0
2024-05-14 00:00:00+05:30,1426.4000244140625,1433.75,1418.050048828125,1424.699951171875,1341.3333740234375,3463230,0.0,0.0
2024-05-15 00:00:00+05:30,1426.0,1431.800048828125,1418.550048828125,1419.949951171875,1336.861328125,4327544,0.0,0.0
2024-05-16 00:00:00+05:30,1433.949951171875,1455.75,1427.0,1453.3499755859375,1368.3070068359375,9249145,0.0,0.0
2024-05-17 00:00:00+05:30,1457.0,1457.0,1439.25,1444.300048828125,1359.7864990234375,7542860,0.0,0.0
2024-05-21 00:00:00+05:30,1430.0,1444.699951171875,1428.4000244140625,1434.1500244140625,1350.2305908203125,6752663,0.0,0.0
2024-05-22 00:00:00+05:30,1428.75,1459.949951171875,1428.0,1454.800048828125,1369.6722412109375,7173285,0.0,0.0
2024-05-23 00:00:00+05:30,1454.699951171875,1478.1500244140625,1450.0,1472.4000244140625,1386.2421875,8641428,0.0,0.0
2024-05-24 00:00:00+05:30,1468.25,1475.5,1460.0,1465.0999755859375,1379.369384765625,5277938,0.0,0.0
2024-05-27 00:00:00+05:30,1471.8499755859375,1479.5999755859375,1460.25,1471.3499755859375,1385.253662109375,5821844,0.0,0.0
2024-05-28 00:00:00+05:30,1475.5,1476.0,1460.300048828125,1467.050048828125,1381.2054443359375,6186922,0.0,0.0
2024-05-29 00:00:00+05:30,1465.4000244140625,1465.5,1450.0,1450.949951171875,1366.0474853515625,7401634,0.0,0.0
2024-05-30 00:00:00+05:30,1442.800048828125,1449.8499755859375,1421.550048828125,1427.449951171875,1343.922607421875,9663150,0.0,0.0
2024-05-31 00:00:00+05:30,1409.800048828125,1436.75,1400.0,1406.9000244140625,1351.076904296875,37113815,28.0,0.0
2024-06-03 00:00:00+05:30,1440.0,1440.0,1404.0,1405.9000244140625,1350.11669921875,10589244,0.0,0.0
2024-06-04 00:00:00+05:30,1409.0,1415.0,1358.3499755859375,1393.6500244140625,1338.3526611328125,13736134,0.0,0.0
2024-06-05 00:00:00+05:30,1400.1500244140625,1438.0,1400.1500244140625,1430.0999755859375,1373.3563232421875,9233424,0.0,0.0
2024-06-06 00:00:00+05:30,1444.949951171875,1474.300048828125,1437.5,1472.25,1413.8341064453125,12660930,0.0,0.0
2024-06-07 00:00:00+05:30,1481.0,1539.699951171875,1477.25,1533.5999755859375,1472.7496337890625,24075302,0.0,0.0
2024-06-10 00:00:00+05:30,1525.300048828125,1529.800048828125,1497.300048828125,1499.75,1440.242919921875,6810606,0.0,0.0
2024-06-11 00:00:00+05:30,1500.050048828125,1506.449951171875,1493.949951171875,1495.75,1436.4014892578125,4853054,0.0,0.0
2024-06-12 00:00:00+05:30,1507.0,1508.75,1482.75,1485.199951171875,1426.2701416015625,9564320,0.0,0.0
2024-06-13 00:00:00+05:30,1495.0,1505.0,1489.3499755859375,1493.949951171875,1434.6729736328125,7307565,0.0,0.0
2024-06-14 00:00:00+05:30,1503.699951171875,1503.699951171875,1486.050048828125,1488.9000244140625,1429.8233642578125,4237727,0.0,0.0
2024-06-18 00:00:00+05:30,1497.0,1507.0,1495.4000244140625,1498.199951171875,1438.7542724609375,5420939,0.0,0.0
2024-06-19 00:00:00+05:30,1505.0,1515.6500244140625,1496.699951171875,1511.3499755859375,1451.382568359375,5493456,0.0,0.0
2024-06-20 00:00:00+05:30,1516.300048828125,1517.5,1499.0999755859375,1515.4000244140625,1455.2718505859375,7927010,0.0,0.0
2024-06-21 00:00:00+05:30,1545.0,1557.75,1523.699951171875,1532.699951171875,1471.885498046875,17301941,0.0,0.0
2024-06-24 00:00:00+05:30,1524.550048828125,1529.0999755859375,1515.4000244140625,1527.1500244140625,1466.5556640625,5564989,0.0,0.0
2024-06-25 00:00:00+05:30,1526.0,1543.9000244140625,1520.3499755859375,1541.949951171875,1480.7684326171875,4551525,0.0,0.0
2024-06-26 00:00:00+05:30,1541.0,1548.8499755859375,1535.0,1540.699951171875,1479.56787109375,4851004,0.0,0.0
2024-06-27 00:00:00+05:30,1538.449951171875,1578.4000244140625,1532.050048828125,1573.3499755859375,1510.9224853515625,14757754,0.0,0.0
2024-06-28 00:00:00+05:30,1572.550048828125,1588.5,1564.25,1566.75,1504.5843505859375,8197544,0.0,0.0
2024-07-01 00:00:00+05:30,1559.5,1599.9000244140625,1559.5,1590.800048828125,1527.6802978515625,6801771,0.0,0.0
2024-07-02 00:00:00+05:30,1596.199951171875,1633.800048828125,1586.5,1621.050048828125,1556.72998046875,10493173,0.0,0.0
2024-07-03 00:00:00+05:30,1625.0,1636.0,1606.0,1627.4000244140625,1562.8280029296875,7269965,0.0,0.0
2024-07-04 00:00:00+05:30,1628.199951171875,1660.0,1628.0,1650.6500244140625,1585.155517578125,8008311,0.0,0.0
2024-07-05 00:00:00+05:30,1651.449951171875,1665.8499755859375,1633.3499755859375,1647.449951171875,1582.0823974609375,7065022,0.0,0.0
2024-07-08 00:00:00+05:30,1643.0999755859375,1666.0,1640.0,1661.6500244140625,1595.718994140625,5880533,0.0,0.0
2024-07-09 00:00:00+05:30,1659.9000244140625,1666.75,1651.0,1657.1500244140625,1591.3975830078125,5191182,0.0,0.0
2024-07-10 00:00:00+05:30,1657.0,1674.0,1637.550048828125,1648.25,1582.8507080078125,9852770,0.0,0.0
2024-07-11 00:00:00+05:30,1656.0,1665.0,1642.050048828125,1652.699951171875,1587.1240234375,8857679,0.0,0.0
2024-07-12 00:00:00+05:30,1680.0,1719.75,1666.6500244140625,1711.75,1643.8310546875,17078316,0.0,0.0
2024-07-15 00:00:00+05:30,1726.199951171875,1728.0,1702.6500244140625,1707.050048828125,1639.317626953125,6942230,0.0,0.0
2024-07-16 00:00:00+05:30,1718.5999755859375,1737.9000244140625,1700.0,1726.050048828125,1657.5638427734375,6886281,0.0,0.0
2024-07-18 00:00:00+05:30,1719.0,1765.4000244140625,1719.0,1758.050048828125,1688.2940673828125,11248896,0.0,0.0
2024-07-19 00:00:00+05:30,1844.0,1844.0,1786.449951171875,1792.949951171875,1721.8092041015625,29819116,0.0,0.0
2024-07-22 00:00:00+05:30,1800.1500244140625,1823.0,1792.949951171875,1810.8499755859375,1738.9989013671875,8462126,0.0,0.0
2024-07-23 00:00:00+05:30,1810.0,1839.949951171875,1783.25,1836.9000244140625,1764.015380859375,7113056,0.0,0.0
2024-07-24 00:00:00+05:30,1837.5,1842.3499755859375,1819.5999755859375,1833.949951171875,1761.1824951171875,6002845,0.0,0.0
2024-07-25 00:00:00+05:30,1820.0,1830.9000244140625,1812.0,1824.8499755859375,1752.4434814453125,5815599,0.0,0.0
2024-07-26 00:00:00+05:30,1825.3499755859375,1883.0,1825.3499755859375,1878.9000244140625,1804.3489990234375,11369047,0.0,0.0
2024-07-29 00:00:00+05:30,1893.5999755859375,1903.0,1864.0,1871.0999755859375,1796.8583984375,4635931,0.0,0.0
2024-07-30 00:00:00+05:30,1871.0999755859375,1879.949951171875,1860.0,1877.1500244140625,1802.6683349609375,2721265,0.0,0.0
2024-07-31 00:00:00+05:30,1877.0,1885.1500244140625,1865.050048828125,1868.25,1794.1214599609375,5004209,0.0,0.0
2024-08-01 00:00:00+05:30,1856.0999755859375,1867.9000244140625,1845.0999755859375,1852.5999755859375,1779.0924072265625,7475014,0.0,0.0
2024-08-02 00:00:00+05:30,1843.0,1859.5,1816.1500244140625,1821.199951171875,1748.9383544921875,7400938,0.0,0.0
2024-08-05 00:00:00+05:30,1784.949951171875,1797.5,1718.550048828125,1751.9000244140625,1682.38818359375,10736703,0.0,0.0
2024-08-06 00:00:00+05:30,1760.199951171875,1796.949951171875,1744.8499755859375,1751.0999755859375,1681.6197509765625,7690163,0.0,0.0
2024-08-07 00:00:00+05:30,1796.0,1797.9000244140625,1762.0999755859375,1791.6500244140625,1720.5609130859375,5094329,0.0,0.0
2024-08-08 00:00:00+05:30,1779.949951171875,1779.949951171875,1727.0999755859375,1743.1500244140625,1673.9852294921875,6227910,0.0,0.0
2024-08-09 00:00:00+05:30,1771.25,1780.75,1756.0,1770.75,1700.4901123046875,4258524,0.0,0.0
2024-08-12 00:00:00+05:30,1773.050048828125,1803.5,1768.0999755859375,1797.4000244140625,1726.082763671875,4315329,0.0,0.0
2024-08-13 00:00:00+05:30,1810.0,1810.0,1789.050048828125,1797.449951171875,1726.130615234375,4176918,0.0,0.0
2024-08-14 00:00:00+05:30,1802.0,1825.0,1797.449951171875,1823.25,1750.9071044921875,7450718,0.0,0.0
2024-08-16 00:00:00+05:30,1850.0,1861.8499755859375,1829.5,1858.949951171875,1785.1904296875,7335657,0.0,0.0
2024-08-19 00:00:00+05:30,1860.0,1867.550048828125,1849.199951171875,1864.800048828125,1790.8084716796875,2585989,0.0,0.0
2024-08-20 00:00:00+05:30,1880.0,1885.699951171875,1868.199951171875,1872.199951171875,1797.914794921875,3870333,0.0,0.0
2024-08-21 00:00:00+05:30,1875.0999755859375,1879.0,1867.0999755859375,1872.699951171875,1798.394775390625,1966902,0.0,0.0
2024-08-22 00:00:00+05:30,1884.0,1893.6500244140625,1869.699951171875,1880.25,1805.6453857421875,4300287,0.0,0.0
2024-08-23 00:00:00+05:30,1878.199951171875,1882.5999755859375,1857.0,1862.0999755859375,1788.2154541015625,5015935,0.0,0.0
2024-08-26 00:00:00+05:30,1870.0,1888.75,1864.0,1876.1500244140625,1801.7081298828125,3728589,0.0,0.0
2024-08-27 00:00:00+05:30,1876.1500244140625,1902.75,1873.9000244140625,1900.0999755859375,1824.7076416015625,3830679,0.0,0.0
2024-08-28 00:00:00+05:30,1906.9000244140625,1951.0,1897.4000244140625,1939.0999755859375,1862.160400390625,6514531,0.0,0.0
2024-08-29 00:00:00+05:30,1933.0,1950.5,1920.9000244140625,1933.3499755859375,1856.638427734375,7228284,0.0,0.0
2024-08-30 00:00:00+05:30,1938.0,1950.0,1928.0,1943.699951171875,1866.5777587890625,13466759,0.0,0.0
2024-09-02 00:00:00+05:30,1943.3499755859375,1975.75,1942.800048828125,1964.5,1886.552490234375,5573739,0.0,0.0
2024-09-03 00:00:00+05:30,1967.0,1967.0,1936.449951171875,1941.25,1864.22509765625,4694322,0.0,0.0
2024-09-04 00:00:00+05:30,1921.0999755859375,1927.199951171875,1900.050048828125,1922.449951171875,1846.1708984375,4778310,0.0,0.0
2024-09-05 00:00:00+05:30,1926.25,1940.0,1909.5999755859375,1933.1500244140625,1856.4464111328125,4081810,0.0,0.0
2024-09-06 00:00:00+05:30,1922.0,1936.5,1896.8499755859375,1901.8499755859375,1826.3883056640625,5848106,0.0,0.0
2024-09-09 00:00:00+05:30,1890.0,1920.8499755859375,1889.0,1894.6500244140625,1819.4739990234375,4772612,0.0,0.0
2024-09-10 00:00:00+05:30,1904.9000244140625,1935.0,1896.0,1912.300048828125,1836.4237060546875,6909600,0.0,0.0
2024-09-11 00:00:00+05:30,1914.699951171875,1926.0,1905.0,1910.1500244140625,1834.35888671875,5312946,0.0,0.0
2024-09-12 00:00:00+05:30,1925.0,1956.4000244140625,1910.800048828125,1950.449951171875,1873.0599365234375,8555092,0.0,0.0
2024-09-13 00:00:00+05:30,1950.449951171875,1958.5999755859375,1935.6500244140625,1944.0999755859375,1866.9619140625,3843127,0.0,0.0
2024-09-16 00:00:00+05:30,1945.75,1952.0,1933.050048828125,1950.25,1872.8680419921875,1570181,0.0,0.0
2024-09-17 00:00:00+05:30,1947.75,1958.449951171875,1942.1500244140625,1952.550048828125,1875.07666015625,2793127,0.0,0.0
2024-09-18 00:00:00+05:30,1938.75,1938.75,1881.300048828125,1892.1500244140625,1817.0732421875,6385468,0.0,0.0
2024-09-19 00:00:00+05:30,1910.5999755859375,1924.9000244140625,1878.800048828125,1894.199951171875,1819.041748046875,7976570,0.0,0.0
2024-09-20 00:00:00+05:30,1905.0,1915.0,1867.4000244140625,1905.75,1830.1336669921875,15242974,0.0,0.0
2024-09-23 00:00:00+05:30,1909.0,1918.9000244140625,1878.449951171875,1896.449951171875,1821.2025146484375,3636672,0.0,0.0
2024-09-24 00:00:00+05:30,1888.0,1910.9000244140625,1871.4000244140625,1898.5999755859375,1823.2672119140625,7277616,0.0,0.0
2024-09-25 00:00:00+05:30,1886.3499755859375,1901.5999755859375,1876.800048828125,1895.300048828125,1820.0982666015625,4268341,0.0,0.0
2024-09-26 00:00:00+05:30,1897.800048828125,1917.949951171875,1893.0,1900.25,1824.851806640625,8952803,0.0,0.0
2024-09-27 00:00:00+05:30,1932.0999755859375,1974.5999755859375,1903.300048828125,1906.75,1831.093994140625,14908931,0.0,0.0
2024-09-30 00:00:00+05:30,1880.0,1901.25,1870.5,1875.5999755859375,1801.179931640625,6986955,0.0,0.0
2024-10-01 00:00:00+05:30,1875.0,1908.949951171875,1875.0,1904.3499755859375,1828.7891845703125,4029072,0.0,0.0
2024-10-03 00:00:00+05:30,1889.5,1911.8499755859375,1881.0,1893.4000244140625,1818.2735595703125,7503887,0.0,0.0
2024-10-04 00:00:00+05:30,1889.550048828125,1954.0999755859375,1886.0,1918.1500244140625,1842.0416259765625,10001483,0.0,0.0
2024-10-07 00:00:00+05:30,1923.199951171875,1942.0,1916.050048828125,1934.300048828125,1857.55078125,6112575,0.0,0.0
2024-10-08 00:00:00+05:30,1937.9000244140625,1957.949951171875,1906.3499755859375,1948.550048828125,1871.2353515625,5637391,0.0,0.0
2024-10-09 00:00:00+05:30,1952.550048828125,1977.0,1945.0999755859375,1952.75,1875.2686767578125,4857163,0.0,0.0
2024-10-10 00:00:00+05:30,1957.9000244140625,1964.0,1914.0999755859375,1919.0,1842.85791015625,4782119,0.0,0.0
2024-10-11 00:00:00+05:30,1918.0,1947.0,1910.0999755859375,1935.0999755859375,1858.3189697265625,4709431,0.0,0.0
2024-10-14 00:00:00+05:30,1932.1500244140625,1969.5,1931.0999755859375,1958.9000244140625,1881.1746826171875,3751378,0.0,0.0
2024-10-15 00:00:00+05:30,1960.0,1991.449951171875,1951.75,1959.300048828125,1881.5589599609375,5353705,0.0,0.0
2024-10-16 00:00:00+05:30,1955.0,1959.550048828125,1916.3499755859375,1920.0999755859375,1843.914306640625,3111512,0.0,0.0
2024-10-17 00:00:00+05:30,1935.199951171875,1978.0,1930.1500244140625,1968.0999755859375,1890.0096435546875,8162822,0.0,0.0
2024-10-18 00:00:00+05:30,1893.800048828125,1936.8499755859375,1869.25,1879.5999755859375,1805.0211181640625,10526196,0.0,0.0
2024-10-21 00:00:00+05:30,1891.0999755859375,1898.800048828125,1838.0,1852.75,1779.236572265625,4654601,0.0,0.0
2024-10-22 00:00:00+05:30,1858.199951171875,1877.800048828125,1846.949951171875,1851.5999755859375,1778.132080078125,4125240,0.0,0.0
2024-10-23 00:00:00+05:30,1845.25,1886.0,1844.0,1873.4000244140625,1799.0672607421875,4311910,0.0,0.0
2024-10-24 00:00:00+05:30,1861.4000244140625,1884.0,1860.0,1863.3499755859375,1789.4158935546875,2906475,0.0,0.0
2024-10-25 00:00:00+05:30,1863.449951171875,1876.3499755859375,1846.4000244140625,1862.050048828125,1788.1676025390625,4689120,0.0,0.0
2024-10-28 00:00:00+05:30,1859.699951171875,1881.9000244140625,1857.0,1865.3499755859375,1791.336669921875,7018940,0.0,0.0
2024-10-29 00:00:00+05:30,1846.0,1851.5999755859375,1829.0,1839.300048828125,1786.4317626953125,4621252,21.0,0.0
2024-10-30 00:00:00+05:30,1832.0,1839.0,1796.3499755859375,1802.0999755859375,1750.301025390625,5919715,0.0,0.0
2024-10-31 00:00:00+05:30,1787.9000244140625,1787.9000244140625,1746.5,1757.25,1706.740234375,7395236,0.0,0.0
2024-11-01 00:00:00+05:30,1764.5,1766.0,1752.050048828125,1760.8499755859375,1710.236572265625,371966,0.0,0.0
2024-11-04 00:00:00+05:30,1724.5,1767.0,1718.0,1763.6500244140625,1712.9561767578125,7336722,0.0,0.0
2024-11-05 00:00:00+05:30,1760.0,1768.449951171875,1745.0,1754.199951171875,1703.7777099609375,3160880,0.0,0.0
2024-11-06 00:00:00+05:30,1764.0,1827.199951171875,1762.6500244140625,1823.699951171875,1771.2801513671875,10421494,0.0,0.0
2024-11-07 00:00:00+05:30,1812.949951171875,1825.699951171875,1787.0,1803.050048828125,1751.2237548828125,4550965,0.0,0.0
2024-11-08 00:00:00+05:30,1818.0,1840.5999755859375,1813.1500244140625,1829.949951171875,1777.3504638671875,4210960,0.0,0.0
2024-11-11 00:00:00+05:30,1829.0,1868.0,1822.550048828125,1860.0999755859375,1806.6337890625,3804234,0.0,0.0
2024-11-12 00:00:00+05:30,1871.0999755859375,1881.0,1861.0,1868.800048828125,1815.083740234375,5012450,0.0,0.0
2024-11-13 00:00:00+05:30,1861.0999755859375,1873.199951171875,1856.300048828125,1868.4000244140625,1814.6953125,4257495,0.0,0.0
2024-11-14 00:00:00+05:30,1865.5999755859375,1876.0,1856.0,1864.550048828125,1810.9559326171875,4311431,0.0,0.0
2024-11-18 00:00:00+05:30,1849.199951171875,1849.199951171875,1795.0,1811.449951171875,1759.3822021484375,4839244,0.0,0.0
2024-11-19 00:00:00+05:30,1825.5,1859.699951171875,1820.550048828125,1824.75,1772.2999267578125,4669769,0.0,0.0
2024-11-21 00:00:00+05:30,1842.0,1867.0,1820.5999755859375,1834.050048828125,1781.3326416015625,5436504,0.0,0.0
2024-11-22 00:00:00+05:30,1854.0999755859375,1914.050048828125,1834.0,1902.25,1847.572265625,6301486,0.0,0.0
2024-11-25 00:00:00+05:30,1916.0,1919.300048828125,1882.0,1889.699951171875,1835.383056640625,12764638,0.0,0.0
2024-11-26 00:00:00+05:30,1904.949951171875,1938.5999755859375,1897.300048828125,1924.1500244140625,1868.8427734375,6850495,0.0,0.0
2024-11-27 00:00:00+05:30,1930.0999755859375,1941.4000244140625,1911.75,1924.5,1869.1827392578125,4447143,0.0,0.0
2024-11-28 00:00:00+05:30,1914.9000244140625,1914.9000244140625,1851.6500244140625,1856.6500244140625,1803.282958984375,8468790,0.0,0.0
2024-11-29 00:00:00+05:30,1851.0999755859375,1877.0,1845.0,1857.8499755859375,1804.448486328125,5244346,0.0,0.0
2024-12-02 00:00:00+05:30,1859.0,1882.800048828125,1835.199951171875,1879.800048828125,1825.7677001953125,2868263,0.0,0.0
2024-12-03 00:00:00+05:30,1887.0,1899.75,1871.1500244140625,1892.0999755859375,1837.7139892578125,4715792,0.0,0.0
2024-12-04 00:00:00+05:30,1884.0,1913.949951171875,1875.0,1889.25,1834.9459228515625,4705573,0.0,0.0
2024-12-05 00:00:00+05:30,1900.0,1949.9000244140625,1888.949951171875,1934.8499755859375,1879.2352294921875,9050038,0.0,0.0
2024-12-06 00:00:00+05:30,1932.800048828125,1937.949951171875,1912.4000244140625,1922.4000244140625,1867.1431884765625,3573331,0.0,0.0
2024-12-09 00:00:00+05:30,1924.199951171875,1930.199951171875,1897.199951171875,1923.6500244140625,1868.357177734375,4274645,0.0,0.0
2024-12-10 00:00:00+05:30,1939.0,1965.5999755859375,1932.0,1948.550048828125,1892.54150390625,6174921,0.0,0.0
2024-12-11 00:00:00+05:30,1955.0,1978.0,1952.0,1974.1500244140625,1917.4056396484375,5025612,0.0,0.0
2024-12-12 00:00:00+05:30,1975.199951171875,1998.800048828125,1970.550048828125,1987.0,1929.88623046875,6462130,0.0,0.0
2024-12-13 00:00:00+05:30,1969.75,2006.449951171875,1953.800048828125,1999.699951171875,1942.22119140625,5362693,0.0,0.0
2024-12-16 00:00:00+05:30,1995.449951171875,1999.5999755859375,1977.5999755859375,1980.050048828125,1923.1361083984375,3119221,0.0,0.0
2024-12-17 00:00:00+05:30,1968.0,1982.0,1958.0,1976.5999755859375,1919.7852783203125,5811050,0.0,0.0
2024-12-18 00:00:00+05:30,1966.800048828125,1984.949951171875,1961.5999755859375,1979.1500244140625,1922.261962890625,3064095,0.0,0.0
2024-12-19 00:00:00+05:30,1934.0,1959.75,1920.0,1946.199951171875,1890.259033203125,5323592,0.0,0.0
2024-12-20 00:00:00+05:30,1975.1500244140625,1979.949951171875,1911.25,1922.1500244140625,1866.9002685546875,11056720,0.0,0.0
2024-12-23 00:00:00+05:30,1930.050048828125,1940.0,1909.0,1924.300048828125,1868.988525390625,2781793,0.0,0.0
2024-12-24 00:00:00+05:30,1927.050048828125,1942.0,1840.0,1909.050048828125,1854.1768798828125,2360544,0.0,0.0
2024-12-26 00:00:00+05:30,1909.050048828125,1919.75,1902.300048828125,1907.4000244140625,1852.5743408203125,3623321,0.0,0.0
2024-12-27 00:00:00+05:30,1909.4000244140625,1924.1500244140625,1903.9000244140625,1916.75,1861.655517578125,3937500,0.0,0.0
2024-12-30 00:00:00+05:30,1915.699951171875,1916.0,1886.5,1906.0,1851.2144775390625,7789055,0.0,0.0
2024-12-31 00:00:00+05:30,1892.300048828125,1897.0,1845.050048828125,1880.0,1825.9617919921875,3613063,0.0,0.0
2025-01-01 00:00:00+05:30,1874.0,1892.949951171875,1874.0,1882.5,1828.3900146484375,1838368,0.0,0.0
2025-01-02 00:00:00+05:30,1887.0,1962.6500244140625,1885.300048828125,1957.8499755859375,1901.57421875,7083645,0.0,0.0
2025-01-03 00:00:00+05:30,1952.949951171875,1952.949951171875,1922.0,1938.75,1883.023193359375,6218003,0.0,0.0
2025-01-06 00:00:00+05:30,1952.0,1973.0,1928.0,1937.8499755859375,1882.1490478515625,7164403,0.0,0.0
2025-01-07 00:00:00+05:30,1945.0,1958.550048828125,1923.6500244140625,1930.8499755859375,1875.3502197265625,4294832,0.0,0.0
2025-01-08 00:00:00+05:30,1930.0,1938.5999755859375,1888.75,1933.1500244140625,1877.5841064453125,5482050,0.0,0.0
2025-01-09 00:00:00+05:30,1934.050048828125,1951.8499755859375,1910.550048828125,1917.300048828125,1862.1898193359375,6833503,0.0,0.0
2025-01-10 00:00:00+05:30,1937.0,1977.800048828125,1932.25,1966.949951171875,1910.4124755859375,8036913,0.0,0.0
2025-01-13 00:00:00+05:30,1956.0,1982.800048828125,1949.0,1962.199951171875,1905.799072265625,5804152,0.0,0.0
2025-01-14 00:00:00+05:30,1968.8499755859375,1971.800048828125,1931.0999755859375,1940.050048828125,1884.285888671875,5792162,0.0,0.0
2025-01-15 00:00:00+05:30,1947.0,1958.050048828125,1937.0999755859375,1949.6500244140625,1893.60986328125,2985439,0.0,0.0
2025-01-16 00:00:00+05:30,1965.949951171875,1966.949951171875,1916.8499755859375,1928.449951171875,1873.0191650390625,7533579,0.0,0.0
2025-01-17 00:00:00+05:30,1851.0,1858.0,1812.0,1815.449951171875,1763.2672119140625,16409953,0.0,0.0
2025-01-20 00:00:00+05:30,1822.949951171875,1827.949951171875,1793.1500244140625,1813.300048828125,1761.17919921875,4333011,0.0,0.0
2025-01-21 00:00:00+05:30,1819.050048828125,1831.6500244140625,1793.050048828125,1800.699951171875,1748.941162109375,7169109,0.0,0.0
2025-01-22 00:00:00+05:30,1807.4000244140625,1865.800048828125,1805.1500244140625,1856.449951171875,1803.0887451171875,8373913,0.0,0.0
2025-01-23 00:00:00+05:30,1858.0,1879.550048828125,1852.699951171875,1865.449951171875,1811.8299560546875,5907471,0.0,0.0
2025-01-24 00:00:00+05:30,1865.5,1894.9000244140625,1864.25,1875.449951171875,1821.5426025390625,4887027,0.0,0.0
2025-01-27 00:00:00+05:30,1848.75,1863.0,1812.0,1822.0,1769.6290283203125,7652371,0.0,0.0
2025-01-28 00:00:00+05:30,1830.0,1863.5,1824.9000244140625,1829.75,1777.15625,6999495,0.0,0.0
2025-01-29 00:00:00+05:30,1845.0,1888.6500244140625,1840.5,1881.25,1827.1759033203125,5145155,0.0,0.0
2025-01-30 00:00:00+05:30,1873.1500244140625,1887.199951171875,1844.0,1859.949951171875,1806.488037109375,7336056,0.0,0.0
2025-01-31 00:00:00+05:30,1871.0,1897.449951171875,1871.0,1879.800048828125,1825.7677001953125,5820470,0.0,0.0
2025-02-01 00:00:00+05:30,1880.300048828125,1890.5999755859375,1846.0,1851.3499755859375,1798.1353759765625,1701402,0.0,0.0
2025-02-03 00:00:00+05:30,1836.0,1876.550048828125,1832.4000244140625,1863.300048828125,1809.741943359375,4823228,0.0,0.0
2025-02-04 00:00:00+05:30,1889.0,1911.199951171875,1875.0,1898.800048828125,1844.2215576171875,7334787,0.0,0.0
2025-02-05 00:00:00+05:30,1906.0,1919.699951171875,1894.300048828125,1897.050048828125,1842.521728515625,4996744,0.0,0.0
2025-02-06 00:00:00+05:30,1917.0,1924.0,1900.0,1915.6500244140625,1860.587158203125,4765255,0.0,0.0
2025-02-07 00:00:00+05:30,1919.300048828125,1923.699951171875,1889.449951171875,1903.6500244140625,1848.9320068359375,4126260,0.0,0.0
2025-02-10 00:00:00+05:30,1905.0,1905.0,1878.5999755859375,1880.300048828125,1826.2532958984375,3828734,0.0,0.0
2025-02-11 00:00:00+05:30,1883.0999755859375,1903.0,1870.0,1875.6500244140625,1821.7369384765625,4411601,0.0,0.0
2025-02-12 00:00:00+05:30,1885.0,1894.5999755859375,1847.0,1863.1500244140625,1809.5963134765625,5633947,0.0,0.0
2025-02-13 00:00:00+05:30,1868.5,1873.5,1835.6500244140625,1843.25,1790.268310546875,5237744,0.0,0.0
2025-02-14 00:00:00+05:30,1854.0,1859.300048828125,1828.3499755859375,1856.4000244140625,1803.040283203125,5292961,0.0,0.0
2025-02-17 00:00:00+05:30,1838.550048828125,1852.75,1822.1500244140625,1842.300048828125,1789.345458984375,4428956,0.0,0.0
2025-02-18 00:00:00+05:30,1842.300048828125,1861.6500244140625,1837.5999755859375,1851.949951171875,1798.7181396484375,4365260,0.0,0.0
2025-02-19 00:00:00+05:30,1847.4000244140625,1849.199951171875,1805.9000244140625,1810.800048828125,1758.7509765625,4611411,0.0,0.0
2025-02-20 00:00:00+05:30,1805.550048828125,1831.0,1805.550048828125,1825.1500244140625,1772.6884765625,2218020,0.0,0.0
2025-02-21 00:00:00+05:30,1821.800048828125,1829.8499755859375,1806.199951171875,1815.0,1762.8302001953125,3379879,0.0,0.0
2025-02-24 00:00:00+05:30,1800.050048828125,1808.0,1750.25,1764.0999755859375,1713.3931884765625,7594720,0.0,0.0
2025-02-25 00:00:00+05:30,1745.1500244140625,1778.449951171875,1745.1500244140625,1767.699951171875,1716.8897705078125,5092963,0.0,0.0
2025-02-27 00:00:00+05:30,1755.199951171875,1775.8499755859375,1751.0999755859375,1764.300048828125,1713.5875244140625,5757079,0.0,0.0
2025-02-28 00:00:00+05:30,1755.050048828125,1755.0999755859375,1682.449951171875,1687.699951171875,1639.189208984375,12182167,0.0,0.0
2025-03-03 00:00:00+05:30,1692.300048828125,1728.5999755859375,1692.300048828125,1708.5999755859375,1659.488525390625,7504969,0.0,0.0
2025-03-04 00:00:00+05:30,1695.0,1699.0,1670.0,1688.300048828125,1639.7720947265625,6759673,0.0,0.0
2025-03-05 00:00:00+05:30,1692.449951171875,1732.949951171875,1692.449951171875,1711.5,1662.30517578125,8180782,0.0,0.0
2025-03-06 00:00:00+05:30,1715.0,1722.300048828125,1691.0999755859375,1715.8499755859375,1666.5301513671875,10610547,0.0,0.0
2025-03-07 00:00:00+05:30,1703.0999755859375,1705.0,1675.5,1686.0,1637.5380859375,8019331,0.0,0.0
2025-03-10 00:00:00+05:30,1686.0,1719.0,1676.199951171875,1701.449951171875,1652.5439453125,7558981,0.0,0.0
2025-03-11 00:00:00+05:30,1680.0,1680.0,1637.050048828125,1661.5999755859375,1613.83935546875,12671234,0.0,0.0
2025-03-12 00:00:00+05:30,1636.9000244140625,1636.9000244140625,1563.800048828125,1590.8499755859375,1545.123046875,14870008,0.0,0.0
2025-03-13 00:00:00+05:30,1599.25,1606.050048828125,1570.300048828125,1579.8499755859375,1534.439208984375,7822888,0.0,0.0
2025-03-17 00:00:00+05:30,1545.1500244140625,1594.0,1545.1500244140625,1590.050048828125,1544.34619140625,7526032,0.0,0.0
2025-03-18 00:00:00+05:30,1590.050048828125,1590.050048828125,1590.050048828125,1590.050048828125,1544.34619140625,0,0.0,0.0
2025-03-19 00:00:00+05:30,1603.0,1603.0,1572.800048828125,1586.550048828125,1540.94677734375,7387068,0.0,0.0
2025-03-20 00:00:00+05:30,1592.0,1631.9000244140625,1592.0,1615.550048828125,1569.11328125,7186750,0.0,0.0
2025-03-21 00:00:00+05:30,1577.949951171875,1603.9000244140625,1563.6500244140625,1592.550048828125,1546.7742919921875,10074677,0.0,0.0
2025-03-24 00:00:00+05:30,1597.949951171875,1607.0999755859375,1572.699951171875,1592.75,1546.968505859375,8857726,0.0,0.0
2025-03-25 00:00:00+05:30,1605.0,1636.1500244140625,1605.0,1628.449951171875,1581.6422119140625,9890140,0.0,0.0
2025-03-26 00:00:00+05:30,1626.0,1637.75,1595.0,1599.449951171875,1553.4759521484375,6651302,0.0,0.0
2025-03-27 00:00:00+05:30,1595.550048828125,1619.949951171875,1586.0,1603.550048828125,1557.4581298828125,9426573,0.0,0.0
2025-03-28 00:00:00+05:30,1590.0,1598.449951171875,1560.0,1570.6500244140625,1525.5037841796875,6799047,0.0,0.0
2025-04-01 00:00:00+05:30,1539.25,1547.4000244140625,1517.8499755859375,1526.5,1482.6226806640625,12680733,0.0,0.0
2025-04-02 00:00:00+05:30,1535.199951171875,1555.6500244140625,1535.199951171875,1550.1500244140625,1505.593017578125,6193478,0.0,0.0
2025-04-03 00:00:00+05:30,1534.6500244140625,1534.6500244140625,1485.050048828125,1496.5,1453.4849853515625,10459504,0.0,0.0
2025-04-04 00:00:00+05:30,1460.5,1472.0,1448.0,1451.6500244140625,1409.9241943359375,9590254,0.0,0.0
2025-04-07 00:00:00+05:30,1352.0,1405.9000244140625,1307.0,1396.75,1356.602294921875,21715252,0.0,0.0
2025-04-08 00:00:00+05:30,1431.0,1456.5,1415.0,1428.800048828125,1387.7310791015625,12805001,0.0,0.0
2025-04-09 00:00:00+05:30,1405.050048828125,1409.449951171875,1381.9000244140625,1403.699951171875,1363.3524169921875,8546854,0.0,0.0
2025-04-11 00:00:00+05:30,1411.25,1438.800048828125,1397.050048828125,1409.449951171875,1368.937255859375,12567440,0.0,0.0
2025-04-15 00:00:00+05:30,1445.5999755859375,1447.699951171875,1409.0,1426.0,1385.011474609375,10178530,0.0,0.0
2025-04-16 00:00:00+05:30,1425.0,1427.5,1396.800048828125,1413.0999755859375,1372.4822998046875,12022740,0.0,0.0
2025-04-17 00:00:00+05:30,1398.0,1429.800048828125,1378.300048828125,1419.5,1378.6982421875,14264227,0.0,0.0
2025-04-21 00:00:00+05:30,1410.0,1471.800048828125,1410.0,1451.0,1409.29296875,15648970,0.0,0.0
2025-04-22 00:00:00+05:30,1440.0,1440.0,1419.300048828125,1422.800048828125,1381.903564453125,9399738,0.0,0.0
2025-04-23 00:00:00+05:30,1446.0,1487.800048828125,1439.5999755859375,1474.9000244140625,1432.505859375,11136642,0.0,0.0
2025-04-24 00:00:00+05:30,1469.9000244140625,1482.9000244140625,1461.5,1471.4000244140625,1429.1065673828125,7114292,0.0,0.0
2025-04-25 00:00:00+05:30,1475.5,1501.699951171875,1463.5,1480.199951171875,1437.653564453125,8329979,0.0,0.0
2025-04-28 00:00:00+05:30,1480.199951171875,1489.5999755859375,1465.300048828125,1482.0999755859375,1439.4989013671875,5886253,0.0,0.0
2025-04-29 00:00:00+05:30,1482.0,1509.800048828125,1474.0999755859375,1497.5,1454.4564208984375,8056743,0.0,0.0
2025-04-30 00:00:00+05:30,1496.800048828125,1508.800048828125,1482.5999755859375,1500.0999755859375,1456.9815673828125,7704183,0.0,0.0
2025-05-02 00:00:00+05:30,1499.699951171875,1523.199951171875,1496.199951171875,1506.9000244140625,1463.586181640625,7402310,0.0,0.0
2025-05-05 00:00:00+05:30,1515.0,1523.0,1502.800048828125,1508.5999755859375,1465.2373046875,4282493,0.0,0.0
2025-05-06 00:00:00+05:30,1506.0,1515.5999755859375,1499.0999755859375,1511.5,1468.0538330078125,4270530,0.0,0.0
2025-05-07 00:00:00+05:30,1500.0,1518.800048828125,1496.5999755859375,1508.300048828125,1464.9459228515625,5691799,0.0,0.0
2025-05-08 00:00:00+05:30,1508.0,1516.5,1501.199951171875,1511.4000244140625,1467.9569091796875,8424409,0.0,0.0
2025-05-09 00:00:00+05:30,1500.699951171875,1511.4000244140625,1494.0999755859375,1507.5999755859375,1464.2659912109375,4478653,0.0,0.0
2025-05-12 00:00:00+05:30,1537.0,1632.0,1532.0,1626.9000244140625,1580.136962890625,11372857,0.0,0.0
2025-05-13 00:00:00+05:30,1609.0,1612.199951171875,1564.5999755859375,1568.5999755859375,1523.5125732421875,12846210,0.0,0.0
2025-05-14 00:00:00+05:30,1574.0,1595.0,1569.5,1592.4000244140625,1546.6285400390625,4870057,0.0,0.0
2025-05-15 00:00:00+05:30,1589.800048828125,1618.5999755859375,1571.0,1613.0,1566.6363525390625,11151167,0.0,0.0
2025-05-16 00:00:00+05:30,1612.5999755859375,1612.5999755859375,1581.5,1589.9000244140625,1544.200439453125,4576751,0.0,0.0
2025-05-19 00:00:00+05:30,1576.5,1585.0,1555.699951171875,1559.800048828125,1514.965576171875,8855798,0.0,0.0
2025-05-20 00:00:00+05:30,1570.0,1583.5,1558.0,1560.5999755859375,1515.7425537109375,7143998,0.0,0.0
2025-05-21 00:00:00+05:30,1567.9000244140625,1571.0,1552.0999755859375,1568.5,1523.41552734375,4157309,0.0,0.0
2025-05-22 00:00:00+05:30,1555.5,1560.800048828125,1540.0,1547.5,1503.01904296875,6158990,0.0,0.0
2025-05-23 00:00:00+05:30,1550.0,1587.199951171875,1550.0,1564.800048828125,1519.8218994140625,5038421,0.0,0.0
2025-05-26 00:00:00+05:30,1566.5999755859375,1583.800048828125,1562.699951171875,1580.5,1535.070556640625,3170102,0.0,0.0
2025-05-27 00:00:00+05:30,1579.9000244140625,1582.9000244140625,1556.4000244140625,1570.0999755859375,1524.9696044921875,7775714,0.0,0.0
2025-05-28 00:00:00+05:30,1581.0,1587.699951171875,1570.0,1571.800048828125,1526.6207275390625,3623370,0.0,0.0
2025-05-29 00:00:00+05:30,1589.0,1608.9000244140625,1576.5999755859375,1585.5999755859375,1540.0240478515625,8609500,0.0,0.0
2025-05-30 00:00:00+05:30,1571.0,1572.0,1555.0999755859375,1562.699951171875,1539.1375732421875,13148092,22.0,0.0
2025-06-02 00:00:00+05:30,1560.0,1560.0,1539.0,1553.800048828125,1530.371826171875,4374509,0.0,0.0
2025-06-03 00:00:00+05:30,1559.0,1567.300048828125,1535.5999755859375,1543.0,1519.734619140625,6853403,0.0,0.0
2025-06-04 00:00:00+05:30,1543.0,1557.300048828125,1541.4000244140625,1551.199951171875,1527.8109130859375,4548307,0.0,0.0
2025-06-05 00:00:00+05:30,1547.9000244140625,1567.699951171875,1541.5999755859375,1554.300048828125,1530.8642578125,6948539,0.0,0.0
2025-06-06 00:00:00+05:30,1554.699951171875,1568.9000244140625,1543.0999755859375,1563.800048828125,1540.2210693359375,3960020,0.0,0.0
2025-06-09 00:00:00+05:30,1578.0,1588.0,1571.0,1572.9000244140625,1549.183837890625,2903202,0.0,0.0
2025-06-10 00:00:00+05:30,1584.0,1607.5,1577.5,1596.0,1571.935546875,8591925,0.0,0.0
2025-06-11 00:00:00+05:30,1590.0999755859375,1634.5999755859375,1590.0999755859375,1631.0999755859375,1606.5062255859375,10597410,0.0,0.0
2025-06-12 00:00:00+05:30,1617.0,1628.0,1598.0999755859375,1608.5999755859375,1584.345458984375,10483574,0.0,0.0
2025-06-13 00:00:00+05:30,1576.0,1609.0,1570.199951171875,1602.0,1577.844970703125,6968315,0.0,0.0
2025-06-16 00:00:00+05:30,1600.0,1634.800048828125,1597.0999755859375,1623.800048828125,1599.31640625,5591842,0.0,0.0
2025-06-17 00:00:00+05:30,1620.699951171875,1647.4000244140625,1615.5999755859375,1639.9000244140625,1615.173583984375,7622083,0.0,0.0
2025-06-18 00:00:00+05:30,1621.0,1644.699951171875,1621.0,1632.9000244140625,1608.2791748046875,5629707,0.0,0.0
2025-06-19 00:00:00+05:30,1623.9000244140625,1630.0,1611.5,1618.4000244140625,1593.997802734375,5147760,0.0,0.0
2025-06-20 00:00:00+05:30,1619.0,1630.699951171875,1608.9000244140625,1622.9000244140625,1598.429931640625,9202821,0.0,0.0
2025-06-23 00:00:00+05:30,1601.0,1601.0,1575.4000244140625,1584.0,1560.116455078125,7943676,0.0,0.0
2025-06-24 00:00:00+05:30,1601.0,1609.0,1576.5999755859375,1581.5999755859375,1557.7525634765625,8083992,0.0,0.0
2025-06-25 00:00:00+05:30,1590.0,1619.9000244140625,1585.0999755859375,1614.9000244140625,1590.550537109375,7813533,0.0,0.0
2025-06-26 00:00:00+05:30,1608.800048828125,1624.0,1606.5999755859375,1616.0,1591.6339111328125,6519233,0.0,0.0
2025-06-27 00:00:00+05:30,1619.0,1629.5999755859375,1602.4000244140625,1608.0,1583.7545166015625,8912268,0.0,0.0
2025-06-30 00:00:00+05:30,1615.0,1615.0,1594.0999755859375,1601.800048828125,1577.6480712890625,6294505,0.0,0.0
2025-07-01 00:00:00+05:30,1609.0,1617.699951171875,1600.5,1606.800048828125,1582.57275390625,4178937,0.0,0.0
2025-07-02 00:00:00+05:30,1618.0,1649.0,1603.4000244140625,1610.5,1586.2169189453125,8653641,0.0,0.0
2025-07-03 00:00:00+05:30,1618.5,1632.4000244140625,1615.0,1618.699951171875,1594.293212890625,5259695,0.0,0.0
2025-07-04 00:00:00+05:30,1625.0,1643.4000244140625,1612.300048828125,1640.699951171875,1615.96142578125,4411273,0.0,0.0
2025-07-07 00:00:00+05:30,1640.0,1644.0,1623.0,1627.0,1602.4681396484375,3294523,0.0,0.0
2025-07-08 00:00:00+05:30,1628.0,1646.199951171875,1621.5,1638.699951171875,1613.9915771484375,4590681,0.0,0.0
2025-07-09 00:00:00+05:30,1637.800048828125,1638.0,1623.5999755859375,1633.699951171875,1609.0670166015625,4580828,0.0,0.0
2025-07-10 00:00:00+05:30,1638.9000244140625,1638.9000244140625,1607.0999755859375,1615.800048828125,1591.43701171875,5330179,0.0,0.0
2025-07-11 00:00:00+05:30,1579.0999755859375,1607.0999755859375,1563.0,1594.9000244140625,1570.85205078125,11391755,0.0,0.0
2025-07-14 00:00:00+05:30,1591.800048828125,1591.800048828125,1559.800048828125,1570.300048828125,1546.623046875,9173426,0.0,0.0
2025-07-15 00:00:00+05:30,1565.0999755859375,1603.5999755859375,1564.0,1585.5999755859375,1561.6922607421875,7614807,0.0,0.0
2025-07-16 00:00:00+05:30,1579.0,1612.0,1578.5,1607.9000244140625,1583.6561279296875,6223491,0.0,0.0
2025-07-17 00:00:00+05:30,1598.0,1610.0,1580.0999755859375,1583.5,1559.6240234375,7374814,0.0,0.0
2025-07-18 00:00:00+05:30,1592.0999755859375,1599.300048828125,1580.0,1586.0999755859375,1562.1846923828125,5161833,0.0,0.0
2025-07-21 00:00:00+05:30,1580.0,1589.0,1566.800048828125,1584.300048828125,1560.4119873046875,3682661,0.0,0.0
2025-07-22 00:00:00+05:30,1565.0,1585.800048828125,1565.0,1570.9000244140625,1547.2139892578125,8473741,0.0,0.0
2025-07-23 00:00:00+05:30,1576.300048828125,1591.9000244140625,1550.0,1574.5,1550.7596435546875,8035026,0.0,0.0
2025-07-24 00:00:00+05:30,1580.0,1582.0,1548.199951171875,1552.5,1529.0914306640625,14169664,0.0,0.0
2025-07-25 00:00:00+05:30,1543.4000244140625,1549.5,1511.300048828125,1515.699951171875,1492.84619140625,10851259,0.0,0.0
2025-07-28 00:00:00+05:30,1513.9000244140625,1519.300048828125,1482.5,1516.0,1493.1417236328125,6439855,0.0,0.0
2025-07-29 00:00:00+05:30,1512.9000244140625,1517.199951171875,1496.0999755859375,1513.699951171875,1490.8763427734375,7070448,0.0,0.0
2025-07-30 00:00:00+05:30,1519.9000244140625,1521.699951171875,1506.0,1519.0,1496.0965576171875,5719051,0.0,0.0
2025-07-31 00:00:00+05:30,1509.699951171875,1527.0999755859375,1497.0,1509.0,1486.247314453125,6851407,0.0,0.0
2025-08-01 00:00:00+05:30,1493.9000244140625,1498.699951171875,1465.5,1469.5999755859375,1447.4412841796875,8702978,0.0,0.0
2025-08-04 00:00:00+05:30,1461.5,1482.800048828125,1451.0,1480.5,1458.177001953125,8610216,0.0,0.0
2025-08-05 00:00:00+05:30,1478.699951171875,1478.699951171875,1455.0,1460.300048828125,1438.2816162109375,10213323,0.0,0.0
2025-08-06 00:00:00+05:30,1452.0,1456.0999755859375,1430.300048828125,1436.699951171875,1415.037353515625,10566934,0.0,0.0
2025-08-07 00:00:00+05:30,1430.0,1442.0,1414.199951171875,1436.9000244140625,1415.234375,9892020,0.0,0.0
2025-08-08 00:00:00+05:30,1425.0,1433.199951171875,1417.0999755859375,1423.0999755859375,1401.6424560546875,10048009,0.0,0.0
2025-08-11 00:00:00+05:30,1419.9000244140625,1433.4000244140625,1414.0,1428.199951171875,1406.66552734375,6625368,0.0,0.0
2025-08-12 00:00:00+05:30,1428.199951171875,1441.0,1421.0,1424.0999755859375,1402.62744140625,9899184,0.0,0.0
2025-08-13 00:00:00+05:30,1425.0,1434.0,1422.4000244140625,1426.5999755859375,1405.0897216796875,10318063,0.0,0.0
2025-08-14 00:00:00+05:30,1426.199951171875,1470.0,1426.199951171875,1447.699951171875,1425.8714599609375,12902347,0.0,0.0
2025-08-18 00:00:00+05:30,1464.699951171875,1464.699951171875,1429.5999755859375,1435.800048828125,1414.1510009765625,7254561,0.0,0.0
2025-08-19 00:00:00+05:30,1432.699951171875,1449.4000244140625,1432.699951171875,1440.0,1418.2877197265625,3986094,0.0,0.0
2025-08-20 00:00:00+05:30,1440.699951171875,1499.0,1440.699951171875,1496.199951171875,1473.6402587890625,10413061,0.0,0.0
2025-08-21 00:00:00+05:30,1508.0,1508.0,1484.300048828125,1496.4000244140625,1473.8372802734375,6565539,0.0,0.0
2025-08-22 00:00:00+05:30,1498.0999755859375,1504.300048828125,1486.0999755859375,1487.5,1465.0714111328125,5543397,0.0,0.0
2025-08-25 00:00:00+05:30,1506.699951171875,1539.0,1506.699951171875,1532.0999755859375,1508.9989013671875,10694531,0.0,0.0
2025-08-26 00:00:00+05:30,1523.0,1538.4000244140625,1518.5999755859375,1529.5999755859375,1506.53662109375,15994798,0.0,0.0
2025-08-28 00:00:00+05:30,1529.5999755859375,1529.5999755859375,1498.0,1500.0999755859375,1477.4814453125,5443364,0.0,0.0
2025-08-29 00:00:00+05:30,1501.9000244140625,1501.9000244140625,1467.699951171875,1469.5999755859375,1447.4412841796875,8169075,0.0,0.0
2025-09-01 00:00:00+05:30,1476.699951171875,1503.4000244140625,1476.199951171875,1499.4000244140625,1476.7921142578125,4546057,0.0,0.0
2025-09-02 00:00:00+05:30,1499.4000244140625,1512.800048828125,1486.300048828125,1498.699951171875,1476.1025390625,5218763,0.0,0.0
2025-09-03 00:00:00+05:30,1500.0,1501.9000244140625,1473.0,1479.0999755859375,1456.798095703125,4623483,0.0,0.0
2025-09-04 00:00:00+05:30,1484.0,1484.0,1460.0999755859375,1463.0,1440.94091796875,5787724,0.0,0.0
2025-09-05 00:00:00+05:30,1470.0,1472.699951171875,1433.0,1444.5999755859375,1422.8182373046875,5466487,0.0,0.0
2025-09-08 00:00:00+05:30,1451.0,1458.0,1428.300048828125,1432.9000244140625,1411.2947998046875,3811567,0.0,0.0
2025-09-09 00:00:00+05:30,1481.0,1507.199951171875,1472.5,1504.300048828125,1481.6181640625,13072640,0.0,0.0
2025-09-10 00:00:00+05:30,1510.0999755859375,1534.9000244140625,1509.300048828125,1532.5999755859375,1509.491455078125,7281071,0.0,0.0
2025-09-11 00:00:00+05:30,1523.9000244140625,1527.5,1506.5,1509.699951171875,1486.9366455078125,8003662,0.0,0.0
2025-09-12 00:00:00+05:30,1537.0,1542.9000244140625,1521.0999755859375,1525.5999755859375,1502.596923828125,12856963,0.0,0.0
2025-09-15 00:00:00+05:30,1525.5999755859375,1527.5,1501.199951171875,1508.4000244140625,1485.6563720703125,6167414,0.0,0.0
2025-09-16 00:00:00+05:30,1508.4000244140625,1514.0,1503.5,1511.300048828125,1488.5126953125,8923112,0.0,0.0
2025-09-17 00:00:00+05:30,1516.9000244140625,1526.699951171875,1514.0,1522.4000244140625,1499.4453125,4795698,0.0,0.0
2025-09-18 00:00:00+05:30,1550.0,1555.0,1538.5,1540.5999755859375,1517.370849609375,9331945,0.0,0.0
2025-09-19 00:00:00+05:30,1544.5999755859375,1551.300048828125,1520.0999755859375,1540.199951171875,1516.976806640625,12988129,0.0,0.0
2025-09-22 00:00:00+05:30,1482.699951171875,1514.699951171875,1482.0,1499.5,1476.8905029296875,15655204,0.0,0.0
2025-09-23 00:00:00+05:30,1493.0,1513.0,1493.0,1497.5,1474.920654296875,9832164,0.0,0.0
2025-09-24 00:00:00+05:30,1487.199951171875,1496.699951171875,1482.699951171875,1494.5999755859375,1472.0643310546875,4937004,0.0,0.0
2025-09-25 00:00:00+05:30,1489.0,1502.699951171875,1476.5,1484.800048828125,1462.4122314453125,9491867,0.0,0.0
2025-09-26 00:00:00+05:30,1475.0,1478.699951171875,1441.199951171875,1448.9000244140625,1427.053466796875,8597058,0.0,0.0
2025-09-29 00:00:00+05:30,1460.0,1465.0,1436.5,1441.800048828125,1420.060546875,10513117,0.0,0.0
2025-09-30 00:00:00+05:30,1443.0,1452.199951171875,1438.0999755859375,1441.800048828125,1420.060546875,7556305,0.0,0.0
2025-10-01 00:00:00+05:30,1446.0,1449.5,1427.4000244140625,1445.800048828125,1424.000244140625,6250692,0.0,0.0
2025-10-03 00:00:00+05:30,1439.0,1448.300048828125,1433.199951171875,1446.5999755859375,1424.7880859375,6877533,0.0,0.0
2025-10-06 00:00:00+05:30,1446.5999755859375,1478.800048828125,1442.300048828125,1476.0,1453.744873046875,4630590,0.0,0.0
2025-10-07 00:00:00+05:30,1477.699951171875,1482.9000244140625,1454.0,1458.5,1436.5086669921875,5570320,0.0,0.0
2025-10-08 00:00:00+05:30,1457.0,1498.0,1455.0,1495.0,1472.4583740234375,4657192,0.0,0.0
2025-10-09 00:00:00+05:30,1502.0,1514.0,1487.0,1509.300048828125,1486.5428466796875,7028753,0.0,0.0
2025-10-10 00:00:00+05:30,1510.0,1521.699951171875,1498.800048828125,1514.9000244140625,1492.058349609375,3738353,0.0,0.0
2025-10-13 00:00:00+05:30,1497.0,1504.699951171875,1483.4000244140625,1493.199951171875,1470.6854248046875,5859355,0.0,0.0
2025-10-14 00:00:00+05:30,1499.0,1514.4000244140625,1486.5,1489.9000244140625,1467.435302734375,5600789,0.0,0.0
2025-10-15 00:00:00+05:30,1483.9000244140625,1488.5999755859375,1467.5,1474.4000244140625,1452.1690673828125,6986098,0.0,0.0
2025-10-16 00:00:00+05:30,1473.9000244140625,1474.5,1460.5,1471.5,1449.312744140625,8005748,0.0,0.0
2025-10-17 00:00:00+05:30,1454.9000244140625,1458.4000244140625,1434.0,1441.0999755859375,1419.37109375,16959378,0.0,0.0
2025-10-20 00:00:00+05:30,1453.699951171875,1467.0,1450.0,1460.9000244140625,1438.87255859375,6994246,0.0,0.0
2025-10-21 00:00:00+05:30,1478.0,1486.0,1470.0,1472.4000244140625,1450.19921875,1698704,0.0,0.0
2025-10-23 00:00:00+05:30,1510.0,1546.0,1506.0,1528.5,1505.4532470703125,20358624,0.0,0.0
2025-10-24 00:00:00+05:30,1539.5,1543.0,1518.0,1525.4000244140625,1502.4000244140625,8652257,0.0,0.0
2025-10-27 00:00:00+05:30,1510.0,1515.300048828125,1498.0999755859375,1504.5,1504.5,7273211,23.0,0.0
2025-10-28 00:00:00+05:30,1499.699951171875,1506.5,1490.5,1500.199951171875,1500.199951171875,8211019,0.0,0.0
2025-10-29 00:00:00+05:30,1500.199951171875,1520.199951171875,1496.9000244140625,1510.4000244140625,1510.4000244140625,4884976,0.0,0.0
2025-10-30 00:00:00+05:30,1507.0,1508.199951171875,1489.0999755859375,1493.800048828125,1493.800048828125,5608867,0.0,0.0
2025-10-31 00:00:00+05:30,1490.0,1497.0999755859375,1480.699951171875,1482.300048828125,1482.300048828125,4819814,0.0,0.0
2025-11-03 00:00:00+05:30,1482.300048828125,1491.4000244140625,1474.199951171875,1485.5,1485.5,5470600,0.0,0.0
2025-11-04 00:00:00+05:30,1479.699951171875,1481.9000244140625,1462.9000244140625,1467.9000244140625,1467.9000244140625,8691330,0.0,0.0
2025-11-05 00:00:00+05:30,1467.9000244140625,1467.9000244140625,1467.9000244140625,1467.9000244140625,1467.9000244140625,0,0.0,0.0
2025-11-06 00:00:00+05:30,1478.5999755859375,1483.0,1461.9000244140625,1466.699951171875,1466.699951171875,7944752,0.0,0.0
2025-11-07 00:00:00+05:30,1470.0,1480.9000244140625,1449.0999755859375,1476.800048828125,1476.800048828125,8765759,0.0,0.0
2025-11-10 00:00:00+05:30,1490.0999755859375,1520.0,1490.0,1513.5,1513.5,9787975,0.0,0.0
2025-11-11 00:00:00+05:30,1525.0,1533.4000244140625,1511.0999755859375,1530.300048828125,1530.300048828125,13692989,0.0,0.0
2025-11-12 00:00:00+05:30,1540.0,1559.199951171875,1538.0999755859375,1551.699951171875,1551.699951171875,14635417,0.0,0.0
2025-11-13 00:00:00+05:30,1557.0999755859375,1557.5,1530.300048828125,1541.800048828125,1541.800048828125,19655689,0.0,0.0
2025-11-14 00:00:00+05:30,1520.0,1530.0,1488.800048828125,1502.800048828125,1502.800048828125,9739549,0.0,0.0
2025-11-17 00:00:00+05:30,1496.0,1510.199951171875,1492.5,1507.5999755859375,1507.5999755859375,7910354,0.0,0.0
2025-11-18 00:00:00+05:30,1506.0,1506.0,1483.199951171875,1486.4000244140625,1486.4000244140625,7525119,0.0,0.0
2025-11-19 00:00:00+05:30,1490.5,1543.0,1490.5,1541.0999755859375,1541.0999755859375,10981126,0.0,0.0
2025-11-20 00:00:00+05:30,1555.0,1555.0,1534.0,1536.5,1536.5,7387584,0.0,0.0
2025-11-21 00:00:00+05:30,1531.0,1551.5,1526.300048828125,1545.0,1545.0,9186302,0.0,0.0
2025-11-24 00:00:00+05:30,1563.5999755859375,1585.0,1541.0,1548.0,1548.0,19270381,0.0,0.0
2025-11-25 00:00:00+05:30,1549.0,1550.5999755859375,1525.9000244140625,1530.5999755859375,1530.5999755859375,8107952,0.0,0.0
2025-11-26 00:00:00+05:30,1532.0999755859375,1560.300048828125,1532.0999755859375,1557.9000244140625,1557.9000244140625,7575038,0.0,0.0
2025-11-27 00:00:00+05:30,1564.0,1574.300048828125,1552.199951171875,1566.4000244140625,1566.4000244140625,7552252,0.0,0.0
2025-11-28 00:00:00+05:30,1565.0,1568.4000244140625,1557.0,1560.0999755859375,1560.0999755859375,4453221,0.0,0.0
2025-12-01 00:00:00+05:30,1562.5,1574.0,1556.0,1564.0,1564.0,5341800,0.0,0.0
2025-12-02 00:00:00+05:30,1567.0,1579.9000244140625,1556.0999755859375,1561.0,1561.0,6335969,0.0,0.0
2025-12-03 00:00:00+05:30,1555.0999755859375,1586.0,1554.0999755859375,1578.699951171875,1578.699951171875,12895312,0.0,0.0
2025-12-04 00:00:00+05:30,1568.0,1599.0,1568.0,1597.5999755859375,1597.5999755859375,12609619,0.0,0.0
2025-12-05 00:00:00+05:30,1610.0,1631.800048828125,1600.0,1616.199951171875,1616.199951171875,10344725,0.0,0.0
2025-12-08 00:00:00+05:30,1617.0999755859375,1630.0,1600.199951171875,1610.800048828125,1610.800048828125,7550413,0.0,0.0
2025-12-09 00:00:00+05:30,1601.199951171875,1606.9000244140625,1582.4000244140625,1599.0,1599.0,6957599,0.0,0.0
2025-12-10 00:00:00+05:30,1608.0,1608.0,1582.800048828125,1584.800048828125,1584.800048828125,5116140,0.0,0.0
2025-12-11 00:00:00+05:30,1598.0,1607.4000244140625,1580.5,1598.0,1598.0,5159319,0.0,0.0
2025-12-12 00:00:00+05:30,1601.4000244140625,1601.800048828125,1582.5999755859375,1598.199951171875,1598.199951171875,4633912,0.0,0.0
2025-12-15 00:00:00+05:30,1585.0,1610.800048828125,1585.0,1606.800048828125,1606.800048828125,4190558,0.0,0.0
2025-12-16 00:00:00+05:30,1600.0,1603.0,1585.5999755859375,1592.9000244140625,1592.9000244140625,5499258,0.0,0.0
2025-12-17 00:00:00+05:30,1587.199951171875,1606.9000244140625,1586.0,1602.0,1602.0,4817628,0.0,0.0
2025-12-18 00:00:00+05:30,1610.5,1630.0,1606.699951171875,1626.800048828125,1626.800048828125,6577293,0.0,0.0
2025-12-19 00:00:00+05:30,1650.0,1654.9000244140625,1629.800048828125,1638.699951171875,1638.699951171875,13149023,0.0,0.0
2025-12-22 00:00:00+05:30,1664.0,1693.199951171875,1664.0,1689.5999755859375,1689.5999755859375,23098923,0.0,0.0
2025-12-23 00:00:00+05:30,1679.0,1679.0,1656.4000244140625,1668.300048828125,1668.300048828125,6593060,0.0,0.0
2025-12-24 00:00:00+05:30,1661.0,1667.5999755859375,1652.5,1663.4000244140625,1663.4000244140625,4271167,0.0,0.0
2025-12-25 00:00:00+05:30,1663.4000244140625,1663.4000244140625,1663.4000244140625,1663.4000244140625,1663.4000244140625,0,0.0,0.0
2025-12-26 00:00:00+05:30,1663.4000244140625,1668.800048828125,1651.699951171875,1656.0999755859375,1656.0999755859375,2006491,0.0,0.0
2025-12-29 00:00:00+05:30,1658.0,1673.0999755859375,1637.0999755859375,1644.699951171875,1644.699951171875,4062817,0.0,0.0
2025-12-30 00:00:00+05:30,1647.0,1647.9000244140625,1616.800048828125,1621.5999755859375,1621.5999755859375,9395937,0.0,0.0
2025-12-31 00:00:00+05:30,1621.0,1628.5999755859375,1609.199951171875,1615.4000244140625,1615.4000244140625,6538656,0.0,0.0
2026-01-01 00:00:00+05:30,1615.4000244140625,1639.5999755859375,1614.0999755859375,1629.800048828125,1629.800048828125,3658165,0.0,0.0
2026-01-02 00:00:00+05:30,1635.9000244140625,1643.5,1627.5,1640.4000244140625,1640.4000244140625,2524526,0.0,0.0
2026-01-05 00:00:00+05:30,1637.0,1637.0,1583.0999755859375,1606.4000244140625,1606.4000244140625,5917885,0.0,0.0
2026-01-06 00:00:00+05:30,1600.0999755859375,1619.9000244140625,1599.0,1612.199951171875,1612.199951171875,4466729,0.0,0.0
2026-01-07 00:00:00+05:30,1615.0,1642.0,1615.0,1639.0,1639.0,4508079,0.0,0.0
2026-01-08 00:00:00+05:30,1638.9000244140625,1644.300048828125,1608.5999755859375,1613.300048828125,1613.300048828125,3942131,0.0,0.0
2026-01-09 00:00:00+05:30,1610.0,1631.300048828125,1607.0,1614.0999755859375,1614.0999755859375,6816681,0.0,0.0
2026-01-12 00:00:00+05:30,1610.0999755859375,1613.300048828125,1592.5999755859375,1595.9000244140625,1595.9000244140625,6985362,0.0,0.0
2026-01-13 00:00:00+05:30,1618.0,1618.0,1586.4000244140625,1599.0,1599.0,8080618,0.0,0.0
2026-01-14 00:00:00+05:30,1588.0,1617.0,1583.0999755859375,1599.800048828125,1599.800048828125,7557157,0.0,0.0
2026-01-15 00:00:00+05:30,1599.800048828125,1599.800048828125,1599.800048828125,1599.800048828125,1599.800048828125,0,0.0,0.0
2026-01-16 00:00:00+05:30,1663.699951171875,1694.0,1653.4000244140625,1689.800048828125,1689.800048828125,19335957,0.0,0.0
2026-01-19 00:00:00+05:30,1685.0,1685.0,1666.5,1681.199951171875,1681.199951171875,5104958,0.0,0.0
2026-01-20 00:00:00+05:30,1673.0,1680.199951171875,1652.9000244140625,1658.9000244140625,1658.9000244140625,6406503,0.0,0.0
2026-01-21 00:00:00+05:30,1651.0,1657.0,1631.199951171875,1654.4000244140625,1654.4000244140625,6224582,0.0,0.0
2026-01-22 00:00:00+05:30,1666.0,1671.199951171875,1653.800048828125,1663.5,1663.5,6228892,0.0,0.0
2026-01-23 00:00:00+05:30,1667.199951171875,1675.699951171875,1662.199951171875,1670.800048828125,1670.800048828125,5869137,0.0,0.0
