Date,Open,High,Low,Close,Adj Close,Volume,Dividends,Stock Splits
1996-01-01 00:00:00+05:30,18.691146850585938,18.97892189025879,18.540184020996094,18.823240280151367,11.965001106262207,43733533,0.0,0.0
1996-01-02 00:00:00+05:30,18.894004821777344,18.964767456054688,17.738191604614258,18.224105834960938,11.584162712097168,56167280,0.0,0.0
1996-01-03 00:00:00+05:30,18.327892303466797,18.56848907470703,17.64383888244629,17.738191604614258,11.275291442871094,68296318,0.0,0.0
1996-01-04 00:00:00+05:30,17.50231170654297,17.832542419433594,17.22397232055664,17.676862716674805,11.236306190490723,86073880,0.0,0.0
1996-01-05 00:00:00+05:30,17.738191604614258,17.78536605834961,17.45985221862793,17.57779312133789,11.173332214355469,76613039,0.0,0.0
1996-01-08 00:00:00+05:30,17.478723526000977,17.64383888244629,16.922046661376953,17.063573837280273,10.846470832824707,55395172,0.0,0.0
1996-01-09 00:00:00+05:30,16.889022827148438,18.681711196899414,16.705036163330078,17.99765968322754,11.44022274017334,82057540,0.0,0.0
1996-01-10 00:00:00+05:30,17.407958984375,17.714603424072266,17.05413818359375,17.17207908630371,10.915440559387207,54360749,0.0,0.0
1996-01-11 00:00:00+05:30,16.983375549316406,17.926895141601562,16.983375549316406,17.82782554626465,11.332265853881836,65973105,0.0,0.0
1996-01-12 00:00:00+05:30,17.879718780517578,18.233539581298828,17.573074340820312,17.837261199951172,11.338264465332031,102152486,0.0,0.0
1996-01-15 00:00:00+05:30,18.02124786376953,18.200517654418945,17.78536605834961,17.893871307373047,11.374244689941406,68169665,0.0,0.0
1996-01-16 00:00:00+05:30,17.90330696105957,19.530881881713867,17.78536605834961,18.27128028869629,11.614147186279297,92497161,0.0,0.0
1996-01-17 00:00:00+05:30,17.856130599975586,17.974071502685547,17.455135345458984,17.521181106567383,11.137348175048828,65477620,0.0,0.0
1996-01-18 00:00:00+05:30,17.31832504272461,17.624969482421875,17.124902725219727,17.403240203857422,11.06238079071045,67620657,0.0,0.0
1996-01-19 00:00:00+05:30,17.29001808166504,17.67214584350586,17.29001808166504,17.610815048217773,11.194323539733887,47652365,0.0,0.0
1996-01-22 00:00:00+05:30,17.738191604614258,18.313739776611328,17.700450897216797,18.224105834960938,11.584162712097168,81512772,0.0,0.0
1996-01-23 00:00:00+05:30,18.38922119140625,18.771347045898438,18.162776947021484,18.417526245117188,11.707109451293945,130297068,0.0,0.0
1996-01-24 00:00:00+05:30,17.832542419433594,17.926895141601562,17.351348876953125,17.794803619384766,11.311275482177734,54484752,0.0,0.0
1996-01-25 00:00:00+05:30,18.1156005859375,18.275997161865234,17.879718780517578,17.964635848999023,11.419230461120605,67701207,0.0,0.0
1996-01-26 00:00:00+05:30,17.964635848999023,17.964635848999023,17.964635848999023,17.964635848999023,11.419230461120605,0,0.0,0.0
1996-01-29 00:00:00+05:30,18.162776947021484,18.960050582885742,18.07314109802246,18.785499572753906,11.941015243530273,75689901,0.0,0.0
1996-01-30 00:00:00+05:30,19.059120178222656,19.700714111328125,18.587360382080078,19.205366134643555,12.207901000976562,89163372,0.0,0.0
1996-01-31 00:00:00+05:30,18.776063919067383,19.129884719848633,18.21466827392578,18.549619674682617,11.79107666015625,56831282,0.0,0.0
1996-02-01 00:00:00+05:30,18.422243118286133,19.625232696533203,18.422243118286133,19.46955108642578,12.375829696655273,96599349,0.0,0.0
1996-02-02 00:00:00+05:30,19.861112594604492,20.9461612701416,19.719585418701172,20.814069747924805,13.230475425720215,106010376,0.0,0.0
1996-02-05 00:00:00+05:30,21.087690353393555,22.880380630493164,21.087690353393555,22.12556266784668,14.064126014709473,160942920,0.0,0.0
1996-02-06 00:00:00+05:30,22.455795288085938,23.163436889648438,21.795330047607422,22.314266204833984,14.184074401855469,147345446,0.0,0.0
1996-02-07 00:00:00+05:30,21.597192764282227,22.36144256591797,20.757457733154297,21.922706604003906,13.9351806640625,67480756,0.0,0.0
1996-02-08 00:00:00+05:30,21.988752365112305,22.903968811035156,21.57832145690918,22.545429229736328,14.33101749420166,52796395,0.0,0.0
1996-02-09 00:00:00+05:30,22.762439727783203,24.460777282714844,22.352008819580078,24.13998031616211,15.34459114074707,74580228,0.0,0.0
1996-02-12 00:00:00+05:30,23.871076583862305,24.267356872558594,22.455795288085938,22.724699020385742,14.444964408874512,81608160,0.0,0.0
1996-02-13 00:00:00+05:30,22.668088912963867,23.10682487487793,22.031211853027344,22.84735679626465,14.522933006286621,83711982,0.0,0.0
1996-02-14 00:00:00+05:30,23.682373046875,24.04562759399414,23.399316787719727,23.517255783081055,14.948752403259277,52251098,0.0,0.0
1996-02-15 00:00:00+05:30,23.399316787719727,23.77672576904297,23.139848709106445,23.38044548034668,14.861794471740723,40662588,0.0,0.0
1996-02-16 00:00:00+05:30,23.205894470214844,23.253070831298828,22.677522659301758,22.83320426940918,14.513937950134277,41113559,0.0,0.0
1996-02-19 00:00:00+05:30,22.927555084228516,23.304964065551758,22.880380630493164,22.9888858795166,14.612896919250488,29196493,0.0,0.0
1996-02-20 00:00:00+05:30,23.021907806396484,23.0407772064209,22.08782196044922,22.271808624267578,14.157086372375488,30560533,0.0,0.0
1996-02-21 00:00:00+05:30,22.271808624267578,22.271808624267578,22.271808624267578,22.271808624267578,14.157086372375488,0,0.0,0.0
1996-02-22 00:00:00+05:30,22.682241439819336,22.970014572143555,22.550148010253906,22.889814376831055,14.549924850463867,21638101,0.0,0.0
1996-02-23 00:00:00+05:30,22.927555084228516,23.352140426635742,22.578453063964844,23.229482650756836,14.765833854675293,46653977,0.0,0.0
1996-02-26 00:00:00+05:30,23.77672576904297,24.3758602142334,23.691808700561523,23.847488403320312,15.158672332763672,71998409,0.0,0.0
1996-02-27 00:00:00+05:30,23.965429306030273,24.106956481933594,23.493667602539062,23.805030822753906,15.131678581237793,62652564,0.0,0.0
1996-02-28 00:00:00+05:30,24.154132843017578,24.342836380004883,23.78615951538086,23.833335876464844,15.149674415588379,36609684,0.0,0.0
1996-02-29 00:00:00+05:30,23.682373046875,23.77200698852539,22.36144256591797,22.672805786132812,14.411982536315918,71030227,0.0,0.0
1996-03-01 00:00:00+05:30,22.927555084228516,23.154001235961914,22.644500732421875,22.951143264770508,14.588902473449707,49598798,0.0,0.0
1996-03-04 00:00:00+05:30,23.021907806396484,23.111543655395508,22.172739028930664,22.719980239868164,14.441967010498047,40613835,0.0,0.0
1996-03-05 00:00:00+05:30,22.719980239868164,22.719980239868164,22.719980239868164,22.719980239868164,14.441967010498047,0,0.0,0.0
1996-03-06 00:00:00+05:30,22.748287200927734,23.10682487487793,22.691675186157227,22.993602752685547,14.615896224975586,22160082,0.0,0.0
1996-03-07 00:00:00+05:30,23.116260528564453,23.323835372924805,22.762439727783203,22.84735679626465,14.522933006286621,31303495,0.0,0.0
1996-03-08 00:00:00+05:30,22.64921760559082,22.734134674072266,22.276527404785156,22.63506507873535,14.387989044189453,39637704,0.0,0.0
1996-03-11 00:00:00+05:30,22.172739028930664,22.36144256591797,21.83778953552246,22.11612892150879,14.058125495910645,39109363,0.0,0.0
1996-03-12 00:00:00+05:30,22.092540740966797,22.186891555786133,21.88968276977539,22.083105087280273,14.037138938903809,27429706,0.0,0.0
1996-03-13 00:00:00+05:30,22.07366943359375,22.68695831298828,21.960447311401367,22.61147689819336,14.372997283935547,27421227,0.0,0.0
1996-03-14 00:00:00+05:30,22.691675186157227,22.889814376831055,22.46523094177246,22.587888717651367,14.35800838470459,36343129,0.0,0.0
1996-03-15 00:00:00+05:30,22.550148010253906,22.59732437133789,22.12556266784668,22.182174682617188,14.100109100341797,29065070,0.0,0.0
1996-03-18 00:00:00+05:30,21.98403549194336,22.120845794677734,21.535863876342773,21.601909637451172,13.731268882751465,27165271,0.0,0.0
1996-03-19 00:00:00+05:30,21.601909637451172,21.875530242919922,20.474401473999023,21.012208938598633,13.356423377990723,35581619,0.0,0.0
1996-03-20 00:00:00+05:30,21.012208938598633,21.012208938598633,21.012208938598633,21.012208938598633,13.356423377990723,0,0.0,0.0
1996-03-21 00:00:00+05:30,21.422639846801758,21.842506408691406,21.422639846801758,21.677391052246094,13.779241561889648,13650996,0.0,0.0
1996-03-22 00:00:00+05:30,21.441511154174805,21.606626510620117,21.064102172851562,21.441511154174805,13.629305839538574,23179668,0.0,0.0
1996-03-25 00:00:00+05:30,21.606626510620117,21.884965896606445,21.479251861572266,21.583038330078125,13.719268798828125,22524674,0.0,0.0
1996-03-26 00:00:00+05:30,21.597192764282227,21.700979232788086,20.927291870117188,21.417922973632812,13.614315032958984,24039214,0.0,0.0
1996-03-27 00:00:00+05:30,21.700979232788086,22.031211853027344,21.700979232788086,21.81420135498047,13.866211891174316,14674821,0.0,0.0
1996-03-28 00:00:00+05:30,21.81420135498047,23.116260528564453,21.856660842895508,22.177457809448242,14.097112655639648,15454878,0.0,0.0
1996-03-29 00:00:00+05:30,22.314266204833984,22.408620834350586,22.031211853027344,22.210479736328125,14.118103981018066,21249133,0.0,0.0
1996-04-01 00:00:00+05:30,21.700979232788086,22.927555084228516,21.700979232788086,22.809616088867188,14.498947143554688,40137428,0.0,0.0
1996-04-02 00:00:00+05:30,23.1209774017334,23.871076583862305,22.51712417602539,23.531408309936523,14.957749366760254,53712115,0.0,0.0
1996-04-03 00:00:00+05:30,23.871076583862305,24.290943145751953,23.77672576904297,23.852205276489258,15.161665916442871,48630086,0.0,0.0
1996-04-04 00:00:00+05:30,23.77672576904297,23.847488403320312,23.451210021972656,23.781442642211914,15.116683006286621,40702863,0.0,0.0
1996-04-05 00:00:00+05:30,23.781442642211914,23.781442642211914,23.781442642211914,23.781442642211914,15.116683006286621,0,0.0,0.0
1996-04-08 00:00:00+05:30,24.625892639160156,25.333534240722656,24.390012741088867,25.04104232788086,15.917352676391602,67392257,0.0,0.0
1996-04-09 00:00:00+05:30,25.286357879638672,26.078916549682617,24.630611419677734,25.215593338012695,16.028305053710938,123803836,0.0,0.0
1996-04-10 00:00:00+05:30,25.097654342651367,25.427885055541992,24.644763946533203,24.80516242980957,15.76741886138916,70021770,0.0,0.0
1996-04-11 00:00:00+05:30,24.53154182434082,24.946691513061523,24.408884048461914,24.748550415039062,15.731429100036621,76341715,0.0,0.0
1996-04-12 00:00:00+05:30,24.814598083496094,25.4184513092041,24.63532829284668,25.3382511138916,16.10627555847168,68621695,0.0,0.0
1996-04-15 00:00:00+05:30,25.847753524780273,26.456323623657227,25.701507568359375,26.093067169189453,16.586071014404297,88429949,0.0,0.0
1996-04-16 00:00:00+05:30,26.09778594970703,27.362104415893555,25.993999481201172,26.80542755126953,17.038883209228516,96678839,0.0,0.0
1996-04-17 00:00:00+05:30,26.984695434570312,27.17340087890625,26.654462814331055,27.00356674194336,17.16482925415039,63548145,0.0,0.0
1996-04-18 00:00:00+05:30,27.55080795288086,28.588680267333984,27.475326538085938,28.433000564575195,18.073450088500977,100389409,0.0,0.0
1996-04-19 00:00:00+05:30,28.588680267333984,29.697317123413086,28.447153091430664,29.074594497680664,18.481285095214844,129471967,0.0,0.0
1996-04-22 00:00:00+05:30,29.626554489135742,29.650142669677734,28.593399047851562,28.79153823852539,18.30135154724121,120420233,0.0,0.0
1996-04-23 00:00:00+05:30,28.423564910888672,29.008548736572266,28.1405086517334,28.48961067199707,18.109437942504883,156792508,0.0,0.0
1996-04-24 00:00:00+05:30,29.2491455078125,30.192665100097656,29.2491455078125,30.065290451049805,19.11101722717285,101305658,0.0,0.0
1996-04-25 00:00:00+05:30,31.230539321899414,31.89100456237793,29.154794692993164,29.86243438720703,18.982072830200195,131851353,0.0,0.0
1996-04-26 00:00:00+05:30,29.711471557617188,30.37193489074707,28.451871871948242,29.348215103149414,18.65521240234375,162657244,0.0,0.0
1996-04-29 00:00:00+05:30,28.96137237548828,29.230274200439453,28.58396339416504,29.09346580505371,18.493276596069336,93379495,0.0,0.0
1996-04-30 00:00:00+05:30,29.107616424560547,29.107616424560547,27.95652198791504,28.187685012817383,17.91751480102539,102988185,0.0,0.0
1996-05-01 00:00:00+05:30,28.871736526489258,29.11705207824707,28.53207015991211,28.650009155273438,18.211393356323242,60334650,0.0,0.0
1996-05-02 00:00:00+05:30,28.541505813598633,29.390674591064453,27.57439613342285,28.08389663696289,17.85154151916504,90601602,0.0,0.0
1996-05-03 00:00:00+05:30,27.645160675048828,27.81027603149414,26.819578170776367,26.96110725402832,17.137840270996094,125929915,0.0,0.0
1996-05-06 00:00:00+05:30,26.248748779296875,26.418582916259766,25.243900299072266,25.39486312866211,16.142257690429688,148646954,0.0,0.0
1996-05-07 00:00:00+05:30,25.286357879638672,26.31951332092285,25.286357879638672,25.913799285888672,16.47212028503418,185128395,0.0,0.0
1996-05-08 00:00:00+05:30,25.286357879638672,26.64502716064453,23.77672576904297,26.22987937927246,16.673038482666016,165100221,0.0,0.0
1996-05-09 00:00:00+05:30,25.805295944213867,26.70163917541504,25.574132919311523,25.79585838317871,16.397151947021484,199096820,0.0,0.0
1996-05-10 00:00:00+05:30,25.097654342651367,25.640178680419922,24.96084213256836,25.465627670288086,16.187238693237305,145995185,0.0,0.0
1996-05-13 00:00:00+05:30,25.946823120117188,26.31951332092285,25.66848373413086,26.135526657104492,16.613059997558594,116850624,0.0,0.0
1996-05-14 00:00:00+05:30,26.050609588623047,27.833864212036133,25.833599090576172,27.18755340576172,17.281782150268555,188017574,0.0,0.0
1996-05-15 00:00:00+05:30,26.984695434570312,27.503631591796875,26.24403190612793,27.362104415893555,17.392736434936523,190519903,0.0,0.0
1996-05-16 00:00:00+05:30,27.833864212036133,28.418846130371094,27.645160675048828,27.800840377807617,17.671615600585938,156581066,0.0,0.0
1996-05-17 00:00:00+05:30,27.267751693725586,27.437585830688477,26.800708770751953,26.984695434570312,17.1528377532959,149017375,0.0,0.0
1996-05-20 00:00:00+05:30,26.277055740356445,26.314796447753906,25.49864959716797,25.61659049987793,16.2831974029541,94692661,0.0,0.0
1996-05-21 00:00:00+05:30,25.49864959716797,26.182703018188477,25.097654342651367,25.49864959716797,16.208227157592773,205964183,0.0,0.0
1996-05-22 00:00:00+05:30,25.87605857849121,26.06004524230957,25.52695655822754,25.626026153564453,16.289194107055664,95926338,0.0,0.0
1996-05-23 00:00:00+05:30,25.475061416625977,25.555261611938477,25.097654342651367,25.258052825927734,16.05529022216797,106451278,0.0,0.0
1996-05-24 00:00:00+05:30,25.701507568359375,25.701507568359375,25.442039489746094,25.52223777770996,16.223224639892578,89595265,0.0,0.0
1996-05-27 00:00:00+05:30,25.333534240722656,25.409015655517578,24.58343505859375,24.644763946533203,15.66545295715332,96845767,0.0,0.0
1996-05-28 00:00:00+05:30,24.154132843017578,24.956125259399414,24.03619384765625,24.739116668701172,15.725430488586426,178187902,0.0,0.0
1996-05-29 00:00:00+05:30,25.239181518554688,26.324230194091797,25.14483070373535,26.012868881225586,16.535093307495117,148266994,0.0,0.0
1996-05-30 00:00:00+05:30,26.418582916259766,26.602569580078125,25.597719192504883,25.78642463684082,16.39115333557129,152006710,0.0,0.0
1996-05-31 00:00:00+05:30,26.041175842285156,26.357254028320312,25.663766860961914,26.182703018188477,16.643051147460938,146149924,0.0,0.0
1996-06-03 00:00:00+05:30,26.84316635131836,27.89047622680664,26.84316635131836,27.791406631469727,17.89127540588379,209226432,0.330232,0.0
1996-06-04 00:00:00+05:30,28.211273193359375,28.58396339416504,25.677919387817383,27.555526733398438,17.73941993713379,212163304,0.0,0.0
1996-06-05 00:00:00+05:30,28.305625915527344,28.678316116333008,27.607418060302734,27.730077743530273,17.851791381835938,192092205,0.0,0.0
1996-06-06 00:00:00+05:30,27.95180320739746,29.11705207824707,27.95180320739746,28.626422882080078,18.428836822509766,253679080,0.0,0.0
1996-06-07 00:00:00+05:30,28.39997673034668,28.75379753112793,28.211273193359375,28.626422882080078,18.428836822509766,150261121,0.0,0.0
1996-06-10 00:00:00+05:30,28.683032989501953,28.947219848632812,28.645292282104492,28.744361877441406,18.504762649536133,132301263,0.0,0.0
1996-06-11 00:00:00+05:30,28.63585662841797,28.984960556030273,28.499046325683594,28.90947723388672,18.611059188842773,119583473,0.0,0.0
1996-06-12 00:00:00+05:30,29.060440063476562,29.461437225341797,26.418582916259766,29.1689453125,18.778099060058594,237371014,0.0,0.0
1996-06-13 00:00:00+05:30,29.060440063476562,29.324626922607422,28.98967742919922,29.07931137084961,18.72039031982422,122364016,0.0,0.0
1996-06-14 00:00:00+05:30,29.154794692993164,29.437850952148438,29.098182678222656,29.37652015686035,18.91172981262207,122317382,0.0,0.0
1996-06-17 00:00:00+05:30,29.390674591064453,29.673730850219727,29.126487731933594,29.19725227355957,18.79631805419922,130497382,0.0,0.0
1996-06-18 00:00:00+05:30,29.060440063476562,29.23499298095703,28.900043487548828,29.154794692993164,18.76898193359375,112851773,0.0,0.0
1996-06-19 00:00:00+05:30,29.060440063476562,29.19725227355957,28.33392906188965,28.513198852539062,18.355945587158203,209622820,0.0,0.0
1996-06-20 00:00:00+05:30,28.315059661865234,28.730209350585938,27.857452392578125,28.626422882080078,18.428836822509766,310608400,0.0,0.0
1996-06-21 00:00:00+05:30,28.395259857177734,28.541505813598633,27.69233512878418,28.145225524902344,18.119050979614258,293865262,0.0,0.0
1996-06-24 00:00:00+05:30,28.29619026184082,28.541505813598633,27.975391387939453,28.456588745117188,18.31950569152832,186164938,0.0,0.0
1996-06-25 00:00:00+05:30,28.63585662841797,28.800973892211914,28.447153091430664,28.513198852539062,18.355945587158203,176767690,0.0,0.0
1996-06-26 00:00:00+05:30,28.404693603515625,28.612268447875977,28.079179763793945,28.225425720214844,18.17068862915039,152856188,0.0,0.0
1996-06-27 00:00:00+05:30,28.09804916381836,28.513198852539062,27.739511489868164,28.41412925720215,18.292171478271484,227552471,0.0,0.0
1996-06-28 00:00:00+05:30,28.53207015991211,28.678316116333008,28.093332290649414,28.239578247070312,18.179794311523438,155968997,0.0,0.0
1996-07-01 00:00:00+05:30,28.12163734436035,28.249013900756836,27.871604919433594,28.041439056396484,18.0522403717041,145326943,0.0,0.0
1996-07-02 00:00:00+05:30,28.046157836914062,28.291471481323242,27.975391387939453,28.08389663696289,18.079574584960938,102473094,0.0,0.0
1996-07-03 00:00:00+05:30,28.027286529541016,28.050874710083008,27.46117401123047,27.69233512878418,17.82750129699707,174533505,0.0,0.0
1996-07-04 00:00:00+05:30,27.465890884399414,28.28203773498535,26.800708770751953,27.739511489868164,17.85787010192871,446948261,0.0,0.0
1996-07-05 00:00:00+05:30,28.02256965637207,28.52735137939453,27.748947143554688,28.08861541748047,18.082611083984375,346132788,0.0,0.0
1996-07-08 00:00:00+05:30,28.300907135009766,30.09831428527832,28.300907135009766,29.673730850219727,19.10306167602539,408225216,0.0,0.0
1996-07-09 00:00:00+05:30,29.768081665039062,29.852998733520508,28.97552490234375,29.423696517944336,18.942092895507812,362196026,0.0,0.0
1996-07-10 00:00:00+05:30,28.305625915527344,28.60755157470703,27.947086334228516,28.31034278869629,18.225357055664062,201558875,0.0,0.0
1996-07-11 00:00:00+05:30,28.541505813598633,29.11705207824707,28.541505813598633,28.84343147277832,18.56853675842285,169710082,0.0,0.0
1996-07-12 00:00:00+05:30,28.697185516357422,28.871736526489258,28.02256965637207,28.616987228393555,18.422758102416992,141729248,0.0,0.0
1996-07-15 00:00:00+05:30,28.51791763305664,29.008548736572266,28.046157836914062,28.800973892211914,18.541208267211914,159070677,0.0,0.0
1996-07-16 00:00:00+05:30,28.942501068115234,31.607948303222656,28.131072998046875,28.68775177001953,18.468320846557617,139278322,0.0,0.0
1996-07-17 00:00:00+05:30,28.871736526489258,31.428678512573242,28.786819458007812,30.2775821685791,19.491798400878906,360305236,0.0,0.0
1996-07-18 00:00:00+05:30,30.192665100097656,31.04183578491211,30.121902465820312,30.423828125,19.585956573486328,207328753,0.0,0.0
1996-07-19 00:00:00+05:30,30.560640335083008,30.654991149902344,29.626554489135742,30.027549743652344,19.330839157104492,202025213,0.0,0.0
1996-07-22 00:00:00+05:30,30.192665100097656,30.560640335083008,29.626554489135742,30.235124588012695,19.46446990966797,43029256,0.0,0.0
1996-07-23 00:00:00+05:30,30.192665100097656,30.423828125,28.725492477416992,29.017982482910156,18.680910110473633,132471901,0.0,0.0
1996-07-24 00:00:00+05:30,28.588680267333984,28.63585662841797,26.418582916259766,27.777252197265625,17.88216209411621,198562651,0.0,0.0
1996-07-25 00:00:00+05:30,27.95180320739746,29.140640258789062,27.753665924072266,28.1405086517334,18.11602210998535,212485502,0.0,0.0
1996-07-26 00:00:00+05:30,28.211273193359375,28.66416358947754,26.96110725402832,27.28662109375,17.56631088256836,264784823,0.0,0.0
1996-07-29 00:00:00+05:30,27.097917556762695,27.31492805480957,26.088350296020508,26.31951332092285,16.943714141845703,207485612,0.0,0.0
1996-07-30 00:00:00+05:30,26.140243530273438,27.338516235351562,25.399581909179688,26.33366584777832,16.95282745361328,212067917,0.0,0.0
1996-07-31 00:00:00+05:30,26.800708770751953,27.65459442138672,26.277055740356445,27.612136840820312,17.77586555480957,172029586,0.0,0.0
1996-08-01 00:00:00+05:30,28.116920471191406,28.20183753967285,26.772403717041016,26.91393280029297,17.326383590698242,203765504,0.0,0.0
1996-08-02 00:00:00+05:30,26.748815536499023,26.984695434570312,26.51765251159668,26.720510482788086,17.20186996459961,116042481,0.0,0.0
1996-08-05 00:00:00+05:30,26.654462814331055,26.97525978088379,26.37140655517578,26.45160675048828,17.028757095336914,67612178,0.0,0.0
1996-08-06 00:00:00+05:30,26.277055740356445,27.310209274291992,26.182703018188477,26.8856258392334,17.30816650390625,107636731,0.0,0.0
1996-08-07 00:00:00+05:30,26.890344619750977,27.451738357543945,26.70163917541504,27.28662109375,17.56631088256836,73429220,0.0,0.0
1996-08-08 00:00:00+05:30,27.55080795288086,27.767818450927734,26.91393280029297,27.00356674194336,17.384090423583984,112281038,0.0,0.0
1996-08-09 00:00:00+05:30,26.96110725402832,27.362104415893555,26.862037658691406,27.154529571533203,17.481273651123047,85875686,0.0,0.0
1996-08-12 00:00:00+05:30,27.324363708496094,27.503631591796875,27.102636337280273,27.19698715209961,17.508609771728516,51096910,0.0,0.0
1996-08-13 00:00:00+05:30,27.126224517822266,27.338516235351562,26.800708770751953,27.21114158630371,17.51772117614746,50600895,0.0,0.0
1996-08-14 00:00:00+05:30,27.267751693725586,27.35266876220703,26.394994735717773,26.53180694580078,17.080387115478516,69359358,0.0,0.0
1996-08-15 00:00:00+05:30,26.53180694580078,26.53180694580078,26.53180694580078,26.53180694580078,17.080387115478516,0,0.0,0.0
1996-08-16 00:00:00+05:30,26.423301696777344,26.59785270690918,25.52695655822754,25.607154846191406,16.48512077331543,157527521,0.0,0.0
1996-08-19 00:00:00+05:30,25.479780197143555,25.894929885864258,24.913667678833008,25.069347381591797,16.13889503479004,164753647,0.0,0.0
1996-08-20 00:00:00+05:30,25.02688980102539,25.517520904541016,24.673070907592773,24.904232025146484,16.03260040283203,147223562,0.0,0.0
1996-08-21 00:00:00+05:30,25.38071060180664,25.805295944213867,25.243900299072266,25.593002319335938,16.476011276245117,138578284,0.0,0.0
1996-08-22 00:00:00+05:30,25.74868392944336,25.89021110534668,25.107088088989258,25.17313575744629,16.205711364746094,112675836,0.0,0.0
1996-08-23 00:00:00+05:30,25.125959396362305,25.593002319335938,25.12124252319336,25.333534240722656,16.308975219726562,105782506,0.0,0.0
1996-08-26 00:00:00+05:30,25.286357879638672,25.38071060180664,24.979713439941406,25.050477981567383,16.126747131347656,56603413,0.0,0.0
1996-08-27 00:00:00+05:30,25.02688980102539,25.286357879638672,24.946691513061523,25.12124252319336,16.172304153442383,70876017,0.0,0.0
1996-08-28 00:00:00+05:30,25.286357879638672,25.52223777770996,25.192005157470703,25.465627670288086,16.394012451171875,38401907,0.0,0.0
1996-08-29 00:00:00+05:30,25.517520904541016,25.946823120117188,25.38071060180664,25.489215850830078,16.409196853637695,72896640,0.0,0.0
1996-08-30 00:00:00+05:30,25.531673431396484,25.781707763671875,25.385427474975586,25.715660095214844,16.55497169494629,67175516,0.0,0.0
1996-09-02 00:00:00+05:30,25.80057716369629,26.55539321899414,25.80057716369629,26.272336959838867,16.913349151611328,89043607,0.0,0.0
1996-09-03 00:00:00+05:30,26.560110092163086,26.838449478149414,25.899646759033203,26.107221603393555,16.80704689025879,153891142,0.0,0.0
1996-09-04 00:00:00+05:30,25.87605857849121,26.262901306152344,25.781707763671875,26.140243530273438,16.828310012817383,60474021,0.0,0.0
1996-09-05 00:00:00+05:30,26.314796447753906,26.96110725402832,26.314796447753906,26.86675453186035,17.296018600463867,129424273,0.0,0.0
1996-09-06 00:00:00+05:30,26.890344619750977,26.96110725402832,26.489347457885742,26.630874633789062,17.1441593170166,120044512,0.0,0.0
1996-09-09 00:00:00+05:30,26.564828872680664,26.706356048583984,26.02230453491211,26.088350296020508,16.794897079467773,103249971,0.0,0.0
1996-09-10 00:00:00+05:30,26.050609588623047,26.088350296020508,25.805295944213867,25.909082412719727,16.679492950439453,84484090,0.0,0.0
1996-09-11 00:00:00+05:30,26.135526657104492,26.248748779296875,25.34296989440918,25.427885055541992,16.369712829589844,116903617,0.0,0.0
1996-09-12 00:00:00+05:30,25.3382511138916,25.710941314697266,25.107088088989258,25.564697265625,16.45779037475586,107984895,0.0,0.0
1996-09-13 00:00:00+05:30,25.74868392944336,25.753400802612305,24.739116668701172,24.880643844604492,16.017417907714844,157775528,0.0,0.0
1996-09-16 00:00:00+05:30,24.76742172241211,26.135526657104492,23.47479820251465,23.663501739501953,15.233855247497559,173752918,0.0,0.0
1996-09-17 00:00:00+05:30,23.894664764404297,24.17772102355957,23.54084587097168,23.88994789123535,15.379634857177734,218922031,0.0,0.0
1996-09-18 00:00:00+05:30,23.974863052368164,25.564697265625,23.922969818115234,25.52223777770996,16.43045425415039,231897897,0.0,0.0
1996-09-19 00:00:00+05:30,25.61659049987793,26.418582916259766,24.644763946533203,24.81931495666504,15.977935791015625,297267413,0.0,0.0
1996-09-20 00:00:00+05:30,24.908950805664062,25.404298782348633,24.673070907592773,24.880643844604492,16.017417907714844,234950294,0.0,0.0
1996-09-23 00:00:00+05:30,24.776857376098633,24.98914909362793,23.80031394958496,24.53154182434082,15.792673110961914,181186776,0.0,0.0
1996-09-24 00:00:00+05:30,24.68722152709961,24.932537078857422,24.366424560546875,24.536258697509766,15.795711517333984,157966303,0.0,0.0
1996-09-25 00:00:00+05:30,24.993867874145508,26.22987937927246,24.908950805664062,25.012737274169922,16.102453231811523,130429021,0.0,0.0
1996-09-26 00:00:00+05:30,24.946691513061523,25.0033016204834,24.328683853149414,24.53154182434082,15.792673110961914,145145707,0.0,0.0
1996-09-27 00:00:00+05:30,24.49380111694336,24.507953643798828,23.847488403320312,23.946557998657227,15.416078567504883,169436108,0.0,0.0
1996-09-30 00:00:00+05:30,23.80974769592285,24.19187355041504,23.427621841430664,23.856924057006836,15.358377456665039,229456510,0.0,0.0
1996-10-01 00:00:00+05:30,23.965429306030273,23.965429306030273,23.09267234802246,23.271940231323242,14.981776237487793,199087281,0.0,0.0
1996-10-02 00:00:00+05:30,23.271940231323242,23.271940231323242,23.271940231323242,23.271940231323242,14.981776237487793,0,0.0,0.0
1996-10-03 00:00:00+05:30,23.54084587097168,23.880512237548828,22.432207107543945,22.61147689819336,14.556597709655762,299422638,0.0,0.0
1996-10-04 00:00:00+05:30,22.691675186157227,23.682373046875,21.417922973632812,21.73400115966797,13.991703987121582,308807168,0.0,0.0
1996-10-07 00:00:00+05:30,21.771743774414062,21.771743774414062,20.214933395385742,20.573471069335938,13.244588851928711,281432574,0.0,0.0
1996-10-08 00:00:00+05:30,20.380050659179688,20.380050659179688,19.309154510498047,19.71014976501465,12.688806533813477,273387707,0.0,0.0
1996-10-09 00:00:00+05:30,20.09699249267578,20.380050659179688,19.57805633544922,20.106428146362305,12.943914413452148,276557748,0.0,0.0
1996-10-10 00:00:00+05:30,20.026229858398438,20.601776123046875,19.908288955688477,20.521577835083008,13.21117877960205,190735055,0.0,0.0
1996-10-11 00:00:00+05:30,20.6112117767334,20.875398635864258,20.332874298095703,20.460248947143555,13.171698570251465,220024286,0.0,0.0
1996-10-14 00:00:00+05:30,20.37061309814453,20.37061309814453,19.644102096557617,19.752607345581055,12.71613597869873,191052483,0.0,0.0
1996-10-15 00:00:00+05:30,19.686561584472656,20.214933395385742,19.408222198486328,19.790348052978516,12.740432739257812,170940579,0.0,0.0
1996-10-16 00:00:00+05:30,19.95546531677246,20.28097915649414,19.639385223388672,19.752607345581055,12.71613597869873,125336923,0.0,0.0
1996-10-17 00:00:00+05:30,19.639385223388672,19.76204490661621,18.87041664123535,19.686561584472656,12.673620223999023,200504844,0.0,0.0
1996-10-18 00:00:00+05:30,19.73845672607422,20.45081329345703,19.545034408569336,20.299850463867188,13.068438529968262,269442378,0.0,0.0
1996-10-21 00:00:00+05:30,20.299850463867188,20.299850463867188,20.299850463867188,20.299850463867188,13.068438529968262,0,0.0,0.0
1996-10-22 00:00:00+05:30,20.45081329345703,21.700979232788086,20.45081329345703,21.101842880249023,13.584735870361328,265151535,0.0,0.0
1996-10-23 00:00:00+05:30,21.700979232788086,22.5737361907959,21.700979232788086,22.427490234375,14.438149452209473,197792662,0.0,0.0
1996-10-24 00:00:00+05:30,22.592605590820312,22.592605590820312,21.248088836669922,21.43207550048828,13.797330856323242,235225328,0.0,0.0
1996-10-25 00:00:00+05:30,21.417922973632812,22.031211853027344,21.18675994873047,21.922706604003906,14.11318302154541,254961511,0.0,0.0
1996-10-28 00:00:00+05:30,22.054798126220703,22.314266204833984,21.71041488647461,21.842506408691406,14.061552047729492,175954777,0.0,0.0
1996-10-29 00:00:00+05:30,21.771743774414062,23.352140426635742,21.658519744873047,21.922706604003906,14.11318302154541,169178032,0.0,0.0
1996-10-30 00:00:00+05:30,21.922706604003906,21.922706604003906,21.922706604003906,21.922706604003906,14.11318302154541,0,0.0,0.0
1996-10-31 00:00:00+05:30,21.521709442138672,21.776460647583008,21.18204116821289,21.6538028717041,13.940070152282715,114165469,0.0,0.0
1996-11-01 00:00:00+05:30,21.795330047607422,22.040645599365234,21.474533081054688,21.597192764282227,13.90362548828125,154659010,0.0,0.0
1996-11-04 00:00:00+05:30,21.516992568969727,21.516992568969727,20.625364303588867,20.757457733154297,13.363031387329102,155814787,0.0,0.0
1996-11-05 00:00:00+05:30,20.63479995727539,20.84709358215332,20.002641677856445,20.30928611755371,13.07451057434082,148652254,0.0,0.0
1996-11-06 00:00:00+05:30,20.23380470275879,20.262109756469727,19.634668350219727,19.917724609375,12.82243537902832,167427144,0.0,0.0
1996-11-07 00:00:00+05:30,20.23380470275879,20.23380470275879,19.832807540893555,20.09699249267578,12.937845230102539,95061493,0.0,0.0
1996-11-08 00:00:00+05:30,20.210216522216797,20.63951873779297,20.120580673217773,20.483837127685547,13.186881065368652,80767691,0.0,0.0
1996-11-11 00:00:00+05:30,20.431943893432617,21.27639389038086,20.172475814819336,20.696128845214844,13.323553085327148,83470864,0.0,0.0
1996-11-12 00:00:00+05:30,20.696128845214844,20.696128845214844,20.696128845214844,20.696128845214844,13.323553085327148,0,0.0,0.0
1996-11-13 00:00:00+05:30,20.705564498901367,21.295265197753906,20.620647430419922,21.163171768188477,13.624217987060547,116478614,0.0,0.0
1996-11-14 00:00:00+05:30,21.139583587646484,21.271677017211914,20.71500015258789,20.795198440551758,13.38732624053955,98898186,0.0,0.0
1996-11-15 00:00:00+05:30,20.748022079467773,21.087690353393555,20.592342376708984,20.998056411743164,13.517919540405273,101518690,0.0,0.0
1996-11-18 00:00:00+05:30,21.087690353393555,21.639650344848633,21.087690353393555,21.56416893005371,13.882365226745605,115144250,0.0,0.0
1996-11-19 00:00:00+05:30,21.625497817993164,21.6538028717041,21.06882095336914,21.290546417236328,13.706214904785156,119700588,0.0,0.0
1996-11-20 00:00:00+05:30,21.417922973632812,21.417922973632812,20.601776123046875,20.658388137817383,13.299251556396484,127407890,0.0,0.0
1996-11-21 00:00:00+05:30,20.578189849853516,20.917856216430664,20.497989654541016,20.625364303588867,13.277993202209473,121961269,0.0,0.0
1996-11-22 00:00:00+05:30,20.497989654541016,20.658388137817383,20.342309951782227,20.40363883972168,13.135255813598633,96198192,0.0,0.0
1996-11-25 00:00:00+05:30,20.342309951782227,21.097126007080078,19.964900970458984,20.762176513671875,13.366065979003906,116218418,0.0,0.0
1996-11-26 00:00:00+05:30,20.993337631225586,21.167890548706055,20.47911834716797,20.842374801635742,13.417701721191406,111468125,0.0,0.0
1996-11-27 00:00:00+05:30,20.380050659179688,20.851810455322266,20.15360450744629,20.66310691833496,13.302291870117188,104575856,0.0,0.0
1996-11-28 00:00:00+05:30,20.757457733154297,20.993337631225586,20.238521575927734,20.389484405517578,13.126140594482422,157328268,0.0,0.0
1996-11-29 00:00:00+05:30,20.521577835083008,21.13486671447754,20.521577835083008,20.710281372070312,13.332659721374512,134994898,0.0,0.0
1996-12-02 00:00:00+05:30,20.592342376708984,20.88483238220215,20.474401473999023,20.540447235107422,13.223322868347168,83093024,0.0,0.0
1996-12-03 00:00:00+05:30,20.50742530822754,20.55931854248047,19.57805633544922,20.049816131591797,12.907474517822266,109136433,0.0,0.0
1996-12-04 00:00:00+05:30,19.530881881713867,19.73845672607422,19.247825622558594,19.582775115966797,12.606806755065918,107368587,0.0,0.0
1996-12-05 00:00:00+05:30,19.39406967163086,20.158321380615234,19.257259368896484,19.795066833496094,12.743474006652832,126998254,0.0,0.0
1996-12-06 00:00:00+05:30,19.979053497314453,20.04509925842285,19.672409057617188,19.7714786529541,12.728286743164062,81800524,0.0,0.0
1996-12-09 00:00:00+05:30,19.861112594604492,19.861112594604492,19.573339462280273,19.648820877075195,12.649320602416992,63894190,0.0,0.0
1996-12-10 00:00:00+05:30,19.554468154907227,19.587491989135742,19.10629653930664,19.257259368896484,12.397249221801758,95951775,0.0,0.0
1996-12-11 00:00:00+05:30,19.32802391052246,20.474401473999023,19.247825622558594,20.332874298095703,13.089696884155273,138464879,0.0,0.0
1996-12-12 00:00:00+05:30,20.431943893432617,20.431943893432617,19.672409057617188,19.729019165039062,12.700949668884277,130863563,0.0,0.0
1996-12-13 00:00:00+05:30,19.662973403930664,19.766761779785156,19.464834213256836,19.677127838134766,12.667547225952148,75963875,0.0,0.0
1996-12-16 00:00:00+05:30,19.804502487182617,20.71500015258789,19.804502487182617,20.606494903564453,13.26584529876709,147728056,0.0,0.0
1996-12-17 00:00:00+05:30,20.568754196166992,20.75274085998535,20.196062088012695,20.389484405517578,13.126140594482422,124699948,0.0,0.0
1996-12-18 00:00:00+05:30,20.757457733154297,21.229217529296875,20.615930557250977,20.733869552612305,13.347845077514648,163810901,0.0,0.0
1996-12-19 00:00:00+05:30,20.63951873779297,20.851810455322266,20.497989654541016,20.67254066467285,13.308363914489746,102401023,0.0,0.0
1996-12-20 00:00:00+05:30,20.851810455322266,21.417922973632812,20.851810455322266,21.281112670898438,13.700145721435547,128921900,0.0,0.0
1996-12-23 00:00:00+05:30,21.417922973632812,21.606626510620117,21.087690353393555,21.219783782958984,13.660661697387695,114977852,0.0,0.0
1996-12-24 00:00:00+05:30,21.111278533935547,21.40848731994629,20.92257308959961,21.18675994873047,13.639402389526367,89009162,0.0,0.0
1996-12-25 00:00:00+05:30,21.18675994873047,21.18675994873047,21.18675994873047,21.18675994873047,13.639402389526367,0,0.0,0.0
1996-12-26 00:00:00+05:30,21.44622802734375,22.356725692749023,21.44622802734375,22.262374877929688,14.331851959228516,114648765,0.0,0.0
1996-12-27 00:00:00+05:30,22.262374877929688,22.262374877929688,22.262374877929688,22.262374877929688,14.331851959228516,0,0.0,0.0
1996-12-30 00:00:00+05:30,22.262374877929688,22.262374877929688,22.262374877929688,22.262374877929688,14.331851959228516,0,0.0,0.0
1996-12-31 00:00:00+05:30,22.403902053833008,22.545429229736328,21.960447311401367,22.050081253051758,14.195184707641602,65269358,0.0,0.0
1997-01-01 00:00:00+05:30,22.502971649169922,23.531408309936523,22.502971649169922,23.38044548034668,15.051628112792969,117594116,0.0,0.0
1997-01-02 00:00:00+05:30,23.493667602539062,23.50782012939453,22.672805786132812,22.743568420410156,14.641631126403809,118900924,0.0,0.0
1997-01-03 00:00:00+05:30,22.550148010253906,23.10682487487793,22.512407302856445,23.021907806396484,14.820816040039062,108118438,0.0,0.0
1997-01-06 00:00:00+05:30,23.116260528564453,23.220046997070312,22.620912551879883,22.781309127807617,14.665924072265625,80613481,0.0,0.0
1997-01-07 00:00:00+05:30,22.658653259277344,23.39459991455078,22.51712417602539,23.191741943359375,14.930153846740723,115423523,0.0,0.0
1997-01-08 00:00:00+05:30,23.682373046875,24.12582778930664,23.55027961730957,23.738983154296875,15.282453536987305,205816333,0.0,0.0
1997-01-09 00:00:00+05:30,23.578584671020508,24.012605667114258,23.503103256225586,23.852205276489258,15.355334281921387,171115986,0.0,0.0
1997-01-10 00:00:00+05:30,24.135263442993164,24.29566192626953,23.871076583862305,24.055063247680664,15.48592758178711,151344298,0.0,0.0
1997-01-13 00:00:00+05:30,23.767290115356445,23.91825294494629,23.554996490478516,23.842771530151367,15.349258422851562,94774270,0.0,0.0
1997-01-14 00:00:00+05:30,23.965429306030273,25.06463050842285,23.687089920043945,24.56928253173828,15.81696891784668,119689459,0.0,0.0
1997-01-15 00:00:00+05:30,25.102371215820312,26.291208267211914,25.097654342651367,26.291208267211914,16.925493240356445,88564551,0.0,0.0
1997-01-16 00:00:00+05:30,28.135791778564453,28.135791778564453,25.710941314697266,26.2581844329834,16.90423583984375,191805513,0.0,0.0
1997-01-17 00:00:00+05:30,25.38071060180664,27.074329376220703,25.206159591674805,26.5931339263916,17.11986541748047,232052107,0.0,0.0
1997-01-20 00:00:00+05:30,26.795991897583008,26.838449478149414,25.531673431396484,25.701507568359375,16.545867919921875,136012893,0.0,0.0
1997-01-21 00:00:00+05:30,25.531673431396484,26.064762115478516,25.02688980102539,25.319381713867188,16.299867630004883,142874427,0.0,0.0
1997-01-22 00:00:00+05:30,26.182703018188477,26.70163917541504,25.857187271118164,26.366689682006836,16.974084854125977,168301528,0.0,0.0
1997-01-23 00:00:00+05:30,26.366689682006836,26.366689682006836,26.366689682006836,26.366689682006836,16.974084854125977,0,0.0,0.0
1997-01-24 00:00:00+05:30,26.418582916259766,26.461042404174805,25.79585838317871,25.989280700683594,16.731122970581055,102892268,0.0,0.0
1997-01-27 00:00:00+05:30,25.993999481201172,27.81027603149414,25.993999481201172,27.442302703857422,17.66653823852539,182169266,0.0,0.0
1997-01-28 00:00:00+05:30,27.89047622680664,29.36708641052246,27.739511489868164,29.272733688354492,18.84490966796875,173520279,0.0,0.0
1997-01-29 00:00:00+05:30,29.909610748291016,30.00396156311035,27.664030075073242,28.211273193359375,18.161577224731445,196743401,0.0,0.0
1997-01-30 00:00:00+05:30,28.069744110107422,28.300907135009766,26.99884796142578,27.376256942749023,17.624013900756836,177103665,0.0,0.0
1997-01-31 00:00:00+05:30,26.84316635131836,26.84316635131836,25.569414138793945,25.805295944213867,16.612682342529297,195009470,0.0,0.0
1997-02-03 00:00:00+05:30,25.06463050842285,25.644895553588867,23.998451232910156,24.19187355041504,15.574003219604492,209217423,0.0,0.0
1997-02-04 00:00:00+05:30,24.097522735595703,25.097654342651367,23.795595169067383,24.875926971435547,16.014381408691406,160134247,0.0,0.0
1997-02-05 00:00:00+05:30,25.66848373413086,26.20629119873047,24.68722152709961,24.89951515197754,16.02956771850586,164934883,0.0,0.0
1997-02-06 00:00:00+05:30,24.814598083496094,25.423168182373047,24.309814453125,25.102371215820312,16.16015625,166482278,0.0,0.0
1997-02-07 00:00:00+05:30,25.286357879638672,25.739248275756836,24.96084213256836,25.545825958251953,16.445640563964844,120317426,0.0,0.0
1997-02-10 00:00:00+05:30,25.663766860961914,25.710941314697266,25.12124252319336,25.55054473876953,16.44867706298828,86936606,0.0,0.0
1997-02-11 00:00:00+05:30,25.423168182373047,26.654462814331055,25.3382511138916,26.45160675048828,17.028757095336914,120116053,0.0,0.0
1997-02-12 00:00:00+05:30,26.324230194091797,26.956390380859375,26.211008071899414,26.432735443115234,17.0166015625,122077324,0.0,0.0
1997-02-13 00:00:00+05:30,26.33366584777832,26.50349998474121,26.064762115478516,26.31951332092285,16.943714141845703,88322903,0.0,0.0
1997-02-14 00:00:00+05:30,26.300643920898438,27.149812698364258,26.20629119873047,26.92336654663086,17.332456588745117,126247343,0.0,0.0
1997-02-17 00:00:00+05:30,27.55080795288086,27.899911880493164,27.225292205810547,27.5932674407959,17.763723373413086,172146700,0.0,0.0
1997-02-18 00:00:00+05:30,27.631006240844727,27.631006240844727,26.61200523376465,26.79127311706543,17.247421264648438,171197596,0.0,0.0
1997-02-19 00:00:00+05:30,27.05545997619629,27.494197845458984,26.522369384765625,27.343233108520508,17.60275650024414,154660070,0.0,0.0
1997-02-20 00:00:00+05:30,27.126224517822266,27.597984313964844,26.84316635131836,27.18283462524414,17.499496459960938,177739581,0.0,0.0
1997-02-21 00:00:00+05:30,26.989412307739258,27.18755340576172,26.762968063354492,26.87147331237793,17.299053192138672,134032545,0.0,0.0
1997-02-24 00:00:00+05:30,26.75353240966797,26.75353240966797,25.720378875732422,25.861906051635742,16.649124145507812,149018435,0.0,0.0
1997-02-25 00:00:00+05:30,25.720378875732422,26.305360794067383,25.508085250854492,25.814729690551758,16.618751525878906,162767469,0.0,0.0
1997-02-26 00:00:00+05:30,25.559978485107422,26.017587661743164,25.361839294433594,25.843034744262695,16.636972427368164,101377728,0.0,0.0
1997-02-27 00:00:00+05:30,25.993999481201172,26.678050994873047,25.946823120117188,26.56954574584961,17.104679107666016,111394995,0.0,0.0
1997-02-28 00:00:00+05:30,28.697185516357422,29.805822372436523,28.116920471191406,29.230274200439453,18.81757926940918,62950384,0.0,0.0
1997-03-03 00:00:00+05:30,30.758779525756836,31.62681770324707,30.33419418334961,30.51818084716797,19.646692276000977,200769279,0.0,0.0
1997-03-04 00:00:00+05:30,30.706884384155273,31.04183578491211,30.14077377319336,30.862565994262695,19.868396759033203,156287485,0.0,0.0
1997-03-05 00:00:00+05:30,31.89100456237793,32.263694763183594,30.404958724975586,30.900306701660156,19.8926944732666,171108567,0.0,0.0
1997-03-06 00:00:00+05:30,30.480440139770508,30.801237106323242,30.074726104736328,30.527616500854492,19.652772903442383,141496609,0.0,0.0
1997-03-07 00:00:00+05:30,30.527616500854492,30.527616500854492,30.527616500854492,30.527616500854492,19.652772903442383,0,0.0,0.0
1997-03-10 00:00:00+05:30,29.815258026123047,29.83884620666504,28.871736526489258,28.980241775512695,18.6566162109375,153104725,0.0,0.0
1997-03-11 00:00:00+05:30,28.786819458007812,29.296321868896484,27.664030075073242,28.069744110107422,18.070463180541992,160153854,0.0,0.0
1997-03-12 00:00:00+05:30,29.060440063476562,29.437850952148438,28.616987228393555,28.999113082885742,18.66876220703125,136452735,0.0,0.0
1997-03-13 00:00:00+05:30,29.150075912475586,29.225557327270508,28.451871871948242,28.550939559936523,18.38024139404297,95115015,0.0,0.0
1997-03-14 00:00:00+05:30,28.28203773498535,29.201969146728516,28.093332290649414,29.017982482910156,18.680910110473633,169640661,0.0,0.0
1997-03-17 00:00:00+05:30,29.2491455078125,30.13605499267578,29.084028244018555,30.036985397338867,19.336915969848633,197552604,0.0,0.0
1997-03-18 00:00:00+05:30,30.051137924194336,30.3577823638916,29.541637420654297,29.82469367980957,19.20025062561035,192619486,0.0,0.0
1997-03-19 00:00:00+05:30,30.404958724975586,30.55592155456543,29.126487731933594,29.277450561523438,18.84794807434082,179653689,0.0,0.0
1997-03-20 00:00:00+05:30,29.107616424560547,29.66901206970215,28.433000564575195,29.21140480041504,18.80542755126953,260850623,0.0,0.0
1997-03-21 00:00:00+05:30,29.626554489135742,30.027549743652344,29.56050682067871,29.815258026123047,19.194168090820312,169102782,0.0,0.0
1997-03-24 00:00:00+05:30,29.815258026123047,29.815258026123047,29.815258026123047,29.815258026123047,19.194168090820312,0,0.0,0.0
1997-03-25 00:00:00+05:30,30.00396156311035,30.159643173217773,29.532201766967773,29.725624084472656,19.13646697998047,146669785,0.0,0.0
1997-03-26 00:00:00+05:30,29.909610748291016,29.99452781677246,29.178382873535156,29.296321868896484,18.860092163085938,104750203,0.0,0.0
1997-03-27 00:00:00+05:30,29.154794692993164,29.38123893737793,28.744361877441406,29.2491455078125,18.829723358154297,103265869,0.0,0.0
1997-03-28 00:00:00+05:30,29.2491455078125,29.2491455078125,29.2491455078125,29.2491455078125,18.829723358154297,0,0.0,0.0
1997-03-31 00:00:00+05:30,27.201705932617188,27.201705932617188,26.324230194091797,26.33366584777832,16.95282745361328,641215,0.0,0.0
1997-04-01 00:00:00+05:30,23.871076583862305,25.09293556213379,23.701242446899414,24.72496223449707,15.917191505432129,117036630,0.0,0.0
1997-04-02 00:00:00+05:30,25.593002319335938,25.923234939575195,25.286357879638672,25.80057716369629,16.609638214111328,110402966,0.0,0.0
1997-04-03 00:00:00+05:30,25.946823120117188,26.1260929107666,25.61659049987793,26.003433227539062,16.740232467651367,94197707,0.0,0.0
1997-04-04 00:00:00+05:30,25.52695655822754,25.663766860961914,25.43260383605957,25.588285446166992,16.472972869873047,54691425,0.0,0.0
1997-04-07 00:00:00+05:30,25.38071060180664,25.4184513092041,24.866491317749023,25.04104232788086,16.120676040649414,63116782,0.0,0.0
1997-04-08 00:00:00+05:30,25.04104232788086,25.04104232788086,25.04104232788086,25.04104232788086,16.120676040649414,0,0.0,0.0
1997-04-09 00:00:00+05:30,26.041175842285156,26.795991897583008,26.041175842285156,26.786556243896484,17.2443790435791,84586896,0.0,0.0
1997-04-10 00:00:00+05:30,26.512935638427734,26.758251190185547,25.569414138793945,25.946823120117188,16.70378875732422,177256285,0.0,0.0
1997-04-11 00:00:00+05:30,25.192005157470703,26.409147262573242,24.743833541870117,26.1260929107666,16.81920051574707,147777339,0.0,0.0
1997-04-14 00:00:00+05:30,26.1260929107666,26.1260929107666,26.1260929107666,26.1260929107666,16.81920051574707,0,0.0,0.0
1997-04-15 00:00:00+05:30,26.041175842285156,27.074329376220703,26.041175842285156,26.79127311706543,17.247421264648438,119222591,0.0,0.0
1997-04-16 00:00:00+05:30,26.79127311706543,26.79127311706543,26.79127311706543,26.79127311706543,17.247421264648438,0,0.0,0.0
1997-04-17 00:00:00+05:30,27.310209274291992,28.08389663696289,27.244163513183594,28.013132095336914,18.034015655517578,149939454,0.0,0.0
1997-04-18 00:00:00+05:30,28.013132095336914,28.013132095336914,28.013132095336914,28.013132095336914,18.034015655517578,0,0.0,0.0
1997-04-21 00:00:00+05:30,28.31034278869629,29.716188430786133,28.187685012817383,29.352933883666992,18.89653968811035,159514759,0.0,0.0
1997-04-22 00:00:00+05:30,29.442567825317383,29.697317123413086,28.706621170043945,28.93778419494629,18.629274368286133,141987324,0.0,0.0
1997-04-23 00:00:00+05:30,29.244428634643555,29.805822372436523,29.074594497680664,29.404827117919922,18.929948806762695,140506170,0.0,0.0
1997-04-24 00:00:00+05:30,29.319910049438477,29.598247528076172,29.074594497680664,29.206687927246094,18.802391052246094,110938725,0.0,0.0
1997-04-25 00:00:00+05:30,29.060440063476562,29.886022567749023,28.980241775512695,29.73505973815918,19.14254379272461,139979949,0.0,0.0
1997-04-28 00:00:00+05:30,29.716188430786133,30.06057357788086,29.466154098510742,29.73505973815918,19.14254379272461,174701493,0.0,0.0
1997-04-29 00:00:00+05:30,29.53691864013672,29.768081665039062,29.220840454101562,29.390674591064453,18.920839309692383,138636047,0.0,0.0
1997-04-30 00:00:00+05:30,30.754060745239258,30.89558982849121,30.206819534301758,30.29645347595215,19.503952026367188,137540151,0.0,0.0
1997-05-01 00:00:00+05:30,30.29645347595215,30.29645347595215,30.29645347595215,30.29645347595215,19.503952026367188,0,0.0,0.0
1997-05-02 00:00:00+05:30,29.933198928833008,30.079444885253906,29.569942474365234,29.64070701599121,19.081804275512695,114456931,0.0,0.0
1997-05-05 00:00:00+05:30,29.060440063476562,29.107616424560547,28.352800369262695,28.4754581451416,18.331647872924805,137485569,0.0,0.0
1997-05-06 00:00:00+05:30,28.49432945251465,29.060440063476562,28.234861373901367,28.7679500579834,18.519947052001953,140220537,0.0,0.0
1997-05-07 00:00:00+05:30,29.098182678222656,29.310474395751953,28.777385711669922,28.890607833862305,18.598913192749023,133950406,0.0,0.0
1997-05-08 00:00:00+05:30,28.84343147277832,29.28688621520996,28.75379753112793,29.21140480041504,18.80542755126953,120075248,0.0,0.0
1997-05-09 00:00:00+05:30,29.225557327270508,29.334062576293945,28.918912887573242,29.084028244018555,18.72342300415039,107787232,0.0,0.0
1997-05-12 00:00:00+05:30,29.02741813659668,29.11705207824707,28.447153091430664,28.499046325683594,18.346832275390625,88967298,0.0,0.0
1997-05-13 00:00:00+05:30,28.49432945251465,28.730209350585938,28.272602081298828,28.38582420349121,18.27394676208496,112533815,0.0,0.0
1997-05-14 00:00:00+05:30,28.550939559936523,28.772668838500977,27.94236946105957,28.697185516357422,18.474390029907227,134294860,0.0,0.0
1997-05-15 00:00:00+05:30,28.63585662841797,29.088747024536133,28.404693603515625,28.871736526489258,18.586761474609375,117059417,0.0,0.0
1997-05-16 00:00:00+05:30,28.579246520996094,28.928348541259766,28.579246520996094,28.76323127746582,18.516904830932617,70987833,0.0,0.0
1997-05-19 00:00:00+05:30,28.966089248657227,29.579378128051758,28.876455307006836,29.296321868896484,18.860092163085938,117223165,0.0,0.0
1997-05-20 00:00:00+05:30,29.385955810546875,29.527484893798828,29.173664093017578,29.329345703125,18.881357192993164,84189449,0.0,0.0
1997-05-21 00:00:00+05:30,29.385955810546875,29.3953914642334,28.815126419067383,28.900043487548828,18.604984283447266,71534720,0.0,0.0
1997-05-22 00:00:00+05:30,28.89532470703125,29.003829956054688,28.60755157470703,28.734926223754883,18.49869155883789,70685242,0.0,0.0
1997-05-23 00:00:00+05:30,28.777385711669922,28.824560165405273,28.423564910888672,28.522634506225586,18.362018585205078,79787850,0.0,0.0
1997-05-26 00:00:00+05:30,28.49432945251465,28.725492477416992,28.451871871948242,28.53207015991211,18.368093490600586,49618935,0.0,0.0
1997-05-27 00:00:00+05:30,28.612268447875977,28.683032989501953,28.211273193359375,28.324495315551758,18.234464645385742,57399367,0.0,0.0
1997-05-28 00:00:00+05:30,28.6217041015625,28.777385711669922,28.25844955444336,28.33392906188965,18.240537643432617,56862548,0.0,0.0
1997-05-29 00:00:00+05:30,28.305625915527344,28.871736526489258,28.21599006652832,28.772668838500977,18.52298355102539,69022852,0.0,0.0
1997-05-30 00:00:00+05:30,28.777385711669922,29.2491455078125,28.697185516357422,29.003829956054688,18.67180061340332,86481396,0.0,0.0
1997-06-02 00:00:00+05:30,29.060440063476562,29.786951065063477,29.017982482910156,29.711471557617188,19.12735366821289,119057783,0.0,0.0
1997-06-03 00:00:00+05:30,29.834129333496094,30.428546905517578,29.725624084472656,29.923763275146484,19.26402473449707,131017773,0.0,0.0
1997-06-04 00:00:00+05:30,30.71160316467285,30.848413467407227,30.29645347595215,30.390806198120117,19.5646915435791,141302124,0.0,0.0
1997-06-05 00:00:00+05:30,30.527616500854492,30.640838623046875,29.947351455688477,30.126619338989258,19.394617080688477,87268342,0.0,0.0
1997-06-06 00:00:00+05:30,30.183231353759766,30.28230094909668,29.69260025024414,29.777517318725586,19.169878005981445,70328600,0.0,0.0
1997-06-09 00:00:00+05:30,29.626554489135742,29.673730850219727,29.357650756835938,29.45672035217285,18.963356018066406,73711673,0.0,0.0
1997-06-10 00:00:00+05:30,29.48502540588379,29.711471557617188,29.3953914642334,29.50861358642578,18.996761322021484,78257942,0.0,0.0
1997-06-11 00:00:00+05:30,29.867151260375977,30.499311447143555,29.867151260375977,30.2775821685791,19.491798400878906,101775176,0.0,0.0
1997-06-12 00:00:00+05:30,30.192665100097656,30.324758529663086,30.051137924194336,30.145490646362305,19.40676498413086,62495174,0.0,0.0
1997-06-13 00:00:00+05:30,30.192665100097656,30.82954216003418,30.121902465820312,30.485158920288086,19.625429153442383,117069485,0.0,0.0
1997-06-16 00:00:00+05:30,30.088878631591797,30.2775821685791,29.352933883666992,29.461437225341797,19.204147338867188,88763804,0.377408,0.0
1997-06-17 00:00:00+05:30,29.768081665039062,30.754060745239258,29.631271362304688,30.475723266601562,19.865297317504883,119737683,0.0,0.0
1997-06-18 00:00:00+05:30,32.5986442565918,32.612796783447266,32.03253173828125,32.235389709472656,21.01231575012207,104588044,0.0,0.0
1997-06-19 00:00:00+05:30,31.985355377197266,32.457115173339844,31.64097023010254,32.155189514160156,20.96003532409668,155919184,0.0,0.0
1997-06-20 00:00:00+05:30,32.36748123168945,32.99492263793945,32.079708099365234,32.343894958496094,21.083045959472656,156697651,0.0,0.0
1997-06-23 00:00:00+05:30,32.362762451171875,32.50429153442383,31.990074157714844,32.0938606262207,20.920061111450195,70278256,0.0,0.0
1997-06-24 00:00:00+05:30,32.06083679199219,32.315589904785156,31.909873962402344,32.235389709472656,21.01231575012207,43736182,0.0,0.0
1997-06-25 00:00:00+05:30,32.30615234375,32.40993881225586,31.985355377197266,32.11273193359375,20.93236541748047,79493739,0.0,0.0
1997-06-26 00:00:00+05:30,32.26841354370117,32.67412567138672,32.13631820678711,32.31087112426758,21.0615177154541,114118835,0.0,0.0
1997-06-27 00:00:00+05:30,32.26841354370117,32.50429153442383,32.21179962158203,32.258975982666016,21.027687072753906,38586852,0.0,0.0
1997-06-30 00:00:00+05:30,32.079708099365234,32.19764709472656,31.763629913330078,32.03725051879883,20.88315773010254,61521693,0.0,0.0
1997-07-01 00:00:00+05:30,32.263694763183594,33.21193313598633,32.17877960205078,32.85811233520508,21.418230056762695,126908166,0.0,0.0
1997-07-02 00:00:00+05:30,33.21193313598633,33.62708282470703,32.84395980834961,33.03266525268555,21.532014846801758,147523503,0.0,0.0
1997-07-03 00:00:00+05:30,32.92887878417969,33.11758041381836,32.55146789550781,32.692996978759766,21.31060218811035,77997217,0.0,0.0
1997-07-04 00:00:00+05:30,32.74017333984375,33.3062858581543,32.603363037109375,33.0137939453125,21.51970672607422,99928900,0.0,0.0
1997-07-07 00:00:00+05:30,33.5091438293457,33.76860809326172,33.325157165527344,33.37704849243164,21.756492614746094,89206826,0.0,0.0
1997-07-08 00:00:00+05:30,33.25910949707031,33.49498748779297,32.90528869628906,33.35346221923828,21.741113662719727,76777848,0.0,0.0
1997-07-09 00:00:00+05:30,33.674259185791016,33.72615051269531,33.320438385009766,33.44309616088867,21.799545288085938,72910419,0.0,0.0
1997-07-10 00:00:00+05:30,33.53744888305664,33.63180160522461,33.12701416015625,33.244956970214844,21.670391082763672,40180352,0.0,0.0
1997-07-11 00:00:00+05:30,33.03266525268555,33.35346221923828,32.891136169433594,33.08927536010742,21.56890869140625,58984918,0.0,0.0
1997-07-14 00:00:00+05:30,32.74960708618164,32.8533935546875,31.702299118041992,31.876850128173828,20.778606414794922,140021284,0.0,0.0
1997-07-15 00:00:00+05:30,31.9051570892334,32.57033920288086,31.749475479125977,32.45240020751953,21.153770446777344,106256794,0.0,0.0
1997-07-16 00:00:00+05:30,32.74017333984375,32.77791213989258,31.1975154876709,31.36734962463379,20.446491241455078,175433326,0.0,0.0
1997-07-17 00:00:00+05:30,31.18336296081543,32.070274353027344,31.070140838623047,31.782499313354492,20.717105865478516,210860206,0.0,0.0
1997-07-18 00:00:00+05:30,31.782499313354492,31.782499313354492,31.782499313354492,31.782499313354492,20.717105865478516,0,0.0,0.0
1997-07-21 00:00:00+05:30,30.994659423828125,31.107881546020508,30.343629837036133,30.73990821838379,20.037498474121094,142730816,0.0,0.0
1997-07-22 00:00:00+05:30,30.853130340576172,30.92389488220215,30.305889129638672,30.54648780822754,19.911420822143555,153152949,0.0,0.0
1997-07-23 00:00:00+05:30,31.032400131225586,31.36734962463379,30.85784912109375,31.178646087646484,20.323488235473633,71830421,0.0,0.0
1997-07-24 00:00:00+05:30,31.329608917236328,31.768346786499023,30.669143676757812,30.95220184326172,20.17588233947754,106837597,0.0,0.0
1997-07-25 00:00:00+05:30,30.669143676757812,30.749343872070312,29.86243438720703,30.154926300048828,19.65618324279785,107008234,0.0,0.0
1997-07-28 00:00:00+05:30,30.287019729614258,30.329477310180664,29.70675277709961,29.8765869140625,19.474754333496094,59975357,0.0,0.0
1997-07-29 00:00:00+05:30,29.758647918701172,30.070009231567383,29.50861358642578,29.99452781677246,19.551631927490234,72264964,0.0,0.0
1997-07-30 00:00:00+05:30,30.192665100097656,30.287019729614258,29.82469367980957,29.900175094604492,19.490131378173828,37440084,0.0,0.0
1997-07-31 00:00:00+05:30,30.070009231567383,30.754060745239258,29.937915802001953,30.664426803588867,19.988296508789062,94128816,0.0,0.0
1997-08-01 00:00:00+05:30,30.6502742767334,30.702167510986328,30.249277114868164,30.45213508605957,19.84992027282715,45953409,0.0,0.0
1997-08-04 00:00:00+05:30,30.706884384155273,31.49944305419922,30.574792861938477,30.92389488220215,20.157432556152344,101713704,0.0,0.0
1997-08-05 00:00:00+05:30,31.037118911743164,31.88628578186035,30.90974235534668,31.570207595825195,20.578720092773438,57840269,0.0,0.0
1997-08-06 00:00:00+05:30,32.532596588134766,32.532596588134766,31.716453552246094,32.04196548461914,20.88623046875,9937247,0.0,0.0
1997-08-07 00:00:00+05:30,31.136186599731445,31.607948303222656,30.900306701660156,31.155057907104492,20.308109283447266,63735211,0.0,0.0
1997-08-08 00:00:00+05:30,30.9852237701416,31.06542205810547,30.527616500854492,30.64555549621582,19.97599983215332,46083242,0.0,0.0
1997-08-11 00:00:00+05:30,30.900306701660156,31.348478317260742,30.782367706298828,31.244691848754883,20.366535186767578,57232440,0.0,0.0
1997-08-12 00:00:00+05:30,31.32489013671875,31.702299118041992,30.758779525756836,31.032400131225586,20.228158950805664,58219699,0.0,0.0
1997-08-13 00:00:00+05:30,30.71160316467285,30.796520233154297,30.381370544433594,30.584228515625,19.936017990112305,29560025,0.0,0.0
1997-08-14 00:00:00+05:30,30.574792861938477,30.68329620361328,30.159643173217773,30.287019729614258,19.74228858947754,56476759,0.0,0.0
1997-08-15 00:00:00+05:30,30.287019729614258,30.287019729614258,30.287019729614258,30.287019729614258,19.74228858947754,0,0.0,0.0
1997-08-18 00:00:00+05:30,30.471004486083984,30.475723266601562,29.923763275146484,29.985092163085938,19.545480728149414,28959614,0.0,0.0
1997-08-19 00:00:00+05:30,29.933198928833008,30.26814842224121,29.725624084472656,29.886022567749023,19.480899810791016,47957605,0.0,0.0
1997-08-20 00:00:00+05:30,29.956785202026367,30.37193489074707,29.82469367980957,30.305889129638672,19.754589080810547,35255183,0.0,0.0
1997-08-21 00:00:00+05:30,30.513463973999023,31.39093780517578,29.96622085571289,30.055856704711914,19.591609954833984,77282341,0.0,0.0
1997-08-22 00:00:00+05:30,30.00396156311035,30.09831428527832,29.371803283691406,29.43313217163086,19.185686111450195,64378546,0.0,0.0
1997-08-25 00:00:00+05:30,29.2491455078125,29.291603088378906,28.39997673034668,29.008548736572266,18.908931732177734,72992028,0.0,0.0
1997-08-26 00:00:00+05:30,29.23499298095703,29.334062576293945,28.824560165405273,28.918912887573242,18.85049819946289,54988186,0.0,0.0
1997-08-27 00:00:00+05:30,29.145357131958008,29.66901206970215,29.145357131958008,29.220840454101562,19.047313690185547,38867715,0.0,0.0
1997-08-28 00:00:00+05:30,29.032136917114258,29.154794692993164,28.683032989501953,28.739643096923828,18.733644485473633,38501004,0.0,0.0
1997-08-29 00:00:00+05:30,28.574527740478516,28.574527740478516,26.729944229125977,26.762968063354492,17.445171356201172,132746935,0.0,0.0
1997-09-01 00:00:00+05:30,26.795991897583008,27.069612503051758,26.192138671875,26.64974594116211,17.371368408203125,98211926,0.0,0.0
1997-09-02 00:00:00+05:30,26.890344619750977,27.725358963012695,26.659181594848633,27.508350372314453,17.93104362487793,86461789,0.0,0.0
1997-09-03 00:00:00+05:30,27.9282169342041,28.35751724243164,27.46117401123047,27.69233512878418,18.05097198486328,133852369,0.0,0.0
1997-09-04 00:00:00+05:30,27.371538162231445,27.73479461669922,27.225292205810547,27.66874885559082,18.035594940185547,71891893,0.0,0.0
1997-09-05 00:00:00+05:30,27.819711685180664,27.98011016845703,27.649877548217773,27.909345626831055,18.192428588867188,53971780,0.0,0.0
1997-09-08 00:00:00+05:30,27.645160675048828,27.86216926574707,27.48476219177246,27.800840377807617,18.1216983795166,34495793,0.0,0.0
1997-09-09 00:00:00+05:30,27.833864212036133,27.947086334228516,27.465890884399414,27.635725021362305,18.01407241821289,43109805,0.0,0.0
1997-09-10 00:00:00+05:30,27.362104415893555,27.447021484375,26.814861297607422,26.899778366088867,17.53434944152832,54219787,0.0,0.0
1997-09-11 00:00:00+05:30,26.918649673461914,27.35266876220703,26.918649673461914,27.036588668823242,17.6235294342041,48542117,0.0,0.0
1997-09-12 00:00:00+05:30,26.810144424438477,26.87147331237793,26.536523818969727,26.786556243896484,17.460542678833008,55788380,0.0,0.0
1997-09-15 00:00:00+05:30,26.890344619750977,26.984695434570312,26.758251190185547,26.890344619750977,17.5282039642334,25115502,0.0,0.0
1997-09-16 00:00:00+05:30,27.022436141967773,27.442302703857422,26.99884796142578,27.126224517822266,17.681961059570312,56644747,0.0,0.0
1997-09-17 00:00:00+05:30,26.994131088256836,27.24888038635254,26.994131088256836,27.112070083618164,17.672731399536133,5908189,0.0,0.0
1997-09-18 00:00:00+05:30,26.616722106933594,26.748815536499023,26.003433227539062,26.20157241821289,17.079233169555664,59637792,0.0,0.0
1997-09-19 00:00:00+05:30,26.409147262573242,26.545957565307617,25.998716354370117,26.121374130249023,17.02695655822754,38331956,0.0,0.0
1997-09-22 00:00:00+05:30,25.97041130065918,26.041175842285156,25.49864959716797,25.564697265625,16.664093017578125,34821170,0.0,0.0
1997-09-23 00:00:00+05:30,25.4844970703125,25.83831787109375,25.404298782348633,25.682636260986328,16.740966796875,38565125,0.0,0.0
1997-09-24 00:00:00+05:30,26.267620086669922,26.352537155151367,25.710941314697266,25.78642463684082,16.808624267578125,39384927,0.0,0.0
1997-09-25 00:00:00+05:30,25.593002319335938,26.041175842285156,25.569414138793945,25.989280700683594,16.94085121154785,39739450,0.0,0.0
1997-09-26 00:00:00+05:30,26.1119384765625,26.324230194091797,25.87605857849121,25.909082412719727,16.88857650756836,40074366,0.0,0.0
1997-09-29 00:00:00+05:30,26.135526657104492,26.574264526367188,25.960975646972656,26.267620086669922,17.122285842895508,46018591,0.0,0.0
1997-09-30 00:00:00+05:30,26.22987937927246,26.267620086669922,25.975128173828125,26.041175842285156,16.97467613220215,28416436,0.0,0.0
1997-10-01 00:00:00+05:30,26.088350296020508,26.088350296020508,25.36655616760254,25.687353134155273,16.744047164916992,41587316,0.0,0.0
1997-10-02 00:00:00+05:30,25.687353134155273,25.687353134155273,25.687353134155273,25.687353134155273,16.744047164916992,0,0.0,0.0
1997-10-03 00:00:00+05:30,25.687353134155273,25.687353134155273,25.687353134155273,25.687353134155273,16.744047164916992,0,0.0,0.0
1997-10-06 00:00:00+05:30,25.687353134155273,25.687353134155273,25.687353134155273,25.687353134155273,16.744047164916992,0,0.0,0.0
1997-10-07 00:00:00+05:30,25.687353134155273,25.687353134155273,25.687353134155273,25.687353134155273,16.744047164916992,0,0.0,0.0
1997-10-08 00:00:00+05:30,25.687353134155273,25.687353134155273,25.687353134155273,25.687353134155273,16.744047164916992,0,0.0,0.0
1997-10-09 00:00:00+05:30,25.427885055541992,25.975128173828125,25.333534240722656,25.92795181274414,16.900876998901367,37661065,0.0,0.0
1997-10-10 00:00:00+05:30,25.993999481201172,27.126224517822266,25.946823120117188,26.92336654663086,17.549726486206055,94034488,0.0,0.0
1997-10-13 00:00:00+05:30,27.069612503051758,27.55080795288086,26.512935638427734,26.602569580078125,17.34061622619629,63345182,0.0,0.0
1997-10-14 00:00:00+05:30,26.630874633789062,26.748815536499023,25.479780197143555,25.918516159057617,16.89472198486328,41681114,0.0,0.0
1997-10-15 00:00:00+05:30,26.22987937927246,26.59785270690918,26.144962310791016,26.413864135742188,17.217615127563477,28836140,0.0,0.0
1997-10-16 00:00:00+05:30,26.76768684387207,27.69233512878418,26.42801856994629,27.522502899169922,17.940263748168945,99276026,0.0,0.0
1997-10-17 00:00:00+05:30,27.640443801879883,27.730077743530273,27.088483810424805,27.305492401123047,17.798812866210938,65702841,0.0,0.0
1997-10-20 00:00:00+05:30,27.19698715209961,27.98482894897461,27.19698715209961,27.805559158325195,18.124774932861328,70934310,0.0,0.0
1997-10-21 00:00:00+05:30,27.838581085205078,27.881040573120117,26.541240692138672,26.99884796142578,17.598928451538086,80329968,0.0,0.0
1997-10-22 00:00:00+05:30,27.215858459472656,27.49891471862793,26.659181594848633,26.729944229125977,17.42364501953125,57161429,0.0,0.0
1997-10-23 00:00:00+05:30,26.56954574584961,27.14509391784668,25.673202514648438,25.946823120117188,16.91317367553711,64225396,0.0,0.0
1997-10-24 00:00:00+05:30,25.805295944213867,25.923234939575195,25.25333595275879,25.725095748901367,16.768644332885742,57441762,0.0,0.0
1997-10-27 00:00:00+05:30,25.663766860961914,26.159114837646484,25.4844970703125,25.85247039794922,16.851675033569336,48428712,0.0,0.0
1997-10-28 00:00:00+05:30,25.805295944213867,25.805295944213867,23.286094665527344,23.451210021972656,15.286436080932617,88032501,0.0,0.0
1997-10-29 00:00:00+05:30,24.04562759399414,25.75811767578125,24.04562759399414,25.385427474975586,16.547237396240234,64942921,0.0,0.0
1997-10-30 00:00:00+05:30,25.38071060180664,25.38071060180664,24.54569435119629,24.757986068725586,16.13824462890625,22133586,0.0,0.0
1997-10-31 00:00:00+05:30,24.757986068725586,24.757986068725586,24.757986068725586,24.757986068725586,16.13824462890625,0,0.0,0.0
1997-11-03 00:00:00+05:30,25.0033016204834,25.281639099121094,23.80031394958496,24.300378799438477,15.839954376220703,50148865,0.0,0.0
1997-11-04 00:00:00+05:30,24.43718910217285,24.80516242980957,24.0833683013916,24.507953643798828,15.975260734558105,51459912,0.0,0.0
1997-11-05 00:00:00+05:30,24.578716278076172,24.7108097076416,24.206026077270508,24.446624755859375,15.935283660888672,32918191,0.0,0.0
1997-11-06 00:00:00+05:30,24.352272033691406,24.616458892822266,23.932405471801758,24.512670516967773,15.978338241577148,42570866,0.0,0.0
1997-11-07 00:00:00+05:30,24.3758602142334,24.498517990112305,24.201309204101562,24.328683853149414,15.858407020568848,26372496,0.0,0.0
1997-11-10 00:00:00+05:30,24.201309204101562,24.390012741088867,24.111675262451172,24.253202438354492,15.809208869934082,20682637,0.0,0.0
1997-11-11 00:00:00+05:30,24.248485565185547,24.668352127075195,24.224897384643555,24.550411224365234,16.002939224243164,31931462,0.0,0.0
1997-11-12 00:00:00+05:30,24.53154182434082,24.578716278076172,23.88994789123535,23.97014617919922,15.624693870544434,36767073,0.0,0.0
1997-11-13 00:00:00+05:30,23.82390022277832,23.861642837524414,22.696392059326172,22.984167098999023,14.981999397277832,87330874,0.0,0.0
1997-11-14 00:00:00+05:30,22.984167098999023,22.984167098999023,22.984167098999023,22.984167098999023,14.981999397277832,0,0.0,0.0
1997-11-17 00:00:00+05:30,23.19645881652832,23.493667602539062,22.743568420410156,23.31439971923828,15.197257995605469,56668594,0.0,0.0
1997-11-18 00:00:00+05:30,23.304964065551758,23.304964065551758,22.724699020385742,22.96057891845703,14.966622352600098,46724987,0.0,0.0
1997-11-19 00:00:00+05:30,22.455795288085938,22.776592254638672,22.12556266784668,22.432207107543945,14.622206687927246,51318951,0.0,0.0
1997-11-20 00:00:00+05:30,22.38503074645996,22.644500732421875,21.899118423461914,22.460512161254883,14.640657424926758,43763739,0.0,0.0
1997-11-21 00:00:00+05:30,22.352008819580078,23.10682487487793,22.21991539001465,22.418054580688477,14.612984657287598,69007484,0.0,0.0
1997-11-24 00:00:00+05:30,22.271808624267578,22.36144256591797,20.851810455322266,20.851810455322266,13.592044830322266,79421668,0.0,0.0
1997-11-25 00:00:00+05:30,20.28569793701172,21.031078338623047,19.507293701171875,20.799915313720703,13.55821704864502,130783544,0.0,0.0
1997-11-26 00:00:00+05:30,21.696260452270508,21.700979232788086,20.20549774169922,20.45081329345703,13.330660820007324,75272846,0.0,0.0
1997-11-27 00:00:00+05:30,20.342309951782227,21.450946807861328,20.238521575927734,21.34244155883789,13.911857604980469,94266598,0.0,0.0
1997-11-28 00:00:00+05:30,21.191478729248047,21.191478729248047,20.45081329345703,20.658388137817383,13.465960502624512,79922452,0.0,0.0
1997-12-01 00:00:00+05:30,20.526294708251953,21.601909637451172,20.474401473999023,21.422639846801758,13.964137077331543,85599062,0.0,0.0
1997-12-02 00:00:00+05:30,21.597192764282227,21.842506408691406,20.851810455322266,21.361310958862305,13.924159049987793,87599018,0.0,0.0
1997-12-03 00:00:00+05:30,21.0924072265625,21.290546417236328,20.80935287475586,20.917856216430664,13.635093688964844,36681754,0.0,0.0
1997-12-04 00:00:00+05:30,20.762176513671875,21.13486671447754,20.295133590698242,20.436660766601562,13.321431159973145,58769237,0.0,0.0
1997-12-05 00:00:00+05:30,20.568754196166992,20.88483238220215,19.87526512145996,20.106428146362305,13.106170654296875,85782418,0.0,0.0
1997-12-08 00:00:00+05:30,20.148887634277344,20.64895248413086,19.74789047241211,20.53101348876953,13.3829345703125,84726268,0.0,0.0
1997-12-09 00:00:00+05:30,20.540447235107422,20.55931854248047,19.648820877075195,20.120580673217773,13.115397453308105,72512971,0.0,0.0
1997-12-10 00:00:00+05:30,19.82337188720703,20.144168853759766,19.351612091064453,19.60636329650879,12.780211448669434,77113823,0.0,0.0
1997-12-11 00:00:00+05:30,19.582775115966797,20.049816131591797,19.115732192993164,19.87998390197754,12.958566665649414,88205788,0.0,0.0
1997-12-12 00:00:00+05:30,19.898853302001953,20.314002990722656,19.634668350219727,19.936595916748047,12.995469093322754,64407162,0.0,0.0
1997-12-15 00:00:00+05:30,19.917724609375,20.23380470275879,19.7714786529541,20.17719268798828,13.152298927307129,28591313,0.0,0.0
1997-12-16 00:00:00+05:30,20.238521575927734,21.087690353393555,20.238521575927734,20.903703689575195,13.625869750976562,69518867,0.0,0.0
1997-12-17 00:00:00+05:30,21.18204116821289,21.266958236694336,20.851810455322266,21.125431060791016,13.770400047302246,42029808,0.0,0.0
1997-12-18 00:00:00+05:30,21.172607421875,21.465099334716797,20.974468231201172,21.0263614654541,13.705820083618164,58302368,0.0,0.0
1997-12-19 00:00:00+05:30,20.960315704345703,21.323570251464844,20.823503494262695,21.252805709838867,13.853423118591309,44904148,0.0,0.0
1997-12-22 00:00:00+05:30,21.40848731994629,22.158586502075195,21.370746612548828,21.922706604003906,14.290096282958984,59278499,0.0,0.0
1997-12-23 00:00:00+05:30,21.99346923828125,22.262374877929688,21.8660945892334,22.134998321533203,14.428479194641113,52000971,0.0,0.0
1997-12-24 00:00:00+05:30,21.884965896606445,21.936859130859375,21.474533081054688,21.884965896606445,14.265497207641602,46009052,0.0,0.0
1997-12-25 00:00:00+05:30,21.884965896606445,21.884965896606445,21.884965896606445,21.884965896606445,14.265497207641602,0,0.0,0.0
1997-12-26 00:00:00+05:30,21.98403549194336,22.72941780090332,21.9462947845459,22.658653259277344,14.769813537597656,72025965,0.0,0.0
1997-12-29 00:00:00+05:30,22.73885154724121,22.903968811035156,22.583171844482422,22.8284854888916,14.880520820617676,48666651,0.0,0.0
1997-12-30 00:00:00+05:30,22.899250030517578,23.01247215270996,22.408620834350586,22.644500732421875,14.76059341430664,48851067,0.0,0.0
1997-12-31 00:00:00+05:30,22.76715660095215,23.333269119262695,22.583171844482422,23.111543655395508,15.065028190612793,71978272,0.0,0.0
1998-01-01 00:00:00+05:30,22.932273864746094,23.347423553466797,22.856792449951172,23.243635177612305,15.151127815246582,37375962,0.0,0.0
1998-01-02 00:00:00+05:30,23.304964065551758,23.58802032470703,23.286094665527344,23.503103256225586,15.320262908935547,33278014,0.0,0.0
1998-01-05 00:00:00+05:30,23.672937393188477,23.790878295898438,23.267223358154297,23.36629295349121,15.231082916259766,43213141,0.0,0.0
1998-01-06 00:00:00+05:30,23.18230628967285,23.50782012939453,22.861509323120117,23.38044548034668,15.240303993225098,55791030,0.0,0.0
1998-01-07 00:00:00+05:30,23.300247192382812,23.767290115356445,23.078519821166992,23.385164260864258,15.243383407592773,58675439,0.0,0.0
1998-01-08 00:00:00+05:30,23.229482650756836,23.304964065551758,22.370878219604492,22.51712417602539,14.677562713623047,79614563,0.0,0.0
1998-01-09 00:00:00+05:30,22.366161346435547,22.366161346435547,21.74815559387207,22.068952560424805,14.385424613952637,90981032,0.0,0.0
1998-01-12 00:00:00+05:30,21.936859130859375,21.936859130859375,21.422639846801758,21.644367218017578,14.108662605285645,62938196,0.0,0.0
1998-01-13 00:00:00+05:30,21.771743774414062,22.342573165893555,21.771743774414062,22.177457809448242,14.456149101257324,53918787,0.0,0.0
1998-01-14 00:00:00+05:30,22.290679931640625,22.59732437133789,21.597192764282227,21.92742347717285,14.293169975280762,56434365,0.0,0.0
1998-01-15 00:00:00+05:30,21.818918228149414,22.36144256591797,21.691543579101562,22.252939224243164,14.505353927612305,64737838,0.0,0.0
1998-01-16 00:00:00+05:30,22.408620834350586,23.257787704467773,22.210479736328125,23.111543655395508,15.065028190612793,119515112,0.0,0.0
1998-01-19 00:00:00+05:30,23.295528411865234,24.366424560546875,23.295528411865234,24.300378799438477,15.839954376220703,106402524,0.0,0.0
1998-01-20 00:00:00+05:30,24.338119506835938,24.49380111694336,23.710678100585938,23.922969818115234,15.593949317932129,78919295,0.0,0.0
1998-01-21 00:00:00+05:30,23.77672576904297,23.95599365234375,23.521974563598633,23.64463233947754,15.412516593933105,43292631,0.0,0.0
1998-01-22 00:00:00+05:30,23.50782012939453,23.50782012939453,22.672805786132812,22.79546356201172,14.858999252319336,68849565,0.0,0.0
1998-01-23 00:00:00+05:30,22.757722854614258,23.09267234802246,22.61147689819336,22.927555084228516,14.945093154907227,55689283,0.0,0.0
1998-01-26 00:00:00+05:30,22.927555084228516,22.927555084228516,22.927555084228516,22.927555084228516,14.945093154907227,0,0.0,0.0
1998-01-27 00:00:00+05:30,23.097389221191406,23.097389221191406,22.526559829711914,22.696392059326172,14.794413566589355,44582480,0.0,0.0
1998-01-28 00:00:00+05:30,22.550148010253906,22.616193771362305,22.031211853027344,22.215198516845703,14.480755805969238,49112322,0.0,0.0
1998-01-29 00:00:00+05:30,22.106693267822266,22.432207107543945,21.936859130859375,22.356725692749023,14.573006629943848,37747443,0.0,0.0
1998-01-30 00:00:00+05:30,22.446359634399414,23.15871810913086,22.418054580688477,23.073802947998047,15.040428161621094,50426549,0.0,0.0
1998-02-02 00:00:00+05:30,23.116260528564453,23.389881134033203,22.984167098999023,23.295528411865234,15.184957504272461,37224932,0.0,0.0
1998-02-03 00:00:00+05:30,23.31439971923828,23.399316787719727,22.979450225830078,23.083236694335938,15.046577453613281,30884850,0.0,0.0
1998-02-04 00:00:00+05:30,23.163436889648438,23.21061134338379,22.432207107543945,22.550148010253906,14.699091911315918,53250016,0.0,0.0
1998-02-05 00:00:00+05:30,22.644500732421875,22.92283821105957,22.46523094177246,22.578453063964844,14.717537879943848,40868731,0.0,0.0
1998-02-06 00:00:00+05:30,22.63506507873535,22.998319625854492,22.620912551879883,22.837921142578125,14.88667106628418,32218154,0.0,0.0
1998-02-09 00:00:00+05:30,22.73885154724121,22.894533157348633,22.672805786132812,22.809616088867188,14.868220329284668,18261917,0.0,0.0
1998-02-10 00:00:00+05:30,22.70111083984375,22.72941780090332,22.41333770751953,22.4935359954834,14.662188529968262,24429773,0.0,0.0
1998-02-11 00:00:00+05:30,22.455795288085938,22.578453063964844,22.149150848388672,22.2010440826416,14.471526145935059,33626178,0.0,0.0
1998-02-12 00:00:00+05:30,22.149150848388672,22.408620834350586,22.106693267822266,22.36144256591797,14.576083183288574,22374174,0.0,0.0
1998-02-13 00:00:00+05:30,22.427490234375,22.73885154724121,22.32370376586914,22.672805786132812,14.779040336608887,22624301,0.0,0.0
1998-02-16 00:00:00+05:30,22.672805786132812,22.672805786132812,22.672805786132812,22.672805786132812,14.779040336608887,0,0.0,0.0
1998-02-17 00:00:00+05:30,22.83320426940918,23.10682487487793,22.776592254638672,22.875661849975586,14.911269187927246,22807127,0.0,0.0
1998-02-18 00:00:00+05:30,22.83320426940918,22.96529769897461,22.53127670288086,22.60675811767578,14.735984802246094,23829362,0.0,0.0
1998-02-19 00:00:00+05:30,22.59732437133789,22.96529769897461,22.59732437133789,22.79546356201172,14.858999252319336,18794497,0.0,0.0
1998-02-20 00:00:00+05:30,22.83320426940918,22.979450225830078,22.653934478759766,22.691675186157227,14.79134464263916,21228995,0.0,0.0
1998-02-23 00:00:00+05:30,22.691675186157227,23.531408309936523,22.653934478759766,23.24835205078125,15.154203414916992,29829229,0.0,0.0
1998-02-24 00:00:00+05:30,23.517255783081055,23.710678100585938,23.32855224609375,23.5361270904541,15.341789245605469,39012916,0.0,0.0
1998-02-25 00:00:00+05:30,23.77672576904297,23.984298706054688,23.611608505249023,23.91353416442871,15.587793350219727,30887499,0.0,0.0
1998-02-26 00:00:00+05:30,23.91825294494629,23.99373435974121,23.701242446899414,23.861642837524414,15.55396842956543,26871160,0.0,0.0
1998-02-27 00:00:00+05:30,23.871076583862305,24.32396697998047,23.871076583862305,24.196592330932617,15.772307395935059,36723619,0.0,0.0
1998-03-02 00:00:00+05:30,24.286226272583008,25.517520904541016,24.286226272583008,25.39486312866211,16.553390502929688,42917440,0.0,0.0
1998-03-03 00:00:00+05:30,25.26276969909668,25.38071060180664,24.248485565185547,24.644763946533203,16.064437866210938,31533484,0.0,0.0
1998-03-04 00:00:00+05:30,24.861774444580078,26.310077667236328,24.772138595581055,26.20157241821289,17.079233169555664,100214532,0.0,0.0
1998-03-05 00:00:00+05:30,26.050609588623047,26.083633422851562,25.593002319335938,25.710941314697266,16.75942039489746,48931616,0.0,0.0
1998-03-06 00:00:00+05:30,25.55054473876953,25.918516159057617,25.192005157470703,25.753400802612305,16.78709602355957,73937953,0.0,0.0
1998-03-09 00:00:00+05:30,25.894929885864258,26.220443725585938,25.710941314697266,26.031740188598633,16.968530654907227,46515665,0.0,0.0
1998-03-10 00:00:00+05:30,25.899646759033203,26.729944229125977,25.710941314697266,26.305360794067383,17.146886825561523,64902116,0.0,0.0
1998-03-11 00:00:00+05:30,26.409147262573242,26.70163917541504,25.57884979248047,25.843034744262695,16.845518112182617,58790964,0.0,0.0
1998-03-12 00:00:00+05:30,25.734529495239258,26.267620086669922,25.593002319335938,25.753400802612305,16.78709602355957,62439532,0.0,0.0
1998-03-13 00:00:00+05:30,25.753400802612305,25.753400802612305,25.753400802612305,25.753400802612305,16.78709602355957,0,0.0,0.0
1998-03-16 00:00:00+05:30,25.998716354370117,26.522369384765625,25.998716354370117,26.121374130249023,17.02695655822754,49201880,0.0,0.0
1998-03-17 00:00:00+05:30,26.06004524230957,26.064762115478516,25.710941314697266,25.918516159057617,16.89472198486328,34400405,0.0,0.0
1998-03-18 00:00:00+05:30,26.314796447753906,26.654462814331055,26.277055740356445,26.380842208862305,17.19608497619629,40468104,0.0,0.0
1998-03-19 00:00:00+05:30,26.489347457885742,26.682769775390625,26.041175842285156,26.144962310791016,17.04233169555664,41985823,0.0,0.0
1998-03-20 00:00:00+05:30,25.98456382751465,26.305360794067383,25.78642463684082,26.187419891357422,17.07000732421875,32475700,0.0,0.0
1998-03-23 00:00:00+05:30,26.272336959838867,26.50349998474121,26.272336959838867,26.413864135742188,17.217615127563477,6271191,0.0,0.0
1998-03-24 00:00:00+05:30,26.60728645324707,27.21114158630371,26.418582916259766,26.829015731811523,17.48822021484375,52779968,0.0,0.0
1998-03-25 00:00:00+05:30,26.890344619750977,27.385692596435547,26.84316635131836,27.281904220581055,17.78343391418457,38500474,0.0,0.0
1998-03-26 00:00:00+05:30,27.267751693725586,27.267751693725586,26.42801856994629,26.578981399536133,17.325241088867188,40929143,0.0,0.0
1998-03-27 00:00:00+05:30,26.56954574584961,26.937519073486328,26.409147262573242,26.890344619750977,17.5282039642334,34329925,0.0,0.0
1998-03-30 00:00:00+05:30,26.970542907714844,27.07904815673828,26.33366584777832,26.39971351623535,17.208393096923828,27997261,0.0,0.0
1998-03-31 00:00:00+05:30,26.324230194091797,26.60728645324707,26.159114837646484,26.314796447753906,17.153034210205078,38761199,0.0,0.0
1998-04-01 00:00:00+05:30,26.512935638427734,27.13094139099121,26.512935638427734,27.05545997619629,17.63582992553711,31204928,0.0,0.0
1998-04-02 00:00:00+05:30,27.168682098388672,27.267751693725586,26.84316635131836,26.932802200317383,17.555877685546875,29669190,0.0,0.0
1998-04-03 00:00:00+05:30,27.163965225219727,27.730077743530273,26.994131088256836,27.527219772338867,17.943340301513672,44649252,0.0,0.0
1998-04-06 00:00:00+05:30,27.73479461669922,27.909345626831055,27.428150177001953,27.61685562133789,18.001766204833984,28953255,0.0,0.0
1998-04-07 00:00:00+05:30,27.5932674407959,28.513198852539062,27.45645523071289,28.173532485961914,18.364635467529297,53313607,0.0,0.0
1998-04-08 00:00:00+05:30,28.173532485961914,28.173532485961914,28.173532485961914,28.173532485961914,18.364635467529297,0,0.0,0.0
1998-04-09 00:00:00+05:30,28.966089248657227,29.107616424560547,28.225425720214844,28.541505813598633,18.604496002197266,53385148,0.0,0.0
1998-04-10 00:00:00+05:30,28.418846130371094,28.871736526489258,28.239578247070312,28.442434310913086,18.539915084838867,59499480,0.0,0.0
1998-04-13 00:00:00+05:30,28.371671676635742,28.371671676635742,27.3668212890625,27.48476219177246,17.915664672851562,49381527,0.0,0.0
1998-04-14 00:00:00+05:30,27.48476219177246,27.48476219177246,27.48476219177246,27.48476219177246,17.915664672851562,0,0.0,0.0
1998-04-15 00:00:00+05:30,28.25844955444336,28.815126419067383,28.211273193359375,28.650009155273438,18.675220489501953,61226522,0.0,0.0
1998-04-16 00:00:00+05:30,28.541505813598633,28.56981086730957,27.881040573120117,27.975391387939453,18.235475540161133,40062178,0.0,0.0
1998-04-17 00:00:00+05:30,27.965957641601562,28.16409683227539,27.715923309326172,28.102767944335938,18.318504333496094,32673364,0.0,0.0
1998-04-20 00:00:00+05:30,28.116920471191406,28.39997673034668,27.857452392578125,27.94236946105957,18.21395492553711,36048488,0.0,0.0
1998-04-21 00:00:00+05:30,28.02256965637207,28.376388549804688,27.937652587890625,28.173532485961914,18.364635467529297,39801452,0.0,0.0
1998-04-22 00:00:00+05:30,28.49432945251465,28.852867126464844,27.871604919433594,27.965957641601562,18.22933006286621,37722537,0.0,0.0
1998-04-23 00:00:00+05:30,27.9282169342041,28.107484817504883,27.371538162231445,27.494197845458984,17.92181968688965,31123848,0.0,0.0
1998-04-24 00:00:00+05:30,27.53665542602539,27.961240768432617,27.036588668823242,27.85273551940918,18.155529022216797,46892445,0.0,0.0
1998-04-27 00:00:00+05:30,27.9282169342041,28.041439056396484,27.60270118713379,27.73479461669922,18.078643798828125,30171564,0.0,0.0
1998-04-28 00:00:00+05:30,27.65459442138672,27.833864212036133,27.503631591796875,27.65459442138672,18.026371002197266,29254255,0.0,0.0
1998-04-29 00:00:00+05:30,28.116920471191406,28.352800369262695,26.937519073486328,27.05074119567871,17.63275146484375,66533241,0.0,0.0
1998-04-30 00:00:00+05:30,26.984695434570312,27.338516235351562,26.762968063354492,27.18283462524414,17.718860626220703,32774050,0.0,0.0
1998-05-01 00:00:00+05:30,27.18283462524414,27.18283462524414,27.18283462524414,27.18283462524414,17.718860626220703,0,0.0,0.0
1998-05-04 00:00:00+05:30,27.253599166870117,27.55080795288086,27.126224517822266,27.291339874267578,17.789581298828125,19825211,0.0,0.0
1998-05-05 00:00:00+05:30,27.192270278930664,27.347951889038086,27.008283615112305,27.253599166870117,17.764982223510742,28034356,0.0,0.0
1998-05-06 00:00:00+05:30,27.45645523071289,27.45645523071289,26.442171096801758,26.61200523376465,17.34676742553711,39291129,0.0,0.0
1998-05-07 00:00:00+05:30,26.61200523376465,26.61200523376465,26.61200523376465,26.61200523376465,17.34676742553711,0,0.0,0.0
1998-05-08 00:00:00+05:30,26.512935638427734,26.60728645324707,26.144962310791016,26.234596252441406,17.100759506225586,34012497,0.0,0.0
1998-05-11 00:00:00+05:30,26.144962310791016,26.413864135742188,26.1260929107666,26.286489486694336,17.134584426879883,19519441,0.0,0.0
1998-05-12 00:00:00+05:30,26.23931312561035,26.23931312561035,24.833467483520508,24.904232025146484,16.233570098876953,58196382,0.0,0.0
1998-05-13 00:00:00+05:30,24.908950805664062,25.097654342651367,24.069215774536133,24.210744857788086,15.781530380249023,39260393,0.0,0.0
1998-05-14 00:00:00+05:30,24.111675262451172,24.80516242980957,23.927688598632812,24.7108097076416,16.107492446899414,45466404,0.0,0.0
1998-05-15 00:00:00+05:30,24.809879302978516,24.838186264038086,23.738983154296875,23.828617095947266,15.532441139221191,62078649,0.0,0.0
1998-05-18 00:00:00+05:30,23.927688598632812,24.44190788269043,23.833335876464844,24.13998031616211,15.735403060913086,43951864,0.0,0.0
1998-05-19 00:00:00+05:30,24.154132843017578,24.286226272583008,23.762571334838867,23.97014617919922,15.624693870544434,43381659,0.0,0.0
1998-05-20 00:00:00+05:30,24.158851623535156,24.71552848815918,24.064498901367188,24.592870712280273,16.030614852905273,42862328,0.0,0.0
1998-05-21 00:00:00+05:30,24.701374053955078,24.701374053955078,23.899381637573242,24.03619384765625,15.667750358581543,37010841,0.0,0.0
1998-05-22 00:00:00+05:30,24.012605667114258,24.290943145751953,23.894664764404297,24.2296142578125,15.793828964233398,28039656,0.0,0.0
1998-05-25 00:00:00+05:30,23.989017486572266,24.130544662475586,23.729549407958984,24.00788688659668,15.649298667907715,15798803,0.0,0.0
1998-05-26 00:00:00+05:30,23.91825294494629,23.965429306030273,23.484233856201172,23.569150924682617,15.363316535949707,39992227,0.0,0.0
1998-05-27 00:00:00+05:30,23.578584671020508,23.767290115356445,23.116260528564453,23.205894470214844,15.126529693603516,31019452,0.0,0.0
1998-05-28 00:00:00+05:30,23.1209774017334,23.47007942199707,22.894533157348633,22.951143264770508,14.960474967956543,25630594,0.0,0.0
1998-05-29 00:00:00+05:30,22.9086856842041,23.24835205078125,22.276527404785156,22.842639923095703,14.889745712280273,36435867,0.0,0.0
1998-06-01 00:00:00+05:30,23.021907806396484,23.38044548034668,22.196327209472656,22.318984985351562,14.5484037399292,32254189,0.0,0.0
1998-06-02 00:00:00+05:30,22.267091751098633,22.446359634399414,21.333005905151367,21.44622802734375,13.97950267791748,38690719,0.0,0.0
1998-06-03 00:00:00+05:30,21.700979232788086,21.700979232788086,19.686561584472656,20.36117935180664,13.272228240966797,85560908,0.0,0.0
1998-06-04 00:00:00+05:30,20.40363883972168,20.436660766601562,19.634668350219727,19.809219360351562,12.91244125366211,69790191,0.0,0.0
1998-06-05 00:00:00+05:30,19.677127838134766,19.677127838134766,18.691146850585938,18.8090877532959,12.260515213012695,70238511,0.0,0.0
1998-06-08 00:00:00+05:30,18.87041664123535,19.059120178222656,17.64383888244629,18.431678771972656,12.014504432678223,79378214,0.0,0.0
1998-06-09 00:00:00+05:30,18.681711196899414,19.32802391052246,18.030683517456055,18.93646240234375,12.343542098999023,72020136,0.0,0.0
1998-06-10 00:00:00+05:30,19.011943817138672,19.247825622558594,18.044836044311523,18.224105834960938,11.879199981689453,49504470,0.0,0.0
1998-06-11 00:00:00+05:30,17.9552001953125,18.681711196899414,17.45985221862793,18.592077255249023,12.119056701660156,54003576,0.0,0.0
1998-06-12 00:00:00+05:30,18.686429977416992,19.337459564208984,18.686429977416992,19.19593048095703,12.512675285339355,45911545,0.0,0.0
1998-06-15 00:00:00+05:30,18.964767456054688,19.007226943969727,18.068424224853516,18.139188766479492,11.823846817016602,36799928,0.0,0.0
1998-06-16 00:00:00+05:30,18.025964736938477,18.488290786743164,17.45985221862793,18.384502410888672,11.98375415802002,43553886,0.0,0.0
1998-06-17 00:00:00+05:30,18.681711196899414,20.219650268554688,18.681711196899414,20.148887634277344,13.133851051330566,63871403,0.0,0.0
1998-06-18 00:00:00+05:30,20.549882888793945,20.85652732849121,19.648820877075195,19.82809066772461,12.924739837646484,79166242,0.0,0.0
1998-06-19 00:00:00+05:30,19.8516788482666,19.90357208251953,19.049684524536133,19.181777954101562,12.503449440002441,66917440,0.0,0.0
1998-06-22 00:00:00+05:30,19.021379470825195,19.021379470825195,17.738191604614258,18.5826416015625,12.112907409667969,43083309,0.0,0.0
1998-06-23 00:00:00+05:30,18.398656845092773,19.389352798461914,18.25712776184082,19.313871383666992,12.589554786682129,50712711,0.0,0.0
1998-06-24 00:00:00+05:30,19.34217643737793,19.719585418701172,19.181777954101562,19.59221076965332,13.025513648986816,32517564,0.377408,0.0
1998-06-25 00:00:00+05:30,19.653539657592773,20.068687438964844,19.57805633544922,19.936595916748047,13.254472732543945,36115259,0.0,0.0
1998-06-26 00:00:00+05:30,19.946029663085938,19.946029663085938,19.464834213256836,19.634668350219727,13.053741455078125,30385656,0.0,0.0
1998-06-29 00:00:00+05:30,19.56390380859375,20.082841873168945,19.488422393798828,20.01207733154297,13.30465316772461,34728432,0.0,0.0
1998-06-30 00:00:00+05:30,20.09699249267578,20.36117935180664,19.813936233520508,20.054534912109375,13.332886695861816,46821435,0.0,0.0
1998-07-01 00:00:00+05:30,19.729019165039062,19.908288955688477,19.280847549438477,19.59221076965332,13.025513648986816,44085406,0.0,0.0
1998-07-02 00:00:00+05:30,19.46011734008789,19.625232696533203,19.34217643737793,19.38463592529297,12.887511253356934,19757380,0.0,0.0
1998-07-03 00:00:00+05:30,19.450681686401367,19.478986740112305,18.7288875579834,18.823240280151367,12.514278411865234,35735829,0.0,0.0
1998-07-06 00:00:00+05:30,18.955333709716797,19.719585418701172,18.92230987548828,19.573339462280273,13.01296615600586,38615469,0.0,0.0
1998-07-07 00:00:00+05:30,19.648820877075195,20.66310691833496,19.648820877075195,20.3989200592041,13.561841011047363,85180418,0.0,0.0
1998-07-08 00:00:00+05:30,20.332874298095703,20.757457733154297,20.00735855102539,20.23380470275879,13.452070236206055,53548366,0.0,0.0
1998-07-09 00:00:00+05:30,20.30928611755371,20.464967727661133,20.115863800048828,20.23380470275879,13.452070236206055,31872109,0.0,0.0
1998-07-10 00:00:00+05:30,20.37533187866211,21.691543579101562,20.33759117126465,21.502838134765625,14.295760154724121,106057540,0.0,0.0
1998-07-13 00:00:00+05:30,21.559450149536133,21.818918228149414,20.30928611755371,20.47911834716797,13.615158081054688,92955551,0.0,0.0
1998-07-14 00:00:00+05:30,20.37533187866211,20.795198440551758,20.196062088012695,20.50270652770996,13.630842208862305,59436948,0.0,0.0
1998-07-15 00:00:00+05:30,20.757457733154297,21.1065616607666,20.026229858398438,20.148887634277344,13.395611763000488,58207511,0.0,0.0
1998-07-16 00:00:00+05:30,20.36117935180664,20.851810455322266,20.030946731567383,20.785764694213867,13.819022178649902,50463644,0.0,0.0
1998-07-17 00:00:00+05:30,20.83293914794922,21.08297348022461,20.42722511291504,20.521577835083008,13.643386840820312,52870056,0.0,0.0
1998-07-20 00:00:00+05:30,20.615930557250977,20.710281372070312,19.93187713623047,20.016794204711914,13.307788848876953,32222393,0.0,0.0
1998-07-21 00:00:00+05:30,20.030946731567383,20.181909561157227,19.488422393798828,19.554468154907227,13.000421524047852,43418754,0.0,0.0
1998-07-22 00:00:00+05:30,19.71014976501465,19.9837703704834,19.530881881713867,19.6912784576416,13.091378211975098,37840181,0.0,0.0
1998-07-23 00:00:00+05:30,19.766761779785156,19.78563117980957,18.743040084838867,18.84682846069336,12.529961585998535,44347192,0.0,0.0
1998-07-24 00:00:00+05:30,18.87041664123535,19.445964813232422,18.643970489501953,19.129884719848633,12.718146324157715,64750026,0.0,0.0
1998-07-27 00:00:00+05:30,19.238388061523438,19.370481491088867,18.172210693359375,18.365633010864258,12.210044860839844,47258097,0.0,0.0
1998-07-28 00:00:00+05:30,18.30902099609375,19.1440372467041,18.30902099609375,19.007226943969727,12.636597633361816,52470489,0.0,0.0
1998-07-29 00:00:00+05:30,19.32802391052246,19.582775115966797,18.776063919067383,19.46955108642578,12.943965911865234,49000507,0.0,0.0
1998-07-30 00:00:00+05:30,19.52616310119629,19.69599723815918,19.210084915161133,19.403505325317383,12.900053977966309,44115612,0.0,0.0
1998-07-31 00:00:00+05:30,19.51201057434082,20.049816131591797,19.51201057434082,19.795066833496094,13.160380363464355,48957583,0.0,0.0
1998-08-03 00:00:00+05:30,19.625232696533203,19.625232696533203,18.61094856262207,19.111013412475586,12.705598831176758,35140718,0.0,0.0
1998-08-04 00:00:00+05:30,18.993074417114258,19.33274269104004,18.993074417114258,19.17234230041504,12.746373176574707,23909381,0.0,0.0
1998-08-05 00:00:00+05:30,18.964767456054688,19.455398559570312,18.710018157958984,19.271413803100586,12.812236785888672,37136964,0.0,0.0
1998-08-06 00:00:00+05:30,19.389352798461914,19.568622589111328,18.964767456054688,19.08270835876465,12.68678092956543,34762878,0.0,0.0
1998-08-07 00:00:00+05:30,19.059120178222656,19.228954315185547,18.851545333862305,19.007226943969727,12.636597633361816,34896420,0.0,0.0
1998-08-10 00:00:00+05:30,18.823240280151367,18.92230987548828,18.57320785522461,18.658124923706055,12.40450668334961,26341230,0.0,0.0
1998-08-11 00:00:00+05:30,18.64868927001953,18.719453811645508,18.332609176635742,18.42696189880371,12.250819206237793,25633773,0.0,0.0
1998-08-12 00:00:00+05:30,18.12503433227539,18.318456649780273,17.78536605834961,17.94576644897461,11.930909156799316,40390204,0.0,0.0
1998-08-13 00:00:00+05:30,17.922178268432617,18.587360382080078,17.804237365722656,18.379785537719727,12.21945571899414,41312282,0.0,0.0
1998-08-14 00:00:00+05:30,18.398656845092773,18.474138259887695,18.07314109802246,18.110881805419922,12.040680885314941,26502859,0.0,0.0
1998-08-17 00:00:00+05:30,18.209951400756836,18.37506866455078,17.85141372680664,17.90330696105957,11.902677536010742,24503963,0.0,0.0
1998-08-18 00:00:00+05:30,17.974071502685547,17.974071502685547,17.181514739990234,17.271148681640625,11.482398986816406,49391595,0.0,0.0
1998-08-19 00:00:00+05:30,17.360782623291016,17.926895141601562,16.89845848083496,17.22397232055664,11.451034545898438,53822870,0.0,0.0
1998-08-20 00:00:00+05:30,17.44569969177246,18.209951400756836,17.20038414001465,18.096729278564453,12.031272888183594,59798890,0.0,0.0
1998-08-21 00:00:00+05:30,18.02124786376953,18.1156005859375,17.233407974243164,17.351348876953125,11.535717964172363,63054250,0.0,0.0
1998-08-24 00:00:00+05:30,17.26643180847168,17.44569969177246,16.955068588256836,17.389089584350586,11.560809135437012,41142705,0.0,0.0
1998-08-25 00:00:00+05:30,17.478723526000977,17.71932029724121,17.417394638061523,17.634403228759766,11.723901748657227,32949987,0.0,0.0
1998-08-26 00:00:00+05:30,17.634403228759766,17.634403228759766,17.634403228759766,17.634403228759766,11.723901748657227,0,0.0,0.0
1998-08-27 00:00:00+05:30,17.879718780517578,18.1156005859375,17.54948616027832,17.714603424072266,11.777220726013184,44093885,0.0,0.0
1998-08-28 00:00:00+05:30,17.51174545288086,17.51174545288086,16.983375549316406,17.077726364135742,11.353806495666504,41041488,0.0,0.0
1998-08-31 00:00:00+05:30,17.10603141784668,17.398523330688477,17.063573837280273,17.23812484741211,11.46044635772705,27554240,0.0,0.0
1998-09-01 00:00:00+05:30,17.20038414001465,17.20038414001465,16.605966567993164,16.804105758666992,11.171896934509277,31287067,0.0,0.0
1998-09-02 00:00:00+05:30,17.077726364135742,17.252277374267578,17.0069637298584,17.157926559448242,11.40712833404541,20362030,0.0,0.0
1998-09-03 00:00:00+05:30,17.139055252075195,17.44569969177246,17.03055191040039,17.181514739990234,11.422809600830078,31386694,0.0,0.0
1998-09-04 00:00:00+05:30,17.26643180847168,17.870283126831055,17.26643180847168,17.766496658325195,11.811723709106445,43341914,0.0,0.0
1998-09-07 00:00:00+05:30,17.91745948791504,19.129884719848633,17.91745948791504,19.01666259765625,12.642871856689453,79716839,0.0,0.0
1998-09-08 00:00:00+05:30,19.059120178222656,19.34217643737793,18.7288875579834,19.210084915161133,12.771462440490723,42518403,0.0,0.0
1998-09-09 00:00:00+05:30,19.530881881713867,19.719585418701172,19.040250778198242,19.148754119873047,12.730690002441406,45372606,0.0,0.0
1998-09-10 00:00:00+05:30,19.087425231933594,19.478986740112305,18.993074417114258,19.25254249572754,12.799690246582031,50659188,0.0,0.0
1998-09-11 00:00:00+05:30,19.167625427246094,19.167625427246094,18.639253616333008,18.761911392211914,12.473504066467285,37386561,0.0,0.0
1998-09-14 00:00:00+05:30,18.865699768066406,19.52616310119629,18.865699768066406,19.43181037902832,12.918877601623535,41972575,0.0,0.0
1998-09-15 00:00:00+05:30,19.389352798461914,19.39406967163086,19.06855583190918,19.129884719848633,12.718146324157715,34707765,0.0,0.0
1998-09-16 00:00:00+05:30,19.34217643737793,19.856395721435547,18.92702865600586,18.983638763427734,12.620916366577148,37800436,0.0,0.0
1998-09-17 00:00:00+05:30,18.964767456054688,19.087425231933594,18.64868927001953,18.710018157958984,12.439008712768555,39034113,0.0,0.0
1998-09-18 00:00:00+05:30,18.64868927001953,18.64868927001953,18.408090591430664,18.554336547851562,12.335504531860352,28723265,0.0,0.0
1998-09-21 00:00:00+05:30,18.681711196899414,18.865699768066406,18.327892303466797,18.42696189880371,12.250819206237793,23782728,0.0,0.0
1998-09-22 00:00:00+05:30,18.32317352294922,18.436397552490234,18.082576751708984,18.158058166503906,12.072044372558594,38811543,0.0,0.0
1998-09-23 00:00:00+05:30,18.35148048400879,18.823240280151367,18.35148048400879,18.667558670043945,12.410778045654297,34214400,0.0,0.0
1998-09-24 00:00:00+05:30,18.842111587524414,19.714868545532227,18.842111587524414,19.596927642822266,13.02865219116211,67964582,0.0,0.0
1998-09-25 00:00:00+05:30,19.766761779785156,20.13945198059082,19.639385223388672,19.93187713623047,13.251331329345703,70284615,0.0,0.0
1998-09-28 00:00:00+05:30,20.02151107788086,20.09699249267578,19.493139266967773,19.56390380859375,13.006695747375488,48698447,0.0,0.0
1998-09-29 00:00:00+05:30,19.714868545532227,19.813936233520508,19.011943817138672,19.115732192993164,12.708736419677734,41334540,0.0,0.0
1998-09-30 00:00:00+05:30,19.153472900390625,19.153472900390625,18.747758865356445,18.960050582885742,12.605233192443848,42280994,0.0,0.0
1998-10-01 00:00:00+05:30,18.960050582885742,18.960050582885742,18.960050582885742,18.960050582885742,12.605233192443848,0,0.0,0.0
1998-10-02 00:00:00+05:30,18.960050582885742,18.960050582885742,18.960050582885742,18.960050582885742,12.605233192443848,0,0.0,0.0
1998-10-05 00:00:00+05:30,18.88456916809082,18.88456916809082,17.44569969177246,17.44569969177246,11.598448753356934,36862990,0.0,0.0
1998-10-06 00:00:00+05:30,17.129619598388672,17.31360626220703,16.096464157104492,16.497461318969727,10.968029022216797,60932941,0.0,0.0
1998-10-07 00:00:00+05:30,16.752212524414062,17.091880798339844,16.502178192138672,17.03998565673828,11.328716278076172,72477996,0.0,0.0
1998-10-08 00:00:00+05:30,17.077726364135742,17.17207908630371,15.686034202575684,15.785102844238281,10.494429588317871,89400250,0.0,0.0
1998-10-09 00:00:00+05:30,15.690751075744629,16.186100006103516,15.638856887817383,15.766233444213867,10.481882095336914,76921459,0.0,0.0
1998-10-12 00:00:00+05:30,15.992677688598633,16.275733947753906,15.0114164352417,15.200119972229004,10.105515480041504,73581310,0.0,0.0
1998-10-13 00:00:00+05:30,15.110486030578613,15.379388809204102,14.3509521484375,14.520785331726074,9.653871536254883,95105477,0.0,0.0
1998-10-14 00:00:00+05:30,15.001980781555176,15.686034202575684,14.733077049255371,15.65772819519043,10.409747123718262,73220428,0.0,0.0
1998-10-15 00:00:00+05:30,15.686034202575684,15.686034202575684,15.001980781555176,15.148226737976074,10.071014404296875,71577115,0.0,0.0
1998-10-16 00:00:00+05:30,15.275602340698242,15.426565170288086,14.737794876098633,15.058591842651367,10.011420249938965,65340898,0.0,0.0
1998-10-19 00:00:00+05:30,15.072745323181152,15.096332550048828,14.728360176086426,14.813277244567871,9.848328590393066,16583099,0.0,0.0
1998-10-20 00:00:00+05:30,14.766100883483887,14.817994117736816,14.133941650390625,14.336798667907715,9.531551361083984,55122788,0.0,0.0
1998-10-21 00:00:00+05:30,14.336798667907715,14.336798667907715,14.336798667907715,14.336798667907715,9.531551361083984,0,0.0,0.0
1998-10-22 00:00:00+05:30,14.836865425109863,14.836865425109863,14.247163772583008,14.44058609008789,9.600554466247559,49740289,0.0,0.0
1998-10-23 00:00:00+05:30,14.270751953125,14.931217193603516,14.214140892028809,14.671749114990234,9.75423812866211,75823974,0.0,0.0
1998-10-26 00:00:00+05:30,14.775535583496094,15.662445068359375,14.775535583496094,15.502046585083008,10.306245803833008,73332243,0.0,0.0
1998-10-27 00:00:00+05:30,15.591680526733398,15.662445068359375,15.115202903747559,15.351083755493164,10.205880165100098,53245776,0.0,0.0
1998-10-28 00:00:00+05:30,15.643574714660645,15.733209609985352,14.884040832519531,15.006697654724121,9.976922035217285,60238202,0.0,0.0
1998-10-29 00:00:00+05:30,14.907629013061523,15.167097091674805,14.634008407592773,15.0114164352417,9.980059623718262,58388747,0.0,0.0
1998-10-30 00:00:00+05:30,15.171814918518066,15.398260116577148,14.728360176086426,14.813277244567871,9.848328590393066,83748017,0.0,0.0
1998-11-02 00:00:00+05:30,14.619854927062988,14.704771995544434,14.077329635620117,14.270751953125,9.487643241882324,72660292,0.0,0.0
1998-11-03 00:00:00+05:30,14.2377290725708,14.289623260498047,14.082048416137695,14.190552711486816,9.434322357177734,74371965,0.0,0.0
1998-11-04 00:00:00+05:30,14.190552711486816,14.190552711486816,14.190552711486816,14.190552711486816,9.434322357177734,0,0.0,0.0
1998-11-05 00:00:00+05:30,14.223575592041016,14.459456443786621,14.166964530944824,14.388691902160645,9.566055297851562,56751263,0.0,0.0
1998-11-06 00:00:00+05:30,14.42171573638916,14.737794876098633,14.388691902160645,14.690619468688965,9.7667818069458,65944489,0.0,0.0
1998-11-09 00:00:00+05:30,14.775535583496094,15.737927436828613,14.775535583496094,15.431282997131348,10.259199142456055,79794739,0.0,0.0
1998-11-10 00:00:00+05:30,15.469023704528809,15.82756233215332,15.190685272216797,15.619986534118652,10.38465690612793,57210182,0.0,0.0
1998-11-11 00:00:00+05:30,16.011547088623047,16.030418395996094,15.256731986999512,15.365236282348633,10.215289115905762,65817306,0.0,0.0
1998-11-12 00:00:00+05:30,15.21899127960205,15.653010368347168,14.964240074157715,15.535070419311523,10.328200340270996,89164961,0.0,0.0
1998-11-13 00:00:00+05:30,15.530352592468262,15.530352592468262,15.200119972229004,15.256731986999512,10.143153190612793,67062641,0.0,0.0
1998-11-16 00:00:00+05:30,15.223708152770996,15.327495574951172,14.973674774169922,15.101051330566406,10.039649963378906,50685684,0.0,0.0
1998-11-17 00:00:00+05:30,15.105768203735352,15.308625221252441,15.077463150024414,15.195403099060059,10.102376937866211,42728255,0.0,0.0
1998-11-18 00:00:00+05:30,15.313343048095703,15.770950317382812,15.289754867553711,15.733209609985352,10.459931373596191,63410893,0.0,0.0
1998-11-19 00:00:00+05:30,15.704903602600098,15.756797790527344,15.28503704071045,15.28503704071045,10.161972999572754,58540307,0.0,0.0
1998-11-20 00:00:00+05:30,15.332213401794434,15.379388809204102,15.08218002319336,15.185967445373535,10.096105575561523,45256551,0.0,0.0
1998-11-23 00:00:00+05:30,15.157662391662598,15.157662391662598,14.718925476074219,14.770817756652832,9.820098876953125,42630748,0.0,0.0
1998-11-24 00:00:00+05:30,14.860452651977539,14.992546081542969,14.728360176086426,14.780253410339355,9.826374053955078,42782308,0.0,0.0
1998-11-25 00:00:00+05:30,14.780253410339355,14.780253410339355,14.780253410339355,14.780253410339355,9.826374053955078,0,0.0,0.0
1998-11-26 00:00:00+05:30,14.62457275390625,14.851017951965332,14.317928314208984,14.365103721618652,9.550371170043945,40173993,0.0,0.0
1998-11-27 00:00:00+05:30,14.322646141052246,14.416997909545898,14.11035442352295,14.294340133666992,9.503323554992676,49166905,0.0,0.0
1998-11-30 00:00:00+05:30,13.968826293945312,14.190552711486816,13.747097969055176,14.190552711486816,9.434322357177734,56808496,0.0,0.0
1998-12-01 00:00:00+05:30,14.096200942993164,14.289623260498047,14.01600170135498,14.11035442352295,9.38100528717041,42799266,0.0,0.0
1998-12-02 00:00:00+05:30,14.34151554107666,14.591548919677734,14.317928314208984,14.398127555847168,9.57232666015625,61781359,0.0,0.0
1998-12-03 00:00:00+05:30,14.435868263244629,14.435868263244629,14.162246704101562,14.25188159942627,9.475095748901367,43268784,0.0,0.0
1998-12-04 00:00:00+05:30,14.204706192016602,14.530220031738281,14.020718574523926,14.492480278015137,9.635054588317871,64933912,0.0,0.0
1998-12-07 00:00:00+05:30,14.539655685424805,14.789689064025879,14.464174270629883,14.770817756652832,9.820098876953125,42543840,0.0,0.0
1998-12-08 00:00:00+05:30,14.718925476074219,15.025568962097168,14.634008407592773,14.983110427856445,9.961241722106934,49628474,0.0,0.0
1998-12-09 00:00:00+05:30,15.068026542663574,15.129356384277344,14.794405937194824,14.813277244567871,9.848328590393066,45594117,0.0,0.0
1998-12-10 00:00:00+05:30,14.87932300567627,14.992546081542969,14.737794876098633,14.822711944580078,9.854602813720703,28324228,0.0,0.0
1998-12-11 00:00:00+05:30,14.87932300567627,14.992546081542969,14.775535583496094,14.935934066772461,9.929875373840332,29777826,0.0,0.0
1998-12-14 00:00:00+05:30,14.954805374145508,15.266166687011719,14.884040832519531,14.935934066772461,9.929875373840332,51541521,0.0,0.0
1998-12-15 00:00:00+05:30,14.832146644592285,14.884040832519531,14.586832046508789,14.586832046508789,9.69778060913086,37917551,0.0,0.0
1998-12-16 00:00:00+05:30,14.610420227050781,14.648160934448242,14.393409729003906,14.648160934448242,9.738554000854492,29411644,0.0,0.0
1998-12-17 00:00:00+05:30,14.247163772583008,14.51134967803955,14.058460235595703,14.105635643005371,9.377869606018066,50667667,0.0,0.0
1998-12-18 00:00:00+05:30,14.058460235595703,14.294340133666992,14.058460235595703,14.242446899414062,9.468825340270996,29009428,0.0,0.0
1998-12-21 00:00:00+05:30,14.47360897064209,14.652877807617188,14.398127555847168,14.577397346496582,9.691510200500488,30715272,0.0,0.0
1998-12-22 00:00:00+05:30,14.662313461303711,14.662313461303711,14.412280082702637,14.549091339111328,9.67269229888916,25152067,0.0,0.0
1998-12-23 00:00:00+05:30,14.718925476074219,14.860452651977539,14.459456443786621,14.459456443786621,9.613097190856934,34585881,0.0,0.0
1998-12-24 00:00:00+05:30,14.34151554107666,14.435868263244629,14.261317253112793,14.322646141052246,9.522143363952637,32452913,0.0,0.0
1998-12-25 00:00:00+05:30,14.322646141052246,14.322646141052246,14.322646141052246,14.322646141052246,9.522143363952637,0,0.0,0.0
1998-12-28 00:00:00+05:30,14.742512702941895,14.954805374145508,14.600984573364258,14.80855941772461,9.845193862915039,44456357,0.0,0.0
1998-12-29 00:00:00+05:30,14.756665229797363,15.001980781555176,14.44058609008789,14.898194313049316,9.904786109924316,41827374,0.0,0.0
1998-12-30 00:00:00+05:30,15.294471740722656,15.629422187805176,15.28503704071045,15.473740577697754,10.28742504119873,62841844,0.0,0.0
1998-12-31 00:00:00+05:30,15.426565170288086,15.450153350830078,14.869888305664062,14.869888305664062,9.885966300964355,44149814,0.0,0.0
1999-01-01 00:00:00+05:30,14.954805374145508,15.096332550048828,14.737794876098633,15.096332550048828,10.036513328552246,44887985,0.0,0.0
1999-01-04 00:00:00+05:30,15.360519409179688,15.445435523986816,15.096332550048828,15.200119972229004,10.105515480041504,40292040,0.0,0.0
1999-01-05 00:00:00+05:30,15.247296333312988,15.247296333312988,14.926499366760254,15.204837799072266,10.108651161193848,44475011,0.0,0.0
1999-01-06 00:00:00+05:30,15.426565170288086,15.440717697143555,15.058591842651367,15.171814918518066,10.086695671081543,32279562,0.0,0.0
1999-01-07 00:00:00+05:30,15.237860679626465,16.341779708862305,15.204837799072266,16.134206771850586,10.72652530670166,148386049,0.0,0.0
1999-01-08 00:00:00+05:30,16.605966567993164,17.426828384399414,16.384239196777344,17.426828384399414,11.585901260375977,113615932,0.0,0.0
1999-01-11 00:00:00+05:30,17.64383888244629,18.681711196899414,17.129619598388672,17.653274536132812,11.736451148986816,139213363,0.0,0.0
1999-01-12 00:00:00+05:30,17.31832504272461,17.676862716674805,16.983375549316406,17.389089584350586,11.560809135437012,87081489,0.0,0.0
1999-01-13 00:00:00+05:30,17.728755950927734,17.926895141601562,16.983375549316406,17.110750198364258,11.375761032104492,85903105,0.0,0.0
1999-01-14 00:00:00+05:30,16.59653091430664,17.058855056762695,16.511613845825195,16.747493743896484,11.134258270263672,55224609,0.0,0.0
1999-01-15 00:00:00+05:30,16.747493743896484,16.978656768798828,16.143640518188477,16.228557586669922,10.789253234863281,51492789,0.0,0.0
1999-01-18 00:00:00+05:30,16.379520416259766,16.379520416259766,15.780385971069336,16.271015167236328,10.817480087280273,38015556,0.0,0.0
1999-01-19 00:00:00+05:30,16.157794952392578,16.186100006103516,15.568093299865723,15.568093299865723,10.3501558303833,41729835,0.0,0.0
1999-01-20 00:00:00+05:30,15.568093299865723,15.568093299865723,15.568093299865723,15.568093299865723,10.3501558303833,0,0.0,0.0
1999-01-21 00:00:00+05:30,15.756797790527344,16.0870304107666,15.502046585083008,16.039854049682617,10.663796424865723,41303316,0.0,0.0
1999-01-22 00:00:00+05:30,16.134206771850586,16.643707275390625,16.091747283935547,16.181381225585938,10.757888793945312,44123667,0.0,0.0
1999-01-25 00:00:00+05:30,15.756797790527344,15.978525161743164,15.346365928649902,15.671880722045898,10.419157028198242,40418291,0.0,0.0
1999-01-26 00:00:00+05:30,15.671880722045898,15.671880722045898,15.671880722045898,15.671880722045898,10.419157028198242,0,0.0,0.0
1999-01-27 00:00:00+05:30,15.803974151611328,16.308757781982422,15.709622383117676,15.945502281188965,10.601067543029785,48738128,0.0,0.0
1999-01-28 00:00:00+05:30,15.945502281188965,16.186100006103516,15.54450511932373,15.841713905334473,10.532066345214844,38436766,0.0,0.0
1999-01-29 00:00:00+05:30,15.874737739562988,15.945502281188965,15.605834007263184,15.756797790527344,10.47561264038086,28435365,0.0,0.0
1999-02-01 00:00:00+05:30,15.572811126708984,15.65772819519043,15.195403099060059,15.195403099060059,10.102376937866211,25650392,0.0,0.0
1999-02-02 00:00:00+05:30,15.148226737976074,15.228425979614258,14.671749114990234,14.789689064025879,9.832647323608398,37720544,0.0,0.0
1999-02-03 00:00:00+05:30,15.096332550048828,15.096332550048828,14.761383056640625,15.006697654724121,9.976922035217285,24612418,0.0,0.0
1999-02-04 00:00:00+05:30,15.0114164352417,15.086897850036621,14.586832046508789,14.652877807617188,9.741692543029785,19774698,0.0,0.0
1999-02-05 00:00:00+05:30,14.671749114990234,14.71420669555664,14.355669021606445,14.412280082702637,9.581734657287598,23685348,0.0,0.0
1999-02-08 00:00:00+05:30,14.435868263244629,14.47360897064209,13.992414474487305,13.992414474487305,9.302594184875488,22145742,0.0,0.0
1999-02-09 00:00:00+05:30,13.96410846710205,14.459456443786621,13.893343925476074,14.459456443786621,9.613097190856934,35707510,0.0,0.0
1999-02-10 00:00:00+05:30,14.530220031738281,14.558526039123535,14.256599426269531,14.539655685424805,9.666417121887207,28013700,0.0,0.0
1999-02-11 00:00:00+05:30,14.62457275390625,15.077463150024414,14.355669021606445,14.709488868713379,9.779328346252441,58158736,0.0,0.0
1999-02-12 00:00:00+05:30,14.718925476074219,14.836865425109863,14.539655685424805,14.62457275390625,9.722871780395508,29091270,0.0,0.0
1999-02-15 00:00:00+05:30,14.648160934448242,14.709488868713379,14.209423065185547,14.209423065185547,9.446868896484375,23718638,0.0,0.0
1999-02-16 00:00:00+05:30,14.166964530944824,14.34151554107666,14.06789493560791,14.19998836517334,9.440595626831055,32921275,0.0,0.0
1999-02-17 00:00:00+05:30,14.336798667907715,14.501914978027344,14.011283874511719,14.209423065185547,9.446868896484375,33358362,0.0,0.0
1999-02-18 00:00:00+05:30,14.247163772583008,14.803841590881348,14.166964530944824,14.483043670654297,9.628780364990234,44882156,0.0,0.0
1999-02-19 00:00:00+05:30,14.62457275390625,15.162379264831543,14.582114219665527,14.67646598815918,9.757373809814453,59831375,0.0,0.0
1999-02-22 00:00:00+05:30,14.662313461303711,14.728360176086426,14.176400184631348,14.209423065185547,9.446868896484375,31409936,0.0,0.0
1999-02-23 00:00:00+05:30,14.152812004089355,14.19998836517334,13.883909225463867,14.171683311462402,9.42177677154541,37474402,0.0,0.0
1999-02-24 00:00:00+05:30,14.34151554107666,14.47360897064209,14.166964530944824,14.294340133666992,9.503323554992676,26379809,0.0,0.0
1999-02-25 00:00:00+05:30,14.209423065185547,14.464174270629883,14.077329635620117,14.096200942993164,9.371597290039062,27120980,0.0,0.0
1999-02-26 00:00:00+05:30,14.091483116149902,14.143377304077148,13.596135139465332,13.822580337524414,9.18968391418457,43648002,0.0,0.0
1999-03-01 00:00:00+05:30,14.416997909545898,15.176531791687012,14.299057960510254,15.162379264831543,10.080424308776855,74864811,0.0,0.0
1999-03-02 00:00:00+05:30,15.162379264831543,15.162379264831543,15.162379264831543,15.162379264831543,10.080424308776855,0,0.0,0.0
1999-03-03 00:00:00+05:30,16.223840713500977,16.379520416259766,15.921914100646973,16.214405059814453,10.7798433303833,72882608,0.0,0.0
1999-03-04 00:00:00+05:30,16.370086669921875,17.195667266845703,15.775668144226074,16.983375549316406,11.2910795211792,122270091,0.0,0.0
1999-03-05 00:00:00+05:30,17.03998565673828,18.342044830322266,16.855998992919922,18.342044830322266,12.194367408752441,174217921,0.0,0.0
1999-03-08 00:00:00+05:30,18.577924728393555,19.809219360351562,18.49300765991211,19.809219360351562,13.169788360595703,147725841,0.0,0.0
1999-03-09 00:00:00+05:30,20.19134521484375,21.39433479309082,20.19134521484375,21.39433479309082,14.223620414733887,105025819,0.0,0.0
1999-03-10 00:00:00+05:30,21.68210792541504,21.700979232788086,19.686561584472656,19.686561584472656,13.088241577148438,112676959,0.0,0.0
1999-03-11 00:00:00+05:30,19.813936233520508,20.276262283325195,19.06855583190918,19.351612091064453,12.865556716918945,135128302,0.0,0.0
1999-03-12 00:00:00+05:30,19.483705520629883,20.903703689575195,19.16290855407715,20.903703689575195,13.897438049316406,135314043,0.0,0.0
1999-03-15 00:00:00+05:30,20.757457733154297,22.106693267822266,20.290414810180664,21.729284286499023,14.446309089660645,143553373,0.0,0.0
1999-03-16 00:00:00+05:30,21.559450149536133,22.144433975219727,20.58290672302246,20.66310691833496,13.737481117248535,99399892,0.0,0.0
1999-03-17 00:00:00+05:30,20.851810455322266,21.285829544067383,19.625232696533203,19.757326126098633,13.13528823852539,79336721,0.0,0.0
1999-03-18 00:00:00+05:30,19.950748443603516,21.337722778320312,19.832807540893555,21.337722778320312,14.185982704162598,160786188,0.0,0.0
1999-03-19 00:00:00+05:30,21.427358627319336,21.63021469116211,20.78104591369629,21.559450149536133,14.333395004272461,118643303,0.0,0.0
1999-03-22 00:00:00+05:30,21.13486671447754,21.219783782958984,20.578189849853516,20.76689338684082,13.806480407714844,49996320,0.0,0.0
1999-03-23 00:00:00+05:30,20.710281372070312,21.465099334716797,20.63479995727539,21.035797119140625,13.98525619506836,75969853,0.0,0.0
1999-03-24 00:00:00+05:30,21.205629348754883,21.550016403198242,19.82337188720703,20.58290672302246,13.684160232543945,55455913,0.0,0.0
1999-03-25 00:00:00+05:30,20.332874298095703,20.549882888793945,19.54975128173828,19.714868545532227,13.10705852508545,50480983,0.0,0.0
1999-03-26 00:00:00+05:30,19.714868545532227,20.002641677856445,19.34217643737793,19.705432891845703,13.100784301757812,33491173,0.0,0.0
1999-03-29 00:00:00+05:30,19.705432891845703,19.705432891845703,19.705432891845703,19.705432891845703,13.100784301757812,0,0.0,0.0
1999-03-30 00:00:00+05:30,19.648820877075195,19.813936233520508,19.096860885620117,19.43181037902832,12.918877601623535,50625951,0.0,0.0
1999-03-31 00:00:00+05:30,19.620515823364258,20.823503494262695,19.455398559570312,20.106428146362305,13.367380142211914,79490506,0.0,0.0
1999-04-01 00:00:00+05:30,20.002641677856445,20.22908592224121,19.51201057434082,19.51201057434082,12.972196578979492,38100016,0.0,0.0
1999-04-02 00:00:00+05:30,19.51201057434082,19.51201057434082,19.51201057434082,19.51201057434082,12.972196578979492,0,0.0,0.0
1999-04-05 00:00:00+05:30,18.776063919067383,18.776063919067383,17.9552001953125,17.9552001953125,11.937178611755371,35823691,0.0,0.0
1999-04-06 00:00:00+05:30,17.464569091796875,17.738191604614258,17.03055191040039,17.455135345458984,11.604720115661621,44830901,0.0,0.0
1999-04-07 00:00:00+05:30,17.54948616027832,18.1014461517334,17.233407974243164,17.407958984375,11.573357582092285,36867537,0.0,0.0
1999-04-08 00:00:00+05:30,17.455135345458984,17.624969482421875,16.89845848083496,16.945634841918945,11.265986442565918,23510778,0.0,0.0
1999-04-09 00:00:00+05:30,16.955068588256836,17.025833129882812,16.04928970336914,16.077594757080078,10.688888549804688,32479780,0.0,0.0
1999-04-12 00:00:00+05:30,15.954936981201172,15.992677688598633,15.303908348083496,15.700185775756836,10.43797492980957,26422044,0.0,0.0
1999-04-13 00:00:00+05:30,15.402976989746094,15.752079963684082,15.388824462890625,15.553940773010254,10.340744972229004,21394397,0.0,0.0
1999-04-14 00:00:00+05:30,15.553940773010254,15.553940773010254,15.553940773010254,15.553940773010254,10.340744972229004,0,0.0,0.0
1999-04-15 00:00:00+05:30,14.766100883483887,15.28503704071045,14.766100883483887,15.134074211120605,10.061604499816895,20303176,0.0,0.0
1999-04-16 00:00:00+05:30,15.275602340698242,16.346498489379883,15.21899127960205,16.346498489379883,10.86766242980957,32268423,0.0,0.0
1999-04-19 00:00:00+05:30,15.369954109191895,16.030418395996094,15.105768203735352,15.733209609985352,10.459931373596191,32764533,0.0,0.0
1999-04-20 00:00:00+05:30,15.803974151611328,16.511613845825195,15.398260116577148,15.89832592010498,10.569703102111816,55635230,0.0,0.0
1999-04-21 00:00:00+05:30,15.89832592010498,15.992677688598633,15.520916938781738,15.638856887817383,10.397201538085938,23234388,0.0,0.0
1999-04-22 00:00:00+05:30,15.61526870727539,15.770950317382812,15.025568962097168,15.195403099060059,10.102376937866211,26241646,0.0,0.0
1999-04-23 00:00:00+05:30,15.28503704071045,15.5586576461792,14.822711944580078,15.143508911132812,10.067878723144531,29844777,0.0,0.0
1999-04-26 00:00:00+05:30,14.34151554107666,14.62457275390625,13.935802459716797,13.935802459716797,9.2649564743042,36456523,0.0,0.0
1999-04-27 00:00:00+05:30,13.935802459716797,13.935802459716797,13.935802459716797,13.935802459716797,9.2649564743042,0,0.0,0.0
1999-04-28 00:00:00+05:30,14.294340133666992,14.530220031738281,13.96410846710205,14.483043670654297,9.628780364990234,27884344,0.0,0.0
1999-04-29 00:00:00+05:30,14.539655685424805,14.898194313049316,14.468892097473145,14.813277244567871,9.848328590393066,37025191,0.0,0.0
1999-04-30 00:00:00+05:30,14.784971237182617,15.086897850036621,14.700054168701172,14.935934066772461,9.929875373840332,33122405,0.0,0.0
1999-05-03 00:00:00+05:30,14.91706371307373,15.03028678894043,14.737794876098633,14.775535583496094,9.823238372802734,22376908,0.0,0.0
1999-05-04 00:00:00+05:30,14.813277244567871,15.959654808044434,14.794405937194824,15.959654808044434,10.61047649383545,47372000,0.0,0.0
1999-05-05 00:00:00+05:30,15.870019912719727,17.23812484741211,15.714339256286621,17.23812484741211,11.46044635772705,97852687,0.0,0.0
1999-05-06 00:00:00+05:30,17.738191604614258,18.62038230895996,17.653274536132812,18.62038230895996,12.379411697387695,49270411,0.0,0.0
1999-05-07 00:00:00+05:30,20.111146926879883,20.111146926879883,18.960050582885742,18.960050582885742,12.605233192443848,93648572,0.0,0.0
1999-05-10 00:00:00+05:30,19.111013412475586,19.672409057617188,18.7288875579834,19.54975128173828,12.997284889221191,73613148,0.0,0.0
1999-05-11 00:00:00+05:30,19.634668350219727,20.28569793701172,19.634668350219727,19.719585418701172,13.11019515991211,74375770,0.0,0.0
1999-05-12 00:00:00+05:30,20.01207733154297,20.040382385253906,18.21938705444336,18.634536743164062,12.38882064819336,89216852,0.0,0.0
1999-05-13 00:00:00+05:30,19.4365291595459,20.12529945373535,19.257259368896484,20.12529945373535,13.379926681518555,97527872,0.0,0.0
1999-05-14 00:00:00+05:30,20.568754196166992,21.738719940185547,20.356462478637695,21.738719940185547,14.4525785446167,111876065,0.0,0.0
1999-05-17 00:00:00+05:30,21.88968276977539,23.479515075683594,20.710281372070312,23.479515075683594,15.609916687011719,166137877,0.0,0.0
1999-05-18 00:00:00+05:30,23.861642837524414,24.993867874145508,23.611608505249023,23.77672576904297,15.807509422302246,118733402,0.0,0.0
1999-05-19 00:00:00+05:30,23.58802032470703,25.682636260986328,23.493667602539062,25.43260383605957,16.90839195251465,174417577,0.0,0.0
1999-05-20 00:00:00+05:30,25.385427474975586,26.64502716064453,25.385427474975586,25.75811767578125,17.124801635742188,134134471,0.0,0.0
1999-05-21 00:00:00+05:30,26.77712059020996,26.862037658691406,23.946557998657227,24.559846878051758,16.328153610229492,148304249,0.0,0.0
1999-05-24 00:00:00+05:30,24.720245361328125,24.993867874145508,23.989017486572266,24.616458892822266,16.36578941345215,83407887,0.0,0.0
1999-05-25 00:00:00+05:30,24.625892639160156,25.17313575744629,24.206026077270508,24.84290313720703,16.516338348388672,102474270,0.0,0.0
1999-05-26 00:00:00+05:30,24.97499656677246,25.097654342651367,23.116260528564453,23.526691436767578,15.64128303527832,112871804,0.0,0.0
1999-05-27 00:00:00+05:30,23.352140426635742,23.611608505249023,22.017057418823242,22.017057418823242,14.637624740600586,101949957,0.0,0.0
1999-05-28 00:00:00+05:30,22.078386306762695,22.314266204833984,20.408355712890625,21.493404388427734,14.289487838745117,139285518,0.0,0.0
1999-05-31 00:00:00+05:30,22.078386306762695,23.215330123901367,21.88968276977539,23.215330123901367,15.43427562713623,124902179,0.0,0.0
1999-06-01 00:00:00+05:30,22.861509323120117,23.66822052001953,22.32370376586914,22.5737361907959,15.00772476196289,134262990,0.0,0.0
1999-06-02 00:00:00+05:30,22.861509323120117,23.18230628967285,22.46523094177246,23.01247215270996,15.299408912658691,84463083,0.0,0.0
1999-06-03 00:00:00+05:30,23.21061134338379,23.479515075683594,22.946426391601562,23.1209774017334,15.371549606323242,68070472,0.0,0.0
1999-06-04 00:00:00+05:30,23.573867797851562,24.342836380004883,23.309682846069336,24.064498901367188,15.998832702636719,90756649,0.0,0.0
1999-06-07 00:00:00+05:30,24.19187355041504,24.19187355041504,23.22476577758789,23.58802032470703,15.68205451965332,60183355,0.0,0.0
1999-06-08 00:00:00+05:30,23.437057495117188,24.342836380004883,23.352140426635742,24.342836380004883,16.183874130249023,56163126,0.0,0.0
1999-06-09 00:00:00+05:30,24.32396697998047,24.98443031311035,23.73426628112793,23.861642837524414,15.863966941833496,105370655,0.0,0.0
1999-06-10 00:00:00+05:30,24.1635684967041,24.63532829284668,23.805030822753906,23.974863052368164,15.939238548278809,68330382,0.0,0.0
1999-06-11 00:00:00+05:30,23.64463233947754,24.29566192626953,23.427621841430664,23.559715270996094,15.663239479064941,69387402,0.0,0.0
1999-06-14 00:00:00+05:30,23.404033660888672,23.404033660888672,22.182174682617188,22.852073669433594,15.192770957946777,54333797,0.0,0.0
1999-06-15 00:00:00+05:30,22.96529769897461,23.163436889648438,21.88968276977539,22.158586502075195,14.731722831726074,71574497,0.0,0.0
1999-06-16 00:00:00+05:30,22.130281448364258,23.932405471801758,21.06882095336914,23.908817291259766,15.895332336425781,156022531,0.0,0.0
1999-06-17 00:00:00+05:30,24.2296142578125,25.371274948120117,24.05978012084961,24.64948272705078,16.387746810913086,116804361,0.0,0.0
1999-06-18 00:00:00+05:30,24.522106170654297,24.861774444580078,24.154132843017578,24.342836380004883,16.183874130249023,66296733,0.0,0.0
1999-06-21 00:00:00+05:30,24.43718910217285,24.946691513061523,24.31924819946289,24.7108097076416,16.42852020263672,55286939,0.0,0.0
1999-06-22 00:00:00+05:30,24.80516242980957,25.27692222595215,24.262638092041016,24.682504653930664,16.409700393676758,65850023,0.0,0.0
1999-06-23 00:00:00+05:30,24.814598083496094,24.814598083496094,22.79074478149414,22.955862045288086,15.261775970458984,82656160,0.0,0.0
1999-06-24 00:00:00+05:30,22.71526336669922,23.337987899780273,22.418054580688477,22.979450225830078,15.277456283569336,76282172,0.0,0.0
1999-06-25 00:00:00+05:30,22.550148010253906,23.2011775970459,22.271808624267578,22.432207107543945,14.913631439208984,76308457,0.0,0.0
1999-06-28 00:00:00+05:30,22.59732437133789,22.776592254638672,21.81420135498047,22.210479736328125,14.766221046447754,61616487,0.0,0.0
1999-06-29 00:00:00+05:30,22.267091751098633,22.96529769897461,21.988752365112305,22.545429229736328,14.988905906677246,74295687,0.0,0.0
1999-06-30 00:00:00+05:30,22.602041244506836,22.602041244506836,20.771610260009766,22.19161033630371,14.75367546081543,47292680,0.0,0.0
1999-07-01 00:00:00+05:30,22.172739028930664,22.79546356201172,22.08782196044922,22.60675811767578,15.029677391052246,59921198,0.0,0.0
1999-07-02 00:00:00+05:30,22.823768615722656,23.7484188079834,22.823768615722656,23.526691436767578,15.64128303527832,111166023,0.0,0.0
1999-07-05 00:00:00+05:30,23.767290115356445,24.616458892822266,23.545562744140625,24.44190788269043,16.514671325683594,118732416,0.377408,0.0
1999-07-06 00:00:00+05:30,24.503236770629883,24.522106170654297,23.974863052368164,24.206026077270508,16.35529136657715,50570117,0.0,0.0
1999-07-07 00:00:00+05:30,23.989017486572266,25.215593338012695,23.880512237548828,24.696657180786133,16.686792373657227,162648002,0.0,0.0
1999-07-08 00:00:00+05:30,24.625892639160156,25.14483070373535,24.39944839477539,24.927820205688477,16.84298324584961,96970852,0.0,0.0
1999-07-09 00:00:00+05:30,24.993867874145508,25.644895553588867,24.890079498291016,25.352405548095703,17.129863739013672,112869112,0.0,0.0
1999-07-12 00:00:00+05:30,25.663766860961914,27.38097381591797,25.663766860961914,27.371538162231445,18.49412727355957,115146221,0.0,0.0
1999-07-13 00:00:00+05:30,27.57911491394043,27.871604919433594,26.46575927734375,26.668615341186523,18.01919174194336,98668885,0.0,0.0
1999-07-14 00:00:00+05:30,26.795991897583008,26.795991897583008,25.97041130065918,26.291208267211914,17.764183044433594,87435969,0.0,0.0
1999-07-15 00:00:00+05:30,26.446889877319336,26.748815536499023,25.107088088989258,25.517520904541016,17.24142837524414,108151887,0.0,0.0
1999-07-16 00:00:00+05:30,25.4844970703125,26.031740188598633,25.38071060180664,25.819446563720703,17.445430755615234,53306718,0.0,0.0
1999-07-19 00:00:00+05:30,25.993999481201172,26.76768684387207,25.404298782348633,26.168550491333008,17.681306838989258,125518848,0.0,0.0
1999-07-20 00:00:00+05:30,25.805295944213867,26.357254028320312,25.385427474975586,25.644895553588867,17.327491760253906,100612700,0.0,0.0
1999-07-21 00:00:00+05:30,25.239181518554688,25.352405548095703,24.781574249267578,25.13067626953125,16.98004913330078,44399432,0.0,0.0
1999-07-22 00:00:00+05:30,24.941972732543945,26.795991897583008,24.941972732543945,26.50349998474121,17.907621383666992,146616517,0.0,0.0
1999-07-23 00:00:00+05:30,26.795991897583008,26.904495239257812,25.663766860961914,25.82416534423828,17.448619842529297,80320228,0.0,0.0
1999-07-26 00:00:00+05:30,25.57884979248047,25.57884979248047,24.625892639160156,25.04104232788086,16.919485092163086,44903226,0.0,0.0
1999-07-27 00:00:00+05:30,24.908950805664062,25.07878303527832,24.201309204101562,24.34755516052246,16.45091438293457,49681287,0.0,0.0
1999-07-28 00:00:00+05:30,24.701374053955078,25.168418884277344,24.253202438354492,24.48908233642578,16.546541213989258,51405658,0.0,0.0
1999-07-29 00:00:00+05:30,24.352272033691406,24.71552848815918,24.069215774536133,24.385295867919922,16.476417541503906,33937755,0.0,0.0
1999-07-30 00:00:00+05:30,23.871076583862305,24.05978012084961,23.031343460083008,23.37101173400879,15.791093826293945,62959764,0.0,0.0
1999-08-02 00:00:00+05:30,23.130413055419922,23.130413055419922,22.455795288085938,22.583171844482422,15.258773803710938,32753044,0.0,0.0
1999-08-03 00:00:00+05:30,22.418054580688477,23.10682487487793,22.186891555786133,22.677522659301758,15.322525024414062,40259555,0.0,0.0
1999-08-04 00:00:00+05:30,23.021907806396484,23.682373046875,22.927555084228516,23.521974563598633,15.893097877502441,56220623,0.0,0.0
1999-08-05 00:00:00+05:30,23.493667602539062,23.578584671020508,22.64921760559082,22.81905174255371,15.418153762817383,32543202,0.0,0.0
1999-08-06 00:00:00+05:30,22.668088912963867,22.668088912963867,22.229351043701172,22.47938346862793,15.188644409179688,28617279,0.0,0.0
1999-08-09 00:00:00+05:30,22.36144256591797,23.154001235961914,22.182174682617188,22.41333770751953,15.144021034240723,52375896,0.0,0.0
1999-08-10 00:00:00+05:30,22.36144256591797,22.913402557373047,21.99346923828125,22.540712356567383,15.230087280273438,37572185,0.0,0.0
1999-08-11 00:00:00+05:30,21.606626510620117,22.342573165893555,21.606626510620117,22.068952560424805,14.911335945129395,19462611,0.0,0.0
1999-08-12 00:00:00+05:30,22.120845794677734,22.918121337890625,22.03592872619629,22.66337013244629,15.31296443939209,41104264,0.0,0.0
1999-08-13 00:00:00+05:30,22.83320426940918,22.880380630493164,22.224632263183594,22.304832458496094,15.070707321166992,27879935,0.0,0.0
1999-08-16 00:00:00+05:30,22.248220443725586,22.72941780090332,22.248220443725586,22.512407302856445,15.21096134185791,24231483,0.0,0.0
1999-08-17 00:00:00+05:30,22.59732437133789,22.814332962036133,22.366161346435547,22.474666595458984,15.185462951660156,20954078,0.0,0.0
1999-08-18 00:00:00+05:30,22.9747314453125,23.399316787719727,22.842639923095703,23.271940231323242,15.72415542602539,29628767,0.0,0.0
1999-08-19 00:00:00+05:30,23.451210021972656,24.130544662475586,23.139848709106445,23.253070831298828,15.711408615112305,46607417,0.0,0.0
1999-08-20 00:00:00+05:30,23.06908416748047,23.295528411865234,22.809616088867188,23.1351318359375,15.631720542907715,19706559,0.0,0.0
1999-08-23 00:00:00+05:30,23.493667602539062,23.91825294494629,22.927555084228516,23.09267234802246,15.603023529052734,46574572,0.0,0.0
1999-08-24 00:00:00+05:30,23.021907806396484,23.65406608581543,23.021907806396484,23.40875244140625,15.8165922164917,37819175,0.0,0.0
1999-08-25 00:00:00+05:30,23.77672576904297,24.53154182434082,21.85194206237793,22.550148010253906,15.236465454101562,71409848,0.0,0.0
1999-08-26 00:00:00+05:30,22.83320426940918,22.875661849975586,22.19161033630371,22.4935359954834,15.198214530944824,34477319,0.0,0.0
1999-08-27 00:00:00+05:30,22.63506507873535,22.83320426940918,22.370878219604492,22.455795288085938,15.172712326049805,21309661,0.0,0.0
1999-08-30 00:00:00+05:30,22.73885154724121,23.672937393188477,22.73885154724121,23.083236694335938,15.596657752990723,60223057,0.0,0.0
1999-08-31 00:00:00+05:30,23.116260528564453,23.2011775970459,22.36144256591797,22.564300537109375,15.246026039123535,42156122,0.0,0.0
1999-09-01 00:00:00+05:30,22.899250030517578,23.021907806396484,21.56416893005371,21.842506408691406,14.758331298828125,77071450,0.0,0.0
1999-09-02 00:00:00+05:30,21.56416893005371,21.56416893005371,20.67254066467285,21.049949645996094,14.222820281982422,79000766,0.0,0.0
1999-09-03 00:00:00+05:30,20.89898681640625,21.441511154174805,20.89898681640625,21.101842880249023,14.257882118225098,42164526,0.0,0.0
1999-09-06 00:00:00+05:30,21.2386531829834,21.46038055419922,21.04051399230957,21.309417724609375,14.398139953613281,32208912,0.0,0.0
1999-09-07 00:00:00+05:30,21.413204193115234,21.413204193115234,20.578189849853516,20.710281372070312,13.993318557739258,56852692,0.0,0.0
1999-09-08 00:00:00+05:30,21.252805709838867,21.40848731994629,20.785764694213867,21.031078338623047,14.210070610046387,40428953,0.0,0.0
1999-09-09 00:00:00+05:30,21.13486671447754,21.550016403198242,20.998056411743164,21.39433479309082,14.455513000488281,50874000,0.0,0.0
1999-09-10 00:00:00+05:30,21.502838134765625,21.8660945892334,21.06882095336914,21.167890548706055,14.302507400512695,38561437,0.0,0.0
1999-09-13 00:00:00+05:30,21.167890548706055,21.167890548706055,21.167890548706055,21.167890548706055,14.302507400512695,0,0.0,0.0
1999-09-14 00:00:00+05:30,21.233936309814453,21.323570251464844,20.67254066467285,20.771610260009766,14.034757614135742,37360849,0.0,0.0
1999-09-15 00:00:00+05:30,21.087690353393555,21.361310958862305,20.851810455322266,21.0263614654541,14.206884384155273,26054072,0.0,0.0
1999-09-16 00:00:00+05:30,21.087690353393555,21.087690353393555,19.82337188720703,19.9979248046875,13.51200008392334,56470453,0.0,0.0
1999-09-17 00:00:00+05:30,19.818655014038086,20.42722511291504,19.545034408569336,20.28569793701172,13.706441879272461,51466239,0.0,0.0
1999-09-20 00:00:00+05:30,20.144168853759766,20.422508239746094,19.62995147705078,19.68184471130371,13.298436164855957,39613507,0.0,0.0
1999-09-21 00:00:00+05:30,19.719585418701172,19.766761779785156,19.059120178222656,19.10629653930664,12.90955638885498,43082514,0.0,0.0
1999-09-22 00:00:00+05:30,19.483705520629883,19.87998390197754,19.06855583190918,19.214801788330078,12.982869148254395,48394511,0.0,0.0
1999-09-23 00:00:00+05:30,19.153472900390625,19.427093505859375,19.021379470825195,19.2242374420166,12.989245414733887,29590930,0.0,0.0
1999-09-24 00:00:00+05:30,19.06855583190918,20.19134521484375,18.964767456054688,19.974336624145508,13.496064186096191,78012648,0.0,0.0
1999-09-27 00:00:00+05:30,20.16775894165039,20.37533187866211,19.351612091064453,19.4365291595459,13.132683753967285,47059564,0.0,0.0
1999-09-28 00:00:00+05:30,19.35633087158203,20.049816131591797,19.08270835876465,19.76204490661621,13.35262680053711,46856400,0.0,0.0
1999-09-29 00:00:00+05:30,20.276262283325195,20.63479995727539,19.917724609375,20.28569793701172,13.706441879272461,57408609,0.0,0.0
1999-09-30 00:00:00+05:30,20.332874298095703,21.200912475585938,20.238521575927734,20.983903884887695,14.178199768066406,117849935,0.0,0.0
1999-10-01 00:00:00+05:30,20.710281372070312,20.757457733154297,20.09699249267578,20.41307258605957,13.792501449584961,54260295,0.0,0.0
1999-10-04 00:00:00+05:30,20.380050659179688,20.474401473999023,19.59221076965332,19.776195526123047,13.362187385559082,28227632,0.0,0.0
1999-10-05 00:00:00+05:30,19.719585418701172,20.42722511291504,19.51201057434082,20.214933395385742,13.658629417419434,47071805,0.0,0.0
1999-10-06 00:00:00+05:30,20.653671264648438,20.880115509033203,20.12529945373535,20.314002990722656,13.725566864013672,39819109,0.0,0.0
1999-10-07 00:00:00+05:30,20.615930557250977,21.941577911376953,20.615930557250977,21.941577911376953,14.825268745422363,57383130,0.0,0.0
1999-10-08 00:00:00+05:30,22.210479736328125,23.69652557373047,22.182174682617188,23.69652557373047,16.011035919189453,51660385,0.0,0.0
1999-10-11 00:00:00+05:30,24.512670516967773,25.097654342651367,23.493667602539062,23.715396881103516,16.02379035949707,65457589,0.0,0.0
1999-10-12 00:00:00+05:30,23.531408309936523,24.89951515197754,23.493667602539062,24.588153839111328,16.613483428955078,65603214,0.0,0.0
1999-10-13 00:00:00+05:30,24.53154182434082,24.53154182434082,23.432340621948242,24.05978012084961,16.2564754486084,32516483,0.0,0.0
1999-10-14 00:00:00+05:30,24.29566192626953,24.71552848815918,23.77672576904297,24.121110916137695,16.29791259765625,25976045,0.0,0.0
1999-10-15 00:00:00+05:30,24.390012741088867,24.507953643798828,23.21061134338379,23.389881134033203,15.803840637207031,29150283,0.0,0.0
1999-10-18 00:00:00+05:30,23.493667602539062,23.77672576904297,22.842639923095703,23.18230628967285,15.663594245910645,33145870,0.0,0.0
1999-10-19 00:00:00+05:30,23.18230628967285,23.18230628967285,23.18230628967285,23.18230628967285,15.663594245910645,0,0.0,0.0
1999-10-20 00:00:00+05:30,23.852205276489258,24.503236770629883,23.852205276489258,24.154132843017578,16.320226669311523,28584901,0.0,0.0
1999-10-21 00:00:00+05:30,24.342836380004883,24.880643844604492,23.58802032470703,23.710678100585938,16.020601272583008,32248095,0.0,0.0
1999-10-22 00:00:00+05:30,23.682373046875,24.503236770629883,23.21061134338379,24.206026077270508,16.35529136657715,42948961,0.0,0.0
1999-10-25 00:00:00+05:30,25.38071060180664,25.659048080444336,24.76742172241211,25.239181518554688,17.053361892700195,69134614,0.0,0.0
1999-10-26 00:00:00+05:30,25.097654342651367,25.192005157470703,24.210744857788086,24.32396697998047,16.434978485107422,30634119,0.0,0.0
1999-10-27 00:00:00+05:30,24.795726776123047,24.795726776123047,23.446491241455078,24.2296142578125,16.371227264404297,40488994,0.0,0.0
1999-10-28 00:00:00+05:30,24.248485565185547,24.286226272583008,22.762439727783203,23.163436889648438,15.650840759277344,53854973,0.0,0.0
1999-10-29 00:00:00+05:30,22.691675186157227,23.493667602539062,21.91798973083496,23.177589416503906,15.660402297973633,107073956,0.0,0.0
1999-11-01 00:00:00+05:30,23.333269119262695,23.531408309936523,21.323570251464844,21.601909637451172,14.595767974853516,67947730,0.0,0.0
1999-11-02 00:00:00+05:30,21.417922973632812,23.10682487487793,20.851810455322266,22.93699073791504,15.497838020324707,50695075,0.0,0.0
1999-11-03 00:00:00+05:30,23.116260528564453,23.116260528564453,21.58775520324707,22.00762367248535,14.869893074035645,34809480,0.0,0.0
1999-11-04 00:00:00+05:30,21.98403549194336,22.144433975219727,21.384899139404297,21.974599838256836,14.847580909729004,25710179,0.0,0.0
1999-11-05 00:00:00+05:30,22.026493072509766,22.4935359954834,21.92742347717285,22.29539680480957,15.064332962036133,27587880,0.0,0.0
1999-11-08 00:00:00+05:30,22.29539680480957,22.29539680480957,22.29539680480957,22.29539680480957,15.064332962036133,0,0.0,0.0
1999-11-09 00:00:00+05:30,22.446359634399414,22.8284854888916,21.71041488647461,22.658653259277344,15.309774398803711,29582557,0.0,0.0
1999-11-10 00:00:00+05:30,22.455795288085938,22.81905174255371,22.370878219604492,22.592605590820312,15.26515007019043,15690983,0.0,0.0
1999-11-11 00:00:00+05:30,22.616193771362305,22.951143264770508,22.172739028930664,22.370878219604492,15.115333557128906,27221115,0.0,0.0
1999-11-12 00:00:00+05:30,22.172739028930664,22.271808624267578,21.90383529663086,22.068952560424805,14.911335945129395,15237861,0.0,0.0
1999-11-15 00:00:00+05:30,22.16330337524414,22.347291946411133,21.63021469116211,21.78589630126953,14.720078468322754,10581472,0.0,0.0
1999-11-16 00:00:00+05:30,21.700979232788086,21.700979232788086,21.30470085144043,21.370746612548828,14.4395751953125,15752529,0.0,0.0
1999-11-17 00:00:00+05:30,21.559450149536133,21.83778953552246,21.087690353393555,21.087690353393555,14.248324394226074,26781030,0.0,0.0
1999-11-18 00:00:00+05:30,21.13486671447754,21.507556915283203,20.90842056274414,21.399051666259766,14.458699226379395,20782211,0.0,0.0
1999-11-19 00:00:00+05:30,21.40848731994629,22.342573165893555,21.40848731994629,21.969881057739258,14.844392776489258,39088823,0.0,0.0
1999-11-22 00:00:00+05:30,22.16802215576172,22.16802215576172,21.441511154174805,21.634931564331055,14.618080139160156,20759308,0.0,0.0
1999-11-23 00:00:00+05:30,21.634931564331055,21.634931564331055,21.634931564331055,21.634931564331055,14.618080139160156,0,0.0,0.0
1999-11-24 00:00:00+05:30,22.172739028930664,22.172739028930664,21.573604583740234,21.809484481811523,14.736021041870117,21361149,0.0,0.0
1999-11-25 00:00:00+05:30,21.842506408691406,22.252939224243164,21.724567413330078,22.040645599365234,14.892207145690918,23356749,0.0,0.0
1999-11-26 00:00:00+05:30,22.210479736328125,22.786027908325195,21.38018226623535,21.663238525390625,14.637198448181152,45579141,0.0,0.0
1999-11-29 00:00:00+05:30,21.63021469116211,22.44164276123047,21.51227569580078,22.144433975219727,14.96233081817627,48166439,0.0,0.0
1999-11-30 00:00:00+05:30,22.12556266784668,22.352008819580078,21.771743774414062,21.988752365112305,14.857145309448242,27080578,0.0,0.0
1999-12-01 00:00:00+05:30,22.21991539001465,22.352008819580078,21.913270950317383,21.965164184570312,14.841206550598145,21674529,0.0,0.0
1999-12-02 00:00:00+05:30,22.078386306762695,22.342573165893555,21.545297622680664,21.8660945892334,14.77426815032959,31158580,0.0,0.0
1999-12-03 00:00:00+05:30,22.050081253051758,23.56443214416504,22.050081253051758,23.24835205078125,15.708215713500977,88636727,0.0,0.0
1999-12-06 00:00:00+05:30,23.479515075683594,24.031475067138672,23.309682846069336,23.762571334838867,16.055662155151367,53883282,0.0,0.0
1999-12-07 00:00:00+05:30,23.842771530151367,23.965429306030273,23.021907806396484,23.229482650756836,15.695469856262207,37166227,0.0,0.0
1999-12-08 00:00:00+05:30,23.493667602539062,24.522106170654297,22.29539680480957,22.602041244506836,15.271525382995605,32733542,0.0,0.0
1999-12-09 00:00:00+05:30,22.64921760559082,23.323835372924805,22.455795288085938,23.14456558227539,15.638094902038574,31997417,0.0,0.0
1999-12-10 00:00:00+05:30,23.21061134338379,23.304964065551758,22.602041244506836,22.696392059326172,15.335272789001465,13763235,0.0,0.0
1999-12-13 00:00:00+05:30,22.724699020385742,22.73885154724121,22.12556266784668,22.215198516845703,15.010147094726562,15075342,0.0,0.0
1999-12-14 00:00:00+05:30,22.172739028930664,22.267091751098633,21.34244155883789,21.502838134765625,14.528825759887695,18322223,0.0,0.0
1999-12-15 00:00:00+05:30,21.568885803222656,21.979318618774414,21.323570251464844,21.583038330078125,14.583015441894531,14143333,0.0,0.0
1999-12-16 00:00:00+05:30,21.691543579101562,22.172739028930664,21.606626510620117,21.776460647583008,14.713703155517578,13792339,0.0,0.0
1999-12-17 00:00:00+05:30,21.818918228149414,22.11612892150879,21.436792373657227,21.52642822265625,14.544766426086426,11748982,0.0,0.0
1999-12-20 00:00:00+05:30,21.417922973632812,21.979318618774414,21.413204193115234,21.507556915283203,14.53201675415039,12584491,0.0,0.0
1999-12-21 00:00:00+05:30,21.771743774414062,21.790613174438477,21.196195602416992,21.285829544067383,14.382201194763184,12499501,0.0,0.0
1999-12-22 00:00:00+05:30,21.795330047607422,22.81905174255371,21.51227569580078,22.63506507873535,15.293835639953613,32827414,0.0,0.0
1999-12-23 00:00:00+05:30,22.36144256591797,22.550148010253906,21.795330047607422,21.908552169799805,14.802953720092773,8053282,0.0,0.0
1999-12-24 00:00:00+05:30,22.134998321533203,22.134998321533203,21.333005905151367,21.427358627319336,14.47783088684082,7746792,0.0,0.0
1999-12-27 00:00:00+05:30,21.32828712463379,21.32828712463379,20.09699249267578,21.05466651916504,14.226009368896484,8966903,0.0,0.0
1999-12-28 00:00:00+05:30,21.04523277282715,22.05951690673828,20.9461612701416,21.573604583740234,14.576641082763672,20209442,0.0,0.0
1999-12-29 00:00:00+05:30,21.51227569580078,21.936859130859375,21.417922973632812,21.573604583740234,14.576641082763672,7250057,0.0,0.0
1999-12-30 00:00:00+05:30,21.606626510620117,21.88968276977539,21.229217529296875,21.285829544067383,14.382201194763184,4432970,0.0,0.0
1999-12-31 00:00:00+05:30,21.285829544067383,21.285829544067383,21.285829544067383,21.285829544067383,14.382201194763184,0,0.0,0.0
2000-01-03 00:00:00+05:30,22.267091751098633,22.9888858795166,22.101974487304688,22.9888858795166,15.532901763916016,25152894,0.0,0.0
2000-01-04 00:00:00+05:30,22.9888858795166,24.720245361328125,22.535995483398438,24.446624755859375,16.517852783203125,47648560,0.0,0.0
2000-01-05 00:00:00+05:30,23.493667602539062,24.97499656677246,23.116260528564453,23.441774368286133,15.838909149169922,36396207,0.0,0.0
2000-01-06 00:00:00+05:30,23.77672576904297,25.286357879638672,23.77672576904297,24.625892639160156,16.63898277282715,70573968,0.0,0.0
2000-01-07 00:00:00+05:30,24.673070907592773,26.409147262573242,24.05978012084961,25.78642463684082,17.423120498657227,83453217,0.0,0.0
2000-01-10 00:00:00+05:30,26.418582916259766,27.347951889038086,25.022172927856445,25.427885055541992,17.180862426757812,58497022,0.0,0.0
2000-01-11 00:00:00+05:30,25.17313575744629,25.192005157470703,23.39459991455078,23.39459991455078,15.807038307189941,25729224,0.0,0.0
2000-01-12 00:00:00+05:30,23.021907806396484,23.729549407958984,22.32370376586914,23.09267234802246,15.603023529052734,29729836,0.0,0.0
2000-01-13 00:00:00+05:30,23.21061134338379,24.116392135620117,22.93699073791504,23.06908416748047,15.587093353271484,34199308,0.0,0.0
2000-01-14 00:00:00+05:30,23.116260528564453,23.116260528564453,22.46523094177246,22.56901741027832,15.249215126037598,15967246,0.0,0.0
2000-01-17 00:00:00+05:30,23.059648513793945,23.682373046875,21.91798973083496,22.25765609741211,15.038836479187012,46484261,0.0,0.0
2000-01-18 00:00:00+05:30,22.352008819580078,22.73885154724121,22.054798126220703,22.30954933166504,15.073893547058105,28686319,0.0,0.0
2000-01-19 00:00:00+05:30,22.72941780090332,23.352140426635742,22.644500732421875,23.01719093322754,15.552029609680176,26623142,0.0,0.0
2000-01-20 00:00:00+05:30,22.927555084228516,23.097389221191406,22.290679931640625,22.427490234375,15.153589248657227,12278096,0.0,0.0
2000-01-21 00:00:00+05:30,22.526559829711914,22.620912551879883,22.21991539001465,22.403902053833008,15.13764762878418,12491796,0.0,0.0
2000-01-24 00:00:00+05:30,22.328420639038086,22.677522659301758,21.427358627319336,21.54058074951172,14.554325103759766,19667143,0.0,0.0
2000-01-25 00:00:00+05:30,21.323570251464844,21.502838134765625,21.00277328491211,21.21506690979004,14.334388732910156,23597920,0.0,0.0
2000-01-26 00:00:00+05:30,21.21506690979004,21.21506690979004,21.21506690979004,21.21506690979004,14.334388732910156,0,0.0,0.0
2000-01-27 00:00:00+05:30,21.606626510620117,22.21991539001465,21.51227569580078,21.715131759643555,14.672269821166992,21205095,0.0,0.0
2000-01-28 00:00:00+05:30,21.955730438232422,23.455928802490234,21.955730438232422,23.446491241455078,15.842097282409668,52762279,0.0,0.0
2000-01-31 00:00:00+05:30,23.21061134338379,24.224897384643555,22.880380630493164,23.087955474853516,15.599842071533203,51181391,0.0,0.0
2000-02-01 00:00:00+05:30,23.116260528564453,23.65406608581543,22.903968811035156,23.257787704467773,15.714594841003418,23279485,0.0,0.0
2000-02-02 00:00:00+05:30,24.248485565185547,24.408884048461914,23.21061134338379,23.352140426635742,15.77834415435791,24676879,0.0,0.0
2000-02-03 00:00:00+05:30,23.58802032470703,24.993867874145508,23.455928802490234,24.418319702148438,16.498727798461914,77717350,0.0,0.0
2000-02-04 00:00:00+05:30,24.53154182434082,24.979713439941406,24.012605667114258,24.144697189331055,16.313852310180664,33982238,0.0,0.0
2000-02-07 00:00:00+05:30,24.408884048461914,24.408884048461914,22.984167098999023,23.34270477294922,15.77196979522705,21819083,0.0,0.0
2000-02-08 00:00:00+05:30,23.304964065551758,23.446491241455078,22.719980239868164,22.861509323120117,15.446839332580566,25418399,0.0,0.0
2000-02-09 00:00:00+05:30,23.965429306030273,23.965429306030273,22.941709518432617,23.154001235961914,15.644469261169434,14956246,0.0,0.0
2000-02-10 00:00:00+05:30,22.852073669433594,23.677654266357422,22.852073669433594,23.47479820251465,15.86121940612793,19541274,0.0,0.0
2000-02-11 00:00:00+05:30,23.682373046875,24.314531326293945,23.267223358154297,23.597455978393555,15.944098472595215,31623752,0.0,0.0
2000-02-14 00:00:00+05:30,23.77672576904297,25.489215850830078,23.715396881103516,25.154264450073242,16.995990753173828,67707767,0.0,0.0
2000-02-15 00:00:00+05:30,25.65433120727539,25.663766860961914,23.304964065551758,23.95599365234375,16.186351776123047,50319322,0.0,0.0
2000-02-16 00:00:00+05:30,24.248485565185547,24.248485565185547,23.352140426635742,23.58802032470703,15.937724113464355,21683665,0.0,0.0
2000-02-17 00:00:00+05:30,23.399316787719727,23.946557998657227,23.304964065551758,23.58802032470703,15.937724113464355,18448442,0.0,0.0
2000-02-18 00:00:00+05:30,23.753137588500977,23.852205276489258,22.550148010253906,22.748287200927734,15.370336532592773,16000844,0.0,0.0
2000-02-21 00:00:00+05:30,22.927555084228516,23.484233856201172,22.644500732421875,23.0407772064209,15.567963600158691,21332035,0.0,0.0
2000-02-22 00:00:00+05:30,23.116260528564453,23.24835205078125,22.078386306762695,22.370878219604492,15.115333557128906,17503185,0.0,0.0
2000-02-23 00:00:00+05:30,23.10682487487793,23.399316787719727,21.88968276977539,22.083105087280273,14.920893669128418,13530713,0.0,0.0
2000-02-24 00:00:00+05:30,22.267091751098633,23.304964065551758,22.101974487304688,22.96057891845703,15.513779640197754,16693494,0.0,0.0
2000-02-25 00:00:00+05:30,22.83320426940918,23.257787704467773,22.564300537109375,22.73885154724121,15.363964080810547,11083761,0.0,0.0
2000-02-28 00:00:00+05:30,22.73885154724121,23.465362548828125,22.38974952697754,23.15871810913086,15.647653579711914,15615542,0.0,0.0
2000-02-29 00:00:00+05:30,23.484233856201172,24.720245361328125,21.309417724609375,21.583038330078125,14.583015441894531,41242798,0.0,0.0
2000-03-01 00:00:00+05:30,21.98403549194336,22.786027908325195,21.229217529296875,22.285961151123047,15.057957649230957,21711444,0.0,0.0
2000-03-02 00:00:00+05:30,22.550148010253906,22.776592254638672,21.04051399230957,21.323570251464844,14.40770149230957,24391861,0.0,0.0
2000-03-03 00:00:00+05:30,21.04051399230957,21.502838134765625,19.620515823364258,19.644102096557617,13.272933959960938,18472003,0.0,0.0
2000-03-06 00:00:00+05:30,20.25739288330078,21.13486671447754,19.167625427246094,20.01207733154297,13.521564483642578,25168241,0.0,0.0
2000-03-07 00:00:00+05:30,20.01207733154297,20.144168853759766,19.10629653930664,19.57805633544922,13.228309631347656,21692038,0.0,0.0
2000-03-08 00:00:00+05:30,19.719585418701172,19.719585418701172,18.011812210083008,18.063705444335938,12.205105781555176,18162937,0.0,0.0
2000-03-09 00:00:00+05:30,18.068424224853516,18.304304122924805,16.620119094848633,16.879587173461914,11.40503215789795,24882047,0.0,0.0
2000-03-10 00:00:00+05:30,17.06829261779785,17.06829261779785,15.865302085876465,16.077594757080078,10.863150596618652,13936660,0.0,0.0
2000-03-13 00:00:00+05:30,16.346498489379883,16.889022827148438,15.379388809204102,15.506765365600586,10.477458953857422,19333552,0.0,0.0
2000-03-14 00:00:00+05:30,15.89832592010498,16.747493743896484,15.200119972229004,16.747493743896484,11.315780639648438,22508766,0.0,0.0
2000-03-15 00:00:00+05:30,16.756929397583008,18.02124786376953,16.511613845825195,17.596662521362305,11.889540672302246,25065667,0.0,0.0
2000-03-16 00:00:00+05:30,17.54005241394043,19.007226943969727,17.219255447387695,18.842111587524414,12.731053352355957,38476977,0.0,0.0
2000-03-17 00:00:00+05:30,18.842111587524414,18.842111587524414,18.842111587524414,18.842111587524414,12.731053352355957,0,0.0,0.0
2000-03-20 00:00:00+05:30,18.842111587524414,18.842111587524414,18.842111587524414,18.842111587524414,12.731053352355957,0,0.0,0.0
2000-03-21 00:00:00+05:30,19.238388061523438,20.342309951782227,18.710018157958984,20.08755874633789,13.572565078735352,33726705,0.0,0.0
2000-03-22 00:00:00+05:30,20.25739288330078,20.521577835083008,19.516727447509766,20.01207733154297,13.521564483642578,24591984,0.0,0.0
2000-03-23 00:00:00+05:30,19.813936233520508,19.979053497314453,18.61094856262207,18.908157348632812,12.775677680969238,19461605,0.0,0.0
2000-03-24 00:00:00+05:30,18.776063919067383,19.011943817138672,18.337326049804688,18.61094856262207,12.574860572814941,12179137,0.0,0.0
2000-03-27 00:00:00+05:30,18.681711196899414,19.059120178222656,17.841978073120117,18.21938705444336,12.310297966003418,16185037,0.0,0.0
2000-03-28 00:00:00+05:30,18.068424224853516,19.238388061523438,17.624969482421875,18.903440475463867,12.77249526977539,27226033,0.0,0.0
2000-03-29 00:00:00+05:30,19.33274269104004,19.47426986694336,18.398656845092773,18.639253616333008,12.593992233276367,29238368,0.0,0.0
2000-03-30 00:00:00+05:30,18.776063919067383,19.295000076293945,17.488157272338867,18.917591094970703,12.782052040100098,27146045,0.0,0.0
2000-03-31 00:00:00+05:30,18.681711196899414,19.795066833496094,18.134469985961914,19.318588256835938,13.05299186706543,50096815,0.0,0.0
2000-04-03 00:00:00+05:30,19.34217643737793,20.724435806274414,19.34217643737793,20.12529945373535,13.598065376281738,41589839,0.0,0.0
2000-04-04 00:00:00+05:30,19.86583137512207,19.95546531677246,18.5165958404541,18.526031494140625,12.517487525939941,31096557,0.0,0.0
2000-04-05 00:00:00+05:30,18.587360382080078,19.153472900390625,17.691015243530273,18.511877059936523,12.50792407989502,22840682,0.0,0.0
2000-04-06 00:00:00+05:30,18.681711196899414,19.47426986694336,18.332609176635742,19.238388061523438,12.998806953430176,35520794,0.0,0.0
2000-04-07 00:00:00+05:30,19.247825622558594,20.710281372070312,19.247825622558594,20.578189849853516,13.904071807861328,78976442,0.0,0.0
2000-04-10 00:00:00+05:30,20.68669319152832,21.842506408691406,19.846960067749023,20.880115509033203,14.108071327209473,132074920,0.0,0.0
2000-04-11 00:00:00+05:30,20.568754196166992,21.125431060791016,19.73373794555664,20.828222274780273,14.073009490966797,53573665,0.0,0.0
2000-04-12 00:00:00+05:30,20.757457733154297,21.370746612548828,20.37061309814453,20.564035415649414,13.894506454467773,41323432,0.0,0.0
2000-04-13 00:00:00+05:30,20.332874298095703,20.332874298095703,19.17234230041504,19.32802391052246,13.059371948242188,45053080,0.0,0.0
2000-04-14 00:00:00+05:30,19.32802391052246,19.32802391052246,19.32802391052246,19.32802391052246,13.059371948242188,0,0.0,0.0
2000-04-17 00:00:00+05:30,19.08270835876465,19.08270835876465,17.794803619384766,18.615665435791016,12.733449935913086,41305044,0.23588,0.0
2000-04-18 00:00:00+05:30,18.76662826538086,19.247825622558594,18.681711196899414,18.964767456054688,12.972241401672363,22656277,0.0,0.0
2000-04-19 00:00:00+05:30,19.4365291595459,19.714868545532227,18.5165958404541,19.129884719848633,13.085185050964355,24311164,0.0,0.0
2000-04-20 00:00:00+05:30,18.851545333862305,19.337459564208984,18.408090591430664,19.19593048095703,13.13036060333252,21593577,0.0,0.0
2000-04-21 00:00:00+05:30,19.19593048095703,19.19593048095703,19.19593048095703,19.19593048095703,13.13036060333252,0,0.0,0.0
2000-04-24 00:00:00+05:30,19.153472900390625,19.37991714477539,18.785499572753906,18.983638763427734,12.985149383544922,16132510,0.0,0.0
2000-04-25 00:00:00+05:30,18.776063919067383,19.059120178222656,18.266563415527344,18.93646240234375,12.95287799835205,25740395,0.0,0.0
2000-04-26 00:00:00+05:30,19.530881881713867,20.422508239746094,19.20064926147461,20.295133590698242,13.882237434387207,69333539,0.0,0.0
2000-04-27 00:00:00+05:30,20.002641677856445,20.27154541015625,19.35633087158203,19.502574920654297,13.340110778808594,48050173,0.0,0.0
2000-04-28 00:00:00+05:30,19.483705520629883,19.76204490661621,19.181777954101562,19.478986740112305,13.323973655700684,20049138,0.0,0.0
2000-05-01 00:00:00+05:30,19.478986740112305,19.478986740112305,19.478986740112305,19.478986740112305,13.323973655700684,0,0.0,0.0
2000-05-02 00:00:00+05:30,19.530881881713867,19.615798950195312,18.275997161865234,18.469419479370117,12.63341236114502,31893179,0.0,0.0
2000-05-03 00:00:00+05:30,18.587360382080078,18.681711196899414,17.455135345458984,18.549619674682617,12.688273429870605,20524665,0.0,0.0
2000-05-04 00:00:00+05:30,18.75719451904297,19.313871383666992,18.313739776611328,19.16290855407715,13.107771873474121,20499324,0.0,0.0
2000-05-05 00:00:00+05:30,19.33274269104004,19.615798950195312,18.87041664123535,19.00250816345215,12.99805736541748,24879037,0.0,0.0
2000-05-08 00:00:00+05:30,19.10629653930664,19.10629653930664,18.64868927001953,18.719453811645508,12.80444049835205,9727024,0.0,0.0
2000-05-09 00:00:00+05:30,18.549619674682617,18.695865631103516,18.209951400756836,18.601512908935547,12.723769187927246,12330686,0.0,0.0
2000-05-10 00:00:00+05:30,18.587360382080078,19.059120178222656,18.540184020996094,18.64868927001953,12.756037712097168,16479752,0.0,0.0
2000-05-11 00:00:00+05:30,18.398656845092773,18.445831298828125,17.558921813964844,17.879718780517578,12.230046272277832,16314880,0.0,0.0
2000-05-12 00:00:00+05:30,18.200517654418945,18.200517654418945,17.52589988708496,17.653274536132812,12.075160026550293,12001844,0.0,0.0
2000-05-15 00:00:00+05:30,17.488157272338867,17.90802574157715,17.20038414001465,17.794803619384766,12.171965599060059,8127716,0.0,0.0
2000-05-16 00:00:00+05:30,17.818391799926758,17.879718780517578,17.54948616027832,17.76177978515625,12.14937686920166,8462187,0.0,0.0
2000-05-17 00:00:00+05:30,18.02124786376953,18.209951400756836,17.76177978515625,17.94104766845703,12.271998405456543,11234113,0.0,0.0
2000-05-18 00:00:00+05:30,18.1156005859375,18.1156005859375,17.27586555480957,17.389089584350586,11.894450187683105,9489477,0.0,0.0
2000-05-19 00:00:00+05:30,17.596662521362305,17.738191604614258,17.23812484741211,17.483440399169922,11.95898723602295,7726856,0.0,0.0
2000-05-22 00:00:00+05:30,17.31360626220703,17.407958984375,16.983375549316406,17.247560501098633,11.797640800476074,6980460,0.0,0.0
2000-05-23 00:00:00+05:30,17.181514739990234,17.323041915893555,16.620119094848633,17.021114349365234,11.642746925354004,12264286,0.0,0.0
2000-05-24 00:00:00+05:30,17.03055191040039,17.101314544677734,15.671880722045898,17.03998565673828,11.655655860900879,8417757,0.0,0.0
2000-05-25 00:00:00+05:30,17.167360305786133,17.54005241394043,17.03055191040039,17.389089584350586,11.894450187683105,10876166,0.0,0.0
2000-05-26 00:00:00+05:30,17.28058433532715,17.823108673095703,17.219255447387695,17.71932029724121,12.120332717895508,15354573,0.0,0.0
2000-05-29 00:00:00+05:30,17.733474731445312,18.559053421020508,17.733474731445312,18.162776947021484,12.423664093017578,12285642,0.0,0.0
2000-05-30 00:00:00+05:30,18.290151596069336,18.964767456054688,18.209951400756836,18.738323211669922,12.81734848022461,12972622,0.0,0.0
2000-05-31 00:00:00+05:30,19.34217643737793,19.530881881713867,18.83267593383789,19.228954315185547,13.152950286865234,22912042,0.0,0.0
2000-06-01 00:00:00+05:30,19.20064926147461,19.20064926147461,18.691146850585938,18.804370880126953,12.862528800964355,9477914,0.0,0.0
2000-06-02 00:00:00+05:30,18.960050582885742,19.214801788330078,18.875133514404297,19.0638370513916,13.040005683898926,12507068,0.0,0.0
2000-06-05 00:00:00+05:30,19.20064926147461,20.41779136657715,19.20064926147461,19.41765785217285,13.282028198242188,32536504,0.0,0.0
2000-06-06 00:00:00+05:30,19.4365291595459,19.93187713623047,19.247825622558594,19.719585418701172,13.488547325134277,13442405,0.0,0.0
2000-06-07 00:00:00+05:30,19.856395721435547,19.946029663085938,19.445964813232422,19.705432891845703,13.478867530822754,14462732,0.0,0.0
2000-06-08 00:00:00+05:30,19.766761779785156,21.266958236694336,19.677127838134766,20.77632713317871,14.211383819580078,43913624,0.0,0.0
2000-06-09 00:00:00+05:30,20.9461612701416,21.738719940185547,20.606494903564453,21.04051399230957,14.39209270477295,45288623,0.0,0.0
2000-06-12 00:00:00+05:30,21.049949645996094,21.399051666259766,20.521577835083008,20.587623596191406,14.08230209350586,16915778,0.0,0.0
2000-06-13 00:00:00+05:30,20.521577835083008,20.72915267944336,20.33759117126465,20.545166015625,14.053262710571289,13155936,0.0,0.0
2000-06-14 00:00:00+05:30,20.681976318359375,21.219783782958984,20.568754196166992,20.823503494262695,14.243653297424316,12899662,0.0,0.0
2000-06-15 00:00:00+05:30,20.78104591369629,21.44622802734375,20.578189849853516,21.05466651916504,14.40177059173584,20366163,0.0,0.0
2000-06-16 00:00:00+05:30,21.177324295043945,22.262374877929688,21.087690353393555,22.040645599365234,15.076194763183594,40968909,0.0,0.0
2000-06-19 00:00:00+05:30,22.30954933166504,22.427490234375,21.644367218017578,21.828353881835938,14.930983543395996,17958204,0.0,0.0
2000-06-20 00:00:00+05:30,21.98403549194336,22.535995483398438,21.74815559387207,22.380313873291016,15.308536529541016,20344902,0.0,0.0
2000-06-21 00:00:00+05:30,22.550148010253906,22.592605590820312,21.172607421875,21.257524490356445,14.54053020477295,24589769,0.0,0.0
2000-06-22 00:00:00+05:30,21.177324295043945,21.88968276977539,20.993337631225586,21.74815559387207,14.876130104064941,21212949,0.0,0.0
2000-06-23 00:00:00+05:30,22.017057418823242,23.488950729370117,22.017057418823242,22.32370376586914,15.269815444946289,55661441,0.0,0.0
2000-06-26 00:00:00+05:30,22.172739028930664,22.550148010253906,21.191478729248047,21.493404388427734,14.701874732971191,23789691,0.0,0.0
2000-06-27 00:00:00+05:30,21.51227569580078,22.106693267822266,21.347158432006836,21.422639846801758,14.653470993041992,20266791,0.0,0.0
2000-06-28 00:00:00+05:30,21.51227569580078,21.83778953552246,21.257524490356445,21.559450149536133,14.747049331665039,11676392,0.0,0.0
2000-06-29 00:00:00+05:30,21.700979232788086,22.078386306762695,21.559450149536133,21.70569610595703,14.847086906433105,15207051,0.0,0.0
2000-06-30 00:00:00+05:30,21.469816207885742,21.98403549194336,21.323570251464844,21.455663681030273,14.676061630249023,12689587,0.0,0.0
2000-07-03 00:00:00+05:30,21.68210792541504,21.974599838256836,21.51227569580078,21.76230812072754,15.051279067993164,14888457,0.23588,0.0
2000-07-04 00:00:00+05:30,21.88968276977539,22.252939224243164,21.800048828125,22.002906799316406,15.21768569946289,19835523,0.0,0.0
2000-07-05 00:00:00+05:30,22.267091751098633,22.267091751098633,21.861377716064453,21.9462947845459,15.178529739379883,14339312,0.0,0.0
2000-07-06 00:00:00+05:30,21.795330047607422,21.936859130859375,21.469816207885742,21.606626510620117,14.943607330322266,8316308,0.0,0.0
2000-07-07 00:00:00+05:30,21.795330047607422,22.172739028930664,21.663238525390625,21.884965896606445,15.136117935180664,14988688,0.0,0.0
2000-07-10 00:00:00+05:30,21.965164184570312,22.078386306762695,21.347158432006836,21.57832145690918,14.924033164978027,12247212,0.0,0.0
2000-07-11 00:00:00+05:30,21.417922973632812,21.880247116088867,21.370746612548828,21.767024993896484,15.054545402526855,10042851,0.0,0.0
2000-07-12 00:00:00+05:30,21.88968276977539,22.017057418823242,21.559450149536133,21.71041488647461,15.015393257141113,10075643,0.0,0.0
2000-07-13 00:00:00+05:30,21.795330047607422,22.196327209472656,21.229217529296875,21.644367218017578,14.969714164733887,22258353,0.0,0.0
2000-07-14 00:00:00+05:30,21.51227569580078,21.738719940185547,21.18204116821289,21.290546417236328,14.72500228881836,13467376,0.0,0.0
2000-07-17 00:00:00+05:30,21.229217529296875,21.559450149536133,21.00277328491211,21.13486671447754,14.617331504821777,11982512,0.0,0.0
2000-07-18 00:00:00+05:30,21.04051399230957,22.172739028930664,21.04051399230957,21.738719940185547,15.03497314453125,40897655,0.0,0.0
2000-07-19 00:00:00+05:30,21.74815559387207,21.951011657714844,20.875398635864258,21.064102172851562,14.568387031555176,14818453,0.0,0.0
2000-07-20 00:00:00+05:30,21.07825469970703,21.219783782958984,20.545166015625,20.743305206298828,14.346519470214844,18257784,0.0,0.0
2000-07-21 00:00:00+05:30,20.851810455322266,20.9461612701416,20.483837127685547,20.568754196166992,14.225791931152344,13027046,0.0,0.0
2000-07-24 00:00:00+05:30,20.42722511291504,20.42722511291504,18.733606338500977,18.875133514404297,13.054448127746582,16063259,0.0,0.0
2000-07-25 00:00:00+05:30,18.587360382080078,19.408222198486328,17.832542419433594,19.10629653930664,13.214325904846191,21089528,0.0,0.0
2000-07-26 00:00:00+05:30,19.34217643737793,19.34217643737793,18.209951400756836,18.365633010864258,12.702066421508789,13450503,0.0,0.0
2000-07-27 00:00:00+05:30,18.280715942382812,18.76662826538086,17.936330795288086,18.64868927001953,12.89783763885498,10102447,0.0,0.0
2000-07-28 00:00:00+05:30,18.804370880126953,19.60636329650879,18.681711196899414,19.42237663269043,13.432934761047363,27046026,0.0,0.0
2000-07-31 00:00:00+05:30,19.191213607788086,19.389352798461914,18.823240280151367,18.931745529174805,13.09360122680664,7811878,0.0,0.0
2000-08-01 00:00:00+05:30,19.011943817138672,19.153472900390625,18.61094856262207,18.865699768066406,13.047924995422363,11954266,0.0,0.0
2000-08-02 00:00:00+05:30,18.681711196899414,19.2242374420166,18.61094856262207,19.15818977355957,13.250214576721191,6314561,0.0,0.0
2000-08-03 00:00:00+05:30,19.228954315185547,19.719585418701172,18.823240280151367,18.92230987548828,13.087077140808105,20632919,0.0,0.0
2000-08-04 00:00:00+05:30,18.964767456054688,19.290283203125,18.8090877532959,19.049684524536133,13.175172805786133,15470055,0.0,0.0
2000-08-07 00:00:00+05:30,19.1440372467041,19.247825622558594,18.83267593383789,18.93646240234375,13.096864700317383,6564253,0.0,0.0
2000-08-08 00:00:00+05:30,19.040250778198242,19.295000076293945,19.011943817138672,19.181777954101562,13.26653003692627,8338872,0.0,0.0
2000-08-09 00:00:00+05:30,19.34217643737793,19.34217643737793,19.10629653930664,19.153472900390625,13.246952056884766,3429526,0.0,0.0
2000-08-10 00:00:00+05:30,19.20064926147461,19.243106842041016,18.879852294921875,18.941179275512695,13.100127220153809,4206414,0.0,0.0
2000-08-11 00:00:00+05:30,18.8892879486084,18.964767456054688,18.417526245117188,18.823240280151367,13.018555641174316,6424479,0.0,0.0
2000-08-14 00:00:00+05:30,18.776063919067383,18.964767456054688,18.49300765991211,18.804370880126953,13.00550651550293,7038233,0.0,0.0
2000-08-15 00:00:00+05:30,18.804370880126953,18.804370880126953,18.804370880126953,18.804370880126953,13.00550651550293,0,0.0,0.0
2000-08-16 00:00:00+05:30,19.059120178222656,19.247825622558594,18.917591094970703,19.007226943969727,13.1458101272583,6538276,0.0,0.0
2000-08-17 00:00:00+05:30,19.153472900390625,19.153472900390625,18.52131462097168,18.639253616333008,12.89130973815918,11183812,0.0,0.0
2000-08-18 00:00:00+05:30,18.544902801513672,18.634536743164062,18.176929473876953,18.57320785522461,12.84563159942627,4207495,0.0,0.0
2000-08-21 00:00:00+05:30,18.681711196899414,18.743040084838867,18.53074836730957,18.629819869995117,12.884784698486328,2339905,0.0,0.0
2000-08-22 00:00:00+05:30,18.681711196899414,18.804370880126953,18.459985733032227,18.658124923706055,12.9043607711792,8129963,0.0,0.0
2000-08-23 00:00:00+05:30,18.87041664123535,19.00250816345215,18.7288875579834,18.842111587524414,13.031610488891602,5287450,0.0,0.0
2000-08-24 00:00:00+05:30,18.917591094970703,18.917591094970703,18.445831298828125,18.804370880126953,13.00550651550293,5031049,0.0,0.0
2000-08-25 00:00:00+05:30,18.691146850585938,18.917591094970703,18.615665435791016,18.733606338500977,12.956564903259277,2865903,0.0,0.0
2000-08-28 00:00:00+05:30,18.59679412841797,18.860980987548828,18.59679412841797,18.83267593383789,13.025084495544434,3168356,0.0,0.0
2000-08-29 00:00:00+05:30,18.83267593383789,19.011943817138672,18.681711196899414,18.799652099609375,13.00224494934082,5970636,0.0,0.0
2000-08-30 00:00:00+05:30,18.823240280151367,19.290283203125,18.823240280151367,18.93646240234375,13.096864700317383,8818586,0.0,0.0
2000-08-31 00:00:00+05:30,18.95061683654785,19.011943817138672,18.549619674682617,18.724170684814453,12.950039863586426,5480864,0.0,0.0
2000-09-01 00:00:00+05:30,18.724170684814453,18.724170684814453,18.724170684814453,18.724170684814453,12.950039863586426,0,0.0,0.0
2000-09-04 00:00:00+05:30,18.860980987548828,19.271413803100586,18.719453811645508,19.03081512451172,13.162118911743164,8428653,0.0,0.0
2000-09-05 00:00:00+05:30,19.19593048095703,19.57805633544922,18.993074417114258,19.35633087158203,13.38725471496582,10323322,0.0,0.0
2000-09-06 00:00:00+05:30,19.530881881713867,19.894136428833008,19.441246032714844,19.6912784576416,13.618914604187012,14681276,0.0,0.0
2000-09-07 00:00:00+05:30,19.530881881713867,19.8375244140625,19.530881881713867,19.639385223388672,13.58302116394043,8313997,0.0,0.0
2000-09-08 00:00:00+05:30,19.71014976501465,20.23380470275879,19.71014976501465,20.07340431213379,13.883199691772461,14370164,0.0,0.0
2000-09-11 00:00:00+05:30,20.27154541015625,20.474401473999023,20.026229858398438,20.082841873168945,13.889726638793945,6709698,0.0,0.0
2000-09-12 00:00:00+05:30,20.181909561157227,20.22908592224121,19.936595916748047,20.07340431213379,13.883199691772461,4973552,0.0,0.0
2000-09-13 00:00:00+05:30,20.068687438964844,20.134733200073242,19.370481491088867,19.427093505859375,13.436196327209473,4733748,0.0,0.0
2000-09-14 00:00:00+05:30,19.464834213256836,19.672409057617188,19.153472900390625,19.266695022583008,13.325261116027832,7025282,0.0,0.0
2000-09-15 00:00:00+05:30,19.247825622558594,19.313871383666992,18.743040084838867,18.84682846069336,13.03487491607666,4348425,0.0,0.0
2000-09-18 00:00:00+05:30,18.733606338500977,18.733606338500977,18.412809371948242,18.469419479370117,12.773848533630371,3151122,0.0,0.0
2000-09-19 00:00:00+05:30,18.412809371948242,18.49300765991211,17.76177978515625,18.007095336914062,12.454095840454102,6534323,0.0,0.0
2000-09-20 00:00:00+05:30,18.776063919067383,18.776063919067383,17.98350715637207,18.280715942382812,12.643338203430176,3338124,0.0,0.0
2000-09-21 00:00:00+05:30,18.209951400756836,18.35148048400879,18.07785987854004,18.139188766479492,12.545454978942871,1877181,0.0,0.0
2000-09-22 00:00:00+05:30,18.02124786376953,18.02124786376953,17.077726364135742,17.271148681640625,11.945096969604492,5641740,0.0,0.0
2000-09-25 00:00:00+05:30,17.455135345458984,18.1156005859375,17.37021827697754,17.601381301879883,12.17349624633789,3272349,0.0,0.0
2000-09-26 00:00:00+05:30,17.832542419433594,17.832542419433594,17.10603141784668,17.181514739990234,11.883106231689453,5430531,0.0,0.0
2000-09-27 00:00:00+05:30,17.219255447387695,17.219255447387695,16.79467010498047,17.035268783569336,11.781959533691406,5001871,0.0,0.0
2000-09-28 00:00:00+05:30,17.101314544677734,17.124902725219727,16.65314292907715,16.69088363647461,11.54377269744873,4398217,0.0,0.0
2000-09-29 00:00:00+05:30,16.747493743896484,16.87015151977539,16.605966567993164,16.74277687072754,11.579667091369629,4062019,0.0,0.0
2000-10-02 00:00:00+05:30,16.74277687072754,16.74277687072754,16.74277687072754,16.74277687072754,11.579667091369629,0,0.0,0.0
2000-10-03 00:00:00+05:30,16.55879020690918,16.7003173828125,16.10118293762207,16.24271011352539,11.233807563781738,7846694,0.0,0.0
2000-10-04 00:00:00+05:30,16.32291030883789,16.577661514282227,16.228557586669922,16.44084930419922,11.370845794677734,3209499,0.0,0.0
2000-10-05 00:00:00+05:30,16.478591918945312,16.530485153198242,16.181381225585938,16.2332763671875,11.227283477783203,2920232,0.0,0.0
2000-10-06 00:00:00+05:30,16.148359298706055,16.304040908813477,16.0068302154541,16.181381225585938,11.191390991210938,3847249,0.0,0.0
2000-10-09 00:00:00+05:30,16.181381225585938,16.530485153198242,16.134206771850586,16.271015167236328,11.253386497497559,5422975,0.0,0.0
2000-10-10 00:00:00+05:30,16.33234405517578,16.431415557861328,16.134206771850586,16.228557586669922,11.224018096923828,4038585,0.0,0.0
2000-10-11 00:00:00+05:30,16.124771118164062,16.21912384033203,15.591680526733398,15.86058521270752,10.969522476196289,3612363,0.0,0.0
2000-10-12 00:00:00+05:30,15.719057083129883,16.030418395996094,15.714339256286621,15.879454612731934,10.982573509216309,3567605,0.0,0.0
2000-10-13 00:00:00+05:30,15.770950317382812,15.89832592010498,15.577528953552246,15.619986534118652,10.803120613098145,3045995,0.0,0.0
2000-10-16 00:00:00+05:30,15.992677688598633,16.313474655151367,15.586963653564453,15.681316375732422,10.845536231994629,3279079,0.0,0.0
2000-10-17 00:00:00+05:30,15.582245826721191,15.653010368347168,15.04915714263916,15.228425979614258,10.532307624816895,4079729,0.0,0.0
2000-10-18 00:00:00+05:30,15.190685272216797,15.28503704071045,14.851017951965332,14.997262954711914,10.372427940368652,3676092,0.0,0.0
2000-10-19 00:00:00+05:30,15.001980781555176,15.214273452758789,14.766100883483887,15.035003662109375,10.398531913757324,5888168,0.0,0.0
2000-10-20 00:00:00+05:30,15.209554672241211,15.61526870727539,15.096332550048828,15.195403099060059,10.509467124938965,6955786,0.0,0.0
2000-10-23 00:00:00+05:30,14.91706371307373,15.096332550048828,14.700054168701172,14.770817756652832,10.21581745147705,3201550,0.0,0.0
2000-10-24 00:00:00+05:30,14.671749114990234,14.851017951965332,14.62457275390625,14.695337295532227,10.163614273071289,3484872,0.0,0.0
2000-10-25 00:00:00+05:30,14.813277244567871,15.08218002319336,14.733077049255371,14.832146644592285,10.258232116699219,6398343,0.0,0.0
2000-10-26 00:00:00+05:30,14.638725280761719,15.03028678894043,14.629289627075195,15.001980781555176,10.375691413879395,1581533,0.0,0.0
2000-10-27 00:00:00+05:30,15.072745323181152,15.143508911132812,14.874606132507324,14.959522247314453,10.34632682800293,3296662,0.0,0.0
2000-10-30 00:00:00+05:30,15.04915714263916,15.068026542663574,14.784971237182617,14.817994117736816,10.248441696166992,3761103,0.0,0.0
2000-10-31 00:00:00+05:30,14.997262954711914,15.520916938781738,14.997262954711914,15.402976989746094,10.653031349182129,8213427,0.0,0.0
2000-11-01 00:00:00+05:30,15.662445068359375,16.63899040222168,15.61526870727539,16.37480354309082,11.325166702270508,25579328,0.0,0.0
2000-11-02 00:00:00+05:30,16.36065101623535,16.59653091430664,16.143640518188477,16.275733947753906,11.256647109985352,12974996,0.0,0.0
2000-11-03 00:00:00+05:30,16.28516960144043,16.931480407714844,16.28516960144043,16.49274444580078,11.406739234924316,19298344,0.0,0.0
2000-11-06 00:00:00+05:30,16.605966567993164,17.03998565673828,16.351215362548828,16.431415557861328,11.364320755004883,17946450,0.0,0.0
2000-11-07 00:00:00+05:30,16.32291030883789,16.549354553222656,16.2993221282959,16.37480354309082,11.325166702270508,8292927,0.0,0.0
2000-11-08 00:00:00+05:30,16.52104949951172,16.87015151977539,16.50689697265625,16.525766372680664,11.42957592010498,10142595,0.0,0.0
2000-11-09 00:00:00+05:30,16.488025665283203,16.591814041137695,16.275733947753906,16.355932235717773,11.312115669250488,6546235,0.0,0.0
2000-11-10 00:00:00+05:30,16.32291030883789,16.459720611572266,15.89832592010498,15.936066627502441,11.021726608276367,7096949,0.0,0.0
2000-11-13 00:00:00+05:30,15.766233444213867,15.766233444213867,15.502046585083008,15.577528953552246,10.77375316619873,4318335,0.0,0.0
2000-11-14 00:00:00+05:30,15.586963653564453,16.030418395996094,15.502046585083008,15.912479400634766,11.005412101745605,9140624,0.0,0.0
2000-11-15 00:00:00+05:30,16.488025665283203,16.785234451293945,16.0870304107666,16.313474655151367,11.282751083374023,18438479,0.0,0.0
2000-11-16 00:00:00+05:30,16.417261123657227,16.62483787536621,16.162511825561523,16.407827377319336,11.348005294799805,15060748,0.0,0.0
2000-11-17 00:00:00+05:30,16.436132431030273,16.436132431030273,15.667162895202637,15.95021915435791,11.031515121459961,13591210,0.0,0.0
2000-11-20 00:00:00+05:30,15.766233444213867,16.068159103393555,15.719057083129883,15.945502281188965,11.028254508972168,6462294,0.0,0.0
2000-11-21 00:00:00+05:30,15.851149559020996,15.945502281188965,15.686034202575684,15.799256324768066,10.927107810974121,8403608,0.0,0.0
2000-11-22 00:00:00+05:30,15.803974151611328,16.171947479248047,15.803974151611328,15.917196273803711,11.008676528930664,5938798,0.0,0.0
2000-11-23 00:00:00+05:30,15.808691024780273,15.978525161743164,15.761514663696289,15.851149559020996,10.962995529174805,4927352,0.0,0.0
2000-11-24 00:00:00+05:30,15.851149559020996,16.153076171875,15.851149559020996,15.983242988586426,11.054352760314941,5649933,0.0,0.0
2000-11-27 00:00:00+05:30,16.082311630249023,16.978656768798828,15.954936981201172,16.808822631835938,11.625346183776855,23210414,0.0,0.0
2000-11-28 00:00:00+05:30,16.705036163330078,18.106164932250977,16.705036163330078,17.639122009277344,12.199599266052246,37519351,0.0,0.0
2000-11-29 00:00:00+05:30,17.558921813964844,17.879718780517578,16.8465633392334,17.035268783569336,11.781959533691406,23934246,0.0,0.0
2000-11-30 00:00:00+05:30,17.049421310424805,17.412677764892578,17.00224494934082,17.214536666870117,11.905945777893066,13643058,0.0,0.0
2000-12-01 00:00:00+05:30,17.087162017822266,18.002376556396484,17.03055191040039,17.77593231201172,12.294219970703125,25603504,0.0,0.0
2000-12-04 00:00:00+05:30,17.926895141601562,19.153472900390625,17.790084838867188,18.37506866455078,12.708593368530273,27891413,0.0,0.0
2000-12-05 00:00:00+05:30,18.464702606201172,18.563772201538086,18.21938705444336,18.304304122924805,12.659650802612305,12651707,0.0,0.0
2000-12-06 00:00:00+05:30,18.776063919067383,18.776063919067383,17.926895141601562,18.035400390625,12.473669052124023,10545628,0.0,0.0
2000-12-07 00:00:00+05:30,17.841978073120117,18.32317352294922,17.841978073120117,18.143905639648438,12.548717498779297,10346247,0.0,0.0
2000-12-08 00:00:00+05:30,18.252410888671875,18.964767456054688,18.252410888671875,18.577924728393555,12.848895072937012,29306496,0.0,0.0
2000-12-11 00:00:00+05:30,18.776063919067383,18.823240280151367,18.332609176635742,18.544902801513672,12.82605266571045,18223826,0.0,0.0
2000-12-12 00:00:00+05:30,18.497726440429688,18.691146850585938,18.12503433227539,18.195798873901367,12.584607124328613,12973640,0.0,0.0
2000-12-13 00:00:00+05:30,18.304304122924805,18.87041664123535,18.275997161865234,18.79493522644043,12.998982429504395,16301420,0.0,0.0
2000-12-14 00:00:00+05:30,18.908157348632812,19.37991714477539,18.587360382080078,18.691146850585938,12.927201271057129,26987999,0.0,0.0
2000-12-15 00:00:00+05:30,18.615665435791016,18.710018157958984,17.974071502685547,18.08729362487793,12.509562492370605,10996662,0.0,0.0
2000-12-18 00:00:00+05:30,17.926895141601562,18.1156005859375,17.653274536132812,17.988224029541016,12.4410400390625,8867859,0.0,0.0
2000-12-19 00:00:00+05:30,18.068424224853516,18.719453811645508,18.068424224853516,18.544902801513672,12.82605266571045,22866309,0.0,0.0
2000-12-20 00:00:00+05:30,18.417526245117188,18.945898056030273,18.266563415527344,18.540184020996094,12.822792053222656,20101315,0.0,0.0
2000-12-21 00:00:00+05:30,18.507160186767578,18.507160186767578,18.1014461517334,18.24297523498535,12.617234230041504,7067559,0.0,0.0
2000-12-22 00:00:00+05:30,18.35148048400879,18.49300765991211,17.54948616027832,17.705167770385742,12.245277404785156,11168465,0.0,0.0
2000-12-25 00:00:00+05:30,17.705167770385742,17.705167770385742,17.705167770385742,17.705167770385742,12.245277404785156,0,0.0,0.0
2000-12-26 00:00:00+05:30,17.91745948791504,17.992942810058594,17.077726364135742,17.29001808166504,11.958148956298828,8242075,0.0,0.0
2000-12-27 00:00:00+05:30,17.2617130279541,17.50231170654297,16.983375549316406,17.285301208496094,11.954886436462402,5371317,0.0,0.0
2000-12-28 00:00:00+05:30,17.54005241394043,17.879718780517578,17.464569091796875,17.766496658325195,12.287692070007324,8311634,0.0,0.0
2000-12-29 00:00:00+05:30,17.879718780517578,18.25712776184082,17.66742706298828,18.176929473876953,12.571555137634277,11557858,0.0,0.0
2001-01-01 00:00:00+05:30,18.261844635009766,18.662841796875,18.030683517456055,18.398656845092773,12.724907875061035,11237186,0.0,0.0
2001-01-02 00:00:00+05:30,18.643970489501953,19.719585418701172,18.412809371948242,19.41765785217285,13.429672241210938,21367159,0.0,0.0
2001-01-03 00:00:00+05:30,19.4365291595459,20.799915313720703,19.351612091064453,20.50270652770996,14.180112838745117,59167521,0.0,0.0
2001-01-04 00:00:00+05:30,20.606494903564453,20.851810455322266,19.743173599243164,20.0639705657959,13.876676559448242,29457229,0.0,0.0
2001-01-05 00:00:00+05:30,20.068687438964844,20.606494903564453,19.87526512145996,20.28097915649414,14.026762008666992,29628333,0.0,0.0
2001-01-08 00:00:00+05:30,20.09699249267578,20.540447235107422,19.93187713623047,20.07340431213379,13.883199691772461,13834426,0.0,0.0
2001-01-09 00:00:00+05:30,20.026229858398438,20.276262283325195,19.662973403930664,19.76204490661621,13.667854309082031,12462490,0.0,0.0
2001-01-10 00:00:00+05:30,19.861112594604492,20.92257308959961,19.813936233520508,20.45081329345703,14.14422607421875,32865495,0.0,0.0
2001-01-11 00:00:00+05:30,20.521577835083008,20.700847625732422,20.15360450744629,20.356462478637695,14.07896614074707,27410883,0.0,0.0
2001-01-12 00:00:00+05:30,20.521577835083008,21.172607421875,20.380050659179688,20.837657928466797,14.411771774291992,41641168,0.0,0.0
2001-01-15 00:00:00+05:30,21.021644592285156,21.31413459777832,20.63479995727539,20.823503494262695,14.401979446411133,34162117,0.0,0.0
2001-01-16 00:00:00+05:30,20.983903884887695,21.125431060791016,20.568754196166992,20.96503257751465,14.49986743927002,26929908,0.0,0.0
2001-01-17 00:00:00+05:30,21.04051399230957,21.04051399230957,20.436660766601562,20.568754196166992,14.225791931152344,16045082,0.0,0.0
2001-01-18 00:00:00+05:30,20.436660766601562,20.795198440551758,20.200780868530273,20.644235610961914,14.277996063232422,15326190,0.0,0.0
2001-01-19 00:00:00+05:30,20.75274085998535,20.823503494262695,20.568754196166992,20.719717025756836,14.330204963684082,10512020,0.0,0.0
2001-01-22 00:00:00+05:30,20.823503494262695,21.139583587646484,20.68669319152832,20.748022079467773,14.349780082702637,13912845,0.0,0.0
2001-01-23 00:00:00+05:30,20.814069747924805,22.267091751098633,20.757457733154297,21.436792373657227,14.826147079467773,31829503,0.0,0.0
2001-01-24 00:00:00+05:30,21.88968276977539,21.88968276977539,21.167890548706055,21.32828712463379,14.751103401184082,19080055,0.0,0.0
2001-01-25 00:00:00+05:30,21.436792373657227,22.314266204833984,21.422639846801758,22.092540740966797,15.279677391052246,56142320,0.0,0.0
2001-01-26 00:00:00+05:30,22.092540740966797,22.092540740966797,22.092540740966797,22.092540740966797,15.279677391052246,0,0.0,0.0
2001-01-29 00:00:00+05:30,21.98403549194336,21.98403549194336,20.757457733154297,21.606626510620117,14.943607330322266,26620577,0.0,0.0
2001-01-30 00:00:00+05:30,21.771743774414062,21.842506408691406,21.51227569580078,21.71041488647461,15.015393257141113,22795278,0.0,0.0
2001-01-31 00:00:00+05:30,21.606626510620117,22.36144256591797,21.2386531829834,21.74815559387207,15.041492462158203,48728123,0.0,0.0
2001-02-01 00:00:00+05:30,21.61606216430664,22.158586502075195,21.295265197753906,21.52642822265625,14.888141632080078,40833374,0.0,0.0
2001-02-02 00:00:00+05:30,21.266958236694336,22.314266204833984,21.252805709838867,22.12556266784668,15.302513122558594,39106958,0.0,0.0
2001-02-05 00:00:00+05:30,22.172739028930664,22.903968811035156,21.98403549194336,22.61147689819336,15.638583183288574,36489697,0.0,0.0
2001-02-06 00:00:00+05:30,22.73885154724121,22.786027908325195,22.20576286315918,22.25765609741211,15.393872261047363,27776185,0.0,0.0
2001-02-07 00:00:00+05:30,22.408620834350586,22.691675186157227,21.941577911376953,22.41333770751953,15.501543045043945,30459083,0.0,0.0
2001-02-08 00:00:00+05:30,22.418054580688477,23.399316787719727,22.276527404785156,23.24835205078125,16.079059600830078,48161225,0.0,0.0
2001-02-09 00:00:00+05:30,23.399316787719727,24.7108097076416,23.356857299804688,24.22018051147461,16.751197814941406,69484061,0.0,0.0
2001-02-12 00:00:00+05:30,24.248485565185547,24.342836380004883,23.257787704467773,23.422903060913086,16.19978141784668,26833991,0.0,0.0
2001-02-13 00:00:00+05:30,23.58802032470703,23.965429306030273,22.951143264770508,23.18230628967285,16.03337860107422,28600057,0.0,0.0
2001-02-14 00:00:00+05:30,22.73885154724121,23.479515075683594,22.394466400146484,23.073802947998047,15.958343505859375,52075595,0.0,0.0
2001-02-15 00:00:00+05:30,23.257787704467773,23.611608505249023,22.93699073791504,23.083236694335938,15.964864730834961,36990226,0.0,0.0
2001-02-16 00:00:00+05:30,23.097389221191406,23.281375885009766,21.98403549194336,22.19161033630371,15.34819507598877,25753845,0.0,0.0
2001-02-19 00:00:00+05:30,22.408620834350586,22.92283821105957,22.408620834350586,22.616193771362305,15.641847610473633,27932387,0.0,0.0
2001-02-20 00:00:00+05:30,22.46523094177246,22.70111083984375,22.177457809448242,22.2812442779541,15.410189628601074,22365632,0.0,0.0
2001-02-21 00:00:00+05:30,22.172739028930664,24.031475067138672,22.078386306762695,22.53127670288086,15.583115577697754,37819768,0.0,0.0
2001-02-22 00:00:00+05:30,22.285961151123047,22.73885154724121,21.70569610595703,21.89440155029297,15.142637252807617,25937784,0.0,0.0
2001-02-23 00:00:00+05:30,22.078386306762695,22.172739028930664,20.80463409423828,20.998056411743164,14.52270793914795,22048373,0.0,0.0
2001-02-26 00:00:00+05:30,20.757457733154297,21.172607421875,20.474401473999023,20.98862075805664,14.516180992126465,15412081,0.0,0.0
2001-02-27 00:00:00+05:30,21.04051399230957,21.70569610595703,20.870681762695312,21.06882095336914,14.57165241241455,31056367,0.0,0.0
2001-02-28 00:00:00+05:30,21.417922973632812,23.663501739501953,21.34244155883789,23.163436889648438,16.020328521728516,71897680,0.0,0.0
2001-03-01 00:00:00+05:30,23.493667602539062,25.423168182373047,23.493667602539062,24.663633346557617,17.057899475097656,73527384,0.0,0.0
2001-03-02 00:00:00+05:30,25.0033016204834,26.031740188598633,24.748550415039062,25.017454147338867,17.302614212036133,62208514,0.0,0.0
2001-03-05 00:00:00+05:30,25.192005157470703,25.371274948120117,24.05978012084961,24.682504653930664,17.070953369140625,44423798,0.0,0.0
2001-03-06 00:00:00+05:30,24.682504653930664,24.682504653930664,24.682504653930664,24.682504653930664,17.070953369140625,0,0.0,0.0
2001-03-07 00:00:00+05:30,24.908950805664062,25.050477981567383,23.984298706054688,24.809879302978516,17.159048080444336,38814436,0.0,0.0
2001-03-08 00:00:00+05:30,25.0033016204834,25.371274948120117,24.55512809753418,24.720245361328125,17.097055435180664,16204379,0.0,0.0
2001-03-09 00:00:00+05:30,24.59758758544922,24.814598083496094,23.833335876464844,24.51738929748535,16.956758499145508,14988094,0.0,0.0
2001-03-12 00:00:00+05:30,24.305095672607422,24.55512809753418,22.682241439819336,23.14456558227539,16.007278442382812,11301499,0.0,0.0
2001-03-13 00:00:00+05:30,22.880380630493164,22.880380630493164,21.04051399230957,21.516992568969727,14.881619453430176,13193041,0.0,0.0
2001-03-14 00:00:00+05:30,21.696260452270508,22.644500732421875,21.229217529296875,22.30954933166504,15.429765701293945,7697222,0.0,0.0
2001-03-15 00:00:00+05:30,21.804765701293945,22.455795288085938,21.63021469116211,22.30954933166504,15.429765701293945,4656145,0.0,0.0
2001-03-16 00:00:00+05:30,22.172739028930664,23.399316787719727,21.71041488647461,22.026493072509766,15.233996391296387,8150556,0.0,0.0
2001-03-19 00:00:00+05:30,21.71041488647461,22.455795288085938,21.700979232788086,21.974599838256836,15.198102951049805,1827717,0.0,0.0
2001-03-20 00:00:00+05:30,22.15386962890625,22.267091751098633,21.611343383789062,21.823637008666992,15.093696594238281,3275030,0.0,0.0
2001-03-21 00:00:00+05:30,21.417922973632812,22.526559829711914,21.417922973632812,22.38974952697754,15.485230445861816,4055766,0.0,0.0
2001-03-22 00:00:00+05:30,22.36144256591797,23.09267234802246,21.191478729248047,21.295265197753906,14.728260040283203,6883557,0.0,0.0
2001-03-23 00:00:00+05:30,21.51227569580078,21.597192764282227,20.521577835083008,20.71500015258789,14.326940536499023,5129065,0.0,0.0
2001-03-26 00:00:00+05:30,20.757457733154297,20.80463409423828,19.82337188720703,20.082841873168945,13.889726638793945,3751247,0.0,0.0
2001-03-27 00:00:00+05:30,19.908288955688477,20.01207733154297,19.493139266967773,19.620515823364258,13.569971084594727,5117608,0.0,0.0
2001-03-28 00:00:00+05:30,19.813936233520508,20.19134521484375,19.813936233520508,19.9979248046875,13.83099365234375,2645792,0.0,0.0
2001-03-29 00:00:00+05:30,19.832807540893555,20.710281372070312,19.766761779785156,20.380050659179688,14.095284461975098,10017139,0.0,0.0
2001-03-30 00:00:00+05:30,20.42722511291504,20.512142181396484,18.879852294921875,18.969486236572266,13.119702339172363,6757614,0.0,0.0
2001-04-02 00:00:00+05:30,18.776063919067383,18.776063919067383,17.488157272338867,18.290151596069336,12.649863243103027,3945985,0.0,0.0
2001-04-03 00:00:00+05:30,18.228822708129883,19.007226943969727,18.209951400756836,18.761911392211914,12.976140022277832,6004509,0.0,0.0
2001-04-04 00:00:00+05:30,18.209951400756836,18.681711196899414,18.035400390625,18.544902801513672,12.82605266571045,2212447,0.0,0.0
2001-04-05 00:00:00+05:30,18.544902801513672,18.544902801513672,18.544902801513672,18.544902801513672,12.82605266571045,0,0.0,0.0
2001-04-06 00:00:00+05:30,18.776063919067383,19.672409057617188,18.681711196899414,18.804370880126953,13.00550651550293,6481075,0.0,0.0
2001-04-09 00:00:00+05:30,18.776063919067383,19.049684524536133,18.356197357177734,18.776063919067383,12.985931396484375,3416161,0.0,0.0
2001-04-10 00:00:00+05:30,18.894004821777344,19.228954315185547,18.62038230895996,18.941179275512695,13.100127220153809,4426314,0.0,0.0
2001-04-11 00:00:00+05:30,19.1440372467041,19.714868545532227,18.540184020996094,19.52616310119629,13.50471305847168,7055053,0.0,0.0
2001-04-12 00:00:00+05:30,19.17234230041504,19.60636329650879,18.615665435791016,19.011943817138672,13.149068832397461,9198206,0.0,0.0
2001-04-13 00:00:00+05:30,19.011943817138672,19.011943817138672,19.011943817138672,19.011943817138672,13.149068832397461,0,0.0,0.0
2001-04-16 00:00:00+05:30,18.969486236572266,19.285566329956055,18.691146850585938,19.139320373535156,13.237165451049805,2767400,0.0,0.0
2001-04-17 00:00:00+05:30,19.10629653930664,20.276262283325195,19.01666259765625,19.57805633544922,13.540607452392578,7656757,0.0,0.0
2001-04-18 00:00:00+05:30,19.908288955688477,20.380050659179688,19.582775115966797,20.252674102783203,14.007187843322754,12173255,0.0,0.0
2001-04-19 00:00:00+05:30,20.342309951782227,21.361310958862305,19.861112594604492,21.016925811767578,14.535758018493652,25727009,0.0,0.0
2001-04-20 00:00:00+05:30,21.13486671447754,21.417922973632812,19.87526512145996,20.32343864440918,14.05612850189209,12191770,0.0,0.0
2001-04-23 00:00:00+05:30,20.28569793701172,20.681976318359375,20.09699249267578,20.469684600830078,14.157278060913086,6197700,0.0,0.0
2001-04-24 00:00:00+05:30,20.290414810180664,20.53101348876953,20.15360450744629,20.431943893432617,14.131174087524414,5125313,0.0,0.0
2001-04-25 00:00:00+05:30,20.380050659179688,21.04051399230957,20.304567337036133,20.6112117767334,14.255154609680176,7521285,0.0,0.0
2001-04-26 00:00:00+05:30,20.733869552612305,20.917856216430664,20.483837127685547,20.653671264648438,14.284525871276855,6370415,0.0,0.0
2001-04-27 00:00:00+05:30,20.483837127685547,20.483837127685547,19.011943817138672,19.729019165039062,13.645015716552734,5619483,0.0,0.0
2001-04-30 00:00:00+05:30,19.729019165039062,20.09699249267578,19.648820877075195,19.7714786529541,13.674378395080566,3627370,0.0,0.0
2001-05-01 00:00:00+05:30,19.7714786529541,19.7714786529541,19.7714786529541,19.7714786529541,13.674378395080566,0,0.0,0.0
2001-05-02 00:00:00+05:30,19.93187713623047,21.229217529296875,19.93187713623047,20.27154541015625,14.02023696899414,10664109,0.0,0.0
2001-05-03 00:00:00+05:30,20.22908592224121,20.710281372070312,20.030946731567383,20.106428146362305,13.906038284301758,5517726,0.0,0.0
2001-05-04 00:00:00+05:30,20.01207733154297,21.465099334716797,19.908288955688477,21.248088836669922,14.695637702941895,23134677,0.0,0.0
2001-05-07 00:00:00+05:30,21.601909637451172,22.36144256591797,21.465099334716797,21.884965896606445,15.136117935180664,14929961,0.0,0.0
2001-05-08 00:00:00+05:30,21.936859130859375,22.342573165893555,21.842506408691406,22.234067916870117,15.377558708190918,8682553,0.0,0.0
2001-05-09 00:00:00+05:30,21.88968276977539,22.36144256591797,21.6538028717041,21.696260452270508,15.005598068237305,4372304,0.0,0.0
2001-05-10 00:00:00+05:30,21.88968276977539,23.2011775970459,21.88968276977539,22.970014572143555,15.88655948638916,25663757,0.0,0.0
2001-05-11 00:00:00+05:30,22.955862045288086,23.191741943359375,22.455795288085938,22.616193771362305,15.641847610473633,16992915,0.0,0.0
2001-05-14 00:00:00+05:30,22.83320426940918,23.304964065551758,22.71526336669922,22.83320426940918,15.791939735412598,13780819,0.0,0.0
2001-05-15 00:00:00+05:30,22.644500732421875,22.927555084228516,21.88968276977539,22.583171844482422,15.619009017944336,6852694,0.0,0.0
2001-05-16 00:00:00+05:30,22.73885154724121,22.913402557373047,22.36144256591797,22.474666595458984,15.543961524963379,5642970,0.0,0.0
2001-05-17 00:00:00+05:30,22.55486488342285,23.95599365234375,22.55486488342285,22.682241439819336,15.687525749206543,9829491,0.0,0.0
2001-05-18 00:00:00+05:30,22.8284854888916,22.9747314453125,22.21991539001465,22.32370376586914,15.439552307128906,9614689,0.0,0.0
2001-05-21 00:00:00+05:30,22.134998321533203,22.248220443725586,21.715131759643555,21.83778953552246,15.103487014770508,4661857,0.0,0.0
2001-05-22 00:00:00+05:30,21.88968276977539,21.936859130859375,21.35659408569336,21.469816207885742,14.848986625671387,5676758,0.0,0.0
2001-05-23 00:00:00+05:30,21.700979232788086,21.700979232788086,21.370746612548828,21.413204193115234,14.809830665588379,3054346,0.0,0.0
2001-05-24 00:00:00+05:30,21.323570251464844,21.795330047607422,21.281112670898438,21.422639846801758,14.81635570526123,3551506,0.0,0.0
2001-05-25 00:00:00+05:30,21.51227569580078,21.68210792541504,21.04523277282715,21.1065616607666,14.597753524780273,4299004,0.0,0.0
2001-05-28 00:00:00+05:30,21.04523277282715,21.611343383789062,20.941444396972656,21.35659408569336,14.770682334899902,13504343,0.0,0.0
2001-05-29 00:00:00+05:30,21.389617919921875,22.521841049194336,21.389617919921875,21.715131759643555,15.018649101257324,20875013,0.0,0.0
2001-05-30 00:00:00+05:30,21.88968276977539,21.998188018798828,21.26224136352539,21.389617919921875,14.79351806640625,8102809,0.0,0.0
2001-05-31 00:00:00+05:30,21.229217529296875,21.333005905151367,20.578189849853516,20.89898681640625,14.454187393188477,6642142,0.0,0.0
2001-06-01 00:00:00+05:30,20.993337631225586,21.064102172851562,20.365896224975586,20.422508239746094,14.124646186828613,7266304,0.0,0.0
2001-06-04 00:00:00+05:30,20.568754196166992,20.568754196166992,20.144168853759766,20.25739288330078,14.010448455810547,4465751,0.0,0.0
2001-06-05 00:00:00+05:30,20.314002990722656,20.380050659179688,19.813936233520508,19.856395721435547,13.733110427856445,6342901,0.0,0.0
2001-06-06 00:00:00+05:30,20.049816131591797,20.512142181396484,20.002641677856445,20.20549774169922,13.97455883026123,8078475,0.0,0.0
2001-06-07 00:00:00+05:30,20.356462478637695,21.370746612548828,20.15360450744629,21.031078338623047,14.545546531677246,18333405,0.0,0.0
2001-06-08 00:00:00+05:30,21.370746612548828,21.465099334716797,20.9461612701416,21.163171768188477,14.636909484863281,7905220,0.0,0.0
2001-06-11 00:00:00+05:30,21.18204116821289,21.34244155883789,20.993337631225586,21.07825469970703,14.57817554473877,4984277,0.0,0.0
2001-06-12 00:00:00+05:30,21.07825469970703,21.07825469970703,20.106428146362305,20.247957229614258,14.003923416137695,8337356,0.0,0.0
2001-06-13 00:00:00+05:30,20.37533187866211,20.644235610961914,20.290414810180664,20.49327278137207,14.173588752746582,4909218,0.0,0.0
2001-06-14 00:00:00+05:30,20.474401473999023,20.474401473999023,19.95546531677246,20.0639705657959,13.876676559448242,4009323,0.0,0.0
2001-06-15 00:00:00+05:30,19.927160263061523,20.08755874633789,19.719585418701172,19.87998390197754,13.749424934387207,4325691,0.0,0.0
2001-06-18 00:00:00+05:30,19.861112594604492,20.08755874633789,19.634668350219727,20.026229858398438,13.850568771362305,3428254,0.0,0.0
2001-06-19 00:00:00+05:30,20.09699249267578,20.941444396972656,20.002641677856445,20.710281372070312,14.3236722946167,9986975,0.0,0.0
2001-06-20 00:00:00+05:30,20.9461612701416,21.375463485717773,20.568754196166992,21.290546417236328,14.72500228881836,14378177,0.0,0.0
2001-06-21 00:00:00+05:30,21.229217529296875,21.696260452270508,21.139583587646484,21.413204193115234,14.809830665588379,18092011,0.0,0.0
2001-06-22 00:00:00+05:30,21.51227569580078,21.51227569580078,20.98862075805664,21.196195602416992,14.659745216369629,8142724,0.0,0.0
2001-06-25 00:00:00+05:30,21.031078338623047,21.031078338623047,20.01207733154297,20.12529945373535,13.919089317321777,11232862,0.0,0.0
2001-06-26 00:00:00+05:30,20.00735855102539,20.644235610961914,19.842243194580078,20.50742530822754,14.183379173278809,6005092,0.0,0.0
2001-06-27 00:00:00+05:30,20.474401473999023,20.644235610961914,20.078123092651367,20.3989200592041,14.108332633972168,3388817,0.0,0.0
2001-06-28 00:00:00+05:30,20.549882888793945,20.89898681640625,20.347026824951172,20.681976318359375,14.304098129272461,6291562,0.0,0.0
2001-06-29 00:00:00+05:30,20.66310691833496,20.748022079467773,20.28569793701172,20.460248947143555,14.150748252868652,4683563,0.0,0.0
2001-07-02 00:00:00+05:30,20.30928611755371,20.549882888793945,19.813936233520508,20.314002990722656,14.381194114685059,1830611,0.47176,0.0
2001-07-03 00:00:00+05:30,20.15360450744629,20.9461612701416,19.908288955688477,20.748022079467773,14.688456535339355,7929999,0.0,0.0
2001-07-04 00:00:00+05:30,20.93672752380371,21.606626510620117,20.93672752380371,21.54058074951172,15.249544143676758,6418766,0.0,0.0
2001-07-05 00:00:00+05:30,21.606626510620117,21.974599838256836,21.219783782958984,21.333005905151367,15.102591514587402,6652868,0.0,0.0
2001-07-06 00:00:00+05:30,21.200912475585938,21.266958236694336,20.955596923828125,21.101842880249023,14.938940048217773,5707059,0.0,0.0
2001-07-09 00:00:00+05:30,20.757457733154297,20.932008743286133,20.568754196166992,20.63479995727539,14.608302116394043,3224178,0.0,0.0
2001-07-10 00:00:00+05:30,20.620647430419922,21.115995407104492,20.474401473999023,20.67254066467285,14.63502311706543,9066964,0.0,0.0
2001-07-11 00:00:00+05:30,20.710281372070312,20.851810455322266,20.587623596191406,20.644235610961914,14.614977836608887,2182103,0.0,0.0
2001-07-12 00:00:00+05:30,20.75274085998535,21.04051399230957,20.75274085998535,20.983903884887695,14.85544490814209,2702431,0.0,0.0
2001-07-13 00:00:00+05:30,21.130149841308594,21.31413459777832,20.719717025756836,21.139583587646484,14.96566104888916,6078254,0.0,0.0
2001-07-16 00:00:00+05:30,21.21034812927246,21.441511154174805,21.064102172851562,21.219783782958984,15.022439002990723,4878736,0.0,0.0
2001-07-17 00:00:00+05:30,20.748022079467773,20.851810455322266,20.50270652770996,20.6112117767334,14.59160041809082,1347166,0.0,0.0
2001-07-18 00:00:00+05:30,20.66310691833496,20.823503494262695,20.342309951782227,20.422508239746094,14.45801067352295,5799829,0.0,0.0
2001-07-19 00:00:00+05:30,20.757457733154297,20.757457733154297,20.10171127319336,20.181909561157227,14.287683486938477,1846816,0.0,0.0
2001-07-20 00:00:00+05:30,20.28569793701172,20.380050659179688,19.795066833496094,19.927160263061523,14.107329368591309,1819461,0.0,0.0
2001-07-23 00:00:00+05:30,19.908288955688477,20.568754196166992,19.677127838134766,20.12529945373535,14.247603416442871,38504,0.0,0.0
2001-07-24 00:00:00+05:30,20.002641677856445,20.200780868530273,19.813936233520508,19.846960067749023,14.050556182861328,1575736,0.0,0.0
2001-07-25 00:00:00+05:30,19.672409057617188,20.115863800048828,19.672409057617188,19.913007736206055,14.097311973571777,2765015,0.0,0.0
2001-07-26 00:00:00+05:30,20.25739288330078,20.25739288330078,19.27613067626953,19.59221076965332,13.870205879211426,3287251,0.0,0.0
2001-07-27 00:00:00+05:30,19.87526512145996,19.946029663085938,19.34217643737793,19.776195526123047,14.000457763671875,2770262,0.0,0.0
2001-07-30 00:00:00+05:30,19.813936233520508,19.917724609375,19.27613067626953,19.37991714477539,13.719914436340332,1952156,0.0,0.0
2001-07-31 00:00:00+05:30,19.34217643737793,19.4365291595459,18.908157348632812,19.02609634399414,13.469429969787598,3820540,0.0,0.0
2001-08-01 00:00:00+05:30,19.059120178222656,19.861112594604492,19.059120178222656,19.441246032714844,13.76332950592041,4666764,0.0,0.0
2001-08-02 00:00:00+05:30,19.530881881713867,19.65825653076172,19.20064926147461,19.573339462280273,13.856847763061523,1955134,0.0,0.0
2001-08-03 00:00:00+05:30,19.57805633544922,19.719585418701172,19.57805633544922,19.59221076965332,13.870205879211426,1134399,0.0,0.0
2001-08-06 00:00:00+05:30,19.73373794555664,20.144168853759766,19.295000076293945,19.365764617919922,13.7098970413208,2838230,0.0,0.0
2001-08-07 00:00:00+05:30,19.4365291595459,19.74789047241211,19.299718856811523,19.35633087158203,13.703214645385742,2166862,0.0,0.0
2001-08-08 00:00:00+05:30,19.34217643737793,19.502574920654297,18.785499572753906,18.92702865600586,13.399293899536133,2830207,0.0,0.0
2001-08-09 00:00:00+05:30,18.87041664123535,19.06855583190918,18.691146850585938,18.860980987548828,13.35253620147705,2574611,0.0,0.0
2001-08-10 00:00:00+05:30,18.89872169494629,19.290283203125,18.89872169494629,19.15818977355957,13.562943458557129,2497814,0.0,0.0
2001-08-13 00:00:00+05:30,19.059120178222656,19.530881881713867,19.059120178222656,19.483705520629883,13.793389320373535,1531603,0.0,0.0
2001-08-14 00:00:00+05:30,19.521446228027344,19.950748443603516,19.455398559570312,19.82337188720703,14.033853530883789,1943687,0.0,0.0
2001-08-15 00:00:00+05:30,19.82337188720703,19.82337188720703,19.82337188720703,19.82337188720703,14.033853530883789,0,0.0,0.0
2001-08-16 00:00:00+05:30,19.908288955688477,19.988489151000977,19.34217643737793,19.427093505859375,13.753312110900879,1223512,0.0,0.0
2001-08-17 00:00:00+05:30,19.46955108642578,19.653539657592773,19.16290855407715,19.214801788330078,13.603019714355469,1415432,0.0,0.0
2001-08-20 00:00:00+05:30,19.238388061523438,19.41765785217285,19.153472900390625,19.214801788330078,13.603019714355469,1161055,0.0,0.0
2001-08-21 00:00:00+05:30,19.41765785217285,19.41765785217285,18.705299377441406,18.78078269958496,13.295759201049805,1964545,0.0,0.0
2001-08-22 00:00:00+05:30,18.78078269958496,18.78078269958496,18.78078269958496,18.78078269958496,13.295759201049805,0,0.0,0.0
2001-08-23 00:00:00+05:30,19.12044906616211,19.12044906616211,18.799652099609375,18.865699768066406,13.355877876281738,2019478,0.0,0.0
2001-08-24 00:00:00+05:30,20.77632713317871,20.77632713317871,18.738323211669922,18.856264114379883,13.349196434020996,1917074,0.0,0.0
2001-08-27 00:00:00+05:30,18.92702865600586,19.059120178222656,18.535465240478516,18.747758865356445,13.272377967834473,1855115,0.0,0.0
2001-08-28 00:00:00+05:30,18.964767456054688,18.964767456054688,18.686429977416992,18.75719451904297,13.279059410095215,1467492,0.0,0.0
2001-08-29 00:00:00+05:30,18.691146850585938,19.12044906616211,18.691146850585938,18.856264114379883,13.349196434020996,2197174,0.0,0.0
2001-08-30 00:00:00+05:30,18.87041664123535,19.035531997680664,18.70058250427246,18.747758865356445,13.272377967834473,1353875,0.0,0.0
2001-08-31 00:00:00+05:30,18.705299377441406,18.860980987548828,18.592077255249023,18.710018157958984,13.245662689208984,1772774,0.0,0.0
2001-09-03 00:00:00+05:30,18.559053421020508,18.84682846069336,18.408090591430664,18.56848907470703,13.145466804504395,1138607,0.0,0.0
2001-09-04 00:00:00+05:30,18.587360382080078,18.67699432373047,18.34676170349121,18.37506866455078,13.008539199829102,1832285,0.0,0.0
2001-09-05 00:00:00+05:30,18.45526695251465,18.615665435791016,18.1816463470459,18.200517654418945,12.884964942932129,1010936,0.0,0.0
2001-09-06 00:00:00+05:30,18.474138259887695,18.474138259887695,17.804237365722656,17.846696853637695,12.634477615356445,1727317,0.0,0.0
2001-09-07 00:00:00+05:30,17.879718780517578,17.926895141601562,17.64383888244629,17.846696853637695,12.634477615356445,886191,0.0,0.0
2001-09-10 00:00:00+05:30,17.879718780517578,18.1156005859375,17.596662521362305,17.700450897216797,12.530943870544434,1230285,0.0,0.0
2001-09-11 00:00:00+05:30,17.714603424072266,17.818391799926758,17.573074340820312,17.620250701904297,12.474165916442871,1413355,0.0,0.0
2001-09-12 00:00:00+05:30,16.379520416259766,17.360782623291016,16.039854049682617,16.922046661376953,11.979876518249512,3603916,0.0,0.0
2001-09-13 00:00:00+05:30,17.077726364135742,17.384370803833008,16.52104949951172,16.8607177734375,11.936460494995117,1373366,0.0,0.0
2001-09-14 00:00:00+05:30,16.69088363647461,17.06829261779785,16.143640518188477,16.37480354309082,11.592458724975586,4519031,0.0,0.0
2001-09-17 00:00:00+05:30,15.28503704071045,15.945502281188965,14.737794876098633,14.742512702941895,10.436885833740234,4454358,0.0,0.0
2001-09-18 00:00:00+05:30,14.718925476074219,15.549222946166992,14.459456443786621,15.035003662109375,10.643953323364258,5581477,0.0,0.0
2001-09-19 00:00:00+05:30,15.256731986999512,15.54450511932373,14.912345886230469,15.45487117767334,10.94119644165039,3070880,0.0,0.0
2001-09-20 00:00:00+05:30,15.402976989746094,15.402976989746094,13.912214279174805,14.506631851196289,10.269896507263184,6660075,0.0,0.0
2001-09-21 00:00:00+05:30,14.34151554107666,14.34151554107666,13.214009284973145,13.346101760864258,9.44830322265625,6041265,0.0,0.0
2001-09-24 00:00:00+05:30,13.478195190429688,13.959389686584473,13.478195190429688,13.81314468383789,9.77894401550293,4403029,0.0,0.0
2001-09-25 00:00:00+05:30,14.247163772583008,14.62457275390625,13.869755744934082,13.935802459716797,9.8657808303833,2415749,0.0,0.0
2001-09-26 00:00:00+05:30,14.133941650390625,14.42171573638916,13.898061752319336,14.365103721618652,10.169703483581543,2666289,0.0,0.0
2001-09-27 00:00:00+05:30,14.530220031738281,15.473740577697754,14.34151554107666,14.931217193603516,10.570478439331055,3503452,0.0,0.0
2001-09-28 00:00:00+05:30,15.001980781555176,15.874737739562988,14.997262954711914,15.563376426696777,11.018013954162598,3869326,0.0,0.0
2001-10-01 00:00:00+05:30,15.572811126708984,17.03998565673828,15.572811126708984,16.52104949951172,11.695991516113281,8970135,0.0,0.0
2001-10-02 00:00:00+05:30,16.52104949951172,16.52104949951172,16.52104949951172,16.52104949951172,11.695991516113281,0,0.0,0.0
2001-10-03 00:00:00+05:30,16.511613845825195,16.7003173828125,16.06344223022461,16.271015167236328,11.518980979919434,3826168,0.0,0.0
2001-10-04 00:00:00+05:30,16.256864547729492,16.49274444580078,15.803974151611328,16.134206771850586,11.42212963104248,3024225,0.0,0.0
2001-10-05 00:00:00+05:30,16.36065101623535,16.662578582763672,15.86058521270752,16.530485153198242,11.702672004699707,3767007,0.0,0.0
2001-10-08 00:00:00+05:30,16.044570922851562,16.32291030883789,15.577528953552246,16.24742889404297,11.502283096313477,2832624,0.0,0.0
2001-10-09 00:00:00+05:30,16.072877883911133,16.351215362548828,16.072877883911133,16.313474655151367,11.549040794372559,1718276,0.0,0.0
2001-10-10 00:00:00+05:30,16.157794952392578,16.81825828552246,16.134206771850586,16.72862434387207,11.84294319152832,2447460,0.0,0.0
2001-10-11 00:00:00+05:30,16.87487030029297,17.337194442749023,16.79467010498047,17.09659767150879,12.103447914123535,2836821,0.0,0.0
2001-10-12 00:00:00+05:30,17.233407974243164,17.407958984375,17.021114349365234,17.30417251586914,12.25040054321289,2435865,0.0,0.0
2001-10-15 00:00:00+05:30,17.17207908630371,17.54005241394043,17.077726364135742,17.374935150146484,12.300496101379395,1102582,0.0,0.0
2001-10-16 00:00:00+05:30,17.360782623291016,17.780649185180664,17.14377212524414,17.43626594543457,12.343916893005371,2764666,0.0,0.0
2001-10-17 00:00:00+05:30,17.455135345458984,17.738191604614258,17.37021827697754,17.587228775024414,12.450790405273438,1718690,0.0,0.0
2001-10-18 00:00:00+05:30,17.26643180847168,17.530616760253906,17.124902725219727,17.43626594543457,12.343916893005371,1490364,0.0,0.0
2001-10-19 00:00:00+05:30,17.29001808166504,17.521181106567383,17.29001808166504,17.43626594543457,12.343916893005371,1568995,0.0,0.0
2001-10-22 00:00:00+05:30,17.587228775024414,18.804370880126953,17.57779312133789,17.766496658325195,12.577699661254883,15153963,0.0,0.0
2001-10-23 00:00:00+05:30,18.02124786376953,18.02124786376953,17.610815048217773,17.81367301940918,12.611098289489746,3923262,0.0,0.0
2001-10-24 00:00:00+05:30,17.870283126831055,17.974071502685547,17.360782623291016,17.742908477783203,12.560998916625977,2385861,0.0,0.0
2001-10-25 00:00:00+05:30,17.926895141601562,17.926895141601562,17.455135345458984,17.657991409301758,12.500883102416992,972633,0.0,0.0
2001-10-26 00:00:00+05:30,17.657991409301758,17.657991409301758,17.657991409301758,17.657991409301758,12.500883102416992,0,0.0,0.0
2001-10-29 00:00:00+05:30,17.78536605834961,18.275997161865234,17.64383888244629,17.9693546295166,12.721312522888184,2597473,0.0,0.0
2001-10-30 00:00:00+05:30,17.74762725830078,17.91745948791504,17.417394638061523,17.64383888244629,12.490865707397461,2102677,0.0,0.0
2001-10-31 00:00:00+05:30,17.360782623291016,17.738191604614258,16.98809242248535,17.507028579711914,12.394013404846191,1895782,0.0,0.0
2001-11-01 00:00:00+05:30,17.64383888244629,18.162776947021484,17.50231170654297,17.926895141601562,12.691252708435059,2431361,0.0,0.0
2001-11-02 00:00:00+05:30,17.974071502685547,18.379785537719727,17.974071502685547,18.304304122924805,12.958439826965332,2859226,0.0,0.0
2001-11-05 00:00:00+05:30,18.29486846923828,19.238388061523438,18.29486846923828,18.92230987548828,13.395954132080078,5521234,0.0,0.0
2001-11-06 00:00:00+05:30,19.16290855407715,19.719585418701172,19.059120178222656,19.43181037902832,13.756650924682617,6440143,0.0,0.0
2001-11-07 00:00:00+05:30,19.530881881713867,19.60164451599121,18.776063919067383,18.851545333862305,13.345858573913574,2725906,0.0,0.0
2001-11-08 00:00:00+05:30,18.860980987548828,19.1440372467041,18.540184020996094,18.875133514404297,13.362553596496582,2155331,0.0,0.0
2001-11-09 00:00:00+05:30,18.964767456054688,19.34217643737793,18.7288875579834,18.860980987548828,13.35253620147705,2649650,0.0,0.0
2001-11-12 00:00:00+05:30,19.0638370513916,19.0638370513916,18.823240280151367,18.851545333862305,13.345858573913574,817236,0.0,0.0
2001-11-13 00:00:00+05:30,19.059120178222656,19.238388061523438,18.592077255249023,18.879852294921875,13.36589527130127,2042318,0.0,0.0
2001-11-14 00:00:00+05:30,18.87041664123535,19.153472900390625,18.606231689453125,18.823240280151367,13.32581901550293,672936,0.0,0.0
2001-11-15 00:00:00+05:30,18.398656845092773,19.247825622558594,18.398656845092773,18.903440475463867,13.382594108581543,2260755,0.0,0.0
2001-11-16 00:00:00+05:30,18.903440475463867,18.903440475463867,18.903440475463867,18.903440475463867,13.382594108581543,0,0.0,0.0
2001-11-19 00:00:00+05:30,18.97420310974121,19.295000076293945,18.40337371826172,18.945898056030273,13.412652969360352,2282588,0.0,0.0
2001-11-20 00:00:00+05:30,19.059120178222656,19.79978370666504,19.059120178222656,19.295000076293945,13.659796714782715,6065409,0.0,0.0
2001-11-21 00:00:00+05:30,19.389352798461914,19.620515823364258,18.634536743164062,18.88456916809082,13.369235038757324,2639666,0.0,0.0
2001-11-22 00:00:00+05:30,19.153472900390625,19.37991714477539,18.945898056030273,19.205366134643555,13.596343040466309,2032758,0.0,0.0
2001-11-23 00:00:00+05:30,19.34217643737793,19.625232696533203,18.776063919067383,19.05440330505371,13.489470481872559,2989875,0.0,0.0
2001-11-26 00:00:00+05:30,19.34217643737793,19.521446228027344,19.16290855407715,19.450681686401367,13.770012855529785,1618077,0.0,0.0
2001-11-27 00:00:00+05:30,19.530881881713867,20.474401473999023,19.530881881713867,20.200780868530273,14.301041603088379,6861162,0.0,0.0
2001-11-28 00:00:00+05:30,20.238521575927734,20.606494903564453,20.16775894165039,20.36117935180664,14.414594650268555,6346738,0.0,0.0
2001-11-29 00:00:00+05:30,19.908288955688477,20.19134521484375,19.545034408569336,19.662973403930664,13.920305252075195,2557092,0.0,0.0
2001-11-30 00:00:00+05:30,19.662973403930664,19.662973403930664,19.662973403930664,19.662973403930664,13.920305252075195,0,0.0,0.0
2001-12-03 00:00:00+05:30,19.25254249572754,19.625232696533203,18.879852294921875,19.00250816345215,13.452730178833008,3284781,0.0,0.0
2001-12-04 00:00:00+05:30,18.78078269958496,19.10629653930664,18.59679412841797,18.842111587524414,13.339178085327148,2455006,0.0,0.0
2001-12-05 00:00:00+05:30,19.228954315185547,19.285566329956055,18.785499572753906,18.865699768066406,13.355877876281738,1922639,0.0,0.0
2001-12-06 00:00:00+05:30,19.247825622558594,19.34217643737793,18.84682846069336,19.08270835876465,13.509510040283203,2189564,0.0,0.0
2001-12-07 00:00:00+05:30,19.34217643737793,19.65825653076172,18.78078269958496,18.856264114379883,13.349196434020996,3678530,0.0,0.0
2001-12-10 00:00:00+05:30,18.875133514404297,19.059120178222656,18.62038230895996,18.75719451904297,13.279059410095215,1709532,0.0,0.0
2001-12-11 00:00:00+05:30,18.823240280151367,19.00250816345215,17.91745948791504,18.1156005859375,12.824849128723145,5416043,0.0,0.0
2001-12-12 00:00:00+05:30,18.48357391357422,19.247825622558594,17.700450897216797,17.856130599975586,12.641155242919922,4440961,0.0,0.0
2001-12-13 00:00:00+05:30,17.926895141601562,18.1816463470459,17.124902725219727,17.26643180847168,12.22368335723877,7135518,0.0,0.0
2001-12-14 00:00:00+05:30,17.360782623291016,17.43626594543457,16.417261123657227,16.620119094848633,11.766128540039062,9009954,0.0,0.0
2001-12-17 00:00:00+05:30,16.620119094848633,16.620119094848633,16.620119094848633,16.620119094848633,11.766128540039062,0,0.0,0.0
2001-12-18 00:00:00+05:30,16.889022827148438,17.195667266845703,16.681447982788086,16.955068588256836,12.003252029418945,3811108,0.0,0.0
2001-12-19 00:00:00+05:30,17.077726364135742,17.26643180847168,16.662578582763672,16.841846466064453,11.923100471496582,2325852,0.0,0.0
2001-12-20 00:00:00+05:30,16.8607177734375,17.634403228759766,16.620119094848633,17.403240203857422,12.320535659790039,4047679,0.0,0.0
2001-12-21 00:00:00+05:30,17.360782623291016,17.455135345458984,16.89845848083496,16.992809295654297,12.029972076416016,2489314,0.0,0.0
2001-12-24 00:00:00+05:30,16.983375549316406,17.22397232055664,16.473873138427734,17.17207908630371,12.156886100769043,1667520,0.0,0.0
2001-12-25 00:00:00+05:30,17.17207908630371,17.17207908630371,17.17207908630371,17.17207908630371,12.156886100769043,0,0.0,0.0
2001-12-26 00:00:00+05:30,17.26643180847168,17.26643180847168,16.813541412353516,16.95035171508789,11.999913215637207,1364474,0.0,0.0
2001-12-27 00:00:00+05:30,16.91261100769043,17.073009490966797,15.851149559020996,16.077594757080078,11.382051467895508,3104372,0.0,0.0
2001-12-28 00:00:00+05:30,16.134206771850586,16.605966567993164,16.039854049682617,16.511613845825195,11.689312934875488,1859778,0.0,0.0
2001-12-31 00:00:00+05:30,16.73805809020996,17.294736862182617,16.62483787536621,17.12018585205078,12.120147705078125,2096530,0.0,0.0
2002-01-01 00:00:00+05:30,17.26643180847168,17.39380645751953,17.219255447387695,17.308889389038086,12.253740310668945,1631389,0.0,0.0
2002-01-02 00:00:00+05:30,17.431547164916992,17.879718780517578,17.431547164916992,17.794803619384766,12.597742080688477,2262175,0.0,0.0
2002-01-03 00:00:00+05:30,18.02124786376953,18.955333709716797,17.837261199951172,18.785499572753906,13.299099922180176,6243698,0.0,0.0
2002-01-04 00:00:00+05:30,18.92230987548828,19.280847549438477,18.87041664123535,19.125167846679688,13.539563179016113,4207781,0.0,0.0
2002-01-07 00:00:00+05:30,19.295000076293945,19.295000076293945,18.21938705444336,18.35148048400879,12.991836547851562,2313239,0.0,0.0
2002-01-08 00:00:00+05:30,18.559053421020508,18.559053421020508,18.04955291748047,18.158058166503906,12.854904174804688,1733708,0.0,0.0
2002-01-09 00:00:00+05:30,18.162776947021484,19.427093505859375,18.1156005859375,19.30443572998047,13.66647720336914,7917535,0.0,0.0
2002-01-10 00:00:00+05:30,19.059120178222656,19.238388061523438,18.681711196899414,18.983638763427734,13.439369201660156,1771502,0.0,0.0
2002-01-11 00:00:00+05:30,19.101579666137695,19.54975128173828,18.7288875579834,18.84682846069336,13.34251880645752,3074897,0.0,0.0
2002-01-14 00:00:00+05:30,18.87041664123535,20.733869552612305,18.87041664123535,20.40363883972168,14.444649696350098,14493320,0.0,0.0
2002-01-15 00:00:00+05:30,20.757457733154297,20.9461612701416,19.65825653076172,19.946029663085938,14.12069034576416,4306825,0.0,0.0
2002-01-16 00:00:00+05:30,20.120580673217773,20.889551162719727,20.002641677856445,20.719717025756836,14.668423652648926,7977884,0.0,0.0
2002-01-17 00:00:00+05:30,20.474401473999023,20.653671264648438,20.106428146362305,20.314002990722656,14.381194114685059,4120926,0.0,0.0
2002-01-18 00:00:00+05:30,20.55931854248047,21.18204116821289,20.290414810180664,20.762176513671875,14.69847583770752,11846892,0.0,0.0
2002-01-21 00:00:00+05:30,20.757457733154297,21.04051399230957,20.111146926879883,20.290414810180664,14.364497184753418,5293799,0.0,0.0
2002-01-22 00:00:00+05:30,20.30928611755371,20.521577835083008,19.908288955688477,20.196062088012695,14.297698974609375,3947724,0.0,0.0
2002-01-23 00:00:00+05:30,20.19134521484375,20.59705924987793,19.66769027709961,19.842243194580078,14.04721450805664,4582983,0.0,0.0
2002-01-24 00:00:00+05:30,19.908288955688477,20.36117935180664,19.361047744750977,19.49785804748535,13.8034086227417,4274500,0.0,0.0
2002-01-25 00:00:00+05:30,19.530881881713867,19.950748443603516,19.530881881713867,19.653539657592773,13.913622856140137,3059338,0.0,0.0
2002-01-28 00:00:00+05:30,19.86583137512207,20.587623596191406,19.719585418701172,20.455530166625977,14.481389045715332,7415416,0.0,0.0
2002-01-29 00:00:00+05:30,20.587623596191406,20.75274085998535,19.752607345581055,19.842243194580078,14.04721450805664,6765828,0.0,0.0
2002-01-30 00:00:00+05:30,19.719585418701172,20.33759117126465,19.625232696533203,20.28097915649414,14.357815742492676,7405559,0.0,0.0
2002-01-31 00:00:00+05:30,20.380050659179688,20.55931854248047,19.719585418701172,19.813936233520508,14.027173042297363,6303983,0.0,0.0
2002-02-01 00:00:00+05:30,19.974336624145508,20.266826629638672,19.908288955688477,20.01207733154297,14.167448043823242,3514527,0.0,0.0
2002-02-04 00:00:00+05:30,20.106428146362305,20.842374801635742,20.026229858398438,20.615930557250977,14.594940185546875,12457043,0.0,0.0
2002-02-05 00:00:00+05:30,20.455530166625977,21.15845489501953,20.200780868530273,20.41779136657715,14.454671859741211,18348858,0.0,0.0
2002-02-06 00:00:00+05:30,20.757457733154297,22.460512161254883,20.757457733154297,22.460512161254883,15.900805473327637,30114067,0.0,0.0
2002-02-07 00:00:00+05:30,22.927555084228516,24.12582778930664,22.927555084228516,23.36629295349121,16.54204750061035,52501076,0.0,0.0
2002-02-08 00:00:00+05:30,23.352140426635742,24.786291122436523,21.700979232788086,23.503103256225586,16.638898849487305,47963158,0.0,0.0
2002-02-11 00:00:00+05:30,23.77672576904297,24.239049911499023,22.946426391601562,23.163436889648438,16.3984375,17369112,0.0,0.0
2002-02-12 00:00:00+05:30,23.493667602539062,23.724830627441406,22.498254776000977,22.64921760559082,16.03439712524414,14299101,0.0,0.0
2002-02-13 00:00:00+05:30,22.8284854888916,23.682373046875,22.70111083984375,23.054931640625,16.321619033813477,33989031,0.0,0.0
2002-02-14 00:00:00+05:30,23.23891830444336,23.908817291259766,23.23891830444336,23.753137588500977,16.815914154052734,45702254,0.0,0.0
2002-02-15 00:00:00+05:30,24.04562759399414,24.05978012084961,23.267223358154297,23.446491241455078,16.598825454711914,19641696,0.0,0.0
2002-02-18 00:00:00+05:30,23.54084587097168,23.871076583862305,22.521841049194336,22.946426391601562,16.24480438232422,20191445,0.0,0.0
2002-02-19 00:00:00+05:30,22.927555084228516,23.493667602539062,22.51712417602539,22.616193771362305,16.01102066040039,11754515,0.0,0.0
2002-02-20 00:00:00+05:30,22.644500732421875,23.54084587097168,22.587888717651367,22.682241439819336,16.05777931213379,22001792,0.0,0.0
2002-02-21 00:00:00+05:30,22.927555084228516,23.352140426635742,22.837921142578125,23.0407772064209,16.311595916748047,19633800,0.0,0.0
2002-02-22 00:00:00+05:30,22.927555084228516,23.116260528564453,22.658653259277344,22.800180435180664,16.141273498535156,12162593,0.0,0.0
2002-02-25 00:00:00+05:30,23.021907806396484,23.19645881652832,22.587888717651367,22.823768615722656,16.15797233581543,9452658,0.0,0.0
2002-02-26 00:00:00+05:30,23.10682487487793,24.97499656677246,23.087955474853516,24.427753448486328,17.293506622314453,48279378,0.0,0.0
2002-02-27 00:00:00+05:30,24.658916473388672,24.880643844604492,23.46064567565918,23.852205276489258,16.88604736328125,36741954,0.0,0.0
2002-02-28 00:00:00+05:30,24.05978012084961,24.607023239135742,21.469816207885742,21.469816207885742,15.199444770812988,115517204,0.0,0.0
2002-03-01 00:00:00+05:30,21.323570251464844,22.39918327331543,20.861244201660156,22.026493072509766,15.593544006347656,34473377,0.0,0.0
2002-03-04 00:00:00+05:30,22.583171844482422,22.625629425048828,22.031211853027344,22.356725692749023,15.8273286819458,13481609,0.0,0.0
2002-03-05 00:00:00+05:30,22.616193771362305,22.73885154724121,21.74815559387207,21.913270950317383,15.513386726379395,15174227,0.0,0.0
2002-03-06 00:00:00+05:30,21.700979232788086,21.92742347717285,21.285829544067383,21.738719940185547,15.38981819152832,17575372,0.0,0.0
2002-03-07 00:00:00+05:30,22.078386306762695,22.078386306762695,21.57832145690918,21.781177520751953,15.419872283935547,8113747,0.0,0.0
2002-03-08 00:00:00+05:30,21.974599838256836,22.05951690673828,21.644367218017578,21.823637008666992,15.449928283691406,8224958,0.0,0.0
2002-03-11 00:00:00+05:30,21.795330047607422,21.98403549194336,21.663238525390625,21.85194206237793,15.469971656799316,5830946,0.0,0.0
2002-03-12 00:00:00+05:30,22.05951690673828,22.252939224243164,21.436792373657227,21.634931564331055,15.316340446472168,7506257,0.0,0.0
2002-03-13 00:00:00+05:30,21.51227569580078,21.922706604003906,21.370746612548828,21.658519744873047,15.333039283752441,4912323,0.0,0.0
2002-03-14 00:00:00+05:30,21.700979232788086,21.936859130859375,21.474533081054688,21.56416893005371,15.266244888305664,3944449,0.0,0.0
2002-03-15 00:00:00+05:30,21.776460647583008,22.078386306762695,21.597192764282227,21.974599838256836,15.556802749633789,4850756,0.0,0.0
2002-03-18 00:00:00+05:30,22.092540740966797,22.550148010253906,21.795330047607422,21.922706604003906,15.520068168640137,5339277,0.0,0.0
2002-03-19 00:00:00+05:30,21.98403549194336,22.12556266784668,21.85194206237793,21.988752365112305,15.56682300567627,3571791,0.0,0.0
2002-03-20 00:00:00+05:30,22.07366943359375,22.078386306762695,21.752872467041016,21.833072662353516,15.456610679626465,1896831,0.0,0.0
2002-03-21 00:00:00+05:30,21.88968276977539,22.031211853027344,21.333005905151367,21.474533081054688,15.202783584594727,2309360,0.0,0.0
2002-03-22 00:00:00+05:30,21.51227569580078,21.597192764282227,20.90842056274414,21.04051399230957,14.895522117614746,3226245,0.0,0.0
2002-03-25 00:00:00+05:30,21.04051399230957,21.04051399230957,21.04051399230957,21.04051399230957,14.895522117614746,0,0.0,0.0
2002-03-26 00:00:00+05:30,21.13486671447754,21.205629348754883,20.76689338684082,21.07825469970703,14.9222412109375,3511761,0.0,0.0
2002-03-27 00:00:00+05:30,21.08297348022461,21.389617919921875,20.865962982177734,21.08297348022461,14.925585746765137,2554718,0.0,0.0
2002-03-28 00:00:00+05:30,21.40848731994629,21.559450149536133,20.587623596191406,20.75274085998535,14.691797256469727,6856170,0.0,0.0
2002-03-29 00:00:00+05:30,20.75274085998535,20.75274085998535,20.75274085998535,20.75274085998535,14.691797256469727,0,0.0,0.0
2002-04-01 00:00:00+05:30,21.04051399230957,22.719980239868164,20.76689338684082,22.215198516845703,15.727137565612793,18756511,0.0,0.0
2002-04-02 00:00:00+05:30,22.262374877929688,22.446359634399414,21.70569610595703,21.92742347717285,15.523405075073242,5676398,0.0,0.0
2002-04-03 00:00:00+05:30,21.71041488647461,22.20576286315918,21.71041488647461,21.767024993896484,15.409855842590332,3809592,0.0,0.0
2002-04-04 00:00:00+05:30,22.064233779907227,22.36144256591797,21.700979232788086,21.98403549194336,15.563488006591797,5668269,0.0,0.0
2002-04-05 00:00:00+05:30,22.02177619934082,22.186891555786133,21.8660945892334,21.998188018798828,15.573507308959961,2711015,0.0,0.0
2002-04-08 00:00:00+05:30,22.210479736328125,22.96529769897461,22.172739028930664,22.53127670288086,15.95090389251709,13207816,0.0,0.0
2002-04-09 00:00:00+05:30,22.625629425048828,22.823768615722656,22.16802215576172,22.20576286315918,15.720455169677734,5129563,0.0,0.0
2002-04-10 00:00:00+05:30,22.267091751098633,22.644500732421875,22.12556266784668,22.314266204833984,15.797269821166992,3152574,0.0,0.0
2002-04-11 00:00:00+05:30,22.4935359954834,23.116260528564453,22.408620834350586,22.88509750366211,16.201391220092773,9322062,0.0,0.0
2002-04-12 00:00:00+05:30,22.9747314453125,23.38044548034668,22.866226196289062,22.946426391601562,16.24480438232422,7660095,0.0,0.0
2002-04-15 00:00:00+05:30,23.116260528564453,23.191741943359375,22.616193771362305,22.814332962036133,16.151288986206055,4146310,0.0,0.0
2002-04-16 00:00:00+05:30,22.705829620361328,22.786027908325195,22.38974952697754,22.578453063964844,15.984298706054688,2397541,0.0,0.0
2002-04-17 00:00:00+05:30,22.719980239868164,23.087955474853516,22.47938346862793,22.71526336669922,16.081151962280273,4940314,0.0,0.0
2002-04-18 00:00:00+05:30,22.285961151123047,22.9086856842041,22.285961151123047,22.75300407409668,16.107873916625977,3303074,0.0,0.0
2002-04-19 00:00:00+05:30,22.32370376586914,22.83320426940918,22.32370376586914,22.507688522338867,15.934209823608398,2532959,0.0,0.0
2002-04-22 00:00:00+05:30,21.908552169799805,22.502971649169922,21.908552169799805,22.285961151123047,15.777236938476562,1968944,0.0,0.0
2002-04-23 00:00:00+05:30,22.182174682617188,22.540712356567383,22.182174682617188,22.314266204833984,15.797269821166992,1297999,0.0,0.0
2002-04-24 00:00:00+05:30,22.366161346435547,22.545429229736328,22.234067916870117,22.328420639038086,15.807292938232422,3347175,0.0,0.0
2002-04-25 00:00:00+05:30,22.455795288085938,22.96529769897461,22.248220443725586,22.33313751220703,15.810632705688477,10442069,0.0,0.0
2002-04-26 00:00:00+05:30,22.36144256591797,22.76715660095215,22.182174682617188,22.30011558532715,15.787250518798828,5126670,0.0,0.0
2002-04-29 00:00:00+05:30,22.455795288085938,22.73885154724121,21.333005905151367,21.399051666259766,15.149349212646484,8645977,0.0,0.0
2002-04-30 00:00:00+05:30,21.49812126159668,21.644367218017578,21.333005905151367,21.51227569580078,15.229509353637695,2583281,0.0,0.0
2002-05-01 00:00:00+05:30,21.51227569580078,21.51227569580078,21.51227569580078,21.51227569580078,15.229509353637695,0,0.0,0.0
2002-05-02 00:00:00+05:30,21.870813369750977,21.870813369750977,21.333005905151367,21.403770446777344,15.15268611907959,2762101,0.0,0.0
2002-05-03 00:00:00+05:30,21.469816207885742,21.823637008666992,21.389617919921875,21.57832145690918,15.276261329650879,2651133,0.0,0.0
2002-05-06 00:00:00+05:30,21.700979232788086,21.92742347717285,21.606626510620117,21.686826705932617,15.353074073791504,2748195,0.0,0.0
2002-05-07 00:00:00+05:30,21.700979232788086,21.88968276977539,21.606626510620117,21.81420135498047,15.443252563476562,1746691,0.0,0.0
2002-05-08 00:00:00+05:30,21.974599838256836,22.196327209472656,21.828353881835938,21.899118423461914,15.503368377685547,2864589,0.0,0.0
2002-05-09 00:00:00+05:30,22.267091751098633,22.63506507873535,21.800048828125,21.8660945892334,15.479989051818848,1528275,0.0,0.0
2002-05-10 00:00:00+05:30,21.74815559387207,21.98403549194336,21.6538028717041,21.70569610595703,15.366435050964355,1375401,0.0,0.0
2002-05-13 00:00:00+05:30,21.44622802734375,22.02177619934082,21.44622802734375,21.76230812072754,15.406514167785645,1199093,0.0,0.0
2002-05-14 00:00:00+05:30,21.700979232788086,21.988752365112305,21.469816207885742,21.52642822265625,15.239526748657227,2966293,0.0,0.0
2002-05-15 00:00:00+05:30,21.63021469116211,21.691543579101562,21.13486671447754,21.271677017211914,15.059175491333008,2037835,0.0,0.0
2002-05-16 00:00:00+05:30,20.757457733154297,21.399051666259766,20.667823791503906,20.880115509033203,14.781970977783203,2074368,0.0,0.0
2002-05-17 00:00:00+05:30,20.889551162719727,21.26224136352539,20.568754196166992,20.771610260009766,14.705153465270996,3081299,0.0,0.0
2002-05-20 00:00:00+05:30,20.710281372070312,20.83293914794922,20.356462478637695,20.743305206298828,14.685115814208984,2329890,0.0,0.0
2002-05-21 00:00:00+05:30,20.389484405517578,21.399051666259766,20.054534912109375,20.724435806274414,14.671756744384766,5168587,0.0,0.0
2002-05-22 00:00:00+05:30,20.71500015258789,20.880115509033203,20.497989654541016,20.738588333129883,14.681777000427246,2461747,0.0,0.0
2002-05-23 00:00:00+05:30,20.733869552612305,20.748022079467773,20.33759117126465,20.59705924987793,14.581584930419922,2344389,0.0,0.0
2002-05-24 00:00:00+05:30,20.710281372070312,21.21034812927246,20.710281372070312,21.007490158081055,14.87214469909668,1853186,0.0,0.0
2002-05-27 00:00:00+05:30,21.191478729248047,21.347158432006836,20.474401473999023,20.771610260009766,14.705153465270996,1920052,0.0,0.0
2002-05-28 00:00:00+05:30,20.851810455322266,21.13486671447754,20.545166015625,20.762176513671875,14.69847583770752,3443633,0.0,0.0
2002-05-29 00:00:00+05:30,20.851810455322266,21.031078338623047,20.63951873779297,20.875398635864258,14.7786283493042,2108835,0.0,0.0
2002-05-30 00:00:00+05:30,21.049949645996094,21.219783782958984,20.59705924987793,20.705564498901367,14.658400535583496,3792253,0.0,0.0
2002-05-31 00:00:00+05:30,20.67254066467285,20.93672752380371,20.615930557250977,20.72915267944336,14.675101280212402,2051412,0.0,0.0
2002-06-03 00:00:00+05:30,20.875398635864258,21.064102172851562,20.80935287475586,20.93672752380371,14.82204818725586,903445,0.0,0.0
2002-06-04 00:00:00+05:30,20.9461612701416,21.295265197753906,20.757457733154297,20.861244201660156,14.768611907958984,838582,0.0,0.0
2002-06-05 00:00:00+05:30,21.021644592285156,21.531145095825195,20.89898681640625,21.413204193115234,15.159369468688965,3509461,0.0,0.0
2002-06-06 00:00:00+05:30,21.606626510620117,22.120845794677734,21.35187530517578,22.054798126220703,15.613579750061035,7168818,0.0,0.0
2002-06-07 00:00:00+05:30,21.965164184570312,21.98403549194336,21.51227569580078,21.568885803222656,15.269584655761719,2562593,0.0,0.0
2002-06-10 00:00:00+05:30,21.700979232788086,22.172739028930664,21.700979232788086,22.15386962890625,15.6837158203125,3139135,0.0,0.0
2002-06-11 00:00:00+05:30,22.455795288085938,22.903968811035156,22.29539680480957,22.630346298217773,16.021039962768555,7055095,0.0,0.0
2002-06-12 00:00:00+05:30,22.644500732421875,23.72011375427246,22.550148010253906,23.257787704467773,16.465229034423828,26185611,0.0,0.0
2002-06-13 00:00:00+05:30,23.484233856201172,23.578584671020508,22.856792449951172,22.955862045288086,16.251487731933594,5026926,0.0,0.0
2002-06-14 00:00:00+05:30,23.116260528564453,23.295528411865234,22.748287200927734,23.06908416748047,16.331645965576172,6687483,0.0,0.0
2002-06-17 00:00:00+05:30,24.106956481933594,24.106956481933594,23.139848709106445,23.31439971923828,16.505311965942383,11821964,0.0,0.0
2002-06-18 00:00:00+05:30,23.58802032470703,23.58802032470703,23.172870635986328,23.26250648498535,16.468570709228516,5321949,0.0,0.0
2002-06-19 00:00:00+05:30,23.493667602539062,23.77200698852539,22.380313873291016,22.550148010253906,15.964262008666992,13144903,0.0,0.0
2002-06-20 00:00:00+05:30,22.550148010253906,23.23891830444336,22.2812442779541,22.913402557373047,16.221426010131836,23044228,0.0,0.0
2002-06-21 00:00:00+05:30,22.9747314453125,23.097389221191406,22.380313873291016,22.4935359954834,15.92418098449707,10172546,0.0,0.0
2002-06-24 00:00:00+05:30,22.644500732421875,22.87094497680664,22.13971519470215,22.352008819580078,15.823990821838379,4833173,0.0,0.0
2002-06-25 00:00:00+05:30,22.36144256591797,22.4935359954834,22.083105087280273,22.210479736328125,15.723793029785156,3056668,0.0,0.0
2002-06-26 00:00:00+05:30,22.172739028930664,22.20576286315918,21.98403549194336,22.03592872619629,15.600224494934082,2820711,0.0,0.0
2002-06-27 00:00:00+05:30,21.941577911376953,22.455795288085938,21.941577911376953,22.25765609741211,15.757193565368652,4028729,0.0,0.0
2002-06-28 00:00:00+05:30,22.550148010253906,22.83320426940918,22.267091751098633,22.70111083984375,16.071138381958008,4202482,0.0,0.0
2002-07-01 00:00:00+05:30,22.83320426940918,22.993602752685547,22.682241439819336,22.837921142578125,16.16798973083496,2848098,0.0,0.0
2002-07-02 00:00:00+05:30,22.823768615722656,23.059648513793945,22.743568420410156,22.814332962036133,16.151288986206055,2367260,0.0,0.0
2002-07-03 00:00:00+05:30,22.823768615722656,22.9086856842041,22.526559829711914,22.587888717651367,15.990979194641113,2162856,0.0,0.0
2002-07-04 00:00:00+05:30,22.602041244506836,22.786027908325195,22.550148010253906,22.672805786132812,16.051095962524414,1961366,0.0,0.0
2002-07-05 00:00:00+05:30,22.762439727783203,22.83320426940918,22.668088912963867,22.76715660095215,16.117897033691406,1218266,0.0,0.0
2002-07-08 00:00:00+05:30,22.644500732421875,22.998319625854492,22.644500732421875,22.81905174255371,16.15462875366211,2276982,0.0,0.0
2002-07-09 00:00:00+05:30,22.83320426940918,23.021907806396484,22.696392059326172,22.719980239868164,16.084491729736328,1983750,0.0,0.0
2002-07-10 00:00:00+05:30,22.743568420410156,23.021907806396484,22.550148010253906,22.9747314453125,16.26484489440918,5257159,0.0,0.0
2002-07-11 00:00:00+05:30,22.545429229736328,22.630346298217773,22.078386306762695,22.177457809448242,16.09705924987793,4112903,0.566113,0.0
2002-07-12 00:00:00+05:30,22.248220443725586,22.436925888061523,22.040645599365234,22.120845794677734,16.05596923828125,1497115,0.0,0.0
2002-07-15 00:00:00+05:30,22.21991539001465,22.21991539001465,21.73400115966797,21.932140350341797,15.919002532958984,1531932,0.0,0.0
2002-07-16 00:00:00+05:30,21.974599838256836,21.974599838256836,21.516992568969727,21.59247398376465,15.672462463378906,1486273,0.0,0.0
2002-07-17 00:00:00+05:30,21.521709442138672,21.8660945892334,21.295265197753906,21.771743774414062,15.802580833435059,3179611,0.0,0.0
2002-07-18 00:00:00+05:30,21.842506408691406,22.12556266784668,21.66795539855957,22.045364379882812,16.00118637084961,2006526,0.0,0.0
2002-07-19 00:00:00+05:30,21.936859130859375,21.936859130859375,21.56416893005371,21.677391052246094,15.734101295471191,2710146,0.0,0.0
2002-07-22 00:00:00+05:30,21.700979232788086,21.781177520751953,21.441511154174805,21.606626510620117,15.682729721069336,3287653,0.0,0.0
2002-07-23 00:00:00+05:30,21.51227569580078,21.700979232788086,21.366029739379883,21.597192764282227,15.675887107849121,1663651,0.0,0.0
2002-07-24 00:00:00+05:30,21.417922973632812,21.554733276367188,21.229217529296875,21.422639846801758,15.549193382263184,1016204,0.0,0.0
2002-07-25 00:00:00+05:30,21.606626510620117,21.700979232788086,21.18204116821289,21.290546417236328,15.453312873840332,3415896,0.0,0.0
2002-07-26 00:00:00+05:30,21.27639389038086,21.31413459777832,20.894269943237305,21.1065616607666,15.319769859313965,2075481,0.0,0.0
2002-07-29 00:00:00+05:30,21.229217529296875,21.74815559387207,20.828222274780273,21.54058074951172,15.634797096252441,3708439,0.0,0.0
2002-07-30 00:00:00+05:30,22.172739028930664,22.172739028930664,21.2386531829834,21.333005905151367,15.484130859375,3127848,0.0,0.0
2002-07-31 00:00:00+05:30,21.13486671447754,21.979318618774414,20.91313934326172,21.870813369750977,15.874486923217773,4454612,0.0,0.0
2002-08-01 00:00:00+05:30,22.078386306762695,22.078386306762695,21.34244155883789,21.502838134765625,15.607400894165039,2949770,0.0,0.0
2002-08-02 00:00:00+05:30,21.417922973632812,21.922706604003906,21.21034812927246,21.663238525390625,15.723823547363281,2117738,0.0,0.0
2002-08-05 00:00:00+05:30,21.795330047607422,22.05951690673828,21.724567413330078,21.828353881835938,15.843667030334473,1646259,0.0,0.0
2002-08-06 00:00:00+05:30,21.795330047607422,21.908552169799805,21.61606216430664,21.790613174438477,15.816276550292969,1445108,0.0,0.0
2002-08-07 00:00:00+05:30,21.88968276977539,22.050081253051758,21.823637008666992,21.875530242919922,15.877910614013672,1502499,0.0,0.0
2002-08-08 00:00:00+05:30,21.969881057739258,21.979318618774414,21.649084091186523,21.700979232788086,15.75121784210205,1533691,0.0,0.0
2002-08-09 00:00:00+05:30,21.700979232788086,22.040645599365234,21.48868751525879,21.88968276977539,15.888185501098633,2912124,0.0,0.0
2002-08-12 00:00:00+05:30,21.908552169799805,22.11612892150879,21.804765701293945,21.861377716064453,15.86764144897461,2002838,0.0,0.0
2002-08-13 00:00:00+05:30,21.700979232788086,22.031211853027344,21.700979232788086,21.809484481811523,15.829975128173828,1222188,0.0,0.0
2002-08-14 00:00:00+05:30,21.625497817993164,21.833072662353516,21.52642822265625,21.691543579101562,15.744368553161621,890674,0.0,0.0
2002-08-15 00:00:00+05:30,21.691543579101562,21.691543579101562,21.691543579101562,21.691543579101562,15.744368553161621,0,0.0,0.0
2002-08-16 00:00:00+05:30,21.88968276977539,21.88968276977539,21.66795539855957,21.686826705932617,15.740942001342773,908077,0.0,0.0
2002-08-19 00:00:00+05:30,21.795330047607422,21.936859130859375,21.66795539855957,21.700979232788086,15.75121784210205,1101162,0.0,0.0
2002-08-20 00:00:00+05:30,21.795330047607422,21.842506408691406,21.68210792541504,21.752872467041016,15.7888822555542,1095036,0.0,0.0
2002-08-21 00:00:00+05:30,21.818918228149414,21.955730438232422,21.644367218017578,21.729284286499023,15.77176284790039,2397392,0.0,0.0
2002-08-22 00:00:00+05:30,21.795330047607422,21.884965896606445,21.724567413330078,21.842506408691406,15.853944778442383,1292499,0.0,0.0
2002-08-23 00:00:00+05:30,21.88968276977539,22.078386306762695,21.818918228149414,21.8660945892334,15.871061325073242,2340796,0.0,0.0
2002-08-26 00:00:00+05:30,21.932140350341797,22.12556266784668,21.795330047607422,21.988752365112305,15.960089683532715,1346944,0.0,0.0
2002-08-27 00:00:00+05:30,22.00762367248535,22.02177619934082,21.842506408691406,21.88968276977539,15.888185501098633,1648453,0.0,0.0
2002-08-28 00:00:00+05:30,21.884965896606445,22.012340545654297,21.818918228149414,21.955730438232422,15.936128616333008,2109704,0.0,0.0
2002-08-29 00:00:00+05:30,21.85194206237793,22.02177619934082,21.800048828125,21.99346923828125,15.963515281677246,1708600,0.0,0.0
2002-08-30 00:00:00+05:30,21.98403549194336,22.946426391601562,21.908552169799805,22.771875381469727,16.52850914001465,6583150,0.0,0.0
2002-09-02 00:00:00+05:30,22.946426391601562,23.23419952392578,22.285961151123047,22.418054580688477,16.271690368652344,4418874,0.0,0.0
2002-09-03 00:00:00+05:30,22.498254776000977,22.502971649169922,22.092540740966797,22.16330337524414,16.086788177490234,1223216,0.0,0.0
2002-09-04 00:00:00+05:30,22.134998321533203,22.36144256591797,21.91798973083496,22.21991539001465,16.127880096435547,2581405,0.0,0.0
2002-09-05 00:00:00+05:30,22.177457809448242,22.36144256591797,22.11612892150879,22.16330337524414,16.086788177490234,1975345,0.0,0.0
2002-09-06 00:00:00+05:30,22.24350357055664,22.328420639038086,22.040645599365234,22.2010440826416,16.114179611206055,3013966,0.0,0.0
2002-09-09 00:00:00+05:30,22.078386306762695,22.16330337524414,21.88968276977539,22.00762367248535,15.973790168762207,1003178,0.0,0.0
2002-09-10 00:00:00+05:30,22.00762367248535,22.00762367248535,22.00762367248535,22.00762367248535,15.973790168762207,0,0.0,0.0
2002-09-11 00:00:00+05:30,22.050081253051758,22.050081253051758,21.91798973083496,21.988752365112305,15.960089683532715,820480,0.0,0.0
2002-09-12 00:00:00+05:30,21.9462947845459,22.498254776000977,21.91798973083496,22.403902053833008,16.261423110961914,2493967,0.0,0.0
2002-09-13 00:00:00+05:30,22.36144256591797,22.36144256591797,21.98403549194336,22.026493072509766,15.987485885620117,899884,0.0,0.0
2002-09-16 00:00:00+05:30,22.078386306762695,22.15386962890625,21.634931564331055,21.724567413330078,15.768338203430176,999882,0.0,0.0
2002-09-17 00:00:00+05:30,21.88968276977539,22.031211853027344,21.74815559387207,21.81420135498047,15.833398818969727,1296717,0.0,0.0
2002-09-18 00:00:00+05:30,21.861377716064453,21.884965896606445,21.658519744873047,21.71041488647461,15.758064270019531,933227,0.0,0.0
2002-09-19 00:00:00+05:30,21.6538028717041,21.771743774414062,21.323570251464844,21.70569610595703,15.754639625549316,1297607,0.0,0.0
2002-09-20 00:00:00+05:30,21.606626510620117,21.74815559387207,21.144302368164062,21.672672271728516,15.730670928955078,1731864,0.0,0.0
2002-09-23 00:00:00+05:30,21.337722778320312,21.7198486328125,21.337722778320312,21.686826705932617,15.740942001342773,925172,0.0,0.0
2002-09-24 00:00:00+05:30,21.818918228149414,21.979318618774414,21.347158432006836,21.85194206237793,15.86079216003418,1411956,0.0,0.0
2002-09-25 00:00:00+05:30,21.795330047607422,21.88968276977539,21.63021469116211,21.870813369750977,15.874486923217773,1085900,0.0,0.0
2002-09-26 00:00:00+05:30,21.908552169799805,21.908552169799805,21.715131759643555,21.800048828125,15.823126792907715,387527,0.0,0.0
2002-09-27 00:00:00+05:30,21.700979232788086,21.974599838256836,21.658519744873047,21.800048828125,15.823126792907715,1922734,0.0,0.0
2002-09-30 00:00:00+05:30,21.71041488647461,21.790613174438477,21.521709442138672,21.691543579101562,15.744368553161621,743173,0.0,0.0
2002-10-01 00:00:00+05:30,21.724567413330078,21.74815559387207,21.51227569580078,21.66795539855957,15.727249145507812,1199051,0.0,0.0
2002-10-02 00:00:00+05:30,21.66795539855957,21.66795539855957,21.66795539855957,21.66795539855957,15.727249145507812,0,0.0,0.0
2002-10-03 00:00:00+05:30,21.74815559387207,21.804765701293945,21.516992568969727,21.724567413330078,15.768338203430176,2002404,0.0,0.0
2002-10-04 00:00:00+05:30,21.700979232788086,21.81420135498047,21.52642822265625,21.715131759643555,15.761489868164062,760915,0.0,0.0
2002-10-07 00:00:00+05:30,21.700979232788086,21.880247116088867,21.611343383789062,21.83778953552246,15.850519180297852,358773,0.0,0.0
2002-10-08 00:00:00+05:30,21.78589630126953,22.068952560424805,21.78589630126953,21.951011657714844,15.932699203491211,1065827,0.0,0.0
2002-10-09 00:00:00+05:30,21.960447311401367,22.045364379882812,21.795330047607422,21.828353881835938,15.843667030334473,1064724,0.0,0.0
2002-10-10 00:00:00+05:30,21.818918228149414,21.880247116088867,21.52642822265625,21.715131759643555,15.761489868164062,780109,0.0,0.0
2002-10-11 00:00:00+05:30,21.776460647583008,21.880247116088867,21.625497817993164,21.715131759643555,15.761489868164062,1034677,0.0,0.0
2002-10-14 00:00:00+05:30,21.913270950317383,21.913270950317383,21.66795539855957,21.70569610595703,15.754639625549316,663620,0.0,0.0
2002-10-15 00:00:00+05:30,21.70569610595703,21.70569610595703,21.70569610595703,21.70569610595703,15.754639625549316,0,0.0,0.0
2002-10-16 00:00:00+05:30,21.856660842895508,21.965164184570312,21.611343383789062,21.71041488647461,15.758064270019531,574242,0.0,0.0
2002-10-17 00:00:00+05:30,21.724567413330078,21.870813369750977,21.66795539855957,21.823637008666992,15.840243339538574,1183842,0.0,0.0
2002-10-18 00:00:00+05:30,21.88968276977539,21.932140350341797,21.752872467041016,21.8660945892334,15.871061325073242,983666,0.0,0.0
2002-10-21 00:00:00+05:30,21.795330047607422,22.068952560424805,21.795330047607422,22.03592872619629,15.994335174560547,848470,0.0,0.0
2002-10-22 00:00:00+05:30,21.98403549194336,22.403902053833008,21.88968276977539,21.9462947845459,15.929271697998047,894341,0.0,0.0
2002-10-23 00:00:00+05:30,21.842506408691406,22.20576286315918,21.842506408691406,21.969881057739258,15.946392059326172,1217567,0.0,0.0
2002-10-24 00:00:00+05:30,21.98403549194336,22.026493072509766,21.71041488647461,21.776460647583008,15.806000709533691,1039044,0.0,0.0
2002-10-25 00:00:00+05:30,21.78589630126953,21.974599838256836,21.63021469116211,21.752872467041016,15.7888822555542,2653179,0.0,0.0
2002-10-28 00:00:00+05:30,21.74815559387207,22.031211853027344,21.70569610595703,21.98403549194336,15.956671714782715,1717439,0.0,0.0
2002-10-29 00:00:00+05:30,21.98403549194336,22.210479736328125,21.62078094482422,21.960447311401367,15.93954849243164,5744070,0.0,0.0
2002-10-30 00:00:00+05:30,22.172739028930664,22.210479736328125,21.677391052246094,21.809484481811523,15.829975128173828,2520569,0.0,0.0
2002-10-31 00:00:00+05:30,21.92742347717285,22.07366943359375,21.57832145690918,21.66795539855957,15.727249145507812,2760415,0.0,0.0
2002-11-01 00:00:00+05:30,21.795330047607422,23.097389221191406,21.715131759643555,22.512407302856445,16.340177536010742,9458349,0.0,0.0
2002-11-04 00:00:00+05:30,22.73885154724121,22.927555084228516,22.672805786132812,22.861509323120117,16.593564987182617,2330727,0.0,0.0
2002-11-05 00:00:00+05:30,22.979450225830078,23.257787704467773,22.83320426940918,22.866226196289062,16.59699249267578,6732156,0.0,0.0
2002-11-06 00:00:00+05:30,22.866226196289062,22.866226196289062,22.866226196289062,22.866226196289062,16.59699249267578,0,0.0,0.0
2002-11-07 00:00:00+05:30,23.01247215270996,23.116260528564453,22.644500732421875,22.72941780090332,16.497690200805664,3038851,0.0,0.0
2002-11-08 00:00:00+05:30,22.73885154724121,22.880380630493164,22.337854385375977,22.394466400146484,16.25457191467285,3162018,0.0,0.0
2002-11-11 00:00:00+05:30,22.403902053833008,22.403902053833008,22.097257614135742,22.149150848388672,16.07651710510254,1395729,0.0,0.0
2002-11-12 00:00:00+05:30,22.00762367248535,22.469947814941406,22.00762367248535,22.370878219604492,16.23745346069336,2693549,0.0,0.0
2002-11-13 00:00:00+05:30,22.455795288085938,22.502971649169922,22.092540740966797,22.149150848388672,16.07651710510254,1884876,0.0,0.0
2002-11-14 00:00:00+05:30,22.267091751098633,22.314266204833984,22.02177619934082,22.078386306762695,16.0251522064209,1375136,0.0,0.0
2002-11-15 00:00:00+05:30,22.08782196044922,22.502971649169922,22.08782196044922,22.285961151123047,16.175819396972656,2921419,0.0,0.0
2002-11-18 00:00:00+05:30,22.352008819580078,22.875661849975586,22.352008819580078,22.61147689819336,16.412084579467773,2808406,0.0,0.0
2002-11-19 00:00:00+05:30,22.61147689819336,22.61147689819336,22.61147689819336,22.61147689819336,16.412084579467773,0,0.0,0.0
2002-11-20 00:00:00+05:30,22.644500732421875,22.946426391601562,22.550148010253906,22.781309127807617,16.53535270690918,4571292,0.0,0.0
2002-11-21 00:00:00+05:30,22.918121337890625,22.9747314453125,22.61147689819336,22.677522659301758,16.460020065307617,2139602,0.0,0.0
2002-11-22 00:00:00+05:30,22.941709518432617,24.04562759399414,22.941709518432617,23.47007942199707,17.035282135009766,20271306,0.0,0.0
2002-11-25 00:00:00+05:30,23.569150924682617,23.937122344970703,23.503103256225586,23.611608505249023,17.13800811767578,9530038,0.0,0.0
2002-11-26 00:00:00+05:30,23.73426628112793,24.239049911499023,23.6021728515625,23.710678100585938,17.20992088317871,9827530,0.0,0.0
2002-11-27 00:00:00+05:30,23.82390022277832,24.786291122436523,23.682373046875,24.305095672607422,17.6413631439209,33611414,0.0,0.0
2002-11-28 00:00:00+05:30,24.05978012084961,24.828750610351562,24.05978012084961,24.51738929748535,17.79545021057129,20389194,0.0,0.0
2002-11-29 00:00:00+05:30,24.53154182434082,25.06463050842285,24.53154182434082,24.781574249267578,17.98720932006836,22697060,0.0,0.0
2002-12-02 00:00:00+05:30,25.0033016204834,25.04104232788086,24.64948272705078,24.776857376098633,17.983781814575195,9050091,0.0,0.0
2002-12-03 00:00:00+05:30,25.0033016204834,25.456192016601562,24.578716278076172,24.71552848815918,17.939271926879883,14966452,0.0,0.0
2002-12-04 00:00:00+05:30,24.43718910217285,24.739116668701172,24.342836380004883,24.4560604095459,17.750938415527344,8783483,0.0,0.0
2002-12-05 00:00:00+05:30,24.248485565185547,24.89951515197754,24.248485565185547,24.540977478027344,17.81257438659668,9709123,0.0,0.0
2002-12-06 00:00:00+05:30,24.54569435119629,25.98456382751465,24.54569435119629,25.767553329467773,18.702861785888672,30482538,0.0,0.0
2002-12-09 00:00:00+05:30,26.173267364501953,26.366689682006836,25.27692222595215,25.53639030456543,18.535070419311523,17184188,0.0,0.0
2002-12-10 00:00:00+05:30,25.38071060180664,25.739248275756836,25.163700103759766,25.508085250854492,18.5145320892334,11785558,0.0,0.0
2002-12-11 00:00:00+05:30,25.75811767578125,26.659181594848633,25.75811767578125,26.343101501464844,19.1206111907959,31276447,0.0,0.0
2002-12-12 00:00:00+05:30,26.541240692138672,26.692203521728516,25.998716354370117,26.093067169189453,18.939125061035156,21236965,0.0,0.0
2002-12-13 00:00:00+05:30,26.277055740356445,26.413864135742188,26.0458927154541,26.107221603393555,18.94940185546875,9550260,0.0,0.0
2002-12-16 00:00:00+05:30,26.461042404174805,26.79127311706543,25.95625877380371,26.031740188598633,18.894615173339844,17329951,0.0,0.0
2002-12-17 00:00:00+05:30,26.324230194091797,26.744098663330078,25.52223777770996,26.45160675048828,19.19936180114746,28074790,0.0,0.0
2002-12-18 00:00:00+05:30,27.362104415893555,30.09831428527832,27.17340087890625,27.27718734741211,19.7985897064209,79181377,0.0,0.0
2002-12-19 00:00:00+05:30,27.23944664001465,27.715923309326172,26.10250473022461,26.277055740356445,19.07267189025879,99331329,0.0,0.0
2002-12-20 00:00:00+05:30,26.324230194091797,26.578981399536133,25.95625877380371,26.159114837646484,18.987062454223633,35103040,0.0,0.0
2002-12-23 00:00:00+05:30,26.37140655517578,26.461042404174805,26.093067169189453,26.3383846282959,19.117185592651367,19394282,0.0,0.0
2002-12-24 00:00:00+05:30,26.413864135742188,26.829015731811523,26.248748779296875,26.692203521728516,19.373994827270508,30998456,0.0,0.0
2002-12-25 00:00:00+05:30,26.692203521728516,26.692203521728516,26.692203521728516,26.692203521728516,19.373994827270508,0,0.0,0.0
2002-12-26 00:00:00+05:30,26.795991897583008,27.017719268798828,26.541240692138672,26.61200523376465,19.315786361694336,24173509,0.0,0.0
2002-12-27 00:00:00+05:30,26.70163917541504,27.097917556762695,26.456323623657227,26.97525978088379,19.57944679260254,26065942,0.0,0.0
2002-12-30 00:00:00+05:30,26.937519073486328,27.017719268798828,25.35712242126465,26.70163917541504,19.38084602355957,19679713,0.0,0.0
2002-12-31 00:00:00+05:30,26.70163917541504,26.90921401977539,26.50349998474121,26.668615341186523,19.356876373291016,18001764,0.0,0.0
2003-01-01 00:00:00+05:30,27.357385635375977,27.357385635375977,26.696922302246094,26.847885131835938,19.48699378967285,17053263,0.0,0.0
2003-01-02 00:00:00+05:30,26.890344619750977,27.57911491394043,26.729944229125977,27.18755340576172,19.733535766601562,38374255,0.0,0.0
2003-01-03 00:00:00+05:30,27.739511489868164,27.805559158325195,26.91393280029297,26.99884796142578,19.59657096862793,21238047,0.0,0.0
2003-01-06 00:00:00+05:30,26.984695434570312,26.984695434570312,26.22987937927246,26.314796447753906,19.100067138671875,17650251,0.0,0.0
2003-01-07 00:00:00+05:30,26.34781837463379,26.663898468017578,26.135526657104492,26.37140655517578,19.14115333557129,17585684,0.0,0.0
2003-01-08 00:00:00+05:30,26.418582916259766,26.682769775390625,26.394994735717773,26.47991180419922,19.21990966796875,12456089,0.0,0.0
2003-01-09 00:00:00+05:30,25.286357879638672,27.07904815673828,25.286357879638672,26.965824127197266,19.572601318359375,24085922,0.0,0.0
2003-01-10 00:00:00+05:30,27.126224517822266,27.451738357543945,26.795991897583008,27.008283615112305,19.603418350219727,28333523,0.0,0.0
2003-01-13 00:00:00+05:30,27.178117752075195,27.215858459472656,26.578981399536133,26.800708770751953,19.452754974365234,14768301,0.0,0.0
2003-01-14 00:00:00+05:30,26.711074829101562,26.88090705871582,26.583698272705078,26.696922302246094,19.377422332763672,8881764,0.0,0.0
2003-01-15 00:00:00+05:30,26.659181594848633,27.069612503051758,26.659181594848633,26.899778366088867,19.5246639251709,11825451,0.0,0.0
2003-01-16 00:00:00+05:30,26.984695434570312,27.24888038635254,26.890344619750977,27.14509391784668,19.70271873474121,11518887,0.0,0.0
2003-01-17 00:00:00+05:30,27.267751693725586,27.777252197265625,27.18755340576172,27.687618255615234,20.096500396728516,28990891,0.0,0.0
2003-01-20 00:00:00+05:30,27.69233512878418,27.89047622680664,27.31492805480957,27.413997650146484,19.89789581298828,21107493,0.0,0.0
2003-01-21 00:00:00+05:30,27.503631591796875,28.395259857177734,27.41871452331543,28.239578247070312,20.497129440307617,43264778,0.0,0.0
2003-01-22 00:00:00+05:30,28.39997673034668,28.49432945251465,27.85273551940918,28.093332290649414,20.390981674194336,31016580,0.0,0.0
2003-01-23 00:00:00+05:30,28.02256965637207,28.4754581451416,27.9282169342041,28.277318954467773,20.524520874023438,25817733,0.0,0.0
2003-01-24 00:00:00+05:30,28.777385711669922,28.777385711669922,27.18755340576172,27.319644927978516,19.82941246032715,28702047,0.0,0.0
2003-01-27 00:00:00+05:30,26.989412307739258,27.267751693725586,26.522369384765625,26.951671600341797,19.562326431274414,24842111,0.0,0.0
2003-01-28 00:00:00+05:30,26.984695434570312,27.45645523071289,26.60728645324707,27.3668212890625,19.863656997680664,20661970,0.0,0.0
2003-01-29 00:00:00+05:30,27.55080795288086,27.739511489868164,26.24403190612793,26.68748664855957,19.37057113647461,57810127,0.0,0.0
2003-01-30 00:00:00+05:30,26.70163917541504,27.05074119567871,26.328948974609375,26.423301696777344,19.178823471069336,33519121,0.0,0.0
2003-01-31 00:00:00+05:30,26.144962310791016,26.795991897583008,25.814729690551758,26.550676345825195,19.271272659301758,35236476,0.0,0.0
2003-02-03 00:00:00+05:30,26.937519073486328,27.480043411254883,26.786556243896484,27.376256942749023,19.870502471923828,20962737,0.0,0.0
2003-02-04 00:00:00+05:30,27.645160675048828,28.25373077392578,27.522502899169922,27.81027603149414,20.18552589416504,44403830,0.0,0.0
2003-02-05 00:00:00+05:30,27.885757446289062,27.9942626953125,27.560243606567383,27.697053909301758,20.10334587097168,15963229,0.0,0.0
2003-02-06 00:00:00+05:30,27.465890884399414,29.107616424560547,27.291339874267578,28.942501068115234,21.00733184814453,63562591,0.0,0.0
2003-02-07 00:00:00+05:30,28.39997673034668,29.055723190307617,27.82442855834961,28.48961067199707,20.67860984802246,60717174,0.0,0.0
2003-02-10 00:00:00+05:30,28.286754608154297,28.305625915527344,27.791406631469727,27.881040573120117,20.236894607543945,23386075,0.0,0.0
2003-02-11 00:00:00+05:30,27.909345626831055,28.244295120239258,27.664030075073242,27.81027603149414,20.18552589416504,18487731,0.0,0.0
2003-02-12 00:00:00+05:30,27.9282169342041,28.683032989501953,27.9282169342041,28.36223602294922,20.586156845092773,99804313,0.0,0.0
2003-02-13 00:00:00+05:30,28.36223602294922,28.36223602294922,28.36223602294922,28.36223602294922,20.586156845092773,0,0.0,0.0
2003-02-14 00:00:00+05:30,28.38582420349121,28.39997673034668,27.965957641601562,28.102767944335938,20.397830963134766,20855119,0.0,0.0
2003-02-17 00:00:00+05:30,28.319778442382812,29.28688621520996,28.319778442382812,29.036853790283203,21.07581329345703,31607992,0.0,0.0
2003-02-18 00:00:00+05:30,29.45672035217285,29.53691864013672,29.01326560974121,29.230274200439453,21.216205596923828,34929625,0.0,0.0
2003-02-19 00:00:00+05:30,29.532201766967773,29.711471557617188,29.296321868896484,29.447284698486328,21.37372398376465,37140769,0.0,0.0
2003-02-20 00:00:00+05:30,29.532201766967773,29.60296630859375,28.904760360717773,29.145357131958008,21.154569625854492,40573571,0.0,0.0
2003-02-21 00:00:00+05:30,29.154794692993164,29.4755916595459,28.951936721801758,29.305757522583008,21.27099609375,25939320,0.0,0.0
2003-02-24 00:00:00+05:30,29.626554489135742,29.8765869140625,29.513330459594727,29.61240005493164,21.493562698364258,38787813,0.0,0.0
2003-02-25 00:00:00+05:30,29.437850952148438,29.541637420654297,28.928348541259766,28.984960556030273,21.03814697265625,21697040,0.0,0.0
2003-02-26 00:00:00+05:30,29.107616424560547,29.319910049438477,28.225425720214844,28.305625915527344,20.54507064819336,39644794,0.0,0.0
2003-02-27 00:00:00+05:30,28.211273193359375,28.800973892211914,28.041439056396484,28.49432945251465,20.682035446166992,51044500,0.0,0.0
2003-02-28 00:00:00+05:30,28.692468643188477,28.824560165405273,26.895061492919922,27.04130744934082,19.62738609313965,105081886,0.0,0.0
2003-03-03 00:00:00+05:30,27.126224517822266,27.781970977783203,27.126224517822266,27.413997650146484,19.89789581298828,36896249,0.0,0.0
2003-03-04 00:00:00+05:30,27.376256942749023,27.45645523071289,27.064895629882812,27.18283462524414,19.730113983154297,26728047,0.0,0.0
2003-03-05 00:00:00+05:30,27.116788864135742,27.116788864135742,26.51765251159668,26.88090705871582,19.510967254638672,25070288,0.0,0.0
2003-03-06 00:00:00+05:30,26.890344619750977,26.890344619750977,26.314796447753906,26.489347457885742,19.22675895690918,29297805,0.0,0.0
2003-03-07 00:00:00+05:30,26.324230194091797,26.442171096801758,26.00815200805664,26.088350296020508,18.935707092285156,19087665,0.0,0.0
2003-03-10 00:00:00+05:30,26.130809783935547,26.220443725585938,25.677919387817383,25.74868392944336,18.689163208007812,20274920,0.0,0.0
2003-03-11 00:00:00+05:30,25.833599090576172,26.182703018188477,25.588285446166992,26.116655349731445,18.95624542236328,23263513,0.0,0.0
2003-03-12 00:00:00+05:30,26.20157241821289,26.541240692138672,25.87605857849121,25.998716354370117,18.870647430419922,27697437,0.0,0.0
2003-03-13 00:00:00+05:30,26.135526657104492,26.20629119873047,25.89021110534668,25.998716354370117,18.870647430419922,11378211,0.0,0.0
2003-03-14 00:00:00+05:30,25.998716354370117,25.998716354370117,25.998716354370117,25.998716354370117,18.870647430419922,0,0.0,0.0
2003-03-17 00:00:00+05:30,26.041175842285156,26.116655349731445,25.57884979248047,25.93267059326172,18.822704315185547,10194697,0.0,0.0
2003-03-18 00:00:00+05:30,25.93267059326172,25.93267059326172,25.93267059326172,25.93267059326172,18.822704315185547,0,0.0,0.0
2003-03-19 00:00:00+05:30,26.135526657104492,26.343101501464844,25.90436363220215,25.989280700683594,18.863794326782227,10708655,0.0,0.0
2003-03-20 00:00:00+05:30,26.324230194091797,26.63559341430664,25.975128173828125,26.56954574584961,19.284969329833984,15104054,0.0,0.0
2003-03-21 00:00:00+05:30,26.654462814331055,27.069612503051758,26.574264526367188,26.847885131835938,19.48699378967285,16988951,0.0,0.0
2003-03-24 00:00:00+05:30,26.88090705871582,26.88090705871582,26.253467559814453,26.34781837463379,19.124034881591797,13991074,0.0,0.0
2003-03-25 00:00:00+05:30,26.09778594970703,26.564828872680664,25.960975646972656,26.489347457885742,19.22675895690918,14278592,0.0,0.0
2003-03-26 00:00:00+05:30,26.494064331054688,26.654462814331055,26.28177261352539,26.564828872680664,19.281545639038086,16611705,0.0,0.0
2003-03-27 00:00:00+05:30,26.475194931030273,26.663898468017578,25.97984504699707,26.06004524230957,18.9151554107666,21331314,0.0,0.0
2003-03-28 00:00:00+05:30,26.088350296020508,26.343101501464844,25.899646759033203,25.951539993286133,18.836402893066406,10651508,0.0,0.0
2003-03-31 00:00:00+05:30,25.75811767578125,25.810012817382812,25.168418884277344,25.475061416625977,18.49056053161621,19032181,0.0,0.0
2003-04-01 00:00:00+05:30,25.38071060180664,25.93267059326172,25.38071060180664,25.805295944213867,18.730253219604492,8622204,0.0,0.0
2003-04-02 00:00:00+05:30,25.946823120117188,26.291208267211914,25.87605857849121,26.144962310791016,18.976791381835938,8936728,0.0,0.0
2003-04-03 00:00:00+05:30,26.418582916259766,26.418582916259766,26.182703018188477,26.34781837463379,19.124034881591797,5948241,0.0,0.0
2003-04-04 00:00:00+05:30,26.37140655517578,26.84316635131836,26.182703018188477,26.758251190185547,19.42193603515625,14017623,0.0,0.0
2003-04-07 00:00:00+05:30,26.84316635131836,27.267751693725586,26.800708770751953,27.088483810424805,19.661630630493164,8566519,0.0,0.0
2003-04-08 00:00:00+05:30,27.022436141967773,27.031871795654297,26.72522735595703,26.83373260498047,19.47672462463379,8015996,0.0,0.0
2003-04-09 00:00:00+05:30,26.70163917541504,27.126224517822266,26.522369384765625,26.795991897583008,19.449329376220703,15466028,0.0,0.0
2003-04-10 00:00:00+05:30,26.890344619750977,27.715923309326172,26.560110092163086,27.347951889038086,19.849956512451172,17640426,0.0,0.0
2003-04-11 00:00:00+05:30,27.55080795288086,27.975391387939453,26.84316635131836,27.192270278930664,19.73695945739746,14428859,0.0,0.0
2003-04-14 00:00:00+05:30,27.192270278930664,27.192270278930664,27.192270278930664,27.192270278930664,19.73695945739746,0,0.0,0.0
2003-04-15 00:00:00+05:30,27.35266876220703,27.55080795288086,26.37140655517578,26.706356048583984,19.3842716217041,7864097,0.0,0.0
2003-04-16 00:00:00+05:30,26.7393798828125,27.45645523071289,26.621440887451172,27.362104415893555,19.8602294921875,15818739,0.0,0.0
2003-04-17 00:00:00+05:30,27.230010986328125,27.975391387939453,26.989412307739258,27.112070083618164,19.67874526977539,12606515,0.0,0.0
2003-04-18 00:00:00+05:30,27.112070083618164,27.112070083618164,27.112070083618164,27.112070083618164,19.67874526977539,0,0.0,0.0
2003-04-21 00:00:00+05:30,27.07904815673828,27.23944664001465,26.890344619750977,27.112070083618164,19.67874526977539,7603838,0.0,0.0
2003-04-22 00:00:00+05:30,26.984695434570312,27.503631591796875,26.890344619750977,27.40456199645996,19.891050338745117,12663620,0.0,0.0
2003-04-23 00:00:00+05:30,27.503631591796875,27.645160675048828,26.984695434570312,27.088483810424805,19.661630630493164,10671836,0.0,0.0
2003-04-24 00:00:00+05:30,26.984695434570312,27.258317947387695,26.6733341217041,26.984695434570312,19.586294174194336,15446272,0.0,0.0
2003-04-25 00:00:00+05:30,27.017719268798828,27.05074119567871,26.196855545043945,26.380842208862305,19.148000717163086,16457315,0.0,0.0
2003-04-28 00:00:00+05:30,26.277055740356445,26.918649673461914,26.012868881225586,26.7393798828125,19.408239364624023,16583300,0.0,0.0
2003-04-29 00:00:00+05:30,26.795991897583008,28.305625915527344,25.92795181274414,26.196855545043945,19.014461517333984,34454278,0.0,0.0
2003-04-30 00:00:00+05:30,26.248748779296875,26.484630584716797,25.993999481201172,26.291208267211914,19.08294677734375,12991233,0.0,0.0
2003-05-01 00:00:00+05:30,26.291208267211914,26.291208267211914,26.291208267211914,26.291208267211914,19.08294677734375,0,0.0,0.0
2003-05-02 00:00:00+05:30,26.211008071899414,26.654462814331055,26.1779842376709,26.564828872680664,19.281545639038086,7782445,0.0,0.0
2003-05-05 00:00:00+05:30,26.61200523376465,26.92336654663086,26.583698272705078,26.715791702270508,19.39112091064453,8034046,0.0,0.0
2003-05-06 00:00:00+05:30,26.984695434570312,27.192270278930664,26.87147331237793,27.083765029907227,19.658205032348633,10840703,0.0,0.0
2003-05-07 00:00:00+05:30,27.17340087890625,27.38097381591797,26.847885131835938,26.932802200317383,19.54863166809082,6122291,0.0,0.0
2003-05-08 00:00:00+05:30,26.890344619750977,26.928083419799805,26.560110092163086,26.706356048583984,19.3842716217041,4740149,0.0,0.0
2003-05-09 00:00:00+05:30,26.78183937072754,27.07904815673828,26.588417053222656,26.932802200317383,19.54863166809082,9638992,0.0,0.0
2003-05-12 00:00:00+05:30,27.121505737304688,27.70648956298828,26.984695434570312,27.564960479736328,20.007469177246094,18561476,0.0,0.0
2003-05-13 00:00:00+05:30,27.739511489868164,27.899911880493164,27.522502899169922,27.621572494506836,20.048561096191406,15541172,0.0,0.0
2003-05-14 00:00:00+05:30,27.645160675048828,28.65944480895996,27.5130672454834,28.574527740478516,20.740243911743164,31783124,0.0,0.0
2003-05-15 00:00:00+05:30,28.499046325683594,29.154794692993164,28.499046325683594,28.951936721801758,21.014179229736328,27352061,0.0,0.0
2003-05-16 00:00:00+05:30,29.150075912475586,29.985092163085938,29.02741813659668,29.720905303955078,21.572317123413086,37900477,0.0,0.0
2003-05-19 00:00:00+05:30,29.909610748291016,30.63612174987793,29.78223419189453,30.027549743652344,21.79489517211914,53062865,0.0,0.0
2003-05-20 00:00:00+05:30,29.871868133544922,30.423828125,29.513330459594727,30.2775821685791,21.97637176513672,28932768,0.0,0.0
2003-05-21 00:00:00+05:30,30.390806198120117,31.164493560791016,30.390806198120117,30.669143676757812,22.260578155517578,51023059,0.0,0.0
2003-05-22 00:00:00+05:30,30.768213272094727,31.202234268188477,30.390806198120117,30.95220184326172,22.46603012084961,25108401,0.0,0.0
2003-05-23 00:00:00+05:30,31.230539321899414,32.39107131958008,31.230539321899414,32.1316032409668,23.322078704833984,54182724,0.0,0.0
2003-05-26 00:00:00+05:30,32.26841354370117,32.74017333984375,31.749475479125977,32.499576568603516,23.589160919189453,40514356,0.0,0.0
2003-05-27 00:00:00+05:30,32.457115173339844,32.74017333984375,31.872133255004883,31.985355377197266,23.215925216674805,39676134,0.0,0.0
2003-05-28 00:00:00+05:30,31.89100456237793,32.82037353515625,31.57492446899414,32.5986442565918,23.66106414794922,40215179,0.0,0.0
2003-05-29 00:00:00+05:30,32.65525436401367,34.12714767456055,32.48542022705078,33.7733268737793,24.513690948486328,85487268,0.0,0.0
2003-05-30 00:00:00+05:30,33.49970626831055,33.74974060058594,33.070404052734375,33.244956970214844,24.130178451538086,39781834,0.0,0.0
2003-06-02 00:00:00+05:30,32.457115173339844,32.87226486206055,32.089141845703125,32.59392547607422,23.657644271850586,33666537,0.0,0.0
2003-06-03 00:00:00+05:30,32.64582061767578,33.070404052734375,32.089141845703125,32.41465759277344,23.527528762817383,37123493,0.0,0.0
2003-06-04 00:00:00+05:30,32.55146789550781,33.90542221069336,32.27784729003906,33.697845458984375,24.458898544311523,42230577,0.0,0.0
2003-06-05 00:00:00+05:30,34.155452728271484,34.72156524658203,33.504425048828125,33.73558807373047,24.486297607421875,61474731,0.0,0.0
2003-06-06 00:00:00+05:30,34.43851089477539,34.70269775390625,33.414791107177734,34.4809684753418,25.027313232421875,47256083,0.0,0.0
2003-06-09 00:00:00+05:30,34.44794464111328,34.72156524658203,34.07997131347656,34.28754806518555,24.886930465698242,24808630,0.0,0.0
2003-06-10 00:00:00+05:30,33.75917434692383,34.50455856323242,33.25910949707031,33.438377380371094,24.270570755004883,47379504,0.0,0.0
2003-06-11 00:00:00+05:30,33.400638580322266,33.88655090332031,33.093994140625,33.55631637573242,24.356176376342773,30959114,0.0,0.0
2003-06-12 00:00:00+05:30,33.721435546875,33.763893127441406,32.99020767211914,33.174190521240234,24.078815460205078,32300590,0.0,0.0
2003-06-13 00:00:00+05:30,33.35346221923828,33.3864860534668,32.57505798339844,32.692996978759766,23.729551315307617,41618200,0.0,0.0
2003-06-16 00:00:00+05:30,32.54203414916992,33.11758041381836,32.2259521484375,32.92887878417969,23.9007625579834,31533336,0.0,0.0
2003-06-17 00:00:00+05:30,33.21193313598633,33.71671676635742,32.957183837890625,33.570472717285156,24.366451263427734,32017321,0.0,0.0
2003-06-18 00:00:00+05:30,33.598777770996094,33.9337272644043,33.093994140625,33.254390716552734,24.137027740478516,26572004,0.0,0.0
2003-06-19 00:00:00+05:30,33.3062858581543,34.10356140136719,32.57977294921875,33.608211517333984,24.393842697143555,110462997,0.0,0.0
2003-06-20 00:00:00+05:30,34.08940887451172,34.33472442626953,33.71671676635742,33.8535270690918,24.571901321411133,46611847,0.0,0.0
2003-06-23 00:00:00+05:30,33.98090362548828,34.2686767578125,33.164756774902344,33.311004638671875,24.178123474121094,32031724,0.0,0.0
2003-06-24 00:00:00+05:30,33.3487434387207,33.96675109863281,32.64582061767578,33.79691696166992,24.53080940246582,40275305,0.0,0.0
2003-06-25 00:00:00+05:30,33.96675109863281,35.023494720458984,33.70256423950195,34.81591796875,25.27043342590332,83267328,0.0,0.0
2003-06-26 00:00:00+05:30,34.91027069091797,35.44807815551758,34.63665008544922,35.16973876953125,25.52724266052246,77520004,0.0,0.0
2003-06-27 00:00:00+05:30,35.098976135253906,35.71226119995117,34.53286361694336,35.292396545410156,25.616273880004883,33847434,0.0,0.0
2003-06-30 00:00:00+05:30,35.476383209228516,36.60860824584961,35.400901794433594,36.273658752441406,26.32850456237793,53595636,0.0,0.0
2003-07-01 00:00:00+05:30,36.297245025634766,36.42462158203125,35.86322784423828,36.08967208862305,26.194965362548828,29116187,0.0,0.0
2003-07-02 00:00:00+05:30,36.278377532958984,36.9529914855957,36.25006866455078,36.7784423828125,26.694887161254883,40943335,0.0,0.0
2003-07-03 00:00:00+05:30,36.938838958740234,37.7408332824707,36.79731369018555,37.57099914550781,27.27015495300293,53508908,0.0,0.0
2003-07-04 00:00:00+05:30,36.820899963378906,37.11811065673828,36.34914016723633,36.59917449951172,27.144197463989258,35557031,0.801993,0.0
2003-07-07 00:00:00+05:30,36.79731369018555,36.94827651977539,36.52368927001953,36.63219451904297,27.16868782043457,25130488,0.0,0.0
2003-07-08 00:00:00+05:30,36.87279510498047,36.89166259765625,36.16987228393555,36.31611633300781,26.934263229370117,18969278,0.0,0.0
2003-07-09 00:00:00+05:30,36.41990280151367,36.58973693847656,35.77359390258789,36.07080078125,26.7523193359375,23898115,0.0,0.0
2003-07-10 00:00:00+05:30,35.86322784423828,36.70296096801758,35.759437561035156,36.457645416259766,27.039230346679688,20667789,0.0,0.0
2003-07-11 00:00:00+05:30,36.60860824584961,37.31624984741211,36.60860824584961,36.76428985595703,27.26664924621582,26045211,0.0,0.0
2003-07-14 00:00:00+05:30,37.174720764160156,38.184288024902344,36.901100158691406,37.98143005371094,28.16936492919922,44371240,0.0,0.0
2003-07-15 00:00:00+05:30,38.30222702026367,38.821163177490234,37.32096481323242,38.64189529418945,28.65920066833496,70174284,0.0,0.0
2003-07-16 00:00:00+05:30,38.731529235839844,39.59956741333008,38.23146438598633,39.48162841796875,29.28200340270996,53312738,0.0,0.0
2003-07-17 00:00:00+05:30,39.2882080078125,40.665748596191406,39.170265197753906,39.53352355957031,29.320484161376953,92186802,0.0,0.0
2003-07-18 00:00:00+05:30,39.241031646728516,39.7835578918457,38.76455307006836,39.080631256103516,28.98459243774414,53369207,0.0,0.0
2003-07-21 00:00:00+05:30,39.35425567626953,39.5806999206543,38.0333251953125,38.339969635009766,28.435272216796875,43803218,0.0,0.0
2003-07-22 00:00:00+05:30,37.92953872680664,38.4484748840332,37.0331916809082,37.203025817871094,27.59204864501953,62389591,0.0,0.0
2003-07-23 00:00:00+05:30,37.50495147705078,38.10880661010742,36.85392379760742,37.486083984375,27.801984786987305,55507221,0.0,0.0
2003-07-24 00:00:00+05:30,37.87764358520508,38.56169509887695,37.552127838134766,38.236183166503906,28.358299255371094,65012321,0.0,0.0
2003-07-25 00:00:00+05:30,38.59000015258789,40.37797546386719,38.39657974243164,40.11378860473633,29.750850677490234,77619938,0.0,0.0
2003-07-28 00:00:00+05:30,40.3826904296875,40.98654556274414,39.92980194091797,40.10906982421875,29.747346878051758,61651367,0.0,0.0
2003-07-29 00:00:00+05:30,39.722225189208984,40.74123001098633,39.46747589111328,40.505348205566406,30.041255950927734,60751694,0.0,0.0
2003-07-30 00:00:00+05:30,40.57139587402344,41.420562744140625,40.392127990722656,41.18940353393555,30.5485897064209,63005306,0.0,0.0
2003-07-31 00:00:00+05:30,41.27903747558594,41.32621383666992,39.66089630126953,39.88734436035156,29.582904815673828,62769477,0.0,0.0
2003-08-01 00:00:00+05:30,39.90149688720703,39.97697830200195,39.21272659301758,39.48634719848633,29.285497665405273,55016866,0.0,0.0
2003-08-04 00:00:00+05:30,39.38256072998047,40.5430908203125,38.88249206542969,40.37325668334961,29.943286895751953,65043438,0.0,0.0
2003-08-05 00:00:00+05:30,40.54780960083008,40.56196212768555,39.01458740234375,39.18442153930664,29.061573028564453,61703523,0.0,0.0
2003-08-06 00:00:00+05:30,38.75040054321289,39.528804779052734,38.075782775878906,38.33525085449219,28.431774139404297,73159030,0.0,0.0
2003-08-07 00:00:00+05:30,38.613590240478516,39.618438720703125,38.184288024902344,39.39199447631836,29.215524673461914,73250093,0.0,0.0
2003-08-08 00:00:00+05:30,39.65618133544922,40.038307189941406,39.448604583740234,39.83073043823242,29.540922164916992,49771237,0.0,0.0
2003-08-11 00:00:00+05:30,39.6231575012207,40.97239303588867,39.30707931518555,40.74123001098633,30.216197967529297,73671462,0.0,0.0
2003-08-12 00:00:00+05:30,41.057308197021484,41.580963134765625,40.20342254638672,40.510066986083984,30.044750213623047,78944625,0.0,0.0
2003-08-13 00:00:00+05:30,39.77412033081055,41.128074645996094,39.76940155029297,40.80727767944336,30.265178680419922,65824989,0.0,0.0
2003-08-14 00:00:00+05:30,41.02428436279297,41.51020050048828,40.45817184448242,40.656314849853516,30.153213500976562,54374803,0.0,0.0
2003-08-15 00:00:00+05:30,40.656314849853516,40.656314849853516,40.656314849853516,40.656314849853516,30.153213500976562,0,0.0,0.0
2003-08-18 00:00:00+05:30,40.774253845214844,41.043155670166016,40.222293853759766,40.590267181396484,30.10424041748047,35677516,0.0,0.0
2003-08-19 00:00:00+05:30,40.80255889892578,41.19411849975586,40.052459716796875,40.19870376586914,29.81382179260254,28674893,0.0,0.0
2003-08-20 00:00:00+05:30,40.28362274169922,41.406410217285156,40.20342254638672,41.26488494873047,30.604572296142578,44863131,0.0,0.0
2003-08-21 00:00:00+05:30,41.27903747558594,41.9300651550293,41.06202697753906,41.20827102661133,30.562580108642578,59495018,0.0,0.0
2003-08-22 00:00:00+05:30,41.396976470947266,41.9300651550293,40.58082962036133,40.98182678222656,30.394638061523438,49602857,0.0,0.0
2003-08-25 00:00:00+05:30,41.878173828125,42.07159423828125,39.410865783691406,39.892059326171875,29.586400985717773,66377208,0.0,0.0
2003-08-26 00:00:00+05:30,39.82601547241211,41.420562744140625,39.82601547241211,41.227142333984375,30.576583862304688,52001914,0.0,0.0
2003-08-27 00:00:00+05:30,41.854583740234375,43.15664291381836,41.35923767089844,42.95378494262695,31.85716438293457,78473613,0.0,0.0
2003-08-28 00:00:00+05:30,43.40195846557617,43.40195846557617,41.80268859863281,41.944217681884766,31.10841178894043,66538180,0.0,0.0
2003-08-29 00:00:00+05:30,42.2131233215332,42.43484878540039,41.146942138671875,41.580963134765625,30.8389949798584,47905629,0.0,0.0
2003-09-01 00:00:00+05:30,41.96308898925781,42.118770599365234,41.09033203125,41.33564758300781,30.657054901123047,33306142,0.0,0.0
2003-09-02 00:00:00+05:30,41.45358657836914,42.22727584838867,41.3450813293457,41.68946838378906,30.91947364807129,43531004,0.0,0.0
2003-09-03 00:00:00+05:30,41.868736267089844,42.43013381958008,40.665748596191406,40.8780403137207,30.317668914794922,45164386,0.0,0.0
2003-09-04 00:00:00+05:30,41.39225769042969,41.39225769042969,40.222293853759766,40.519500732421875,30.051746368408203,38824526,0.0,0.0
2003-09-05 00:00:00+05:30,40.929935455322266,41.137508392333984,40.47704315185547,41.02900314331055,30.42962646484375,26782895,0.0,0.0
2003-09-08 00:00:00+05:30,41.396976470947266,42.217838287353516,41.06674575805664,41.77910232543945,30.985944747924805,28904173,0.0,0.0
2003-09-09 00:00:00+05:30,42.17538070678711,42.71318817138672,41.047874450683594,41.34980010986328,30.667552947998047,52654427,0.0,0.0
2003-09-10 00:00:00+05:30,41.32621383666992,42.43013381958008,40.86860656738281,42.22727584838867,31.318336486816406,38707380,0.0,0.0
2003-09-11 00:00:00+05:30,42.33106231689453,43.208534240722656,42.24142837524414,42.61411666870117,31.605241775512695,56397492,0.0,0.0
2003-09-12 00:00:00+05:30,42.741493225097656,43.005680084228516,41.43000030517578,41.68946838378906,30.91947364807129,37263395,0.0,0.0
2003-09-15 00:00:00+05:30,41.514915466308594,41.78382110595703,39.77412033081055,40.09963607788086,29.7403507232666,35431321,0.0,0.0
2003-09-16 00:00:00+05:30,39.439170837402344,41.411128997802734,38.967411041259766,41.28847122192383,30.62205696105957,49719219,0.0,0.0
2003-09-17 00:00:00+05:30,41.514915466308594,41.82627868652344,39.92036437988281,40.236446380615234,29.84182357788086,45562257,0.0,0.0
2003-09-18 00:00:00+05:30,40.02415466308594,40.420433044433594,37.986148834228516,38.1654167175293,28.305824279785156,69840364,0.0,0.0
2003-09-19 00:00:00+05:30,38.49565124511719,39.01458740234375,37.46721267700195,38.533390045166016,28.5787296295166,74293536,0.0,0.0
2003-09-22 00:00:00+05:30,39.14667892456055,39.14667892456055,37.60402297973633,37.73139953613281,27.983928680419922,47183504,0.0,0.0
2003-09-23 00:00:00+05:30,37.4577751159668,39.48162841796875,37.33040237426758,39.20329284667969,29.07556915283203,64054631,0.0,0.0
2003-09-24 00:00:00+05:30,39.30236053466797,40.28833770751953,39.0759162902832,39.97697830200195,29.649381637573242,51773143,0.0,0.0
2003-09-25 00:00:00+05:30,39.62787628173828,40.36381912231445,39.15611267089844,39.344818115234375,29.18052864074707,64702354,0.0,0.0
2003-09-26 00:00:00+05:30,39.52408981323242,41.132789611816406,39.37312316894531,40.778968811035156,30.244184494018555,46816718,0.0,0.0
2003-09-29 00:00:00+05:30,41.137508392333984,41.96780776977539,41.043155670166016,41.750797271728516,30.964946746826172,41081360,0.0,0.0
2003-09-30 00:00:00+05:30,41.9725227355957,42.741493225097656,41.647010803222656,42.548072814941406,31.55626678466797,47671623,0.0,0.0
2003-10-01 00:00:00+05:30,42.64714050292969,42.835845947265625,41.864017486572266,42.08102798461914,31.209871292114258,35517699,0.0,0.0
2003-10-02 00:00:00+05:30,42.08102798461914,42.08102798461914,42.08102798461914,42.08102798461914,31.209871292114258,0,0.0,0.0
2003-10-03 00:00:00+05:30,42.17538070678711,43.06229019165039,42.1329231262207,42.96793746948242,31.867658615112305,30464668,0.0,0.0
2003-10-06 00:00:00+05:30,43.213253021240234,44.001094818115234,43.16607666015625,43.86428451538086,32.53245162963867,44549021,0.0,0.0
2003-10-07 00:00:00+05:30,43.29817199707031,44.24169158935547,42.94435119628906,43.095314025878906,31.96213150024414,40101371,0.0,0.0
2003-10-08 00:00:00+05:30,43.213253021240234,44.902156829833984,43.213253021240234,44.59079360961914,33.07127380371094,67599873,0.0,0.0
2003-10-09 00:00:00+05:30,44.75591278076172,45.49657440185547,44.75591278076172,45.355045318603516,33.63808059692383,40655922,0.0,0.0
2003-10-10 00:00:00+05:30,45.45411682128906,45.883419036865234,44.87385177612305,45.30786895751953,33.60309982299805,33004368,0.0,0.0
2003-10-13 00:00:00+05:30,39.66089630126953,46.66653823852539,39.66089630126953,46.4448127746582,34.44632339477539,42539346,0.0,0.0
2003-10-14 00:00:00+05:30,46.713714599609375,46.78919982910156,44.538902282714844,44.85026168823242,33.26371383666992,53074036,0.0,0.0
2003-10-15 00:00:00+05:30,44.95404815673828,46.31743621826172,44.453983306884766,45.883419036865234,34.02996063232422,51651259,0.0,0.0
2003-10-16 00:00:00+05:30,46.48727035522461,47.317569732666016,46.232521057128906,47.07697296142578,34.91517639160156,60459660,0.0,0.0
2003-10-17 00:00:00+05:30,47.36474609375,47.501556396484375,46.37876510620117,46.850528717041016,34.74722671508789,42177690,0.0,0.0
2003-10-20 00:00:00+05:30,46.987335205078125,48.00634002685547,45.685279846191406,46.166473388671875,34.23989486694336,47831672,0.0,0.0
2003-10-21 00:00:00+05:30,46.13816833496094,47.82707214355469,45.322021484375,45.96361541748047,34.08943557739258,77811519,0.0,0.0
2003-10-22 00:00:00+05:30,46.326873779296875,46.95903015136719,45.59092712402344,46.21836853027344,34.278385162353516,50486441,0.0,0.0
2003-10-23 00:00:00+05:30,46.694847106933594,46.92129135131836,45.633384704589844,45.92115783691406,34.057952880859375,53271859,0.0,0.0
2003-10-24 00:00:00+05:30,46.04381561279297,46.6571044921875,44.0152473449707,46.41178894042969,34.42182540893555,86842098,0.0,0.0
2003-10-27 00:00:00+05:30,46.987335205078125,46.987335205078125,45.31258773803711,45.49657440185547,33.74305725097656,40235793,0.0,0.0
2003-10-28 00:00:00+05:30,45.57205581665039,46.01551055908203,44.68514633178711,45.03424835205078,33.40016555786133,47536490,0.0,0.0
2003-10-29 00:00:00+05:30,45.28900146484375,46.02494430541992,44.911590576171875,45.82209014892578,33.98447799682617,38171726,0.0,0.0
2003-10-30 00:00:00+05:30,46.21364974975586,46.704280853271484,44.7747802734375,45.67584228515625,33.87601089477539,73807293,0.0,0.0
2003-10-31 00:00:00+05:30,44.97291946411133,45.84567642211914,44.354915618896484,45.68056106567383,33.879512786865234,60535249,0.0,0.0
2003-11-03 00:00:00+05:30,45.949466705322266,46.270263671875,44.68042755126953,44.902156829833984,33.30219268798828,54345635,0.0,0.0
2003-11-04 00:00:00+05:30,45.28900146484375,46.614646911621094,45.28900146484375,45.789066314697266,33.95998001098633,47471585,0.0,0.0
2003-11-05 00:00:00+05:30,45.76076126098633,46.086273193359375,44.86441421508789,45.199363708496094,33.522621154785156,32878955,0.0,0.0
2003-11-06 00:00:00+05:30,45.46826934814453,45.64753723144531,44.85026168823242,45.081424713134766,33.435150146484375,24377755,0.0,0.0
2003-11-07 00:00:00+05:30,45.28900146484375,45.84096145629883,44.72288513183594,45.12860107421875,33.47014617919922,34247839,0.0,0.0
2003-11-10 00:00:00+05:30,44.911590576171875,45.4022216796875,44.39265441894531,45.03424835205078,33.40016555786133,13218701,0.0,0.0
2003-11-11 00:00:00+05:30,45.19464874267578,45.76076126098633,44.77949905395508,45.04840087890625,33.41065979003906,25508901,0.0,0.0
2003-11-12 00:00:00+05:30,47.751590728759766,47.751590728759766,44.911590576171875,45.15690612792969,33.491127014160156,27479138,0.0,0.0
2003-11-13 00:00:00+05:30,45.39278793334961,45.50600814819336,43.736907958984375,44.15205764770508,32.74587631225586,25702039,0.0,0.0
2003-11-14 00:00:00+05:30,44.06242370605469,44.23225784301758,43.03398513793945,43.26042938232422,32.084590911865234,34028257,0.0,0.0
2003-11-17 00:00:00+05:30,43.95863723754883,44.807804107666016,43.41611099243164,44.63325119018555,33.10276412963867,21012190,0.0,0.0
2003-11-18 00:00:00+05:30,44.628536224365234,44.807804107666016,43.736907958984375,43.9350471496582,32.58493423461914,24974710,0.0,0.0
2003-11-19 00:00:00+05:30,43.77936553955078,43.77936553955078,43.03398513793945,43.397239685058594,32.18605422973633,21405377,0.0,0.0
2003-11-20 00:00:00+05:30,43.590660095214844,43.87371826171875,42.26973342895508,42.505611419677734,31.524770736694336,21129686,0.0,0.0
2003-11-21 00:00:00+05:30,42.44900131225586,42.61883544921875,41.27903747558594,42.33106231689453,31.395313262939453,40009375,0.0,0.0
2003-11-24 00:00:00+05:30,42.64714050292969,42.87358856201172,41.90176010131836,42.142356872558594,31.255361557006836,22137571,0.0,0.0
2003-11-25 00:00:00+05:30,42.36408615112305,42.92076110839844,42.17538070678711,42.7603645324707,31.713712692260742,18839488,0.0,0.0
2003-11-26 00:00:00+05:30,42.7603645324707,42.7603645324707,42.7603645324707,42.7603645324707,31.713712692260742,0,0.0,0.0
2003-11-27 00:00:00+05:30,42.939632415771484,44.24169158935547,42.939632415771484,44.019962310791016,32.64790725708008,34899451,0.0,0.0
2003-11-28 00:00:00+05:30,44.07185745239258,44.61909866333008,43.642555236816406,44.373783111572266,32.910316467285156,23127099,0.0,0.0
2003-12-01 00:00:00+05:30,45.10029602050781,45.21351623535156,43.87371826171875,44.38322067260742,32.917320251464844,16836353,0.0,0.0
2003-12-02 00:00:00+05:30,44.534183502197266,45.279563903808594,43.97750473022461,44.83610916137695,33.25320816040039,37674504,0.0,0.0
2003-12-03 00:00:00+05:30,45.10029602050781,45.5626220703125,44.36906814575195,44.72288513183594,33.169246673583984,27051781,0.0,0.0
2003-12-04 00:00:00+05:30,44.67099380493164,44.991790771484375,43.996376037597656,44.42095947265625,32.945308685302734,23046507,0.0,0.0
2003-12-05 00:00:00+05:30,44.628536224365234,44.902156829833984,43.213253021240234,43.41139221191406,32.19655227661133,19024518,0.0,0.0
2003-12-08 00:00:00+05:30,43.670860290527344,43.670860290527344,42.576377868652344,43.03398513793945,31.916648864746094,14582687,0.0,0.0
2003-12-09 00:00:00+05:30,43.40195846557617,43.74162673950195,43.0528564453125,43.557640075683594,32.305015563964844,17056210,0.0,0.0
2003-12-10 00:00:00+05:30,43.86428451538086,44.274715423583984,43.317039489746094,43.736907958984375,32.4379768371582,21741162,0.0,0.0
2003-12-11 00:00:00+05:30,43.95863723754883,44.807804107666016,43.69445037841797,44.543617248535156,33.03628921508789,22731421,0.0,0.0
2003-12-12 00:00:00+05:30,44.81724166870117,45.38335037231445,44.55305480957031,44.821956634521484,33.24271011352539,28888593,0.0,0.0
2003-12-15 00:00:00+05:30,44.92102813720703,46.04381561279297,44.68514633178711,45.708866119384766,33.90050506591797,33403936,0.0,0.0
2003-12-16 00:00:00+05:30,45.48714065551758,45.798500061035156,44.75591278076172,45.36448287963867,33.645084381103516,31015160,0.0,0.0
2003-12-17 00:00:00+05:30,45.789066314697266,45.789066314697266,44.84082794189453,44.991790771484375,33.36867141723633,18910573,0.0,0.0
2003-12-18 00:00:00+05:30,42.64714050292969,45.38335037231445,42.64714050292969,45.255977630615234,33.564613342285156,12270783,0.0,0.0
2003-12-19 00:00:00+05:30,45.47770309448242,46.46840286254883,45.29843521118164,46.246673583984375,34.29936981201172,29016857,0.0,0.0
2003-12-22 00:00:00+05:30,46.496707916259766,48.11012649536133,46.425941467285156,47.96388244628906,35.57295608520508,42918267,0.0,0.0
2003-12-23 00:00:00+05:30,48.138431549072266,48.4875373840332,47.567604064941406,47.79404830932617,35.44700622558594,40288998,0.0,0.0
2003-12-24 00:00:00+05:30,47.97803497314453,48.393184661865234,47.789329528808594,48.01105880737305,35.60795211791992,28659981,0.0,0.0
2003-12-25 00:00:00+05:30,48.01105880737305,48.01105880737305,48.01105880737305,48.01105880737305,35.60795211791992,0,0.0,0.0
2003-12-26 00:00:00+05:30,48.09125518798828,49.52540969848633,48.062950134277344,49.190460205078125,36.4826774597168,30191288,0.0,0.0
2003-12-29 00:00:00+05:30,52.143680572509766,52.143680572509766,49.817901611328125,50.69065856933594,37.595306396484375,33140454,0.0,0.0
2003-12-30 00:00:00+05:30,51.14826583862305,52.08235168457031,49.44520950317383,50.15285110473633,37.19643783569336,44842793,0.0,0.0
2003-12-31 00:00:00+05:30,50.32268524169922,51.2095947265625,50.195308685302734,50.718963623046875,37.616302490234375,41898671,0.0,0.0
2004-01-01 00:00:00+05:30,50.99729919433594,53.63444137573242,50.95956039428711,53.27590560913086,39.51268768310547,62972959,0.0,0.0
2004-01-02 00:00:00+05:30,53.50706481933594,53.875038146972656,53.07304763793945,53.41271209716797,39.61415100097656,25437964,0.0,0.0
2004-01-05 00:00:00+05:30,53.89862823486328,57.016963958740234,53.56839370727539,56.70088577270508,42.0528564453125,68132760,0.0,0.0
2004-01-06 00:00:00+05:30,56.79995346069336,58.43696212768555,55.865867614746094,56.71975326538086,42.06684875488281,84466581,0.0,0.0
2004-01-07 00:00:00+05:30,57.80952072143555,57.80952072143555,55.125205993652344,56.29045486450195,41.74845886230469,71533904,0.0,0.0
2004-01-08 00:00:00+05:30,56.79995346069336,59.34746170043945,56.79995346069336,58.56905746459961,43.438411712646484,44911270,0.0,0.0
2004-01-09 00:00:00+05:30,59.253108978271484,61.4232063293457,58.97005081176758,60.390052795410156,44.788978576660156,73303987,0.0,0.0
2004-01-12 00:00:00+05:30,60.857093811035156,61.394901275634766,59.49370574951172,60.53629684448242,44.897438049316406,56946924,0.0,0.0
2004-01-13 00:00:00+05:30,60.66838836669922,61.51755905151367,60.44666290283203,60.94672775268555,45.20185089111328,39462551,0.0,0.0
2004-01-14 00:00:00+05:30,61.62606430053711,64.05562591552734,61.62606430053711,63.447059631347656,47.056236267089844,45070684,0.0,0.0
2004-01-15 00:00:00+05:30,63.9707145690918,65.09349822998047,61.52699279785156,62.49882125854492,46.35297393798828,67331421,0.0,0.0
2004-01-16 00:00:00+05:30,62.744136810302734,62.744136810302734,59.06440353393555,59.93244171142578,44.449581146240234,55153768,0.0,0.0
2004-01-19 00:00:00+05:30,60.338157653808594,62.687522888183594,59.30028533935547,61.956295013427734,45.950592041015625,40350502,0.0,0.0
2004-01-20 00:00:00+05:30,62.744136810302734,62.91396713256836,58.13031768798828,59.22008514404297,43.92124938964844,55762339,0.0,0.0
2004-01-21 00:00:00+05:30,58.77191162109375,59.2059326171875,55.667728424072266,56.15364074707031,41.646995544433594,74065687,0.0,0.0
2004-01-22 00:00:00+05:30,56.61125183105469,58.441680908203125,54.59211349487305,55.2289924621582,40.961219787597656,73984248,0.0,0.0
2004-01-23 00:00:00+05:30,55.667728424072266,59.182342529296875,54.96009063720703,58.7105827331543,43.54336929321289,76578467,0.0,0.0
2004-01-26 00:00:00+05:30,58.7105827331543,58.7105827331543,58.7105827331543,58.7105827331543,43.54336929321289,0,0.0,0.0
2004-01-27 00:00:00+05:30,59.34746170043945,61.404335021972656,58.22467041015625,61.201480865478516,45.39078140258789,47062256,0.0,0.0
2004-01-28 00:00:00+05:30,61.564735412597656,62.64506530761719,58.99835968017578,59.602210998535156,44.20466613769531,86587435,0.0,0.0
2004-01-29 00:00:00+05:30,58.50300979614258,60.574039459228516,58.03596878051758,59.13045120239258,43.854774475097656,74231672,0.0,0.0
2004-01-30 00:00:00+05:30,59.253108978271484,59.6210823059082,55.8564338684082,56.42726135253906,41.84992218017578,80412129,0.0,0.0
2004-02-02 00:00:00+05:30,56.42726135253906,56.42726135253906,56.42726135253906,56.42726135253906,41.84992218017578,0,0.0,0.0
2004-02-03 00:00:00+05:30,56.60181427001953,56.60181427001953,52.57298278808594,53.525936126708984,39.6981201171875,78228891,0.0,0.0
2004-02-04 00:00:00+05:30,53.875038146972656,56.035701751708984,51.907798767089844,55.63470458984375,41.262123107910156,94280747,0.0,0.0
2004-02-05 00:00:00+05:30,55.05915832519531,57.12546920776367,53.9741096496582,54.662879943847656,40.541343688964844,89941171,0.0,0.0
2004-02-06 00:00:00+05:30,55.20540237426758,56.469722747802734,54.46474075317383,56.191383361816406,41.67498016357422,56144271,0.0,0.0
2004-02-09 00:00:00+05:30,56.42254638671875,58.96061706542969,56.42254638671875,58.76247787475586,43.58186340332031,59334555,0.0,0.0
2004-02-10 00:00:00+05:30,59.248390197753906,59.248390197753906,57.06414031982422,57.6585578918457,42.76313018798828,67428314,0.0,0.0
2004-02-11 00:00:00+05:30,58.55018615722656,59.422943115234375,57.804805755615234,59.18706130981445,43.896759033203125,57621323,0.0,0.0
2004-02-12 00:00:00+05:30,59.253108978271484,59.526729583740234,57.68686294555664,58.271846771240234,43.21797180175781,46619245,0.0,0.0
2004-02-13 00:00:00+05:30,58.03125,59.630516052246094,57.7906494140625,59.36161422729492,44.026222229003906,45343312,0.0,0.0
2004-02-16 00:00:00+05:30,59.630516052246094,60.347591400146484,59.10214614868164,59.455963134765625,44.096187591552734,46742401,0.0,0.0
2004-02-17 00:00:00+05:30,59.61164474487305,60.064537048339844,58.83795928955078,59.80978775024414,44.358612060546875,44648510,0.0,0.0
2004-02-18 00:00:00+05:30,60.0079231262207,60.47968673706055,59.092708587646484,59.38991928100586,44.047218322753906,41744917,0.0,0.0
2004-02-19 00:00:00+05:30,59.408790588378906,59.44181442260742,56.62068557739258,56.98394012451172,42.262794494628906,54868835,0.0,0.0
2004-02-20 00:00:00+05:30,56.70560073852539,57.639686584472656,55.667728424072266,56.847129821777344,42.16132354736328,72389285,0.0,0.0
2004-02-23 00:00:00+05:30,57.460418701171875,57.5359001159668,55.19596862792969,55.587528228759766,41.22713088989258,54771402,0.0,0.0
2004-02-24 00:00:00+05:30,61.33357238769531,61.33357238769531,54.63928985595703,57.15377426147461,42.38874435424805,62918875,0.0,0.0
2004-02-25 00:00:00+05:30,57.27171325683594,57.27171325683594,55.20540237426758,55.497894287109375,41.16065216064453,48985107,0.0,0.0
2004-02-26 00:00:00+05:30,55.8564338684082,56.79051971435547,53.99298095703125,54.36566925048828,40.320919036865234,56074235,0.0,0.0
2004-02-27 00:00:00+05:30,54.63928985595703,55.384674072265625,53.318363189697266,55.1487922668457,40.901729583740234,57912329,0.0,0.0
2004-03-01 00:00:00+05:30,55.34221649169922,56.847129821777344,54.82799530029297,56.63483810424805,42.003875732421875,42453762,0.0,0.0
2004-03-02 00:00:00+05:30,56.63483810424805,56.63483810424805,56.63483810424805,56.63483810424805,42.003875732421875,0,0.0,0.0
2004-03-03 00:00:00+05:30,56.79051971435547,57.34247970581055,56.139488220214844,56.54048538208008,41.933895111083984,52601424,0.0,0.0
2004-03-04 00:00:00+05:30,56.61125183105469,57.7906494140625,56.351783752441406,57.03583526611328,42.30127716064453,85895187,0.0,0.0
2004-03-05 00:00:00+05:30,57.31417465209961,58.30958938598633,57.281150817871094,58.1633415222168,43.137508392333984,54176969,0.0,0.0
2004-03-08 00:00:00+05:30,58.30958938598633,59.526729583740234,58.30958938598633,59.21536636352539,43.91775131225586,39961289,0.0,0.0
2004-03-09 00:00:00+05:30,59.44181442260742,60.140018463134766,58.42280960083008,59.786197662353516,44.34110641479492,71078451,0.0,0.0
2004-03-10 00:00:00+05:30,59.630516052246094,59.705997467041016,57.870849609375,58.267127990722656,43.214481353759766,52717023,0.0,0.0
2004-03-11 00:00:00+05:30,57.719886779785156,58.0029411315918,56.24799346923828,56.79523849487305,42.122840881347656,44169124,0.0,0.0
2004-03-12 00:00:00+05:30,56.32819366455078,56.83769607543945,55.125205993652344,56.53105163574219,41.92689895629883,43089742,0.0,0.0
2004-03-15 00:00:00+05:30,56.89430618286133,57.31888961791992,53.88447570800781,54.610984802246094,40.502864837646484,49901960,0.0,0.0
2004-03-16 00:00:00+05:30,53.870323181152344,55.62998962402344,53.61085510253906,54.040157318115234,40.079505920410156,62163131,0.0,0.0
2004-03-17 00:00:00+05:30,54.6015510559082,55.15822982788086,54.25716781616211,54.72420883178711,40.58683395385742,44911397,0.0,0.0
2004-03-18 00:00:00+05:30,54.70533752441406,55.054439544677734,52.521087646484375,52.95038986206055,39.271263122558594,42139959,0.0,0.0
2004-03-19 00:00:00+05:30,54.62985610961914,54.62985610961914,52.417301177978516,53.54480743408203,39.71211624145508,45669770,0.0,0.0
2004-03-22 00:00:00+05:30,53.49763107299805,53.49763107299805,51.747398376464844,51.9691276550293,38.54350280761719,38162167,0.0,0.0
2004-03-23 00:00:00+05:30,51.799293518066406,52.874908447265625,51.33696746826172,52.21444320678711,38.725440979003906,34654274,0.0,0.0
2004-03-24 00:00:00+05:30,49.41218566894531,52.35597229003906,49.41218566894531,51.629459381103516,38.291587829589844,37315148,0.0,0.0
2004-03-25 00:00:00+05:30,52.08235168457031,53.95051956176758,51.94082260131836,53.17683410644531,39.43920135498047,44614287,0.0,0.0
2004-03-26 00:00:00+05:30,53.78068923950195,56.31875991821289,53.686336517333984,55.955501556396484,41.500038146972656,50361547,0.0,0.0
2004-03-29 00:00:00+05:30,56.23384094238281,57.5783576965332,55.488460540771484,57.38965606689453,42.563697814941406,52075786,0.0,0.0
2004-03-30 00:00:00+05:30,48.586605072021484,57.74347686767578,48.586605072021484,55.89889144897461,41.45805740356445,43026246,0.0,0.0
2004-03-31 00:00:00+05:30,56.12062072753906,57.460418701171875,55.762081146240234,57.163211822509766,42.395755767822266,37889973,0.0,0.0
2004-04-01 00:00:00+05:30,57.31888961791992,58.625667572021484,57.177364349365234,58.337894439697266,43.26696014404297,44966224,0.0,0.0
2004-04-02 00:00:00+05:30,58.40393829345703,58.90400695800781,57.23397445678711,58.63038635253906,43.48389434814453,44059334,0.0,0.0
2004-04-05 00:00:00+05:30,58.73417282104492,59.328590393066406,57.49816131591797,57.903873443603516,42.945068359375,43719500,0.0,0.0
2004-04-06 00:00:00+05:30,58.498291015625,59.81450271606445,57.71516799926758,59.22951889038086,43.92825698852539,70326003,0.0,0.0
2004-04-07 00:00:00+05:30,59.44181442260742,59.630516052246094,58.60679626464844,59.04081726074219,43.788291931152344,48155809,0.0,0.0
2004-04-08 00:00:00+05:30,58.965335845947266,60.140018463134766,58.064273834228516,58.795501708984375,43.60636520385742,77381639,0.0,0.0
2004-04-09 00:00:00+05:30,58.795501708984375,58.795501708984375,58.795501708984375,58.795501708984375,43.60636520385742,0,0.0,0.0
2004-04-12 00:00:00+05:30,55.26673126220703,59.536163330078125,55.26673126220703,58.38978576660156,43.305450439453125,30250916,0.0,0.0
2004-04-13 00:00:00+05:30,58.50300979614258,60.47496795654297,57.630252838134766,60.064537048339844,44.54755401611328,42399879,0.0,0.0
2004-04-14 00:00:00+05:30,60.064537048339844,60.064537048339844,60.064537048339844,60.064537048339844,44.54755401611328,0,0.0,0.0
2004-04-15 00:00:00+05:30,60.0079231262207,60.82878875732422,59.488990783691406,60.144737243652344,44.60703659057617,48490608,0.0,0.0
2004-04-16 00:00:00+05:30,60.38533401489258,61.045799255371094,59.91357421875,60.31928634643555,44.73648452758789,38430629,0.0,0.0
2004-04-19 00:00:00+05:30,60.847660064697266,61.328853607177734,59.10214614868164,59.342742919921875,44.012229919433594,38133116,0.0,0.0
2004-04-20 00:00:00+05:30,59.44181442260742,59.790916442871094,58.7907829284668,59.50313949584961,44.13117599487305,28823963,0.0,0.0
2004-04-21 00:00:00+05:30,59.253108978271484,61.121280670166016,59.158756256103516,60.85237503051758,45.13185501098633,36794831,0.0,0.0
2004-04-22 00:00:00+05:30,60.99862289428711,62.149715423583984,60.29570007324219,61.90911865234375,45.91560363769531,40054059,0.0,0.0
2004-04-23 00:00:00+05:30,61.89496612548828,62.8384895324707,61.51755905151367,62.045928955078125,46.01707077026367,41972851,0.0,0.0
2004-04-27 00:00:00+05:30,61.30998229980469,61.30998229980469,51.04447555541992,59.446529388427734,44.08919143676758,44040288,0.0,0.0
2004-04-28 00:00:00+05:30,59.253108978271484,60.64952087402344,58.97005081176758,60.27682876586914,44.70500183105469,47459481,0.0,0.0
2004-04-29 00:00:00+05:30,60.19662857055664,60.90427017211914,59.253108978271484,60.257957458496094,44.69099807739258,40685693,0.0,0.0
2004-04-30 00:00:00+05:30,61.008056640625,61.225067138671875,59.92300796508789,60.597625732421875,44.94291687011719,40787768,0.0,0.0
2004-05-03 00:00:00+05:30,59.91357421875,59.98905563354492,57.12546920776367,58.40865707397461,43.3194465637207,51177088,0.0,0.0
2004-05-04 00:00:00+05:30,59.328590393066406,60.7155647277832,59.328590393066406,60.40892028808594,44.80295944213867,38557611,0.0,0.0
2004-05-05 00:00:00+05:30,60.574039459228516,60.76274108886719,59.89470291137695,60.61649703979492,44.95692443847656,26671249,0.0,0.0
2004-05-06 00:00:00+05:30,61.1401481628418,62.045928955078125,61.1401481628418,61.80533218383789,45.83863067626953,25962828,0.0,0.0
2004-05-07 00:00:00+05:30,61.772308349609375,61.772308349609375,59.630516052246094,60.80048370361328,45.09337615966797,31081189,0.0,0.0
2004-05-10 00:00:00+05:30,60.76274108886719,60.76274108886719,50.95012664794922,59.30028533935547,43.98072814941406,38540123,0.0,0.0
2004-05-11 00:00:00+05:30,57.554771423339844,58.76247787475586,57.1915168762207,58.21995162963867,43.179500579833984,45238756,0.0,0.0
2004-05-12 00:00:00+05:30,57.93217849731445,59.44181442260742,56.80938720703125,58.5784912109375,43.44540786743164,55166221,0.0,0.0
2004-05-13 00:00:00+05:30,56.61125183105469,59.003074645996094,54.950653076171875,56.79995346069336,42.12632751464844,78091258,0.0,0.0
2004-05-14 00:00:00+05:30,56.61125183105469,56.9886589050293,47.09112548828125,48.70454406738281,36.122276306152344,99804991,0.0,0.0
2004-05-17 00:00:00+05:30,46.67597579956055,46.67597579956055,39.30236053466797,42.24614334106445,31.332338333129883,37953258,0.0,0.0
2004-05-18 00:00:00+05:30,42.26973342895508,47.34587478637695,42.17538070678711,46.31743621826172,34.35185623168945,44624716,0.0,0.0
2004-05-19 00:00:00+05:30,47.157169342041016,50.04434585571289,46.421226501464844,49.567867279052734,36.7625732421875,76676303,0.0,0.0
2004-05-20 00:00:00+05:30,48.59132385253906,50.270790100097656,47.671390533447266,48.54414749145508,36.003318786621094,53996369,0.0,0.0
2004-05-21 00:00:00+05:30,47.55345153808594,49.039493560791016,45.05311965942383,48.676239013671875,36.10128402709961,46470006,0.0,0.0
2004-05-24 00:00:00+05:30,49.53484344482422,51.4218864440918,49.25178527832031,50.898231506347656,37.749263763427734,38307505,0.0,0.0
2004-05-25 00:00:00+05:30,50.66706848144531,51.49736785888672,49.06308364868164,50.902950286865234,37.75275421142578,39137704,0.0,0.0
2004-05-26 00:00:00+05:30,50.76142120361328,51.50680160522461,49.916969299316406,50.21417999267578,37.241920471191406,39454581,0.0,0.0
2004-05-27 00:00:00+05:30,49.66693878173828,50.648197174072266,48.69511032104492,50.09623718261719,37.15444564819336,47903213,0.0,0.0
2004-05-28 00:00:00+05:30,50.388729095458984,50.468929290771484,45.12860107421875,45.82209014892578,33.98447799682617,89297974,0.0,0.0
2004-05-31 00:00:00+05:30,45.41637420654297,45.68056106567383,43.05757141113281,43.88787078857422,32.54994201660156,66390107,0.0,0.0
2004-06-01 00:00:00+05:30,44.34547805786133,45.47770309448242,44.019962310791016,44.27943420410156,32.84033966064453,53077894,0.0,0.0
2004-06-02 00:00:00+05:30,43.68501663208008,45.47770309448242,43.590660095214844,44.6002311706543,33.07826614379883,54737688,0.0,0.0
2004-06-03 00:00:00+05:30,46.12873458862305,46.591060638427734,43.79351806640625,44.31245422363281,32.86484146118164,68670427,0.0,0.0
2004-06-04 00:00:00+05:30,43.95863723754883,46.20421600341797,43.59537887573242,45.91644287109375,34.0544548034668,55481063,0.0,0.0
2004-06-07 00:00:00+05:30,46.232521057128906,47.053382873535156,45.161624908447266,45.7371711730957,33.92148971557617,49431594,0.0,0.0
2004-06-08 00:00:00+05:30,46.04381561279297,46.13816833496094,44.82667541503906,45.515445709228516,33.757049560546875,38126523,0.0,0.0
2004-06-09 00:00:00+05:30,45.47770309448242,46.609928131103516,45.45411682128906,45.633384704589844,33.84452438354492,51130921,0.0,0.0
2004-06-10 00:00:00+05:30,44.72288513183594,45.595645904541016,44.72288513183594,45.279563903808594,33.582115173339844,35310645,0.0,0.0
2004-06-11 00:00:00+05:30,45.19464874267578,45.19464874267578,43.9350471496582,44.180362701416016,32.76687240600586,32226389,0.0,0.0
2004-06-14 00:00:00+05:30,43.96807098388672,43.96807098388672,41.3026237487793,41.486610412597656,30.769018173217773,51678476,0.0,0.0
2004-06-15 00:00:00+05:30,41.32621383666992,42.43956756591797,40.8780403137207,41.93950271606445,31.104909896850586,58557307,0.0,0.0
2004-06-16 00:00:00+05:30,42.467872619628906,42.741493225097656,41.3450813293457,41.774383544921875,30.98244285583496,56005546,0.0,0.0
2004-06-17 00:00:00+05:30,41.514915466308594,42.77451705932617,40.55724334716797,42.378238677978516,31.430307388305664,66626180,0.0,0.0
2004-06-18 00:00:00+05:30,42.378238677978516,42.86415100097656,40.98182678222656,41.26959991455078,30.60807228088379,77406853,0.0,0.0
2004-06-21 00:00:00+05:30,40.939369201660156,40.939369201660156,39.12309265136719,39.25990295410156,29.1175594329834,85744783,0.0,0.0
2004-06-22 00:00:00+05:30,39.5806999206543,40.33551788330078,38.967411041259766,40.01943588256836,29.680870056152344,87858461,0.0,0.0
2004-06-23 00:00:00+05:30,39.986412048339844,40.260032653808594,38.3258171081543,38.56169509887695,28.59972381591797,93113957,0.0,0.0
2004-06-24 00:00:00+05:30,39.81657791137695,40.16568374633789,38.13711166381836,39.868473052978516,29.56891441345215,93933166,0.0,0.0
2004-06-25 00:00:00+05:30,39.250465393066406,40.076045989990234,38.623023986816406,39.54767608642578,30.11495590209961,70320131,1.037873,0.0
2004-06-28 00:00:00+05:30,39.77412033081055,41.2224235534668,39.39199447631836,40.92521667480469,31.163925170898438,70605838,0.0,0.0
2004-06-29 00:00:00+05:30,40.3826904296875,41.137508392333984,39.82601547241211,40.429866790771484,30.786725997924805,79789355,0.0,0.0
2004-06-30 00:00:00+05:30,40.576114654541016,41.02428436279297,40.2505989074707,40.62800598144531,30.937604904174805,77749443,0.0,0.0
2004-07-01 00:00:00+05:30,41.02428436279297,41.92534637451172,40.94880294799805,41.78853988647461,31.821332931518555,66582111,0.0,0.0
2004-07-02 00:00:00+05:30,41.420562744140625,42.496177673339844,41.08089828491211,42.00554656982422,31.986591339111328,74876279,0.0,0.0
2004-07-05 00:00:00+05:30,41.7979736328125,42.07630920410156,40.41099548339844,40.66102981567383,30.962751388549805,52480239,0.0,0.0
2004-07-06 00:00:00+05:30,40.47704315185547,41.514915466308594,40.26947021484375,41.36395263671875,31.498016357421875,50857710,0.0,0.0
2004-07-07 00:00:00+05:30,41.137508392333984,41.93950271606445,40.90634536743164,41.18940353393555,31.365100860595703,57716149,0.0,0.0
2004-07-08 00:00:00+05:30,41.34036636352539,41.89232635498047,39.061763763427734,39.49106216430664,30.07183837890625,83324380,0.0,0.0
2004-07-09 00:00:00+05:30,38.40129852294922,40.760101318359375,36.79731369018555,40.519500732421875,30.85498046875,46547387,0.0,0.0
2004-07-12 00:00:00+05:30,40.3826904296875,40.98654556274414,39.995849609375,40.7553825378418,31.03459930419922,33063201,0.0,0.0
2004-07-13 00:00:00+05:30,40.94880294799805,41.23186111450195,39.81657791137695,40.500633239746094,30.840606689453125,28854328,0.0,0.0
2004-07-14 00:00:00+05:30,40.58082962036133,41.02428436279297,40.2081413269043,40.64687728881836,30.95197105407715,40269168,0.0,0.0
2004-07-15 00:00:00+05:30,40.90162658691406,41.297908782958984,40.39684295654297,40.65159606933594,30.955568313598633,38462425,0.0,0.0
2004-07-16 00:00:00+05:30,41.98667526245117,41.98667526245117,40.24116134643555,41.48189163208008,31.58782386779785,40864110,0.0,0.0
2004-07-19 00:00:00+05:30,41.52435302734375,42.17538070678711,41.250732421875,41.514915466308594,31.612974166870117,31630705,0.0,0.0
2004-07-20 00:00:00+05:30,41.27431869506836,41.5054817199707,40.774253845214844,40.91106414794922,31.153148651123047,27459255,0.0,0.0
2004-07-21 00:00:00+05:30,41.09033203125,42.50089645385742,40.760101318359375,41.61870574951172,31.692012786865234,23972973,0.0,0.0
2004-07-22 00:00:00+05:30,42.36408615112305,43.986942291259766,42.033851623535156,43.68501663208008,33.26547622680664,62367323,0.0,0.0
2004-07-23 00:00:00+05:30,43.77936553955078,44.13790512084961,43.23212432861328,43.82182312011719,33.369651794433594,36690487,0.0,0.0
2004-07-26 00:00:00+05:30,44.24641036987305,50.69537353515625,42.95378494262695,44.31245422363281,33.74325180053711,46583517,0.0,0.0
2004-07-27 00:00:00+05:30,44.265281677246094,44.704017639160156,41.46773910522461,41.760231018066406,31.799781799316406,83415825,0.0,0.0
2004-07-28 00:00:00+05:30,41.70362091064453,41.741363525390625,40.63272476196289,40.863887786865234,31.117225646972656,59293199,0.0,0.0
2004-07-29 00:00:00+05:30,41.043155670166016,42.222557067871094,41.043155670166016,42.06687545776367,32.03327941894531,49067331,0.0,0.0
2004-07-30 00:00:00+05:30,42.43956756591797,42.86415100097656,41.55265808105469,41.71305465698242,31.763858795166016,44531374,0.0,0.0
2004-08-02 00:00:00+05:30,41.80740737915039,41.97724151611328,41.17524719238281,41.73192596435547,31.778223037719727,28054886,0.0,0.0
2004-08-03 00:00:00+05:30,41.89232635498047,42.35464859008789,41.3450813293457,41.514915466308594,31.612974166870117,40648916,0.0,0.0
2004-08-04 00:00:00+05:30,41.420562744140625,41.604549407958984,41.00541687011719,41.293190002441406,31.444128036499023,29789972,0.0,0.0
2004-08-05 00:00:00+05:30,41.420562744140625,42.43484878540039,41.420562744140625,42.23670959472656,32.1626091003418,32239976,0.0,0.0
2004-08-06 00:00:00+05:30,42.59053039550781,43.1047477722168,41.34980010986328,41.61870574951172,31.692012786865234,63140099,0.0,0.0
2004-08-09 00:00:00+05:30,41.491329193115234,43.49631118774414,41.043155670166016,43.19438552856445,32.891868591308594,74977718,0.0,0.0
2004-08-10 00:00:00+05:30,43.58122634887695,43.76993179321289,42.8924560546875,43.37836837768555,33.03196716308594,56004168,0.0,0.0
2004-08-11 00:00:00+05:30,43.40195846557617,43.49631118774414,42.08102798461914,42.198970794677734,32.133872985839844,39877317,0.0,0.0
2004-08-12 00:00:00+05:30,42.26973342895508,42.63298797607422,41.44415283203125,41.73664474487305,31.781818389892578,42105980,0.0,0.0
2004-08-13 00:00:00+05:30,41.89232635498047,42.32634353637695,41.477176666259766,42.07630920410156,32.040470123291016,52018066,0.0,0.0
2004-08-16 00:00:00+05:30,42.08102798461914,42.0904655456543,41.19411849975586,41.647010803222656,31.713560104370117,30800697,0.0,0.0
2004-08-17 00:00:00+05:30,41.89232635498047,42.24614334106445,41.420562744140625,41.71305465698242,31.763858795166016,32227650,0.0,0.0
2004-08-18 00:00:00+05:30,41.514915466308594,41.920631408691406,40.68461990356445,40.82143020629883,31.084896087646484,36466020,0.0,0.0
2004-08-19 00:00:00+05:30,41.27431869506836,41.32621383666992,40.495914459228516,40.84501647949219,31.10285758972168,36340087,0.0,0.0
2004-08-20 00:00:00+05:30,40.94880294799805,40.94880294799805,40.10906982421875,40.3826904296875,30.750802993774414,31764894,0.0,0.0
2004-08-23 00:00:00+05:30,40.37325668334961,40.415714263916016,39.165550231933594,39.47219467163086,30.057476043701172,32920576,0.0,0.0
2004-08-24 00:00:00+05:30,39.81657791137695,40.0901985168457,39.439170837402344,39.65146255493164,30.193981170654297,29703148,0.0,0.0
2004-08-25 00:00:00+05:30,40.052459716796875,40.85445022583008,39.675052642822266,40.70820617675781,30.998672485351562,29588026,0.0,0.0
2004-08-26 00:00:00+05:30,40.774253845214844,41.26016616821289,40.774253845214844,41.132789611816406,31.32199478149414,29813586,0.0,0.0
2004-08-27 00:00:00+05:30,41.23186111450195,41.491329193115234,40.63272476196289,40.967674255371094,31.19626235961914,29386165,0.0,0.0
2004-08-30 00:00:00+05:30,41.32621383666992,42.17538070678711,41.32621383666992,42.014984130859375,31.993762969970703,21810572,0.0,0.0
2004-08-31 00:00:00+05:30,42.08102798461914,42.08102798461914,41.250732421875,41.78382110595703,31.81774139404297,22088065,0.0,0.0
2004-09-01 00:00:00+05:30,42.222557067871094,42.64714050292969,41.81212615966797,42.52448272705078,32.381744384765625,38295264,0.0,0.0
2004-09-02 00:00:00+05:30,42.55278778076172,43.005680084228516,42.13764190673828,42.70375442504883,32.51824951171875,33848780,0.0,0.0
2004-09-03 00:00:00+05:30,42.69431686401367,43.7321891784668,42.64714050292969,43.61896896362305,33.215171813964844,52328753,0.0,0.0
2004-09-06 00:00:00+05:30,43.60481643676758,43.920894622802734,43.3076057434082,43.3878059387207,33.039154052734375,21793021,0.0,0.0
2004-09-07 00:00:00+05:30,43.40195846557617,44.13318634033203,43.123619079589844,44.03411865234375,33.53130340576172,35748431,0.0,0.0
2004-09-08 00:00:00+05:30,43.96807098388672,44.23225784301758,43.746341705322266,43.920894622802734,33.44508743286133,27990987,0.0,0.0
2004-09-09 00:00:00+05:30,43.96807098388672,44.04355239868164,43.26986312866211,43.670860290527344,33.25469207763672,25731577,0.0,0.0
2004-09-10 00:00:00+05:30,43.77936553955078,44.23225784301758,43.43026351928711,44.03883361816406,33.5349006652832,28491792,0.0,0.0
2004-09-13 00:00:00+05:30,43.87371826171875,43.87371826171875,42.85471725463867,43.09059524536133,32.81283187866211,27337498,0.0,0.0
2004-09-14 00:00:00+05:30,43.1849479675293,43.26042938232422,42.562225341796875,43.02455139160156,32.76254653930664,19028238,0.0,0.0
2004-09-15 00:00:00+05:30,43.24627685546875,43.727474212646484,42.845279693603516,43.010398864746094,32.75175857543945,30755748,0.0,0.0
2004-09-16 00:00:00+05:30,42.930198669433594,44.03411865234375,42.70846939086914,43.90202331542969,33.43072509765625,22708030,0.0,0.0
2004-09-17 00:00:00+05:30,44.156776428222656,45.51072692871094,44.08600997924805,45.34089279174805,34.526397705078125,43399295,0.0,0.0
2004-09-20 00:00:00+05:30,45.336177825927734,45.642818450927734,44.911590576171875,45.05311965942383,34.3072624206543,28147041,0.0,0.0
2004-09-21 00:00:00+05:30,45.10029602050781,45.46826934814453,45.057838439941406,45.29843521118164,34.49406433105469,19683592,0.0,0.0
2004-09-22 00:00:00+05:30,45.74188995361328,46.704280853271484,45.29843521118164,46.506141662597656,35.41371536254883,35574995,0.0,0.0
2004-09-23 00:00:00+05:30,46.232521057128906,46.93072509765625,45.41637420654297,45.57205581665039,34.70241928100586,37353218,0.0,0.0
2004-09-24 00:00:00+05:30,45.57205581665039,45.892852783203125,45.02009582519531,45.166343688964844,34.393489837646484,30026437,0.0,0.0
2004-09-27 00:00:00+05:30,44.82667541503906,45.241825103759766,44.47757339477539,44.69929885864258,34.03783416748047,18578508,0.0,0.0
2004-09-28 00:00:00+05:30,44.34547805786133,44.977638244628906,43.883155822753906,44.02939987182617,33.52771759033203,20796721,0.0,0.0
2004-09-29 00:00:00+05:30,43.99165725708008,44.71345138549805,43.647274017333984,44.637969970703125,33.991127014160156,29555944,0.0,0.0
2004-09-30 00:00:00+05:30,44.81724166870117,45.1899299621582,43.87843704223633,44.16621017456055,33.631893157958984,25108910,0.0,0.0
2004-10-01 00:00:00+05:30,44.10960006713867,45.4022216796875,43.656707763671875,45.18049621582031,34.404273986816406,20264131,0.0,0.0
2004-10-04 00:00:00+05:30,45.46355056762695,45.85511016845703,45.28900146484375,45.54375076293945,34.68086624145508,20352057,0.0,0.0
2004-10-05 00:00:00+05:30,45.66640853881836,46.37876510620117,44.84554672241211,46.21364974975586,35.19099044799805,36156180,0.0,0.0
2004-10-06 00:00:00+05:30,46.232521057128906,47.053382873535156,45.12388229370117,45.32674026489258,34.515621185302734,36987185,0.0,0.0
2004-10-07 00:00:00+05:30,45.38806915283203,46.591060638427734,45.29843521118164,45.92587661743164,34.97185134887695,34573014,0.0,0.0
2004-10-08 00:00:00+05:30,45.66640853881836,46.421226501464844,45.57205581665039,46.152320861816406,35.144287109375,34845197,0.0,0.0
2004-10-11 00:00:00+05:30,46.22780227661133,46.336307525634766,45.12388229370117,45.29371643066406,34.4904670715332,18682883,0.0,0.0
2004-10-12 00:00:00+05:30,45.57205581665039,45.83624267578125,44.076576232910156,44.3596305847168,33.7791862487793,26353206,0.0,0.0
2004-10-14 00:00:00+05:30,44.364349365234375,44.67571258544922,43.8123893737793,44.0152473449707,33.51694107055664,18307110,0.0,0.0
2004-10-15 00:00:00+05:30,44.17564392089844,44.78893280029297,43.751060485839844,43.930328369140625,33.452274322509766,25057369,0.0,0.0
2004-10-18 00:00:00+05:30,44.1473388671875,44.524749755859375,43.23212432861328,43.44441604614258,33.08225631713867,20975731,0.0,0.0
2004-10-19 00:00:00+05:30,43.49631118774414,44.34547805786133,43.17079544067383,43.83597946166992,33.38042068481445,18769357,0.0,0.0
2004-10-20 00:00:00+05:30,44.34547805786133,44.86441421508789,43.13777160644531,43.368934631347656,33.024776458740234,15335400,0.0,0.0
2004-10-21 00:00:00+05:30,43.590660095214844,43.77936553955078,43.06700897216797,43.62840270996094,33.22236251831055,19454090,0.0,0.0
2004-10-22 00:00:00+05:30,43.62840270996094,43.62840270996094,43.62840270996094,43.62840270996094,33.22236251831055,0,0.0,0.0
2004-10-25 00:00:00+05:30,43.63783645629883,43.68501663208008,41.146942138671875,41.44415283203125,31.5590877532959,23056597,0.0,0.0
2004-10-26 00:00:00+05:30,41.514915466308594,42.78866958618164,41.32621383666992,42.63298797607422,32.46437454223633,47578736,0.0,0.0
2004-10-27 00:00:00+05:30,42.835845947265625,42.92076110839844,42.05744171142578,42.33578109741211,32.2380485534668,19394494,0.0,0.0
2004-10-28 00:00:00+05:30,42.661293029785156,42.930198669433594,41.7177734375,41.92534637451172,31.92551040649414,18371115,0.0,0.0
2004-10-29 00:00:00+05:30,42.08102798461914,42.458438873291016,41.750797271728516,42.2131233215332,32.144649505615234,17116336,0.0,0.0
2004-11-01 00:00:00+05:30,42.31690979003906,44.48700714111328,42.22727584838867,44.21810531616211,33.671417236328125,34839410,0.0,0.0
2004-11-02 00:00:00+05:30,44.298301696777344,44.60494613647461,43.97750473022461,44.31245422363281,33.74325180053711,20485599,0.0,0.0
2004-11-03 00:00:00+05:30,44.36906814575195,46.17591094970703,44.31717300415039,46.02494430541992,35.04728698730469,41592425,0.0,0.0
2004-11-04 00:00:00+05:30,45.949466705322266,46.326873779296875,45.14275360107422,45.39750671386719,34.56950759887695,19973994,0.0,0.0
2004-11-05 00:00:00+05:30,45.58148956298828,47.17132568359375,45.58148956298828,47.0297966003418,35.812469482421875,37708992,0.0,0.0
2004-11-08 00:00:00+05:30,47.22321701049805,47.58647155761719,46.624080657958984,46.79863357543945,35.636444091796875,27853799,0.0,0.0
2004-11-09 00:00:00+05:30,46.987335205078125,47.02507781982422,46.067405700683594,46.232521057128906,35.20535659790039,20114086,0.0,0.0
2004-11-10 00:00:00+05:30,46.4448127746582,46.883548736572266,46.326873779296875,46.54388427734375,35.44245147705078,18412439,0.0,0.0
2004-11-11 00:00:00+05:30,46.713714599609375,47.043949127197266,46.04381561279297,46.3221549987793,35.273616790771484,14801972,0.0,0.0
2004-11-12 00:00:00+05:30,49.06308364868164,51.70494079589844,46.10514450073242,46.425941467285156,35.352638244628906,4033074,0.0,0.0
2004-11-15 00:00:00+05:30,46.425941467285156,46.425941467285156,46.425941467285156,46.425941467285156,35.352638244628906,0,0.0,0.0
2004-11-16 00:00:00+05:30,46.256107330322266,47.80820083618164,46.072120666503906,47.62893295288086,36.26871109008789,36273242,0.0,0.0
2004-11-17 00:00:00+05:30,47.74215316772461,48.62906265258789,47.64780044555664,48.459228515625,36.90096664428711,30062494,0.0,0.0
2004-11-18 00:00:00+05:30,48.506404876708984,49.44049072265625,48.21391677856445,49.214046478271484,37.47574234008789,30259352,0.0,0.0
2004-11-19 00:00:00+05:30,49.393314361572266,49.5820198059082,47.98275375366211,48.13371658325195,36.6530876159668,35694696,0.0,0.0
2004-11-22 00:00:00+05:30,47.5770378112793,48.81776809692383,47.5770378112793,48.46394729614258,36.90455627441406,24812986,0.0,0.0
2004-11-23 00:00:00+05:30,48.93098831176758,49.29896545410156,48.416770935058594,48.69511032104492,37.080589294433594,23853283,0.0,0.0
2004-11-24 00:00:00+05:30,48.59132385253906,49.27065658569336,48.402618408203125,48.8743782043457,37.21708679199219,21964665,0.0,0.0
2004-11-25 00:00:00+05:30,48.8743782043457,49.18574142456055,48.034645080566406,48.36959457397461,36.83271026611328,22905037,0.0,0.0
2004-11-26 00:00:00+05:30,48.36959457397461,48.36959457397461,48.36959457397461,48.36959457397461,36.83271026611328,0,0.0,0.0
2004-11-29 00:00:00+05:30,48.949859619140625,49.89809799194336,48.949859619140625,49.563148498535156,37.74158477783203,21653151,0.0,0.0
2004-11-30 00:00:00+05:30,49.89338302612305,50.65763473510742,49.57258605957031,49.97829818725586,38.057708740234375,28562124,0.0,0.0
2004-12-01 00:00:00+05:30,50.025474548339844,51.32753372192383,49.15271759033203,51.04447555541992,38.86958312988281,48428331,0.0,0.0
2004-12-02 00:00:00+05:30,51.70494079589844,55.33277893066406,51.70494079589844,54.870452880859375,41.78301239013672,86993584,0.0,0.0
2004-12-03 00:00:00+05:30,55.667728424072266,55.667728424072266,54.15809631347656,54.5213508605957,41.51716995239258,35467282,0.0,0.0
2004-12-06 00:00:00+05:30,55.17709732055664,55.837562561035156,54.143943786621094,54.30434036254883,41.3519172668457,38368829,0.0,0.0
2004-12-07 00:00:00+05:30,54.4411506652832,54.686466217041016,53.407997131347656,53.875038146972656,41.0250129699707,31896847,0.0,0.0
2004-12-08 00:00:00+05:30,54.72420883178711,63.027191162109375,54.72420883178711,55.9366340637207,42.59489440917969,60046357,0.0,0.0
2004-12-09 00:00:00+05:30,55.19596862792969,57.724605560302734,47.55345153808594,57.14434051513672,43.5145378112793,53101625,0.0,0.0
2004-12-10 00:00:00+05:30,57.366065979003906,57.78121566772461,55.8139762878418,56.14892578125,42.75654220581055,51404206,0.0,0.0
2004-12-13 00:00:00+05:30,56.31875991821289,56.97922134399414,55.8564338684082,56.26214599609375,42.84275817871094,37837330,0.0,0.0
2004-12-14 00:00:00+05:30,60.857093811035156,60.857093811035156,47.83650588989258,56.94620132446289,43.36366653442383,34413633,0.0,0.0
2004-12-15 00:00:00+05:30,57.083011627197266,57.5359001159668,56.91789245605469,57.0311164855957,43.428321838378906,23108032,0.0,0.0
2004-12-16 00:00:00+05:30,57.06414031982422,57.06414031982422,54.72892761230469,55.44600296020508,42.221282958984375,29646615,0.0,0.0
2004-12-17 00:00:00+05:30,56.139488220214844,56.139488220214844,54.74779510498047,55.030853271484375,41.9051513671875,26734491,0.0,0.0
2004-12-20 00:00:00+05:30,55.19596862792969,55.99795913696289,54.79497146606445,55.88002014160156,42.55178451538086,21732100,0.0,0.0
2004-12-21 00:00:00+05:30,56.41311264038086,57.083011627197266,55.497894287109375,56.96035385131836,43.37443542480469,23236370,0.0,0.0
2004-12-22 00:00:00+05:30,57.03583526611328,57.460418701171875,55.785667419433594,56.13477325439453,42.74576950073242,24399874,0.0,0.0
2004-12-23 00:00:00+05:30,56.23384094238281,57.7906494140625,56.04513931274414,57.49816131591797,43.78396987915039,32714370,0.0,0.0
2004-12-24 00:00:00+05:30,58.03596878051758,58.21051788330078,57.200950622558594,57.4556999206543,43.751644134521484,23556342,0.0,0.0
2004-12-27 00:00:00+05:30,56.70560073852539,58.347328186035156,56.61125183105469,57.908592224121094,44.09651184082031,23321583,0.0,0.0
2004-12-28 00:00:00+05:30,57.837825775146484,59.158756256103516,57.837825775146484,58.94174575805664,44.88323974609375,29240244,0.0,0.0
2004-12-29 00:00:00+05:30,59.253108978271484,59.437095642089844,58.427528381347656,58.74360656738281,44.732357025146484,20836020,0.0,0.0
2004-12-30 00:00:00+05:30,58.875701904296875,60.17304229736328,58.40865707397461,59.72958755493164,45.48316955566406,42940514,0.0,0.0
2004-12-31 00:00:00+05:30,59.91357421875,61.753440856933594,59.91357421875,61.51755905151367,46.84468460083008,36535069,0.0,0.0
2005-01-03 00:00:00+05:30,61.753440856933594,62.545997619628906,61.338287353515625,61.87137985229492,47.114105224609375,22590407,0.0,0.0
2005-01-04 00:00:00+05:30,62.16387176513672,62.16858673095703,60.965599060058594,61.319419860839844,46.69379425048828,26206416,0.0,0.0
2005-01-05 00:00:00+05:30,61.32413864135742,61.876094818115234,55.762081146240234,58.257694244384766,44.362342834472656,52142335,0.0,0.0
2005-01-06 00:00:00+05:30,58.05011749267578,59.3380241394043,56.24799346923828,57.016963958740234,43.41754913330078,47719200,0.0,0.0
2005-01-07 00:00:00+05:30,57.49816131591797,58.49357223510742,57.106597900390625,58.087860107421875,44.23301696777344,30985674,0.0,0.0
2005-01-10 00:00:00+05:30,59.91357421875,59.91357421875,56.380088806152344,56.60653305053711,43.10500717163086,33139055,0.0,0.0
2005-01-11 00:00:00+05:30,56.61125183105469,57.34719467163086,55.224273681640625,55.50261306762695,42.26438903808594,36396853,0.0,0.0
2005-01-12 00:00:00+05:30,53.02587127685547,56.299888610839844,53.02587127685547,54.08261489868164,41.18308639526367,34234506,0.0,0.0
2005-01-13 00:00:00+05:30,55.384674072265625,56.31875991821289,54.72420883178711,55.955501556396484,42.6092529296875,25641903,0.0,0.0
2005-01-14 00:00:00+05:30,56.139488220214844,56.70560073852539,54.09204864501953,54.573246002197266,41.55669021606445,37262515,0.0,0.0
2005-01-17 00:00:00+05:30,55.479026794433594,56.22440719604492,54.08733367919922,55.5733757019043,42.318275451660156,31085227,0.0,0.0
2005-01-18 00:00:00+05:30,56.04513931274414,56.55463790893555,54.87517166137695,55.1487922668457,41.99496841430664,27446696,0.0,0.0
2005-01-19 00:00:00+05:30,55.384674072265625,55.62055206298828,54.63928985595703,54.837432861328125,41.757869720458984,20321935,0.0,0.0
2005-01-20 00:00:00+05:30,54.6015510559082,54.72420883178711,53.50706481933594,54.37982177734375,41.40940475463867,22292756,0.0,0.0
2005-01-24 00:00:00+05:30,54.4411506652832,54.4411506652832,53.27118682861328,53.8939094543457,41.039390563964844,18306315,0.0,0.0
2005-01-25 00:00:00+05:30,53.30892562866211,55.474308013916016,53.30892562866211,54.90819549560547,41.81174850463867,22039862,0.0,0.0
2005-01-27 00:00:00+05:30,55.290321350097656,55.474308013916016,54.64400863647461,54.8138427734375,41.739906311035156,20690862,0.0,0.0
2005-01-28 00:00:00+05:30,55.09218215942383,59.158756256103516,54.8657341003418,58.705867767333984,44.70362091064453,73276547,0.0,0.0
2005-01-31 00:00:00+05:30,59.06440353393555,60.98918533325195,59.06440353393555,60.66838836669922,46.19804382324219,35650267,0.0,0.0
2005-02-01 00:00:00+05:30,60.38533401489258,60.951446533203125,59.55503463745117,59.82394027709961,45.555015563964844,26149682,0.0,0.0
2005-02-02 00:00:00+05:30,60.0079231262207,61.843074798583984,60.0079231262207,61.210914611816406,46.611183166503906,48099255,0.0,0.0
2005-02-03 00:00:00+05:30,61.055233001708984,62.43749237060547,60.38533401489258,61.90440368652344,47.13926696777344,43291539,0.0,0.0
2005-02-04 00:00:00+05:30,63.121543884277344,63.121543884277344,60.86652755737305,61.15430450439453,46.56807327270508,43778661,0.0,0.0
2005-02-07 00:00:00+05:30,61.61191177368164,61.98931884765625,60.390052795410156,60.65423583984375,46.18727493286133,26428287,0.0,0.0
2005-02-08 00:00:00+05:30,60.857093811035156,61.12599563598633,59.592777252197266,59.93244171142578,45.63764190673828,30665946,0.0,0.0
2005-02-09 00:00:00+05:30,60.38533401489258,61.69682693481445,60.19662857055664,61.53643035888672,46.85905075073242,28964595,0.0,0.0
2005-02-10 00:00:00+05:30,61.61191177368164,62.25822067260742,52.808860778808594,61.18732452392578,46.59321594238281,28803507,0.0,0.0
2005-02-11 00:00:00+05:30,61.602474212646484,61.96573257446289,61.234500885009766,61.71097946166992,46.99196243286133,20552338,0.0,0.0
2005-02-14 00:00:00+05:30,62.08367156982422,63.65935134887695,62.08367156982422,62.79602813720703,47.81821823120117,29762776,0.0,0.0
2005-02-15 00:00:00+05:30,63.027191162109375,63.027191162109375,61.762874603271484,62.38087844848633,47.5020866394043,25913216,0.0,0.0
2005-02-16 00:00:00+05:30,62.38087844848633,63.95184326171875,61.82891845703125,62.569583892822266,47.64578628540039,43552106,0.0,0.0
2005-02-17 00:00:00+05:30,62.47051239013672,62.579017639160156,61.475101470947266,62.24406814575195,47.39791488647461,42056929,0.0,0.0
2005-02-18 00:00:00+05:30,62.99888610839844,63.187591552734375,61.72041320800781,62.10725784301758,47.293731689453125,28481723,0.0,0.0
2005-02-21 00:00:00+05:30,62.43277359008789,62.78187561035156,61.43264389038086,62.3431396484375,47.47334671020508,39157153,0.0,0.0
2005-02-22 00:00:00+05:30,62.3431396484375,64.72553253173828,62.27237319946289,64.19243621826172,48.88155746459961,47075335,0.0,0.0
2005-02-23 00:00:00+05:30,64.44247436523438,65.00858306884766,63.61217498779297,63.87636184692383,48.640872955322266,35351587,0.0,0.0
2005-02-24 00:00:00+05:30,64.15941619873047,65.45675659179688,63.9707145690918,65.19257354736328,49.64316177368164,53718728,0.0,0.0
2005-02-25 00:00:00+05:30,65.57469940185547,65.62187194824219,64.25376892089844,64.64060974121094,49.22283935546875,35323204,0.0,0.0
2005-02-28 00:00:00+05:30,65.560546875,67.85801696777344,63.22061538696289,67.42871856689453,51.345943450927734,79761619,0.0,0.0
2005-03-01 00:00:00+05:30,67.0843276977539,67.64100646972656,65.35297393798828,65.63130950927734,49.977237701416016,54356594,0.0,0.0
2005-03-02 00:00:00+05:30,65.95210266113281,66.94280242919922,65.81057739257812,66.65031433105469,50.75320053100586,29291817,0.0,0.0
2005-03-03 00:00:00+05:30,66.7776870727539,67.91934967041016,66.6125717163086,67.65988159179688,51.52196502685547,33996408,0.0,0.0
2005-03-04 00:00:00+05:30,67.83914947509766,68.4996109008789,67.11264038085938,67.31549072265625,51.25971984863281,29723911,0.0,0.0
2005-03-07 00:00:00+05:30,67.59854888916016,69.33934783935547,67.4853286743164,68.55622100830078,52.20450973510742,38377350,0.0,0.0
2005-03-08 00:00:00+05:30,68.40525817871094,68.83927917480469,67.85801696777344,68.31562805175781,52.02130889892578,22336560,0.0,0.0
2005-03-09 00:00:00+05:30,68.59396362304688,69.05628967285156,67.19755554199219,68.01370239257812,51.79138946533203,27321145,0.0,0.0
2005-03-10 00:00:00+05:30,67.92406463623047,70.24512481689453,67.54193878173828,70.01868438720703,53.318153381347656,47119255,0.0,0.0
2005-03-11 00:00:00+05:30,69.92904663085938,70.85369873046875,69.35350036621094,69.5280532836914,52.944557189941406,39007871,0.0,0.0
2005-03-14 00:00:00+05:30,69.53748321533203,70.13190460205078,69.00439453125,69.26386260986328,52.743385314941406,24652884,0.0,0.0
2005-03-15 00:00:00+05:30,69.25443267822266,69.5940933227539,68.40525817871094,69.0421371459961,52.57453155517578,26233750,0.0,0.0
2005-03-16 00:00:00+05:30,69.07044219970703,69.6318359375,68.40998077392578,68.68831634521484,52.30509948730469,21586422,0.0,0.0
2005-03-17 00:00:00+05:30,68.86758422851562,69.10346221923828,67.74479675292969,68.51848602294922,52.175785064697266,23732586,0.0,0.0
2005-03-18 00:00:00+05:30,68.59396362304688,68.90532684326172,67.20698547363281,68.66944885253906,52.290733337402344,31969754,0.0,0.0
2005-03-21 00:00:00+05:30,68.9619369506836,69.00911712646484,67.84857940673828,68.18824768066406,51.9243049621582,17169890,0.0,0.0
2005-03-22 00:00:00+05:30,67.74479675292969,67.74479675292969,64.93782043457031,65.40958404541016,49.808406829833984,34645583,0.0,0.0
2005-03-23 00:00:00+05:30,65.07463073730469,65.45204162597656,61.43735885620117,62.05536651611328,47.25421142578125,46317397,0.0,0.0
2005-03-24 00:00:00+05:30,62.46107864379883,63.44234085083008,61.489253997802734,62.687522888183594,47.735595703125,67231636,0.0,0.0
2005-03-28 00:00:00+05:30,64.0650634765625,64.0650634765625,62.18745803833008,62.80074691772461,47.821807861328125,28401269,0.0,0.0
2005-03-29 00:00:00+05:30,62.744136810302734,62.744136810302734,60.10227584838867,60.54573059082031,46.10464096069336,40407469,0.0,0.0
2005-03-30 00:00:00+05:30,60.805198669433594,62.6780891418457,60.163604736328125,62.37144470214844,47.494895935058594,44764882,0.0,0.0
2005-03-31 00:00:00+05:30,62.8384895324707,63.15928649902344,61.35244369506836,61.781742095947266,47.045860290527344,36799388,0.0,0.0
2005-04-01 00:00:00+05:30,61.80061340332031,63.48008346557617,61.578887939453125,63.2253303527832,48.14512252807617,29521064,0.0,0.0
2005-04-04 00:00:00+05:30,63.2253303527832,63.78200912475586,62.61204147338867,62.932838439941406,47.922401428222656,19813807,0.0,0.0
2005-04-05 00:00:00+05:30,63.027191162109375,63.16400146484375,60.56460189819336,60.89483642578125,46.37049102783203,29208120,0.0,0.0
2005-04-06 00:00:00+05:30,61.234500885009766,61.74400329589844,60.97975158691406,61.475101470947266,46.81235122680664,22893028,0.0,0.0
2005-04-07 00:00:00+05:30,61.74400329589844,64.72553253173828,61.61662673950195,61.80533218383789,47.06382369995117,17230695,0.0,0.0
2005-04-08 00:00:00+05:30,61.98931884765625,62.220481872558594,61.1401481628418,61.62606430053711,46.92730712890625,26177831,0.0,0.0
2005-04-11 00:00:00+05:30,61.62606430053711,62.17802429199219,60.39476776123047,60.61649703979492,46.15853500366211,16933669,0.0,0.0
2005-04-12 00:00:00+05:30,60.61649703979492,61.18260955810547,60.01736068725586,61.008056640625,46.456703186035156,23366320,0.0,0.0
2005-04-13 00:00:00+05:30,61.80061340332031,61.80061340332031,60.607059478759766,60.92314147949219,46.39204406738281,14849656,0.0,0.0
2005-04-15 00:00:00+05:30,60.61649703979492,60.61649703979492,58.40865707397461,58.66340637207031,44.67128372192383,20923024,0.0,0.0
2005-04-18 00:00:00+05:30,57.554771423339844,59.10214614868164,57.30473709106445,58.507728576660156,44.552738189697266,27207496,0.0,0.0
2005-04-19 00:00:00+05:30,58.94646453857422,59.71543502807617,57.941612243652344,58.1633415222168,44.290489196777344,25992197,0.0,0.0
2005-04-20 00:00:00+05:30,58.30958938598633,59.003074645996094,57.29530334472656,58.55961990356445,44.592254638671875,32639310,0.0,0.0
2005-04-21 00:00:00+05:30,58.30958938598633,59.41350555419922,57.6585578918457,59.30028533935547,45.15626907348633,21878838,0.0,0.0
2005-04-22 00:00:00+05:30,59.44181442260742,59.89470291137695,58.248260498046875,58.536033630371094,44.57429122924805,26528497,0.0,0.0
2005-04-25 00:00:00+05:30,58.96061706542969,59.319156646728516,58.02653121948242,58.889854431152344,44.84372329711914,19372831,0.0,0.0
2005-04-26 00:00:00+05:30,59.253108978271484,59.602210998535156,58.67284393310547,58.9511833190918,44.89042282104492,20614435,0.0,0.0
2005-04-27 00:00:00+05:30,58.97005081176758,59.3380241394043,58.12560272216797,58.49357223510742,44.54196548461914,15632712,0.0,0.0
2005-04-28 00:00:00+05:30,58.498291015625,58.59264373779297,56.729190826416016,57.007530212402344,43.410369873046875,42287894,0.0,0.0
2005-04-29 00:00:00+05:30,56.832977294921875,57.07357406616211,54.91291427612305,55.18181610107422,42.020118713378906,29199492,0.0,0.0
2005-05-02 00:00:00+05:30,55.479026794433594,55.931915283203125,54.35151672363281,55.60639953613281,42.34342956542969,29021277,0.0,0.0
2005-05-03 00:00:00+05:30,55.80925750732422,56.823543548583984,55.1063346862793,56.53105163574219,43.04752731323242,36061068,0.0,0.0
2005-05-04 00:00:00+05:30,56.733909606933594,57.436832427978516,56.582942962646484,57.300018310546875,43.633094787597656,28089745,0.0,0.0
2005-05-05 00:00:00+05:30,57.554771423339844,58.47941970825195,57.554771423339844,58.13975524902344,44.27253341674805,25701255,0.0,0.0
2005-05-06 00:00:00+05:30,58.12088394165039,58.85683059692383,57.370784759521484,58.22467041015625,44.337196350097656,21151498,0.0,0.0
2005-05-09 00:00:00+05:30,58.498291015625,58.86626434326172,58.22467041015625,58.65869140625,44.66769790649414,13813515,0.0,0.0
2005-05-10 00:00:00+05:30,58.781349182128906,59.13988494873047,58.05483627319336,58.23882293701172,44.34797286987305,22834238,0.0,0.0
2005-05-11 00:00:00+05:30,58.064273834228516,58.38507080078125,57.42267990112305,58.04540252685547,44.20068359375,16062962,0.0,0.0
2005-05-12 00:00:00+05:30,57.77649688720703,58.7530403137207,57.77649688720703,58.38978576660156,44.46293258666992,11044122,0.0,0.0
2005-05-13 00:00:00+05:30,58.30958938598633,58.625667572021484,57.7906494140625,58.43696212768555,44.49885177612305,11990726,0.0,0.0
2005-05-16 00:00:00+05:30,61.1401481628418,61.1401481628418,58.59736251831055,59.762611389160156,45.5083122253418,20309482,0.0,0.0
2005-05-17 00:00:00+05:30,59.91357421875,60.38533401489258,58.795501708984375,59.19649887084961,45.077232360839844,23148253,0.0,0.0
2005-05-18 00:00:00+05:30,58.875701904296875,61.031646728515625,58.68699645996094,60.503273010253906,46.07231521606445,40876701,0.0,0.0
2005-05-19 00:00:00+05:30,60.857093811035156,61.508121490478516,59.960750579833984,60.253238677978516,45.88192367553711,20207311,0.0,0.0
2005-05-20 00:00:00+05:30,60.83822250366211,61.4232063293457,59.55503463745117,61.234500885009766,46.6291389465332,56265603,0.0,0.0
2005-05-23 00:00:00+05:30,61.52699279785156,61.97988510131836,61.1401481628418,61.37131118774414,46.73331069946289,17981076,0.0,0.0
2005-05-24 00:00:00+05:30,61.80061340332031,62.673370361328125,61.234500885009766,62.52712631225586,47.61345291137695,27189775,0.0,0.0
2005-05-25 00:00:00+05:30,62.46107864379883,64.13111114501953,61.635498046875,63.918819427490234,48.6732063293457,46617624,0.0,0.0
2005-05-26 00:00:00+05:30,63.70652770996094,64.80101013183594,63.03662872314453,64.50379943847656,49.1186637878418,39829877,0.0,0.0
2005-05-27 00:00:00+05:30,64.63117980957031,64.63117980957031,62.659217834472656,63.05549621582031,48.01580047607422,28404459,0.0,0.0
2005-05-30 00:00:00+05:30,63.21589660644531,63.49895095825195,62.27237319946289,62.48466873168945,47.58112335205078,21733828,0.0,0.0
2005-05-31 00:00:00+05:30,62.60260772705078,63.541412353515625,62.18745803833008,63.25835418701172,48.17026901245117,20477533,0.0,0.0
2005-06-01 00:00:00+05:30,63.16872024536133,63.67822265625,62.09310531616211,62.29124450683594,47.433834075927734,21960447,0.0,0.0
2005-06-02 00:00:00+05:30,62.73469924926758,63.21589660644531,61.66380310058594,61.82891845703125,47.08176803588867,21752598,0.0,0.0
2005-06-03 00:00:00+05:30,61.8477897644043,62.88566589355469,61.8477897644043,62.503536224365234,47.59548568725586,17817868,0.0,0.0
2005-06-06 00:00:00+05:30,63.027191162109375,64.80573272705078,63.027191162109375,64.38114166259766,49.0252571105957,31580118,0.0,0.0
2005-06-07 00:00:00+05:30,64.15941619873047,64.92366790771484,63.97542953491211,64.72080993652344,49.283905029296875,19365793,0.0,0.0
2005-06-08 00:00:00+05:30,65.10293579101562,65.55110931396484,64.63117980957031,65.09349822998047,49.56770706176758,23477478,0.0,0.0
2005-06-09 00:00:00+05:30,65.38599395751953,65.57469940185547,64.6925048828125,65.04632568359375,49.531776428222656,13815974,0.0,0.0
2005-06-10 00:00:00+05:30,65.29164123535156,65.6407470703125,64.0273208618164,64.22074890136719,48.90312194824219,19059313,0.0,0.0
2005-06-13 00:00:00+05:30,64.25376892089844,64.52738952636719,63.560279846191406,64.33396911621094,48.98933410644531,14116805,0.0,0.0
2005-06-14 00:00:00+05:30,64.63117980957031,65.17842102050781,63.829185485839844,64.74440002441406,49.30187225341797,18355884,0.0,0.0
2005-06-15 00:00:00+05:30,64.81987762451172,65.37655639648438,64.56513214111328,65.00858306884766,49.50303649902344,15869548,0.0,0.0
2005-06-16 00:00:00+05:30,65.10293579101562,65.27277374267578,63.93769073486328,64.15470123291016,48.852821350097656,19137733,0.0,0.0
2005-06-17 00:00:00+05:30,54.15809631347656,63.78200912475586,54.15809631347656,62.9705810546875,48.849159240722656,20822232,1.179401,0.0
2005-06-20 00:00:00+05:30,63.395164489746094,63.53669357299805,61.70626449584961,61.99403762817383,48.09161376953125,22988532,0.0,0.0
2005-06-21 00:00:00+05:30,61.82420349121094,63.28194046020508,61.82420349121094,62.82433319091797,48.7357177734375,15352877,0.0,0.0
2005-06-22 00:00:00+05:30,63.31024932861328,63.77729034423828,62.0883903503418,62.390316009521484,48.39902877807617,19605237,0.0,0.0
2005-06-23 00:00:00+05:30,62.5554313659668,64.6547622680664,61.99875259399414,64.46134185791016,50.005611419677734,39389007,0.0,0.0
2005-06-24 00:00:00+05:30,64.44718933105469,65.00858306884766,63.69237518310547,64.0273208618164,49.66892623901367,26689330,0.0,0.0
2005-06-27 00:00:00+05:30,63.87636184692383,64.57456970214844,63.121543884277344,63.371578216552734,49.16023635864258,19193916,0.0,0.0
2005-06-28 00:00:00+05:30,63.404598236083984,63.918819427490234,62.319549560546875,62.465797424316406,48.45758056640625,26041629,0.0,0.0
2005-06-29 00:00:00+05:30,62.663936614990234,63.67350387573242,62.08367156982422,63.49423599243164,49.2553825378418,20237655,0.0,0.0
2005-06-30 00:00:00+05:30,63.78200912475586,64.72553253173828,63.68765640258789,64.33868408203125,49.910465240478516,23672630,0.0,0.0
2005-07-01 00:00:00+05:30,64.3481216430664,66.88619232177734,62.4752311706543,66.63616180419922,51.69271469116211,51589554,0.0,0.0
2005-07-04 00:00:00+05:30,66.99469757080078,67.78253936767578,66.82958221435547,67.14566040039062,52.08796691894531,22186102,0.0,0.0
2005-07-05 00:00:00+05:30,67.17868041992188,67.72120666503906,66.23516082763672,66.4521713256836,51.54999923706055,27847143,0.0,0.0
2005-07-06 00:00:00+05:30,66.8578872680664,68.31090545654297,66.71163940429688,68.00897979736328,52.75767517089844,21981771,0.0,0.0
2005-07-07 00:00:00+05:30,68.31090545654297,68.66944885253906,66.54180908203125,67.01356506347656,51.985496520996094,35182232,0.0,0.0
2005-07-08 00:00:00+05:30,67.46173858642578,68.31090545654297,67.00885009765625,67.71649169921875,52.530784606933594,20907232,0.0,0.0
2005-07-11 00:00:00+05:30,68.216552734375,68.67887878417969,67.21170806884766,67.43814849853516,52.314857482910156,13795105,0.0,0.0
2005-07-12 00:00:00+05:30,67.8297119140625,68.59396362304688,66.70692443847656,67.73535919189453,52.54542541503906,24417997,0.0,0.0
2005-07-13 00:00:00+05:30,68.13163757324219,69.3487777709961,67.67874908447266,68.537353515625,53.16756820678711,25632735,0.0,0.0
2005-07-14 00:00:00+05:30,68.59396362304688,69.0468521118164,66.98998260498047,67.22586059570312,52.150169372558594,18183477,0.0,0.0
2005-07-15 00:00:00+05:30,66.98998260498047,68.68831634521484,66.98998260498047,67.86273956298828,52.64424133300781,15558373,0.0,0.0
2005-07-18 00:00:00+05:30,68.31090545654297,68.40054321289062,67.4004135131836,67.60798645019531,52.44660949707031,12363256,0.0,0.0
2005-07-19 00:00:00+05:30,67.83914947509766,68.66944885253906,67.67874908447266,68.07502746582031,52.80891418457031,12744827,0.0,0.0
2005-07-20 00:00:00+05:30,68.66944885253906,69.32047271728516,68.14107513427734,68.39110565185547,53.054107666015625,16221358,0.0,0.0
2005-07-21 00:00:00+05:30,68.4146957397461,68.87702178955078,66.6125717163086,66.97110748291016,51.952552795410156,16720944,0.0,0.0
2005-07-22 00:00:00+05:30,67.46173858642578,68.21183776855469,67.04659271240234,68.03728485107422,52.77963638305664,16907988,0.0,0.0
2005-07-25 00:00:00+05:30,68.21183776855469,70.57535552978516,68.21183776855469,70.12246704101562,54.39720916748047,32782752,0.0,0.0
2005-07-26 00:00:00+05:30,69.82054138183594,71.23582458496094,69.3487777709961,70.91974639892578,55.01569747924805,44964253,0.0,0.0
2005-07-27 00:00:00+05:30,70.95276641845703,73.96260070800781,70.44798278808594,73.13701629638672,56.735740661621094,28781526,0.0,0.0
2005-07-28 00:00:00+05:30,73.13701629638672,73.13701629638672,73.13701629638672,73.13701629638672,56.735740661621094,0,0.0,0.0
2005-07-29 00:00:00+05:30,73.12286376953125,76.373291015625,72.74545288085938,75.50525665283203,58.57289123535156,48952061,0.0,0.0
2005-08-01 00:00:00+05:30,75.38731384277344,75.9487075805664,74.07582092285156,74.5334243774414,57.81898498535156,20995667,0.0,0.0
2005-08-02 00:00:00+05:30,74.82120513916016,76.13269805908203,74.82120513916016,75.81661987304688,58.814422607421875,23169758,0.0,0.0
2005-08-03 00:00:00+05:30,76.14212799072266,77.46305847167969,75.85907745361328,76.47708129882812,59.3267822265625,29064138,0.0,0.0
2005-08-04 00:00:00+05:30,76.76956939697266,77.03376007080078,75.76472473144531,76.27893829345703,59.173072814941406,18538816,0.0,0.0
2005-08-05 00:00:00+05:30,76.3308334350586,76.86864471435547,75.69867706298828,76.0241928100586,58.97544860839844,13737619,0.0,0.0
2005-08-08 00:00:00+05:30,76.39688110351562,76.8780746459961,73.25023651123047,73.49083709716797,57.01021957397461,21980468,0.0,0.0
2005-08-09 00:00:00+05:30,73.5946273803711,74.39662170410156,72.36804962158203,73.3162841796875,56.874794006347656,27521458,0.0,0.0
2005-08-10 00:00:00+05:30,73.87767791748047,76.80259704589844,73.42007446289062,76.16571807861328,59.085243225097656,21487442,0.0,0.0
2005-08-11 00:00:00+05:30,76.6138916015625,77.73667907714844,75.88265991210938,77.1233901977539,59.82814407348633,30915586,0.0,0.0
2005-08-12 00:00:00+05:30,77.3592758178711,77.55741119384766,76.14212799072266,76.52425384521484,59.36336898803711,22299623,0.0,0.0
2005-08-16 00:00:00+05:30,76.6138916015625,77.07621765136719,75.60903930664062,76.1468505859375,59.07060241699219,14075937,0.0,0.0
2005-08-17 00:00:00+05:30,75.85907745361328,77.27435302734375,75.50525665283203,77.0809326171875,59.79521942138672,17450732,0.0,0.0
2005-08-18 00:00:00+05:30,77.36870574951172,78.12352752685547,76.28837585449219,76.47708129882812,59.3267822265625,21894545,0.0,0.0
2005-08-19 00:00:00+05:30,76.70824432373047,76.99130249023438,75.85907745361328,75.99116516113281,58.949832916259766,13668548,0.0,0.0
2005-08-22 00:00:00+05:30,76.21761322021484,76.56671905517578,74.07582092285156,74.5334243774414,57.81898498535156,14724740,0.0,0.0
2005-08-23 00:00:00+05:30,74.81648254394531,76.14212799072266,73.22665405273438,73.42951202392578,56.96263885498047,18071005,0.0,0.0
2005-08-24 00:00:00+05:30,74.53814697265625,74.53814697265625,72.18878173828125,73.07569122314453,56.68815994262695,20890921,0.0,0.0
2005-08-25 00:00:00+05:30,73.5946273803711,74.25508880615234,72.51429748535156,73.75030517578125,57.21149444580078,26546716,0.0,0.0
2005-08-26 00:00:00+05:30,74.24093627929688,74.24093627929688,73.16060638427734,73.74559020996094,57.20782470703125,12492209,0.0,0.0
2005-08-29 00:00:00+05:30,73.97203063964844,73.97203063964844,70.7640609741211,72.7265853881836,56.4173469543457,12861316,0.0,0.0
2005-08-30 00:00:00+05:30,73.09927368164062,74.6277847290039,72.95774841308594,74.33528900146484,57.66529083251953,13522764,0.0,0.0
2005-08-31 00:00:00+05:30,74.490966796875,75.33541870117188,73.87767791748047,75.13256072998047,58.28376388549805,14736569,0.0,0.0
2005-09-01 00:00:00+05:30,75.57601928710938,76.00060272216797,75.03349304199219,75.44392395019531,58.525333404541016,12385333,0.0,0.0
2005-09-02 00:00:00+05:30,75.68923950195312,76.38272857666016,74.65608978271484,76.05721282958984,59.001068115234375,14674842,0.0,0.0
2005-09-05 00:00:00+05:30,76.38272857666016,77.62345886230469,76.1091079711914,77.09037017822266,59.802547454833984,14539911,0.0,0.0
2005-09-06 00:00:00+05:30,77.55741119384766,79.06704711914062,77.0384750366211,78.79814147949219,61.127323150634766,26123058,0.0,0.0
2005-09-08 00:00:00+05:30,78.78398895263672,79.42558288574219,78.43016815185547,79.10950469970703,61.36886215209961,13430556,0.0,0.0
2005-09-09 00:00:00+05:30,79.06704711914062,81.33149719238281,78.51036834716797,80.92578125,62.777828216552734,26345035,0.0,0.0
2005-09-12 00:00:00+05:30,81.14279174804688,82.27501678466797,80.6615982055664,82.00139617919922,63.612266540527344,14130668,0.0,0.0
2005-09-13 00:00:00+05:30,81.8976058959961,83.56764221191406,81.52020263671875,83.26099395751953,64.58936309814453,25209056,0.0,0.0
2005-09-14 00:00:00+05:30,83.02983093261719,85.86039733886719,82.7703628540039,84.77534484863281,65.76411437988281,54837887,0.0,0.0
2005-09-15 00:00:00+05:30,85.38863372802734,85.65282440185547,84.49700927734375,85.18577575683594,66.08251953125,24198818,0.0,0.0
2005-09-16 00:00:00+05:30,85.65282440185547,87.72856903076172,84.36963653564453,85.0348129272461,65.96538543701172,19860917,0.0,0.0
2005-09-19 00:00:00+05:30,85.37920379638672,86.41707611083984,84.84139251708984,86.03966522216797,66.74491882324219,16603628,0.0,0.0
2005-09-20 00:00:00+05:30,86.31800079345703,86.89826965332031,84.91687774658203,86.13873291015625,66.82176971435547,25826456,0.0,0.0
2005-09-21 00:00:00+05:30,85.86039733886719,87.55873107910156,84.2611312866211,86.70484924316406,67.26093292236328,42278748,0.0,0.0
2005-09-22 00:00:00+05:30,86.3321533203125,87.41720581054688,83.61953735351562,84.12903594970703,65.26273345947266,38010458,0.0,0.0
2005-09-23 00:00:00+05:30,84.63381958007812,85.57733917236328,82.10518646240234,83.96863555908203,65.1383056640625,34401359,0.0,0.0
2005-09-26 00:00:00+05:30,84.25640869140625,86.78504943847656,84.16205596923828,86.30384826660156,66.94985961914062,12710180,0.0,0.0
2005-09-27 00:00:00+05:30,86.52085876464844,88.12484741210938,86.11042785644531,87.62950134277344,67.97822570800781,28747706,0.0,0.0
2005-09-28 00:00:00+05:30,87.71913146972656,88.59660339355469,87.37946319580078,88.39375305175781,68.57107543945312,26322015,0.0,0.0
2005-09-29 00:00:00+05:30,80.7229232788086,89.09667205810547,80.7229232788086,88.78059387207031,68.87117004394531,26485466,0.0,0.0
2005-09-30 00:00:00+05:30,85.9830551147461,90.5780029296875,85.9830551147461,88.52112579345703,68.66989135742188,23135736,0.0,0.0
2005-10-03 00:00:00+05:30,88.50225830078125,89.91753387451172,88.50225830078125,89.19573974609375,69.1932373046875,17041086,0.0,0.0
2005-10-04 00:00:00+05:30,89.36085510253906,90.55912780761719,89.17687225341797,90.43647003173828,70.15571594238281,15852315,0.0,0.0
2005-10-05 00:00:00+05:30,90.5780029296875,90.5780029296875,88.97401428222656,89.34198760986328,69.30667114257812,16061627,0.0,0.0
2005-10-06 00:00:00+05:30,88.69095611572266,88.95514678955078,86.89826965332031,87.31341552734375,67.73300170898438,21546731,0.0,0.0
2005-10-07 00:00:00+05:30,87.31341552734375,87.93614196777344,85.43109130859375,86.49727630615234,67.09989929199219,33668879,0.0,0.0
2005-10-10 00:00:00+05:30,86.6529541015625,87.43607330322266,84.93574523925781,85.24239349365234,66.12642669677734,22108626,0.0,0.0
2005-10-11 00:00:00+05:30,85.33673858642578,88.7381362915039,84.06770324707031,88.4928207397461,68.64794921875,43606837,0.0,0.0
2005-10-13 00:00:00+05:30,88.2710952758789,89.3467025756836,86.62936401367188,87.11528015136719,67.57931518554688,28995893,0.0,0.0
2005-10-14 00:00:00+05:30,87.08697509765625,87.4643783569336,85.3980712890625,85.9075698852539,66.64244842529297,28971569,0.0,0.0
2005-10-17 00:00:00+05:30,86.70012664794922,87.6436538696289,84.53946685791016,87.19548034667969,67.64152526855469,37385300,0.0,0.0
2005-10-18 00:00:00+05:30,87.37003326416016,87.97859954833984,85.04425048828125,86.07268524169922,66.77051544189453,24827273,0.0,0.0
2005-10-19 00:00:00+05:30,85.29428100585938,85.86039733886719,83.02983093261719,83.89787292480469,65.08341217041016,37548932,0.0,0.0
2005-10-20 00:00:00+05:30,84.82252502441406,86.3321533203125,80.3407974243164,81.93534851074219,63.561004638671875,52225777,0.0,0.0
2005-10-21 00:00:00+05:30,83.97335052490234,84.01109313964844,81.23714447021484,83.65727233886719,64.89677429199219,34441782,0.0,0.0
2005-10-24 00:00:00+05:30,84.16205596923828,84.32245635986328,80.77953338623047,81.54850769042969,63.260894775390625,27306180,0.0,0.0
2005-10-25 00:00:00+05:30,81.15694427490234,84.25640869140625,80.8880386352539,83.49687957763672,64.77236938476562,48166302,0.0,0.0
2005-10-26 00:00:00+05:30,83.78465270996094,84.03939819335938,82.71375274658203,83.4780044555664,64.7577133178711,25314692,0.0,0.0
2005-10-27 00:00:00+05:30,83.595947265625,83.8790054321289,77.75555419921875,78.40186309814453,60.81991195678711,57195991,0.0,0.0
2005-10-28 00:00:00+05:30,78.2933578491211,78.52452087402344,75.91097259521484,76.47236633300781,59.32310485839844,40106861,0.0,0.0
2005-10-31 00:00:00+05:30,76.8969497680664,79.45861053466797,76.8969497680664,79.17082977294922,61.41643524169922,23875127,0.0,0.0
2005-11-02 00:00:00+05:30,78.97269439697266,79.23687744140625,77.41588592529297,78.32166290283203,60.75770950317383,27523748,0.0,0.0
2005-11-04 00:00:00+05:30,78.32166290283203,78.32166290283203,78.32166290283203,78.32166290283203,60.75770950317383,0,0.0,0.0
2005-11-07 00:00:00+05:30,78.51036834716797,79.49163055419922,77.84046936035156,78.77455139160156,61.10901641845703,18749304,0.0,0.0
2005-11-08 00:00:00+05:30,79.2463150024414,80.23701477050781,78.26505279541016,78.60472106933594,60.97728729248047,30387479,0.0,0.0
2005-11-09 00:00:00+05:30,78.97269439697266,80.19927215576172,78.35940551757812,79.89734649658203,61.98003005981445,44152993,0.0,0.0
2005-11-10 00:00:00+05:30,80.19927215576172,81.00126647949219,79.6331558227539,80.15209197998047,62.177635192871094,33889807,0.0,0.0
2005-11-11 00:00:00+05:30,80.22757720947266,82.33634948730469,80.22757720947266,82.17594909667969,63.74764633178711,26238551,0.0,0.0
2005-11-14 00:00:00+05:30,82.36936950683594,83.58179473876953,81.7560806274414,83.2326889038086,64.56739807128906,25312604,0.0,0.0
2005-11-16 00:00:00+05:30,83.64311981201172,84.69986724853516,83.1524887084961,84.55361938476562,65.59212493896484,20215303,0.0,0.0
2005-11-17 00:00:00+05:30,84.63381958007812,86.27554321289062,83.61481475830078,86.03966522216797,66.74491882324219,30232612,0.0,0.0
2005-11-18 00:00:00+05:30,86.27554321289062,86.98318481445312,85.38863372802734,85.87926483154297,66.6204833984375,19246580,0.0,0.0
2005-11-21 00:00:00+05:30,85.8651123046875,86.1434555053711,83.53461456298828,84.22810363769531,65.339599609375,21571510,0.0,0.0
2005-11-22 00:00:00+05:30,83.9592056274414,85.14331817626953,82.27501678466797,82.57222747802734,64.05506134033203,37284889,0.0,0.0
2005-11-23 00:00:00+05:30,82.84112548828125,84.90744018554688,82.6052474975586,84.62438201904297,65.64701080322266,36012813,0.0,0.0
2005-11-24 00:00:00+05:30,85.10557556152344,85.74717712402344,84.44511413574219,85.03953552246094,65.96906280517578,23007864,0.0,0.0
2005-11-25 00:00:00+05:30,85.29428100585938,85.86039733886719,84.49700927734375,85.59149169921875,66.39724731445312,19212919,0.0,0.0
2005-11-28 00:00:00+05:30,86.04910278320312,88.69095611572266,85.9075698852539,88.08710479736328,68.33320617675781,25680036,0.0,0.0
2005-11-29 00:00:00+05:30,88.39846801757812,88.39846801757812,79.25575256347656,86.43122863769531,67.04866027832031,33721692,0.0,0.0
2005-11-30 00:00:00+05:30,86.78976440429688,87.68611145019531,84.2611312866211,84.60079956054688,65.62871551513672,29193387,0.0,0.0
2005-12-01 00:00:00+05:30,85.1999282836914,86.3698959350586,84.09129333496094,86.17647552490234,66.85104370117188,25655183,0.0,0.0
2005-12-02 00:00:00+05:30,86.3698959350586,87.83235168457031,85.58677673339844,85.89813995361328,66.6351089477539,25973331,0.0,0.0
2005-12-05 00:00:00+05:30,85.58677673339844,86.59634399414062,83.9827880859375,84.20923614501953,65.32495880126953,21871843,0.0,0.0
2005-12-06 00:00:00+05:30,84.82252502441406,84.82252502441406,82.55807495117188,83.02983093261719,64.41004180908203,31805783,0.0,0.0
2005-12-07 00:00:00+05:30,83.78465270996094,84.05827331542969,83.12418365478516,83.64311981201172,64.88579559326172,22418837,0.0,0.0
2005-12-08 00:00:00+05:30,84.05827331542969,84.44511413574219,82.70903778076172,83.65727233886719,64.89677429199219,19777528,0.0,0.0
2005-12-09 00:00:00+05:30,83.73747253417969,85.00650787353516,83.73747253417969,84.7706298828125,65.76046752929688,14317934,0.0,0.0
2005-12-12 00:00:00+05:30,84.7281723022461,86.23308563232422,84.7281723022461,85.79906463623047,66.55826568603516,22899790,0.0,0.0
2005-12-13 00:00:00+05:30,85.80378723144531,87.60118865966797,85.49242401123047,87.41720581054688,67.81352996826172,29334211,0.0,0.0
2005-12-14 00:00:00+05:30,87.27568054199219,88.62490844726562,87.2379379272461,87.71913146972656,68.04774475097656,25187032,0.0,0.0
2005-12-15 00:00:00+05:30,87.93614196777344,88.12484741210938,84.1856460571289,84.68099212646484,65.69092559814453,26857954,0.0,0.0
2005-12-16 00:00:00+05:30,84.63381958007812,87.26624298095703,83.50159454345703,87.01148986816406,67.49878692626953,57370338,0.0,0.0
2005-12-19 00:00:00+05:30,87.18132781982422,89.34198760986328,87.01148986816406,88.91740417480469,68.97732543945312,27084043,0.0,0.0
2005-12-20 00:00:00+05:30,89.15328216552734,89.1627197265625,87.30398559570312,87.95500946044922,68.23072052001953,26986356,0.0,0.0
2005-12-21 00:00:00+05:30,87.7474365234375,88.2144775390625,84.96405029296875,85.64810180664062,66.441162109375,32669484,0.0,0.0
2005-12-22 00:00:00+05:30,86.04910278320312,86.54444885253906,85.29428100585938,85.97833251953125,66.69732666015625,24923752,0.0,0.0
2005-12-23 00:00:00+05:30,86.19062805175781,86.41707611083984,83.83654022216797,84.23282623291016,65.34324645996094,21616109,0.0,0.0
2005-12-26 00:00:00+05:30,83.78465270996094,84.44511413574219,81.62398529052734,81.97309112548828,63.59028244018555,23849584,0.0,0.0
2005-12-27 00:00:00+05:30,82.08631134033203,84.33189392089844,81.34093475341797,84.06770324707031,65.21517181396484,25006728,0.0,0.0
2005-12-28 00:00:00+05:30,84.15734100341797,85.67169189453125,83.44498443603516,84.73760223388672,65.73484802246094,29763412,0.0,0.0
2005-12-29 00:00:00+05:30,85.1999282836914,85.57733917236328,83.78465270996094,84.17149353027344,65.29568481445312,28922996,0.0,0.0
2005-12-30 00:00:00+05:30,84.44511413574219,86.09627532958984,84.16205596923828,85.68584442138672,66.47042846679688,21495677,0.0,0.0
2006-01-02 00:00:00+05:30,86.09627532958984,86.59162139892578,85.11973571777344,85.37920379638672,66.23255920410156,21240601,0.0,0.0
2006-01-03 00:00:00+05:30,85.6811294555664,86.3321533203125,85.48298645019531,86.05381774902344,66.75587463378906,17462401,0.0,0.0
2006-01-04 00:00:00+05:30,86.39820098876953,87.08697509765625,86.39820098876953,86.60578155517578,67.18408203125,19420938,0.0,0.0
2006-01-05 00:00:00+05:30,86.95487976074219,89.2051773071289,86.72843170166016,88.81361389160156,68.89678192138672,42574671,0.0,0.0
2006-01-06 00:00:00+05:30,88.78530883789062,89.63448333740234,87.85594177246094,88.70510864257812,68.8126220703125,23846595,0.0,0.0
2006-01-09 00:00:00+05:30,89.41747283935547,89.41747283935547,86.99262237548828,87.45966339111328,67.8464584350586,22970843,0.0,0.0
2006-01-10 00:00:00+05:30,87.18132781982422,88.10597229003906,85.68584442138672,85.96417999267578,66.68634796142578,27809666,0.0,0.0
2006-01-12 00:00:00+05:30,85.95475006103516,88.30411529541016,85.29428100585938,88.0257797241211,68.28564453125,33539820,0.0,0.0
2006-01-13 00:00:00+05:30,88.21920013427734,88.4928207397461,86.90298461914062,87.1624526977539,67.61591339111328,21138282,0.0,0.0
2006-01-16 00:00:00+05:30,87.37003326416016,87.69082641601562,85.29428100585938,86.55860137939453,67.14746856689453,24173308,0.0,0.0
2006-01-17 00:00:00+05:30,86.42650604248047,87.4643783569336,85.4358139038086,85.65753936767578,66.44847869873047,17349516,0.0,0.0
2006-01-18 00:00:00+05:30,85.48298645019531,85.48298645019531,83.275146484375,84.25640869140625,65.3615493774414,26612014,0.0,0.0
2006-01-19 00:00:00+05:30,84.91687774658203,86.3321533203125,84.91687774658203,85.65282440185547,66.44480895996094,20332545,0.0,0.0
2006-01-20 00:00:00+05:30,86.09627532958984,86.4925537109375,85.157470703125,85.56318664550781,66.37528991699219,19838109,0.0,0.0
2006-01-23 00:00:00+05:30,85.54431915283203,86.29441833496094,84.6479721069336,85.157470703125,66.060546875,14207857,0.0,0.0
2006-01-24 00:00:00+05:30,85.38863372802734,86.47368621826172,84.92630767822266,85.10086059570312,66.0166244506836,24233455,0.0,0.0
2006-01-25 00:00:00+05:30,85.48298645019531,85.86039733886719,83.06285858154297,83.52046203613281,64.7906494140625,39929027,0.0,0.0
2006-01-27 00:00:00+05:30,84.91687774658203,86.70956420898438,84.44511413574219,86.21421813964844,66.88031768798828,23000350,0.0,0.0
2006-01-30 00:00:00+05:30,85.38863372802734,86.0255126953125,83.14777374267578,83.38365173339844,64.68452453613281,34126697,0.0,0.0
2006-01-31 00:00:00+05:30,83.97335052490234,84.44511413574219,82.90245819091797,83.62896728515625,64.87481689453125,25412634,0.0,0.0
2006-02-01 00:00:00+05:30,83.8790054321289,84.11488342285156,81.70890045166016,82.01554870605469,63.623207092285156,23565541,0.0,0.0
2006-02-02 00:00:00+05:30,83.50159454345703,83.50159454345703,81.1899642944336,81.61455535888672,63.312137603759766,30430053,0.0,0.0
2006-02-03 00:00:00+05:30,82.08631134033203,82.52976989746094,80.62385559082031,80.87860870361328,62.74125289916992,20219786,0.0,0.0
2006-02-06 00:00:00+05:30,80.765380859375,82.55807495117188,80.765380859375,81.65701293945312,63.34507369995117,20384435,0.0,0.0
2006-02-07 00:00:00+05:30,82.26557922363281,83.06757354736328,81.80326080322266,82.58638000488281,64.06602478027344,19971291,0.0,0.0
2006-02-08 00:00:00+05:30,82.74678039550781,83.26571655273438,81.8174057006836,82.9260482788086,64.32952880859375,15169765,0.0,0.0
2006-02-10 00:00:00+05:30,83.21853637695312,83.91202545166016,82.6052474975586,83.02040100097656,64.40271759033203,16680352,0.0,0.0
2006-02-13 00:00:00+05:30,83.77521514892578,83.91674041748047,83.20438385009766,83.42139434814453,64.71379089355469,9263250,0.0,0.0
2006-02-14 00:00:00+05:30,83.40724182128906,83.8790054321289,81.80326080322266,81.99195861816406,63.604923248291016,15884344,0.0,0.0
2006-02-15 00:00:00+05:30,82.36936950683594,82.63355255126953,81.34093475341797,81.84099578857422,63.48780059814453,13079181,0.0,0.0
2006-02-16 00:00:00+05:30,83.79408264160156,83.79408264160156,81.76079559326172,81.9164810180664,63.546356201171875,10930452,0.0,0.0
2006-02-17 00:00:00+05:30,82.40711212158203,82.41182708740234,80.73236083984375,80.93049621582031,62.781497955322266,13873419,0.0,0.0
2006-02-20 00:00:00+05:30,81.05787658691406,81.84099578857422,80.85973358154297,81.57681274414062,63.28287124633789,14056499,0.0,0.0
2006-02-21 00:00:00+05:30,81.80326080322266,82.4637222290039,81.62398529052734,81.9400634765625,63.564659118652344,11150628,0.0,0.0
2006-02-22 00:00:00+05:30,82.08631134033203,82.87886810302734,81.63813781738281,81.82212829589844,63.473175048828125,12373632,0.0,0.0
2006-02-23 00:00:00+05:30,82.17594909667969,82.26557922363281,80.02471923828125,80.38797760009766,62.36064147949219,31411876,0.0,0.0
2006-02-24 00:00:00+05:30,80.765380859375,82.90717315673828,80.765380859375,82.647705078125,64.11359405517578,24364602,0.0,0.0
2006-02-27 00:00:00+05:30,83.02983093261719,84.33189392089844,82.65242767333984,84.09129333496094,65.23346710205078,18206741,0.0,0.0
2006-02-28 00:00:00+05:30,84.44511413574219,84.73760223388672,82.19953155517578,82.79395294189453,64.22704315185547,31901404,0.0,0.0
2006-03-01 00:00:00+05:30,82.8505630493164,83.78936767578125,82.38823699951172,83.14305877685547,64.49787139892578,16395292,0.0,0.0
2006-03-02 00:00:00+05:30,83.49687957763672,85.29428100585938,83.21853637695312,84.41209411621094,65.48233795166016,27371107,0.0,0.0
2006-03-03 00:00:00+05:30,84.63381958007812,85.6811294555664,84.17149353027344,84.45455169677734,65.51524353027344,17081678,0.0,0.0
2006-03-06 00:00:00+05:30,84.8932876586914,85.47355651855469,84.44511413574219,84.58663940429688,65.61772155761719,10058113,0.0,0.0
2006-03-07 00:00:00+05:30,84.91687774658203,85.75660705566406,83.18079376220703,85.30843353271484,66.17766571044922,27926770,0.0,0.0
2006-03-08 00:00:00+05:30,86.42650604248047,86.79447937011719,83.50159454345703,83.84597778320312,65.04316711425781,26696633,0.0,0.0
2006-03-09 00:00:00+05:30,83.86956787109375,85.62451934814453,82.71375274658203,85.47355651855469,66.30575561523438,25711069,0.0,0.0
2006-03-10 00:00:00+05:30,86.02079772949219,87.667236328125,85.80378723144531,86.8369369506836,67.3633804321289,31603975,0.0,0.0
2006-03-13 00:00:00+05:30,87.27095794677734,88.47394561767578,86.92185974121094,87.56816864013672,67.93063354492188,23744796,0.0,0.0
2006-03-14 00:00:00+05:30,87.48796844482422,92.16783142089844,86.80391693115234,90.00245666503906,69.81903076171875,72507555,0.0,0.0
2006-03-16 00:00:00+05:30,91.61587524414062,91.99327850341797,90.38929748535156,90.82331848144531,70.45579528808594,20009107,0.0,0.0
2006-03-17 00:00:00+05:30,91.41773223876953,92.27633666992188,90.5780029296875,90.74311828613281,70.39359283447266,22169049,0.0,0.0
2006-03-20 00:00:00+05:30,91.04975891113281,91.98384857177734,91.04975891113281,91.56398010253906,71.0303726196289,13627722,0.0,0.0
2006-03-21 00:00:00+05:30,91.7102279663086,93.17268371582031,90.95540618896484,91.3516845703125,70.86567687988281,21979949,0.0,0.0
2006-03-22 00:00:00+05:30,91.53567504882812,92.04045867919922,88.80889892578125,89.50238800048828,69.43110656738281,24989718,0.0,0.0
2006-03-23 00:00:00+05:30,91.99327850341797,92.84245300292969,90.03076171875,91.9791259765625,71.35242462158203,39507627,0.0,0.0
2006-03-24 00:00:00+05:30,92.46504211425781,93.56424713134766,92.19613647460938,92.64903259277344,71.87210083007812,21458211,0.0,0.0
2006-03-27 00:00:00+05:30,93.40856170654297,94.20584106445312,92.68205261230469,93.20098876953125,72.30026245117188,16969800,0.0,0.0
2006-03-28 00:00:00+05:30,93.40856170654297,93.6727523803711,92.380126953125,92.71035766601562,71.91967010498047,12301339,0.0,0.0
2006-03-29 00:00:00+05:30,92.46504211425781,93.26703643798828,92.46504211425781,92.84245300292969,72.02214813232422,12977784,0.0,0.0
2006-03-30 00:00:00+05:30,92.93680572509766,93.2104263305664,90.76670837402344,91.11109161376953,70.6790542602539,23031785,0.0,0.0
2006-03-31 00:00:00+05:30,91.42716979980469,92.39899444580078,90.82803344726562,91.37998962402344,70.88764190673828,19438807,0.0,0.0
2006-04-03 00:00:00+05:30,91.52152252197266,93.40856170654297,90.95540618896484,92.78112030029297,71.97455596923828,11224881,0.0,0.0
2006-04-04 00:00:00+05:30,92.93680572509766,94.88045501708984,92.93680572509766,94.04544067382812,72.95536041259766,23300873,0.0,0.0
2006-04-05 00:00:00+05:30,94.54078674316406,95.65414428710938,94.08789825439453,95.01726531982422,73.7092514038086,12385841,0.0,0.0
2006-04-07 00:00:00+05:30,95.75321197509766,95.76736450195312,91.90836334228516,92.43202209472656,71.7037582397461,14874064,0.0,0.0
2006-04-10 00:00:00+05:30,93.39913177490234,93.39913177490234,89.8326187133789,90.98371124267578,70.58023071289062,25477592,0.0,0.0
2006-04-12 00:00:00+05:30,91.33281707763672,91.33281707763672,87.94085693359375,88.48810577392578,68.644287109375,17850904,0.0,0.0
2006-04-13 00:00:00+05:30,88.40790557861328,88.40790557861328,84.63381958007812,86.64823913574219,67.21700286865234,24503730,0.0,0.0
2006-04-17 00:00:00+05:30,86.80391693115234,88.2710952758789,85.38863372802734,87.90312194824219,68.19046783447266,20315862,0.0,0.0
2006-04-18 00:00:00+05:30,88.2710952758789,92.4839096069336,88.2710952758789,88.99288177490234,69.03585052490234,23146929,0.0,0.0
2006-04-19 00:00:00+05:30,89.1627197265625,90.08737182617188,88.08710479736328,88.50697326660156,68.65890502929688,15688503,0.0,0.0
2006-04-20 00:00:00+05:30,89.1249771118164,89.25707244873047,87.51155853271484,88.455078125,68.61865234375,11211686,0.0,0.0
2006-04-21 00:00:00+05:30,88.69095611572266,89.25707244873047,86.16703796386719,86.95487976074219,67.45487213134766,13401558,0.0,0.0
2006-04-24 00:00:00+05:30,87.27568054199219,87.27568054199219,85.15275573730469,86.33687591552734,66.9754638671875,17684039,0.0,0.0
2006-04-25 00:00:00+05:30,86.60578155517578,88.02105712890625,83.97335052490234,85.00179290771484,65.93978118896484,21510356,0.0,0.0
2006-04-26 00:00:00+05:30,85.37448120117188,86.42650604248047,83.97335052490234,85.83209228515625,66.5838851928711,19567495,0.0,0.0
2006-04-27 00:00:00+05:30,83.97335052490234,96.23912811279297,80.19927215576172,84.1007308959961,65.24078369140625,32026764,0.0,0.0
2006-04-28 00:00:00+05:30,83.50159454345703,83.72804260253906,80.67103576660156,83.29873657226562,64.6186294555664,18191977,0.0,0.0
2006-05-02 00:00:00+05:30,86.80391693115234,88.85607147216797,86.25196075439453,88.46923065185547,68.62962341308594,18760645,0.0,0.0
2006-05-03 00:00:00+05:30,88.69095611572266,91.61587524414062,88.23335266113281,90.73839569091797,70.38994598388672,27666733,0.0,0.0
2006-05-04 00:00:00+05:30,87.7474365234375,91.50736999511719,85.53959655761719,90.47892761230469,70.18865203857422,16480271,0.0,0.0
2006-05-05 00:00:00+05:30,90.8469009399414,91.23846435546875,89.65335083007812,89.99773406982422,69.81536102294922,12202454,0.0,0.0
2006-05-08 00:00:00+05:30,91.23846435546875,91.31394958496094,89.73826599121094,90.28550720214844,70.03861236572266,8259849,0.0,0.0
2006-05-09 00:00:00+05:30,89.73826599121094,92.46504211425781,86.01136016845703,92.09235382080078,71.44024658203125,18529786,0.0,0.0
2006-05-10 00:00:00+05:30,92.22916412353516,95.08331298828125,92.22916412353516,94.55493927001953,73.3505859375,30728330,0.0,0.0
2006-05-11 00:00:00+05:30,94.63513946533203,94.7294921875,91.61587524414062,92.13008880615234,71.46953582763672,17793480,0.0,0.0
2006-05-12 00:00:00+05:30,91.61587524414062,92.13008880615234,88.8985366821289,90.45062255859375,70.16667938232422,12098291,0.0,0.0
2006-05-15 00:00:00+05:30,90.5780029296875,90.97428131103516,86.28498077392578,87.17189025878906,67.62322235107422,14756049,0.0,0.0
2006-05-16 00:00:00+05:30,87.27095794677734,88.01162719726562,84.35076141357422,87.17660522460938,67.62689208984375,12119371,0.0,0.0
2006-05-17 00:00:00+05:30,88.21920013427734,94.67288208007812,87.79461669921875,93.38025665283203,72.4393310546875,17689095,0.0,0.0
2006-05-18 00:00:00+05:30,87.33229064941406,93.40856170654297,84.44511413574219,85.5160140991211,66.33869171142578,38758635,0.0,0.0
2006-05-19 00:00:00+05:30,88.94570922851562,89.24763488769531,80.765380859375,82.00139617919922,63.612266540527344,42349334,0.0,0.0
2006-05-22 00:00:00+05:30,82.08631134033203,83.97335052490234,75.29296112060547,81.1239242553711,62.93153381347656,21418233,0.0,0.0
2006-05-23 00:00:00+05:30,81.34093475341797,86.34159088134766,77.55741119384766,82.32691192626953,63.864768981933594,11786628,0.0,0.0
2006-05-24 00:00:00+05:30,83.02983093261719,85.38863372802734,80.29362487792969,81.88345336914062,63.5207405090332,22751664,0.0,0.0
2006-05-25 00:00:00+05:30,80.57667541503906,83.36006927490234,78.87834167480469,82.13349151611328,63.71470642089844,14847949,0.0,0.0
2006-05-26 00:00:00+05:30,83.21853637695312,84.71873474121094,81.61455535888672,82.50617980957031,64.00382232666016,11786989,0.0,0.0
2006-05-29 00:00:00+05:30,83.04398345947266,83.73747253417969,82.13349151611328,83.20438385009766,64.54545593261719,9909256,0.0,0.0
2006-05-30 00:00:00+05:30,83.3930892944336,83.3930892944336,80.90691375732422,81.1663818359375,62.964473724365234,11994478,0.0,0.0
2006-05-31 00:00:00+05:30,79.25575256347656,80.67103576660156,76.51953887939453,78.56226348876953,60.944339752197266,17670356,0.0,0.0
2006-06-01 00:00:00+05:30,79.25575256347656,79.83601379394531,76.8120346069336,77.25077056884766,59.92695617675781,15314330,0.0,0.0
2006-06-02 00:00:00+05:30,76.80259704589844,80.27474975585938,76.16100311279297,79.13780975341797,61.39082336425781,12934393,0.0,0.0
2006-06-05 00:00:00+05:30,79.25575256347656,79.7086410522461,75.95343017578125,76.7978744506836,59.575618743896484,9821563,0.0,0.0
2006-06-06 00:00:00+05:30,75.95343017578125,81.76079559326172,74.75987243652344,79.26518249511719,61.4896240234375,24079690,0.0,0.0
2006-06-07 00:00:00+05:30,77.48664855957031,79.1613998413086,74.25980377197266,76.1091079711914,59.04133605957031,16230961,0.0,0.0
2006-06-08 00:00:00+05:30,75.57601928710938,76.23648071289062,71.9151611328125,72.50013732910156,56.24168014526367,15084743,0.0,0.0
2006-06-09 00:00:00+05:30,72.65582275390625,74.9155502319336,70.29230499267578,72.80207061767578,56.47589874267578,25341782,0.0,0.0
2006-06-12 00:00:00+05:30,73.16532135009766,74.16073608398438,69.82054138183594,70.42439270019531,54.63142776489258,15879363,0.0,0.0
2006-06-13 00:00:00+05:30,69.25443267822266,71.70758056640625,67.46173858642578,70.81595611572266,54.93517303466797,23516353,0.0,0.0
2006-06-14 00:00:00+05:30,71.23582458496094,74.04751586914062,68.50904846191406,69.93848419189453,54.25448226928711,24960847,0.0,0.0
2006-06-15 00:00:00+05:30,72.55675506591797,73.41535949707031,70.81124114990234,72.85395812988281,56.51615905761719,17361206,0.0,0.0
2006-06-16 00:00:00+05:30,73.41535949707031,75.92512512207031,71.15562438964844,72.35389709472656,56.12824630737305,18599419,0.0,0.0
2006-06-19 00:00:00+05:30,72.1793441772461,72.1793441772461,69.65542602539062,71.07542419433594,56.161773681640625,18687228,1.320929,0.0
2006-06-20 00:00:00+05:30,70.96220397949219,71.94346618652344,68.22127532958984,69.51390075683594,54.92790222167969,19662522,0.0,0.0
2006-06-21 00:00:00+05:30,68.40525817871094,70.94332885742188,68.40525817871094,69.81110382080078,55.162750244140625,17710790,0.0,0.0
2006-06-22 00:00:00+05:30,70.94332885742188,73.47196960449219,70.80180358886719,72.97661590576172,57.66404342651367,19698271,0.0,0.0
2006-06-23 00:00:00+05:30,72.74545288085938,73.12286376953125,70.87256622314453,71.9576187133789,56.858863830566406,16791722,0.0,0.0
2006-06-26 00:00:00+05:30,71.15090942382812,72.36804962158203,68.31090545654297,68.74964904785156,54.324012756347656,12516988,0.0,0.0
2006-06-27 00:00:00+05:30,68.68831634521484,69.99980926513672,67.4853286743164,68.8817367553711,54.42839431762695,14703162,0.0,0.0
2006-06-28 00:00:00+05:30,67.93350219726562,68.32034301757812,66.98998260498047,67.42399597167969,53.276519775390625,16134874,0.0,0.0
2006-06-29 00:00:00+05:30,67.55609130859375,68.76380157470703,66.51821899414062,66.86732482910156,52.83666229248047,20854557,0.0,0.0
2006-06-30 00:00:00+05:30,67.93350219726562,69.43370056152344,67.93350219726562,68.66472625732422,54.25691223144531,16597121,0.0,0.0
2006-07-03 00:00:00+05:30,69.3487777709961,70.43383026123047,68.8817367553711,70.06585693359375,55.364036560058594,15029206,0.0,0.0
2006-07-04 00:00:00+05:30,70.29230499267578,71.7972183227539,70.19795227050781,71.30658721923828,56.344444274902344,19553844,0.0,0.0
2006-07-05 00:00:00+05:30,72.16990661621094,85.38863372802734,70.58479309082031,71.23582458496094,56.28852844238281,12695130,0.0,0.0
2006-07-06 00:00:00+05:30,70.7640609741211,71.5943603515625,69.82054138183594,70.6036605834961,55.78900909423828,11838498,0.0,0.0
2006-07-07 00:00:00+05:30,70.89615631103516,71.40565490722656,67.7919692993164,68.09861755371094,53.80958938598633,11066740,0.0,0.0
2006-07-10 00:00:00+05:30,67.83914947509766,69.0421371459961,67.11735534667969,68.82984161376953,54.387386322021484,15308352,0.0,0.0
2006-07-11 00:00:00+05:30,69.00439453125,69.60353088378906,68.12220764160156,68.7402114868164,54.31655502319336,11723694,0.0,0.0
2006-07-12 00:00:00+05:30,67.46173858642578,69.77336883544922,66.92393493652344,69.45256805419922,54.879451751708984,13419311,0.0,0.0
2006-07-13 00:00:00+05:30,67.31077575683594,70.18851470947266,67.0843276977539,68.99496459960938,54.51785659790039,9630163,0.0,0.0
2006-07-14 00:00:00+05:30,67.93350219726562,69.99980926513672,67.5655288696289,69.57522583007812,54.97636032104492,10733753,0.0,0.0
2006-07-17 00:00:00+05:30,68.87702178955078,69.44313049316406,66.14080810546875,66.82958221435547,52.806827545166016,8650100,0.0,0.0
2006-07-18 00:00:00+05:30,66.16911315917969,67.33436584472656,65.21144104003906,66.15968322753906,52.27750015258789,11142795,0.0,0.0
2006-07-19 00:00:00+05:30,66.98998260498047,67.43814849853516,64.58399963378906,65.15011596679688,51.479766845703125,10101896,0.0,0.0
2006-07-20 00:00:00+05:30,66.04645538330078,69.44313049316406,65.95210266113281,68.4996109008789,54.126441955566406,16017929,0.0,0.0
2006-07-21 00:00:00+05:30,68.54679107666016,68.54679107666016,66.43330383300781,67.53722381591797,53.365989685058594,9738958,0.0,0.0
2006-07-24 00:00:00+05:30,67.44758605957031,70.57535552978516,66.56539154052734,69.88187408447266,55.218666076660156,22872510,0.0,0.0
2006-07-25 00:00:00+05:30,70.00924682617188,71.19808197021484,69.58466339111328,70.60838317871094,55.792728424072266,23808122,0.0,0.0
2006-07-26 00:00:00+05:30,70.95276641845703,71.70758056640625,69.74506378173828,71.1650619506836,56.23261260986328,12091169,0.0,0.0
2006-07-27 00:00:00+05:30,71.58492279052734,73.31156921386719,68.40525817871094,72.05197143554688,56.93341064453125,52569787,0.0,0.0
2006-07-28 00:00:00+05:30,72.05197143554688,75.4769515991211,71.52831268310547,75.14199829101562,59.375064849853516,44289874,0.0,0.0
2006-07-31 00:00:00+05:30,75.4816665649414,77.46305847167969,75.03349304199219,76.44877624511719,60.40764617919922,21584875,0.0,0.0
2006-08-01 00:00:00+05:30,75.67037200927734,77.27435302734375,74.95329284667969,76.59030151367188,60.519466400146484,21011819,0.0,0.0
2006-08-02 00:00:00+05:30,76.6138916015625,78.28392028808594,76.3308334350586,77.96784210205078,61.607967376708984,13649714,0.0,0.0
2006-08-03 00:00:00+05:30,78.0291748046875,79.34066772460938,77.55741119384766,78.36884307861328,61.92483901977539,19089859,0.0,0.0
2006-08-04 00:00:00+05:30,77.93482208251953,77.93482208251953,75.76472473144531,76.21761322021484,60.22498321533203,22914787,0.0,0.0
2006-08-07 00:00:00+05:30,76.23648071289062,76.8969497680664,75.10425567626953,76.47708129882812,60.430015563964844,20417916,0.0,0.0
2006-08-08 00:00:00+05:30,76.6138916015625,78.72737884521484,76.6138916015625,78.47262573242188,62.0068244934082,15257140,0.0,0.0
2006-08-09 00:00:00+05:30,78.40658569335938,82.55807495117188,77.948974609375,81.61927032470703,64.49323272705078,22017277,0.0,0.0
2006-08-10 00:00:00+05:30,79.72750854492188,82.17594909667969,79.72750854492188,81.41169738769531,64.32921600341797,15770600,0.0,0.0
2006-08-11 00:00:00+05:30,81.8976058959961,82.2608642578125,80.31249237060547,81.09561920166016,64.07946014404297,9901445,0.0,0.0
2006-08-14 00:00:00+05:30,80.32192993164062,82.57222747802734,80.32192993164062,82.2231216430664,64.97037506103516,8575062,0.0,0.0
2006-08-16 00:00:00+05:30,82.96378326416016,84.44511413574219,82.55807495117188,83.83182525634766,66.24153137207031,13745165,0.0,0.0
2006-08-17 00:00:00+05:30,83.50159454345703,84.44511413574219,82.55807495117188,83.18551635742188,65.7308349609375,12982638,0.0,0.0
2006-08-18 00:00:00+05:30,82.85528564453125,83.38837432861328,82.20425415039062,82.94491577148438,65.54071807861328,10828748,0.0,0.0
2006-08-21 00:00:00+05:30,83.50159454345703,83.91674041748047,81.62870788574219,83.34591674804688,65.8575668334961,11386277,0.0,0.0
2006-08-22 00:00:00+05:30,83.85541534423828,84.33660888671875,82.33162689208984,82.88359069824219,65.49226379394531,7301863,0.0,0.0
2006-08-23 00:00:00+05:30,82.82698059082031,83.8601303100586,81.24658203125,81.44000244140625,64.35157775878906,12375964,0.0,0.0
2006-08-24 00:00:00+05:30,81.14279174804688,83.00152587890625,80.67103576660156,82.5250473022461,65.20894622802734,11042660,0.0,0.0
2006-08-25 00:00:00+05:30,83.78465270996094,87.21906280517578,83.50159454345703,85.3980712890625,67.4791259765625,25572164,0.0,0.0
2006-08-28 00:00:00+05:30,84.91687774658203,86.96903228759766,84.91687774658203,86.70012664794922,68.50796508789062,14357001,0.0,0.0
2006-08-29 00:00:00+05:30,79.11421966552734,87.55873107910156,79.11421966552734,86.9973373413086,68.74281311035156,9748878,0.0,0.0
2006-08-30 00:00:00+05:30,85.9075698852539,88.12484741210938,85.02066040039062,87.81819915771484,69.39143371582031,13522573,0.0,0.0
2006-08-31 00:00:00+05:30,88.0304946899414,89.0400619506836,87.30398559570312,87.8653793334961,69.4287109375,15478926,0.0,0.0
2006-09-01 00:00:00+05:30,87.93614196777344,88.28524780273438,87.28511047363281,87.8653793334961,69.4287109375,9404657,0.0,0.0
2006-09-04 00:00:00+05:30,88.28524780273438,88.69095611572266,87.93614196777344,88.26165771484375,69.74183654785156,5641581,0.0,0.0
2006-09-05 00:00:00+05:30,88.94570922851562,89.7099609375,88.23806762695312,89.17687225341797,70.46502685546875,10961729,0.0,0.0
2006-09-06 00:00:00+05:30,93.314208984375,93.314208984375,88.71454620361328,89.48351287841797,70.70733642578125,8333509,0.0,0.0
2006-09-07 00:00:00+05:30,88.70983123779297,89.35142517089844,88.06351470947266,88.60604095458984,70.01396942138672,6329388,0.0,0.0
2006-09-08 00:00:00+05:30,89.35142517089844,89.35142517089844,87.53986358642578,89.09195709228516,70.3979263305664,8463257,0.0,0.0
2006-09-11 00:00:00+05:30,89.1627197265625,89.52125549316406,86.02079772949219,86.64351654052734,68.4632339477539,8232950,0.0,0.0
2006-09-12 00:00:00+05:30,86.3321533203125,88.48338317871094,86.04910278320312,87.96916198730469,69.5107192993164,14901684,0.0,0.0
2006-09-13 00:00:00+05:30,88.50225830078125,91.7102279663086,88.4126205444336,91.48849487304688,72.29159545898438,19887785,0.0,0.0
2006-09-14 00:00:00+05:30,91.99327850341797,92.46504211425781,91.07334899902344,92.0970687866211,72.77249145507812,13529165,0.0,0.0
2006-09-15 00:00:00+05:30,92.05461120605469,92.65374755859375,91.1677017211914,92.39899444580078,73.01106262207031,8893613,0.0,0.0
2006-09-18 00:00:00+05:30,92.74810028076172,93.96995544433594,92.46504211425781,93.45574188232422,73.84608459472656,10877523,0.0,0.0
2006-09-19 00:00:00+05:30,93.60198211669922,93.88032531738281,91.80458068847656,92.23387908935547,72.8805923461914,10700929,0.0,0.0
2006-09-20 00:00:00+05:30,92.27633666992188,92.55939483642578,91.07334899902344,91.9555435180664,72.66065216064453,9096365,0.0,0.0
2006-09-21 00:00:00+05:30,92.04045867919922,93.39913177490234,92.04045867919922,92.90850067138672,73.41366577148438,5180457,0.0,0.0
2006-09-22 00:00:00+05:30,92.93680572509766,93.36138916015625,91.52152252197266,92.06404876708984,72.74639892578125,8209039,0.0,0.0
2006-09-25 00:00:00+05:30,92.22916412353516,92.84245300292969,91.21015930175781,91.58757019042969,72.36988067626953,10276879,0.0,0.0
2006-09-26 00:00:00+05:30,91.88477325439453,94.4464340209961,91.38471221923828,94.23414611816406,74.46114349365234,16368933,0.0,0.0
2006-09-27 00:00:00+05:30,95.29560852050781,95.52204895019531,93.97467803955078,94.43700408935547,74.62142944335938,19106732,0.0,0.0
2006-09-28 00:00:00+05:30,94.35208129882812,98.07427215576172,94.06903076171875,97.1166000366211,76.73876953125,27006494,0.0,0.0
2006-09-29 00:00:00+05:30,98.50357818603516,98.50357818603516,96.2485580444336,97.05526733398438,76.69029998779297,11683928,0.0,0.0
2006-10-03 00:00:00+05:30,97.08829498291016,97.91859436035156,96.5316162109375,97.49872589111328,77.04072570800781,9273054,0.0,0.0
2006-10-04 00:00:00+05:30,97.54118347167969,97.64497375488281,95.3993911743164,95.79566955566406,75.69499969482422,9627810,0.0,0.0
2006-10-05 00:00:00+05:30,96.99394226074219,98.67340850830078,96.43726348876953,98.09786224365234,77.51412200927734,13097781,0.0,0.0
2006-10-06 00:00:00+05:30,98.48470306396484,98.48470306396484,97.1968002319336,97.4798583984375,77.02581787109375,5160320,0.0,0.0
2006-10-09 00:00:00+05:30,97.15434265136719,98.12616729736328,95.76736450195312,97.61666870117188,77.13392639160156,6757868,0.0,0.0
2006-10-10 00:00:00+05:30,98.07899475097656,98.25826263427734,96.64012145996094,96.80523681640625,76.49273681640625,4959307,0.0,0.0
2006-10-11 00:00:00+05:30,97.46570587158203,97.7487564086914,94.25772857666016,94.72477722167969,74.84882354736328,7115942,0.0,0.0
2006-10-12 00:00:00+05:30,95.29560852050781,97.46570587158203,93.88504028320312,97.07414245605469,76.70520782470703,9225222,0.0,0.0
2006-10-13 00:00:00+05:30,97.91859436035156,97.91859436035156,96.15420532226562,96.37593841552734,76.15352630615234,6020481,0.0,0.0
2006-10-16 00:00:00+05:30,96.89958953857422,97.49401092529297,95.7201919555664,96.88072204589844,76.55239868164062,8172103,0.0,0.0
2006-10-17 00:00:00+05:30,97.18264770507812,98.44696044921875,96.46085357666016,97.58836364746094,77.11155700683594,6952819,0.0,0.0
2006-10-18 00:00:00+05:30,97.46570587158203,99.06968688964844,97.18264770507812,98.54603576660156,77.86827850341797,9208922,0.0,0.0
2006-10-19 00:00:00+05:30,98.6922836303711,99.44709777832031,97.05055236816406,97.87141418457031,77.335205078125,9147927,0.0,0.0
2006-10-20 00:00:00+05:30,98.50357818603516,99.06968688964844,97.67799377441406,98.18749237060547,77.5849609375,5929015,0.0,0.0
2006-10-23 00:00:00+05:30,98.12616729736328,98.40922546386719,96.55048370361328,96.72503662109375,76.42936706542969,4365128,0.0,0.0
2006-10-26 00:00:00+05:30,96.80523681640625,101.23978424072266,95.89473724365234,100.62178039550781,79.50846862792969,22007749,0.0,0.0
2006-10-27 00:00:00+05:30,100.76802825927734,103.49480438232422,100.23021697998047,103.24005126953125,81.57735443115234,13646884,0.0,0.0
2006-10-30 00:00:00+05:30,103.22118377685547,104.01374053955078,100.95673370361328,103.58443450927734,81.8494873046875,16533392,0.0,0.0
2006-10-31 00:00:00+05:30,103.78729248046875,105.17427062988281,101.9946060180664,103.37686157226562,81.68546295166016,17384671,0.0,0.0
2006-11-01 00:00:00+05:30,118.5345230102539,118.5345230102539,102.74942016601562,105.08934783935547,83.03861999511719,10975782,0.0,0.0
2006-11-02 00:00:00+05:30,104.7308120727539,106.6084213256836,104.28736114501953,106.183837890625,83.9034423828125,8668022,0.0,0.0
2006-11-03 00:00:00+05:30,106.15081024169922,107.08961486816406,105.48562622070312,106.05645751953125,83.80279541015625,8909723,0.0,0.0
2006-11-06 00:00:00+05:30,106.2876205444336,106.61785125732422,104.28263854980469,104.66948699951172,82.70686340332031,6553209,0.0,0.0
2006-11-07 00:00:00+05:30,104.91951751708984,105.67433166503906,103.4712142944336,104.14111328125,82.28934478759766,8206400,0.0,0.0
2006-11-08 00:00:00+05:30,104.2590560913086,107.32549285888672,103.05134582519531,106.48104095458984,84.1382827758789,21493717,0.0,0.0
2006-11-09 00:00:00+05:30,106.61785125732422,107.33964538574219,105.91021728515625,106.66974639892578,84.28739929199219,10515347,0.0,0.0
2006-11-10 00:00:00+05:30,106.1460952758789,108.31619262695312,106.05174255371094,106.98582458496094,84.53714752197266,14033065,0.0,0.0
2006-11-13 00:00:00+05:30,107.08961486816406,107.75007629394531,104.82516479492188,107.2405776977539,84.73845672607422,5194967,0.0,0.0
2006-11-14 00:00:00+05:30,106.64144134521484,108.20768737792969,106.0234375,106.35838317871094,84.04136657714844,9643464,0.0,0.0
2006-11-15 00:00:00+05:30,106.33480072021484,111.68456268310547,106.26403045654297,111.18921661376953,87.85856628417969,24213148,0.0,0.0
2006-11-16 00:00:00+05:30,111.33545684814453,115.95399475097656,110.99107360839844,115.29352569580078,91.10166931152344,38750707,0.0,0.0
2006-11-17 00:00:00+05:30,115.58130645751953,117.09093475341797,113.8971176147461,115.71339416503906,91.43341827392578,29592245,0.0,0.0
2006-11-20 00:00:00+05:30,115.10954284667969,115.71339416503906,112.18463134765625,114.17545318603516,90.21819305419922,18308106,0.0,0.0
2006-11-21 00:00:00+05:30,114.73213195800781,116.70409393310547,114.01033782958984,116.3266830444336,91.91802215576172,7987878,0.0,0.0
2006-11-22 00:00:00+05:30,116.13326263427734,118.6949234008789,116.13326263427734,117.77027130126953,93.05873107910156,10770233,0.0,0.0
2006-11-23 00:00:00+05:30,117.94010162353516,119.18555450439453,117.04376220703125,118.31279754638672,93.4874038696289,12333219,0.0,0.0
2006-11-24 00:00:00+05:30,118.411865234375,119.11478424072266,117.49665069580078,118.66189575195312,93.76325225830078,7982144,0.0,0.0
2006-11-27 00:00:00+05:30,118.88362884521484,121.242431640625,116.05306243896484,120.35551452636719,95.10150146484375,5444776,0.0,0.0
2006-11-28 00:00:00+05:30,119.35538482666016,122.50674438476562,118.90721130371094,122.00196075439453,96.40248107910156,10927993,0.0,0.0
2006-11-29 00:00:00+05:30,122.65770721435547,124.90800476074219,122.01611328125,122.7237548828125,96.97280883789062,15323901,0.0,0.0
2006-11-30 00:00:00+05:30,123.60122680664062,124.90328979492188,123.12947082519531,124.26641082763672,98.19176483154297,12660398,0.0,0.0
2006-12-01 00:00:00+05:30,124.07299041748047,129.26235961914062,123.8984375,128.56886291503906,101.59144592285156,17089892,0.0,0.0
2006-12-04 00:00:00+05:30,128.50753784179688,130.1115264892578,126.92713928222656,127.44136047363281,100.70053100585938,10171624,0.0,0.0
2006-12-05 00:00:00+05:30,127.88009643554688,128.66793823242188,125.96002960205078,126.26195526123047,99.76859283447266,8560934,0.0,0.0
2006-12-06 00:00:00+05:30,126.57331848144531,128.50753784179688,125.50242614746094,126.26667785644531,99.77230834960938,7750459,0.0,0.0
2006-12-07 00:00:00+05:30,126.24308776855469,128.03578186035156,125.58262634277344,127.16773986816406,100.48432159423828,9327149,0.0,0.0
2006-12-08 00:00:00+05:30,127.84707641601562,152.6050567626953,126.53558349609375,127.88009643554688,101.04723358154297,12315838,0.0,0.0
2006-12-11 00:00:00+05:30,125.01651000976562,125.01651000976562,116.0860824584961,117.60043334960938,92.92452239990234,21186347,0.0,0.0
2006-12-12 00:00:00+05:30,116.99658203125,117.53910827636719,109.8258285522461,111.510009765625,88.1120376586914,20359931,0.0,0.0
2006-12-13 00:00:00+05:30,112.75074005126953,116.14741516113281,111.7128677368164,115.6190414428711,91.35887145996094,18870128,0.0,0.0
2006-12-14 00:00:00+05:30,116.14741516113281,117.09093475341797,114.63777923583984,115.45864868164062,91.23213958740234,10451268,0.0,0.0
2006-12-15 00:00:00+05:30,116.05306243896484,119.63844299316406,116.05306243896484,119.3034896850586,94.27023315429688,8615633,0.0,0.0
2006-12-18 00:00:00+05:30,118.88362884521484,120.93106842041016,113.98675537109375,119.76110076904297,94.63182067871094,20659257,0.0,0.0
2006-12-19 00:00:00+05:30,119.8271484375,120.67631530761719,114.65193176269531,116.03890991210938,91.6906509399414,18154214,0.0,0.0
2006-12-20 00:00:00+05:30,117.37399291992188,118.78927612304688,113.78861236572266,114.78874206542969,90.70278930664062,14344410,0.0,0.0
2006-12-21 00:00:00+05:30,115.3926010131836,117.46834564208984,112.39691925048828,114.32170104980469,90.33375549316406,14125665,0.0,0.0
2006-12-22 00:00:00+05:30,114.35472869873047,115.58130645751953,112.37332916259766,114.64250183105469,90.5872573852539,7039441,0.0,0.0
2006-12-26 00:00:00+05:30,115.5577163696289,117.93538665771484,114.16602325439453,117.6617660522461,92.97297668457031,8379359,0.0,0.0
2006-12-27 00:00:00+05:30,118.39771270751953,119.52522277832031,117.62874603271484,118.03445434570312,93.26747131347656,6336139,0.0,0.0
2006-12-28 00:00:00+05:30,118.88362884521484,127.37531280517578,116.2653579711914,116.57671356201172,92.1156005859375,11647098,0.0,0.0
2006-12-29 00:00:00+05:30,117.94010162353516,121.80854034423828,116.71353149414062,117.52495574951172,92.86488342285156,6221908,0.0,0.0
2007-01-02 00:00:00+05:30,117.94010162353516,118.88362884521484,117.2796401977539,118.27505493164062,93.45758056640625,4325754,0.0,0.0
2007-01-03 00:00:00+05:30,117.94010162353516,119.81771087646484,116.72296142578125,119.34123229980469,94.30004119873047,7234116,0.0,0.0
2007-01-04 00:00:00+05:30,119.8271484375,120.77066802978516,116.73711395263672,117.2796401977539,92.67102813720703,6936147,0.0,0.0
2007-01-05 00:00:00+05:30,117.09093475341797,118.68077087402344,116.3455581665039,117.38343048095703,92.75303649902344,7379031,0.0,0.0
2007-01-08 00:00:00+05:30,117.8268814086914,117.8268814086914,113.88768005371094,114.51512145996094,90.4865951538086,9270606,0.0,0.0
2007-01-09 00:00:00+05:30,115.09539031982422,115.33598327636719,110.4957275390625,110.85426330566406,87.5938949584961,15934687,0.0,0.0
2007-01-10 00:00:00+05:30,110.48628997802734,110.95805358886719,106.88675689697266,107.22171020507812,84.72354125976562,10293593,0.0,0.0
2007-01-11 00:00:00+05:30,108.03313446044922,109.35406494140625,106.80655670166016,108.26429748535156,85.54737854003906,18544730,0.0,0.0
2007-01-12 00:00:00+05:30,109.63712310791016,116.64276123046875,109.44841766357422,115.62376403808594,91.36261749267578,20422527,0.0,0.0
2007-01-15 00:00:00+05:30,116.52482604980469,116.52482604980469,114.08110809326172,115.32183074951172,91.1240463256836,8519801,0.0,0.0
2007-01-16 00:00:00+05:30,118.411865234375,118.411865234375,113.60934448242188,114.14714813232422,90.19583892822266,12180186,0.0,0.0
2007-01-17 00:00:00+05:30,115.01519012451172,116.43047332763672,114.45851135253906,115.35014343261719,91.1463851928711,7531524,0.0,0.0
2007-01-18 00:00:00+05:30,115.67565155029297,118.31751251220703,115.48695373535156,115.95870971679688,91.62728118896484,13075567,0.0,0.0
2007-01-19 00:00:00+05:30,120.98296356201172,120.98296356201172,114.16602325439453,115.13784790039062,90.97864532470703,7239447,0.0,0.0
2007-01-22 00:00:00+05:30,114.92083740234375,116.24176788330078,114.92083740234375,115.5388412475586,91.2955093383789,3958852,0.0,0.0
2007-01-23 00:00:00+05:30,115.58602142333984,116.21817779541016,110.10887908935547,110.77406311035156,87.53050994873047,22946244,0.0,0.0
2007-01-24 00:00:00+05:30,110.77406311035156,111.80722045898438,108.4152603149414,110.63253784179688,87.4186782836914,12067025,0.0,0.0
2007-01-25 00:00:00+05:30,110.88728332519531,111.42509460449219,109.68429565429688,111.0005111694336,87.70942687988281,8950210,0.0,0.0
2007-01-29 00:00:00+05:30,112.27897644042969,112.27897644042969,108.59925079345703,109.08515930175781,86.19599151611328,5905359,0.0,0.0
2007-01-31 00:00:00+05:30,109.63712310791016,111.33545684814453,106.88204193115234,107.60383605957031,85.0254898071289,18675612,0.0,0.0
2007-02-01 00:00:00+05:30,109.25971221923828,116.05306243896484,107.1556625366211,113.50555419921875,89.6888656616211,26403200,0.0,0.0
2007-02-02 00:00:00+05:30,114.63777923583984,114.86894226074219,110.68914794921875,111.43453216552734,88.05239868164062,20576715,0.0,0.0
2007-02-05 00:00:00+05:30,110.95805358886719,113.87825012207031,110.42495727539062,112.94416046142578,89.24525451660156,13384653,0.0,0.0
2007-02-06 00:00:00+05:30,113.69425964355469,114.16602325439453,112.30256652832031,112.89226531982422,89.20425415039062,10188667,0.0,0.0
2007-02-07 00:00:00+05:30,112.75074005126953,113.58103942871094,111.84024047851562,112.75545501708984,89.09615325927734,11837004,0.0,0.0
2007-02-08 00:00:00+05:30,112.75074005126953,115.00575256347656,112.46768188476562,113.71784973144531,89.85659790039062,10963266,0.0,0.0
2007-02-09 00:00:00+05:30,113.78861236572266,114.6094741821289,111.25525665283203,113.1894760131836,89.4391098022461,10789353,0.0,0.0
2007-02-12 00:00:00+05:30,113.1894760131836,113.58103942871094,110.58064270019531,111.68456268310547,88.24995422363281,12033480,0.0,0.0
2007-02-13 00:00:00+05:30,111.61380004882812,113.17532348632812,109.26914978027344,110.71273803710938,87.4820556640625,13215871,0.0,0.0
2007-02-14 00:00:00+05:30,108.50489807128906,109.4437026977539,102.39088439941406,104.00430297851562,82.18123626708984,23367803,0.0,0.0
2007-02-15 00:00:00+05:30,104.78270721435547,108.4105453491211,104.78270721435547,105.91964721679688,83.69468688964844,11735713,0.0,0.0
2007-02-19 00:00:00+05:30,106.42915344238281,107.46702575683594,105.68848419189453,106.81599426269531,84.40296173095703,8820600,0.0,0.0
2007-02-20 00:00:00+05:30,106.81599426269531,108.01426696777344,104.2590560913086,104.51852416992188,82.58756256103516,7083129,0.0,0.0
2007-02-21 00:00:00+05:30,103.75898742675781,105.48562622070312,102.90038299560547,104.3439712524414,82.44964599609375,8781215,0.0,0.0
2007-02-22 00:00:00+05:30,104.2590560913086,104.91951751708984,100.95673370361328,101.71626281738281,80.373291015625,15709679,0.0,0.0
2007-02-23 00:00:00+05:30,107.08961486816406,107.08961486816406,98.22052001953125,99.84337615966797,78.89339447021484,14984692,0.0,0.0
2007-02-26 00:00:00+05:30,100.95673370361328,104.3439712524414,98.32430267333984,102.69281005859375,81.14494323730469,9295629,0.0,0.0
2007-02-27 00:00:00+05:30,102.93812561035156,108.4105453491211,100.20191192626953,100.87653350830078,79.70977020263672,10759031,0.0,0.0
2007-02-28 00:00:00+05:30,91.6724853515625,103.59858703613281,91.66304779052734,98.30072021484375,77.67442321777344,18976369,0.0,0.0
2007-03-01 00:00:00+05:30,98.31487274169922,100.10755920410156,95.8617172241211,99.60277557373047,78.70328521728516,11751971,0.0,0.0
2007-03-02 00:00:00+05:30,97.65440368652344,101.37187957763672,93.50762939453125,94.81440734863281,74.91964721679688,17475310,0.0,0.0
2007-03-05 00:00:00+05:30,94.25772857666016,94.63513946533203,90.10623931884766,90.81859588623047,71.76227569580078,17545240,0.0,0.0
2007-03-06 00:00:00+05:30,94.25772857666016,94.25772857666016,91.04975891113281,93.22457885742188,73.66340637207031,11897998,0.0,0.0
2007-03-07 00:00:00+05:30,94.16338348388672,94.51248168945312,89.10138702392578,90.99314880371094,71.90018463134766,13896206,0.0,0.0
2007-03-08 00:00:00+05:30,93.314208984375,95.38995361328125,90.87049102783203,94.2860336303711,74.50213623046875,25303193,0.0,0.0
2007-03-09 00:00:00+05:30,94.45587158203125,96.61653137207031,91.99327850341797,92.71507263183594,73.26081085205078,18256332,0.0,0.0
2007-03-12 00:00:00+05:30,93.40856170654297,94.4464340209961,91.53567504882812,91.91780090332031,72.63082885742188,13924811,0.0,0.0
2007-03-13 00:00:00+05:30,92.37068939208984,93.36138916015625,91.15826416015625,92.5027847290039,73.09307098388672,10591541,0.0,0.0
2007-03-14 00:00:00+05:30,90.5780029296875,91.52152252197266,88.8843765258789,89.4457778930664,70.67750549316406,9362888,0.0,0.0
2007-03-15 00:00:00+05:30,90.10623931884766,91.02145385742188,86.59162139892578,87.0020523071289,68.74655151367188,18661696,0.0,0.0
2007-03-16 00:00:00+05:30,87.27568054199219,87.72384643554688,84.73760223388672,86.20006561279297,68.11283874511719,19242203,0.0,0.0
2007-03-19 00:00:00+05:30,87.25680541992188,87.73800659179688,85.58677673339844,87.41720581054688,69.07459259033203,9284670,0.0,0.0
2007-03-20 00:00:00+05:30,87.7474365234375,90.5780029296875,87.7474365234375,89.85620880126953,71.0018081665039,10719286,0.0,0.0
2007-03-21 00:00:00+05:30,90.10623931884766,93.25288391113281,89.27122497558594,92.74337768554688,73.28317260742188,11939513,0.0,0.0
2007-03-22 00:00:00+05:30,93.5972671508789,97.65440368652344,93.5972671508789,97.12603759765625,76.74622344970703,26687327,0.0,0.0
2007-03-23 00:00:00+05:30,97.56005859375,98.39507293701172,95.57865905761719,96.82410430908203,76.50765228271484,14059286,0.0,0.0
2007-03-26 00:00:00+05:30,97.18264770507812,98.11201477050781,95.10690307617188,95.6399917602539,75.5719985961914,11431861,0.0,0.0
2007-03-28 00:00:00+05:30,94.91819763183594,95.26729583740234,91.26676940917969,91.86590576171875,72.5898208618164,9908609,0.0,0.0
2007-03-29 00:00:00+05:30,91.89893341064453,94.4464340209961,90.2147445678711,92.99813079833984,73.48448181152344,18307216,0.0,0.0
2007-03-30 00:00:00+05:30,93.41799926757812,94.63513946533203,93.06417846679688,93.82843017578125,74.14055633544922,13686682,0.0,0.0
2007-04-02 00:00:00+05:30,92.40843200683594,92.40843200683594,87.02564239501953,87.79461669921875,69.37281799316406,12008733,0.0,0.0
2007-04-03 00:00:00+05:30,87.27568054199219,89.35142517089844,86.3321533203125,87.4407958984375,69.09322357177734,11958739,0.0,0.0
2007-04-04 00:00:00+05:30,88.5730209350586,89.61560821533203,87.32756805419922,88.30411529541016,69.775390625,9260251,0.0,0.0
2007-04-05 00:00:00+05:30,88.30411529541016,90.20059204101562,87.27568054199219,89.48823547363281,70.7110366821289,12000741,0.0,0.0
2007-04-09 00:00:00+05:30,89.870361328125,93.88032531738281,89.870361328125,93.30477905273438,73.72677612304688,12438368,0.0,0.0
2007-04-10 00:00:00+05:30,93.5972671508789,94.20584106445312,91.04975891113281,93.52178192138672,73.89825439453125,11069930,0.0,0.0
2007-04-11 00:00:00+05:30,93.40856170654297,94.62570190429688,92.19613647460938,92.59713745117188,73.1676025390625,7716003,0.0,0.0
2007-04-12 00:00:00+05:30,92.27633666992188,92.27633666992188,90.6015853881836,91.33281707763672,72.1686019897461,7232760,0.0,0.0
2007-04-13 00:00:00+05:30,92.24803161621094,95.65414428710938,91.42716979980469,94.15866088867188,74.40147399902344,12839504,0.0,0.0
2007-04-16 00:00:00+05:30,94.91819763183594,96.41839599609375,94.68231964111328,95.63055419921875,75.5645523071289,10110492,0.0,0.0
2007-04-17 00:00:00+05:30,95.8617172241211,97.18264770507812,94.07374572753906,95.3144760131836,75.31478118896484,11634432,0.0,0.0
2007-04-18 00:00:00+05:30,96.71088409423828,98.02237701416016,95.3144760131836,97.56477355957031,77.09291076660156,13519001,0.0,0.0
2007-04-19 00:00:00+05:30,96.4278335571289,100.32456970214844,94.4464340209961,99.37633514404297,78.52435302734375,23058112,0.0,0.0
2007-04-20 00:00:00+05:30,99.92829132080078,102.27765655517578,98.15918731689453,101.32942199707031,80.06761932373047,19685214,0.0,0.0
2007-04-23 00:00:00+05:30,101.47566223144531,103.69293975830078,99.59334564208984,100.04151153564453,79.04996490478516,10443998,0.0,0.0
2007-04-24 00:00:00+05:30,97.18264770507812,107.93878173828125,97.18264770507812,106.92921447753906,84.49241638183594,33085056,0.0,0.0
2007-04-25 00:00:00+05:30,100.0132064819336,108.9200439453125,100.0132064819336,107.55194091796875,84.98448944091797,13532981,0.0,0.0
2007-04-26 00:00:00+05:30,107.93878173828125,109.99565887451172,107.2783203125,108.06143951416016,85.3870849609375,13307008,0.0,0.0
2007-04-27 00:00:00+05:30,107.93878173828125,108.46715545654297,103.1504135131836,103.9429702758789,82.13275909423828,15783392,0.0,0.0
2007-04-30 00:00:00+05:30,102.93812561035156,104.61759185791016,99.1640396118164,103.96656036376953,82.15141296386719,12009464,0.0,0.0
2007-05-03 00:00:00+05:30,104.7308120727539,106.39141082763672,104.7308120727539,105.99984741210938,83.75807189941406,6932957,0.0,0.0
2007-05-04 00:00:00+05:30,106.42915344238281,109.59938049316406,105.863037109375,106.45745849609375,84.11965942382812,14600207,0.0,0.0
2007-05-07 00:00:00+05:30,113.03379821777344,113.03379821777344,105.20257568359375,105.64131164550781,83.47476959228516,7990326,0.0,0.0
2007-05-08 00:00:00+05:30,105.67433166503906,106.78768920898438,101.61719512939453,102.0559310913086,80.6417007446289,16044309,0.0,0.0
2007-05-09 00:00:00+05:30,102.0559310913086,106.33480072021484,101.15958404541016,105.94795227050781,83.71707153320312,19547877,0.0,0.0
2007-05-10 00:00:00+05:30,106.61785125732422,108.74549102783203,105.34881591796875,105.9856948852539,83.74688720703125,16593210,0.0,0.0
2007-05-11 00:00:00+05:30,104.7308120727539,109.92018127441406,100.95673370361328,108.78795623779297,85.96114349365234,21022312,0.0,0.0
2007-05-14 00:00:00+05:30,111.33545684814453,114.63777923583984,111.33545684814453,113.76502227783203,89.89388275146484,22639266,0.0,0.0
2007-05-15 00:00:00+05:30,113.69425964355469,117.09093475341797,113.22250366210938,115.81246185302734,91.51171875,23376250,0.0,0.0
2007-05-16 00:00:00+05:30,116.99658203125,121.90289306640625,116.33612060546875,121.1622314453125,95.73893737792969,27129300,0.0,0.0
2007-05-17 00:00:00+05:30,121.72362518310547,126.05438232421875,121.71418762207031,125.21936798095703,98.94477844238281,25443804,0.0,0.0
2007-05-18 00:00:00+05:30,125.3939208984375,126.43179321289062,123.32760620117188,125.24767303466797,98.96715545654297,17861449,0.0,0.0
2007-05-21 00:00:00+05:30,126.5261459350586,128.6962432861328,125.96002960205078,127.24794006347656,100.5477066040039,17089882,0.0,0.0
2007-05-22 00:00:00+05:30,127.24794006347656,127.84707641601562,124.54475402832031,125.1108627319336,98.85903930664062,16841927,0.0,0.0
2007-05-23 00:00:00+05:30,125.48827362060547,125.48827362060547,122.2944564819336,123.47856903076172,97.56925964355469,15516880,0.0,0.0
2007-05-24 00:00:00+05:30,122.78508758544922,123.12947082519531,120.29890441894531,121.34149932861328,95.88059997558594,17109341,0.0,0.0
2007-05-25 00:00:00+05:30,119.07232666015625,123.10116577148438,116.99658203125,122.53033447265625,96.81997680664062,13975229,0.0,0.0
2007-05-28 00:00:00+05:30,124.058837890625,125.48827362060547,122.803955078125,123.46441650390625,97.55805969238281,11317672,0.0,0.0
2007-05-29 00:00:00+05:30,123.591796875,125.10142517089844,122.65770721435547,124.78534698486328,98.60183715820312,11127480,0.0,0.0
2007-05-30 00:00:00+05:30,124.73345184326172,127.823486328125,123.71916961669922,125.20521545410156,98.93360137939453,18144453,0.0,0.0
2007-05-31 00:00:00+05:30,127.84707641601562,128.47923278808594,125.61093139648438,127.71969604492188,100.92046356201172,16986630,0.0,0.0
2007-06-01 00:00:00+05:30,128.6962432861328,130.67764282226562,127.9414291381836,130.10208129882812,102.80296325683594,20229187,0.0,0.0
2007-06-04 00:00:00+05:30,132.09291076660156,133.82899475097656,131.14939880371094,132.69677734375,104.85320281982422,23130628,0.0,0.0
2007-06-05 00:00:00+05:30,132.09291076660156,136.32461547851562,131.4324493408203,135.53677368164062,107.09732055664062,19169391,0.0,0.0
2007-06-06 00:00:00+05:30,136.33876037597656,137.18792724609375,130.30023193359375,131.1022186279297,103.59323120117188,19684641,0.0,0.0
2007-06-07 00:00:00+05:30,130.3945770263672,132.27218627929688,127.68195343017578,128.38015747070312,101.44234466552734,22770360,0.0,0.0
2007-06-08 00:00:00+05:30,125.61093139648438,130.8663330078125,124.66741180419922,127.99803924560547,101.14041137695312,21594456,0.0,0.0
2007-06-11 00:00:00+05:30,127.9414291381836,130.10208129882812,126.0638198852539,126.408203125,99.8841552734375,8665235,0.0,0.0
2007-06-12 00:00:00+05:30,127.75272369384766,127.75272369384766,123.17664337158203,125.70528411865234,99.3287353515625,21445959,0.0,0.0
2007-06-13 00:00:00+05:30,125.01651000976562,125.79962921142578,120.78953552246094,121.7519302368164,97.2265853881836,16295972,1.320929,0.0
2007-06-14 00:00:00+05:30,122.65770721435547,125.1533203125,122.18595123291016,123.96448516845703,98.99343872070312,14418568,0.0,0.0
2007-06-15 00:00:00+05:30,125.01651000976562,127.28096008300781,123.31817626953125,124.93159484863281,99.76573944091797,18621305,0.0,0.0
2007-06-18 00:00:00+05:30,126.43179321289062,126.90354919433594,123.88428497314453,124.41265869140625,99.35134887695312,13010671,0.0,0.0
2007-06-19 00:00:00+05:30,125.00707244873047,130.0171661376953,123.91259002685547,129.44161987304688,103.36727905273438,14066684,0.0,0.0
2007-06-20 00:00:00+05:30,130.4889373779297,134.91404724121094,129.54541015625,134.3385009765625,107.27775573730469,19213703,0.0,0.0
2007-06-21 00:00:00+05:30,135.22540283203125,138.19277954101562,132.09291076660156,136.48500061035156,108.99186706542969,22505989,0.0,0.0
2007-06-22 00:00:00+05:30,136.33876037597656,139.45237731933594,136.33876037597656,137.3011474609375,109.64359283447266,24089526,0.0,0.0
2007-06-25 00:00:00+05:30,137.75404357910156,137.75404357910156,135.30560302734375,136.78221130371094,109.22917175292969,12739443,0.0,0.0
2007-06-26 00:00:00+05:30,137.36720275878906,138.32015991210938,136.12646484375,137.49929809570312,109.80184173583984,14707952,0.0,0.0
2007-06-27 00:00:00+05:30,137.28228759765625,138.46168518066406,135.39523315429688,136.49444580078125,108.99942016601562,21375744,0.0,0.0
2007-06-28 00:00:00+05:30,137.75404357910156,139.15988159179688,136.65484619140625,138.8013458251953,110.84161376953125,23865227,0.0,0.0
2007-06-29 00:00:00+05:30,138.84381103515625,144.5190887451172,138.84381103515625,143.96241760253906,114.96305084228516,31405262,0.0,0.0
2007-07-02 00:00:00+05:30,144.3586883544922,146.340087890625,143.7312469482422,144.42945861816406,115.33602142333984,18509204,0.0,0.0
2007-07-03 00:00:00+05:30,146.05702209472656,150.01980590820312,145.49090576171875,149.25083923339844,119.18623352050781,23694177,0.0,0.0
2007-07-04 00:00:00+05:30,150.86898803710938,152.85037231445312,146.83543395996094,147.55250549316406,117.8299560546875,17078297,0.0,0.0
2007-07-05 00:00:00+05:30,148.5998077392578,148.88758850097656,144.51437377929688,145.96739196777344,116.56414794921875,17125069,0.0,0.0
2007-07-06 00:00:00+05:30,146.2457275390625,169.73939514160156,144.04733276367188,146.29290771484375,116.8240737915039,17425624,0.0,0.0
2007-07-09 00:00:00+05:30,146.8118438720703,149.0762939453125,144.9248046875,148.222412109375,118.36493682861328,11761658,0.0,0.0
2007-07-10 00:00:00+05:30,148.88758850097656,149.0762939453125,145.82115173339844,146.31649780273438,116.84295654296875,9530589,0.0,0.0
2007-07-11 00:00:00+05:30,145.28334045410156,146.8873291015625,142.9434051513672,145.42486572265625,116.13095092773438,9018338,0.0,0.0
2007-07-12 00:00:00+05:30,146.07589721679688,148.03842163085938,146.07589721679688,147.11376953125,117.47962951660156,6522558,0.0,0.0
2007-07-13 00:00:00+05:30,147.6610107421875,149.44898986816406,146.66087341308594,147.18453979492188,117.53610229492188,10611657,0.0,0.0
2007-07-16 00:00:00+05:30,147.1892547607422,152.6616668701172,145.7739715576172,152.0719757080078,121.43904876708984,18296511,0.0,0.0
2007-07-17 00:00:00+05:30,152.3786163330078,153.29383850097656,148.5101776123047,149.36878967285156,119.28038024902344,15356618,0.0,0.0
2007-07-18 00:00:00+05:30,149.91603088378906,149.91603088378906,147.1892547607422,148.66114807128906,118.71529388427734,10208741,0.0,0.0
2007-07-19 00:00:00+05:30,148.79324340820312,151.71815490722656,148.79324340820312,150.5623321533203,120.2335205078125,8688817,0.0,0.0
2007-07-20 00:00:00+05:30,151.9068603515625,152.83151245117188,148.69888305664062,149.477294921875,119.36701202392578,9071659,0.0,0.0
2007-07-23 00:00:00+05:30,149.45370483398438,150.104736328125,147.84971618652344,149.57164001464844,119.44234466552734,5579781,0.0,0.0
2007-07-24 00:00:00+05:30,151.43508911132812,151.71815490722656,147.87330627441406,148.6800079345703,118.73033905029297,11529294,0.0,0.0
2007-07-25 00:00:00+05:30,148.1327667236328,149.43482971191406,144.9248046875,148.07615661621094,118.24813079833984,13528275,0.0,0.0
2007-07-26 00:00:00+05:30,148.1327667236328,148.6045379638672,145.4531707763672,146.41555786132812,116.92204284667969,10517965,0.0,0.0
2007-07-27 00:00:00+05:30,143.4151611328125,144.122802734375,138.70700073242188,141.41018676757812,112.92494201660156,22794377,0.0,0.0
2007-07-30 00:00:00+05:30,143.8350372314453,152.3597412109375,142.45277404785156,148.89230346679688,118.89986419677734,26637853,0.0,0.0
2007-07-31 00:00:00+05:30,153.03907775878906,154.322265625,145.3069305419922,153.21363830566406,122.35072326660156,38936066,0.0,0.0
2007-08-01 00:00:00+05:30,151.9068603515625,151.9068603515625,145.32107543945312,146.06173706054688,116.63948059082031,28784271,0.0,0.0
2007-08-02 00:00:00+05:30,146.2457275390625,153.41648864746094,145.6796112060547,150.28399658203125,120.01123809814453,25621977,0.0,0.0
2007-08-03 00:00:00+05:30,152.85037231445312,155.77528381347656,151.9068603515625,154.33642578125,123.24735260009766,18624951,0.0,0.0
2007-08-06 00:00:00+05:30,151.9068603515625,160.30418395996094,149.0762939453125,158.69076538085938,126.72454833984375,27696897,0.0,0.0
2007-08-07 00:00:00+05:30,159.45501708984375,162.84225463867188,157.80857849121094,158.7096405029297,126.73965454101562,18153197,0.0,0.0
2007-08-08 00:00:00+05:30,160.39854431152344,163.68199157714844,160.2098388671875,161.04486083984375,128.60446166992188,11731187,0.0,0.0
2007-08-09 00:00:00+05:30,162.946044921875,163.0404052734375,154.83177185058594,155.737548828125,124.36624145507812,15206489,0.0,0.0
2007-08-10 00:00:00+05:30,151.1095733642578,152.3739013671875,148.62339782714844,151.61907958984375,121.07737731933594,21324107,0.0,0.0
2007-08-13 00:00:00+05:30,152.85037231445312,153.7844696044922,150.50100708007812,152.1946258544922,121.53697967529297,15880518,0.0,0.0
2007-08-14 00:00:00+05:30,154.36001586914062,154.36001586914062,151.3407440185547,152.40692138671875,121.70651245117188,13394023,0.0,0.0
2007-08-16 00:00:00+05:30,146.2457275390625,146.99111938476562,143.15570068359375,143.5048065185547,114.59761047363281,20439930,0.0,0.0
2007-08-17 00:00:00+05:30,142.47164916992188,145.65130615234375,137.85311889648438,143.33969116210938,114.46576690673828,32144356,0.0,0.0
2007-08-20 00:00:00+05:30,148.6045379638672,150.01980590820312,145.3069305419922,146.21270751953125,116.76006317138672,13428415,0.0,0.0
2007-08-21 00:00:00+05:30,147.6610107421875,147.6610107421875,136.928466796875,138.06539916992188,110.25391387939453,21256848,0.0,0.0
2007-08-22 00:00:00+05:30,138.8909912109375,141.90553283691406,133.97996520996094,137.6408233642578,109.91487121582031,34262094,0.0,0.0
2007-08-23 00:00:00+05:30,139.64108276367188,141.51869201660156,132.75338745117188,133.48460388183594,106.59585571289062,22401222,0.0,0.0
2007-08-24 00:00:00+05:30,137.28228759765625,138.97119140625,134.45172119140625,138.3248748779297,110.46112823486328,25364484,0.0,0.0
2007-08-27 00:00:00+05:30,143.32081604003906,147.47230529785156,140.2071990966797,146.69390869140625,117.14431762695312,24146557,0.0,0.0
2007-08-28 00:00:00+05:30,148.6045379638672,148.6045379638672,145.3965606689453,146.30233764648438,116.83161926269531,15639484,0.0,0.0
2007-08-29 00:00:00+05:30,141.9149627685547,149.5480499267578,141.9149627685547,148.49603271484375,118.58341979980469,21406819,0.0,0.0
2007-08-30 00:00:00+05:30,149.45370483398438,151.4067840576172,147.0948944091797,148.2129669189453,118.35736846923828,21752163,0.0,0.0
2007-08-31 00:00:00+05:30,148.1327667236328,152.6616668701172,148.1327667236328,150.99635314941406,120.58009338378906,17541785,0.0,0.0
2007-09-03 00:00:00+05:30,152.7560272216797,153.13343811035156,151.18505859375,151.5907745361328,121.05475616455078,9559322,0.0,0.0
2007-09-04 00:00:00+05:30,151.9068603515625,152.94473266601562,150.21324157714844,152.09083557128906,121.4541244506836,12249215,0.0,0.0
2007-09-05 00:00:00+05:30,152.7560272216797,153.13343811035156,149.0762939453125,150.42080688476562,120.1205062866211,13408659,0.0,0.0
2007-09-06 00:00:00+05:30,149.83111572265625,154.73741149902344,149.6424102783203,154.161865234375,123.10794830322266,19187133,0.0,0.0
2007-09-07 00:00:00+05:30,155.2091827392578,155.9639892578125,152.18991088867188,152.87867736816406,122.08323669433594,14101087,0.0,0.0
2007-09-10 00:00:00+05:30,150.397216796875,155.1903076171875,149.5480499267578,154.73741149902344,123.56757354736328,9778755,0.0,0.0
2007-09-11 00:00:00+05:30,155.68093872070312,156.34140014648438,152.3786163330078,153.10513305664062,122.26409912109375,11426149,0.0,0.0
2007-09-12 00:00:00+05:30,153.7938995361328,154.7091064453125,152.80320739746094,153.27024841308594,122.39594268798828,7173111,0.0,0.0
2007-09-13 00:00:00+05:30,154.2373504638672,158.70021057128906,153.7938995361328,157.99728393554688,126.1707992553711,17429874,0.0,0.0
2007-09-14 00:00:00+05:30,158.60585021972656,161.11090087890625,154.8647918701172,155.71395874023438,124.34739685058594,18403981,0.0,0.0
2007-09-17 00:00:00+05:30,154.26565551757812,158.03973388671875,154.26565551757812,155.2657928466797,123.989501953125,8372077,0.0,0.0
2007-09-18 00:00:00+05:30,157.56797790527344,160.6721649169922,154.45436096191406,159.92205810546875,127.70780181884766,17483906,0.0,0.0
2007-09-19 00:00:00+05:30,163.70086669921875,167.47494506835938,163.70086669921875,166.97488403320312,133.33993530273438,19620191,0.0,0.0
2007-09-20 00:00:00+05:30,169.7205352783203,169.7205352783203,165.32371520996094,166.0172119140625,132.57522583007812,10514542,0.0,0.0
2007-09-21 00:00:00+05:30,165.96531677246094,173.59840393066406,165.39920043945312,170.52252197265625,136.17300415039062,10646092,0.0,0.0
2007-09-24 00:00:00+05:30,173.6078338623047,175.07972717285156,170.81028747558594,173.0605926513672,138.1997833251953,11716667,0.0,0.0
2007-09-25 00:00:00+05:30,173.89088439941406,174.3343505859375,167.94671630859375,170.52252197265625,136.17300415039062,8990739,0.0,0.0
2007-09-26 00:00:00+05:30,170.7772674560547,177.28756713867188,168.71096801757812,174.4758758544922,139.3300018310547,17348911,0.0,0.0
2007-09-27 00:00:00+05:30,175.68357849121094,179.1746063232422,174.7400665283203,177.44796752929688,141.70338439941406,19001064,0.0,0.0
2007-09-28 00:00:00+05:30,178.80191040039062,185.11407470703125,178.42922973632812,183.59500122070312,146.61216735839844,28323168,0.0,0.0
2007-10-01 00:00:00+05:30,184.17526245117188,185.40184020996094,177.62722778320312,178.75946044921875,142.75067138671875,20342560,0.0,0.0
2007-10-03 00:00:00+05:30,182.38258361816406,183.8922119140625,168.5128173828125,179.9813232421875,143.72642517089844,16419202,0.0,0.0
2007-10-04 00:00:00+05:30,177.8536834716797,183.23175048828125,174.55136108398438,179.74072265625,143.53427124023438,21845548,0.0,0.0
2007-10-05 00:00:00+05:30,181.1465606689453,182.5712890625,173.51348876953125,175.1221923828125,139.84608459472656,17201093,0.0,0.0
2007-10-08 00:00:00+05:30,177.8536834716797,178.13673400878906,165.58790588378906,168.1259765625,134.25918579101562,14232658,0.0,0.0
2007-10-09 00:00:00+05:30,168.89022827148438,180.2124786376953,165.0878448486328,178.3207244873047,142.40029907226562,16103078,0.0,0.0
2007-10-10 00:00:00+05:30,180.2124786376953,184.79798889160156,175.5939483642578,181.48623657226562,144.9281768798828,25739336,0.0,0.0
2007-10-11 00:00:00+05:30,183.51480102539062,184.34510803222656,180.40118408203125,183.51480102539062,146.54812622070312,9439431,0.0,0.0
2007-10-12 00:00:00+05:30,183.0430450439453,183.98655700683594,174.55136108398438,175.7543487548828,140.35092163085938,13711705,0.0,0.0
2007-10-15 00:00:00+05:30,176.81581115722656,186.11892700195312,176.0373992919922,184.28848266601562,147.1659698486328,19965928,0.0,0.0
2007-10-16 00:00:00+05:30,184.93008422851562,187.85499572753906,179.2689666748047,181.89195251464844,145.25216674804688,18506840,0.0,0.0
2007-10-17 00:00:00+05:30,161.34207153320312,176.7592010498047,156.71881103515625,172.54637145996094,137.7891387939453,19711011,0.0,0.0
2007-10-18 00:00:00+05:30,175.96664428710938,178.325439453125,152.3786163330078,158.03501892089844,126.20091247558594,18895936,0.0,0.0
2007-10-19 00:00:00+05:30,167.47494506835938,167.47494506835938,150.9633331298828,157.2943572998047,125.60943603515625,18803749,0.0,0.0
2007-10-22 00:00:00+05:30,153.7938995361328,163.13475036621094,151.91629028320312,161.86099243164062,129.25621032714844,12092695,0.0,0.0
2007-10-23 00:00:00+05:30,162.75733947753906,172.65487670898438,162.75733947753906,171.2820587158203,136.77952575683594,15005529,0.0,0.0
2007-10-24 00:00:00+05:30,172.664306640625,183.2034454345703,171.2820587158203,180.17945861816406,143.88462829589844,30437631,0.0,0.0
2007-10-25 00:00:00+05:30,180.2124786376953,186.25100708007812,179.75958251953125,183.81201171875,146.78546142578125,27131122,0.0,0.0
2007-10-26 00:00:00+05:30,183.98655700683594,198.6111297607422,179.74072265625,196.24290466308594,156.71231079101562,27641604,0.0,0.0
2007-10-29 00:00:00+05:30,201.4416961669922,205.21578979492188,196.3466796875,199.71505737304688,159.4850311279297,23394130,0.0,0.0
2007-10-30 00:00:00+05:30,200.47930908203125,203.70614624023438,191.75173950195312,193.9265594482422,154.86257934570312,35348959,0.0,0.0
2007-10-31 00:00:00+05:30,190.68556213378906,200.30947875976562,190.68556213378906,195.13897705078125,155.8307647705078,16723817,0.0,0.0
2007-11-01 00:00:00+05:30,204.46096801757812,204.46096801757812,193.65765380859375,195.8135986328125,156.3694610595703,22714792,0.0,0.0
2007-11-02 00:00:00+05:30,193.42176818847656,214.556640625,188.70416259765625,212.1978302001953,169.4533233642578,27875229,0.0,0.0
2007-11-05 00:00:00+05:30,212.2921905517578,219.78375244140625,208.9898681640625,211.23544311523438,168.68479919433594,30796214,0.0,0.0
2007-11-06 00:00:00+05:30,212.38653564453125,216.06626892089844,205.3101348876953,209.35311889648438,167.181640625,16277520,0.0,0.0
2007-11-07 00:00:00+05:30,211.34866333007812,219.74600219726562,205.80076599121094,213.49989318847656,170.4930877685547,18265648,0.0,0.0
2007-11-08 00:00:00+05:30,212.76394653320312,213.42440795898438,203.8099365234375,206.1545867919922,164.6273956298828,22659404,0.0,0.0
2007-11-12 00:00:00+05:30,198.13937377929688,212.76394653320312,196.2853546142578,211.8204345703125,169.15194702148438,19232749,0.0,0.0
2007-11-13 00:00:00+05:30,214.65098571777344,219.2742462158203,208.53225708007812,216.47198486328125,172.8665008544922,21697602,0.0,0.0
2007-11-14 00:00:00+05:30,231.16261291503906,231.16261291503906,218.42507934570312,222.0906524658203,177.35336303710938,14499764,0.0,0.0
2007-11-15 00:00:00+05:30,224.08619689941406,224.08619689941406,216.8210906982422,217.78819274902344,173.91757202148438,11703800,0.0,0.0
2007-11-16 00:00:00+05:30,217.78819274902344,221.63304138183594,212.88661193847656,219.60447692871094,175.36801147460938,13397361,0.0,0.0
2007-11-19 00:00:00+05:30,220.31211853027344,223.5861358642578,216.1794891357422,217.226806640625,173.46929931640625,13369508,0.0,0.0
2007-11-20 00:00:00+05:30,216.5380401611328,222.0670623779297,213.42440795898438,215.0189666748047,171.7061767578125,11225962,0.0,0.0
2007-11-21 00:00:00+05:30,214.93405151367188,214.93405151367188,201.4416961669922,203.4938507080078,162.5026397705078,9390465,0.0,0.0
2007-11-22 00:00:00+05:30,203.81936645507812,217.00979614257812,200.592529296875,212.22142028808594,169.47218322753906,25654801,0.0,0.0
2007-11-23 00:00:00+05:30,215.1227569580078,215.1227569580078,208.54641723632812,212.2025604248047,169.4571075439453,13137696,0.0,0.0
2007-11-26 00:00:00+05:30,215.1227569580078,217.00979614257812,209.697509765625,211.6600341796875,169.02386474609375,13282875,0.0,0.0
2007-11-27 00:00:00+05:30,211.6600341796875,215.82095336914062,209.93338012695312,214.59909057617188,171.3708953857422,11716688,0.0,0.0
2007-11-28 00:00:00+05:30,219.24594116210938,219.24594116210938,211.2543182373047,212.5186309814453,169.70950317382812,11011129,0.0,0.0
2007-11-29 00:00:00+05:30,214.90574645996094,218.4062042236328,212.32049560546875,213.98109436035156,170.87738037109375,12873472,0.0,0.0
2007-11-30 00:00:00+05:30,217.19850158691406,220.6895294189453,215.50015258789062,217.23623657226562,173.476806640625,16247886,0.0,0.0
2007-12-03 00:00:00+05:30,219.84036254882812,221.34056091308594,217.7551727294922,219.34500122070312,175.16079711914062,10122532,0.0,0.0
2007-12-04 00:00:00+05:30,219.5572967529297,221.24148559570312,217.19850158691406,218.4062042236328,174.41110229492188,8591649,0.0,0.0
2007-12-05 00:00:00+05:30,218.51942443847656,226.35064697265625,218.0806884765625,224.9825439453125,179.66270446777344,12728929,0.0,0.0
2007-12-06 00:00:00+05:30,226.44500732421875,229.9171600341797,224.46360778808594,226.02513122558594,180.4952850341797,10837322,0.0,0.0
2007-12-07 00:00:00+05:30,228.78492736816406,231.8891143798828,225.50148010253906,229.8227996826172,183.52798461914062,10566994,0.0,0.0
2007-12-10 00:00:00+05:30,229.8416748046875,231.9598846435547,227.86029052734375,228.8934326171875,182.78582763671875,5373405,0.0,0.0
2007-12-11 00:00:00+05:30,232.01177978515625,233.61575317382812,228.89816284179688,230.9503173828125,184.4283905029297,7223274,0.0,0.0
2007-12-12 00:00:00+05:30,228.33204650878906,231.6249237060547,228.33204650878906,230.10586547851562,183.75401306152344,6866408,0.0,0.0
2007-12-13 00:00:00+05:30,231.54000854492188,232.95529174804688,225.31277465820312,226.10533142089844,180.55934143066406,5157999,0.0,0.0
2007-12-14 00:00:00+05:30,227.38851928710938,228.23768615722656,224.2135772705078,227.0865936279297,181.3429412841797,7776298,0.0,0.0
2007-12-17 00:00:00+05:30,227.38851928710938,227.38851928710938,216.5380401611328,218.1797637939453,174.2302703857422,6731743,0.0,0.0
2007-12-18 00:00:00+05:30,218.89683532714844,221.5386962890625,215.72189331054688,216.96261596679688,173.25831604003906,6574078,0.0,0.0
2007-12-19 00:00:00+05:30,220.189453125,220.189453125,210.12208557128906,212.9102020263672,170.022216796875,6859774,0.0,0.0
2007-12-20 00:00:00+05:30,214.4622802734375,218.2363739013672,211.34866333007812,212.97152709960938,170.07113647460938,12271143,0.0,0.0
2007-12-24 00:00:00+05:30,219.3402862548828,221.5386962890625,216.0992889404297,220.2885284423828,175.91424560546875,5765394,0.0,0.0
2007-12-26 00:00:00+05:30,221.82174682617188,227.6715850830078,221.82174682617188,226.44972229003906,180.83436584472656,7428749,0.0,0.0
2007-12-27 00:00:00+05:30,228.80380249023438,230.09642028808594,222.3265380859375,224.1947021484375,179.03359985351562,9788029,0.0,0.0
2007-12-28 00:00:00+05:30,223.61444091796875,227.28472900390625,222.67562866210938,224.32679748535156,179.1390838623047,5737605,0.0,0.0
2007-12-31 00:00:00+05:30,227.36965942382812,227.36965942382812,222.67091369628906,223.7229461669922,178.65689086914062,3709223,0.0,0.0
2008-01-01 00:00:00+05:30,224.55795288085938,225.97323608398438,222.3123779296875,224.88819885253906,179.58738708496094,4502158,0.0,0.0
2008-01-02 00:00:00+05:30,223.8031463623047,231.54000854492188,220.9725799560547,228.6481170654297,182.58990478515625,10764075,0.0,0.0
2008-01-03 00:00:00+05:30,228.33204650878906,229.96434020996094,224.90234375,225.996826171875,180.47271728515625,5993773,0.0,0.0
2008-01-04 00:00:00+05:30,242.8622589111328,242.8622589111328,224.27490234375,225.3882598876953,179.98670959472656,5185640,0.0,0.0
2008-01-07 00:00:00+05:30,226.3223419189453,229.08685302734375,222.76527404785156,226.7186279296875,181.04910278320312,6612148,0.0,0.0
2008-01-08 00:00:00+05:30,228.30374145507812,236.06890869140625,227.8885955810547,232.53543090820312,185.69418334960938,15484183,0.0,0.0
2008-01-09 00:00:00+05:30,231.16261291503906,236.54067993164062,230.3275909423828,231.58718872070312,184.93695068359375,10546073,0.0,0.0
2008-01-10 00:00:00+05:30,234.20074462890625,236.3519744873047,224.3692626953125,227.3507843017578,181.5539093017578,9382993,0.0,0.0
2008-01-11 00:00:00+05:30,230.66253662109375,231.63436889648438,224.46360778808594,229.72845458984375,183.45263671875,6831815,0.0,0.0
2008-01-14 00:00:00+05:30,233.87051391601562,239.30990600585938,230.3134307861328,232.39862060546875,185.58494567871094,14452685,0.0,0.0
2008-01-15 00:00:00+05:30,235.66319274902344,235.66319274902344,227.11489868164062,228.65756225585938,182.5974578857422,10085447,0.0,0.0
2008-01-16 00:00:00+05:30,228.80380249023438,229.55862426757812,221.34999084472656,227.91217041015625,182.00221252441406,17714860,0.0,0.0
2008-01-17 00:00:00+05:30,230.50213623046875,231.91741943359375,224.08619689941406,227.98765563964844,182.06248474121094,10439292,0.0,0.0
2008-01-18 00:00:00+05:30,225.50148010253906,228.9925079345703,219.39218139648438,222.89263916015625,177.99378967285156,9762815,0.0,0.0
2008-01-21 00:00:00+05:30,222.3878631591797,224.52964782714844,191.662109375,207.21133422851562,165.47129821777344,20268942,0.0,0.0
2008-01-22 00:00:00+05:30,180.2124786376953,215.1227569580078,172.664306640625,201.6681365966797,161.044677734375,16339193,0.0,0.0
2008-01-23 00:00:00+05:30,214.12261962890625,222.859619140625,205.21578979492188,219.2506561279297,175.08544921875,12340172,0.0,0.0
2008-01-24 00:00:00+05:30,222.7180938720703,226.4167022705078,217.00979614257812,221.08108520507812,176.54713439941406,14721243,0.0,0.0
2008-01-25 00:00:00+05:30,230.21908569335938,231.99290466308594,222.67091369628906,227.14320373535156,181.3881378173828,14037072,0.0,0.0
2008-01-28 00:00:00+05:30,229.89999389648438,233.89999389648438,220.0,231.3350067138672,184.735595703125,9114160,0.0,0.0
2008-01-29 00:00:00+05:30,231.0,235.89999389648438,222.00999450683594,223.07000732421875,178.13543701171875,9513170,0.0,0.0
2008-01-30 00:00:00+05:30,227.47000122070312,227.89999389648438,220.10499572753906,222.39500427246094,177.59640502929688,10367140,0.0,0.0
2008-01-31 00:00:00+05:30,215.5,224.77000427246094,213.60000610351562,216.73500061035156,173.07655334472656,11590430,0.0,0.0
2008-02-01 00:00:00+05:30,224.47000122070312,224.47000122070312,211.6999969482422,218.4600067138672,174.4540557861328,8707570,0.0,0.0
2008-02-04 00:00:00+05:30,221.39999389648438,230.74000549316406,221.0,227.3699951171875,181.56922912597656,7714390,0.0,0.0
2008-02-05 00:00:00+05:30,226.39999389648438,227.39999389648438,221.0,222.85000610351562,177.95977783203125,6614650,0.0,0.0
2008-02-06 00:00:00+05:30,219.89999389648438,220.5,213.7550048828125,218.2449951171875,174.28236389160156,9791590,0.0,0.0
2008-02-07 00:00:00+05:30,220.0,221.89999389648438,212.3300018310547,215.52999877929688,172.1142578125,11433480,0.0,0.0
2008-02-08 00:00:00+05:30,215.52999877929688,221.8000030517578,211.6199951171875,219.2100067138672,175.05299377441406,8801220,0.0,0.0
2008-02-11 00:00:00+05:30,226.69000244140625,226.69000244140625,200.1699981689453,205.10000610351562,163.78526306152344,8656480,0.0,0.0
2008-02-12 00:00:00+05:30,211.60000610351562,211.60000610351562,201.23500061035156,205.2050018310547,163.8690948486328,6209390,0.0,0.0
2008-02-13 00:00:00+05:30,207.0,213.89999389648438,205.10000610351562,211.73500061035156,169.083740234375,5526180,0.0,0.0
2008-02-14 00:00:00+05:30,217.44000244140625,223.27000427246094,213.89999389648438,220.69000244140625,176.23487854003906,5897790,0.0,0.0
2008-02-15 00:00:00+05:30,217.8000030517578,230.39999389648438,217.31500244140625,229.56500244140625,183.3220977783203,9199160,0.0,0.0
2008-02-18 00:00:00+05:30,231.5,233.97000122070312,222.53500366210938,225.36500549316406,179.96812438964844,5913730,0.0,0.0
2008-02-19 00:00:00+05:30,227.8800048828125,229.39999389648438,224.64999389648438,226.47999572753906,180.85853576660156,5196210,0.0,0.0
2008-02-20 00:00:00+05:30,223.2100067138672,225.86000061035156,218.0399932861328,221.02000427246094,176.49838256835938,8509480,0.0,0.0
2008-02-21 00:00:00+05:30,223.5,223.5,212.5,217.89500427246094,174.0028533935547,7750050,0.0,0.0
2008-02-22 00:00:00+05:30,214.89999389648438,215.1999969482422,210.0,211.3800048828125,168.8002471923828,6860760,0.0,0.0
2008-02-25 00:00:00+05:30,213.3699951171875,213.89999389648438,206.5,212.58999633789062,169.7665252685547,6969190,0.0,0.0
2008-02-26 00:00:00+05:30,213.0,215.5,210.0500030517578,212.4499969482422,169.6547088623047,5025960,0.0,0.0
2008-02-27 00:00:00+05:30,213.42999267578125,215.5,207.10000610351562,208.7899932861328,166.73196411132812,5723730,0.0,0.0
2008-02-28 00:00:00+05:30,209.07000732421875,209.60000610351562,199.63499450683594,203.91000366210938,162.8349609375,13776620,0.0,0.0
2008-02-29 00:00:00+05:30,201.0,213.5,194.5,211.1649932861328,168.62855529785156,24012050,0.0,0.0
2008-03-03 00:00:00+05:30,200.10000610351562,205.24000549316406,190.0,192.22000122070312,153.49977111816406,12664830,0.0,0.0
2008-03-04 00:00:00+05:30,192.47999572753906,194.0,186.10000610351562,187.57000732421875,149.7864532470703,12689030,0.0,0.0
2008-03-05 00:00:00+05:30,186.10000610351562,189.1999969482422,181.30499267578125,184.88499450683594,147.64231872558594,18636300,0.0,0.0
2008-03-07 00:00:00+05:30,185.0,186.0,175.5500030517578,183.97500610351562,146.91561889648438,13408120,0.0,0.0
2008-03-10 00:00:00+05:30,181.0,190.8000030517578,178.52000427246094,188.5399932861328,150.56103515625,15396930,0.0,0.0
2008-03-11 00:00:00+05:30,186.0,193.60000610351562,185.00999450683594,189.44500732421875,151.2837677001953,9158680,0.0,0.0
2008-03-12 00:00:00+05:30,193.0,196.0,177.81500244140625,180.76499938964844,144.35223388671875,16347940,0.0,0.0
2008-03-13 00:00:00+05:30,176.0,177.8800048828125,168.0,169.59500122070312,135.43228149414062,12035200,0.0,0.0
2008-03-14 00:00:00+05:30,170.0,174.0,168.0,171.28500366210938,136.78187561035156,12791620,0.0,0.0
2008-03-17 00:00:00+05:30,169.94000244140625,169.94000244140625,160.02499389648438,163.6300048828125,130.66883850097656,13595690,0.0,0.0
2008-03-18 00:00:00+05:30,164.0,165.5,158.10000610351562,159.2550048828125,127.17515563964844,12817860,0.0,0.0
2008-03-19 00:00:00+05:30,162.3000030517578,167.94000244140625,158.71499633789062,160.5050048828125,128.17333984375,15698870,0.0,0.0
2008-03-24 00:00:00+05:30,162.5,165.0,160.5,164.4199981689453,131.2997283935547,7787250,0.0,0.0
2008-03-25 00:00:00+05:30,166.5,175.48500061035156,166.5,173.89999389648438,138.87008666992188,8490040,0.0,0.0
2008-03-26 00:00:00+05:30,174.5,179.39999389648438,169.0050048828125,171.3699951171875,136.84971618652344,8200210,0.0,0.0
2008-03-27 00:00:00+05:30,170.0,172.10000610351562,162.63499450683594,164.66000366210938,131.4913787841797,21323720,0.0,0.0
2008-03-28 00:00:00+05:30,165.89500427246094,168.77000427246094,161.26499938964844,167.77999877929688,133.98289489746094,12850380,0.0,0.0
2008-03-31 00:00:00+05:30,167.39999389648438,169.5,159.0,160.02499389648438,127.7900161743164,10361210,0.0,0.0
2008-04-01 00:00:00+05:30,160.5,164.3699951171875,158.1999969482422,162.32000732421875,129.62277221679688,9052460,0.0,0.0
2008-04-02 00:00:00+05:30,165.1999969482422,171.10000610351562,164.6999969482422,165.6199951171875,132.2580108642578,8951830,0.0,0.0
2008-04-03 00:00:00+05:30,165.60000610351562,167.0,162.5,163.90499877929688,130.88845825195312,6013970,0.0,0.0
2008-04-04 00:00:00+05:30,163.90499877929688,165.02499389648438,159.14999389648438,160.1699981689453,127.90581512451172,9383220,0.0,0.0
2008-04-07 00:00:00+05:30,161.89999389648438,170.0,156.13499450683594,167.33999633789062,133.63153076171875,10473750,0.0,0.0
2008-04-08 00:00:00+05:30,169.0,172.1999969482422,164.8350067138672,167.42999267578125,133.70335388183594,12816600,0.0,0.0
2008-04-09 00:00:00+05:30,167.8000030517578,170.1649932861328,165.10000610351562,169.35499572753906,135.2406005859375,6854370,0.0,0.0
2008-04-10 00:00:00+05:30,170.8000030517578,171.94500732421875,165.4499969482422,166.17999267578125,132.7052001953125,7675230,0.0,0.0
2008-04-11 00:00:00+05:30,168.89999389648438,169.0,164.02999877929688,166.7100067138672,133.12843322753906,10418310,0.0,0.0
2008-04-15 00:00:00+05:30,166.39999389648438,169.0,163.00999450683594,167.5749969482422,133.81918334960938,5713560,0.0,0.0
2008-04-16 00:00:00+05:30,169.0,171.0,165.8000030517578,166.5,132.96072387695312,7885420,0.0,0.0
2008-04-17 00:00:00+05:30,168.0,172.10000610351562,167.5,168.3249969482422,134.4181365966797,11811200,0.0,0.0
2008-04-21 00:00:00+05:30,167.49000549316406,174.8000030517578,166.0,174.10000610351562,139.02980041503906,10872640,0.0,0.0
2008-04-22 00:00:00+05:30,173.5,175.3000030517578,172.5,173.2449951171875,138.34703063964844,5551190,0.0,0.0
2008-04-23 00:00:00+05:30,173.60000610351562,174.47000122070312,168.0,169.60000610351562,135.43629455566406,8243080,0.0,0.0
2008-04-24 00:00:00+05:30,169.94000244140625,171.0,167.5,168.1699981689453,134.29429626464844,7759740,0.0,0.0
2008-04-25 00:00:00+05:30,169.0,175.3800048828125,169.0,174.84500122070312,139.62474060058594,9429000,0.0,0.0
2008-04-28 00:00:00+05:30,176.0,176.10000610351562,172.00999450683594,173.68499755859375,138.6984100341797,5431690,0.0,0.0
2008-04-29 00:00:00+05:30,173.5,180.6999969482422,173.0,179.55499267578125,143.38595581054688,13827580,0.0,0.0
2008-04-30 00:00:00+05:30,179.89999389648438,182.10000610351562,173.0,177.46499633789062,141.71694946289062,8399990,0.0,0.0
2008-05-02 00:00:00+05:30,179.9949951171875,184.0,179.9949951171875,182.24000549316406,145.5301055908203,15728100,0.0,0.0
2008-05-05 00:00:00+05:30,183.83999633789062,183.83999633789062,176.61000061035156,177.99000549316406,142.13623046875,13404480,0.0,0.0
2008-05-06 00:00:00+05:30,177.1999969482422,178.38999938964844,173.5,175.73500061035156,140.33546447753906,8142150,0.0,0.0
2008-05-07 00:00:00+05:30,174.0,177.99000549316406,172.22999572753906,176.85000610351562,141.225830078125,12539370,0.0,0.0
2008-05-08 00:00:00+05:30,174.5,175.99000549316406,172.3350067138672,173.3300018310547,138.41494750976562,7590660,0.0,0.0
2008-05-09 00:00:00+05:30,171.39999389648438,174.3249969482422,166.63499450683594,168.2100067138672,134.32626342773438,9038920,0.0,0.0
2008-05-12 00:00:00+05:30,166.5,168.0,161.60000610351562,166.27000427246094,132.7770538330078,6698970,0.0,0.0
2008-05-13 00:00:00+05:30,167.0,169.1999969482422,165.1300048828125,166.77999877929688,133.184326171875,12101370,0.0,0.0
2008-05-14 00:00:00+05:30,165.10000610351562,167.7899932861328,165.10000610351562,166.0749969482422,132.62135314941406,4846080,0.0,0.0
2008-05-15 00:00:00+05:30,166.5,169.0,166.5,168.11000061035156,134.24642944335938,6057740,0.0,0.0
2008-05-16 00:00:00+05:30,168.11000061035156,171.39999389648438,168.11000061035156,170.6300048828125,136.2587890625,6750980,0.0,0.0
2008-05-20 00:00:00+05:30,170.0,170.1999969482422,164.52499389648438,165.27999877929688,131.98651123046875,6482160,0.0,0.0
2008-05-21 00:00:00+05:30,163.9600067138672,167.72500610351562,162.10000610351562,166.1999969482422,132.7211456298828,9411950,0.0,0.0
2008-05-22 00:00:00+05:30,164.8000030517578,164.8000030517578,160.0,160.5749969482422,128.229248046875,8554590,0.0,0.0
2008-05-23 00:00:00+05:30,161.8000030517578,162.47000122070312,156.42999267578125,157.3300018310547,125.63790893554688,11728030,0.0,0.0
2008-05-26 00:00:00+05:30,156.3000030517578,156.39999389648438,152.63999938964844,153.7949981689453,122.81499481201172,8843250,0.0,0.0
2008-05-27 00:00:00+05:30,155.0,157.47000122070312,146.5,147.44000244140625,117.74011993408203,14487480,0.0,0.0
2008-05-28 00:00:00+05:30,149.77000427246094,153.5,145.52499389648438,151.71499633789062,121.1539535522461,11388370,0.0,0.0
2008-05-29 00:00:00+05:30,152.22000122070312,153.99000549316406,145.22000122070312,146.11500549316406,118.3593521118164,11949880,2.15,0.0
2008-05-30 00:00:00+05:30,146.5050048828125,148.89999389648438,143.53500366210938,144.5,117.05109405517578,8673280,0.0,0.0
2008-06-02 00:00:00+05:30,142.6999969482422,149.8000030517578,137.63499450683594,139.48500061035156,112.9887466430664,12061790,0.0,0.0
2008-06-03 00:00:00+05:30,136.9949951171875,140.9600067138672,135.2050018310547,138.80999755859375,112.44194793701172,9244330,0.0,0.0
2008-06-04 00:00:00+05:30,137.5,139.6999969482422,132.5,133.125,107.83688354492188,9136480,0.0,0.0
2008-06-05 00:00:00+05:30,133.125,136.89999389648438,129.1999969482422,135.4600067138672,109.72833251953125,11186030,0.0,0.0
2008-06-06 00:00:00+05:30,136.32000732421875,138.19000244140625,132.8000030517578,133.52000427246094,108.15684509277344,9630180,0.0,0.0
2008-06-09 00:00:00+05:30,130.0,130.8000030517578,126.0,129.4600067138672,104.86808776855469,9006700,0.0,0.0
2008-06-10 00:00:00+05:30,128.27999877929688,129.6750030517578,125.04000091552734,127.90499877929688,103.60846710205078,11992080,0.0,0.0
2008-06-11 00:00:00+05:30,129.0,132.47000122070312,128.1750030517578,131.0,106.11552429199219,7657900,0.0,0.0
2008-06-12 00:00:00+05:30,127.19999694824219,134.94000244140625,123.66500091552734,133.9550018310547,108.50919342041016,12235480,0.0,0.0
2008-06-13 00:00:00+05:30,133.8000030517578,136.0,132.24000549316406,133.52000427246094,108.15684509277344,13074070,0.0,0.0
2008-06-16 00:00:00+05:30,133.49000549316406,136.47999572753906,131.60000610351562,132.65499877929688,107.4561538696289,6875270,0.0,0.0
2008-06-17 00:00:00+05:30,132.5,139.3800048828125,131.50999450683594,138.75,112.39337158203125,10930420,0.0,0.0
2008-06-18 00:00:00+05:30,138.50999450683594,139.8699951171875,134.50999450683594,135.05499267578125,109.40025329589844,8600480,0.0,0.0
2008-06-19 00:00:00+05:30,133.0,138.47000122070312,129.0,130.0500030517578,105.34600067138672,8638620,0.0,0.0
2008-06-20 00:00:00+05:30,130.5,132.5,124.11000061035156,124.8949966430664,101.17022705078125,12016530,0.0,0.0
2008-06-23 00:00:00+05:30,124.5,124.79499816894531,119.02999877929688,120.43000030517578,97.55339050292969,9910660,0.0,0.0
2008-06-24 00:00:00+05:30,122.44499969482422,124.29000091552734,119.80000305175781,120.67500305175781,97.7518539428711,10703480,0.0,0.0
2008-06-25 00:00:00+05:30,117.0,121.69999694824219,114.0199966430664,119.41000366210938,96.7271499633789,15161940,0.0,0.0
2008-06-26 00:00:00+05:30,120.9800033569336,124.97000122070312,118.75,122.3550033569336,99.11272430419922,13360230,0.0,0.0
2008-06-27 00:00:00+05:30,120.125,120.125,115.01000213623047,116.12000274658203,94.0621109008789,10107830,0.0,0.0
2008-06-30 00:00:00+05:30,119.49500274658203,119.49500274658203,110.0999984741211,111.16000366210938,90.04431915283203,7878630,0.0,0.0
2008-07-01 00:00:00+05:30,111.5,113.37999725341797,101.0999984741211,102.52999877929688,83.05363464355469,9552870,0.0,0.0
2008-07-02 00:00:00+05:30,96.56500244140625,109.19999694824219,96.56500244140625,107.83499908447266,87.35091400146484,12143830,0.0,0.0
2008-07-03 00:00:00+05:30,107.9000015258789,113.37000274658203,104.0250015258789,110.04499816894531,89.14109802246094,20565740,0.0,0.0
2008-07-04 00:00:00+05:30,109.9000015258789,113.9800033569336,107.5,112.48500061035156,91.11759948730469,13738650,0.0,0.0
2008-07-07 00:00:00+05:30,113.0,119.19999694824219,113.0,117.17500305175781,94.91670227050781,11352800,0.0,0.0
2008-07-08 00:00:00+05:30,116.0,122.0,109.5,120.76499938964844,97.82475280761719,15733380,0.0,0.0
2008-07-09 00:00:00+05:30,123.5,126.5,121.19999694824219,123.77999877929688,100.26704406738281,11215310,0.0,0.0
2008-07-10 00:00:00+05:30,121.69999694824219,125.69999694824219,120.00499725341797,123.65499877929688,100.16576385498047,13646470,0.0,0.0
2008-07-11 00:00:00+05:30,124.44000244140625,125.9000015258789,119.5,122.08499908447266,98.8940200805664,14261980,0.0,0.0
2008-07-14 00:00:00+05:30,121.9000015258789,127.87999725341797,120.01000213623047,125.79000091552734,101.89521789550781,13086900,0.0,0.0
2008-07-15 00:00:00+05:30,125.5,125.5,115.23500061035156,118.18000030517578,95.73078918457031,11899050,0.0,0.0
2008-07-16 00:00:00+05:30,118.5,120.7699966430664,111.61000061035156,113.58499908447266,92.00865936279297,13217050,0.0,0.0
2008-07-17 00:00:00+05:30,117.5,126.4000015258789,116.30000305175781,123.15499877929688,99.7607421875,15274250,0.0,0.0
2008-07-18 00:00:00+05:30,125.0,130.96499633789062,121.5999984741211,129.96499633789062,105.2771224975586,14381200,0.0,0.0
2008-07-21 00:00:00+05:30,130.9499969482422,136.5,129.11000061035156,135.2550048828125,109.56226348876953,15258050,0.0,0.0
2008-07-22 00:00:00+05:30,134.5,141.7949981689453,133.53500366210938,140.33999633789062,113.68133544921875,18523660,0.0,0.0
2008-07-23 00:00:00+05:30,145.0,154.97500610351562,144.0,154.3300018310547,125.01383972167969,17998330,0.0,0.0
2008-07-24 00:00:00+05:30,155.8000030517578,157.39999389648438,146.23500061035156,147.8800048828125,119.78904724121094,23457650,0.0,0.0
2008-07-25 00:00:00+05:30,142.5,150.8000030517578,142.27000427246094,144.39500427246094,116.96607208251953,20916970,0.0,0.0
2008-07-28 00:00:00+05:30,140.1999969482422,150.49000549316406,140.1999969482422,141.7449951171875,114.8194351196289,22257740,0.0,0.0
2008-07-29 00:00:00+05:30,139.8000030517578,141.8699951171875,130.60000610351562,131.86500549316406,106.81622314453125,23743080,0.0,0.0
2008-07-30 00:00:00+05:30,133.0,139.77499389648438,132.5,138.7949981689453,112.42980194091797,15774740,0.0,0.0
2008-07-31 00:00:00+05:30,139.0,143.08999633789062,134.3000030517578,141.72500610351562,114.80325317382812,18850520,0.0,0.0
2008-08-01 00:00:00+05:30,139.17999267578125,151.9949951171875,137.0,150.4550018310547,121.8749008178711,20020950,0.0,0.0
2008-08-04 00:00:00+05:30,149.86500549316406,154.6999969482422,147.89999389648438,151.0500030517578,122.35688781738281,20132270,0.0,0.0
2008-08-05 00:00:00+05:30,151.0500030517578,158.60000610351562,147.0,157.83999633789062,127.85707092285156,20382430,0.0,0.0
2008-08-06 00:00:00+05:30,159.2449951171875,163.89999389648438,150.72999572753906,151.85000610351562,123.00495147705078,29935170,0.0,0.0
2008-08-07 00:00:00+05:30,151.47999572753906,155.44000244140625,150.63499450683594,152.32000732421875,123.38565063476562,19255860,0.0,0.0
2008-08-08 00:00:00+05:30,154.3699951171875,154.3699951171875,147.50999450683594,151.77999877929688,122.9482192993164,19437840,0.0,0.0
2008-08-11 00:00:00+05:30,153.3000030517578,160.5,153.3000030517578,159.7949981689453,129.44068908691406,16712000,0.0,0.0
2008-08-12 00:00:00+05:30,159.64999389648438,162.47999572753906,152.51499938964844,155.60499572753906,126.04664611816406,18468010,0.0,0.0
2008-08-13 00:00:00+05:30,155.35000610351562,158.8000030517578,152.23500061035156,155.33999633789062,125.83197021484375,15952190,0.0,0.0
2008-08-14 00:00:00+05:30,157.7899932861328,157.7899932861328,145.1999969482422,145.52000427246094,117.87734985351562,19758430,0.0,0.0
2008-08-18 00:00:00+05:30,144.0,147.77000427246094,142.50999450683594,145.5050048828125,117.86521911621094,19824950,0.0,0.0
2008-08-19 00:00:00+05:30,143.0,145.88999938964844,141.2100067138672,144.2449951171875,116.84455108642578,12389550,0.0,0.0
2008-08-20 00:00:00+05:30,145.39999389648438,147.8000030517578,143.0,144.34500122070312,116.92558288574219,12479950,0.0,0.0
2008-08-21 00:00:00+05:30,143.52000427246094,144.1999969482422,133.39999389648438,134.30999755859375,108.7967758178711,20000570,0.0,0.0
2008-08-22 00:00:00+05:30,134.30999755859375,136.27999877929688,130.89999389648438,134.41000366210938,108.87777709960938,22535390,0.0,0.0
2008-08-25 00:00:00+05:30,137.0,139.67999267578125,135.23500061035156,135.71499633789062,109.93488311767578,12358750,0.0,0.0
2008-08-26 00:00:00+05:30,134.89999389648438,137.89500427246094,133.02000427246094,137.07000732421875,111.03250885009766,16861130,0.0,0.0
2008-08-27 00:00:00+05:30,136.4550018310547,138.89999389648438,131.80999755859375,133.10000610351562,107.81663513183594,12747800,0.0,0.0
2008-08-28 00:00:00+05:30,131.0399932861328,134.1999969482422,130.05499267578125,130.93499755859375,106.06288146972656,21443360,0.0,0.0
2008-08-29 00:00:00+05:30,133.60000610351562,140.97999572753906,133.60000610351562,140.38499450683594,113.71778869628906,26616360,0.0,0.0
2008-09-01 00:00:00+05:30,139.0,143.47000122070312,136.10000610351562,141.55999755859375,114.6695785522461,16822410,0.0,0.0
2008-09-02 00:00:00+05:30,142.0,154.8000030517578,142.0,152.3000030517578,123.36946105957031,32085130,0.0,0.0
2008-09-04 00:00:00+05:30,150.00999450683594,154.6699981689453,146.14500427246094,153.47000122070312,124.31719207763672,25526720,0.0,0.0
2008-09-05 00:00:00+05:30,151.14999389648438,153.72000122070312,147.0,151.98500061035156,123.1142807006836,27862810,0.0,0.0
2008-09-08 00:00:00+05:30,156.0,161.0,156.0,159.1750030517578,128.9384765625,18162660,0.0,0.0
2008-09-09 00:00:00+05:30,158.99000549316406,158.99000549316406,155.10000610351562,155.84500122070312,126.24107360839844,20039510,0.0,0.0
2008-09-10 00:00:00+05:30,154.10000610351562,158.3699951171875,153.5,156.6649932861328,126.90524291992188,21169520,0.0,0.0
2008-09-11 00:00:00+05:30,155.1199951171875,155.57000732421875,151.00999450683594,153.89500427246094,124.6614761352539,17952650,0.0,0.0
2008-09-12 00:00:00+05:30,155.97999572753906,156.39999389648438,148.8000030517578,151.35499572753906,122.60396575927734,22024870,0.0,0.0
2008-09-15 00:00:00+05:30,148.8800048828125,150.2449951171875,140.60000610351562,149.00999450683594,120.70437622070312,22133240,0.0,0.0
2008-09-16 00:00:00+05:30,142.0,160.0,142.0,158.0749969482422,128.0474395751953,31851640,0.0,0.0
2008-09-17 00:00:00+05:30,160.0,160.0,151.16000366210938,153.0800018310547,124.00128173828125,25739370,0.0,0.0
2008-09-18 00:00:00+05:30,147.0,158.77000427246094,142.5,156.66000366210938,126.90120697021484,26752670,0.0,0.0
2008-09-19 00:00:00+05:30,159.8000030517578,162.0,154.6300048828125,156.5749969482422,126.83235168457031,32792550,0.0,0.0
2008-09-22 00:00:00+05:30,158.0,159.49000549316406,154.8000030517578,156.69000244140625,126.92552185058594,18509600,0.0,0.0
2008-09-23 00:00:00+05:30,153.0,156.80999755859375,149.67999267578125,150.3249969482422,121.76959228515625,21782090,0.0,0.0
2008-09-24 00:00:00+05:30,151.5,153.8000030517578,148.39500427246094,151.80499267578125,122.96842956542969,20613440,0.0,0.0
2008-09-25 00:00:00+05:30,152.00999450683594,152.7449951171875,146.8000030517578,149.5,121.101318359375,23392930,0.0,0.0
2008-09-26 00:00:00+05:30,150.89999389648438,150.89999389648438,142.7100067138672,143.48500061035156,116.22893524169922,21995190,0.0,0.0
2008-09-29 00:00:00+05:30,144.9949951171875,145.5,135.1999969482422,140.5449981689453,113.8473892211914,18599280,0.0,0.0
2008-09-30 00:00:00+05:30,138.5,148.5,135.5,146.3350067138672,118.53754425048828,22297620,0.0,0.0
2008-10-01 00:00:00+05:30,148.47999572753906,152.5,141.5,150.44500732421875,121.86681365966797,27509950,0.0,0.0
2008-10-03 00:00:00+05:30,145.10000610351562,152.6999969482422,145.10000610351562,148.36500549316406,120.18193054199219,22453270,0.0,0.0
2008-10-06 00:00:00+05:30,147.25999450683594,147.8000030517578,142.1199951171875,143.34500122070312,116.11550903320312,17822350,0.0,0.0
2008-10-07 00:00:00+05:30,145.53500366210938,150.5,138.1999969482422,140.63499450683594,113.92030334472656,30591760,0.0,0.0
2008-10-08 00:00:00+05:30,137.47000122070312,138.5,130.10000610351562,131.8300018310547,106.78787231445312,36496300,0.0,0.0
2008-10-10 00:00:00+05:30,124.4000015258789,137.5,118.11499786376953,135.25,109.55821228027344,40092370,0.0,0.0
2008-10-13 00:00:00+05:30,137.8000030517578,153.1999969482422,136.39999389648438,149.57000732421875,121.15802764892578,25623250,0.0,0.0
2008-10-14 00:00:00+05:30,155.2550048828125,158.97999572753906,150.3000030517578,152.8350067138672,123.80281066894531,32862040,0.0,0.0
2008-10-15 00:00:00+05:30,145.5,153.6999969482422,145.5,150.01499938964844,121.51850891113281,24593970,0.0,0.0
2008-10-16 00:00:00+05:30,145.5,155.88999938964844,141.60000610351562,154.05499267578125,124.79109191894531,42410260,0.0,0.0
2008-10-17 00:00:00+05:30,155.89999389648438,156.5,138.0050048828125,141.94500732421875,114.9814682006836,25248640,0.0,0.0
2008-10-20 00:00:00+05:30,142.0,151.0,136.81500244140625,143.55999755859375,116.28968811035156,30953910,0.0,0.0
2008-10-21 00:00:00+05:30,145.0,150.4949951171875,142.0,148.75999450683594,120.50190734863281,28087600,0.0,0.0
2008-10-22 00:00:00+05:30,146.0,147.89999389648438,138.30499267578125,139.22999572753906,112.78218841552734,25793370,0.0,0.0
2008-10-23 00:00:00+05:30,136.60000610351562,139.69500732421875,131.39999389648438,132.625,107.43185424804688,39793950,0.0,0.0
2008-10-24 00:00:00+05:30,130.0,131.3000030517578,110.0,116.4749984741211,94.34967041015625,56288010,0.0,0.0
2008-10-27 00:00:00+05:30,114.95999908447266,118.97000122070312,98.5,105.2750015258789,85.27721405029297,55117660,0.0,0.0
2008-10-29 00:00:00+05:30,115.99500274658203,118.5,107.82499694824219,109.95500183105469,89.06820678710938,35811180,0.0,0.0
2008-10-31 00:00:00+05:30,114.99500274658203,117.69999694824219,106.55000305175781,110.97000122070312,89.89038848876953,42932920,0.0,0.0
2008-11-03 00:00:00+05:30,116.4000015258789,126.47000122070312,115.5,124.04000091552734,100.47765350341797,29298820,0.0,0.0
2008-11-04 00:00:00+05:30,123.01000213623047,133.44000244140625,122.36000061035156,132.0749969482422,106.98632049560547,38777990,0.0,0.0
2008-11-05 00:00:00+05:30,138.0,138.0,126.19999694824219,127.25,103.077880859375,36100190,0.0,0.0
2008-11-06 00:00:00+05:30,123.37999725341797,126.47000122070312,120.0,121.66999816894531,98.55784606933594,46117130,0.0,0.0
2008-11-07 00:00:00+05:30,120.0999984741211,125.98999786376953,118.55999755859375,124.875,101.15403747558594,33260620,0.0,0.0
2008-11-10 00:00:00+05:30,127.0,131.5,125.0999984741211,130.0850067138672,105.37435913085938,21899500,0.0,0.0
2008-11-11 00:00:00+05:30,130.97000122070312,130.97000122070312,121.4000015258789,122.23999786376953,99.01956176757812,31740150,0.0,0.0
2008-11-12 00:00:00+05:30,121.0199966430664,123.29000091552734,114.625,117.875,95.48371887207031,45924780,0.0,0.0
2008-11-14 00:00:00+05:30,120.0999984741211,123.9000015258789,115.50499725341797,117.16000366210938,94.9045639038086,38588160,0.0,0.0
2008-11-17 00:00:00+05:30,117.0,118.9000015258789,112.0999984741211,116.79000091552734,94.60484313964844,23674860,0.0,0.0
2008-11-18 00:00:00+05:30,114.0999984741211,115.3949966430664,109.69999694824219,110.84500122070312,89.78914642333984,36780860,0.0,0.0
2008-11-19 00:00:00+05:30,110.79499816894531,115.19999694824219,106.55999755859375,108.1050033569336,87.56961059570312,29265110,0.0,0.0
2008-11-20 00:00:00+05:30,104.9000015258789,113.68000030517578,102.125,108.70999908447266,88.05970764160156,28114400,0.0,0.0
2008-11-21 00:00:00+05:30,108.5199966430664,121.0,108.5199966430664,118.3550033569336,95.87256622314453,36650180,0.0,0.0
2008-11-24 00:00:00+05:30,120.0,122.2300033569336,111.62999725341797,114.73999786376953,92.94424438476562,54269450,0.0,0.0
2008-11-25 00:00:00+05:30,116.7750015258789,119.0,106.0,107.18499755859375,86.82437133789062,41450190,0.0,0.0
2008-11-26 00:00:00+05:30,108.4000015258789,111.5,104.30000305175781,110.5,89.50967407226562,51878600,0.0,0.0
2008-11-27 00:00:00+05:30,110.5,110.5,110.5,110.5,89.50967407226562,0,0.0,0.0
2008-11-28 00:00:00+05:30,106.5,110.98999786376953,105.5,108.8550033569336,88.1771469116211,43218640,0.0,0.0
2008-12-01 00:00:00+05:30,109.0,112.62999725341797,104.80000305175781,105.6050033569336,85.54452514648438,52079380,0.0,0.0
2008-12-02 00:00:00+05:30,103.5,104.5,99.55500030517578,103.69999694824219,84.00137329101562,47199410,0.0,0.0
2008-12-03 00:00:00+05:30,105.0,110.5999984741211,103.51000213623047,109.71499633789062,88.87379455566406,44484720,0.0,0.0
2008-12-04 00:00:00+05:30,110.5,117.5,109.80000305175781,116.88999938964844,94.68584442138672,46807810,0.0,0.0
2008-12-05 00:00:00+05:30,116.80000305175781,120.9000015258789,112.02999877929688,113.41500091552734,91.87095642089844,47797020,0.0,0.0
2008-12-08 00:00:00+05:30,117.0,120.0,115.30000305175781,116.875,94.6736831665039,39952840,0.0,0.0
2008-12-10 00:00:00+05:30,117.5,119.80000305175781,115.0,118.91000366210938,96.32212829589844,42085520,0.0,0.0
2008-12-11 00:00:00+05:30,119.0999984741211,122.19999694824219,116.51000213623047,119.88500213623047,97.1119155883789,40859770,0.0,0.0
2008-12-12 00:00:00+05:30,116.5,123.19999694824219,113.63500213623047,121.68499755859375,98.56999206542969,31712630,0.0,0.0
2008-12-15 00:00:00+05:30,122.0,125.9000015258789,119.23999786376953,120.47000122070312,97.58578491210938,45421700,0.0,0.0
2008-12-16 00:00:00+05:30,119.5,124.5,119.5,123.875,100.343994140625,39890860,0.0,0.0
2008-12-17 00:00:00+05:30,124.01499938964844,126.0,119.0,120.16999816894531,97.34278106689453,35341750,0.0,0.0
2008-12-18 00:00:00+05:30,120.31500244140625,130.5,120.20999908447266,129.59500122070312,104.97743225097656,50271830,0.0,0.0
2008-12-19 00:00:00+05:30,128.0,132.39999389648438,126.76000213623047,128.7449951171875,104.28889465332031,44556150,0.0,0.0
2008-12-22 00:00:00+05:30,127.80000305175781,132.2949981689453,126.5,127.29499816894531,103.11434173583984,29188170,0.0,0.0
2008-12-23 00:00:00+05:30,126.19999694824219,128.0,125.0,126.41999816894531,102.40554809570312,25515770,0.0,0.0
2008-12-24 00:00:00+05:30,126.0,129.60000610351562,125.2699966430664,128.5749969482422,104.15118408203125,26877010,0.0,0.0
2008-12-26 00:00:00+05:30,129.5,130.89999389648438,122.66500091552734,124.30999755859375,100.69634246826172,24848860,0.0,0.0
2008-12-29 00:00:00+05:30,124.0,127.6500015258789,120.55999755859375,127.18000030517578,103.02117919921875,25527640,0.0,0.0
2008-12-30 00:00:00+05:30,127.5,130.8350067138672,125.95999908447266,129.1699981689453,104.63317108154297,27519810,0.0,0.0
2008-12-31 00:00:00+05:30,130.8000030517578,130.8000030517578,127.0,128.8800048828125,104.39826202392578,27040780,0.0,0.0
2009-01-02 00:00:00+05:30,131.5,135.0,131.22000122070312,133.18499755859375,107.88549041748047,24161650,0.0,0.0
2009-01-05 00:00:00+05:30,135.39999389648438,137.76499938964844,134.8000030517578,136.0800018310547,110.2305679321289,26931910,0.0,0.0
2009-01-06 00:00:00+05:30,138.8699951171875,138.8699951171875,129.8000030517578,132.28500366210938,107.15644073486328,35970960,0.0,0.0
2009-01-07 00:00:00+05:30,132.5,134.96499633789062,122.01000213623047,124.00499725341797,100.44928741455078,37268580,0.0,0.0
2009-01-09 00:00:00+05:30,122.0,125.16999816894531,117.63500213623047,122.11000061035156,98.91426849365234,24996510,0.0,0.0
2009-01-12 00:00:00+05:30,120.5,122.31999969482422,110.83499908447266,115.88999938964844,93.87580871582031,40927670,0.0,0.0
2009-01-13 00:00:00+05:30,114.5,118.62999725341797,114.04000091552734,117.48999786376953,95.17186737060547,22844560,0.0,0.0
2009-01-14 00:00:00+05:30,118.0,121.1449966430664,117.13999938964844,119.69000244140625,96.95394897460938,17225460,0.0,0.0
2009-01-15 00:00:00+05:30,117.5,117.5,113.19999694824219,114.7249984741211,92.93209838867188,18848400,0.0,0.0
2009-01-16 00:00:00+05:30,115.5,117.66000366210938,115.0999984741211,116.41500091552734,94.30106353759766,16210980,0.0,0.0
2009-01-19 00:00:00+05:30,116.30000305175781,118.30000305175781,113.91000366210938,114.63999938964844,92.86325073242188,21402920,0.0,0.0
2009-01-20 00:00:00+05:30,113.19999694824219,113.5,110.22000122070312,111.29000091552734,90.14962005615234,18013440,0.0,0.0
2009-01-21 00:00:00+05:30,110.0,110.9800033569336,107.0,108.12000274658203,87.58177947998047,23453440,0.0,0.0
2009-01-22 00:00:00+05:30,109.98999786376953,110.4000015258789,106.6050033569336,109.02999877929688,88.31890869140625,23947180,0.0,0.0
2009-01-23 00:00:00+05:30,107.94499969482422,111.0999984741211,103.11000061035156,104.1500015258789,84.36589813232422,43595270,0.0,0.0
2009-01-27 00:00:00+05:30,106.0,109.4000015258789,106.0,108.76499938964844,88.10424041748047,38194150,0.0,0.0
2009-01-28 00:00:00+05:30,109.23500061035156,111.7699966430664,106.53500366210938,111.24500274658203,90.11315155029297,34353520,0.0,0.0
2009-01-29 00:00:00+05:30,113.0,116.4000015258789,108.86499786376953,109.92500305175781,89.04390716552734,35923120,0.0,0.0
2009-01-30 00:00:00+05:30,109.48500061035156,115.9000015258789,107.67500305175781,115.0999984741211,93.23587036132812,28335200,0.0,0.0
2009-02-02 00:00:00+05:30,113.9000015258789,113.9000015258789,108.51499938964844,109.58000183105469,88.76443481445312,25800050,0.0,0.0
2009-02-03 00:00:00+05:30,106.62000274658203,113.30000305175781,106.62000274658203,109.2300033569336,88.48092651367188,28290850,0.0,0.0
2009-02-04 00:00:00+05:30,110.0,111.96499633789062,108.6050033569336,109.68000030517578,88.84542846679688,19596770,0.0,0.0
2009-02-05 00:00:00+05:30,110.25,110.97000122070312,108.19999694824219,109.4749984741211,88.67937469482422,16521600,0.0,0.0
2009-02-06 00:00:00+05:30,111.0,112.4000015258789,110.0,111.86000061035156,90.61134338378906,13306740,0.0,0.0
2009-02-09 00:00:00+05:30,112.5,115.4000015258789,111.5999984741211,114.75499725341797,92.9563980102539,15696460,0.0,0.0
2009-02-10 00:00:00+05:30,117.37000274658203,118.38500213623047,114.30000305175781,116.41000366210938,94.2970199584961,18732300,0.0,0.0
2009-02-11 00:00:00+05:30,115.69999694824219,116.5,110.70500183105469,115.88999938964844,93.87580871582031,16529950,0.0,0.0
2009-02-12 00:00:00+05:30,114.68499755859375,117.66000366210938,114.5,115.91999816894531,93.90010070800781,19717850,0.0,0.0
2009-02-13 00:00:00+05:30,116.5999984741211,120.59500122070312,116.5999984741211,119.58999633789062,96.87295532226562,23079310,0.0,0.0
2009-02-16 00:00:00+05:30,118.05500030517578,119.19000244140625,112.76000213623047,113.68499755859375,92.08964538574219,26650050,0.0,0.0
2009-02-17 00:00:00+05:30,112.80000305175781,112.80000305175781,109.13500213623047,109.87999725341797,89.00745391845703,25742350,0.0,0.0
2009-02-18 00:00:00+05:30,109.80000305175781,110.5,106.5,107.08999633789062,86.74742126464844,21865720,0.0,0.0
2009-02-19 00:00:00+05:30,108.80000305175781,109.3499984741211,105.0999984741211,105.87000274658203,85.7591781616211,28702260,0.0,0.0
2009-02-20 00:00:00+05:30,104.7750015258789,105.6449966430664,103.5,104.40499877929688,84.57246398925781,24872000,0.0,0.0
2009-02-24 00:00:00+05:30,105.05999755859375,105.05999755859375,99.61499786376953,102.77999877929688,83.25614929199219,23881530,0.0,0.0
2009-02-25 00:00:00+05:30,105.5,105.9000015258789,103.00499725341797,103.66000366210938,83.96898651123047,21451430,0.0,0.0
2009-02-26 00:00:00+05:30,103.9000015258789,105.5,101.5,102.30500030517578,82.87137603759766,25935300,0.0,0.0
2009-02-27 00:00:00+05:30,102.33999633789062,103.5999984741211,100.62000274658203,102.52999877929688,83.05363464355469,31330010,0.0,0.0
2009-03-02 00:00:00+05:30,101.47000122070312,101.5,98.5,99.44999694824219,80.55870819091797,29765340,0.0,0.0
2009-03-03 00:00:00+05:30,99.5,100.69999694824219,96.8499984741211,97.43499755859375,78.92646789550781,29948750,0.0,0.0
2009-03-04 00:00:00+05:30,98.19999694824219,98.5999984741211,95.0999984741211,95.69499969482422,77.51700592041016,32641740,0.0,0.0
2009-03-05 00:00:00+05:30,96.98999786376953,97.80000305175781,92.30000305175781,93.43499755859375,75.68629455566406,39906360,0.0,0.0
2009-03-06 00:00:00+05:30,92.5,95.79000091552734,91.11499786376953,94.11000061035156,76.23307800292969,34055320,0.0,0.0
2009-03-09 00:00:00+05:30,93.19999694824219,93.94999694824219,89.1500015258789,89.52999877929688,72.5230712890625,30241710,0.0,0.0
2009-03-12 00:00:00+05:30,93.4000015258789,93.4000015258789,89.70999908447266,91.125,73.81510162353516,28733960,0.0,0.0
2009-03-13 00:00:00+05:30,92.2750015258789,95.56999969482422,92.2750015258789,95.30500030517578,77.20108795166016,27138500,0.0,0.0
2009-03-16 00:00:00+05:30,95.58999633789062,99.0999984741211,95.44000244140625,98.70500183105469,79.95523834228516,26738790,0.0,0.0
2009-03-17 00:00:00+05:30,99.0999984741211,99.79000091552734,94.65499877929688,95.00499725341797,76.95806121826172,31748750,0.0,0.0
2009-03-18 00:00:00+05:30,95.4800033569336,97.5,95.4800033569336,96.02999877929688,77.78836822509766,33178570,0.0,0.0
2009-03-19 00:00:00+05:30,95.80000305175781,97.5999984741211,93.5999984741211,96.87000274658203,78.46880340576172,36346870,0.0,0.0
2009-03-20 00:00:00+05:30,95.66000366210938,96.8499984741211,94.5,95.47000122070312,77.3347396850586,25116640,0.0,0.0
2009-03-23 00:00:00+05:30,96.5,102.95999908447266,96.125,102.3550033569336,82.91189575195312,41955060,0.0,0.0
2009-03-24 00:00:00+05:30,103.5,108.5,102.5,103.2249984741211,83.6166000366211,49523400,0.0,0.0
2009-03-25 00:00:00+05:30,103.9000015258789,105.94999694824219,102.2249984741211,104.99500274658203,85.0503921508789,44390960,0.0,0.0
2009-03-26 00:00:00+05:30,106.375,110.5,104.82499694824219,109.55000305175781,88.74014282226562,61469300,0.0,0.0
2009-03-27 00:00:00+05:30,110.5,113.4000015258789,108.53500366210938,112.43000030517578,91.07306671142578,47121700,0.0,0.0
2009-03-30 00:00:00+05:30,111.0999984741211,111.9000015258789,101.4000015258789,102.23500061035156,82.8146743774414,36695200,0.0,0.0
2009-03-31 00:00:00+05:30,103.20500183105469,108.5,99.51000213623047,106.70999908447266,86.43960571289062,57944790,0.0,0.0
2009-04-01 00:00:00+05:30,107.61499786376953,108.47000122070312,102.33000183105469,107.74500274658203,87.27800750732422,41162770,0.0,0.0
2009-04-02 00:00:00+05:30,110.11000061035156,117.0,110.11000061035156,114.70500183105469,92.91590118408203,54598560,0.0,0.0
2009-04-06 00:00:00+05:30,117.55000305175781,119.4000015258789,110.83499908447266,112.4749984741211,91.10951232910156,43532540,0.0,0.0
2009-04-08 00:00:00+05:30,109.0,113.9000015258789,107.03500366210938,112.375,91.02850341796875,40749110,0.0,0.0
2009-04-09 00:00:00+05:30,115.0199966430664,116.19499969482422,111.33499908447266,114.02999877929688,92.3691177368164,51455970,0.0,0.0
2009-04-13 00:00:00+05:30,116.08000183105469,123.0,115.5,121.79000091552734,98.6550521850586,38229470,0.0,0.0
2009-04-15 00:00:00+05:30,119.0250015258789,131.0,118.56999969482422,129.47999572753906,104.88428497314453,46068910,0.0,0.0
2009-04-16 00:00:00+05:30,130.5,132.08999633789062,125.0,126.08499908447266,102.13418579101562,44285690,0.0,0.0
2009-04-17 00:00:00+05:30,129.89999389648438,135.5,127.66500091552734,130.47999572753906,105.6943130493164,41972610,0.0,0.0
2009-04-20 00:00:00+05:30,131.0,134.1999969482422,127.51000213623047,129.46499633789062,104.87211608886719,31771450,0.0,0.0
2009-04-21 00:00:00+05:30,127.05999755859375,128.5,124.06500244140625,125.37999725341797,101.56309509277344,32374050,0.0,0.0
2009-04-22 00:00:00+05:30,126.48999786376953,127.80000305175781,122.30000305175781,123.13500213623047,99.74455261230469,26714150,0.0,0.0
2009-04-23 00:00:00+05:30,123.33499908447266,128.08999633789062,120.1449966430664,126.59500122070312,102.54730224609375,23673550,0.0,0.0
2009-04-24 00:00:00+05:30,127.45500183105469,132.5,125.9000015258789,131.11500549316406,106.20870208740234,32576230,0.0,0.0
2009-04-27 00:00:00+05:30,128.89999389648438,133.0,126.49500274658203,127.81999969482422,103.53960418701172,39037480,0.0,0.0
2009-04-28 00:00:00+05:30,127.5999984741211,129.85000610351562,123.00499725341797,123.55999755859375,100.08882904052734,26923940,0.0,0.0
2009-04-29 00:00:00+05:30,124.5,129.19500732421875,124.19999694824219,127.86000061035156,103.5719985961914,26359680,0.0,0.0
2009-04-30 00:00:00+05:30,127.86000061035156,127.86000061035156,127.86000061035156,127.86000061035156,103.5719985961914,0,0.0,0.0
2009-05-04 00:00:00+05:30,132.52499389648438,137.3000030517578,132.26499938964844,136.625,110.67203521728516,26068980,0.0,0.0
2009-05-05 00:00:00+05:30,137.5,138.60000610351562,133.57000732421875,134.52000427246094,108.96688842773438,33063880,0.0,0.0
2009-05-06 00:00:00+05:30,135.39999389648438,137.6999969482422,131.01499938964844,132.2449951171875,107.12403106689453,31127410,0.0,0.0
2009-05-07 00:00:00+05:30,137.8699951171875,137.8699951171875,133.5,136.9499969482422,110.93531036376953,22238920,0.0,0.0
2009-05-08 00:00:00+05:30,136.97500610351562,137.5,130.61000061035156,132.4550018310547,107.29415130615234,29102550,0.0,0.0
2009-05-11 00:00:00+05:30,134.5,137.39999389648438,124.70999908447266,125.81999969482422,101.91951751708984,47713180,0.0,0.0
2009-05-12 00:00:00+05:30,125.0,130.0,124.00499725341797,129.51499938964844,104.91264343261719,36138280,0.0,0.0
2009-05-13 00:00:00+05:30,130.0,131.0,125.5,126.13999938964844,102.1787338256836,32428530,0.0,0.0
2009-05-14 00:00:00+05:30,124.97000122070312,127.58999633789062,121.94499969482422,126.73500061035156,102.66070556640625,30001780,0.0,0.0
2009-05-15 00:00:00+05:30,126.69999694824219,132.4949951171875,126.69999694824219,131.35000610351562,106.3990707397461,31352870,0.0,0.0
2009-05-18 00:00:00+05:30,144.5,168.8000030517578,144.5,157.65499877929688,127.70721435546875,586240,0.0,0.0
2009-05-19 00:00:00+05:30,164.8000030517578,184.3800048828125,150.0,175.39500427246094,142.07736206054688,88024960,0.0,0.0
2009-05-20 00:00:00+05:30,174.0,182.0,171.1999969482422,178.11500549316406,144.28070068359375,42963400,0.0,0.0
2009-05-21 00:00:00+05:30,176.0,177.89999389648438,170.0,171.22000122070312,138.69544982910156,33942350,0.0,0.0
2009-05-22 00:00:00+05:30,168.6999969482422,173.99000549316406,167.60000610351562,173.1999969482422,140.29931640625,27543220,0.0,0.0
2009-05-25 00:00:00+05:30,173.67999267578125,174.27000427246094,169.5,172.23500061035156,139.5176239013672,19427370,0.0,0.0
2009-05-26 00:00:00+05:30,170.60000610351562,176.0500030517578,167.0,168.94500732421875,136.8525848388672,23269550,0.0,0.0
2009-05-27 00:00:00+05:30,171.01499938964844,179.97000122070312,171.01499938964844,179.2899932861328,145.2324676513672,24888350,0.0,0.0
2009-05-28 00:00:00+05:30,178.0,183.6999969482422,176.75,182.9550018310547,148.2012939453125,33875450,0.0,0.0
2009-05-29 00:00:00+05:30,183.10000610351562,189.21499633789062,182.6999969482422,186.88499450683594,151.38473510742188,27538230,0.0,0.0
2009-06-01 00:00:00+05:30,203.97000122070312,203.97000122070312,184.27000427246094,187.6750030517578,152.02464294433594,24863020,0.0,0.0
2009-06-02 00:00:00+05:30,188.0,194.10000610351562,181.875,190.69000244140625,154.4669952392578,29940300,0.0,0.0
2009-06-03 00:00:00+05:30,191.5,192.99000549316406,185.8000030517578,187.9550018310547,152.25149536132812,22318310,0.0,0.0
2009-06-04 00:00:00+05:30,186.5,189.52999877929688,184.10000610351562,188.2899932861328,152.52285766601562,18597230,0.0,0.0
2009-06-05 00:00:00+05:30,189.5,189.8000030517578,181.0,181.76499938964844,147.23733520507812,29529250,0.0,0.0
2009-06-08 00:00:00+05:30,182.89999389648438,183.0,168.42999267578125,169.59500122070312,137.37911987304688,29202040,0.0,0.0
2009-06-09 00:00:00+05:30,168.99000549316406,177.5,167.89999389648438,176.36000061035156,142.8590545654297,27424340,0.0,0.0
2009-06-10 00:00:00+05:30,176.39500427246094,179.98500061035156,174.00999450683594,175.6750030517578,144.68328857421875,24852900,2.9,0.0
2009-06-11 00:00:00+05:30,176.5,176.5,168.0,169.35000610351562,139.47412109375,24158870,0.0,0.0
2009-06-12 00:00:00+05:30,171.0,172.33999633789062,162.60000610351562,163.4600067138672,134.62319946289062,26690980,0.0,0.0
2009-06-15 00:00:00+05:30,162.89999389648438,167.39999389648438,161.0,164.19000244140625,135.22442626953125,22146030,0.0,0.0
2009-06-16 00:00:00+05:30,161.63999938964844,172.1999969482422,159.89500427246094,171.43499755859375,141.19129943847656,26333860,0.0,0.0
2009-06-17 00:00:00+05:30,170.89999389648438,171.8000030517578,165.27499389648438,166.23500061035156,136.90866088867188,19302210,0.0,0.0
2009-06-18 00:00:00+05:30,169.77999877929688,172.8699951171875,165.89999389648438,170.3300018310547,140.28121948242188,30383330,0.0,0.0
2009-06-19 00:00:00+05:30,171.52999877929688,174.5,167.7100067138672,172.4600067138672,142.0354766845703,21372910,0.0,0.0
2009-06-22 00:00:00+05:30,173.10000610351562,176.0,168.60000610351562,169.5399932861328,139.63059997558594,23360990,0.0,0.0
2009-06-23 00:00:00+05:30,167.5,172.5,166.44500732421875,170.7949981689453,140.66416931152344,20581410,0.0,0.0
2009-06-24 00:00:00+05:30,172.39999389648438,173.0,169.5,171.6750030517578,141.3889617919922,14681970,0.0,0.0
2009-06-25 00:00:00+05:30,173.0,174.0,170.0,170.39999389648438,140.33888244628906,24184620,0.0,0.0
2009-06-26 00:00:00+05:30,170.99000549316406,175.89999389648438,169.0,174.9250030517578,144.0655975341797,24410100,0.0,0.0
2009-06-29 00:00:00+05:30,175.4949951171875,178.0,173.55499267578125,176.51499938964844,145.37509155273438,23879140,0.0,0.0
2009-06-30 00:00:00+05:30,178.3000030517578,178.30999755859375,173.30999755859375,174.52999877929688,143.74026489257812,23204390,0.0,0.0
2009-07-01 00:00:00+05:30,173.10000610351562,179.39999389648438,172.11000061035156,177.9550018310547,146.56106567382812,17933070,0.0,0.0
2009-07-02 00:00:00+05:30,178.5,179.0,173.22500610351562,175.94500732421875,144.90565490722656,15760670,0.0,0.0
2009-07-03 00:00:00+05:30,174.39999389648438,182.1999969482422,173.10000610351562,180.96499633789062,149.0400848388672,20745030,0.0,0.0
2009-07-06 00:00:00+05:30,180.0,183.99000549316406,163.31500244140625,165.35000610351562,136.17979431152344,38145200,0.0,0.0
2009-07-07 00:00:00+05:30,168.0,169.6999969482422,161.9149932861328,163.63499450683594,134.76731872558594,35622590,0.0,0.0
2009-07-08 00:00:00+05:30,162.99000549316406,162.99000549316406,156.64500427246094,158.07000732421875,130.18406677246094,38775930,0.0,0.0
2009-07-09 00:00:00+05:30,158.5,162.47999572753906,157.00999450683594,160.40499877929688,132.10714721679688,27925520,0.0,0.0
2009-07-10 00:00:00+05:30,160.89999389648438,161.8000030517578,153.10000610351562,154.36500549316406,127.1326904296875,18080560,0.0,0.0
2009-07-13 00:00:00+05:30,153.5,157.39999389648438,151.05999755859375,154.65499877929688,127.37155151367188,19032760,0.0,0.0
2009-07-14 00:00:00+05:30,157.0,158.9949951171875,156.69500732421875,158.25999450683594,130.34056091308594,15304860,0.0,0.0
2009-07-15 00:00:00+05:30,159.0,164.77999877929688,158.60000610351562,163.6999969482422,134.82086181640625,14263530,0.0,0.0
2009-07-16 00:00:00+05:30,165.1999969482422,166.0,159.52499389648438,160.4199981689453,132.1195526123047,17090780,0.0,0.0
2009-07-17 00:00:00+05:30,162.0,168.3000030517578,161.6999969482422,167.39500427246094,137.86402893066406,18382380,0.0,0.0
2009-07-20 00:00:00+05:30,168.0,173.94000244140625,164.10000610351562,172.2949981689453,141.89959716796875,22836640,0.0,0.0
2009-07-21 00:00:00+05:30,172.1999969482422,174.0,168.0,171.15499877929688,140.96070861816406,20470230,0.0,0.0
2009-07-22 00:00:00+05:30,172.0,174.6999969482422,168.31500244140625,169.38999938964844,139.50709533691406,18256050,0.0,0.0
2009-07-23 00:00:00+05:30,171.0,174.0,170.25,172.71499633789062,142.24549865722656,16199720,0.0,0.0
2009-07-24 00:00:00+05:30,174.0,174.4949951171875,169.11000061035156,169.86000061035156,139.8941650390625,16009690,0.0,0.0
2009-07-27 00:00:00+05:30,171.0,172.8000030517578,169.5,171.1300048828125,140.9401092529297,13469350,0.0,0.0
2009-07-28 00:00:00+05:30,174.0800018310547,174.0800018310547,167.21499633789062,168.1750030517578,138.5063934326172,18234730,0.0,0.0
2009-07-29 00:00:00+05:30,165.1999969482422,167.99000549316406,162.1300048828125,165.6750030517578,136.4474334716797,22374180,0.0,0.0
2009-07-30 00:00:00+05:30,166.09500122070312,174.39999389648438,165.00999450683594,172.27999877929688,141.88720703125,35454850,0.0,0.0
2009-07-31 00:00:00+05:30,174.10000610351562,182.22500610351562,174.0,181.1649932861328,149.20477294921875,37298300,0.0,0.0
2009-08-03 00:00:00+05:30,182.0,186.39999389648438,180.10000610351562,184.7050018310547,152.12025451660156,20452310,0.0,0.0
2009-08-04 00:00:00+05:30,187.0,188.8000030517578,183.6300048828125,185.7449951171875,152.97679138183594,21143620,0.0,0.0
2009-08-05 00:00:00+05:30,185.5050048828125,187.3699951171875,183.02499389648438,184.35499572753906,151.83201599121094,16060330,0.0,0.0
2009-08-06 00:00:00+05:30,184.3000030517578,185.5,178.89999389648438,179.6649932861328,147.9694061279297,21399520,0.0,0.0
2009-08-07 00:00:00+05:30,177.07000732421875,180.0,172.0,174.3300018310547,143.57559204101562,18468450,0.0,0.0
2009-08-10 00:00:00+05:30,179.73500061035156,179.73500061035156,170.0,171.09500122070312,140.91128540039062,15173500,0.0,0.0
2009-08-11 00:00:00+05:30,171.60000610351562,175.5,170.56500244140625,172.9250030517578,142.41844177246094,14983390,0.0,0.0
2009-08-12 00:00:00+05:30,170.9149932861328,171.99000549316406,167.13499450683594,170.27499389648438,140.23594665527344,18132910,0.0,0.0
2009-08-13 00:00:00+05:30,174.0,181.0,172.55999755859375,179.75999450683594,148.04763793945312,17255080,0.0,0.0
2009-08-14 00:00:00+05:30,180.5,181.49000549316406,178.10000610351562,180.0749969482422,148.30706787109375,18003360,0.0,0.0
2009-08-17 00:00:00+05:30,177.2550048828125,178.14999389648438,170.55499267578125,171.34500122070312,141.11717224121094,17764560,0.0,0.0
2009-08-18 00:00:00+05:30,171.34500122070312,176.0,170.80999755859375,173.44500732421875,142.8466796875,17143070,0.0,0.0
2009-08-19 00:00:00+05:30,173.60000610351562,174.74000549316406,167.0,169.11000061035156,139.27645874023438,17077320,0.0,0.0
2009-08-20 00:00:00+05:30,171.0,176.5,170.99000549316406,175.31500244140625,144.38682556152344,13086470,0.0,0.0
2009-08-21 00:00:00+05:30,174.60000610351562,178.30999755859375,172.0449981689453,177.5850067138672,146.25636291503906,16561130,0.0,0.0
2009-08-24 00:00:00+05:30,179.0,181.5,177.88999938964844,179.02000427246094,147.43820190429688,13407320,0.0,0.0
2009-08-25 00:00:00+05:30,177.89999389648438,178.15499877929688,174.10000610351562,174.75999450683594,143.9296875,19068840,0.0,0.0
2009-08-26 00:00:00+05:30,177.27000427246094,177.27000427246094,173.31500244140625,173.97000122070312,143.2790985107422,14059340,0.0,0.0
2009-08-27 00:00:00+05:30,174.0,176.89999389648438,172.1999969482422,175.3800048828125,144.44033813476562,14964560,0.0,0.0
2009-08-28 00:00:00+05:30,179.89999389648438,179.89999389648438,176.0,178.1750030517578,146.7422637939453,17242710,0.0,0.0
2009-08-31 00:00:00+05:30,176.5,177.3800048828125,173.60000610351562,174.2899932861328,143.54263305664062,13536820,0.0,0.0
2009-09-01 00:00:00+05:30,176.10000610351562,178.10000610351562,172.60000610351562,173.32000732421875,142.7437744140625,14452090,0.0,0.0
2009-09-02 00:00:00+05:30,173.10000610351562,175.0,171.5,173.44000244140625,142.8426055908203,10257870,0.0,0.0
2009-09-03 00:00:00+05:30,174.89999389648438,175.69000244140625,173.72000122070312,174.6999969482422,143.8802947998047,8141010,0.0,0.0
2009-09-04 00:00:00+05:30,175.22999572753906,177.40499877929688,174.30999755859375,176.2449951171875,145.1527099609375,11168520,0.0,0.0
2009-09-07 00:00:00+05:30,177.25999450683594,182.19000244140625,177.10000610351562,181.3350067138672,149.3447723388672,15435350,0.0,0.0
2009-09-08 00:00:00+05:30,183.5,190.9949951171875,181.8000030517578,189.40499877929688,155.99111938476562,33064000,0.0,0.0
2009-09-09 00:00:00+05:30,189.0,190.77000427246094,187.10000610351562,189.47500610351562,156.04879760742188,15133650,0.0,0.0
2009-09-10 00:00:00+05:30,191.0050048828125,192.5,187.11000061035156,188.15499877929688,154.9616241455078,15544830,0.0,0.0
2009-09-11 00:00:00+05:30,189.94500732421875,194.77000427246094,187.63499450683594,192.0500030517578,158.16949462890625,15730190,0.0,0.0
2009-09-14 00:00:00+05:30,192.89999389648438,196.44500732421875,191.05999755859375,195.64500427246094,161.13031005859375,20335210,0.0,0.0
2009-09-15 00:00:00+05:30,198.97000122070312,201.99000549316406,196.0050048828125,200.80499267578125,165.3799591064453,21787620,0.0,0.0
2009-09-16 00:00:00+05:30,204.9949951171875,209.89999389648438,201.5,208.6699981689453,171.8574676513672,25738170,0.0,0.0
2009-09-17 00:00:00+05:30,211.0,214.27000427246094,208.34500122070312,210.17999267578125,173.10107421875,31467900,0.0,0.0
2009-09-18 00:00:00+05:30,208.5,216.1999969482422,207.9499969482422,214.77999877929688,176.88958740234375,39998710,0.0,0.0
2009-09-22 00:00:00+05:30,214.0,218.5,213.0,217.0749969482422,178.77972412109375,18926230,0.0,0.0
2009-09-23 00:00:00+05:30,218.5,218.76499938964844,213.5,214.1649932861328,176.38307189941406,17880240,0.0,0.0
2009-09-24 00:00:00+05:30,212.10000610351562,217.7899932861328,211.4949951171875,216.72999572753906,178.4955596923828,26885360,0.0,0.0
2009-09-25 00:00:00+05:30,215.0,217.3000030517578,213.0,213.85000610351562,176.12364196777344,12405000,0.0,0.0
2009-09-29 00:00:00+05:30,214.125,216.6999969482422,208.5,209.1999969482422,172.2939453125,20299040,0.0,0.0
2009-09-30 00:00:00+05:30,210.0,221.89999389648438,208.52000427246094,219.4949951171875,180.77276611328125,29648950,0.0,0.0
2009-10-01 00:00:00+05:30,219.15499877929688,223.5,217.02999877929688,221.0749969482422,182.07403564453125,29251450,0.0,0.0
2009-10-05 00:00:00+05:30,221.5,221.5,211.17999267578125,213.31500244140625,175.6830596923828,32553460,0.0,0.0
2009-10-06 00:00:00+05:30,215.94000244140625,216.7449951171875,209.93499755859375,215.86500549316406,177.783203125,30294870,0.0,0.0
2009-10-07 00:00:00+05:30,216.50999450683594,218.9499969482422,208.60000610351562,210.1699981689453,173.09288024902344,26530130,0.0,0.0
2009-10-08 00:00:00+05:30,211.5,213.4600067138672,209.66000366210938,211.59500122070312,174.2664794921875,19955940,0.0,0.0
2009-10-09 00:00:00+05:30,212.13499450683594,212.9949951171875,204.6999969482422,206.7550048828125,170.2803192138672,35045440,0.0,0.0
2009-10-12 00:00:00+05:30,209.8699951171875,218.5,206.67999267578125,217.27000427246094,178.94032287597656,29287260,0.0,0.0
2009-10-13 00:00:00+05:30,217.27000427246094,217.27000427246094,217.27000427246094,217.27000427246094,178.94032287597656,0,0.0,0.0
2009-10-14 00:00:00+05:30,218.52999877929688,228.60000610351562,217.5,227.2449951171875,187.15557861328125,27478890,0.0,0.0
2009-10-15 00:00:00+05:30,229.88999938964844,233.99000549316406,227.5,232.8699951171875,191.7882537841797,31846380,0.0,0.0
2009-10-16 00:00:00+05:30,233.39999389648438,247.39999389648438,231.0,244.63499450683594,201.4777069091797,51979710,0.0,0.0
2009-10-20 00:00:00+05:30,246.0,249.89999389648438,244.6649932861328,247.0850067138672,203.49551391601562,23720870,0.0,0.0
2009-10-21 00:00:00+05:30,247.0,247.0,238.0,238.61000061035156,196.51560974121094,22230480,0.0,0.0
2009-10-22 00:00:00+05:30,237.27499389648438,238.47000122070312,231.50999450683594,232.47500610351562,191.4629364013672,19938160,0.0,0.0
2009-10-23 00:00:00+05:30,230.2550048828125,237.97000122070312,227.2550048828125,235.4550018310547,193.91720581054688,17689410,0.0,0.0
2009-10-26 00:00:00+05:30,236.5,237.38999938964844,229.5,230.5500030517578,189.87753295898438,16560360,0.0,0.0
2009-10-27 00:00:00+05:30,229.5,233.89999389648438,218.48500061035156,220.27499389648438,181.41517639160156,55845720,0.0,0.0
2009-10-28 00:00:00+05:30,221.8699951171875,223.25,211.6649932861328,221.2949981689453,182.25526428222656,53992560,0.0,0.0
2009-10-29 00:00:00+05:30,216.26499938964844,222.3350067138672,216.26499938964844,219.625,180.87986755371094,36680960,0.0,0.0
2009-10-30 00:00:00+05:30,221.5,229.89999389648438,218.0500030517578,219.10499572753906,180.45159912109375,39272250,0.0,0.0
2009-11-03 00:00:00+05:30,218.6999969482422,218.6999969482422,209.0,210.3000030517578,173.1999053955078,29840820,0.0,0.0
2009-11-04 00:00:00+05:30,213.0,218.5,205.74000549316406,217.1300048828125,178.82498168945312,36301530,0.0,0.0
2009-11-05 00:00:00+05:30,217.77000427246094,217.77000427246094,208.43499755859375,213.9250030517578,176.1854248046875,31956440,0.0,0.0
2009-11-06 00:00:00+05:30,216.0,222.59500122070312,215.5,220.5,181.6005096435547,35324450,0.0,0.0
2009-11-09 00:00:00+05:30,221.5,232.5,221.0,231.82000732421875,190.92347717285156,29647600,0.0,0.0
2009-11-10 00:00:00+05:30,233.8000030517578,238.19000244140625,232.5,236.88999938964844,195.09902954101562,41833010,0.0,0.0
2009-11-11 00:00:00+05:30,236.5,238.4499969482422,233.0,237.8249969482422,195.86911010742188,22420760,0.0,0.0
2009-11-12 00:00:00+05:30,237.0,237.8249969482422,227.60000610351562,229.36500549316406,188.90158081054688,22259290,0.0,0.0
2009-11-13 00:00:00+05:30,227.60000610351562,233.3000030517578,226.2550048828125,229.99000549316406,189.4163360595703,21043670,0.0,0.0
2009-11-16 00:00:00+05:30,227.2550048828125,237.25999450683594,227.2550048828125,234.5500030517578,193.171875,18478550,0.0,0.0
2009-11-17 00:00:00+05:30,235.97999572753906,236.0,229.66000366210938,235.0749969482422,193.60427856445312,19729730,0.0,0.0
2009-11-18 00:00:00+05:30,234.75999450683594,235.89500427246094,231.5,232.77999877929688,191.71409606933594,14662960,0.0,0.0
2009-11-19 00:00:00+05:30,232.89999389648438,232.91000366210938,227.0050048828125,228.13499450683594,187.8885498046875,16901590,0.0,0.0
2009-11-20 00:00:00+05:30,228.10000610351562,234.60000610351562,224.10000610351562,233.4949951171875,192.302978515625,26760130,0.0,0.0
2009-11-23 00:00:00+05:30,234.6999969482422,234.6999969482422,230.58999633789062,232.0,191.07171630859375,21826520,0.0,0.0
2009-11-24 00:00:00+05:30,232.0,235.0,229.8000030517578,230.55499267578125,189.8816375732422,23249160,0.0,0.0
2009-11-25 00:00:00+05:30,230.39999389648438,234.39999389648438,230.02999877929688,232.2100067138672,191.2446746826172,15058220,0.0,0.0
2009-11-26 00:00:00+05:30,232.94000244140625,232.94000244140625,224.5500030517578,225.46499633789062,185.6895751953125,19342730,0.0,0.0
2009-11-27 00:00:00+05:30,222.1649932861328,226.89999389648438,214.3000030517578,224.2899932861328,184.72189331054688,26620130,0.0,0.0
2009-11-30 00:00:00+05:30,228.0,229.22000122070312,221.85000610351562,223.9550018310547,184.4459686279297,27829100,0.0,0.0
2009-12-01 00:00:00+05:30,224.60000610351562,229.8000030517578,224.30999755859375,229.16000366210938,188.7327423095703,17561300,0.0,0.0
2009-12-02 00:00:00+05:30,230.97999572753906,235.1699981689453,230.16000366210938,230.89500427246094,190.1616668701172,17971870,0.0,0.0
2009-12-03 00:00:00+05:30,232.89999389648438,236.43499755859375,230.5,235.4550018310547,193.91720581054688,24354640,0.0,0.0
2009-12-04 00:00:00+05:30,233.0,237.5,232.1199951171875,232.80499267578125,191.7346954345703,21757810,0.0,0.0
2009-12-07 00:00:00+05:30,233.5,234.97500610351562,230.63499450683594,232.1750030517578,191.21580505371094,18355880,0.0,0.0
2009-12-08 00:00:00+05:30,231.4600067138672,232.96499633789062,227.88499450683594,230.72999572753906,190.02578735351562,24811510,0.0,0.0
2009-12-09 00:00:00+05:30,229.77000427246094,231.89999389648438,227.60000610351562,229.38999938964844,188.9221954345703,18696060,0.0,0.0
2009-12-10 00:00:00+05:30,229.0,231.1999969482422,227.10000610351562,229.69500732421875,189.17337036132812,16619380,0.0,0.0
2009-12-11 00:00:00+05:30,231.0,232.5,226.0,226.64500427246094,186.6614227294922,20011940,0.0,0.0
2009-12-14 00:00:00+05:30,226.6999969482422,228.4949951171875,224.06500244140625,224.69000244140625,185.0513153076172,19594840,0.0,0.0
2009-12-15 00:00:00+05:30,226.0,226.0,217.5,218.0500030517578,179.5827178955078,28383370,0.0,0.0
2009-12-16 00:00:00+05:30,216.9499969482422,219.0,214.60000610351562,215.25999450683594,177.28489685058594,27712020,0.0,0.0
2009-12-17 00:00:00+05:30,215.1199951171875,217.85000610351562,212.52499389648438,216.6199951171875,178.4049835205078,28004020,0.0,0.0
2009-12-18 00:00:00+05:30,215.2100067138672,218.10000610351562,213.10000610351562,214.53500366210938,176.68780517578125,18490050,0.0,0.0
2009-12-21 00:00:00+05:30,214.89999389648438,216.69000244140625,213.50999450683594,214.5749969482422,176.7207489013672,12814370,0.0,0.0
2009-12-22 00:00:00+05:30,215.5,217.5500030517578,215.5,216.59500122070312,178.38441467285156,9524630,0.0,0.0
2009-12-23 00:00:00+05:30,217.09500122070312,221.5,217.09500122070312,221.0,182.01226806640625,14132130,0.0,0.0
2009-12-24 00:00:00+05:30,223.5,223.5,220.125,221.90499877929688,182.7576446533203,11181160,0.0,0.0
2009-12-29 00:00:00+05:30,222.50999450683594,223.75,220.78500366210938,222.00999450683594,182.84410095214844,8265300,0.0,0.0
2009-12-30 00:00:00+05:30,222.1999969482422,223.78500366210938,221.22500610351562,222.42999267578125,183.19000244140625,11239390,0.0,0.0
2009-12-31 00:00:00+05:30,223.5,228.3699951171875,222.89999389648438,226.89999389648438,186.87142944335938,24604130,0.0,0.0
2010-01-04 00:00:00+05:30,227.5,230.0,227.5,229.1199951171875,188.69979858398438,11031470,0.0,0.0
2010-01-05 00:00:00+05:30,230.8000030517578,231.0,228.00999450683594,229.2050018310547,188.76980590820312,11613740,0.0,0.0
2010-01-06 00:00:00+05:30,229.6999969482422,231.5,228.5,230.5800018310547,189.90225219726562,14527930,0.0,0.0
2010-01-07 00:00:00+05:30,230.60000610351562,231.0,228.11000061035156,229.2899932861328,188.83981323242188,8576510,0.0,0.0
2010-01-08 00:00:00+05:30,229.39999389648438,230.38999938964844,228.00999450683594,228.60499572753906,188.2756805419922,10453820,0.0,0.0
2010-01-11 00:00:00+05:30,229.6999969482422,231.27000427246094,226.3249969482422,226.72000122070312,186.72317504882812,14145340,0.0,0.0
2010-01-12 00:00:00+05:30,226.6999969482422,227.0,219.6199951171875,220.32000732421875,181.4522705078125,22917720,0.0,0.0
2010-01-13 00:00:00+05:30,219.5,219.5,215.80999755859375,217.58999633789062,179.20387268066406,21719690,0.0,0.0
2010-01-14 00:00:00+05:30,218.8000030517578,219.89999389648438,214.55499267578125,215.73500061035156,177.67608642578125,20723990,0.0,0.0
2010-01-15 00:00:00+05:30,216.8000030517578,217.83999633789062,213.67999267578125,214.3350067138672,176.52313232421875,20611920,0.0,0.0
2010-01-18 00:00:00+05:30,217.5,218.30499267578125,214.27999877929688,215.63999938964844,177.5978546142578,19222170,0.0,0.0
2010-01-19 00:00:00+05:30,216.97999572753906,218.6999969482422,215.6999969482422,217.30999755859375,178.97325134277344,12277070,0.0,0.0
2010-01-20 00:00:00+05:30,218.39999389648438,218.66000366210938,215.2550048828125,215.98500061035156,177.8820037841797,16830720,0.0,0.0
2010-01-21 00:00:00+05:30,215.89999389648438,216.1300048828125,211.22999572753906,212.41000366210938,174.9376983642578,19265470,0.0,0.0
2010-01-22 00:00:00+05:30,210.01499938964844,210.64999389648438,205.30499267578125,208.73500061035156,171.9110565185547,27193180,0.0,0.0
2010-01-25 00:00:00+05:30,205.55499267578125,213.6999969482422,205.55499267578125,209.16000366210938,172.26101684570312,15378040,0.0,0.0
2010-01-27 00:00:00+05:30,206.0,206.83999633789062,197.11000061035156,198.76499938964844,163.69985961914062,38068910,0.0,0.0
2010-01-28 00:00:00+05:30,210.0,210.0,199.10000610351562,200.3249969482422,164.9846649169922,27952460,0.0,0.0
2010-01-29 00:00:00+05:30,199.0,206.74000549316406,195.5050048828125,205.66000366210938,169.37850952148438,46487190,0.0,0.0
2010-02-01 00:00:00+05:30,214.8000030517578,214.8000030517578,201.5500030517578,202.125,166.4671173095703,22047160,0.0,0.0
2010-02-02 00:00:00+05:30,203.02000427246094,204.52000427246094,197.4149932861328,197.8350067138672,162.93392944335938,24086260,0.0,0.0
2010-02-03 00:00:00+05:30,198.6300048828125,201.58999633789062,198.35000610351562,199.8800048828125,164.61819458007812,30450710,0.0,0.0
2010-02-04 00:00:00+05:30,199.60000610351562,199.6699981689453,194.0,194.7899932861328,160.4261016845703,35357120,0.0,0.0
2010-02-05 00:00:00+05:30,193.0,193.0,186.30999755859375,189.77999877929688,157.10650634765625,26878830,1.0,0.0
2010-02-08 00:00:00+05:30,190.0,194.77999877929688,188.36500549316406,193.65499877929688,160.31434631347656,18885130,0.0,0.0
2010-02-09 00:00:00+05:30,193.10000610351562,195.8000030517578,192.5,195.02999877929688,161.45265197753906,13836980,0.0,0.0
2010-02-10 00:00:00+05:30,197.0,197.0,189.5,191.18499755859375,158.2696075439453,19731930,0.0,0.0
2010-02-11 00:00:00+05:30,192.38999938964844,194.0,191.10000610351562,191.76499938964844,158.74977111816406,12427940,0.0,0.0
2010-02-15 00:00:00+05:30,192.5,192.5,188.6300048828125,189.5,156.87474060058594,13325010,0.0,0.0
2010-02-16 00:00:00+05:30,191.39999389648438,192.5,189.5,192.05999755859375,158.99395751953125,8070150,0.0,0.0
2010-02-17 00:00:00+05:30,193.5,196.25,192.72500610351562,195.68499755859375,161.994873046875,13468360,0.0,0.0
2010-02-18 00:00:00+05:30,195.7899932861328,196.0,192.72999572753906,194.24000549316406,160.7986297607422,13103230,0.0,0.0
2010-02-19 00:00:00+05:30,192.5,193.39999389648438,189.0050048828125,190.52999877929688,157.7273712158203,15863020,0.0,0.0
2010-02-22 00:00:00+05:30,192.0,193.5,191.01499938964844,191.63499450683594,158.64215087890625,11528650,0.0,0.0
2010-02-23 00:00:00+05:30,191.49000549316406,193.4499969482422,190.66000366210938,191.19000244140625,158.27377319335938,10625770,0.0,0.0
2010-02-24 00:00:00+05:30,190.60000610351562,193.0,190.0,192.125,159.0477752685547,8173590,0.0,0.0
2010-02-25 00:00:00+05:30,192.5,193.0,190.33999633789062,191.36500549316406,158.41860961914062,21615960,0.0,0.0
2010-02-26 00:00:00+05:30,192.5,203.1999969482422,191.5,197.42999267578125,163.43943786621094,43215190,0.0,0.0
2010-03-02 00:00:00+05:30,199.05499267578125,201.10000610351562,197.4199981689453,198.6649932861328,164.46182250976562,19347350,0.0,0.0
2010-03-03 00:00:00+05:30,198.91000366210938,202.58999633789062,198.91000366210938,202.24000549316406,167.42132568359375,15843680,0.0,0.0
2010-03-04 00:00:00+05:30,202.3000030517578,204.47000122070312,201.1999969482422,203.27000427246094,168.27398681640625,14301070,0.0,0.0
2010-03-05 00:00:00+05:30,204.5,205.89999389648438,202.11000061035156,204.72000122070312,169.47438049316406,12685070,0.0,0.0
2010-03-08 00:00:00+05:30,206.0,211.25,203.30999755859375,206.59500122070312,171.02658081054688,38664790,0.0,0.0
2010-03-09 00:00:00+05:30,203.2550048828125,207.8000030517578,203.2550048828125,204.4600067138672,169.25912475585938,14305280,0.0,0.0
2010-03-10 00:00:00+05:30,205.02000427246094,205.02000427246094,202.63999938964844,203.72500610351562,168.65069580078125,12767630,0.0,0.0
2010-03-11 00:00:00+05:30,204.0,205.27999877929688,201.8300018310547,204.5749969482422,169.35430908203125,11979800,0.0,0.0
2010-03-12 00:00:00+05:30,204.1999969482422,206.26499938964844,203.86500549316406,204.7899932861328,169.5323028564453,12033430,0.0,0.0
2010-03-15 00:00:00+05:30,203.9499969482422,204.47500610351562,201.11000061035156,201.50999450683594,166.81698608398438,8997490,0.0,0.0
2010-03-16 00:00:00+05:30,201.7050018310547,202.5,199.75999450683594,201.5850067138672,166.8791046142578,12857170,0.0,0.0
2010-03-17 00:00:00+05:30,202.0050048828125,204.1999969482422,201.56500244140625,202.72999572753906,167.82696533203125,10777370,0.0,0.0
2010-03-18 00:00:00+05:30,203.0,205.0500030517578,201.0500030517578,202.96499633789062,168.02151489257812,14269070,0.0,0.0
2010-03-19 00:00:00+05:30,204.0,206.5850067138672,203.3300018310547,205.84500122070312,170.40567016601562,12889130,0.0,0.0
2010-03-22 00:00:00+05:30,202.51499938964844,205.3800048828125,201.0,204.09500122070312,168.95693969726562,11151560,0.0,0.0
2010-03-23 00:00:00+05:30,204.1999969482422,205.6649932861328,201.86000061035156,204.85499572753906,169.58609008789062,13650500,0.0,0.0
2010-03-25 00:00:00+05:30,204.46499633789062,206.16000366210938,202.52000427246094,204.9550018310547,169.66893005371094,13646480,0.0,0.0
2010-03-26 00:00:00+05:30,205.48500061035156,207.8000030517578,204.5050048828125,207.28500366210938,171.5977783203125,13422710,0.0,0.0
2010-03-29 00:00:00+05:30,207.5,210.5,207.3000030517578,209.5050048828125,173.43556213378906,11231550,0.0,0.0
2010-03-30 00:00:00+05:30,209.5050048828125,212.19500732421875,207.5,208.2550048828125,172.4007568359375,11929880,0.0,0.0
2010-03-31 00:00:00+05:30,208.5,209.88999938964844,207.3350067138672,207.82000732421875,172.04066467285156,9997220,0.0,0.0
2010-04-01 00:00:00+05:30,208.0,210.8000030517578,207.52999877929688,210.25999450683594,174.060546875,7681450,0.0,0.0
2010-04-05 00:00:00+05:30,211.5,214.22000122070312,210.5,213.8249969482422,177.01181030273438,11075350,0.0,0.0
2010-04-06 00:00:00+05:30,214.38999938964844,214.77499389648438,211.2100067138672,212.35499572753906,175.7948760986328,12359300,0.0,0.0
2010-04-07 00:00:00+05:30,213.02999877929688,213.5,209.60000610351562,211.08999633789062,174.74769592285156,13004150,0.0,0.0
2010-04-08 00:00:00+05:30,210.5,210.97999572753906,208.7550048828125,209.58999633789062,173.50592041015625,11497010,0.0,0.0
2010-04-09 00:00:00+05:30,210.0,212.5,209.35499572753906,210.61000061035156,174.35032653808594,12367190,0.0,0.0
2010-04-12 00:00:00+05:30,211.5,211.5,208.0,209.1999969482422,173.1830596923828,8614120,0.0,0.0
2010-04-13 00:00:00+05:30,209.6999969482422,211.1999969482422,206.3000030517578,209.39500427246094,173.34446716308594,17619090,0.0,0.0
2010-04-15 00:00:00+05:30,209.6649932861328,210.90499877929688,204.8000030517578,205.40499877929688,170.04141235351562,13016220,0.0,0.0
2010-04-16 00:00:00+05:30,205.0,205.48500061035156,202.52499389648438,204.77000427246094,169.51576232910156,9466180,0.0,0.0
2010-04-19 00:00:00+05:30,203.9949951171875,204.49000549316406,201.1999969482422,203.2449951171875,168.2532958984375,9250600,0.0,0.0
2010-04-20 00:00:00+05:30,204.24000549316406,210.66000366210938,202.10000610351562,209.8350067138672,173.70872497558594,24993280,0.0,0.0
2010-04-21 00:00:00+05:30,211.0,211.89999389648438,208.66000366210938,210.5800018310547,174.32546997070312,15633000,0.0,0.0
2010-04-22 00:00:00+05:30,208.2100067138672,224.88999938964844,208.2100067138672,222.30999755859375,184.0359649658203,65306760,0.0,0.0
2010-04-23 00:00:00+05:30,223.0,229.39999389648438,221.10000610351562,226.05999755859375,187.14036560058594,31784560,0.0,0.0
2010-04-26 00:00:00+05:30,226.39999389648438,227.89999389648438,224.11000061035156,225.15499877929688,186.3911895751953,12145600,0.0,0.0
2010-04-27 00:00:00+05:30,225.1999969482422,225.5,220.91000366210938,221.77999877929688,183.59722900390625,11094760,0.0,0.0
2010-04-28 00:00:00+05:30,220.39999389648438,225.18499755859375,218.25,223.22000122070312,184.78929138183594,18684250,0.0,0.0
2010-04-29 00:00:00+05:30,224.0,228.5,223.5,227.39999389648438,188.24964904785156,21393940,0.0,0.0
2010-04-30 00:00:00+05:30,228.0,231.88999938964844,228.0,230.07000732421875,190.45997619628906,19146310,0.0,0.0
2010-05-03 00:00:00+05:30,229.0,230.5,227.7050018310547,229.71499633789062,190.16610717773438,13160890,0.0,0.0
2010-05-04 00:00:00+05:30,230.5,231.58999633789062,227.30999755859375,228.00999450683594,188.75462341308594,13397620,0.0,0.0
2010-05-05 00:00:00+05:30,226.0,228.5,224.0500030517578,227.6199951171875,188.43179321289062,16717010,0.0,0.0
2010-05-06 00:00:00+05:30,228.0,232.0,226.22999572753906,231.16000366210938,191.3623046875,17751300,0.0,0.0
2010-05-07 00:00:00+05:30,227.52000427246094,229.17999267578125,221.8350067138672,222.61500549316406,184.2884979248047,16085350,0.0,0.0
2010-05-10 00:00:00+05:30,225.0,232.50999450683594,224.21499633789062,230.78500366210938,191.05184936523438,14791690,0.0,0.0
2010-05-11 00:00:00+05:30,231.39999389648438,233.89500427246094,228.11500549316406,228.78500366210938,189.3961944580078,18377970,0.0,0.0
2010-05-12 00:00:00+05:30,229.0,233.89999389648438,228.1999969482422,232.4199981689453,192.40536499023438,20204040,0.0,0.0
2010-05-13 00:00:00+05:30,233.1999969482422,234.89999389648438,230.6199951171875,231.77499389648438,191.8714141845703,17762910,0.0,0.0
2010-05-14 00:00:00+05:30,231.5,233.38999938964844,221.16000366210938,222.4250030517578,184.1311492919922,33008880,0.0,0.0
2010-05-17 00:00:00+05:30,221.0,227.1999969482422,214.13499450683594,225.0749969482422,186.32493591308594,25703050,0.0,0.0
2010-05-18 00:00:00+05:30,224.7899932861328,229.8000030517578,223.13499450683594,228.0,188.74635314941406,18901340,0.0,0.0
2010-05-19 00:00:00+05:30,226.0,227.3000030517578,219.0,221.4149932861328,183.29505920410156,20415020,0.0,0.0
2010-05-20 00:00:00+05:30,222.1999969482422,228.1999969482422,222.11000061035156,226.75,187.71156311035156,17039960,0.0,0.0
2010-05-21 00:00:00+05:30,222.1999969482422,228.0,221.03500366210938,227.1199951171875,188.0178680419922,15706440,0.0,0.0
2010-05-24 00:00:00+05:30,228.1999969482422,231.10000610351562,222.2949981689453,223.1199951171875,184.70654296875,15195470,0.0,0.0
2010-05-25 00:00:00+05:30,222.0,222.0,213.8000030517578,215.50999450683594,178.4066925048828,17355820,0.0,0.0
2010-05-26 00:00:00+05:30,217.17999267578125,218.60000610351562,215.16000366210938,217.36000061035156,179.93821716308594,16500270,0.0,0.0
2010-05-27 00:00:00+05:30,217.0,224.8000030517578,215.72999572753906,221.94000244140625,183.7296600341797,21781920,0.0,0.0
2010-05-28 00:00:00+05:30,224.39999389648438,225.8800048828125,220.31500244140625,223.94000244140625,185.38534545898438,13567960,0.0,0.0
2010-05-31 00:00:00+05:30,223.0,227.4499969482422,223.0,226.8800048828125,187.8192138671875,11989040,0.0,0.0
2010-06-01 00:00:00+05:30,225.11000061035156,227.60000610351562,220.2100067138672,220.96499633789062,182.9225311279297,14423360,0.0,0.0
2010-06-02 00:00:00+05:30,221.22000122070312,226.6999969482422,221.0,225.8249969482422,186.94580078125,12342500,0.0,0.0
2010-06-03 00:00:00+05:30,226.5050048828125,230.59500122070312,226.5050048828125,228.72999572753906,189.35064697265625,12587190,0.0,0.0
2010-06-04 00:00:00+05:30,229.0,234.8000030517578,227.89999389648438,234.0749969482422,193.77545166015625,19478740,0.0,0.0
2010-06-07 00:00:00+05:30,225.1199951171875,232.0,223.28500366210938,228.6750030517578,189.3051300048828,14925200,0.0,0.0
2010-06-08 00:00:00+05:30,228.8000030517578,233.14500427246094,226.86000061035156,228.3800048828125,189.06092834472656,14018340,0.0,0.0
2010-06-09 00:00:00+05:30,228.5,230.89999389648438,225.8000030517578,227.25,189.7875213623047,18141760,2.0,0.0
2010-06-10 00:00:00+05:30,226.60000610351562,233.8000030517578,226.60000610351562,232.68499755859375,194.32656860351562,24496840,0.0,0.0
2010-06-11 00:00:00+05:30,263.010009765625,263.010009765625,232.61000061035156,233.99000549316406,195.41641235351562,15063270,0.0,0.0
2010-06-14 00:00:00+05:30,234.5,235.9949951171875,232.60000610351562,234.5,195.8423309326172,10187660,0.0,0.0
2010-06-15 00:00:00+05:30,234.99000549316406,237.43499755859375,232.0,236.4199981689453,197.44581604003906,15305340,0.0,0.0
2010-06-16 00:00:00+05:30,241.6999969482422,241.6999969482422,234.5399932861328,236.1699981689453,197.23703002929688,14141550,0.0,0.0
2010-06-17 00:00:00+05:30,235.89999389648438,236.1999969482422,232.35499572753906,235.0850067138672,196.33091735839844,10331080,0.0,0.0
2010-06-18 00:00:00+05:30,234.98500061035156,237.9949951171875,234.0,237.25999450683594,198.1473388671875,15597620,0.0,0.0
2010-06-21 00:00:00+05:30,237.5,240.27499389648438,237.5,238.77999877929688,199.4167938232422,8879250,0.0,0.0
2010-06-22 00:00:00+05:30,237.5,239.39999389648438,235.00999450683594,235.4550018310547,196.63992309570312,8514510,0.0,0.0
2010-06-23 00:00:00+05:30,235.0,235.8000030517578,232.85000610351562,234.9550018310547,196.2223358154297,10849420,0.0,0.0
2010-06-24 00:00:00+05:30,235.0,236.60000610351562,233.8000030517578,235.7550048828125,196.89047241210938,12123400,0.0,0.0
2010-06-25 00:00:00+05:30,235.01499938964844,235.5,228.5,230.0800018310547,192.15097045898438,13022720,0.0,0.0
2010-06-28 00:00:00+05:30,228.8000030517578,231.4499969482422,227.5,230.36500549316406,192.3889923095703,10718170,0.0,0.0
2010-06-29 00:00:00+05:30,230.5,232.88999938964844,228.11500549316406,229.11500549316406,191.34506225585938,14208420,0.0,0.0
2010-06-30 00:00:00+05:30,227.97999572753906,231.1999969482422,227.5,230.1999969482422,192.25119018554688,10610400,0.0,0.0
2010-07-01 00:00:00+05:30,229.11000061035156,229.89999389648438,225.39999389648438,226.22500610351562,188.9314727783203,14219900,0.0,0.0
2010-07-02 00:00:00+05:30,226.5,227.99000549316406,225.73500061035156,226.5050048828125,189.16534423828125,8907340,0.0,0.0
2010-07-05 00:00:00+05:30,226.50999450683594,229.39999389648438,225.35499572753906,227.25,189.7875213623047,6192550,0.0,0.0
2010-07-06 00:00:00+05:30,227.3000030517578,231.89999389648438,226.8350067138672,231.27999877929688,193.15316772460938,10143910,0.0,0.0
2010-07-07 00:00:00+05:30,230.89999389648438,231.89999389648438,229.10000610351562,230.41000366210938,192.42660522460938,8912210,0.0,0.0
2010-07-08 00:00:00+05:30,231.5,236.68499755859375,231.5,235.67999267578125,196.82781982421875,17562290,0.0,0.0
2010-07-09 00:00:00+05:30,236.5,237.85499572753906,236.00999450683594,236.88999938964844,197.8383331298828,9803290,0.0,0.0
2010-07-12 00:00:00+05:30,237.5050048828125,241.1999969482422,237.0050048828125,240.07000732421875,200.494140625,14948170,0.0,0.0
2010-07-13 00:00:00+05:30,240.10000610351562,243.7100067138672,239.00999450683594,242.91000366210938,202.86599731445312,17615470,0.0,0.0
2010-07-14 00:00:00+05:30,243.6999969482422,247.89999389648438,243.6999969482422,246.4499969482422,205.8223876953125,18159640,0.0,0.0
2010-07-15 00:00:00+05:30,247.0500030517578,247.3000030517578,243.39999389648438,243.98500061035156,203.76373291015625,8162390,0.0,0.0
2010-07-16 00:00:00+05:30,244.5,246.47500610351562,242.80999755859375,244.89999389648438,204.52789306640625,9528070,0.0,0.0
2010-07-19 00:00:00+05:30,243.89500427246094,246.3000030517578,242.60000610351562,245.52499389648438,205.04986572265625,7630370,0.0,0.0
2010-07-20 00:00:00+05:30,245.52499389648438,246.49000549316406,244.02499389648438,244.89999389648438,204.52789306640625,5076900,0.0,0.0
2010-07-21 00:00:00+05:30,245.55499267578125,246.30999755859375,243.39999389648438,243.6750030517578,203.50482177734375,5055340,0.0,0.0
2010-07-22 00:00:00+05:30,242.71499633789062,248.74000549316406,241.77499389648438,247.625,206.80368041992188,11585880,0.0,0.0
2010-07-23 00:00:00+05:30,248.10000610351562,250.375,247.60000610351562,249.67999267578125,208.5198974609375,14843460,0.0,0.0
2010-07-26 00:00:00+05:30,249.8000030517578,250.23500061035156,240.2100067138672,241.01499938964844,201.2833251953125,15780730,0.0,0.0
2010-07-27 00:00:00+05:30,241.9949951171875,244.69000244140625,240.05999755859375,243.51499938964844,203.3712158203125,23112370,0.0,0.0
2010-07-28 00:00:00+05:30,243.46499633789062,247.8000030517578,242.31500244140625,247.1300048828125,206.3902587890625,16576370,0.0,0.0
2010-07-29 00:00:00+05:30,246.1999969482422,248.27999877929688,243.61000061035156,247.30499267578125,206.5364227294922,15800230,0.0,0.0
2010-07-30 00:00:00+05:30,246.0,252.1999969482422,245.0449981689453,250.2899932861328,209.02932739257812,26944870,0.0,0.0
2010-08-02 00:00:00+05:30,251.9949951171875,260.0,251.1999969482422,258.635009765625,215.99867248535156,20585770,0.0,0.0
2010-08-03 00:00:00+05:30,259.8949890136719,261.67498779296875,257.8999938964844,260.05499267578125,217.18455505371094,16001370,0.0,0.0
2010-08-04 00:00:00+05:30,260.9949951171875,261.0,257.29998779296875,259.5150146484375,216.73361206054688,9779810,0.0,0.0
2010-08-05 00:00:00+05:30,260.0,266.2699890136719,259.0,264.57000732421875,220.95526123046875,22437960,0.0,0.0
2010-08-06 00:00:00+05:30,263.5,265.489990234375,260.79998779296875,261.93499755859375,218.754638671875,12794400,0.0,0.0
2010-08-09 00:00:00+05:30,262.5,265.5150146484375,261.6000061035156,265.0849914550781,221.38536071777344,8402850,0.0,0.0
2010-08-10 00:00:00+05:30,265.010009765625,267.5,262.4049987792969,262.9649963378906,219.61483764648438,13309390,0.0,0.0
2010-08-11 00:00:00+05:30,262.5,264.70001220703125,259.05999755859375,259.9599914550781,217.105224609375,9961780,0.0,0.0
2010-08-12 00:00:00+05:30,258.989990234375,279.5,257.6300048828125,278.44000244140625,232.5387725830078,64002190,0.0,0.0
2010-08-13 00:00:00+05:30,278.3999938964844,287.9700012207031,278.3999938964844,285.0249938964844,238.0382080078125,40721170,0.0,0.0
2010-08-16 00:00:00+05:30,284.70001220703125,285.4599914550781,280.9549865722656,282.1400146484375,235.6288299560547,15501900,0.0,0.0
2010-08-17 00:00:00+05:30,282.5,285.6050109863281,281.1549987792969,281.8450012207031,235.38243103027344,12544710,0.0,0.0
2010-08-18 00:00:00+05:30,282.7449951171875,283.4700012207031,276.6099853515625,281.4700012207031,235.0692901611328,15230490,0.0,0.0
2010-08-19 00:00:00+05:30,281.5050048828125,282.4800109863281,278.2650146484375,280.57000732421875,234.31765747070312,10875610,0.0,0.0
2010-08-20 00:00:00+05:30,280.0,283.3699951171875,278.010009765625,278.69000244140625,232.74761962890625,9755310,0.0,0.0
2010-08-23 00:00:00+05:30,279.0,284.25,277.04998779296875,282.32501220703125,235.78334045410156,13250210,0.0,0.0
2010-08-24 00:00:00+05:30,279.6499938964844,285.489990234375,279.6499938964844,284.5799865722656,237.66661071777344,19905960,0.0,0.0
2010-08-25 00:00:00+05:30,283.6000061035156,285.45001220703125,281.5,282.3550109863281,235.8083953857422,9216230,0.0,0.0
2010-08-26 00:00:00+05:30,283.0,288.4800109863281,282.5,286.614990234375,239.3661346435547,22642910,0.0,0.0
2010-08-27 00:00:00+05:30,286.1600036621094,286.54998779296875,278.5,279.44000244140625,233.37388610839844,12367930,0.0,0.0
2010-08-30 00:00:00+05:30,280.6650085449219,283.04998779296875,278.6400146484375,280.0,233.8416290283203,9183040,0.0,0.0
2010-08-31 00:00:00+05:30,279.0,279.0,274.1600036621094,276.6400146484375,231.03553771972656,13063890,0.0,0.0
2010-09-01 00:00:00+05:30,277.5,278.6300048828125,273.7250061035156,277.6499938964844,231.87904357910156,11380730,0.0,0.0
2010-09-02 00:00:00+05:30,278.9949951171875,280.4800109863281,275.1000061035156,275.9100036621094,230.4258575439453,10757500,0.0,0.0
2010-09-03 00:00:00+05:30,276.1650085449219,278.8999938964844,275.135009765625,277.3399963378906,231.62008666992188,6371210,0.0,0.0
2010-09-06 00:00:00+05:30,277.5,287.20001220703125,277.5,285.9100036621094,238.77734375,15331120,0.0,0.0
2010-09-07 00:00:00+05:30,286.1050109863281,286.2449951171875,282.82000732421875,283.7049865722656,236.93582153320312,8915520,0.0,0.0
2010-09-08 00:00:00+05:30,282.5050048828125,290.6000061035156,280.9200134277344,289.5899963378906,241.85064697265625,24261960,0.0,0.0
2010-09-09 00:00:00+05:30,290.0,299.4700012207031,289.7049865722656,298.4049987792969,249.21255493164062,32230550,0.0,0.0
2010-09-13 00:00:00+05:30,299.1050109863281,316.6000061035156,299.1050109863281,314.8550109863281,262.9507141113281,49114260,0.0,0.0
2010-09-14 00:00:00+05:30,315.4049987792969,316.6000061035156,308.25,310.9549865722656,259.6936340332031,24448530,0.0,0.0
2010-09-15 00:00:00+05:30,310.6000061035156,312.4700012207031,304.3349914550781,306.0299987792969,255.5805206298828,18165620,0.0,0.0
2010-09-16 00:00:00+05:30,306.29998779296875,314.20001220703125,306.0,309.4800109863281,258.4618225097656,32196770,0.0,0.0
2010-09-17 00:00:00+05:30,314.0,314.0,308.0,309.2749938964844,258.29058837890625,13313900,0.0,0.0
2010-09-20 00:00:00+05:30,310.0,312.3699951171875,307.5,310.8900146484375,259.63934326171875,13964290,0.0,0.0
2010-09-21 00:00:00+05:30,311.5,312.8999938964844,308.57000732421875,309.875,258.79168701171875,9449940,0.0,0.0
2010-09-22 00:00:00+05:30,311.5799865722656,315.8900146484375,309.82000732421875,314.8699951171875,262.9632568359375,19799750,0.0,0.0
2010-09-23 00:00:00+05:30,315.79998779296875,316.5,312.625,313.94500732421875,262.1907043457031,13751230,0.0,0.0
2010-09-24 00:00:00+05:30,313.510009765625,316.0,312.3349914550781,314.1400146484375,262.3535461425781,10802760,0.0,0.0
2010-09-27 00:00:00+05:30,314.5,319.9849853515625,314.5,318.06500244140625,265.63153076171875,12317840,0.0,0.0
2010-09-28 00:00:00+05:30,317.8999938964844,320.9949951171875,316.3349914550781,319.07000732421875,266.4708557128906,14599770,0.0,0.0
2010-09-29 00:00:00+05:30,319.0,322.5,318.6199951171875,319.57000732421875,266.888427734375,14836720,0.0,0.0
2010-09-30 00:00:00+05:30,319.8999938964844,327.4700012207031,317.5,324.0450134277344,270.625732421875,30806190,0.0,0.0
2010-10-01 00:00:00+05:30,323.94000244140625,328.79998779296875,322.1000061035156,327.2149963378906,273.2731628417969,16451380,0.0,0.0
2010-10-04 00:00:00+05:30,327.5,329.9949951171875,324.5199890136719,325.9649963378906,272.2292175292969,12102230,0.0,0.0
2010-10-05 00:00:00+05:30,325.5,327.510009765625,323.7200012207031,324.79998779296875,271.2563171386719,9620340,0.0,0.0
2010-10-06 00:00:00+05:30,325.5,327.7900085449219,322.4549865722656,323.3299865722656,270.0285339355469,7865720,0.0,0.0
2010-10-07 00:00:00+05:30,323.6000061035156,324.69000244140625,320.79998779296875,321.989990234375,268.909423828125,8527160,0.0,0.0
2010-10-08 00:00:00+05:30,321.79998779296875,326.7900085449219,321.5,324.739990234375,271.20611572265625,9432630,0.0,0.0
2010-10-11 00:00:00+05:30,325.79998779296875,327.3500061035156,324.5150146484375,326.5,272.6759948730469,6559420,0.0,0.0
2010-10-12 00:00:00+05:30,325.5,326.5799865722656,320.1600036621094,323.364990234375,270.05780029296875,7547160,0.0,0.0
2010-10-13 00:00:00+05:30,323.9949951171875,331.5,322.29998779296875,330.55999755859375,276.0667724609375,15432970,0.0,0.0
2010-10-14 00:00:00+05:30,331.5,332.4849853515625,324.82000732421875,326.1449890136719,272.3795471191406,6700620,0.0,0.0
2010-10-15 00:00:00+05:30,328.1000061035156,328.1000061035156,315.0249938964844,316.56500244140625,264.3787841796875,14198900,0.0,0.0
2010-10-18 00:00:00+05:30,318.5,320.94000244140625,313.2850036621094,316.7749938964844,264.5541687011719,17299680,0.0,0.0
2010-10-19 00:00:00+05:30,318.4800109863281,320.3999938964844,310.57000732421875,311.6600036621094,260.28240966796875,11811670,0.0,0.0
2010-10-20 00:00:00+05:30,310.5,313.3900146484375,307.6000061035156,309.43499755859375,258.4241638183594,12889050,0.0,0.0
2010-10-21 00:00:00+05:30,310.79998779296875,320.94500732421875,310.6050109863281,319.510009765625,266.8383483886719,12952060,0.0,0.0
2010-10-22 00:00:00+05:30,320.0,322.20001220703125,317.1000061035156,320.6199951171875,267.76531982421875,12025260,0.0,0.0
2010-10-25 00:00:00+05:30,320.8999938964844,325.239990234375,320.79998779296875,323.9200134277344,270.5213317871094,9432490,0.0,0.0
2010-10-26 00:00:00+05:30,323.3999938964844,323.3999938964844,317.3999938964844,318.0799865722656,265.64404296875,14037350,0.0,0.0
2010-10-27 00:00:00+05:30,317.94000244140625,321.3800048828125,315.6650085449219,318.7900085449219,266.237060546875,8411000,0.0,0.0
2010-10-28 00:00:00+05:30,319.79998779296875,323.6000061035156,316.510009765625,318.8349914550781,266.2745666503906,19709480,0.0,0.0
2010-10-29 00:00:00+05:30,318.0199890136719,318.8349914550781,311.80499267578125,315.05999755859375,263.12188720703125,9741720,0.0,0.0
2010-11-01 00:00:00+05:30,319.5,321.79998779296875,316.82000732421875,319.8450012207031,267.1181640625,8783170,0.0,0.0
2010-11-02 00:00:00+05:30,319.8999938964844,324.0,317.6700134277344,320.18499755859375,267.4020080566406,12948750,0.0,0.0
2010-11-03 00:00:00+05:30,321.5,328.6000061035156,321.1099853515625,327.260009765625,273.31072998046875,13392290,0.0,0.0
2010-11-04 00:00:00+05:30,329.79998779296875,344.8999938964844,328.614990234375,343.3450012207031,286.7441101074219,19974730,0.0,0.0
2010-11-08 00:00:00+05:30,350.5,351.5,341.32501220703125,342.5150146484375,286.0509338378906,17527910,0.0,0.0
2010-11-09 00:00:00+05:30,333.0,334.79998779296875,326.1099853515625,327.2550048828125,273.30657958984375,39874860,0.0,0.0
2010-11-10 00:00:00+05:30,327.1000061035156,329.19000244140625,320.8999938964844,321.4599914550781,268.46685791015625,23510530,0.0,0.0
2010-11-11 00:00:00+05:30,322.20001220703125,325.3999938964844,316.6099853515625,317.5950012207031,265.23895263671875,23159970,0.0,0.0
2010-11-12 00:00:00+05:30,317.0249938964844,317.5,300.2049865722656,302.67999267578125,252.78285217285156,27246230,0.0,0.0
2010-11-15 00:00:00+05:30,303.20001220703125,317.4700012207031,301.0,316.3500061035156,264.1992492675781,38057580,0.0,0.0
2010-11-16 00:00:00+05:30,317.19000244140625,318.79998779296875,306.1400146484375,308.05999755859375,257.27587890625,31881610,0.0,0.0
2010-11-18 00:00:00+05:30,310.79998779296875,311.1000061035156,296.5,306.5050048828125,255.97723388671875,43440440,0.0,0.0
2010-11-19 00:00:00+05:30,306.79998779296875,306.79998779296875,297.5050048828125,299.0950012207031,249.7887725830078,22096350,0.0,0.0
2010-11-22 00:00:00+05:30,300.125,305.0,298.05499267578125,303.9849853515625,253.8726806640625,22722140,0.0,0.0
2010-11-23 00:00:00+05:30,301.3999938964844,301.3999938964844,287.0350036621094,295.3399963378906,246.6527862548828,44970820,0.0,0.0
2010-11-24 00:00:00+05:30,295.55499267578125,297.6099853515625,281.42999267578125,285.1000061035156,238.100830078125,34672020,0.0,0.0
2010-11-25 00:00:00+05:30,287.1000061035156,288.3999938964844,277.5,282.19000244140625,235.6706085205078,46879080,0.0,0.0
2010-11-26 00:00:00+05:30,283.1099853515625,290.9700012207031,279.17498779296875,286.2749938964844,239.0821533203125,40665000,0.0,0.0
2010-11-29 00:00:00+05:30,287.2099914550781,290.1050109863281,284.1000061035156,287.9750061035156,240.50192260742188,18550930,0.0,0.0
2010-11-30 00:00:00+05:30,287.239990234375,299.989990234375,285.5249938964844,299.2200012207031,249.8931884765625,31774970,0.0,0.0
2010-12-01 00:00:00+05:30,299.8999938964844,312.3500061035156,297.5050048828125,310.0150146484375,258.9085998535156,28775250,0.0,0.0
2010-12-02 00:00:00+05:30,312.3550109863281,317.3599853515625,308.7049865722656,309.9200134277344,258.8292236328125,20127970,0.0,0.0
2010-12-03 00:00:00+05:30,309.29998779296875,310.5,304.79998779296875,307.07501220703125,256.4532775878906,16717370,0.0,0.0
2010-12-06 00:00:00+05:30,307.9700012207031,309.0,293.5,295.2349853515625,246.56507873535156,31659450,0.0,0.0
2010-12-07 00:00:00+05:30,295.29998779296875,295.5,285.0,286.45001220703125,239.22828674316406,38866190,0.0,0.0
2010-12-08 00:00:00+05:30,285.0,286.0,279.20001220703125,280.5,234.25917053222656,34752920,0.0,0.0
2010-12-09 00:00:00+05:30,281.5,281.70001220703125,266.6499938964844,268.69000244140625,224.3960418701172,43130530,0.0,0.0
2010-12-10 00:00:00+05:30,268.3999938964844,274.4549865722656,265.54998779296875,273.2449951171875,228.20016479492188,52261980,0.0,0.0
2010-12-13 00:00:00+05:30,274.54998779296875,278.0,269.5,274.4849853515625,229.23573303222656,42073330,0.0,0.0
2010-12-14 00:00:00+05:30,274.9200134277344,280.5,274.05499267578125,279.2699890136719,233.23196411132812,24181790,0.0,0.0
2010-12-15 00:00:00+05:30,278.29998779296875,278.29998779296875,267.0,269.80499267578125,225.32723999023438,30594750,0.0,0.0
2010-12-16 00:00:00+05:30,270.8999938964844,277.8999938964844,267.739990234375,276.2950134277344,230.74737548828125,45922940,0.0,0.0
2010-12-20 00:00:00+05:30,275.0,275.0,269.0,270.0450134277344,225.5277099609375,24810450,0.0,0.0
2010-12-21 00:00:00+05:30,270.92498779296875,276.5,270.92498779296875,274.375,229.14389038085938,19613340,0.0,0.0
2010-12-22 00:00:00+05:30,274.79998779296875,278.79998779296875,273.0,274.4949951171875,229.24411010742188,18938400,0.0,0.0
2010-12-23 00:00:00+05:30,275.5,276.7900085449219,273.510009765625,274.625,229.35269165039062,11988360,0.0,0.0
2010-12-24 00:00:00+05:30,274.6000061035156,276.8999938964844,273.0,275.5350036621094,230.1126708984375,11545630,0.0,0.0
2010-12-27 00:00:00+05:30,276.45001220703125,277.135009765625,274.55999755859375,275.1199951171875,229.76608276367188,10204450,0.0,0.0
2010-12-28 00:00:00+05:30,276.5,276.5,272.5,272.8500061035156,227.87033081054688,9764330,0.0,0.0
2010-12-29 00:00:00+05:30,273.5,276.32000732421875,273.125,275.5199890136719,230.1001739501953,9241550,0.0,0.0
2010-12-30 00:00:00+05:30,275.1000061035156,278.0450134277344,274.17999267578125,274.9649963378906,229.63662719726562,21062540,0.0,0.0
2010-12-31 00:00:00+05:30,275.3999938964844,282.7449951171875,275.30499267578125,281.19000244140625,234.83541870117188,19624140,0.0,0.0
2011-01-03 00:00:00+05:30,283.2699890136719,285.20001220703125,281.5150146484375,282.2099914550781,235.6873016357422,11060070,0.0,0.0
2011-01-04 00:00:00+05:30,283.44000244140625,283.44000244140625,272.7149963378906,273.55999755859375,228.46328735351562,31035310,0.0,0.0
2011-01-05 00:00:00+05:30,273.5,273.6400146484375,268.20001220703125,269.32000732421875,224.92221069335938,25213120,0.0,0.0
2011-01-06 00:00:00+05:30,271.3999938964844,271.3999938964844,261.30999755859375,262.239990234375,219.00933837890625,37167080,0.0,0.0
2011-01-07 00:00:00+05:30,261.7900085449219,264.20001220703125,256.7149963378906,260.0950012207031,217.2179412841797,44430600,0.0,0.0
2011-01-10 00:00:00+05:30,259.9849853515625,263.3999938964844,253.60000610351562,254.7100067138672,212.72068786621094,29547190,0.0,0.0
2011-01-11 00:00:00+05:30,254.625,262.8599853515625,253.5,261.2850036621094,218.21180725097656,34477870,0.0,0.0
2011-01-12 00:00:00+05:30,262.79998779296875,268.8999938964844,256.9700012207031,266.9700012207031,222.9596405029297,41769810,0.0,0.0
2011-01-13 00:00:00+05:30,267.3999938964844,267.3999938964844,255.4949951171875,256.07000732421875,213.85650634765625,28050330,0.0,0.0
2011-01-14 00:00:00+05:30,256.6700134277344,258.79998779296875,249.13999938964844,250.0800018310547,208.85397338867188,26839080,0.0,0.0
2011-01-17 00:00:00+05:30,250.39999389648438,253.5,249.0,251.6199951171875,210.14007568359375,16030680,0.0,0.0
2011-01-18 00:00:00+05:30,252.0,256.20001220703125,252.0,255.4550018310547,213.34291076660156,11847170,0.0,0.0
2011-01-19 00:00:00+05:30,256.19000244140625,256.5849914550781,248.72500610351562,250.1750030517578,208.9332733154297,22819750,0.0,0.0
2011-01-20 00:00:00+05:30,249.10000610351562,254.5,246.30999755859375,253.5050048828125,211.71437072753906,28013320,0.0,0.0
2011-01-21 00:00:00+05:30,252.88999938964844,260.70001220703125,252.1999969482422,259.69000244140625,216.87973022460938,29086400,0.0,0.0
2011-01-24 00:00:00+05:30,264.0,270.739990234375,263.6000061035156,269.5050048828125,225.0767364501953,36693320,0.0,0.0
2011-01-25 00:00:00+05:30,270.8999938964844,273.739990234375,266.79998779296875,267.7950134277344,223.64865112304688,41470240,0.0,0.0
2011-01-27 00:00:00+05:30,268.9049987792969,271.19500732421875,264.25,265.3500061035156,221.60665893554688,29786890,0.0,0.0
2011-01-28 00:00:00+05:30,264.9700012207031,267.4649963378906,259.0450134277344,262.0150146484375,218.8214569091797,28302770,0.0,0.0
2011-01-31 00:00:00+05:30,258.0,266.5,257.1000061035156,264.239990234375,220.67965698242188,26079810,0.0,0.0
2011-02-01 00:00:00+05:30,265.260009765625,266.0,258.5199890136719,259.4049987792969,216.64173889160156,26786520,0.0,0.0
2011-02-02 00:00:00+05:30,262.4700012207031,263.3599853515625,256.0,257.375,214.9463653564453,21956200,0.0,0.0
2011-02-03 00:00:00+05:30,257.5,265.8999938964844,256.1199951171875,265.17498779296875,221.46051025390625,21769030,0.0,0.0
2011-02-04 00:00:00+05:30,264.79998779296875,269.5,263.0,264.5799865722656,220.9635772705078,29249880,0.0,0.0
2011-02-07 00:00:00+05:30,265.9700012207031,268.7799987792969,263.4549865722656,266.3450012207031,222.43765258789062,17458040,0.0,0.0
2011-02-08 00:00:00+05:30,266.3999938964844,268.5,262.3999938964844,263.82000732421875,220.32891845703125,25097770,0.0,0.0
2011-02-09 00:00:00+05:30,263.5,263.5,256.5,258.1000061035156,215.55186462402344,19473280,0.0,0.0
2011-02-10 00:00:00+05:30,257.80999755859375,258.5,247.6300048828125,249.41000366210938,208.29441833496094,28514130,0.0,0.0
2011-02-11 00:00:00+05:30,249.8000030517578,260.20001220703125,248.5050048828125,259.260009765625,216.5206298828125,26488500,0.0,0.0
2011-02-14 00:00:00+05:30,261.0,270.69000244140625,261.0,269.82000732421875,225.33978271484375,26170250,0.0,0.0
2011-02-15 00:00:00+05:30,271.0,276.1000061035156,267.010009765625,273.67999267578125,228.56346130371094,28975160,0.0,0.0
2011-02-16 00:00:00+05:30,273.2349853515625,277.29998779296875,272.3699951171875,275.1050109863281,229.7535400390625,17009500,0.0,0.0
2011-02-17 00:00:00+05:30,275.20001220703125,278.79998779296875,274.0,278.05499267578125,232.2172393798828,16081310,0.0,0.0
2011-02-18 00:00:00+05:30,278.2550048828125,281.4750061035156,273.9599914550781,276.1050109863281,230.5887451171875,26082690,0.0,0.0
2011-02-21 00:00:00+05:30,276.1400146484375,279.8999938964844,274.44500732421875,279.18499755859375,233.1610107421875,18315610,0.0,0.0
2011-02-22 00:00:00+05:30,277.3999938964844,277.70001220703125,271.3999938964844,272.7300109863281,227.77008056640625,19700870,0.0,0.0
2011-02-23 00:00:00+05:30,271.0,272.0899963378906,260.94000244140625,261.7650146484375,218.61270141601562,31528330,0.0,0.0
2011-02-24 00:00:00+05:30,262.44000244140625,264.0,251.22500610351562,252.86500549316406,211.17987060546875,37517520,0.0,0.0
2011-02-25 00:00:00+05:30,255.0,261.9800109863281,253.3800048828125,258.2650146484375,215.6896514892578,31609310,0.0,0.0
2011-02-28 00:00:00+05:30,259.0,266.2149963378906,258.364990234375,263.0450134277344,219.68165588378906,26445970,0.0,0.0
2011-03-01 00:00:00+05:30,265.70001220703125,271.79998779296875,264.7449951171875,270.5350036621094,225.93692016601562,18161160,0.0,0.0
2011-03-03 00:00:00+05:30,269.0,271.9150085449219,265.55999755859375,268.25,224.0286102294922,28700950,0.0,0.0
2011-03-04 00:00:00+05:30,270.79998779296875,272.79998779296875,269.30499267578125,270.4649963378906,225.87844848632812,17552410,0.0,0.0
2011-03-07 00:00:00+05:30,268.44000244140625,268.44000244140625,261.1000061035156,262.4150085449219,219.155517578125,15342560,0.0,0.0
2011-03-08 00:00:00+05:30,262.79998779296875,265.489990234375,262.0199890136719,264.2250061035156,220.66714477539062,13918430,0.0,0.0
2011-03-09 00:00:00+05:30,265.9700012207031,266.5,261.7200012207031,262.7349853515625,219.42276000976562,15533520,0.0,0.0
2011-03-10 00:00:00+05:30,261.5249938964844,261.5249938964844,257.5,258.9750061035156,216.28262329101562,14394580,0.0,0.0
2011-03-11 00:00:00+05:30,257.7900085449219,259.5,255.39999389648438,256.5150146484375,214.22813415527344,13732700,0.0,0.0
2011-03-14 00:00:00+05:30,257.25,260.8999938964844,256.5799865722656,260.2049865722656,217.30982971191406,12226670,0.0,0.0
2011-03-15 00:00:00+05:30,256.0,258.45001220703125,252.0449981689453,256.25,214.00682067871094,14295940,0.0,0.0
2011-03-16 00:00:00+05:30,257.625,265.8599853515625,257.625,264.3949890136719,220.80911254882812,18196070,0.0,0.0
2011-03-17 00:00:00+05:30,262.5,267.0,260.8699951171875,261.75,218.6001434326172,20404270,0.0,0.0
2011-03-18 00:00:00+05:30,263.6000061035156,264.20001220703125,258.0,259.0249938964844,216.32437133789062,11578130,0.0,0.0
2011-03-21 00:00:00+05:30,260.8399963378906,261.45001220703125,256.8599853515625,258.260009765625,215.68548583984375,10688970,0.0,0.0
2011-03-22 00:00:00+05:30,259.5400085449219,263.2099914550781,259.5,262.05499267578125,218.85484313964844,11912100,0.0,0.0
2011-03-23 00:00:00+05:30,261.7900085449219,264.79998779296875,259.5,264.2650146484375,220.70054626464844,12688430,0.0,0.0
2011-03-24 00:00:00+05:30,264.79998779296875,266.57000732421875,263.2099914550781,265.07501220703125,221.37704467773438,8893740,0.0,0.0
2011-03-25 00:00:00+05:30,266.79998779296875,271.8999938964844,264.79998779296875,271.0849914550781,226.39627075195312,15233710,0.0,0.0
2011-03-28 00:00:00+05:30,270.5,276.0150146484375,270.125,274.92498779296875,229.60321044921875,15428240,0.0,0.0
2011-03-29 00:00:00+05:30,274.17999267578125,279.2950134277344,274.1099853515625,276.7900085449219,231.16075134277344,15582890,0.0,0.0
2011-03-30 00:00:00+05:30,277.989990234375,287.07000732421875,277.5299987792969,285.6099853515625,238.5267791748047,22426060,0.0,0.0
2011-03-31 00:00:00+05:30,287.9700012207031,288.8500061035156,275.79998779296875,276.5299987792969,230.94366455078125,48157790,0.0,0.0
2011-04-01 00:00:00+05:30,276.5299987792969,277.3999938964844,270.510009765625,271.9549865722656,227.12283325195312,31112850,0.0,0.0
2011-04-04 00:00:00+05:30,272.70001220703125,277.3999938964844,272.6300048828125,276.3299865722656,230.77658081054688,15845550,0.0,0.0
2011-04-05 00:00:00+05:30,278.45001220703125,280.3699951171875,274.20001220703125,279.625,233.5283966064453,17637000,0.0,0.0
2011-04-06 00:00:00+05:30,279.8800048828125,282.3999938964844,277.5150146484375,279.7349853515625,233.62025451660156,21141460,0.0,0.0
2011-04-07 00:00:00+05:30,279.3999938964844,283.5,277.5,281.2900085449219,234.91891479492188,15238690,0.0,0.0
2011-04-08 00:00:00+05:30,280.5,282.489990234375,276.1700134277344,277.82501220703125,232.02520751953125,12049980,0.0,0.0
2011-04-11 00:00:00+05:30,277.9700012207031,279.79998779296875,276.25,278.4200134277344,232.52207946777344,11324650,0.0,0.0
2011-04-13 00:00:00+05:30,276.7900085449219,282.989990234375,275.8999938964844,281.8999938964844,235.42837524414062,15569850,0.0,0.0
2011-04-15 00:00:00+05:30,281.79998779296875,284.8999938964844,279.5,280.81500244140625,234.52223205566406,13672440,0.0,0.0
2011-04-18 00:00:00+05:30,281.20001220703125,284.3999938964844,274.68499755859375,275.1549987792969,229.79530334472656,10581700,0.0,0.0
2011-04-19 00:00:00+05:30,275.5,276.864990234375,271.510009765625,273.3349914550781,228.27532958984375,11032690,0.0,0.0
2011-04-20 00:00:00+05:30,275.2049865722656,280.20001220703125,272.3550109863281,279.5150146484375,233.4365997314453,19305390,0.0,0.0
2011-04-21 00:00:00+05:30,282.0,287.5,280.92498779296875,286.114990234375,238.94854736328125,17996100,0.0,0.0
2011-04-25 00:00:00+05:30,287.20001220703125,296.0050048828125,287.20001220703125,291.8800048828125,243.76319885253906,12606890,0.0,0.0
2011-04-26 00:00:00+05:30,292.45001220703125,294.9599914550781,288.5400085449219,293.375,245.01168823242188,14745840,0.0,0.0
2011-04-27 00:00:00+05:30,294.0,295.4800109863281,290.1199951171875,291.0450134277344,243.06582641601562,15225750,0.0,0.0
2011-04-28 00:00:00+05:30,292.8999938964844,293.2099914550781,284.510009765625,285.57501220703125,238.49757385253906,18966690,0.0,0.0
2011-04-29 00:00:00+05:30,285.5950012207031,286.8949890136719,278.5,280.4599914550781,234.2257843017578,11658890,0.0,0.0
2011-05-02 00:00:00+05:30,281.0,281.8999938964844,268.20001220703125,269.2699890136719,224.88047790527344,20646010,0.0,0.0
2011-05-03 00:00:00+05:30,268.010009765625,272.7699890136719,257.5,258.3699951171875,215.7772979736328,51171950,0.0,0.0
2011-05-04 00:00:00+05:30,259.19000244140625,264.3900146484375,256.25,261.5799865722656,218.4581756591797,22676620,0.0,0.0
2011-05-05 00:00:00+05:30,261.5,264.2900085449219,258.70001220703125,260.239990234375,217.33905029296875,17188540,0.0,0.0
2011-05-06 00:00:00+05:30,260.29998779296875,266.3500061035156,260.29998779296875,264.989990234375,221.3060302734375,14598950,0.0,0.0
2011-05-09 00:00:00+05:30,265.70001220703125,266.489990234375,260.20001220703125,262.32501220703125,219.08038330078125,10878290,0.0,0.0
2011-05-10 00:00:00+05:30,262.05999755859375,263.8999938964844,260.9049987792969,262.70001220703125,219.3935546875,9979430,0.0,0.0
2011-05-11 00:00:00+05:30,263.739990234375,268.8699951171875,261.20001220703125,267.5,223.40228271484375,22769520,0.0,0.0
2011-05-12 00:00:00+05:30,265.8999938964844,267.9800109863281,263.0950012207031,264.1449890136719,220.60032653808594,14504050,0.0,0.0
2011-05-13 00:00:00+05:30,264.44000244140625,268.0,261.510009765625,264.9649963378906,221.28517150878906,18406430,0.0,0.0
2011-05-16 00:00:00+05:30,264.0,265.7200012207031,261.010009765625,261.6300048828125,218.4999542236328,13822430,0.0,0.0
2011-05-17 00:00:00+05:30,262.30999755859375,262.68499755859375,240.10000610351562,241.47000122070312,201.66334533691406,80113800,0.0,0.0
2011-05-18 00:00:00+05:30,238.0,239.7949981689453,232.84500122070312,235.5749969482422,196.74012756347656,58824570,0.0,0.0
2011-05-19 00:00:00+05:30,236.44000244140625,237.8699951171875,231.26499938964844,232.22999572753906,193.94656372070312,34026530,0.0,0.0
2011-05-20 00:00:00+05:30,231.1999969482422,235.91000366210938,231.0399932861328,232.0449981689453,196.32826232910156,26997180,3.0,0.0
2011-05-23 00:00:00+05:30,231.39999389648438,231.39999389648438,223.8249969482422,224.97500610351562,190.3465118408203,24033650,0.0,0.0
2011-05-24 00:00:00+05:30,225.0,226.7899932861328,221.60000610351562,222.2100067138672,188.00711059570312,24855500,0.0,0.0
2011-05-25 00:00:00+05:30,221.8000030517578,222.97999572753906,216.5,217.7949981689453,184.27166748046875,34547150,0.0,0.0
2011-05-26 00:00:00+05:30,218.47000122070312,221.27000427246094,216.73500061035156,218.8300018310547,185.14735412597656,40873720,0.0,0.0
2011-05-27 00:00:00+05:30,220.3699951171875,224.22500610351562,220.10000610351562,223.46499633789062,189.06890869140625,26039190,0.0,0.0
2011-05-30 00:00:00+05:30,224.19000244140625,225.39999389648438,221.5,223.72999572753906,189.29312133789062,13539840,0.0,0.0
2011-05-31 00:00:00+05:30,225.1999969482422,230.4199981689453,224.80999755859375,229.7949981689453,194.4246063232422,20564070,0.0,0.0
2011-06-01 00:00:00+05:30,230.8800048828125,233.6999969482422,230.10000610351562,232.9199981689453,197.068603515625,25424640,0.0,0.0
2011-06-02 00:00:00+05:30,230.8000030517578,234.97999572753906,229.39999389648438,233.4199981689453,197.4916534423828,19906680,0.0,0.0
2011-06-03 00:00:00+05:30,233.47000122070312,235.60000610351562,230.10000610351562,231.25,195.65560913085938,15729010,0.0,0.0
2011-06-06 00:00:00+05:30,230.3000030517578,232.19000244140625,227.24000549316406,231.71499633789062,196.04904174804688,13405530,0.0,0.0
2011-06-07 00:00:00+05:30,231.33999633789062,233.6699981689453,230.50999450683594,232.00999450683594,196.2986602783203,12526900,0.0,0.0
2011-06-08 00:00:00+05:30,231.39999389648438,232.3000030517578,228.61000061035156,229.49000549316406,194.16656494140625,14453350,0.0,0.0
2011-06-09 00:00:00+05:30,229.49000549316406,230.93499755859375,225.56500244140625,226.35499572753906,191.51405334472656,19949120,0.0,0.0
2011-06-10 00:00:00+05:30,226.97999572753906,227.4949951171875,222.52999877929688,224.2899932861328,189.76690673828125,14751640,0.0,0.0
2011-06-13 00:00:00+05:30,223.89500427246094,224.1999969482422,221.0,221.9949951171875,187.82518005371094,17059570,0.0,0.0
2011-06-14 00:00:00+05:30,223.10000610351562,224.64999389648438,222.0749969482422,223.02499389648438,188.69662475585938,15920730,0.0,0.0
2011-06-15 00:00:00+05:30,223.35000610351562,223.5749969482422,217.5749969482422,218.25,184.65663146972656,20552870,0.0,0.0
2011-06-16 00:00:00+05:30,217.16000366210938,222.51499938964844,216.13499450683594,220.5449981689453,186.59837341308594,23779200,0.0,0.0
2011-06-17 00:00:00+05:30,222.0,222.1300048828125,218.8800048828125,221.30999755859375,187.24559020996094,12198680,0.0,0.0
2011-06-20 00:00:00+05:30,222.0,222.17999267578125,212.0050048828125,218.02000427246094,184.46202087402344,15482450,0.0,0.0
2011-06-21 00:00:00+05:30,218.8000030517578,220.99000549316406,214.1199951171875,214.85000610351562,181.7799530029297,16470300,0.0,0.0
2011-06-22 00:00:00+05:30,216.17999267578125,216.4600067138672,212.3249969482422,214.0500030517578,181.10308837890625,14625190,0.0,0.0
2011-06-23 00:00:00+05:30,213.64999389648438,216.99000549316406,213.60000610351562,216.13499450683594,182.86717224121094,9463560,0.0,0.0
2011-06-24 00:00:00+05:30,217.69500732421875,229.80999755859375,217.36000061035156,228.61000061035156,193.42198181152344,27608460,0.0,0.0
2011-06-27 00:00:00+05:30,227.5,232.97999572753906,226.1999969482422,232.60000610351562,196.7978515625,22791310,0.0,0.0
2011-06-28 00:00:00+05:30,233.11000061035156,234.9199981689453,231.98500061035156,234.11000061035156,198.07542419433594,17301420,0.0,0.0
2011-06-29 00:00:00+05:30,235.1999969482422,238.63999938964844,234.50999450683594,237.9550018310547,201.32861328125,18677540,0.0,0.0
2011-06-30 00:00:00+05:30,238.8000030517578,243.3000030517578,238.8000030517578,240.46499633789062,203.45223999023438,27865900,0.0,0.0
2011-07-01 00:00:00+05:30,241.85000610351562,242.9499969482422,238.39999389648438,242.02999877929688,204.7763671875,18739400,0.0,0.0
2011-07-04 00:00:00+05:30,244.5399932861328,244.89999389648438,242.1999969482422,243.61000061035156,206.1131591796875,9574540,0.0,0.0
2011-07-05 00:00:00+05:30,243.89999389648438,247.83999633789062,240.9499969482422,247.3300018310547,209.26058959960938,15940790,0.0,0.0
2011-07-06 00:00:00+05:30,247.0,247.72500610351562,243.65499877929688,244.38499450683594,206.7688751220703,10108580,0.0,0.0
2011-07-07 00:00:00+05:30,244.60000610351562,248.74000549316406,243.0050048828125,248.28500366210938,210.06857299804688,13821540,0.0,0.0
2011-07-08 00:00:00+05:30,248.125,251.5,245.7899932861328,247.84500122070312,209.6962890625,14722650,0.0,0.0
2011-07-11 00:00:00+05:30,246.97999572753906,246.97999572753906,242.10000610351562,243.50999450683594,206.028564453125,12102030,0.0,0.0
2011-07-12 00:00:00+05:30,240.39999389648438,242.5,238.43499755859375,240.01499938964844,203.07150268554688,13952420,0.0,0.0
2011-07-13 00:00:00+05:30,241.47000122070312,244.15499877929688,241.1999969482422,243.11000061035156,205.6901092529297,8140370,0.0,0.0
2011-07-14 00:00:00+05:30,242.3000030517578,248.9250030517578,241.30499267578125,246.7100067138672,208.7360076904297,15270140,0.0,0.0
2011-07-15 00:00:00+05:30,246.5,249.89999389648438,246.5,247.49000549316406,209.3959503173828,13043910,0.0,0.0
2011-07-18 00:00:00+05:30,247.33999633789062,248.38499450683594,245.35000610351562,247.6750030517578,209.55247497558594,6776210,0.0,0.0
2011-07-19 00:00:00+05:30,246.97999572753906,251.6999969482422,246.60000610351562,251.26499938964844,212.5899200439453,11027960,0.0,0.0
2011-07-20 00:00:00+05:30,252.39999389648438,252.8699951171875,246.05499267578125,247.13999938964844,209.09982299804688,9809450,0.0,0.0
2011-07-21 00:00:00+05:30,247.3000030517578,247.94500732421875,244.39999389648438,245.5,207.7122344970703,7842670,0.0,0.0
2011-07-22 00:00:00+05:30,247.0,250.6999969482422,246.0050048828125,249.83999633789062,211.38421630859375,12400210,0.0,0.0
2011-07-25 00:00:00+05:30,249.25,252.5,247.22500610351562,251.27000427246094,212.59413146972656,13838330,0.0,0.0
2011-07-26 00:00:00+05:30,251.8000030517578,252.97000122070312,242.90499877929688,244.60499572753906,206.9550018310547,25320140,0.0,0.0
2011-07-27 00:00:00+05:30,244.38999938964844,244.47999572753906,238.0500030517578,240.4949951171875,203.4776153564453,18543260,0.0,0.0
2011-07-28 00:00:00+05:30,237.5500030517578,239.5,234.5050048828125,235.66000366210938,199.38685607910156,19799270,0.0,0.0
2011-07-29 00:00:00+05:30,235.8000030517578,237.60000610351562,233.47000122070312,234.47999572753906,198.3884735107422,11077080,0.0,0.0
2011-08-01 00:00:00+05:30,236.50999450683594,238.3000030517578,232.6649932861328,234.50999450683594,198.41384887695312,11195130,0.0,0.0
2011-08-02 00:00:00+05:30,233.63999938964844,233.85000610351562,226.85499572753906,227.7100067138672,192.6605224609375,13644640,0.0,0.0
2011-08-03 00:00:00+05:30,225.0,228.77000427246094,224.84500122070312,227.8699951171875,192.79586791992188,12104420,0.0,0.0
2011-08-04 00:00:00+05:30,228.88999938964844,231.0,225.22500610351562,225.77499389648438,191.0233612060547,11950660,0.0,0.0
2011-08-05 00:00:00+05:30,220.5,224.39999389648438,218.0500030517578,223.48500061035156,189.0858612060547,20169060,0.0,0.0
2011-08-08 00:00:00+05:30,218.88999938964844,226.52499389648438,218.0,221.6999969482422,187.57559204101562,15078220,0.0,0.0
2011-08-09 00:00:00+05:30,216.5,228.89999389648438,215.75,222.22000122070312,188.0155487060547,29536660,0.0,0.0
2011-08-10 00:00:00+05:30,227.5,228.69000244140625,225.40499877929688,227.21499633789062,192.24171447753906,14737300,0.0,0.0
2011-08-11 00:00:00+05:30,226.5,228.3300018310547,224.10000610351562,224.63499450683594,190.05882263183594,13660260,0.0,0.0
2011-08-12 00:00:00+05:30,227.7899932861328,227.8000030517578,215.0,219.6999969482422,185.88343811035156,22806370,0.0,0.0
2011-08-16 00:00:00+05:30,218.0,224.75,216.53500366210938,219.69500732421875,185.87921142578125,27203690,0.0,0.0
2011-08-17 00:00:00+05:30,220.5,223.33999633789062,216.31500244140625,217.02499389648438,183.62017822265625,18874550,0.0,0.0
2011-08-18 00:00:00+05:30,218.39999389648438,218.5,207.0050048828125,207.83999633789062,175.8489227294922,22263180,0.0,0.0
2011-08-19 00:00:00+05:30,205.0,210.89999389648438,202.63499450683594,203.75,172.38848876953125,28269740,0.0,0.0
2011-08-22 00:00:00+05:30,204.5800018310547,207.49000549316406,200.6999969482422,206.19500732421875,174.45713806152344,20180230,0.0,0.0
2011-08-23 00:00:00+05:30,207.8699951171875,208.1999969482422,203.7100067138672,206.3699951171875,174.60520935058594,17086370,0.0,0.0
2011-08-24 00:00:00+05:30,206.67999267578125,208.10000610351562,197.80999755859375,198.97500610351562,168.3484649658203,31650290,0.0,0.0
2011-08-25 00:00:00+05:30,200.0,200.9499969482422,195.15499877929688,195.97500610351562,165.81024169921875,36511880,0.0,0.0
2011-08-26 00:00:00+05:30,196.39999389648438,197.24000549316406,186.66000366210938,188.78500366210938,159.7269287109375,31415580,0.0,0.0
2011-08-29 00:00:00+05:30,192.5,195.0,191.1649932861328,193.86000061035156,164.02076721191406,21877780,0.0,0.0
2011-08-30 00:00:00+05:30,197.47000122070312,198.3800048828125,192.26499938964844,197.3800048828125,166.9989776611328,29507680,0.0,0.0
2011-09-02 00:00:00+05:30,199.10000610351562,202.10000610351562,196.00999450683594,199.34500122070312,168.66151428222656,29550280,0.0,0.0
2011-09-05 00:00:00+05:30,197.28500366210938,201.60000610351562,196.1999969482422,200.65499877929688,169.76986694335938,26481160,0.0,0.0
2011-09-06 00:00:00+05:30,199.35499572753906,199.69500732421875,193.22000122070312,197.97000122070312,167.49813842773438,32404740,0.0,0.0
2011-09-07 00:00:00+05:30,198.33999633789062,204.26499938964844,198.3249969482422,202.77499389648438,171.56356811523438,25046770,0.0,0.0
2011-09-08 00:00:00+05:30,203.6699981689453,204.0,201.11000061035156,202.38499450683594,171.23358154296875,24303920,0.0,0.0
2011-09-09 00:00:00+05:30,203.0,204.7949981689453,194.0,195.27000427246094,165.2137451171875,36514780,0.0,0.0
2011-09-12 00:00:00+05:30,193.10000610351562,193.10000610351562,185.5449981689453,186.33999633789062,157.65823364257812,34519740,0.0,0.0
2011-09-13 00:00:00+05:30,188.0,189.94500732421875,181.8000030517578,183.28500366210938,155.073486328125,40065080,0.0,0.0
2011-09-14 00:00:00+05:30,183.8000030517578,185.36000061035156,180.85000610351562,182.6750030517578,154.557373046875,42356430,0.0,0.0
2011-09-15 00:00:00+05:30,184.77999877929688,190.47999572753906,183.0,189.80499267578125,160.58990478515625,37918130,0.0,0.0
2011-09-16 00:00:00+05:30,191.35000610351562,195.89500427246094,188.00999450683594,194.55999755859375,164.6129913330078,57707590,0.0,0.0
2011-09-19 00:00:00+05:30,192.85000610351562,193.25,190.5050048828125,191.69500732421875,162.18902587890625,16373720,0.0,0.0
2011-09-20 00:00:00+05:30,191.60000610351562,199.99000549316406,190.1999969482422,199.07000732421875,168.4288330078125,23820310,0.0,0.0
2011-09-21 00:00:00+05:30,199.5,202.39999389648438,199.07000732421875,200.9600067138672,170.02793884277344,32603240,0.0,0.0
2011-09-22 00:00:00+05:30,196.22500610351562,197.38999938964844,193.0,193.7550048828125,163.93191528320312,27418300,0.0,0.0
2011-09-23 00:00:00+05:30,191.10000610351562,198.19000244140625,189.0,195.02499389648438,165.00643920898438,37517600,0.0,0.0
2011-09-26 00:00:00+05:30,195.2050018310547,197.09500122070312,192.17999267578125,195.13499450683594,165.0994873046875,24401740,0.0,0.0
2011-09-27 00:00:00+05:30,198.5050048828125,200.67999267578125,197.75999450683594,199.72999572753906,168.98724365234375,17630570,0.0,0.0
2011-09-28 00:00:00+05:30,201.0,201.27000427246094,196.10000610351562,196.93499755859375,166.62246704101562,22320190,0.0,0.0
2011-09-29 00:00:00+05:30,195.60000610351562,196.17999267578125,191.1649932861328,195.23500061035156,165.18411254882812,25805020,0.0,0.0
2011-09-30 00:00:00+05:30,193.47000122070312,193.86500549316406,190.53500366210938,191.10499572753906,161.68980407714844,23917760,0.0,0.0
2011-10-03 00:00:00+05:30,188.21499633789062,188.5,185.10000610351562,186.16000366210938,157.50596618652344,20078410,0.0,0.0
2011-10-04 00:00:00+05:30,185.0,187.27999877929688,175.0,178.72000122070312,151.21115112304688,50595240,0.0,0.0
2011-10-05 00:00:00+05:30,180.00999450683594,181.22000122070312,171.0,171.83999633789062,145.39010620117188,62754520,0.0,0.0
2011-10-07 00:00:00+05:30,176.3000030517578,177.78500366210938,174.2550048828125,175.22999572753906,148.25831604003906,29985040,0.0,0.0
2011-10-10 00:00:00+05:30,175.9949951171875,176.48500061035156,172.22000122070312,175.60499572753906,148.5756072998047,32689920,0.0,0.0
2011-10-11 00:00:00+05:30,177.67999267578125,180.60000610351562,175.35000610351562,176.4550018310547,149.2947998046875,39354610,0.0,0.0
2011-10-12 00:00:00+05:30,178.02499389648438,188.0,175.72500610351562,187.2050018310547,158.39012145996094,53725530,0.0,0.0
2011-10-13 00:00:00+05:30,188.10000610351562,193.39500427246094,187.5,188.73500061035156,159.68463134765625,41069620,0.0,0.0
2011-10-14 00:00:00+05:30,187.10499572753906,190.64999389648438,186.92999267578125,188.52000427246094,159.50271606445312,23597460,0.0,0.0
2011-10-17 00:00:00+05:30,190.39999389648438,193.3000030517578,188.31500244140625,189.1699981689453,160.0526580810547,24612620,0.0,0.0
2011-10-18 00:00:00+05:30,186.99000549316406,188.55999755859375,183.8000030517578,186.65499877929688,157.9247589111328,18018620,0.0,0.0
2011-10-19 00:00:00+05:30,188.7949981689453,192.35000610351562,188.60499572753906,191.8350067138672,162.30747985839844,15555360,0.0,0.0
2011-10-20 00:00:00+05:30,189.1999969482422,194.0,188.6699981689453,193.5050048828125,163.7204132080078,21594800,0.0,0.0
2011-10-21 00:00:00+05:30,194.13999938964844,196.74000549316406,193.61500549316406,194.8249969482422,164.8372344970703,21746120,0.0,0.0
2011-10-24 00:00:00+05:30,197.5,198.89999389648438,188.5749969482422,190.875,161.4952392578125,25165530,0.0,0.0
2011-10-25 00:00:00+05:30,191.97999572753906,196.0,182.6999969482422,183.97999572753906,155.66151428222656,66183590,0.0,0.0
2011-10-28 00:00:00+05:30,192.5,192.9149932861328,189.02499389648438,190.97999572753906,161.58404541015625,28314390,0.0,0.0
2011-10-31 00:00:00+05:30,191.88999938964844,192.1750030517578,187.8000030517578,190.6300048828125,161.28793334960938,29915310,0.0,0.0
2011-11-01 00:00:00+05:30,189.25,192.10000610351562,188.60000610351562,190.13999938964844,160.8733367919922,20925820,0.0,0.0
2011-11-02 00:00:00+05:30,188.6999969482422,192.47999572753906,188.5,190.94000244140625,161.5502166748047,16533380,0.0,0.0
2011-11-03 00:00:00+05:30,190.5,194.0,190.34500122070312,193.47500610351562,163.69503784179688,28629820,0.0,0.0
2011-11-04 00:00:00+05:30,196.4499969482422,198.08999633789062,195.30499267578125,196.61500549316406,166.35171508789062,25322200,0.0,0.0
2011-11-08 00:00:00+05:30,197.6999969482422,200.39999389648438,196.0,199.72999572753906,168.98724365234375,24294080,0.0,0.0
2011-11-09 00:00:00+05:30,201.3000030517578,201.75,185.22000122070312,186.2050018310547,157.54403686523438,94152450,0.0,0.0
2011-11-11 00:00:00+05:30,186.17999267578125,186.49000549316406,178.1300048828125,179.8350067138672,152.15452575683594,54231820,0.0,0.0
2011-11-14 00:00:00+05:30,182.60000610351562,182.6999969482422,174.0399932861328,175.30999755859375,148.32603454589844,28123030,0.0,0.0
2011-11-15 00:00:00+05:30,174.5,176.3699951171875,171.8300018310547,172.96499633789062,146.3419647216797,34040170,0.0,0.0
2011-11-16 00:00:00+05:30,172.8000030517578,178.0,171.80999755859375,176.59500122070312,149.4132080078125,31890660,0.0,0.0
2011-11-17 00:00:00+05:30,176.3699951171875,179.8800048828125,174.64999389648438,175.7449951171875,148.69403076171875,28578790,0.0,0.0
2011-11-18 00:00:00+05:30,175.00999450683594,176.60000610351562,170.3300018310547,172.6649932861328,146.08811950683594,35137650,0.0,0.0
2011-11-21 00:00:00+05:30,172.3000030517578,172.44500732421875,165.4550018310547,167.22000122070312,141.4812469482422,28185380,0.0,0.0
2011-11-22 00:00:00+05:30,168.13999938964844,170.89999389648438,166.52999877929688,168.9499969482422,142.94493103027344,28518380,0.0,0.0
2011-11-23 00:00:00+05:30,167.39999389648438,167.39999389648438,162.72500610351562,165.52000427246094,140.0429229736328,29181030,0.0,0.0
2011-11-24 00:00:00+05:30,165.60000610351562,166.83999633789062,162.89999389648438,165.38999938964844,139.9329071044922,31828920,0.0,0.0
2011-11-25 00:00:00+05:30,164.89999389648438,169.89500427246094,163.5,169.05999755859375,143.03799438476562,41738460,0.0,0.0
2011-11-28 00:00:00+05:30,172.10000610351562,178.7949981689453,171.11500549316406,177.9600067138672,150.568115234375,25489820,0.0,0.0
2011-11-29 00:00:00+05:30,178.8000030517578,179.6999969482422,174.71499633789062,176.1199951171875,149.01133728027344,30152190,0.0,0.0
2011-11-30 00:00:00+05:30,174.97000122070312,179.5,172.8000030517578,176.2449951171875,149.11708068847656,80068770,0.0,0.0
2011-12-01 00:00:00+05:30,181.60000610351562,185.27000427246094,181.0,182.4149932861328,154.33740234375,24461390,0.0,0.0
2011-12-02 00:00:00+05:30,182.4499969482422,189.89999389648438,180.17999267578125,188.68499755859375,159.64231872558594,32783180,0.0,0.0
2011-12-05 00:00:00+05:30,188.47000122070312,191.6999969482422,187.0,191.10499572753906,161.68980407714844,29149520,0.0,0.0
2011-12-07 00:00:00+05:30,191.47000122070312,195.98500061035156,191.39999389648438,194.5399932861328,164.59608459472656,33426470,0.0,0.0
2011-12-08 00:00:00+05:30,193.0,193.3800048828125,186.0,186.7899932861328,158.03897094726562,32063030,0.0,0.0
2011-12-09 00:00:00+05:30,183.02499389648438,188.49000549316406,182.0,186.55499267578125,157.8401641845703,37919700,0.0,0.0
2011-12-12 00:00:00+05:30,188.27000427246094,189.6649932861328,176.3000030517578,177.27499389648438,149.98855590820312,41127410,0.0,0.0
2011-12-13 00:00:00+05:30,175.8000030517578,180.7899932861328,174.6649932861328,178.78500366210938,151.26611328125,31436850,0.0,0.0
2011-12-14 00:00:00+05:30,178.39999389648438,183.9949951171875,177.10499572753906,178.51499938964844,151.03768920898438,43558460,0.0,0.0
2011-12-15 00:00:00+05:30,175.64999389648438,177.19500732421875,172.65499877929688,173.67999267578125,146.9468994140625,44368240,0.0,0.0
2011-12-16 00:00:00+05:30,175.1999969482422,178.22999572753906,166.51499938964844,167.91000366210938,142.06500244140625,50521620,0.0,0.0
2011-12-19 00:00:00+05:30,166.5,166.5,159.68499755859375,162.80999755859375,137.75006103515625,41792820,0.0,0.0
2011-12-20 00:00:00+05:30,163.1999969482422,164.89999389648438,157.11000061035156,157.85000610351562,133.55348205566406,33988040,0.0,0.0
2011-12-21 00:00:00+05:30,161.49000549316406,163.5,159.53500366210938,162.35000610351562,137.36082458496094,29947570,0.0,0.0
2011-12-22 00:00:00+05:30,161.0,167.90499877929688,158.81500244140625,167.11000061035156,141.38816833496094,34376160,0.0,0.0
2011-12-23 00:00:00+05:30,167.5,169.17999267578125,163.8000030517578,164.7449951171875,139.38717651367188,26774370,0.0,0.0
2011-12-26 00:00:00+05:30,164.31500244140625,167.5,164.22000122070312,166.56500244140625,140.9270782470703,16405640,0.0,0.0
2011-12-27 00:00:00+05:30,166.5,166.89999389648438,163.33999633789062,164.36500549316406,139.065673828125,15426610,0.0,0.0
2011-12-28 00:00:00+05:30,162.91000366210938,163.5,160.25,161.02000427246094,136.2355499267578,17801920,0.0,0.0
2011-12-29 00:00:00+05:30,160.0,163.6999969482422,159.0,162.88499450683594,137.8134765625,36163040,0.0,0.0
2011-12-30 00:00:00+05:30,163.7899932861328,164.9949951171875,160.55499267578125,161.90499877929688,136.9843292236328,20779220,0.0,0.0
2012-01-02 00:00:00+05:30,162.89999389648438,163.60000610351562,161.13999938964844,162.76499938964844,137.71194458007812,14464990,0.0,0.0
2012-01-03 00:00:00+05:30,164.39999389648438,171.0,164.3000030517578,170.56500244140625,144.31138610839844,21341020,0.0,0.0
2012-01-04 00:00:00+05:30,171.1999969482422,171.38999938964844,167.52000427246094,169.60499572753906,143.49913024902344,22241630,0.0,0.0
2012-01-05 00:00:00+05:30,169.60000610351562,171.85499572753906,168.0050048828125,169.2449951171875,143.1945343017578,21344840,0.0,0.0
2012-01-06 00:00:00+05:30,167.5,170.75999450683594,165.80499267578125,167.27499389648438,141.52777099609375,21137420,0.0,0.0
2012-01-09 00:00:00+05:30,166.1699981689453,166.1699981689453,162.50999450683594,163.72500610351562,138.52420043945312,26127920,0.0,0.0
2012-01-10 00:00:00+05:30,164.97500610351562,170.875,164.89999389648438,170.25999450683594,144.05332946777344,28087310,0.0,0.0
2012-01-11 00:00:00+05:30,170.60000610351562,173.3699951171875,169.3300018310547,172.69500732421875,146.11351013183594,24529370,0.0,0.0
2012-01-12 00:00:00+05:30,173.07000732421875,177.63999938964844,172.02999877929688,176.44000244140625,149.2820587158203,25162480,0.0,0.0
2012-01-13 00:00:00+05:30,177.68499755859375,179.99000549316406,177.0,177.61000061035156,150.27200317382812,20468290,0.0,0.0
2012-01-16 00:00:00+05:30,175.6199951171875,183.49000549316406,174.83999633789062,181.63999938964844,153.68170166015625,21265790,0.0,0.0
2012-01-17 00:00:00+05:30,183.8000030517578,187.24000549316406,183.5050048828125,184.39999389648438,156.01687622070312,22716470,0.0,0.0
2012-01-18 00:00:00+05:30,185.0,187.10000610351562,182.0,186.53500366210938,157.82325744628906,21712160,0.0,0.0
2012-01-19 00:00:00+05:30,188.0,191.2449951171875,187.50999450683594,188.42999267578125,159.42654418945312,17022890,0.0,0.0
2012-01-20 00:00:00+05:30,189.8000030517578,194.39999389648438,189.51499938964844,193.28500366210938,163.5343017578125,26377250,0.0,0.0
2012-01-23 00:00:00+05:30,193.19000244140625,196.7100067138672,192.10000610351562,194.0500030517578,164.18153381347656,16830570,0.0,0.0
2012-01-24 00:00:00+05:30,193.1999969482422,205.8000030517578,192.6699981689453,204.0800018310547,172.6676788330078,51131380,0.0,0.0
2012-01-25 00:00:00+05:30,205.52499389648438,208.59500122070312,203.99000549316406,205.8000030517578,174.12294006347656,33818960,0.0,0.0
2012-01-27 00:00:00+05:30,206.44000244140625,207.0,201.7899932861328,204.05999755859375,172.6507568359375,21060520,0.0,0.0
2012-01-30 00:00:00+05:30,201.5,205.875,197.01499938964844,198.52499389648438,167.9677276611328,20774550,0.0,0.0
2012-01-31 00:00:00+05:30,201.98500061035156,207.3000030517578,201.1999969482422,206.16000366210938,174.42755126953125,29751020,0.0,0.0
2012-02-01 00:00:00+05:30,205.10000610351562,208.83999633789062,204.25,207.76499938964844,175.7854766845703,27568480,0.0,0.0
2012-02-02 00:00:00+05:30,209.5,211.33999633789062,198.22999572753906,207.25999450683594,175.35821533203125,55330560,0.0,0.0
2012-02-03 00:00:00+05:30,207.0,211.75999450683594,203.64999389648438,210.31500244140625,177.94297790527344,24481860,0.0,0.0
2012-02-06 00:00:00+05:30,213.19500732421875,218.7449951171875,213.19500732421875,216.26499938964844,182.97714233398438,31648070,0.0,0.0
2012-02-07 00:00:00+05:30,218.19000244140625,218.8300018310547,214.5399932861328,215.30999755859375,182.16915893554688,21732080,0.0,0.0
2012-02-08 00:00:00+05:30,216.14999389648438,218.8000030517578,214.52000427246094,217.77499389648438,184.2547149658203,24978160,0.0,0.0
2012-02-09 00:00:00+05:30,216.42999267578125,219.1999969482422,215.75999450683594,218.39999389648438,184.7835235595703,18499690,0.0,0.0
2012-02-10 00:00:00+05:30,218.8000030517578,220.89999389648438,215.01499938964844,217.19000244140625,183.7598114013672,22965380,0.0,0.0
2012-02-13 00:00:00+05:30,217.39999389648438,218.0500030517578,209.60000610351562,212.9250030517578,180.15126037597656,56126600,0.0,0.0
2012-02-14 00:00:00+05:30,212.85000610351562,221.7899932861328,212.85000610351562,220.01499938964844,186.1499481201172,36543090,0.0,0.0
2012-02-15 00:00:00+05:30,222.6999969482422,225.7550048828125,222.25,225.06500244140625,190.42262268066406,26676630,0.0,0.0
2012-02-16 00:00:00+05:30,224.22500610351562,237.7449951171875,222.9149932861328,235.03500366210938,198.8580780029297,42827580,0.0,0.0
2012-02-17 00:00:00+05:30,237.6999969482422,247.15499877929688,237.6999969482422,241.7050018310547,204.5013885498047,50345570,0.0,0.0
2012-02-21 00:00:00+05:30,242.0,247.5,241.5,245.2449951171875,207.49649047851562,27876680,0.0,0.0
2012-02-22 00:00:00+05:30,245.60000610351562,246.91000366210938,223.69000244140625,225.5,190.79067993164062,63344440,0.0,0.0
2012-02-23 00:00:00+05:30,225.43499755859375,232.30999755859375,224.6999969482422,226.0500030517578,191.25604248046875,44543300,0.0,0.0
2012-02-24 00:00:00+05:30,228.0,230.3000030517578,219.5,220.55999755859375,186.611083984375,36297520,0.0,0.0
2012-02-27 00:00:00+05:30,221.49000549316406,222.0,211.11000061035156,212.28500366210938,179.60975646972656,29408220,0.0,0.0
2012-02-28 00:00:00+05:30,213.89999389648438,225.5,213.06500244140625,223.125,188.78126525878906,44586320,0.0,0.0
2012-02-29 00:00:00+05:30,226.5,228.6999969482422,222.3000030517578,224.7550048828125,190.16036987304688,35696060,0.0,0.0
2012-03-01 00:00:00+05:30,223.38499450683594,223.77499389648438,218.64500427246094,221.875,187.72366333007812,22623660,0.0,0.0
2012-03-02 00:00:00+05:30,222.63999938964844,228.1999969482422,218.60000610351562,224.6699981689453,190.08843994140625,31101180,0.0,0.0
2012-03-05 00:00:00+05:30,223.47000122070312,223.47000122070312,216.47000122070312,217.60499572753906,184.1109161376953,19686120,0.0,0.0
2012-03-06 00:00:00+05:30,215.10000610351562,226.3000030517578,211.49000549316406,214.78500366210938,181.72496032714844,44398420,0.0,0.0
2012-03-07 00:00:00+05:30,213.5,216.3800048828125,210.60000610351562,214.15499877929688,181.1919708251953,35286120,0.0,0.0
2012-03-09 00:00:00+05:30,219.0,224.3000030517578,218.80999755859375,222.63999938964844,188.37091064453125,22974790,0.0,0.0
2012-03-12 00:00:00+05:30,230.53500366210938,232.4550018310547,228.10499572753906,231.0800018310547,195.51181030273438,36567100,0.0,0.0
2012-03-13 00:00:00+05:30,234.1300048828125,235.0,231.64999389648438,232.75,196.92474365234375,18007900,0.0,0.0
2012-03-14 00:00:00+05:30,237.03500366210938,237.44000244140625,233.22000122070312,235.47999572753906,199.23455810546875,22802380,0.0,0.0
2012-03-15 00:00:00+05:30,235.8000030517578,236.8000030517578,228.60000610351562,229.92999267578125,194.538818359375,27417960,0.0,0.0
2012-03-16 00:00:00+05:30,230.0,235.4949951171875,221.5,222.7899932861328,188.497802734375,40578470,0.0,0.0
2012-03-19 00:00:00+05:30,223.0,223.6999969482422,215.0,215.7550048828125,182.54563903808594,22683990,0.0,0.0
2012-03-20 00:00:00+05:30,216.0,220.28500366210938,213.80999755859375,218.73500061035156,185.06695556640625,26379790,0.0,0.0
2012-03-21 00:00:00+05:30,218.38999938964844,223.89999389648438,217.63499450683594,223.28500366210938,188.9166259765625,23060820,0.0,0.0
2012-03-22 00:00:00+05:30,222.6999969482422,225.55999755859375,215.00999450683594,216.05999755859375,182.80369567871094,30745480,0.0,0.0
2012-03-23 00:00:00+05:30,217.60000610351562,220.47999572753906,212.72000122070312,216.6750030517578,183.32406616210938,30728320,0.0,0.0
2012-03-26 00:00:00+05:30,215.8699951171875,215.89999389648438,211.0,211.7449951171875,179.1528778076172,20093020,0.0,0.0
2012-03-27 00:00:00+05:30,215.5,217.19000244140625,209.77000427246094,212.9149932861328,180.14279174804688,38470940,0.0,0.0
2012-03-28 00:00:00+05:30,212.0,212.13999938964844,206.34500122070312,207.9250030517578,175.9208526611328,24367160,0.0,0.0
2012-03-29 00:00:00+05:30,205.0,207.9949951171875,204.71499633789062,206.13499450683594,174.4063720703125,25090990,0.0,0.0
2012-03-30 00:00:00+05:30,206.77000427246094,210.99000549316406,206.77000427246094,209.63499450683594,177.3676300048828,25032100,0.0,0.0
2012-04-02 00:00:00+05:30,210.0,213.89500427246094,210.0,213.0399932861328,180.24855041503906,20297730,0.0,0.0
2012-04-03 00:00:00+05:30,214.1999969482422,218.32000732421875,214.19000244140625,217.2550048828125,183.8147735595703,21628480,0.0,0.0
2012-04-04 00:00:00+05:30,215.0,217.89999389648438,213.66000366210938,216.2550048828125,182.96868896484375,15237090,0.0,0.0
2012-04-09 00:00:00+05:30,214.8000030517578,214.88999938964844,209.0050048828125,210.0449981689453,177.71453857421875,13896030,0.0,0.0
2012-04-10 00:00:00+05:30,211.0,215.6999969482422,209.5050048828125,215.1199951171875,182.00839233398438,19318620,0.0,0.0
2012-04-11 00:00:00+05:30,212.51499938964844,217.9499969482422,211.7100067138672,215.85499572753906,182.63026428222656,25933200,0.0,0.0
2012-04-12 00:00:00+05:30,217.5050048828125,223.39999389648438,217.5050048828125,222.7550048828125,188.46820068359375,33620420,0.0,0.0
2012-04-13 00:00:00+05:30,225.0,228.36000061035156,219.52999877929688,221.22999572753906,187.1779327392578,27182620,0.0,0.0
2012-04-16 00:00:00+05:30,221.1999969482422,227.2899932861328,220.10000610351562,226.50999450683594,191.64523315429688,20681450,0.0,0.0
2012-04-17 00:00:00+05:30,229.6999969482422,234.97000122070312,222.11000061035156,230.42999267578125,194.9618377685547,55740650,0.0,0.0
2012-04-18 00:00:00+05:30,232.30499267578125,233.97999572753906,227.52499389648438,229.1750030517578,193.90003967285156,18500350,0.0,0.0
2012-04-19 00:00:00+05:30,229.6999969482422,229.8800048828125,225.4149932861328,226.90499877929688,191.9794464111328,19747410,0.0,0.0
2012-04-20 00:00:00+05:30,226.5,228.74000549316406,223.82000732421875,226.0449981689453,191.2517852783203,19024070,0.0,0.0
2012-04-23 00:00:00+05:30,226.5,227.9499969482422,218.1999969482422,219.32000732421875,185.5619354248047,21607120,0.0,0.0
2012-04-24 00:00:00+05:30,219.5050048828125,221.55999755859375,217.50999450683594,219.07000732421875,185.3504180908203,17626560,0.0,0.0
2012-04-25 00:00:00+05:30,218.9199981689453,220.6999969482422,213.07000732421875,217.1750030517578,183.7470703125,24860580,0.0,0.0
2012-04-26 00:00:00+05:30,218.8000030517578,218.8000030517578,213.6999969482422,216.23500061035156,182.9517822265625,19133070,0.0,0.0
2012-04-27 00:00:00+05:30,215.1999969482422,216.8699951171875,210.10000610351562,212.5500030517578,179.833984375,25322120,0.0,0.0
2012-04-30 00:00:00+05:30,213.10000610351562,216.98500061035156,212.6999969482422,213.80999755859375,180.9000244140625,17221600,0.0,0.0
2012-05-02 00:00:00+05:30,214.5,216.88999938964844,212.53500366210938,214.05999755859375,181.11155700683594,13934080,0.0,0.0
2012-05-03 00:00:00+05:30,212.10000610351562,212.77999877929688,207.5500030517578,208.41000366210938,176.3312225341797,22939970,0.0,0.0
2012-05-04 00:00:00+05:30,206.72999572753906,206.89999389648438,198.60000610351562,199.625,168.8983917236328,24320340,0.0,0.0
2012-05-07 00:00:00+05:30,194.60000610351562,204.0,187.60000610351562,202.82000732421875,171.6016387939453,38693170,0.0,0.0
2012-05-08 00:00:00+05:30,203.60000610351562,204.88999938964844,192.28500366210938,195.53500366210938,165.43797302246094,30371610,0.0,0.0
2012-05-09 00:00:00+05:30,193.60000610351562,195.5,187.60499572753906,188.30999755859375,159.32501220703125,34001410,0.0,0.0
2012-05-10 00:00:00+05:30,189.0,193.27000427246094,183.22999572753906,184.31500244140625,155.94496154785156,41622790,0.0,0.0
2012-05-11 00:00:00+05:30,183.89999389648438,188.47999572753906,182.10000610351562,185.36000061035156,156.8291015625,36830270,0.0,0.0
2012-05-14 00:00:00+05:30,186.10000610351562,189.55999755859375,181.35000610351562,183.97500610351562,155.65728759765625,29719730,0.0,0.0
2012-05-15 00:00:00+05:30,182.60000610351562,187.1699981689453,182.5,186.0399932861328,157.40443420410156,26559600,0.0,0.0
2012-05-16 00:00:00+05:30,183.39999389648438,184.47999572753906,180.22999572753906,182.77000427246094,154.6377410888672,28987000,0.0,0.0
2012-05-17 00:00:00+05:30,183.52000427246094,186.1999969482422,182.25999450683594,184.8350067138672,156.38491821289062,28710190,0.0,0.0
2012-05-18 00:00:00+05:30,182.0050048828125,195.6999969482422,182.0050048828125,194.05499267578125,164.1857452392578,88722070,0.0,0.0
2012-05-21 00:00:00+05:30,196.0,203.0,196.0,200.9499969482422,170.0194549560547,38849830,0.0,0.0
2012-05-22 00:00:00+05:30,203.5,204.0,193.11000061035156,193.875,164.03346252441406,41395000,0.0,0.0
2012-05-23 00:00:00+05:30,193.32000732421875,197.38999938964844,192.0500030517578,195.5,165.40835571289062,34534760,0.0,0.0
2012-05-24 00:00:00+05:30,195.8000030517578,197.39999389648438,192.5399932861328,196.61500549316406,169.38418579101562,32104050,3.5,0.0
2012-05-25 00:00:00+05:30,196.24000549316406,201.8000030517578,195.4250030517578,200.69000244140625,172.89479064941406,29159720,0.0,0.0
2012-05-28 00:00:00+05:30,201.89999389648438,210.6999969482422,201.69500732421875,210.1300048828125,181.0273895263672,35316050,0.0,0.0
2012-05-29 00:00:00+05:30,211.5,214.99000549316406,210.47000122070312,212.01499938964844,182.65127563476562,48415290,0.0,0.0
2012-05-30 00:00:00+05:30,210.14999389648438,211.8000030517578,208.1999969482422,209.82000732421875,180.76028442382812,32384070,0.0,0.0
2012-05-31 00:00:00+05:30,208.0,208.89500427246094,203.75,205.60499572753906,177.12905883789062,40737620,0.0,0.0
2012-06-01 00:00:00+05:30,205.9949951171875,208.0500030517578,201.6999969482422,202.8249969482422,174.7340545654297,26260160,0.0,0.0
2012-06-04 00:00:00+05:30,199.22000122070312,205.39999389648438,197.40499877929688,204.5850067138672,176.2503204345703,29318990,0.0,0.0
2012-06-05 00:00:00+05:30,206.39999389648438,211.0,206.10000610351562,208.27499389648438,179.42929077148438,32970970,0.0,0.0
2012-06-06 00:00:00+05:30,210.0,216.8000030517578,209.60000610351562,215.8249969482422,185.93360900878906,33459450,0.0,0.0
2012-06-07 00:00:00+05:30,218.3000030517578,218.89999389648438,215.65499877929688,216.7949981689453,186.769287109375,35579490,0.0,0.0
2012-06-08 00:00:00+05:30,215.15499877929688,219.16000366210938,213.14999389648438,217.94500732421875,187.760009765625,29803650,0.0,0.0
2012-06-11 00:00:00+05:30,220.0,221.7899932861328,215.5500030517578,216.47999572753906,186.4978790283203,28149690,0.0,0.0
2012-06-12 00:00:00+05:30,215.5,221.18499755859375,213.25999450683594,220.61500549316406,190.06021118164062,38566440,0.0,0.0
2012-06-13 00:00:00+05:30,221.0,224.39999389648438,218.60000610351562,222.60499572753906,191.77456665039062,31091980,0.0,0.0
2012-06-14 00:00:00+05:30,221.1999969482422,221.8699951171875,214.41000366210938,215.02499389648438,185.24441528320312,33236270,0.0,0.0
2012-06-15 00:00:00+05:30,216.84500122070312,218.98500061035156,214.6999969482422,218.30999755859375,188.074462890625,28244050,0.0,0.0
2012-06-18 00:00:00+05:30,221.60000610351562,223.19000244140625,208.16000366210938,208.7949981689453,179.87722778320312,53583960,0.0,0.0
2012-06-19 00:00:00+05:30,208.7949981689453,211.6300048828125,205.60000610351562,210.06500244140625,180.9713592529297,37168690,0.0,0.0
2012-06-20 00:00:00+05:30,211.3699951171875,212.69000244140625,209.66000366210938,211.7050018310547,182.38421630859375,25115340,0.0,0.0
2012-06-21 00:00:00+05:30,210.02000427246094,218.5,208.5,217.8350067138672,187.66522216796875,34033180,0.0,0.0
2012-06-22 00:00:00+05:30,214.6999969482422,218.4499969482422,212.85000610351562,215.77999877929688,185.89483642578125,35627920,0.0,0.0
2012-06-25 00:00:00+05:30,216.11000061035156,220.0,210.16000366210938,211.5,182.20761108398438,43573040,0.0,0.0
2012-06-26 00:00:00+05:30,211.3000030517578,213.17999267578125,209.61000061035156,211.30999755859375,182.04391479492188,26383570,0.0,0.0
2012-06-27 00:00:00+05:30,212.80999755859375,213.83999633789062,210.3300018310547,211.33999633789062,182.0697784423828,19443200,0.0,0.0
2012-06-28 00:00:00+05:30,211.8000030517578,212.44500732421875,207.40499877929688,209.8300018310547,180.76893615722656,27841960,0.0,0.0
2012-06-29 00:00:00+05:30,213.0,217.0,212.6999969482422,215.89999389648438,185.9982147216797,25872690,0.0,0.0
2012-07-02 00:00:00+05:30,216.97999572753906,219.72999572753906,216.0,218.19500732421875,187.97537231445312,23629020,0.0,0.0
2012-07-03 00:00:00+05:30,219.5,220.39999389648438,217.71499633789062,218.73500061035156,188.44056701660156,23044680,0.0,0.0
2012-07-04 00:00:00+05:30,219.00999450683594,222.99000549316406,219.00999450683594,222.47999572753906,191.6669158935547,33471910,0.0,0.0
2012-07-05 00:00:00+05:30,221.99000549316406,223.96499633789062,221.2100067138672,223.34500122070312,192.412109375,18782280,0.0,0.0
2012-07-06 00:00:00+05:30,223.57000732421875,223.57000732421875,220.57000732421875,222.26499938964844,191.48165893554688,21904250,0.0,0.0
2012-07-09 00:00:00+05:30,219.8000030517578,221.89999389648438,219.25999450683594,220.94500732421875,190.34449768066406,21137340,0.0,0.0
2012-07-10 00:00:00+05:30,221.3800048828125,223.47999572753906,221.1999969482422,222.89999389648438,192.0287322998047,17667680,0.0,0.0
2012-07-11 00:00:00+05:30,221.5,225.2550048828125,221.00999450683594,221.8699951171875,191.14137268066406,24675290,0.0,0.0
2012-07-12 00:00:00+05:30,219.49000549316406,223.875,219.39999389648438,222.1199951171875,191.3567657470703,19749170,0.0,0.0
2012-07-13 00:00:00+05:30,222.19000244140625,223.35000610351562,217.11500549316406,217.84500122070312,187.67385864257812,17027690,0.0,0.0
2012-07-16 00:00:00+05:30,218.5,221.58999633789062,217.8249969482422,219.94500732421875,189.48301696777344,18541930,0.0,0.0
2012-07-17 00:00:00+05:30,221.5,222.3350067138672,218.2100067138672,219.91000366210938,189.4528350830078,13473830,0.0,0.0
2012-07-18 00:00:00+05:30,219.5,220.25999450683594,216.22500610351562,218.5500030517578,188.2812042236328,20777200,0.0,0.0
2012-07-19 00:00:00+05:30,221.4149932861328,221.72999572753906,215.39999389648438,215.80999755859375,185.92068481445312,20951570,0.0,0.0
2012-07-20 00:00:00+05:30,215.10000610351562,217.35000610351562,212.7050018310547,213.1999969482422,183.67218017578125,19267410,0.0,0.0
2012-07-23 00:00:00+05:30,211.1999969482422,212.3800048828125,208.6750030517578,209.31500244140625,180.3252410888672,15895700,0.0,0.0
2012-07-24 00:00:00+05:30,209.5,211.47999572753906,208.0399932861328,209.5,180.48460388183594,16448600,0.0,0.0
2012-07-25 00:00:00+05:30,208.6300048828125,209.47500610351562,206.10000610351562,207.03500366210938,178.36099243164062,17127660,0.0,0.0
2012-07-26 00:00:00+05:30,207.5,208.3800048828125,200.89999389648438,201.74000549316406,173.79937744140625,24636420,0.0,0.0
2012-07-27 00:00:00+05:30,205.10000610351562,206.72999572753906,193.14999389648438,194.10000610351562,167.21751403808594,42134890,0.0,0.0
2012-07-30 00:00:00+05:30,195.125,204.0,194.10000610351562,203.1750030517578,175.03561401367188,34443090,0.0,0.0
2012-07-31 00:00:00+05:30,203.8000030517578,204.4949951171875,196.82000732421875,200.50999450683594,172.73968505859375,48379270,0.0,0.0
2012-08-01 00:00:00+05:30,201.0,204.47999572753906,200.52499389648438,203.33999633789062,175.17776489257812,19820020,0.0,0.0
2012-08-02 00:00:00+05:30,203.0,203.0050048828125,199.7550048828125,201.13499450683594,173.2781524658203,21311770,0.0,0.0
2012-08-03 00:00:00+05:30,199.10499572753906,201.44000244140625,197.5,200.53500366210938,172.76126098632812,20063360,0.0,0.0
2012-08-06 00:00:00+05:30,203.47999572753906,203.71499633789062,201.0800018310547,201.8249969482422,173.87258911132812,16064040,0.0,0.0
2012-08-07 00:00:00+05:30,202.1199951171875,207.19000244140625,201.125,206.125,177.5770263671875,25271900,0.0,0.0
2012-08-08 00:00:00+05:30,207.3000030517578,208.89500427246094,205.32000732421875,206.0800018310547,177.53826904296875,22909420,0.0,0.0
2012-08-09 00:00:00+05:30,206.72500610351562,208.0500030517578,196.3350067138672,196.875,169.608154296875,42898490,0.0,0.0
2012-08-10 00:00:00+05:30,196.3000030517578,199.39999389648438,187.60000610351562,188.77499389648438,162.6300048828125,108902910,0.0,0.0
2012-08-13 00:00:00+05:30,189.1999969482422,191.10000610351562,185.85000610351562,190.65499877929688,164.24960327148438,53428630,0.0,0.0
2012-08-14 00:00:00+05:30,191.10000610351562,192.9949951171875,189.80499267578125,191.03500366210938,164.57696533203125,36635290,0.0,0.0
2012-08-16 00:00:00+05:30,191.8000030517578,192.375,189.0,189.44500732421875,163.2071990966797,27216820,0.0,0.0
2012-08-17 00:00:00+05:30,189.5,191.72000122070312,188.23500061035156,189.7050018310547,163.43116760253906,28632600,0.0,0.0
2012-08-21 00:00:00+05:30,190.27999877929688,191.7949981689453,188.9149932861328,191.50999450683594,164.98617553710938,19716500,0.0,0.0
2012-08-22 00:00:00+05:30,190.0,193.3000030517578,189.6999969482422,191.21499633789062,164.73202514648438,25303710,0.0,0.0
2012-08-23 00:00:00+05:30,191.40499877929688,192.99000549316406,190.00999450683594,191.18499755859375,164.70620727539062,21831520,0.0,0.0
2012-08-24 00:00:00+05:30,190.0,190.39500427246094,188.35499572753906,189.38499450683594,163.15548706054688,18012150,0.0,0.0
2012-08-27 00:00:00+05:30,189.02499389648438,189.94000244140625,183.82000732421875,184.4499969482422,158.9039764404297,20736720,0.0,0.0
2012-08-28 00:00:00+05:30,184.22500610351562,185.9499969482422,183.02000427246094,184.4199981689453,158.87814331054688,24599940,0.0,0.0
2012-08-29 00:00:00+05:30,184.89999389648438,185.67999267578125,182.4499969482422,182.99000549316406,157.64620971679688,18804350,0.0,0.0
2012-08-30 00:00:00+05:30,182.1999969482422,184.6999969482422,181.51499938964844,183.97000122070312,158.490478515625,21627450,0.0,0.0
2012-08-31 00:00:00+05:30,183.89999389648438,186.48500061035156,182.86500549316406,183.73500061035156,158.28802490234375,27903670,0.0,0.0
2012-09-03 00:00:00+05:30,185.0,186.5,184.25,185.07000732421875,159.43812561035156,15997080,0.0,0.0
2012-09-04 00:00:00+05:30,186.0,188.1750030517578,185.10000610351562,187.5,161.53158569335938,17181080,0.0,0.0
2012-09-05 00:00:00+05:30,186.01499938964844,186.6999969482422,182.7100067138672,183.02499389648438,157.67636108398438,19033670,0.0,0.0
2012-09-06 00:00:00+05:30,182.6999969482422,186.4949951171875,182.6999969482422,185.39500427246094,159.7180938720703,19561570,0.0,0.0
2012-09-07 00:00:00+05:30,188.8000030517578,190.1999969482422,188.26499938964844,189.2050018310547,163.0004119873047,24267990,0.0,0.0
2012-09-10 00:00:00+05:30,189.89999389648438,190.5,185.63499450683594,186.11500549316406,160.33840942382812,19432850,0.0,0.0
2012-09-11 00:00:00+05:30,184.50999450683594,187.18499755859375,184.5,185.77000427246094,160.0411834716797,18557340,0.0,0.0
2012-09-12 00:00:00+05:30,187.0,187.6999969482422,184.5050048828125,185.94000244140625,160.1876220703125,19625090,0.0,0.0
2012-09-13 00:00:00+05:30,185.39999389648438,188.5,185.39999389648438,186.75999450683594,160.89404296875,16407420,0.0,0.0
2012-09-14 00:00:00+05:30,191.89999389648438,197.5,191.10000610351562,197.14999389648438,169.84506225585938,37985040,0.0,0.0
2012-09-17 00:00:00+05:30,200.60000610351562,208.88499450683594,200.60000610351562,207.9550018310547,179.15359497070312,53902050,0.0,0.0
2012-09-18 00:00:00+05:30,208.0,215.69000244140625,206.05999755859375,214.94500732421875,185.17550659179688,44354080,0.0,0.0
2012-09-20 00:00:00+05:30,210.89999389648438,215.99000549316406,210.0,212.3350067138672,182.92698669433594,31870400,0.0,0.0
2012-09-21 00:00:00+05:30,213.58999633789062,224.25,213.50999450683594,221.32000732421875,190.66758728027344,42035570,0.0,0.0
2012-09-24 00:00:00+05:30,221.5,225.27999877929688,218.4149932861328,219.8249969482422,189.37962341308594,29149940,0.0,0.0
2012-09-25 00:00:00+05:30,221.32000732421875,224.5,217.1999969482422,219.64999389648438,189.22885131835938,30847570,0.0,0.0
2012-09-26 00:00:00+05:30,218.8000030517578,224.0,217.14500427246094,222.89999389648438,192.0287322998047,28369700,0.0,0.0
2012-09-27 00:00:00+05:30,224.0,226.49000549316406,223.02000427246094,224.72500610351562,193.60098266601562,27464560,0.0,0.0
2012-09-28 00:00:00+05:30,226.94000244140625,227.8000030517578,222.5800018310547,224.05999755859375,193.02806091308594,22346820,0.0,0.0
2012-10-01 00:00:00+05:30,224.24000549316406,227.8699951171875,224.02000427246094,227.01499938964844,195.57383728027344,15900770,0.0,0.0
2012-10-03 00:00:00+05:30,228.09500122070312,230.23500061035156,225.30499267578125,229.69000244140625,197.87832641601562,25948710,0.0,0.0
2012-10-04 00:00:00+05:30,231.0,234.89999389648438,230.4250030517578,234.57000732421875,202.0824737548828,24480430,0.0,0.0
2012-10-05 00:00:00+05:30,235.0,236.2550048828125,201.02999877929688,233.94500732421875,201.54405212402344,39747760,0.0,0.0
2012-10-08 00:00:00+05:30,234.0500030517578,234.0500030517578,226.1300048828125,226.94500732421875,195.51351928710938,18144560,0.0,0.0
2012-10-09 00:00:00+05:30,229.38999938964844,230.60000610351562,225.72999572753906,228.2550048828125,196.64208984375,19485380,0.0,0.0
2012-10-10 00:00:00+05:30,225.8000030517578,226.38499450683594,221.85000610351562,222.35499572753906,191.5592041015625,21841000,0.0,0.0
2012-10-11 00:00:00+05:30,222.6999969482422,228.3699951171875,219.13999938964844,226.71499633789062,195.3153533935547,29460140,0.0,0.0
2012-10-12 00:00:00+05:30,226.97000122070312,229.44500732421875,224.50999450683594,225.1750030517578,193.98863220214844,17758970,0.0,0.0
2012-10-15 00:00:00+05:30,224.8000030517578,226.96499633789062,223.0800018310547,226.44500732421875,195.08277893066406,14254380,0.0,0.0
2012-10-16 00:00:00+05:30,227.0449981689453,228.5,222.38999938964844,222.88499450683594,192.01580810546875,15137550,0.0,0.0
2012-10-17 00:00:00+05:30,224.6199951171875,225.58999633789062,220.2100067138672,221.47000122070312,190.79678344726562,21075700,0.0,0.0
2012-10-18 00:00:00+05:30,222.8350067138672,228.3699951171875,220.6999969482422,227.82000732421875,196.267333984375,24274450,0.0,0.0
2012-10-19 00:00:00+05:30,227.0,227.98500061035156,223.39999389648438,225.77499389648438,194.5055389404297,19700000,0.0,0.0
2012-10-22 00:00:00+05:30,222.6999969482422,225.99000549316406,222.52499389648438,224.09500122070312,193.05821228027344,13785660,0.0,0.0
2012-10-23 00:00:00+05:30,224.0,226.7949981689453,223.05499267578125,223.47000122070312,192.51979064941406,14004630,0.0,0.0
2012-10-25 00:00:00+05:30,223.97999572753906,225.03500366210938,219.5,219.93499755859375,189.47438049316406,28767350,0.0,0.0
2012-10-29 00:00:00+05:30,217.28500366210938,220.44500732421875,215.68499755859375,216.77000427246094,186.74771118164062,21364870,0.0,0.0
2012-10-30 00:00:00+05:30,216.89999389648438,219.97999572753906,206.55499267578125,207.42999267578125,178.70130920410156,45981440,0.0,0.0
2012-10-31 00:00:00+05:30,207.1999969482422,211.4600067138672,205.7550048828125,211.02499389648438,181.7983856201172,25377620,0.0,0.0
2012-11-01 00:00:00+05:30,211.1999969482422,212.4600067138672,209.84500122070312,211.5500030517578,182.2506866455078,14382330,0.0,0.0
2012-11-02 00:00:00+05:30,214.0,215.89999389648438,212.50999450683594,215.2449951171875,185.43392944335938,17604300,0.0,0.0
2012-11-05 00:00:00+05:30,214.2899932861328,215.3800048828125,212.82000732421875,214.47500610351562,184.77059936523438,12145950,0.0,0.0
2012-11-06 00:00:00+05:30,213.09500122070312,217.75,213.09500122070312,217.31500244140625,187.21725463867188,15070250,0.0,0.0
2012-11-07 00:00:00+05:30,216.8350067138672,222.97000122070312,216.4499969482422,221.6999969482422,190.99493408203125,28982660,0.0,0.0
2012-11-08 00:00:00+05:30,218.89999389648438,226.69000244140625,218.22500610351562,224.22999572753906,193.1745147705078,27559100,0.0,0.0
2012-11-09 00:00:00+05:30,223.66000366210938,226.93499755859375,214.8000030517578,215.5050048828125,185.657958984375,62456180,0.0,0.0
2012-11-12 00:00:00+05:30,216.50999450683594,219.49000549316406,212.40499877929688,219.02999877929688,188.69473266601562,31728480,0.0,0.0
2012-11-15 00:00:00+05:30,215.1999969482422,218.1999969482422,213.83999633789062,215.3699951171875,185.5416259765625,17207000,0.0,0.0
2012-11-16 00:00:00+05:30,215.3699951171875,216.9949951171875,210.11000061035156,210.84500122070312,181.64332580566406,18348140,0.0,0.0
2012-11-19 00:00:00+05:30,212.39999389648438,212.39999389648438,208.44000244140625,209.38999938964844,180.38983154296875,18300990,0.0,0.0
2012-11-20 00:00:00+05:30,211.0,211.8800048828125,205.3000030517578,206.64999389648438,178.029296875,18897210,0.0,0.0
2012-11-21 00:00:00+05:30,207.10000610351562,207.44000244140625,204.10000610351562,206.10000610351562,177.5554962158203,23015420,0.0,0.0
2012-11-22 00:00:00+05:30,206.75999450683594,211.4550018310547,206.75999450683594,209.84500122070312,180.7818145751953,18180930,0.0,0.0
2012-11-23 00:00:00+05:30,211.0,211.14500427246094,207.52999877929688,208.9499969482422,180.0107879638672,13757250,0.0,0.0
2012-11-26 00:00:00+05:30,209.64999389648438,210.96499633789062,208.0,209.19000244140625,180.21754455566406,13539140,0.0,0.0
2012-11-27 00:00:00+05:30,210.1699981689453,212.30499267578125,209.5,211.51499938964844,182.2205352783203,15647840,0.0,0.0
2012-11-29 00:00:00+05:30,212.81500244140625,214.1999969482422,210.56500244140625,213.18499755859375,183.6592254638672,20991170,0.0,0.0
2012-11-30 00:00:00+05:30,214.89999389648438,218.6999969482422,214.55999755859375,217.02999877929688,186.9717254638672,21590680,0.0,0.0
2012-12-03 00:00:00+05:30,218.0,221.0,217.35000610351562,220.40499877929688,189.87928771972656,18628530,0.0,0.0
2012-12-04 00:00:00+05:30,220.8000030517578,224.9199981689453,220.24000549316406,223.9550018310547,192.9376220703125,22339070,0.0,0.0
2012-12-05 00:00:00+05:30,224.8000030517578,228.3000030517578,224.52000427246094,227.17999267578125,195.71595764160156,23558250,0.0,0.0
2012-12-06 00:00:00+05:30,228.10000610351562,231.7949981689453,224.0,230.72000122070312,198.7656707763672,23499050,0.0,0.0
2012-12-07 00:00:00+05:30,231.63999938964844,233.9600067138672,230.0050048828125,231.6199951171875,199.54103088378906,25831160,0.0,0.0
2012-12-10 00:00:00+05:30,232.24000549316406,232.67999267578125,230.11000061035156,232.02499389648438,199.8899383544922,13614690,0.0,0.0
2012-12-11 00:00:00+05:30,232.97000122070312,233.85499572753906,228.27000427246094,230.8800048828125,198.90350341796875,20557710,0.0,0.0
2012-12-12 00:00:00+05:30,231.0,231.7949981689453,228.63999938964844,229.49000549316406,197.7060546875,18423190,0.0,0.0
2012-12-13 00:00:00+05:30,230.25,232.5,225.50999450683594,226.25999450683594,194.92337036132812,18254110,0.0,0.0
2012-12-14 00:00:00+05:30,226.61500549316406,232.6999969482422,225.38499450683594,232.02499389648438,199.8899383544922,20181840,0.0,0.0
2012-12-17 00:00:00+05:30,231.875,234.89999389648438,231.19500732421875,234.42999267578125,201.9618377685547,18967760,0.0,0.0
2012-12-18 00:00:00+05:30,235.0,238.1999969482422,227.89999389648438,237.27000427246094,204.40853881835938,41036170,0.0,0.0
2012-12-19 00:00:00+05:30,238.5,240.81500244140625,236.27499389648438,237.22999572753906,204.37408447265625,21278390,0.0,0.0
2012-12-20 00:00:00+05:30,236.84500122070312,239.8800048828125,234.2550048828125,238.125,205.1450958251953,18314370,0.0,0.0
2012-12-21 00:00:00+05:30,235.50999450683594,237.6649932861328,232.75,233.44500732421875,201.11326599121094,15685940,0.0,0.0
2012-12-24 00:00:00+05:30,234.0,235.89999389648438,232.5,233.1300048828125,200.8418731689453,10549750,0.0,0.0
2012-12-26 00:00:00+05:30,233.6699981689453,238.0,232.3000030517578,237.0850067138672,204.24916076660156,15353080,0.0,0.0
2012-12-27 00:00:00+05:30,237.0850067138672,239.75,236.27000427246094,238.8350067138672,205.75674438476562,19723060,0.0,0.0
2012-12-28 00:00:00+05:30,239.39999389648438,239.73500061035156,236.91000366210938,237.9499969482422,204.9943389892578,11036230,0.0,0.0
2012-12-31 00:00:00+05:30,237.0,239.6699981689453,236.86500549316406,238.5500030517578,205.51124572753906,10006870,0.0,0.0
2013-01-01 00:00:00+05:30,240.49000549316406,243.40499877929688,239.7550048828125,242.64500427246094,209.0391082763672,17202300,0.0,0.0
2013-01-02 00:00:00+05:30,245.0,246.39999389648438,243.81500244140625,245.05499267578125,211.11526489257812,14660120,0.0,0.0
2013-01-03 00:00:00+05:30,246.0,248.24000549316406,243.6199951171875,247.16000366210938,212.9287872314453,20103090,0.0,0.0
2013-01-04 00:00:00+05:30,246.0,249.2949981689453,245.06500244140625,248.6699981689453,214.22962951660156,13705950,0.0,0.0
2013-01-07 00:00:00+05:30,249.0,249.89999389648438,246.1750030517578,246.75999450683594,212.5841827392578,10264490,0.0,0.0
2013-01-08 00:00:00+05:30,246.8000030517578,250.0,246.3000030517578,249.3350067138672,214.8025360107422,16123870,0.0,0.0
2013-01-09 00:00:00+05:30,249.39999389648438,254.0,249.39999389648438,252.27999877929688,217.3396453857422,22474110,0.0,0.0
2013-01-10 00:00:00+05:30,253.9949951171875,255.1699981689453,252.25,253.91000366210938,218.743896484375,21504650,0.0,0.0
2013-01-11 00:00:00+05:30,254.89999389648438,255.0,248.3249969482422,249.10499572753906,214.60438537597656,14156720,0.0,0.0
2013-01-14 00:00:00+05:30,249.10000610351562,251.9949951171875,247.52000427246094,249.97500610351562,215.35391235351562,17721580,0.0,0.0
2013-01-15 00:00:00+05:30,250.5,251.74000549316406,247.02000427246094,248.98500061035156,214.50100708007812,12219330,0.0,0.0
2013-01-16 00:00:00+05:30,248.0,249.35000610351562,242.39999389648438,243.24000549316406,209.5516815185547,14390080,0.0,0.0
2013-01-17 00:00:00+05:30,242.5500030517578,248.2449951171875,242.3000030517578,246.98500061035156,212.77798461914062,14091240,0.0,0.0
2013-01-18 00:00:00+05:30,248.5,251.76499938964844,247.80999755859375,249.2050018310547,214.69053649902344,16073730,0.0,0.0
2013-01-21 00:00:00+05:30,249.5,251.13999938964844,249.00999450683594,249.94500732421875,215.3280792236328,11849060,0.0,0.0
2013-01-22 00:00:00+05:30,249.0,250.89999389648438,245.44000244140625,246.44500732421875,212.3127899169922,12954000,0.0,0.0
2013-01-23 00:00:00+05:30,247.10000610351562,249.2050018310547,245.21499633789062,248.0399932861328,213.68685913085938,15042750,0.0,0.0
2013-01-24 00:00:00+05:30,248.0,248.43499755859375,244.05499267578125,245.9149932861328,211.856201171875,17650270,0.0,0.0
2013-01-25 00:00:00+05:30,245.97000122070312,252.47999572753906,244.8000030517578,251.3699951171875,216.55569458007812,12460930,0.0,0.0
2013-01-28 00:00:00+05:30,252.5,253.3800048828125,248.3000030517578,249.15499877929688,214.64747619628906,18349860,0.0,0.0
2013-01-29 00:00:00+05:30,249.05499267578125,253.5,245.5050048828125,246.2449951171875,212.14048767089844,46331240,0.0,0.0
2013-01-30 00:00:00+05:30,247.6999969482422,248.6999969482422,242.66000366210938,243.61000061035156,209.8704376220703,23715290,0.0,0.0
2013-01-31 00:00:00+05:30,243.60000610351562,245.6649932861328,241.61500549316406,243.8000030517578,210.0341339111328,25528120,0.0,0.0
2013-02-01 00:00:00+05:30,243.10000610351562,245.2100067138672,240.10000610351562,241.23500061035156,207.82437133789062,14516810,0.0,0.0
2013-02-04 00:00:00+05:30,241.75,242.9250030517578,234.5,235.25999450683594,202.67691040039062,18596650,0.0,0.0
2013-02-05 00:00:00+05:30,235.0,238.05999755859375,232.80999755859375,237.14999389648438,204.3051300048828,22375350,0.0,0.0
2013-02-06 00:00:00+05:30,238.5,238.7899932861328,234.1999969482422,234.8699951171875,202.34091186523438,13866580,0.0,0.0
2013-02-07 00:00:00+05:30,233.39999389648438,236.39999389648438,232.01499938964844,232.66000366210938,200.43698120117188,13760530,0.0,0.0
2013-02-08 00:00:00+05:30,232.0,234.2899932861328,227.61000061035156,228.61500549316406,196.9521942138672,17646650,0.0,0.0
2013-02-11 00:00:00+05:30,228.99000549316406,231.19000244140625,227.73500061035156,229.43499755859375,197.6586151123047,14811360,0.0,0.0
2013-02-12 00:00:00+05:30,230.10000610351562,230.75999450683594,227.8800048828125,229.63999938964844,197.83523559570312,13296820,0.0,0.0
2013-02-13 00:00:00+05:30,230.1999969482422,232.3249969482422,224.25,225.47000122070312,194.24281311035156,27599120,0.0,0.0
2013-02-14 00:00:00+05:30,225.0,226.89999389648438,217.5,221.5749969482422,190.88726806640625,60922460,0.0,0.0
2013-02-15 00:00:00+05:30,220.6999969482422,224.77000427246094,220.51499938964844,223.34500122070312,192.412109375,21127420,0.0,0.0
2013-02-18 00:00:00+05:30,223.5,226.8800048828125,223.5,226.27000427246094,194.93199157714844,18380120,0.0,0.0
2013-02-19 00:00:00+05:30,226.88499450683594,228.0,223.6999969482422,227.35000610351562,195.8624267578125,13692360,0.0,0.0
2013-02-20 00:00:00+05:30,228.5,228.71499633789062,224.66000366210938,225.2050018310547,194.01449584960938,16094270,0.0,0.0
2013-02-21 00:00:00+05:30,223.94000244140625,224.2949981689453,220.01499938964844,221.05499267578125,190.4392547607422,19310510,0.0,0.0
2013-02-22 00:00:00+05:30,221.10000610351562,222.5449981689453,219.0050048828125,219.60000610351562,189.185791015625,18284310,0.0,0.0
2013-02-25 00:00:00+05:30,221.0,223.89999389648438,220.10499572753906,222.08999633789062,191.33091735839844,16887440,0.0,0.0
2013-02-26 00:00:00+05:30,220.8000030517578,221.60000610351562,218.86500549316406,219.83999633789062,189.3925323486328,16446360,0.0,0.0
2013-02-27 00:00:00+05:30,221.2449951171875,223.26499938964844,219.6999969482422,221.33999633789062,190.68479919433594,14100300,0.0,0.0
2013-02-28 00:00:00+05:30,223.39999389648438,223.6699981689453,205.10000610351562,208.08999633789062,179.26988220214844,58729590,0.0,0.0
2013-03-01 00:00:00+05:30,208.6999969482422,210.89500427246094,206.60000610351562,208.76499938964844,179.85137939453125,21676800,0.0,0.0
2013-03-04 00:00:00+05:30,208.74000549316406,210.86000061035156,207.64999389648438,209.9499969482422,180.87228393554688,18279980,0.0,0.0
2013-03-05 00:00:00+05:30,211.1999969482422,213.89999389648438,208.13999938964844,212.85499572753906,183.37490844726562,19059400,0.0,0.0
2013-03-06 00:00:00+05:30,214.10000610351562,217.4949951171875,213.64999389648438,216.86000061035156,186.82525634765625,21540750,0.0,0.0
2013-03-07 00:00:00+05:30,216.22500610351562,217.1999969482422,214.51499938964844,216.61500549316406,186.61419677734375,11774640,0.0,0.0
2013-03-08 00:00:00+05:30,217.72500610351562,221.89500427246094,217.61000061035156,220.9499969482422,190.34878540039062,19462340,0.0,0.0
2013-03-11 00:00:00+05:30,220.94000244140625,222.10000610351562,219.36500549316406,220.47000122070312,189.9352569580078,14154810,0.0,0.0
2013-03-12 00:00:00+05:30,220.6999969482422,222.8000030517578,218.30999755859375,220.68499755859375,190.12049865722656,21840370,0.0,0.0
2013-03-13 00:00:00+05:30,219.6999969482422,221.80499267578125,217.1199951171875,217.93499755859375,187.75137329101562,21052580,0.0,0.0
2013-03-14 00:00:00+05:30,217.89999389648438,226.14999389648438,216.52000427246094,225.5050048828125,194.27294921875,33666130,0.0,0.0
2013-03-15 00:00:00+05:30,226.39999389648438,227.3800048828125,223.75,226.1999969482422,194.87168884277344,22161680,0.0,0.0
2013-03-18 00:00:00+05:30,223.77000427246094,225.9199981689453,223.3350067138672,224.97999572753906,193.82066345214844,11219240,0.0,0.0
2013-03-19 00:00:00+05:30,226.60000610351562,226.97000122070312,217.01499938964844,220.35499572753906,189.83621215820312,40393960,0.0,0.0
2013-03-20 00:00:00+05:30,219.9499969482422,220.96499633789062,211.02999877929688,212.0399932861328,182.67282104492188,23048180,0.0,0.0
2013-03-21 00:00:00+05:30,212.60000610351562,215.89999389648438,208.02499389648438,211.94500732421875,182.59100341796875,32310360,0.0,0.0
2013-03-22 00:00:00+05:30,212.3249969482422,213.0,207.60000610351562,208.39500427246094,179.5326690673828,20894740,0.0,0.0
2013-03-25 00:00:00+05:30,212.49000549316406,212.5050048828125,205.2899932861328,205.8249969482422,177.318603515625,22640640,0.0,0.0
2013-03-26 00:00:00+05:30,205.0,206.7899932861328,202.7100067138672,205.02999877929688,176.63369750976562,16268370,0.0,0.0
2013-03-28 00:00:00+05:30,204.88499450683594,208.0,203.10000610351562,207.27499389648438,178.5677490234375,18801120,0.0,0.0
2013-04-01 00:00:00+05:30,208.5,209.7949981689453,206.64500427246094,209.05999755859375,180.10552978515625,11155370,0.0,0.0
2013-04-02 00:00:00+05:30,208.22000122070312,214.8000030517578,207.56500244140625,214.0449981689453,184.40011596679688,15282510,0.0,0.0
2013-04-03 00:00:00+05:30,213.625,215.69500732421875,209.05999755859375,210.4600067138672,181.31166076660156,23043560,0.0,0.0
2013-04-04 00:00:00+05:30,209.0449981689453,209.6999969482422,205.7449951171875,206.75999450683594,178.12408447265625,15062340,0.0,0.0
2013-04-05 00:00:00+05:30,206.75999450683594,208.39999389648438,204.1999969482422,205.6699981689453,177.18505859375,16152430,0.0,0.0
2013-04-08 00:00:00+05:30,205.74000549316406,207.13999938964844,202.8699951171875,203.3699951171875,175.20359802246094,10811270,0.0,0.0
2013-04-09 00:00:00+05:30,204.52499389648438,206.60000610351562,198.0,198.8249969482422,171.28810119628906,18252900,0.0,0.0
2013-04-10 00:00:00+05:30,199.89999389648438,202.86500549316406,197.61000061035156,202.31500244140625,174.29473876953125,18994350,0.0,0.0
2013-04-11 00:00:00+05:30,203.47999572753906,205.0,200.8000030517578,204.23500061035156,175.9488067626953,18848870,0.0,0.0
2013-04-12 00:00:00+05:30,204.0,209.6999969482422,202.0,208.17999267578125,179.34742736816406,20632180,0.0,0.0
2013-04-15 00:00:00+05:30,206.3000030517578,215.83999633789062,206.25999450683594,214.6300048828125,184.90411376953125,18089020,0.0,0.0
2013-04-16 00:00:00+05:30,214.8000030517578,219.39500427246094,214.0,218.30999755859375,188.074462890625,14838250,0.0,0.0
2013-04-17 00:00:00+05:30,219.5,226.98500061035156,219.5,224.51499938964844,193.42005920410156,24644810,0.0,0.0
2013-04-18 00:00:00+05:30,225.33999633789062,231.2550048828125,223.5,229.96499633789062,198.11521911621094,21382190,0.0,0.0
2013-04-22 00:00:00+05:30,230.63999938964844,236.0,230.63999938964844,232.7100067138672,200.4800567626953,14450260,0.0,0.0
2013-04-23 00:00:00+05:30,234.0,234.3300018310547,226.60000610351562,228.75,197.06851196289062,18770200,0.0,0.0
2013-04-25 00:00:00+05:30,230.89999389648438,234.3000030517578,229.39999389648438,233.4550018310547,201.1219024658203,20535590,0.0,0.0
2013-04-26 00:00:00+05:30,232.5,233.4550018310547,227.71499633789062,228.7949981689453,197.10728454589844,11550470,0.0,0.0
2013-04-29 00:00:00+05:30,230.1999969482422,230.94500732421875,226.2100067138672,227.35499572753906,195.8667449951172,13964420,0.0,0.0
2013-04-30 00:00:00+05:30,228.1999969482422,229.25,222.53500366210938,226.42999267578125,195.06982421875,14814500,0.0,0.0
2013-05-02 00:00:00+05:30,227.5,232.68499755859375,226.51499938964844,229.94500732421875,198.09803771972656,20143690,0.0,0.0
2013-05-03 00:00:00+05:30,228.5,229.33999633789062,220.60000610351562,221.3800048828125,190.71925354003906,36583570,0.0,0.0
2013-05-06 00:00:00+05:30,220.55499267578125,223.2550048828125,218.3000030517578,222.61000061035156,191.7788848876953,19604120,0.0,0.0
2013-05-07 00:00:00+05:30,222.0,226.39999389648438,221.85499572753906,225.67999267578125,194.4237060546875,12903980,0.0,0.0
2013-05-08 00:00:00+05:30,226.0,227.3000030517578,223.15499877929688,225.47000122070312,194.24281311035156,14795230,0.0,0.0
2013-05-09 00:00:00+05:30,226.0,232.67999267578125,224.39999389648438,229.09500122070312,197.36575317382812,22585460,0.0,0.0
2013-05-10 00:00:00+05:30,228.99000549316406,232.3000030517578,228.375,229.36000061035156,197.59402465820312,18603240,0.0,0.0
2013-05-13 00:00:00+05:30,230.5,231.875,226.80999755859375,227.77000427246094,196.22425842285156,12807580,0.0,0.0
2013-05-14 00:00:00+05:30,227.3249969482422,231.86000061035156,226.63999938964844,229.30499267578125,197.54666137695312,19822490,0.0,0.0
2013-05-15 00:00:00+05:30,231.00999450683594,239.27999877929688,230.52499389648438,238.27499389648438,205.2742919921875,27233960,0.0,0.0
2013-05-16 00:00:00+05:30,237.52999877929688,243.91000366210938,237.1999969482422,241.93499755859375,208.42742919921875,22683930,0.0,0.0
2013-05-17 00:00:00+05:30,242.0449981689453,243.47500610351562,238.8000030517578,242.48500061035156,208.90122985839844,16893270,0.0,0.0
2013-05-20 00:00:00+05:30,243.0,247.1999969482422,240.25,241.17999267578125,207.7769775390625,18149490,0.0,0.0
2013-05-21 00:00:00+05:30,242.0,242.89999389648438,235.38999938964844,236.07000732421875,203.37472534179688,19350270,0.0,0.0
2013-05-22 00:00:00+05:30,238.0,240.22000122070312,234.55499267578125,236.3000030517578,203.57286071777344,15125760,0.0,0.0
2013-05-23 00:00:00+05:30,235.5,235.5,215.3000030517578,217.75999450683594,187.6005859375,63821860,0.0,0.0
2013-05-24 00:00:00+05:30,219.1999969482422,219.8000030517578,212.74000549316406,215.1199951171875,185.3262481689453,34747060,0.0,0.0
2013-05-27 00:00:00+05:30,215.39999389648438,218.3300018310547,214.67999267578125,216.2100067138672,186.26531982421875,22382280,0.0,0.0
2013-05-28 00:00:00+05:30,213.5399932861328,216.17999267578125,212.25,212.97999572753906,187.07334899902344,21430960,4.15,0.0
2013-05-29 00:00:00+05:30,213.51499938964844,213.92999267578125,209.80499267578125,210.6300048828125,185.00924682617188,16838910,0.0,0.0
2013-05-30 00:00:00+05:30,210.0,211.99000549316406,207.90499877929688,208.85499572753906,183.4501495361328,24345150,0.0,0.0
2013-05-31 00:00:00+05:30,208.19000244140625,208.89999389648438,204.2050018310547,204.6750030517578,179.77859497070312,20767490,0.0,0.0
2013-06-03 00:00:00+05:30,204.80999755859375,208.19500732421875,204.0050048828125,206.98500061035156,181.80764770507812,21804450,0.0,0.0
2013-06-04 00:00:00+05:30,207.0,208.39999389648438,202.10000610351562,202.82000732421875,178.14923095703125,18890680,0.0,0.0
2013-06-05 00:00:00+05:30,202.60000610351562,204.44000244140625,201.1999969482422,203.1750030517578,178.46104431152344,19682800,0.0,0.0
2013-06-06 00:00:00+05:30,202.3249969482422,206.6999969482422,200.64999389648438,204.8800048828125,179.9586639404297,24860940,0.0,0.0
2013-06-07 00:00:00+05:30,203.5,207.5,201.5,202.4149932861328,177.7935028076172,18938650,0.0,0.0
2013-06-10 00:00:00+05:30,204.0,204.6999969482422,200.11000061035156,201.15499877929688,176.686767578125,14601870,0.0,0.0
2013-06-11 00:00:00+05:30,200.5,202.60000610351562,198.1999969482422,199.75,175.45265197753906,27831190,0.0,0.0
2013-06-12 00:00:00+05:30,202.89999389648438,202.89999389648438,197.06500244140625,200.60499572753906,176.20362854003906,31892330,0.0,0.0
2013-06-13 00:00:00+05:30,198.9949951171875,203.5800018310547,198.52000427246094,201.8800048828125,177.32357788085938,21107870,0.0,0.0
2013-06-14 00:00:00+05:30,203.60000610351562,205.89999389648438,203.09500122070312,204.5850067138672,179.6995391845703,18141370,0.0,0.0
2013-06-17 00:00:00+05:30,205.2550048828125,207.39999389648438,199.22000122070312,206.5800018310547,181.45187377929688,25618850,0.0,0.0
2013-06-18 00:00:00+05:30,206.3000030517578,207.5,203.72500610351562,204.36000061035156,179.50189208984375,15409980,0.0,0.0
2013-06-19 00:00:00+05:30,204.39999389648438,205.21499633789062,202.8699951171875,204.5800018310547,179.6951446533203,15403450,0.0,0.0
2013-06-20 00:00:00+05:30,200.89999389648438,201.97999572753906,198.73500061035156,199.7550048828125,175.4570770263672,26521840,0.0,0.0
2013-06-21 00:00:00+05:30,199.39999389648438,200.88499450683594,196.6300048828125,198.91000366210938,174.71482849121094,26461690,0.0,0.0
2013-06-24 00:00:00+05:30,198.30499267578125,198.7100067138672,193.0,194.84500122070312,171.14431762695312,21810540,0.0,0.0
2013-06-25 00:00:00+05:30,194.8000030517578,194.9499969482422,190.125,190.77999877929688,167.57376098632812,30781170,0.0,0.0
2013-06-26 00:00:00+05:30,191.39999389648438,192.57000732421875,189.2100067138672,190.0050048828125,166.89303588867188,20557680,0.0,0.0
2013-06-27 00:00:00+05:30,192.14999389648438,193.0,190.10000610351562,191.25,167.98658752441406,19891950,0.0,0.0
2013-06-28 00:00:00+05:30,193.8000030517578,195.73500061035156,193.0,195.3800048828125,171.61424255371094,15660360,0.0,0.0
2013-07-01 00:00:00+05:30,196.3000030517578,202.10000610351562,195.5,201.55999755859375,177.04251098632812,15135150,0.0,0.0
2013-07-02 00:00:00+05:30,201.11500549316406,202.89999389648438,198.22999572753906,198.99000549316406,174.78512573242188,16265170,0.0,0.0
2013-07-03 00:00:00+05:30,197.60000610351562,197.60000610351562,189.27999877929688,189.875,166.7788543701172,25313640,0.0,0.0
2013-07-04 00:00:00+05:30,190.19500732421875,192.34500122070312,187.25999450683594,189.9949951171875,166.88424682617188,28494530,0.0,0.0
2013-07-05 00:00:00+05:30,192.11000061035156,192.77000427246094,188.8249969482422,189.44500732421875,166.40115356445312,17580390,0.0,0.0
2013-07-08 00:00:00+05:30,187.89999389648438,188.19000244140625,185.00999450683594,187.32000732421875,164.53463745117188,15419820,0.0,0.0
2013-07-09 00:00:00+05:30,188.6999969482422,191.25,188.05999755859375,189.46499633789062,166.418701171875,22886230,0.0,0.0
2013-07-10 00:00:00+05:30,190.7050018310547,192.3800048828125,186.53500366210938,187.6300048828125,164.8069305419922,19184670,0.0,0.0
2013-07-11 00:00:00+05:30,191.10000610351562,192.8000030517578,190.0,191.13499450683594,167.88558959960938,15679190,0.0,0.0
2013-07-12 00:00:00+05:30,191.60000610351562,191.9949951171875,188.1300048828125,189.33999633789062,166.30892944335938,14990890,0.0,0.0
2013-07-15 00:00:00+05:30,189.1699981689453,191.71499633789062,186.8000030517578,191.22999572753906,167.96900939941406,23207480,0.0,0.0
2013-07-16 00:00:00+05:30,186.0,186.0,179.75,182.76499938964844,160.53369140625,30413700,0.0,0.0
2013-07-17 00:00:00+05:30,183.60000610351562,183.89999389648438,179.00999450683594,180.6699981689453,158.69354248046875,24112260,0.0,0.0
2013-07-18 00:00:00+05:30,181.3000030517578,183.08999633789062,179.10000610351562,182.4250030517578,160.2350616455078,20494950,0.0,0.0
2013-07-19 00:00:00+05:30,182.89999389648438,182.89999389648438,179.86500549316406,181.1300048828125,159.09756469726562,14077470,0.0,0.0
2013-07-22 00:00:00+05:30,180.6999969482422,183.47999572753906,180.60000610351562,182.47000122070312,160.27456665039062,9686870,0.0,0.0
2013-07-23 00:00:00+05:30,183.8000030517578,186.97500610351562,183.27000427246094,186.09500122070312,163.45863342285156,14172240,0.0,0.0
2013-07-24 00:00:00+05:30,182.0,182.6999969482422,178.63499450683594,180.125,158.2147979736328,26278990,0.0,0.0
2013-07-25 00:00:00+05:30,179.39999389648438,181.60000610351562,178.91000366210938,179.81500244140625,157.94252014160156,29959130,0.0,0.0
2013-07-26 00:00:00+05:30,181.10000610351562,182.32000732421875,175.1699981689453,176.52499389648438,155.052734375,26165140,0.0,0.0
2013-07-29 00:00:00+05:30,176.72500610351562,177.0,173.28500366210938,174.0050048828125,152.83926391601562,16545080,0.0,0.0
2013-07-30 00:00:00+05:30,174.4250030517578,177.39999389648438,171.8350067138672,172.3300018310547,151.36801147460938,27908980,0.0,0.0
2013-07-31 00:00:00+05:30,171.77999877929688,171.97999572753906,169.0,170.83999633789062,150.0592498779297,30356230,0.0,0.0
2013-08-01 00:00:00+05:30,171.7949981689453,172.3000030517578,166.5,168.32000732421875,147.84576416015625,23616550,0.0,0.0
2013-08-02 00:00:00+05:30,168.8000030517578,170.89500427246094,166.5,168.05999755859375,147.61740112304688,25310950,0.0,0.0
2013-08-05 00:00:00+05:30,168.8000030517578,169.39999389648438,165.55999755859375,168.22500610351562,147.7623291015625,17653750,0.0,0.0
2013-08-06 00:00:00+05:30,166.5,167.63999938964844,163.30499267578125,164.13999938964844,144.1741943359375,25454280,0.0,0.0
2013-08-07 00:00:00+05:30,164.5,172.89999389648438,163.60000610351562,171.61000061035156,150.735595703125,30640510,0.0,0.0
2013-08-08 00:00:00+05:30,170.8249969482422,171.80499267578125,165.0,166.4149932861328,146.1724853515625,22000410,0.0,0.0
2013-08-12 00:00:00+05:30,166.4149932861328,166.97000122070312,157.5,160.53500366210938,141.00772094726562,54399680,0.0,0.0
2013-08-13 00:00:00+05:30,159.47000122070312,162.6999969482422,157.5,161.9949951171875,142.2901153564453,40050290,0.0,0.0
2013-08-14 00:00:00+05:30,162.39999389648438,164.3350067138672,160.8000030517578,162.44000244140625,142.6809844970703,22630340,0.0,0.0
2013-08-16 00:00:00+05:30,161.08999633789062,161.39999389648438,155.3000030517578,157.05999755859375,137.95541381835938,33161930,0.0,0.0
2013-08-19 00:00:00+05:30,156.8000030517578,156.8000030517578,152.10000610351562,153.0500030517578,134.43319702148438,27358320,0.0,0.0
2013-08-20 00:00:00+05:30,150.0,156.1649932861328,148.86000061035156,155.40499877929688,136.5017547607422,24469990,0.0,0.0
2013-08-21 00:00:00+05:30,164.0,165.08999633789062,152.3000030517578,154.8000030517578,135.9703369140625,32616310,0.0,0.0
2013-08-22 00:00:00+05:30,153.27000427246094,157.19000244140625,151.22999572753906,156.47500610351562,137.4415740966797,39523490,0.0,0.0
2013-08-23 00:00:00+05:30,156.65499877929688,158.6750030517578,154.2100067138672,155.91000366210938,136.9453125,22294020,0.0,0.0
2013-08-26 00:00:00+05:30,157.11000061035156,158.48500061035156,154.51499938964844,155.72500610351562,136.78280639648438,17001610,0.0,0.0
2013-08-27 00:00:00+05:30,154.1999969482422,154.22500610351562,150.14999389648438,152.0,133.51089477539062,23246040,0.0,0.0
2013-08-28 00:00:00+05:30,150.0,151.1999969482422,145.27000427246094,149.78500366210938,131.56533813476562,25272130,0.0,0.0
2013-08-29 00:00:00+05:30,151.3000030517578,152.4600067138672,147.25,148.77999877929688,130.68260192871094,20084810,0.0,0.0
2013-08-30 00:00:00+05:30,148.63999938964844,152.60000610351562,147.02999877929688,151.89500427246094,133.41868591308594,21562390,0.0,0.0
2013-09-02 00:00:00+05:30,152.0,154.0,151.03500366210938,151.63499450683594,133.19032287597656,13421710,0.0,0.0
2013-09-03 00:00:00+05:30,152.4949951171875,153.4600067138672,146.11000061035156,147.56500244140625,129.6154022216797,21050700,0.0,0.0
2013-09-04 00:00:00+05:30,147.60000610351562,151.14999389648438,145.57000732421875,149.4199981689453,131.24476623535156,23858020,0.0,0.0
2013-09-05 00:00:00+05:30,153.60000610351562,164.4499969482422,153.3350067138672,163.81500244140625,143.88873291015625,41009330,0.0,0.0
2013-09-06 00:00:00+05:30,163.8000030517578,164.8000030517578,159.69000244140625,163.4550018310547,143.57252502441406,24826830,0.0,0.0
2013-09-10 00:00:00+05:30,166.0050048828125,169.50999450683594,162.10000610351562,163.35000610351562,143.48033142089844,21510870,0.0,0.0
2013-09-11 00:00:00+05:30,162.2899932861328,169.77499389648438,160.22999572753906,169.0050048828125,148.44744873046875,28928540,0.0,0.0
2013-09-12 00:00:00+05:30,170.0,170.77000427246094,164.60000610351562,165.83999633789062,145.66744995117188,19021980,0.0,0.0
2013-09-13 00:00:00+05:30,163.8000030517578,168.60000610351562,163.10499572753906,166.11000061035156,145.90457153320312,17630960,0.0,0.0
2013-09-16 00:00:00+05:30,169.6999969482422,170.5,163.52999877929688,164.63499450683594,144.6090087890625,22536660,0.0,0.0
2013-09-17 00:00:00+05:30,165.1999969482422,166.0,162.72000122070312,163.36500549316406,143.49349975585938,16469200,0.0,0.0
2013-09-18 00:00:00+05:30,164.5,167.82000732421875,163.69000244140625,167.36500549316406,147.00694274902344,13959810,0.0,0.0
2013-09-19 00:00:00+05:30,174.39999389648438,181.8000030517578,174.31500244140625,180.77499389648438,158.7857666015625,33437450,0.0,0.0
2013-09-20 00:00:00+05:30,181.3800048828125,184.4499969482422,169.24000549316406,174.7550048828125,153.4980010986328,50467260,0.0,0.0
2013-09-23 00:00:00+05:30,170.9149932861328,171.39999389648438,164.3350067138672,165.46499633789062,145.3380584716797,24899540,0.0,0.0
2013-09-24 00:00:00+05:30,162.0,165.4149932861328,159.625,164.4949951171875,144.48602294921875,27959960,0.0,0.0
2013-09-25 00:00:00+05:30,164.02499389648438,170.22000122070312,164.02000427246094,169.26499938964844,148.6758270263672,31710460,0.0,0.0
2013-09-26 00:00:00+05:30,168.52499389648438,169.75999450683594,166.42999267578125,167.61000061035156,147.2221221923828,16402440,0.0,0.0
2013-09-27 00:00:00+05:30,168.05499267578125,168.86000061035156,162.73500061035156,164.07000732421875,144.1127166748047,16454000,0.0,0.0
2013-09-30 00:00:00+05:30,161.3800048828125,162.8000030517578,159.6649932861328,161.49000549316406,141.84654235839844,16838130,0.0,0.0
2013-10-01 00:00:00+05:30,162.23500061035156,164.8350067138672,161.39999389648438,164.3350067138672,144.34552001953125,12547570,0.0,0.0
2013-10-03 00:00:00+05:30,164.3000030517578,166.5,162.52000427246094,166.02000427246094,145.82554626464844,17636560,0.0,0.0
2013-10-04 00:00:00+05:30,165.0,167.8000030517578,163.0,165.06500244140625,144.9866943359375,20201430,0.0,0.0
2013-10-07 00:00:00+05:30,164.125,164.5,162.0050048828125,163.30499267578125,143.44076538085938,11363520,0.0,0.0
2013-10-08 00:00:00+05:30,167.52499389648438,167.9499969482422,159.75,160.7550048828125,141.20098876953125,26710340,0.0,0.0
2013-10-09 00:00:00+05:30,159.08999633789062,161.77999877929688,157.38499450683594,160.89999389648438,141.3283233642578,34175100,0.0,0.0
2013-10-10 00:00:00+05:30,161.02499389648438,163.9550018310547,160.8000030517578,163.2949981689453,143.43202209472656,17336910,0.0,0.0
2013-10-11 00:00:00+05:30,165.0,167.19000244140625,163.10000610351562,165.27999877929688,145.17552185058594,15976780,0.0,0.0
2013-10-14 00:00:00+05:30,164.625,166.89999389648438,164.36500549316406,165.72000122070312,145.5620574951172,10581410,0.0,0.0
2013-10-15 00:00:00+05:30,166.39999389648438,169.35000610351562,161.11000061035156,162.27999877929688,142.5404815673828,23221460,0.0,0.0
2013-10-17 00:00:00+05:30,162.56500244140625,163.47999572753906,160.0,162.1300048828125,142.40870666503906,19848640,0.0,0.0
2013-10-18 00:00:00+05:30,162.89999389648438,167.19000244140625,162.6999969482422,166.4600067138672,146.21205139160156,16838070,0.0,0.0
2013-10-21 00:00:00+05:30,166.7100067138672,169.5,166.1999969482422,167.15499877929688,146.82249450683594,14555250,0.0,0.0
2013-10-22 00:00:00+05:30,167.0,169.19000244140625,166.0,167.52499389648438,147.14744567871094,13665340,0.0,0.0
2013-10-23 00:00:00+05:30,169.1999969482422,173.49000549316406,168.5,171.65499877929688,150.77508544921875,32879400,0.0,0.0
2013-10-24 00:00:00+05:30,171.8000030517578,174.49000549316406,170.76499938964844,171.8300018310547,150.92881774902344,21267920,0.0,0.0
2013-10-25 00:00:00+05:30,171.5,173.97000122070312,170.0,172.09500122070312,151.16159057617188,14223140,0.0,0.0
2013-10-28 00:00:00+05:30,172.5,173.88999938964844,167.13999938964844,167.5399932861328,147.16064453125,13060010,0.0,0.0
2013-10-29 00:00:00+05:30,167.10000610351562,174.5,164.55999755859375,174.0449981689453,152.87440490722656,30146060,0.0,0.0
2013-10-30 00:00:00+05:30,174.80499267578125,175.85000610351562,171.47500610351562,172.10499572753906,151.17034912109375,14466420,0.0,0.0
2013-10-31 00:00:00+05:30,171.7949981689453,180.33999633789062,170.57000732421875,179.6750030517578,157.81954956054688,33459510,0.0,0.0
2013-11-01 00:00:00+05:30,179.3000030517578,189.0,178.92999267578125,187.89999389648438,165.04408264160156,34197760,0.0,0.0
2013-11-05 00:00:00+05:30,187.22999572753906,190.7899932861328,184.02000427246094,187.59500122070312,164.77618408203125,21888850,0.0,0.0
2013-11-06 00:00:00+05:30,186.1999969482422,188.53500366210938,180.39999389648438,180.9550018310547,158.94386291503906,23159300,0.0,0.0
2013-11-07 00:00:00+05:30,181.0800018310547,182.8000030517578,174.6999969482422,175.25999450683594,153.9415740966797,31283760,0.0,0.0
2013-11-08 00:00:00+05:30,174.89999389648438,176.8000030517578,173.0,174.42999267578125,153.21255493164062,17637190,0.0,0.0
2013-11-11 00:00:00+05:30,172.97000122070312,175.2949981689453,169.52499389648438,170.43499755859375,149.70350646972656,18516020,0.0,0.0
2013-11-12 00:00:00+05:30,170.48500061035156,171.6999969482422,166.89999389648438,167.2949981689453,146.9454345703125,24334250,0.0,0.0
2013-11-13 00:00:00+05:30,165.80999755859375,173.72999572753906,165.26499938964844,169.7050018310547,149.0623016357422,60408150,0.0,0.0
2013-11-14 00:00:00+05:30,172.30499267578125,174.0850067138672,170.57000732421875,172.30999755859375,151.3504180908203,18331450,0.0,0.0
2013-11-18 00:00:00+05:30,174.53500366210938,177.0,173.2100067138672,176.75999450683594,155.25914001464844,18948610,0.0,0.0
2013-11-19 00:00:00+05:30,176.39999389648438,183.0,176.3000030517578,182.33999633789062,160.16038513183594,28702840,0.0,0.0
2013-11-20 00:00:00+05:30,181.89999389648438,183.47000122070312,178.1999969482422,179.57000732421875,157.72732543945312,23355560,0.0,0.0
2013-11-21 00:00:00+05:30,178.2449951171875,178.86000061035156,175.5,176.2949981689453,154.85069274902344,23675930,0.0,0.0
2013-11-22 00:00:00+05:30,176.75999450683594,178.08999633789062,173.5,173.7949981689453,152.65476989746094,17754460,0.0,0.0
2013-11-25 00:00:00+05:30,174.14999389648438,181.16000366210938,174.0050048828125,180.6649932861328,158.6891326904297,22735900,0.0,0.0
2013-11-26 00:00:00+05:30,180.0,181.9499969482422,178.10000610351562,178.52499389648438,156.80943298339844,16048660,0.0,0.0
2013-11-27 00:00:00+05:30,178.60000610351562,179.8699951171875,175.69000244140625,176.3699951171875,154.9165802001953,13691010,0.0,0.0
2013-11-28 00:00:00+05:30,177.6999969482422,179.06500244140625,176.0749969482422,176.36000061035156,154.90782165527344,18432410,0.0,0.0
2013-11-29 00:00:00+05:30,176.10000610351562,182.6999969482422,176.10000610351562,181.94500732421875,159.81344604492188,23401810,0.0,0.0
2013-12-02 00:00:00+05:30,182.6999969482422,185.35000610351562,181.24000549316406,182.21499633789062,160.0505828857422,17459790,0.0,0.0
2013-12-03 00:00:00+05:30,181.4949951171875,182.97999572753906,180.52499389648438,181.35000610351562,159.29083251953125,14806910,0.0,0.0
2013-12-04 00:00:00+05:30,180.6999969482422,183.47500610351562,179.6999969482422,181.73500061035156,159.62896728515625,15426920,0.0,0.0
2013-12-05 00:00:00+05:30,186.0,188.26499938964844,184.6199951171875,185.59500122070312,163.01943969726562,23662450,0.0,0.0
2013-12-06 00:00:00+05:30,185.1999969482422,186.7100067138672,184.5050048828125,185.9550018310547,163.33566284179688,14500680,0.0,0.0
2013-12-09 00:00:00+05:30,191.10000610351562,192.39999389648438,188.5050048828125,189.0850067138672,166.08493041992188,18775040,0.0,0.0
2013-12-10 00:00:00+05:30,189.47500610351562,189.86000061035156,183.6300048828125,184.3300018310547,161.9083251953125,18864240,0.0,0.0
2013-12-11 00:00:00+05:30,184.0,184.2949981689453,178.14999389648438,179.65499877929688,157.80197143554688,20710400,0.0,0.0
2013-12-12 00:00:00+05:30,179.0,179.8000030517578,177.15499877929688,177.6999969482422,156.0847930908203,15817310,0.0,0.0
2013-12-13 00:00:00+05:30,175.8000030517578,177.0,174.00999450683594,174.36000061035156,153.1510772705078,16462210,0.0,0.0
2013-12-16 00:00:00+05:30,173.00999450683594,176.19000244140625,172.73500061035156,173.2100067138672,152.14097595214844,13021320,0.0,0.0
2013-12-17 00:00:00+05:30,175.02000427246094,175.5,171.26499938964844,171.8300018310547,150.92881774902344,17632770,0.0,0.0
2013-12-18 00:00:00+05:30,171.5,177.88999938964844,171.5,176.33999633789062,154.89024353027344,23581260,0.0,0.0
2013-12-19 00:00:00+05:30,177.22999572753906,177.83999633789062,171.25,173.10499572753906,152.04872131347656,18373200,0.0,0.0
2013-12-20 00:00:00+05:30,172.5,175.8000030517578,172.0050048828125,175.1199951171875,153.818603515625,15023660,0.0,0.0
2013-12-23 00:00:00+05:30,174.5,177.27999877929688,174.5,175.84500122070312,154.4554443359375,13320010,0.0,0.0
2013-12-24 00:00:00+05:30,175.9149932861328,177.1999969482422,175.1999969482422,175.9250030517578,154.52572631835938,13339310,0.0,0.0
2013-12-26 00:00:00+05:30,175.3000030517578,177.1699981689453,174.6999969482422,175.34500122070312,154.01625061035156,16332130,0.0,0.0
2013-12-27 00:00:00+05:30,175.5,178.13999938964844,175.5,177.00999450683594,155.47872924804688,10695570,0.0,0.0
2013-12-30 00:00:00+05:30,178.0800018310547,178.8699951171875,175.50999450683594,176.4600067138672,154.99563598632812,10861570,0.0,0.0
2013-12-31 00:00:00+05:30,175.94500732421875,177.3000030517578,174.97000122070312,176.64999389648438,155.16249084472656,10753080,0.0,0.0
2014-01-01 00:00:00+05:30,177.1999969482422,177.49000549316406,176.125,176.5050048828125,155.03515625,5904780,0.0,0.0
2014-01-02 00:00:00+05:30,176.58999633789062,180.60000610351562,173.22000122070312,174.25999450683594,153.06321716308594,19451900,0.0,0.0
2014-01-03 00:00:00+05:30,172.6999969482422,173.60000610351562,171.10000610351562,171.96499633789062,151.04739379882812,13759590,0.0,0.0
2014-01-06 00:00:00+05:30,172.19000244140625,172.39999389648438,168.1999969482422,168.81500244140625,148.2805633544922,13907830,0.0,0.0
2014-01-07 00:00:00+05:30,169.2899932861328,170.1999969482422,165.5,166.13999938964844,145.93093872070312,17352910,0.0,0.0
2014-01-08 00:00:00+05:30,166.4250030517578,167.7949981689453,165.10000610351562,165.71499633789062,145.55763244628906,14248790,0.0,0.0
2014-01-09 00:00:00+05:30,165.3000030517578,166.27499389648438,163.0,163.97999572753906,144.03366088867188,14791100,0.0,0.0
2014-01-10 00:00:00+05:30,163.9550018310547,165.60000610351562,160.0,160.81500244140625,141.25364685058594,20473070,0.0,0.0
2014-01-13 00:00:00+05:30,161.01499938964844,164.50999450683594,161.01499938964844,164.125,144.16102600097656,15564850,0.0,0.0
2014-01-14 00:00:00+05:30,163.5,164.89999389648438,162.3350067138672,162.75,142.95330810546875,10197000,0.0,0.0
2014-01-15 00:00:00+05:30,163.1999969482422,165.8000030517578,163.1999969482422,164.07000732421875,144.1127166748047,13624980,0.0,0.0
2014-01-16 00:00:00+05:30,164.4149932861328,165.1750030517578,163.2449951171875,163.6199951171875,143.7174530029297,7241970,0.0,0.0
2014-01-17 00:00:00+05:30,163.4550018310547,164.4499969482422,161.6999969482422,162.15499877929688,142.43067932128906,11207380,0.0,0.0
2014-01-20 00:00:00+05:30,162.15499877929688,164.58999633789062,161.6649932861328,164.18499755859375,144.21372985839844,9468650,0.0,0.0
2014-01-21 00:00:00+05:30,165.38999938964844,167.27000427246094,164.6199951171875,165.9499969482422,145.76402282714844,12351890,0.0,0.0
2014-01-22 00:00:00+05:30,165.39999389648438,165.7949981689453,163.52499389648438,164.68499755859375,144.65293884277344,9821920,0.0,0.0
2014-01-23 00:00:00+05:30,163.89999389648438,166.3000030517578,163.61500549316406,165.8300018310547,145.65863037109375,9241310,0.0,0.0
2014-01-24 00:00:00+05:30,164.89999389648438,166.49000549316406,161.8000030517578,162.1199951171875,142.3999481201172,16616560,0.0,0.0
2014-01-27 00:00:00+05:30,159.7899932861328,160.39999389648438,158.30499267578125,159.4499969482422,140.0546875,15688040,0.0,0.0
2014-01-28 00:00:00+05:30,160.30499267578125,162.8000030517578,157.8249969482422,159.6300048828125,140.2128143310547,18296910,0.0,0.0
2014-01-29 00:00:00+05:30,161.3000030517578,162.17999267578125,157.0,157.36500549316406,138.22335815429688,17594550,0.0,0.0
2014-01-30 00:00:00+05:30,155.5,155.8000030517578,151.0050048828125,151.66000366210938,133.21226501464844,20955320,0.0,0.0
2014-01-31 00:00:00+05:30,153.0500030517578,153.89999389648438,151.3000030517578,152.38499450683594,133.8490753173828,13174950,0.0,0.0
2014-02-03 00:00:00+05:30,152.5,152.89999389648438,148.5,148.8350067138672,130.7309112548828,14150230,0.0,0.0
2014-02-04 00:00:00+05:30,147.39999389648438,152.1999969482422,146.67999267578125,151.5399932861328,133.1068572998047,18002040,0.0,0.0
2014-02-05 00:00:00+05:30,151.88999938964844,152.99000549316406,150.11000061035156,152.1699981689453,133.6602325439453,13227190,0.0,0.0
2014-02-06 00:00:00+05:30,152.2100067138672,153.7899932861328,149.34500122070312,150.48500061035156,132.18019104003906,16116300,0.0,0.0
2014-02-07 00:00:00+05:30,152.0050048828125,153.47000122070312,150.35000610351562,152.75999450683594,134.178466796875,18203400,0.0,0.0
2014-02-10 00:00:00+05:30,153.03500366210938,153.28500366210938,150.72999572753906,151.41000366210938,132.99269104003906,10494640,0.0,0.0
2014-02-11 00:00:00+05:30,151.4949951171875,152.75,151.4499969482422,151.97000122070312,133.48455810546875,7118720,0.0,0.0
2014-02-12 00:00:00+05:30,152.7100067138672,154.0,151.80499267578125,153.25,134.60887145996094,15539930,0.0,0.0
2014-02-13 00:00:00+05:30,153.3000030517578,153.5800018310547,149.60499572753906,150.05499267578125,131.802490234375,13251910,0.0,0.0
2014-02-14 00:00:00+05:30,150.22999572753906,151.47999572753906,145.50999450683594,147.50999450683594,129.5670623779297,45823350,0.0,0.0
2014-02-17 00:00:00+05:30,147.0,148.49000549316406,146.3249969482422,147.36000061035156,129.435302734375,16601150,0.0,0.0
2014-02-18 00:00:00+05:30,147.6999969482422,150.97999572753906,147.11000061035156,150.09500122070312,131.837646484375,13981720,0.0,0.0
2014-02-19 00:00:00+05:30,149.99000549316406,151.5,149.8000030517578,150.80499267578125,132.46127319335938,9753850,0.0,0.0
2014-02-20 00:00:00+05:30,149.6999969482422,150.10499572753906,147.63499450683594,148.05999755859375,130.05015563964844,10363320,0.0,0.0
2014-02-21 00:00:00+05:30,148.5,150.5,148.5,150.2100067138672,131.93865966796875,9430050,0.0,0.0
2014-02-24 00:00:00+05:30,150.0749969482422,151.74000549316406,148.9199981689453,151.0500030517578,132.6764678955078,10295950,0.0,0.0
2014-02-25 00:00:00+05:30,151.6999969482422,152.10000610351562,149.91000366210938,150.60000610351562,132.2812042236328,9445490,0.0,0.0
2014-02-26 00:00:00+05:30,151.0,153.47999572753906,150.52999877929688,152.0399932861328,133.54605102539062,31769610,0.0,0.0
2014-02-28 00:00:00+05:30,152.9199981689453,153.94000244140625,151.8000030517578,153.3249969482422,134.67474365234375,13109410,0.0,0.0
2014-03-03 00:00:00+05:30,153.0,155.86000061035156,151.50999450683594,151.8350067138672,133.36598205566406,16179310,0.0,0.0
2014-03-04 00:00:00+05:30,151.8000030517578,155.48500061035156,151.5,155.03500366210938,136.17674255371094,17249460,0.0,0.0
2014-03-05 00:00:00+05:30,156.0,158.1999969482422,154.0,157.66000366210938,138.48243713378906,25001030,0.0,0.0
2014-03-06 00:00:00+05:30,158.35000610351562,158.35000610351562,156.1999969482422,157.74000549316406,138.552734375,22604310,0.0,0.0
2014-03-07 00:00:00+05:30,158.39999389648438,166.44500732421875,158.22999572753906,164.96499633789062,144.8988494873047,51525570,0.0,0.0
2014-03-10 00:00:00+05:30,164.39999389648438,171.10000610351562,164.0,169.21499633789062,148.6318817138672,44180640,0.0,0.0
2014-03-11 00:00:00+05:30,169.0,172.2100067138672,166.60499572753906,167.47999572753906,148.42364501953125,25625230,1.5,0.0
2014-03-12 00:00:00+05:30,165.92999267578125,167.39999389648438,163.75,164.50999450683594,145.7915802001953,17206710,0.0,0.0
2014-03-13 00:00:00+05:30,165.0,169.60000610351562,164.2899932861328,165.2100067138672,146.41192626953125,29306490,0.0,0.0
2014-03-14 00:00:00+05:30,163.60000610351562,166.8800048828125,163.39999389648438,165.4149932861328,146.5935821533203,17043720,0.0,0.0
2014-03-18 00:00:00+05:30,165.5,170.89999389648438,165.5,170.1300048828125,150.77212524414062,29193580,0.0,0.0
2014-03-19 00:00:00+05:30,171.0,171.9499969482422,169.65499877929688,170.88499450683594,151.44119262695312,17798490,0.0,0.0
2014-03-20 00:00:00+05:30,170.60000610351562,170.60000610351562,167.25,167.7949981689453,148.70278930664062,14052620,0.0,0.0
2014-03-21 00:00:00+05:30,169.8000030517578,171.17999267578125,168.89999389648438,170.21499633789062,150.84744262695312,16902930,0.0,0.0
2014-03-24 00:00:00+05:30,171.09500122070312,173.99000549316406,171.09500122070312,172.55999755859375,152.92562866210938,16494770,0.0,0.0
2014-03-25 00:00:00+05:30,173.27999877929688,174.77000427246094,172.80999755859375,174.33999633789062,154.5030975341797,16789650,0.0,0.0
2014-03-26 00:00:00+05:30,175.4149932861328,177.39999389648438,174.15499877929688,176.75,156.63885498046875,20279380,0.0,0.0
2014-03-27 00:00:00+05:30,178.0,185.3800048828125,178.0,183.6999969482422,162.7980499267578,48585150,0.0,0.0
2014-03-28 00:00:00+05:30,185.64999389648438,191.59500122070312,185.64999389648438,190.19500732421875,168.55404663085938,33298740,0.0,0.0
2014-03-31 00:00:00+05:30,191.5,193.8800048828125,188.52000427246094,191.77000427246094,169.94984436035156,25924470,0.0,0.0
2014-04-01 00:00:00+05:30,192.8000030517578,193.35499572753906,186.75,189.36500549316406,167.81849670410156,22272160,0.0,0.0
2014-04-02 00:00:00+05:30,192.0,194.0,188.77999877929688,193.49000549316406,171.4741668701172,19202730,0.0,0.0
2014-04-03 00:00:00+05:30,193.39999389648438,193.8000030517578,188.36000061035156,189.6199951171875,168.0444793701172,20425470,0.0,0.0
2014-04-04 00:00:00+05:30,189.89999389648438,191.22999572753906,187.01499938964844,190.27999877929688,168.62937927246094,20800500,0.0,0.0
2014-04-07 00:00:00+05:30,190.97000122070312,192.57000732421875,189.83999633789062,192.24000549316406,170.36639404296875,22630300,0.0,0.0
2014-04-09 00:00:00+05:30,193.0050048828125,199.1999969482422,193.0050048828125,198.5,175.91409301757812,26631730,0.0,0.0
2014-04-10 00:00:00+05:30,199.5,204.0,199.02000427246094,202.80499267578125,179.729248046875,28796540,0.0,0.0
2014-04-11 00:00:00+05:30,201.5,202.97000122070312,198.44000244140625,199.4149932861328,176.72496032714844,20895560,0.0,0.0
2014-04-15 00:00:00+05:30,199.5,200.47500610351562,194.76499938964844,196.40499877929688,174.05747985839844,16863520,0.0,0.0
2014-04-16 00:00:00+05:30,196.60000610351562,199.46499633789062,195.00999450683594,195.94000244140625,173.64537048339844,19376260,0.0,0.0
2014-04-17 00:00:00+05:30,196.71499633789062,202.1999969482422,196.27499389648438,201.72999572753906,178.7765655517578,21513800,0.0,0.0
2014-04-21 00:00:00+05:30,202.1999969482422,207.8800048828125,202.1999969482422,207.2100067138672,183.63307189941406,18872420,0.0,0.0
2014-04-22 00:00:00+05:30,207.39999389648438,207.6999969482422,204.02000427246094,204.85499572753906,181.54598999023438,18364100,0.0,0.0
2014-04-23 00:00:00+05:30,204.5,207.8000030517578,204.0850067138672,206.52000427246094,183.0215606689453,23265390,0.0,0.0
2014-04-24 00:00:00+05:30,206.52000427246094,206.52000427246094,206.52000427246094,206.52000427246094,183.0215606689453,0,0.0,0.0
2014-04-25 00:00:00+05:30,206.0,211.15499877929688,204.2899932861328,208.52499389648438,184.7984161376953,22655730,0.0,0.0
2014-04-28 00:00:00+05:30,208.0,211.89999389648438,207.14500427246094,210.6199951171875,186.655029296875,16889200,0.0,0.0
2014-04-29 00:00:00+05:30,211.97500610351562,212.49000549316406,206.0,206.5800018310547,183.07473754882812,16514320,0.0,0.0
2014-04-30 00:00:00+05:30,206.9949951171875,210.77999877929688,205.38999938964844,207.86000061035156,184.20907592773438,22114870,0.0,0.0
2014-05-02 00:00:00+05:30,209.5,210.47999572753906,204.00999450683594,204.82000732421875,181.5150146484375,15446470,0.0,0.0
2014-05-05 00:00:00+05:30,205.4499969482422,206.98500061035156,203.5,204.4550018310547,181.19151306152344,13172760,0.0,0.0
2014-05-06 00:00:00+05:30,205.97999572753906,206.375,204.07000732421875,205.22000122070312,181.86947631835938,9841880,0.0,0.0
2014-05-07 00:00:00+05:30,205.1699981689453,208.5,204.39999389648438,207.5800018310547,183.96095275878906,19519520,0.0,0.0
2014-05-08 00:00:00+05:30,208.64999389648438,210.39999389648438,207.125,209.1750030517578,185.3744659423828,19363440,0.0,0.0
2014-05-09 00:00:00+05:30,208.0,218.52000427246094,208.0,217.3249969482422,192.5971221923828,27635400,0.0,0.0
2014-05-12 00:00:00+05:30,218.8000030517578,226.47999572753906,218.8000030517578,224.27000427246094,198.7519073486328,26436870,0.0,0.0
2014-05-13 00:00:00+05:30,228.0,232.39999389648438,226.0399932861328,227.61000061035156,201.71188354492188,32756640,0.0,0.0
2014-05-14 00:00:00+05:30,228.1999969482422,231.5850067138672,226.72500610351562,228.2550048828125,202.28350830078125,28870930,0.0,0.0
2014-05-15 00:00:00+05:30,229.0,230.3000030517578,227.23500061035156,227.9250030517578,201.9910430908203,21093980,0.0,0.0
2014-05-16 00:00:00+05:30,235.0,250.6999969482422,230.10000610351562,241.72000122070312,214.2163848876953,79653680,0.0,0.0
2014-05-19 00:00:00+05:30,244.89999389648438,259.4800109863281,244.89999389648438,256.80999755859375,227.5894012451172,36044700,0.0,0.0
2014-05-20 00:00:00+05:30,261.07000732421875,261.5,251.0399932861328,252.6649932861328,223.91604614257812,23419880,0.0,0.0
2014-05-21 00:00:00+05:30,252.8000030517578,253.0,245.1999969482422,245.92999267578125,217.94740295410156,23542300,0.0,0.0
2014-05-22 00:00:00+05:30,247.5,253.8000030517578,247.10000610351562,251.1649932861328,222.58668518066406,20116860,0.0,0.0
2014-05-23 00:00:00+05:30,252.0,277.70001220703125,249.72500610351562,275.3500061035156,244.01988220214844,89947940,0.0,0.0
2014-05-26 00:00:00+05:30,283.3999938964844,283.489990234375,262.8999938964844,270.19000244140625,239.44700622558594,43472930,0.0,0.0
2014-05-27 00:00:00+05:30,269.7200012207031,270.0,261.6700134277344,262.93499755859375,233.0175018310547,21141040,0.0,0.0
2014-05-28 00:00:00+05:30,263.70001220703125,264.5899963378906,259.0150146484375,261.0199890136719,231.32037353515625,22103120,0.0,0.0
2014-05-29 00:00:00+05:30,260.2900085449219,264.260009765625,258.0,260.1449890136719,231.87744140625,38177620,1.5,0.0
2014-05-30 00:00:00+05:30,260.2950134277344,262.0,253.10000610351562,254.22500610351562,226.60073852539062,23614930,0.0,0.0
2014-06-02 00:00:00+05:30,254.89999389648438,265.1700134277344,252.6699981689453,264.4700012207031,235.73252868652344,22338560,0.0,0.0
2014-06-03 00:00:00+05:30,266.614990234375,268.80499267578125,262.135009765625,264.5199890136719,235.77708435058594,31312470,0.0,0.0
2014-06-04 00:00:00+05:30,262.2300109863281,269.3699951171875,262.2300109863281,268.2650146484375,239.11514282226562,19581210,0.0,0.0
2014-06-05 00:00:00+05:30,268.45001220703125,272.29998779296875,267.1000061035156,269.7900085449219,240.4744415283203,21508380,0.0,0.0
2014-06-06 00:00:00+05:30,273.5,275.4700012207031,271.5350036621094,273.9800109863281,244.2091522216797,23003760,0.0,0.0
2014-06-09 00:00:00+05:30,275.5,276.1499938964844,269.7099914550781,270.7850036621094,241.36131286621094,16762200,0.0,0.0
2014-06-10 00:00:00+05:30,271.3999938964844,271.8399963378906,265.1099853515625,266.5799865722656,237.6132049560547,15604840,0.0,0.0
2014-06-11 00:00:00+05:30,268.29998779296875,273.375,266.3999938964844,269.7349853515625,240.42539978027344,20880260,0.0,0.0
2014-06-12 00:00:00+05:30,269.7099914550781,271.0,267.010009765625,270.1300048828125,240.7775115966797,17608610,0.0,0.0
2014-06-13 00:00:00+05:30,270.79998779296875,271.0,258.6000061035156,260.7900085449219,232.45237731933594,18537170,0.0,0.0
2014-06-16 00:00:00+05:30,261.0899963378906,261.4949951171875,254.7050018310547,258.06500244140625,230.02349853515625,17379420,0.0,0.0
2014-06-17 00:00:00+05:30,256.4100036621094,267.2349853515625,255.35000610351562,265.3299865722656,236.49900817871094,22808210,0.0,0.0
2014-06-18 00:00:00+05:30,264.0,268.42999267578125,260.6650085449219,264.1549987792969,235.45175170898438,25021300,0.0,0.0
2014-06-19 00:00:00+05:30,264.70001220703125,266.8349914550781,259.5400085449219,260.5450134277344,232.23402404785156,21446630,0.0,0.0
2014-06-20 00:00:00+05:30,260.70001220703125,262.375,256.760009765625,258.30999755859375,230.24185180664062,15397210,0.0,0.0
2014-06-23 00:00:00+05:30,258.3999938964844,262.4549865722656,256.70001220703125,260.0199890136719,231.76602172851562,17948990,0.0,0.0
2014-06-24 00:00:00+05:30,260.0199890136719,267.3800048828125,260.0199890136719,266.32000732421875,237.38148498535156,17354830,0.0,0.0
2014-06-25 00:00:00+05:30,266.3999938964844,270.42999267578125,264.7200012207031,269.19000244140625,239.93963623046875,23118070,0.0,0.0
2014-06-26 00:00:00+05:30,270.0,271.7550048828125,263.94500732421875,265.2550048828125,236.43218994140625,17973090,0.0,0.0
2014-06-27 00:00:00+05:30,265.54998779296875,266.989990234375,262.79998779296875,263.8949890136719,235.219970703125,10927310,0.0,0.0
2014-06-30 00:00:00+05:30,265.0,270.69500732421875,264.55499267578125,268.625,239.43605041503906,15140470,0.0,0.0
2014-07-01 00:00:00+05:30,269.8999938964844,270.8999938964844,267.6499938964844,268.0199890136719,238.8967742919922,9828620,0.0,0.0
2014-07-02 00:00:00+05:30,270.0050048828125,272.8999938964844,269.2349853515625,270.2250061035156,240.8621826171875,16497960,0.0,0.0
2014-07-03 00:00:00+05:30,270.0,272.04998779296875,267.7250061035156,269.6199951171875,240.32290649414062,14368590,0.0,0.0
2014-07-04 00:00:00+05:30,270.1000061035156,271.4700012207031,266.0050048828125,269.80999755859375,240.49227905273438,15306300,0.0,0.0
2014-07-07 00:00:00+05:30,269.7099914550781,271.375,267.5,268.4700012207031,239.2978973388672,13937420,0.0,0.0
2014-07-08 00:00:00+05:30,268.29998779296875,269.70001220703125,256.0,257.5199890136719,229.53770446777344,17690110,0.0,0.0
2014-07-09 00:00:00+05:30,259.0,261.489990234375,254.5500030517578,258.2250061035156,230.16612243652344,18223190,0.0,0.0
2014-07-10 00:00:00+05:30,258.31500244140625,265.19500732421875,250.5,254.57000732421875,226.90826416015625,37386490,0.0,0.0
2014-07-11 00:00:00+05:30,253.14999389648438,254.3699951171875,241.1999969482422,242.52499389648438,216.17205810546875,22975720,0.0,0.0
2014-07-14 00:00:00+05:30,242.0,244.08999633789062,236.63999938964844,241.10499572753906,214.90634155273438,16142970,0.0,0.0
2014-07-15 00:00:00+05:30,242.71499633789062,252.48500061035156,242.71499633789062,251.75999450683594,224.40357971191406,20244400,0.0,0.0
2014-07-16 00:00:00+05:30,253.8000030517578,258.6400146484375,253.59500122070312,257.3550109863281,229.390625,21653240,0.0,0.0
2014-07-17 00:00:00+05:30,255.6999969482422,262.2900085449219,253.30999755859375,260.2250061035156,231.94879150390625,16169410,0.0,0.0
2014-07-18 00:00:00+05:30,258.1600036621094,258.5,253.76499938964844,256.25,228.40570068359375,13962750,0.0,0.0
2014-07-21 00:00:00+05:30,256.1000061035156,258.20001220703125,251.25999450683594,252.32000732421875,224.9027557373047,12814270,0.0,0.0
2014-07-22 00:00:00+05:30,252.8000030517578,254.89999389648438,250.34500122070312,252.4199981689453,224.99188232421875,10256470,0.0,0.0
2014-07-23 00:00:00+05:30,254.1999969482422,257.2950134277344,251.6999969482422,254.03500366210938,226.43138122558594,15629540,0.0,0.0
2014-07-24 00:00:00+05:30,254.89999389648438,257.0950012207031,253.01499938964844,255.7100067138672,227.92437744140625,12997790,0.0,0.0
2014-07-25 00:00:00+05:30,254.25,256.70001220703125,248.30999755859375,250.05499267578125,222.8838348388672,13895680,0.0,0.0
2014-07-28 00:00:00+05:30,250.52000427246094,253.1999969482422,247.5,248.96499633789062,221.9122772216797,12536680,0.0,0.0
2014-07-30 00:00:00+05:30,249.10000610351562,250.6699981689453,243.02999877929688,246.9499969482422,220.1162567138672,24264520,0.0,0.0
2014-07-31 00:00:00+05:30,245.6999969482422,248.1999969482422,243.39999389648438,243.9250030517578,217.41995239257812,18349440,0.0,0.0
2014-08-01 00:00:00+05:30,241.5,248.5,241.0,243.72000122070312,217.23719787597656,20333530,0.0,0.0
2014-08-04 00:00:00+05:30,245.3000030517578,246.89999389648438,244.08999633789062,246.13999938964844,219.39425659179688,13946260,0.0,0.0
2014-08-05 00:00:00+05:30,247.65499877929688,248.39999389648438,244.15499877929688,247.38999938964844,220.50845336914062,17961890,0.0,0.0
2014-08-06 00:00:00+05:30,245.5,246.47000122070312,242.11000061035156,242.625,216.26119995117188,12928410,0.0,0.0
2014-08-07 00:00:00+05:30,241.5,244.89999389648438,240.52999877929688,243.61000061035156,217.13919067382812,15579810,0.0,0.0
2014-08-08 00:00:00+05:30,241.1999969482422,244.5399932861328,239.0,241.7949981689453,215.52139282226562,32789900,0.0,0.0
2014-08-11 00:00:00+05:30,243.0,243.9949951171875,240.5,241.44500732421875,215.2094268798828,12536370,0.0,0.0
2014-08-12 00:00:00+05:30,242.0,243.88999938964844,240.1999969482422,242.9149932861328,216.5196990966797,12331020,0.0,0.0
2014-08-13 00:00:00+05:30,242.5,243.6300048828125,235.25,236.89500427246094,211.15383911132812,20923880,0.0,0.0
2014-08-14 00:00:00+05:30,238.10000610351562,238.35000610351562,235.00999450683594,236.25,210.57891845703125,15800260,0.0,0.0
2014-08-18 00:00:00+05:30,235.5,242.9250030517578,235.39999389648438,242.1199951171875,215.8110809326172,16556210,0.0,0.0
2014-08-19 00:00:00+05:30,243.4199981689453,246.1999969482422,242.93499755859375,244.22500610351562,217.68736267089844,15948060,0.0,0.0
2014-08-20 00:00:00+05:30,244.5,244.8300018310547,240.85000610351562,241.47500610351562,215.2361602783203,16065950,0.0,0.0
2014-08-21 00:00:00+05:30,241.39999389648438,247.69000244140625,241.00999450683594,246.7550048828125,219.9424591064453,27963970,0.0,0.0
2014-08-22 00:00:00+05:30,247.97500610351562,254.89999389648438,247.97500610351562,252.47000122070312,225.03643798828125,26474960,0.0,0.0
2014-08-25 00:00:00+05:30,253.0,257.739990234375,249.1699981689453,250.61500549316406,223.3830108642578,26784130,0.0,0.0
2014-08-26 00:00:00+05:30,249.98500061035156,250.89999389648438,246.52499389648438,249.60000610351562,222.47828674316406,14312180,0.0,0.0
2014-08-27 00:00:00+05:30,251.0050048828125,253.52499389648438,247.39999389648438,250.5,223.28050231933594,14200130,0.0,0.0
2014-08-28 00:00:00+05:30,251.1999969482422,252.375,245.3000030517578,246.07000732421875,219.3318634033203,14700480,0.0,0.0
2014-09-01 00:00:00+05:30,247.6999969482422,251.69500732421875,247.2899932861328,250.43499755859375,223.22256469726562,15193550,0.0,0.0
2014-09-02 00:00:00+05:30,251.71499633789062,253.39999389648438,250.39999389648438,252.1999969482422,224.7957763671875,16508080,0.0,0.0
2014-09-03 00:00:00+05:30,252.28500366210938,252.92999267578125,249.33999633789062,250.5,223.28050231933594,15715840,0.0,0.0
2014-09-04 00:00:00+05:30,250.60000610351562,250.89999389648438,247.60000610351562,248.61500549316406,221.600341796875,12428860,0.0,0.0
2014-09-05 00:00:00+05:30,249.10000610351562,253.0,248.61000061035156,251.5749969482422,224.2386932373047,16913550,0.0,0.0
2014-09-08 00:00:00+05:30,253.72000122070312,257.20001220703125,252.7899932861328,256.5899963378906,228.70875549316406,17875080,0.0,0.0
2014-09-09 00:00:00+05:30,256.70001220703125,258.989990234375,255.1999969482422,256.7349853515625,228.83799743652344,12975200,0.0,0.0
2014-09-10 00:00:00+05:30,254.89999389648438,256.2900085449219,252.55999755859375,254.9949951171875,227.28707885742188,16289770,0.0,0.0
2014-09-11 00:00:00+05:30,256.32501220703125,260.8900146484375,256.32501220703125,260.30999755859375,232.0245361328125,15981320,0.0,0.0
2014-09-12 00:00:00+05:30,260.5,264.1000061035156,258.75,263.0400085449219,234.4578857421875,16374410,0.0,0.0
2014-09-15 00:00:00+05:30,261.3800048828125,264.3900146484375,259.45001220703125,262.32501220703125,233.82058715820312,17437540,0.0,0.0
2014-09-16 00:00:00+05:30,262.8999938964844,264.3999938964844,255.0,256.30999755859375,228.4591827392578,15687360,0.0,0.0
2014-09-17 00:00:00+05:30,258.3399963378906,258.80499267578125,253.69500732421875,256.2349853515625,228.39231872558594,13044950,0.0,0.0
2014-09-18 00:00:00+05:30,255.39999389648438,262.79998779296875,254.39999389648438,262.0400085449219,233.56654357910156,20121200,0.0,0.0
2014-09-19 00:00:00+05:30,262.6000061035156,263.19000244140625,255.5,256.79998779296875,228.8959197998047,15558510,0.0,0.0
2014-09-22 00:00:00+05:30,255.10000610351562,262.5,254.22999572753906,260.1549987792969,231.88636779785156,14346980,0.0,0.0
2014-09-23 00:00:00+05:30,260.989990234375,262.4700012207031,254.9149932861328,255.6199951171875,227.84414672851562,19379150,0.0,0.0
2014-09-24 00:00:00+05:30,255.03500366210938,257.32000732421875,245.57000732421875,248.63499450683594,221.6181640625,23106290,0.0,0.0
2014-09-25 00:00:00+05:30,249.5,249.99000549316406,236.22999572753906,237.77000427246094,211.93377685546875,28369080,0.0,0.0
2014-09-26 00:00:00+05:30,235.99000549316406,246.00999450683594,235.0050048828125,244.52499389648438,217.95474243164062,28118450,0.0,0.0
2014-09-29 00:00:00+05:30,245.10000610351562,247.8000030517578,242.60000610351562,244.97000122070312,218.35137939453125,13845560,0.0,0.0
2014-09-30 00:00:00+05:30,243.60499572753906,247.60000610351562,242.02999877929688,244.57000732421875,217.99485778808594,18632180,0.0,0.0
2014-10-01 00:00:00+05:30,244.5,245.39999389648438,241.22000122070312,242.3350067138672,216.002685546875,10544750,0.0,0.0
2014-10-07 00:00:00+05:30,240.46499633789062,242.34500122070312,235.93499755859375,236.63999938964844,210.92654418945312,13002440,0.0,0.0
2014-10-08 00:00:00+05:30,234.60499572753906,241.97999572753906,234.60499572753906,241.125,214.9241943359375,13589310,0.0,0.0
2014-10-09 00:00:00+05:30,242.60000610351562,249.85000610351562,242.60000610351562,247.9550018310547,221.0120391845703,17279230,0.0,0.0
2014-10-10 00:00:00+05:30,245.47999572753906,249.32000732421875,243.31500244140625,245.1199951171875,218.485107421875,12525220,0.0,0.0
2014-10-13 00:00:00+05:30,243.6999969482422,249.44000244140625,243.1199951171875,248.5449981689453,221.53793334960938,13926640,0.0,0.0
2014-10-14 00:00:00+05:30,250.4550018310547,254.39999389648438,249.23500061035156,252.35499572753906,224.93392944335938,17315970,0.0,0.0
2014-10-15 00:00:00+05:30,252.35499572753906,252.35499572753906,252.35499572753906,252.35499572753906,224.93392944335938,0,0.0,0.0
2014-10-16 00:00:00+05:30,250.02499389648438,255.47999572753906,245.24000549316406,246.63999938964844,219.83995056152344,19073950,0.0,0.0
2014-10-17 00:00:00+05:30,248.8000030517578,253.4949951171875,247.50999450683594,252.19000244140625,224.786865234375,14633000,0.0,0.0
2014-10-20 00:00:00+05:30,257.70001220703125,259.375,255.27499389648438,256.94500732421875,229.0251922607422,18824230,0.0,0.0
2014-10-21 00:00:00+05:30,258.0,260.70001220703125,256.9599914550781,258.4150085449219,230.33546447753906,15022310,0.0,0.0
2014-10-22 00:00:00+05:30,260.8999938964844,261.3599853515625,256.510009765625,257.5249938964844,229.54214477539062,14511170,0.0,0.0
2014-10-27 00:00:00+05:30,259.20001220703125,261.989990234375,258.1000061035156,259.7799987792969,231.5521240234375,13429580,0.0,0.0
2014-10-28 00:00:00+05:30,260.79998779296875,266.42999267578125,260.6000061035156,265.67498779296875,236.80657958984375,22963480,0.0,0.0
2014-10-29 00:00:00+05:30,267.70001220703125,267.8999938964844,263.1000061035156,264.375,235.6478271484375,17372970,0.0,0.0
2014-10-30 00:00:00+05:30,264.989990234375,265.30499267578125,262.20001220703125,263.79998779296875,235.13531494140625,15544270,0.0,0.0
2014-10-31 00:00:00+05:30,265.20001220703125,270.9800109863281,264.6000061035156,270.2799987792969,240.91122436523438,20770240,0.0,0.0
2014-11-03 00:00:00+05:30,270.6000061035156,274.3500061035156,269.42498779296875,272.3450012207031,242.75181579589844,17780640,0.0,0.0
2014-11-05 00:00:00+05:30,273.29998779296875,279.9800109863281,272.4049987792969,278.19000244140625,247.961669921875,26605100,0.0,0.0
2014-11-07 00:00:00+05:30,277.5,278.1000061035156,273.0,274.25,244.4497833251953,18163030,0.0,0.0
2014-11-10 00:00:00+05:30,275.8999938964844,276.8999938964844,273.29998779296875,273.95001220703125,244.18243408203125,12068890,0.0,0.0
2014-11-11 00:00:00+05:30,274.7900085449219,276.25,270.5,274.0350036621094,244.25816345214844,17405950,0.0,0.0
2014-11-12 00:00:00+05:30,275.29998779296875,277.1499938964844,273.55499267578125,274.6050109863281,244.76626586914062,16233230,0.0,0.0
2014-11-13 00:00:00+05:30,275.6099853515625,276.2250061035156,269.5,271.92999267578125,242.3819122314453,16859020,0.0,0.0
2014-11-14 00:00:00+05:30,273.0,280.69000244140625,272.0,278.7850036621094,248.49205017089844,50846690,0.0,0.0
2014-11-17 00:00:00+05:30,279.3999938964844,295.1300048828125,279.2200012207031,294.05999755859375,262.107177734375,49164120,0.0,0.0
2014-11-18 00:00:00+05:30,295.69500732421875,297.8999938964844,292.4100036621094,294.57501220703125,262.5663146972656,32898390,0.0,0.0
2014-11-19 00:00:00+05:30,294.8999938964844,296.79998779296875,290.3550109863281,291.04998779296875,259.4242858886719,20735930,0.0,0.0
2014-11-20 00:00:00+05:30,294.75,298.75,291.25,297.1000061035156,264.8169250488281,18099509,0.0,10.0
2014-11-21 00:00:00+05:30,299.8999938964844,307.0,297.25,305.5,272.3041687011719,21009207,0.0,0.0
2014-11-24 00:00:00+05:30,307.79998779296875,309.8500061035156,306.04998779296875,308.8500061035156,275.2901306152344,18631463,0.0,0.0
2014-11-25 00:00:00+05:30,309.8999938964844,309.95001220703125,301.0,304.45001220703125,271.3682861328125,26776620,0.0,0.0
2014-11-26 00:00:00+05:30,304.8999938964844,308.75,303.6000061035156,306.25,272.97265625,11131807,0.0,0.0
2014-11-27 00:00:00+05:30,307.0,308.5,303.8500061035156,305.8500061035156,272.61614990234375,15378080,0.0,0.0
2014-11-28 00:00:00+05:30,308.3999938964844,322.5,308.0,321.3999938964844,286.4764709472656,27760604,0.0,0.0
2014-12-01 00:00:00+05:30,322.79998779296875,326.95001220703125,317.6000061035156,319.6000061035156,284.8720397949219,18449916,0.0,0.0
2014-12-02 00:00:00+05:30,318.8999938964844,322.79998779296875,311.54998779296875,318.70001220703125,284.0698547363281,23776383,0.0,0.0
2014-12-03 00:00:00+05:30,319.6499938964844,322.8999938964844,316.3500061035156,317.95001220703125,283.4013366699219,13699078,0.0,0.0
2014-12-04 00:00:00+05:30,319.8500061035156,321.0,314.04998779296875,320.29998779296875,285.4959716796875,13809486,0.0,0.0
2014-12-05 00:00:00+05:30,320.0,321.29998779296875,316.0,317.54998779296875,283.0447998046875,11391988,0.0,0.0
2014-12-08 00:00:00+05:30,318.6000061035156,318.6000061035156,312.29998779296875,312.8999938964844,278.9000549316406,9814223,0.0,0.0
2014-12-09 00:00:00+05:30,312.70001220703125,314.3999938964844,305.5,306.54998779296875,273.24005126953125,14926558,0.0,0.0
2014-12-10 00:00:00+05:30,303.5,317.20001220703125,303.29998779296875,315.95001220703125,281.61865234375,15381613,0.0,0.0
2014-12-11 00:00:00+05:30,313.6000061035156,318.54998779296875,310.45001220703125,314.04998779296875,279.92510986328125,13151866,0.0,0.0
2014-12-12 00:00:00+05:30,313.6499938964844,316.8999938964844,309.0,311.3500061035156,277.5184631347656,11727933,0.0,0.0
2014-12-15 00:00:00+05:30,308.29998779296875,316.0,307.54998779296875,310.54998779296875,276.805419921875,15117938,0.0,0.0
2014-12-16 00:00:00+05:30,308.1000061035156,311.0,293.0,295.6000061035156,263.47991943359375,20951938,0.0,0.0
2014-12-17 00:00:00+05:30,294.3999938964844,306.3999938964844,287.0,301.75,268.9617004394531,28290440,0.0,0.0
2014-12-18 00:00:00+05:30,310.79998779296875,312.6000061035156,304.5,307.1000061035156,273.7303161621094,18921827,0.0,0.0
2014-12-19 00:00:00+05:30,311.54998779296875,312.0,303.5,304.1499938964844,271.1008605957031,14130478,0.0,0.0
2014-12-22 00:00:00+05:30,306.29998779296875,308.6499938964844,303.3500061035156,307.70001220703125,274.26513671875,11565161,0.0,0.0
2014-12-23 00:00:00+05:30,307.6000061035156,312.5,306.25,307.20001220703125,273.8194274902344,12836868,0.0,0.0
2014-12-24 00:00:00+05:30,306.0,309.95001220703125,305.0,305.75,272.5270080566406,14866629,0.0,0.0
2014-12-26 00:00:00+05:30,306.8500061035156,309.79998779296875,306.04998779296875,307.6499938964844,274.2204895019531,7373519,0.0,0.0
2014-12-29 00:00:00+05:30,309.5,310.20001220703125,307.0,307.54998779296875,274.13140869140625,7699059,0.0,0.0
2014-12-30 00:00:00+05:30,308.20001220703125,310.75,306.0,309.75,276.0923767089844,8113742,0.0,0.0
2014-12-31 00:00:00+05:30,310.04998779296875,312.95001220703125,310.0,311.8500061035156,277.9642028808594,6305857,0.0,0.0
2015-01-01 00:00:00+05:30,312.45001220703125,315.0,310.70001220703125,314.0,279.88055419921875,6138488,0.0,0.0
2015-01-02 00:00:00+05:30,314.3500061035156,318.29998779296875,314.3500061035156,315.25,280.9947509765625,9935094,0.0,0.0
2015-01-05 00:00:00+05:30,316.25,316.79998779296875,312.1000061035156,312.75,278.76641845703125,9136716,0.0,0.0
2015-01-06 00:00:00+05:30,310.0,311.1000061035156,298.70001220703125,299.8999938964844,267.31268310546875,15329257,0.0,0.0
2015-01-07 00:00:00+05:30,300.0,302.54998779296875,295.1499938964844,300.1499938964844,267.5354919433594,15046745,0.0,0.0
2015-01-08 00:00:00+05:30,305.0,306.5,302.3500061035156,304.8500061035156,271.724853515625,8939749,0.0,0.0
2015-01-09 00:00:00+05:30,306.70001220703125,307.8500061035156,302.0,303.20001220703125,270.2541198730469,11953948,0.0,0.0
2015-01-12 00:00:00+05:30,304.1499938964844,307.79998779296875,301.1000061035156,307.1000061035156,273.7303161621094,8536142,0.0,0.0
2015-01-13 00:00:00+05:30,308.1499938964844,310.75,304.1499938964844,305.1000061035156,271.9476623535156,9484804,0.0,0.0
2015-01-14 00:00:00+05:30,304.0,307.0,302.25,304.70001220703125,271.5910949707031,8855660,0.0,0.0
2015-01-15 00:00:00+05:30,319.8999938964844,323.70001220703125,314.0,320.29998779296875,285.4959716796875,30729523,0.0,0.0
2015-01-16 00:00:00+05:30,320.0,320.29998779296875,313.1000061035156,315.45001220703125,281.1729736328125,21598514,0.0,0.0
2015-01-19 00:00:00+05:30,316.54998779296875,317.95001220703125,312.5,313.1499938964844,279.1229248046875,9975658,0.0,0.0
2015-01-20 00:00:00+05:30,314.0,319.79998779296875,314.0,318.1499938964844,283.5796203613281,13104643,0.0,0.0
2015-01-21 00:00:00+05:30,319.8999938964844,327.6000061035156,319.0,326.20001220703125,290.7548828125,22617660,0.0,0.0
2015-01-22 00:00:00+05:30,326.8999938964844,327.6000061035156,321.79998779296875,324.6499938964844,289.3732604980469,12232626,0.0,0.0
2015-01-23 00:00:00+05:30,328.25,332.54998779296875,324.6499938964844,327.45001220703125,291.8691101074219,17127278,0.0,0.0
2015-01-27 00:00:00+05:30,329.3999938964844,332.1499938964844,322.6000061035156,330.04998779296875,294.1864929199219,13734088,0.0,0.0
2015-01-28 00:00:00+05:30,330.3999938964844,336.0,328.20001220703125,334.6000061035156,298.2420959472656,19428852,0.0,0.0
2015-01-29 00:00:00+05:30,332.79998779296875,333.6000061035156,325.1000061035156,327.0,291.46795654296875,14911660,0.0,0.0
2015-01-30 00:00:00+05:30,328.70001220703125,330.5,307.0,308.95001220703125,275.3793029785156,30252827,0.0,0.0
2015-02-02 00:00:00+05:30,309.5,311.8999938964844,305.1000061035156,307.5,274.0868225097656,17639807,0.0,0.0
2015-02-03 00:00:00+05:30,312.0,312.0,299.04998779296875,300.29998779296875,267.6691589355469,23743882,0.0,0.0
2015-02-04 00:00:00+05:30,302.70001220703125,302.95001220703125,291.8999938964844,293.04998779296875,261.20697021484375,21477507,0.0,0.0
2015-02-05 00:00:00+05:30,293.1499938964844,297.79998779296875,289.20001220703125,290.79998779296875,259.20147705078125,15722348,0.0,0.0
2015-02-06 00:00:00+05:30,291.0,294.8500061035156,285.70001220703125,290.29998779296875,258.7557678222656,15985714,0.0,0.0
2015-02-09 00:00:00+05:30,289.5,292.79998779296875,278.0,279.5,249.12936401367188,17088719,0.0,0.0
2015-02-10 00:00:00+05:30,277.5,290.79998779296875,275.70001220703125,287.29998779296875,256.0817565917969,22589681,0.0,0.0
2015-02-11 00:00:00+05:30,290.79998779296875,293.5,283.70001220703125,285.95001220703125,254.87847900390625,17366588,0.0,0.0
2015-02-12 00:00:00+05:30,288.8999938964844,289.0,278.29998779296875,284.29998779296875,253.4077911376953,20957180,0.0,0.0
2015-02-13 00:00:00+05:30,288.0,307.95001220703125,285.3500061035156,306.95001220703125,273.59661865234375,70540056,0.0,0.0
2015-02-16 00:00:00+05:30,310.6000061035156,313.1499938964844,304.70001220703125,306.70001220703125,273.3737487792969,21372131,0.0,0.0
2015-02-18 00:00:00+05:30,306.79998779296875,307.8999938964844,302.0,305.70001220703125,272.4824523925781,13472484,0.0,0.0
2015-02-19 00:00:00+05:30,306.1000061035156,307.29998779296875,296.79998779296875,302.3500061035156,269.4964294433594,17762135,0.0,0.0
2015-02-20 00:00:00+05:30,301.8999938964844,306.5,297.04998779296875,302.29998779296875,269.45184326171875,15792502,0.0,0.0
2015-02-23 00:00:00+05:30,303.20001220703125,304.6000061035156,294.3999938964844,296.54998779296875,264.3266906738281,12440505,0.0,0.0
2015-02-24 00:00:00+05:30,296.8999938964844,299.0,292.1000061035156,296.25,264.05926513671875,15046698,0.0,0.0
2015-02-25 00:00:00+05:30,299.0,300.6499938964844,295.0,295.54998779296875,263.43536376953125,12845169,0.0,0.0
2015-02-26 00:00:00+05:30,297.0,297.0,288.04998779296875,289.3999938964844,257.95355224609375,18707345,0.0,0.0
2015-02-27 00:00:00+05:30,291.25,301.0,290.1000061035156,299.8999938964844,267.31268310546875,18316053,0.0,0.0
2015-03-02 00:00:00+05:30,305.8999938964844,305.8999938964844,296.70001220703125,302.0,269.1844482421875,15085595,0.0,0.0
2015-03-03 00:00:00+05:30,303.5,305.3999938964844,299.70001220703125,302.6000061035156,269.7192687988281,14387971,0.0,0.0
2015-03-04 00:00:00+05:30,314.0,315.0,292.0,293.8500061035156,261.9200744628906,38674148,0.0,0.0
2015-03-05 00:00:00+05:30,294.75,296.25,289.75,293.79998779296875,261.8755187988281,16803823,0.0,0.0
2015-03-09 00:00:00+05:30,292.0,294.0,288.70001220703125,290.6499938964844,259.0677185058594,13199803,0.0,0.0
2015-03-10 00:00:00+05:30,290.75,293.25,285.1000061035156,287.6000061035156,256.34918212890625,14064427,0.0,0.0
2015-03-11 00:00:00+05:30,288.54998779296875,290.8999938964844,283.75,285.1499938964844,254.16537475585938,16329314,0.0,0.0
2015-03-12 00:00:00+05:30,288.1499938964844,289.45001220703125,286.1000061035156,286.8500061035156,255.68067932128906,9969794,0.0,0.0
2015-03-13 00:00:00+05:30,290.0,291.04998779296875,280.0,280.75,250.2434844970703,13414248,0.0,0.0
2015-03-16 00:00:00+05:30,281.5,283.8500061035156,280.0,281.6499938964844,251.0457000732422,15132928,0.0,0.0
2015-03-17 00:00:00+05:30,283.8999938964844,284.0,279.5,283.1000061035156,252.3381805419922,11350496,0.0,0.0
2015-03-18 00:00:00+05:30,284.1000061035156,288.45001220703125,282.0,287.29998779296875,256.0817565917969,12394230,0.0,0.0
2015-03-19 00:00:00+05:30,290.0,290.29998779296875,280.6000061035156,281.6000061035156,251.0011444091797,11046649,0.0,0.0
2015-03-20 00:00:00+05:30,281.79998779296875,282.3999938964844,276.79998779296875,278.25,248.0151824951172,11482652,0.0,0.0
2015-03-23 00:00:00+05:30,279.3999938964844,280.0,273.54998779296875,274.75,244.89547729492188,13058026,0.0,0.0
2015-03-24 00:00:00+05:30,273.79998779296875,276.3999938964844,269.0,270.54998779296875,241.15185546875,17585259,0.0,0.0
2015-03-25 00:00:00+05:30,271.8999938964844,272.1000061035156,265.0,265.3999938964844,236.56146240234375,15824629,0.0,0.0
2015-03-26 00:00:00+05:30,264.5,265.8999938964844,255.1999969482422,256.6499938964844,228.76223754882812,22253318,0.0,0.0
2015-03-27 00:00:00+05:30,259.8500061035156,264.95001220703125,256.0,263.6000061035156,234.95706176757812,19423101,0.0,0.0
2015-03-30 00:00:00+05:30,265.1000061035156,269.3500061035156,263.1499938964844,267.8999938964844,238.78981018066406,12303870,0.0,0.0
2015-03-31 00:00:00+05:30,268.8999938964844,271.3500061035156,266.0,267.04998779296875,238.0321502685547,19482636,0.0,0.0
2015-04-01 00:00:00+05:30,266.6499938964844,274.6499938964844,263.1499938964844,273.45001220703125,243.73675537109375,12383589,0.0,0.0
2015-04-06 00:00:00+05:30,275.45001220703125,275.75,271.20001220703125,274.6499938964844,244.8063201904297,12925445,0.0,0.0
2015-04-07 00:00:00+05:30,275.29998779296875,276.3500061035156,270.29998779296875,272.04998779296875,242.48887634277344,12933524,0.0,0.0
2015-04-08 00:00:00+05:30,271.8999938964844,277.3500061035156,271.8500061035156,273.8999938964844,244.13784790039062,9913899,0.0,0.0
2015-04-09 00:00:00+05:30,275.0,281.79998779296875,272.5,280.8500061035156,250.3326416015625,13471276,0.0,0.0
2015-04-10 00:00:00+05:30,281.0,287.3500061035156,280.04998779296875,285.75,254.70022583007812,16880558,0.0,0.0
2015-04-13 00:00:00+05:30,287.79998779296875,288.5,283.3500061035156,286.29998779296875,255.1904296875,11985436,0.0,0.0
2015-04-15 00:00:00+05:30,287.3999938964844,294.45001220703125,285.95001220703125,290.0,258.4884033203125,17289500,0.0,0.0
2015-04-16 00:00:00+05:30,290.25,294.25,286.5,292.3999938964844,260.6275634765625,15043998,0.0,0.0
2015-04-17 00:00:00+05:30,291.0,294.8999938964844,289.20001220703125,291.75,260.04827880859375,16819018,0.0,0.0
2015-04-20 00:00:00+05:30,291.0,293.3500061035156,284.8500061035156,287.6499938964844,256.39373779296875,13788536,0.0,0.0
2015-04-21 00:00:00+05:30,287.3999938964844,292.0,281.75,289.20001220703125,257.7753601074219,15487948,0.0,0.0
2015-04-22 00:00:00+05:30,290.54998779296875,293.25,275.3999938964844,283.8500061035156,253.0066680908203,17741741,0.0,0.0
2015-04-23 00:00:00+05:30,285.0,287.3999938964844,276.25,277.6499938964844,247.48037719726562,13874710,0.0,0.0
2015-04-24 00:00:00+05:30,278.3500061035156,279.6000061035156,274.3500061035156,275.54998779296875,245.6085662841797,10049508,0.0,0.0
2015-04-27 00:00:00+05:30,276.54998779296875,276.54998779296875,266.1000061035156,267.04998779296875,238.0321502685547,12394191,0.0,0.0
2015-04-28 00:00:00+05:30,267.0,273.5,265.1499938964844,272.5,242.88999938964844,12693457,0.0,0.0
2015-04-29 00:00:00+05:30,272.25,273.3999938964844,269.54998779296875,271.8999938964844,242.3551483154297,8217676,0.0,0.0
2015-04-30 00:00:00+05:30,270.1000061035156,273.45001220703125,266.70001220703125,269.75,240.4387664794922,21635216,0.0,0.0
2015-05-04 00:00:00+05:30,274.0,278.0,271.6499938964844,277.1499938964844,247.03465270996094,8012690,0.0,0.0
2015-05-05 00:00:00+05:30,277.0,277.0,271.3500061035156,272.04998779296875,242.48887634277344,7102772,0.0,0.0
2015-05-06 00:00:00+05:30,271.45001220703125,273.6000061035156,263.25,265.3999938964844,236.56146240234375,16335660,0.0,0.0
2015-05-07 00:00:00+05:30,264.0,267.25,259.6499938964844,260.95001220703125,232.59500122070312,15962706,0.0,0.0
2015-05-08 00:00:00+05:30,264.0,268.0,260.29998779296875,261.95001220703125,233.486328125,14044596,0.0,0.0
2015-05-11 00:00:00+05:30,263.3999938964844,277.20001220703125,262.6000061035156,276.04998779296875,246.05418395996094,17198308,0.0,0.0
2015-05-12 00:00:00+05:30,275.29998779296875,275.3999938964844,266.3500061035156,267.3999938964844,238.3441162109375,12792368,0.0,0.0
2015-05-13 00:00:00+05:30,269.8999938964844,275.0,268.04998779296875,274.29998779296875,244.49436950683594,9245732,0.0,0.0
2015-05-14 00:00:00+05:30,274.0,281.8999938964844,272.95001220703125,280.95001220703125,250.42181396484375,13101418,0.0,0.0
2015-05-15 00:00:00+05:30,282.0,288.3500061035156,282.0,287.45001220703125,256.2154846191406,18247889,0.0,0.0
2015-05-18 00:00:00+05:30,289.8999938964844,290.0,285.3999938964844,289.75,258.2655334472656,13266119,0.0,0.0
2015-05-19 00:00:00+05:30,289.20001220703125,291.3500061035156,286.20001220703125,288.45001220703125,257.1068420410156,14541041,0.0,0.0
2015-05-20 00:00:00+05:30,289.5,294.79998779296875,289.25,292.6000061035156,260.8058776855469,11807544,0.0,0.0
2015-05-21 00:00:00+05:30,294.0,294.75,288.45001220703125,290.25,258.7112731933594,12118415,0.0,0.0
2015-05-22 00:00:00+05:30,293.0,305.0,280.75,282.45001220703125,251.7588348388672,69490117,0.0,0.0
2015-05-25 00:00:00+05:30,280.20001220703125,284.29998779296875,276.1499938964844,277.6499938964844,247.48037719726562,20356833,0.0,0.0
2015-05-26 00:00:00+05:30,279.0,280.79998779296875,276.0,277.1499938964844,247.03465270996094,9675703,0.0,0.0
2015-05-27 00:00:00+05:30,277.0,281.6000061035156,274.20001220703125,280.75,250.2434844970703,12176680,0.0,0.0
2015-05-28 00:00:00+05:30,279.79998779296875,279.79998779296875,276.1000061035156,277.6000061035156,250.55943298339844,13024987,3.5,0.0
2015-05-29 00:00:00+05:30,278.6499938964844,281.6499938964844,277.1000061035156,278.1499938964844,251.0558624267578,14809918,0.0,0.0
2015-06-01 00:00:00+05:30,278.6499938964844,282.0,277.54998779296875,278.20001220703125,251.10098266601562,11567692,0.0,0.0
2015-06-02 00:00:00+05:30,278.79998779296875,279.45001220703125,265.3500061035156,266.25,240.31503295898438,21653784,0.0,0.0
2015-06-03 00:00:00+05:30,267.0,267.29998779296875,255.0500030517578,257.3999938964844,232.3270721435547,25967877,0.0,0.0
2015-06-04 00:00:00+05:30,259.8999938964844,261.3999938964844,253.75,257.6000061035156,232.5076141357422,20210546,0.0,0.0
2015-06-05 00:00:00+05:30,257.0,262.0,255.60000610351562,257.79998779296875,232.68809509277344,13539638,0.0,0.0
2015-06-08 00:00:00+05:30,258.75,258.75,252.5500030517578,254.9499969482422,230.11572265625,17384700,0.0,0.0
2015-06-09 00:00:00+05:30,255.0,258.29998779296875,254.0,257.6000061035156,232.5076141357422,15275972,0.0,0.0
2015-06-10 00:00:00+05:30,259.0,262.54998779296875,258.5,260.6000061035156,235.2153778076172,10910978,0.0,0.0
2015-06-11 00:00:00+05:30,262.25,262.95001220703125,252.64999389648438,254.0,229.2582550048828,20857622,0.0,0.0
2015-06-12 00:00:00+05:30,254.0500030517578,255.5,251.8000030517578,253.9499969482422,229.21311950683594,11440479,0.0,0.0
2015-06-15 00:00:00+05:30,255.0,255.60000610351562,248.85000610351562,250.25,225.87353515625,13545280,0.0,0.0
2015-06-16 00:00:00+05:30,250.25,255.75,249.0,254.60000610351562,229.79981994628906,9896598,0.0,0.0
2015-06-17 00:00:00+05:30,256.0,256.8999938964844,253.5,255.10000610351562,230.25111389160156,11241061,0.0,0.0
2015-06-18 00:00:00+05:30,256.45001220703125,260.70001220703125,255.1999969482422,258.1000061035156,232.95889282226562,11598549,0.0,0.0
2015-06-19 00:00:00+05:30,259.8999938964844,263.1000061035156,258.1499938964844,260.1499938964844,234.80918884277344,12216399,0.0,0.0
2015-06-22 00:00:00+05:30,260.8999938964844,267.3999938964844,260.79998779296875,266.0,240.08935546875,11051382,0.0,0.0
2015-06-23 00:00:00+05:30,269.3999938964844,271.20001220703125,266.25,267.75,241.6688690185547,16180083,0.0,0.0
2015-06-24 00:00:00+05:30,267.70001220703125,267.8999938964844,260.5,262.3500061035156,236.79489135742188,8361760,0.0,0.0
2015-06-25 00:00:00+05:30,261.25,266.0,259.04998779296875,264.79998779296875,239.00625610351562,16506503,0.0,0.0
2015-06-26 00:00:00+05:30,264.1000061035156,266.8999938964844,261.04998779296875,265.20001220703125,239.36732482910156,14588452,0.0,0.0
2015-06-29 00:00:00+05:30,258.75,260.79998779296875,255.0,259.6499938964844,234.35787963867188,15040805,0.0,0.0
2015-06-30 00:00:00+05:30,259.25,263.3500061035156,257.6000061035156,262.75,237.1559295654297,14181965,0.0,0.0
2015-07-01 00:00:00+05:30,263.1000061035156,269.5,262.54998779296875,267.75,241.6688690185547,12072024,0.0,0.0
2015-07-02 00:00:00+05:30,267.8999938964844,271.25,266.1000061035156,267.8500061035156,241.75917053222656,8741783,0.0,0.0
2015-07-03 00:00:00+05:30,267.3500061035156,270.0,266.79998779296875,269.3999938964844,243.1581573486328,7238541,0.0,0.0
2015-07-06 00:00:00+05:30,263.20001220703125,271.5,262.0,270.79998779296875,244.42181396484375,9458200,0.0,0.0
2015-07-07 00:00:00+05:30,270.3999938964844,274.6499938964844,270.0,272.8999938964844,246.31727600097656,12523410,0.0,0.0
2015-07-08 00:00:00+05:30,269.8999938964844,271.0,265.6000061035156,267.3500061035156,241.30784606933594,12669850,0.0,0.0
2015-07-09 00:00:00+05:30,267.0,271.29998779296875,267.0,267.75,241.6688690185547,6469504,0.0,0.0
2015-07-10 00:00:00+05:30,270.25,271.0,266.25,270.54998779296875,244.19615173339844,8788162,0.0,0.0
2015-07-13 00:00:00+05:30,272.0,274.3500061035156,267.8999938964844,273.70001220703125,247.03932189941406,8423083,0.0,0.0
2015-07-14 00:00:00+05:30,273.6000061035156,273.6000061035156,267.1499938964844,268.20001220703125,242.07505798339844,10337307,0.0,0.0
2015-07-15 00:00:00+05:30,268.75,271.70001220703125,267.1499938964844,268.04998779296875,241.9396514892578,7483918,0.0,0.0
2015-07-16 00:00:00+05:30,269.75,272.75,268.1000061035156,272.20001220703125,245.68545532226562,8354120,0.0,0.0
2015-07-17 00:00:00+05:30,272.3999938964844,274.0,270.5,271.1000061035156,244.69261169433594,5571891,0.0,0.0
2015-07-20 00:00:00+05:30,272.0,272.0,266.1499938964844,267.45001220703125,241.39813232421875,6418930,0.0,0.0
2015-07-21 00:00:00+05:30,267.0,269.79998779296875,263.5,264.29998779296875,238.554931640625,5638653,0.0,0.0
2015-07-22 00:00:00+05:30,263.70001220703125,269.3999938964844,261.8999938964844,268.54998779296875,242.39096069335938,11322177,0.0,0.0
2015-07-23 00:00:00+05:30,268.5,272.0,267.25,270.04998779296875,243.74481201171875,6376216,0.0,0.0
2015-07-24 00:00:00+05:30,268.70001220703125,270.3500061035156,262.1000061035156,263.25,237.60723876953125,7796401,0.0,0.0
2015-07-27 00:00:00+05:30,263.20001220703125,263.3999938964844,258.04998779296875,258.45001220703125,233.27481079101562,6788558,0.0,0.0
2015-07-28 00:00:00+05:30,260.25,263.8999938964844,258.3500061035156,259.20001220703125,233.9517364501953,10788886,0.0,0.0
2015-07-29 00:00:00+05:30,260.0,260.70001220703125,252.3000030517578,253.60000610351562,228.89723205566406,9997136,0.0,0.0
2015-07-30 00:00:00+05:30,253.60000610351562,259.5,253.60000610351562,256.79998779296875,231.78549194335938,10536937,0.0,0.0
2015-07-31 00:00:00+05:30,258.0,273.75,257.54998779296875,270.04998779296875,243.74481201171875,20534806,0.0,0.0
2015-08-03 00:00:00+05:30,270.0,283.0,269.8999938964844,281.04998779296875,253.67332458496094,21901780,0.0,0.0
2015-08-04 00:00:00+05:30,282.5,289.95001220703125,276.3999938964844,288.6000061035156,260.4879455566406,28858887,0.0,0.0
2015-08-05 00:00:00+05:30,289.1000061035156,291.79998779296875,284.25,285.3999938964844,257.5996398925781,10169558,0.0,0.0
2015-08-06 00:00:00+05:30,285.6000061035156,290.79998779296875,282.0,289.04998779296875,260.89410400390625,15372143,0.0,0.0
2015-08-07 00:00:00+05:30,288.5,288.5,280.20001220703125,281.29998779296875,253.89895629882812,13845614,0.0,0.0
2015-08-10 00:00:00+05:30,282.04998779296875,286.0,280.1000061035156,282.75,255.20777893066406,14694901,0.0,0.0
2015-08-11 00:00:00+05:30,285.79998779296875,289.45001220703125,267.5,268.79998779296875,242.61660766601562,39233644,0.0,0.0
2015-08-12 00:00:00+05:30,267.45001220703125,267.45001220703125,255.0500030517578,256.3500061035156,231.3793487548828,29724325,0.0,0.0
2015-08-13 00:00:00+05:30,259.75,262.8500061035156,258.1499938964844,259.29998779296875,234.0419921875,16360033,0.0,0.0
2015-08-14 00:00:00+05:30,261.8999938964844,269.3999938964844,259.25,268.5,242.34585571289062,14852873,0.0,0.0
2015-08-17 00:00:00+05:30,272.0,281.8999938964844,270.79998779296875,279.75,252.5,27500063,0.0,0.0
2015-08-18 00:00:00+05:30,280.79998779296875,288.0,275.54998779296875,284.79998779296875,257.05804443359375,27728824,0.0,0.0
2015-08-19 00:00:00+05:30,283.8999938964844,285.95001220703125,275.54998779296875,278.0,250.9204559326172,15452575,0.0,0.0
2015-08-20 00:00:00+05:30,277.6499938964844,281.6499938964844,268.0,270.54998779296875,244.19615173339844,14577599,0.0,0.0
2015-08-21 00:00:00+05:30,261.5,268.8999938964844,256.20001220703125,267.5,241.4432830810547,19030056,0.0,0.0
2015-08-24 00:00:00+05:30,254.6999969482422,257.70001220703125,242.39999389648438,245.39999389648438,221.4959716796875,29561705,0.0,0.0
2015-08-25 00:00:00+05:30,250.0,254.8000030517578,240.0,253.35000610351562,228.67156982421875,23492839,0.0,0.0
2015-08-26 00:00:00+05:30,252.5,253.3000030517578,245.0,245.6999969482422,221.7667236328125,16325529,0.0,0.0
2015-08-27 00:00:00+05:30,251.14999389648438,252.0,248.10000610351562,249.4499969482422,225.15145874023438,21076926,0.0,0.0
2015-08-28 00:00:00+05:30,254.5,255.89999389648438,247.4499969482422,248.9499969482422,224.70018005371094,16644381,0.0,0.0
2015-08-31 00:00:00+05:30,249.0,251.35000610351562,245.0,247.35000610351562,223.2560272216797,21645114,0.0,0.0
2015-09-01 00:00:00+05:30,244.85000610351562,244.85000610351562,237.6999969482422,239.10000610351562,215.8096466064453,19689080,0.0,0.0
2015-09-02 00:00:00+05:30,242.64999389648438,243.0,230.10000610351562,230.5500030517578,208.0924835205078,23655457,0.0,0.0
2015-09-03 00:00:00+05:30,232.64999389648438,235.39999389648438,231.0,232.25,209.6269073486328,14680299,0.0,0.0
2015-09-04 00:00:00+05:30,231.89999389648438,231.89999389648438,224.0,225.14999389648438,203.21849060058594,20466346,0.0,0.0
2015-09-07 00:00:00+05:30,227.10000610351562,227.5,220.14999389648438,221.10000610351562,199.56301879882812,15424783,0.0,0.0
2015-09-08 00:00:00+05:30,223.0,230.25,221.14999389648438,228.35000610351562,206.10679626464844,16189253,0.0,0.0
2015-09-09 00:00:00+05:30,233.9499969482422,234.5,229.10000610351562,231.64999389648438,209.08534240722656,18237115,0.0,0.0
2015-09-10 00:00:00+05:30,227.35000610351562,229.8000030517578,224.10000610351562,227.4499969482422,205.29446411132812,14195882,0.0,0.0
2015-09-11 00:00:00+05:30,230.89999389648438,233.3000030517578,228.0,230.10000610351562,207.68634033203125,13650937,0.0,0.0
2015-09-14 00:00:00+05:30,231.5500030517578,236.0,230.0,235.25,212.33468627929688,10671222,0.0,0.0
2015-09-15 00:00:00+05:30,235.1999969482422,238.4499969482422,232.64999389648438,232.89999389648438,210.2135772705078,13193410,0.0,0.0
2015-09-16 00:00:00+05:30,236.39999389648438,237.75,235.0,236.8000030517578,213.7336883544922,11272509,0.0,0.0
2015-09-18 00:00:00+05:30,240.0,246.4499969482422,239.5,242.0,218.42715454101562,16049395,0.0,0.0
2015-09-21 00:00:00+05:30,239.5500030517578,246.0,237.25,245.25,221.36061096191406,9602436,0.0,0.0
2015-09-22 00:00:00+05:30,247.9499969482422,248.4499969482422,236.25,237.9499969482422,214.77166748046875,13667322,0.0,0.0
2015-09-23 00:00:00+05:30,235.0,241.89999389648438,233.60000610351562,239.85000610351562,216.48658752441406,13614082,0.0,0.0
2015-09-24 00:00:00+05:30,239.4499969482422,241.4499969482422,238.0500030517578,239.0500030517578,215.76451110839844,9299508,0.0,0.0
2015-09-28 00:00:00+05:30,241.0,243.64999389648438,238.64999389648438,239.4499969482422,216.1255645751953,8588230,0.0,0.0
2015-09-29 00:00:00+05:30,236.0,245.39999389648438,232.1999969482422,241.89999389648438,218.3369140625,24488685,0.0,0.0
2015-09-30 00:00:00+05:30,244.85000610351562,245.39999389648438,235.6999969482422,237.14999389648438,214.04959106445312,17011911,0.0,0.0
2015-10-01 00:00:00+05:30,241.1999969482422,241.89999389648438,234.39999389648438,235.14999389648438,212.24441528320312,11590498,0.0,0.0
2015-10-05 00:00:00+05:30,238.10000610351562,241.35000610351562,237.25,240.0,216.62197875976562,18307463,0.0,0.0
2015-10-06 00:00:00+05:30,242.6999969482422,242.8000030517578,237.6999969482422,240.10000610351562,216.7122344970703,10087077,0.0,0.0
2015-10-07 00:00:00+05:30,240.14999389648438,244.25,239.0500030517578,243.5500030517578,219.82618713378906,10608795,0.0,0.0
2015-10-08 00:00:00+05:30,242.4499969482422,245.1999969482422,241.10000610351562,243.3000030517578,219.6005096435547,9230511,0.0,0.0
2015-10-09 00:00:00+05:30,245.5,247.8000030517578,240.64999389648438,243.4499969482422,219.73593139648438,12171416,0.0,0.0
2015-10-12 00:00:00+05:30,244.10000610351562,245.64999389648438,241.3000030517578,244.5500030517578,220.72874450683594,7566962,0.0,0.0
2015-10-13 00:00:00+05:30,244.0,247.5,242.0500030517578,243.8000030517578,220.05181884765625,10200698,0.0,0.0
2015-10-14 00:00:00+05:30,243.6999969482422,246.8000030517578,243.1999969482422,244.25,220.45799255371094,7895820,0.0,0.0
2015-10-15 00:00:00+05:30,246.0,249.89999389648438,245.5,248.9499969482422,224.70018005371094,11582401,0.0,0.0
2015-10-16 00:00:00+05:30,249.85000610351562,257.1499938964844,248.35000610351562,256.79998779296875,231.78549194335938,11738832,0.0,0.0
2015-10-19 00:00:00+05:30,256.6499938964844,257.1000061035156,253.5,254.5,229.70953369140625,8969153,0.0,0.0
2015-10-20 00:00:00+05:30,254.5,257.1000061035156,253.1999969482422,254.85000610351562,230.0254669189453,8811740,0.0,0.0
2015-10-21 00:00:00+05:30,254.0,255.89999389648438,248.5500030517578,249.8000030517578,225.46739196777344,8606466,0.0,0.0
2015-10-23 00:00:00+05:30,253.0,254.85000610351562,252.0,253.39999389648438,228.71669006347656,7544810,0.0,0.0
2015-10-26 00:00:00+05:30,254.75,256.0,250.35000610351562,251.25,226.77615356445312,13085058,0.0,0.0
2015-10-27 00:00:00+05:30,250.10000610351562,252.1999969482422,248.10000610351562,248.8000030517578,224.56478881835938,6565348,0.0,0.0
2015-10-28 00:00:00+05:30,248.0,249.4499969482422,241.1999969482422,242.0500030517578,218.4722900390625,12310403,0.0,0.0
2015-10-29 00:00:00+05:30,241.5,241.8000030517578,236.4499969482422,236.9499969482422,213.86907958984375,16114932,0.0,0.0
2015-10-30 00:00:00+05:30,238.6999969482422,240.39999389648438,235.10000610351562,237.0500030517578,213.95932006835938,8669606,0.0,0.0
2015-11-02 00:00:00+05:30,238.0,238.0,232.6999969482422,236.89999389648438,213.82394409179688,7611610,0.0,0.0
2015-11-03 00:00:00+05:30,239.35000610351562,239.6999969482422,235.0,235.9499969482422,212.96646118164062,8323201,0.0,0.0
2015-11-04 00:00:00+05:30,239.1999969482422,240.5,237.0,239.0,215.71939086914062,8418352,0.0,0.0
2015-11-05 00:00:00+05:30,238.0,239.0,233.10000610351562,233.89999389648438,211.11614990234375,8906564,0.0,0.0
2015-11-06 00:00:00+05:30,235.60000610351562,244.8000030517578,233.0,243.0,219.32974243164062,30821077,0.0,0.0
2015-11-09 00:00:00+05:30,236.0,248.3000030517578,235.60000610351562,246.10000610351562,222.12779235839844,22806485,0.0,0.0
2015-11-10 00:00:00+05:30,244.89999389648438,247.25,240.10000610351562,241.1999969482422,217.705078125,11767845,0.0,0.0
2015-11-13 00:00:00+05:30,241.5,241.8000030517578,237.6999969482422,240.25,216.84762573242188,9082062,0.0,0.0
2015-11-16 00:00:00+05:30,239.5,249.35000610351562,239.10000610351562,248.3000030517578,224.1134796142578,14051479,0.0,0.0
2015-11-17 00:00:00+05:30,250.0,251.64999389648438,246.6999969482422,247.85000610351562,223.70733642578125,11273394,0.0,0.0
2015-11-18 00:00:00+05:30,247.60000610351562,248.6999969482422,239.4499969482422,241.0,217.52455139160156,10397889,0.0,0.0
2015-11-19 00:00:00+05:30,243.0500030517578,245.0,241.39999389648438,243.89999389648438,220.14208984375,7325199,0.0,0.0
2015-11-20 00:00:00+05:30,243.9499969482422,249.89999389648438,242.0,242.9499969482422,219.2846221923828,13718619,0.0,0.0
2015-11-23 00:00:00+05:30,243.89999389648438,245.25,240.5500030517578,242.6999969482422,219.0589599609375,10552151,0.0,0.0
2015-11-24 00:00:00+05:30,242.5,244.0,240.60000610351562,241.39999389648438,217.88560485839844,6651669,0.0,0.0
2015-11-26 00:00:00+05:30,241.9499969482422,244.89999389648438,241.0,242.5,218.8784637451172,13629888,0.0,0.0
2015-11-27 00:00:00+05:30,243.0,250.5,242.8000030517578,249.6999969482422,225.37710571289062,15149912,0.0,0.0
2015-11-30 00:00:00+05:30,249.64999389648438,253.0,245.0,248.64999389648438,224.42938232421875,12865469,0.0,0.0
2015-12-01 00:00:00+05:30,250.85000610351562,251.89999389648438,249.3000030517578,250.1999969482422,225.82839965820312,9501537,0.0,0.0
2015-12-02 00:00:00+05:30,250.5500030517578,250.64999389648438,243.75,244.60000610351562,220.77392578125,10881754,0.0,0.0
2015-12-03 00:00:00+05:30,244.14999389648438,244.5,240.39999389648438,241.10000610351562,217.61483764648438,7155630,0.0,0.0
2015-12-04 00:00:00+05:30,240.0,242.14999389648438,238.0500030517578,241.10000610351562,217.61483764648438,11115170,0.0,0.0
2015-12-07 00:00:00+05:30,242.9499969482422,242.9499969482422,238.0,238.64999389648438,215.40347290039062,7531729,0.0,0.0
2015-12-08 00:00:00+05:30,238.10000610351562,239.9499969482422,235.3000030517578,235.9499969482422,212.96646118164062,8254434,0.0,0.0
2015-12-09 00:00:00+05:30,235.39999389648438,238.1999969482422,233.60000610351562,234.39999389648438,211.5674591064453,7408777,0.0,0.0
2015-12-10 00:00:00+05:30,236.0,236.75,230.60000610351562,231.9499969482422,209.35614013671875,11713559,0.0,0.0
2015-12-11 00:00:00+05:30,232.89999389648438,233.89999389648438,225.10000610351562,227.3000030517578,205.1590576171875,12872949,0.0,0.0
2015-12-14 00:00:00+05:30,224.89999389648438,227.6999969482422,224.0,225.9499969482422,203.94056701660156,12464883,0.0,0.0
2015-12-15 00:00:00+05:30,227.0,227.14999389648438,224.0,226.39999389648438,204.34671020507812,10404430,0.0,0.0
2015-12-16 00:00:00+05:30,227.75,229.60000610351562,225.25,227.3000030517578,205.1590576171875,13030720,0.0,0.0
2015-12-17 00:00:00+05:30,230.0,232.39999389648438,228.5,230.89999389648438,208.4083709716797,14539096,0.0,0.0
2015-12-18 00:00:00+05:30,229.9499969482422,232.35000610351562,225.8000030517578,226.5,204.43698120117188,18871084,0.0,0.0
2015-12-21 00:00:00+05:30,226.89999389648438,231.0,226.5,230.4499969482422,208.00222778320312,9557098,0.0,0.0
2015-12-22 00:00:00+05:30,231.64999389648438,232.25,227.5,228.35000610351562,206.10679626464844,9155574,0.0,0.0
2015-12-23 00:00:00+05:30,230.25,231.0,228.89999389648438,229.64999389648438,207.2801513671875,7914311,0.0,0.0
2015-12-24 00:00:00+05:30,230.85000610351562,231.0,227.60000610351562,228.3000030517578,206.06166076660156,7257958,0.0,0.0
2015-12-28 00:00:00+05:30,229.0500030517578,229.9499969482422,228.0,228.89999389648438,206.6031951904297,8756879,0.0,0.0
2015-12-29 00:00:00+05:30,228.85000610351562,229.9499969482422,227.5,228.1999969482422,205.97140502929688,7263286,0.0,0.0
2015-12-30 00:00:00+05:30,229.0,229.6999969482422,224.85000610351562,225.8000030517578,203.80517578125,11702877,0.0,0.0
2015-12-31 00:00:00+05:30,225.9499969482422,226.5500030517578,224.0,224.4499969482422,202.58670043945312,11558305,0.0,0.0
2016-01-01 00:00:00+05:30,225.0,228.89999389648438,224.5,227.8000030517578,205.61038208007812,6449426,0.0,0.0
2016-01-04 00:00:00+05:30,226.9499969482422,226.9499969482422,220.0500030517578,220.6999969482422,199.2019500732422,14092071,0.0,0.0
2016-01-05 00:00:00+05:30,222.8000030517578,222.8000030517578,217.0,217.75,196.53929138183594,15074848,0.0,0.0
2016-01-06 00:00:00+05:30,217.89999389648438,219.89999389648438,216.39999389648438,216.85000610351562,195.72698974609375,11921123,0.0,0.0
2016-01-07 00:00:00+05:30,214.0,214.10000610351562,209.0,209.5500030517578,189.13804626464844,14342279,0.0,0.0
2016-01-08 00:00:00+05:30,212.0,212.5,208.60000610351562,208.9499969482422,188.5965118408203,11745840,0.0,0.0
2016-01-11 00:00:00+05:30,206.8000030517578,207.5,202.64999389648438,204.3000030517578,184.3994598388672,19287860,0.0,0.0
2016-01-12 00:00:00+05:30,204.85000610351562,205.0,198.60000610351562,199.39999389648438,179.97674560546875,20318816,0.0,0.0
2016-01-13 00:00:00+05:30,201.35000610351562,202.39999389648438,194.0,200.89999389648438,181.3306427001953,23788247,0.0,0.0
2016-01-14 00:00:00+05:30,197.0,201.5,194.3000030517578,196.0500030517578,176.9530792236328,20256636,0.0,0.0
2016-01-15 00:00:00+05:30,197.8000030517578,197.8000030517578,181.0,184.3000030517578,166.34762573242188,29090426,0.0,0.0
2016-01-18 00:00:00+05:30,184.89999389648438,188.14999389648438,179.14999389648438,181.0,163.36907958984375,35653244,0.0,0.0
2016-01-19 00:00:00+05:30,182.14999389648438,187.8000030517578,181.5,182.9499969482422,165.12911987304688,24501774,0.0,0.0
2016-01-20 00:00:00+05:30,180.64999389648438,180.64999389648438,171.5,173.64999389648438,156.73501586914062,28655794,0.0,0.0
2016-01-21 00:00:00+05:30,177.0,178.64999389648438,172.0500030517578,175.60000610351562,158.4950714111328,28697205,0.0,0.0
2016-01-22 00:00:00+05:30,179.89999389648438,185.39999389648438,178.3000030517578,184.60000610351562,166.618408203125,21432409,0.0,0.0
2016-01-25 00:00:00+05:30,187.89999389648438,188.8000030517578,182.5,182.9499969482422,165.12911987304688,17534650,0.0,0.0
2016-01-27 00:00:00+05:30,184.39999389648438,186.1999969482422,181.0500030517578,184.39999389648438,166.43788146972656,16569813,0.0,0.0
2016-01-28 00:00:00+05:30,184.1999969482422,185.89999389648438,182.5,185.25,167.20509338378906,20241030,0.0,0.0
2016-01-29 00:00:00+05:30,184.1999969482422,185.75,178.10000610351562,179.89999389648438,162.376220703125,24259147,0.0,0.0
2016-02-01 00:00:00+05:30,181.9499969482422,181.9499969482422,172.10000610351562,172.75,155.92269897460938,22915269,0.0,0.0
2016-02-02 00:00:00+05:30,173.10000610351562,177.39999389648438,168.60000610351562,169.39999389648438,152.89901733398438,35957332,0.0,0.0
2016-02-03 00:00:00+05:30,167.8000030517578,167.8000030517578,163.25,166.0500030517578,149.8753204345703,24132003,0.0,0.0
2016-02-04 00:00:00+05:30,169.3000030517578,169.8000030517578,160.1999969482422,162.85000610351562,146.987060546875,23811109,0.0,0.0
2016-02-05 00:00:00+05:30,163.6999969482422,169.3000030517578,162.1999969482422,168.1999969482422,151.81591796875,22732245,0.0,0.0
2016-02-08 00:00:00+05:30,169.4499969482422,176.89999389648438,168.5500030517578,172.14999389648438,155.38111877441406,22289005,0.0,0.0
2016-02-09 00:00:00+05:30,168.0,172.39999389648438,166.10000610351562,167.0500030517578,150.77793884277344,19008384,0.0,0.0
2016-02-10 00:00:00+05:30,165.0,166.1999969482422,158.0,159.0,143.51205444335938,32294785,0.0,0.0
2016-02-11 00:00:00+05:30,159.5,167.5,152.1999969482422,154.25,139.22474670410156,72749830,0.0,0.0
2016-02-12 00:00:00+05:30,156.14999389648438,157.64999389648438,148.25,154.8000030517578,139.72119140625,41187889,0.0,0.0
2016-02-15 00:00:00+05:30,159.0,170.0,158.0,167.85000610351562,151.5,35956266,0.0,0.0
2016-02-16 00:00:00+05:30,170.75,170.75,155.64999389648438,156.39999389648438,141.16531372070312,33816243,0.0,0.0
2016-02-17 00:00:00+05:30,155.0,159.85000610351562,151.25,158.9499969482422,143.46693420410156,32447698,0.0,0.0
2016-02-18 00:00:00+05:30,161.9499969482422,163.6999969482422,156.39999389648438,159.8000030517578,144.234130859375,21024178,0.0,0.0
2016-02-19 00:00:00+05:30,157.89999389648438,165.3000030517578,157.10000610351562,164.6999969482422,148.6568145751953,24592575,0.0,0.0
2016-02-22 00:00:00+05:30,165.9499969482422,166.8000030517578,163.6999969482422,164.9499969482422,148.88247680664062,15815058,0.0,0.0
2016-02-23 00:00:00+05:30,165.0,165.0,158.0,158.5,143.0607452392578,20200068,0.0,0.0
2016-02-24 00:00:00+05:30,156.0,160.6999969482422,155.3000030517578,156.3000030517578,141.07505798339844,19440950,0.0,0.0
2016-02-25 00:00:00+05:30,157.60000610351562,158.10000610351562,151.0,151.8000030517578,137.01341247558594,22713124,0.0,0.0
2016-02-26 00:00:00+05:30,155.5,158.6999969482422,152.5500030517578,155.89999389648438,140.71401977539062,30051402,0.0,0.0
2016-02-29 00:00:00+05:30,158.1999969482422,163.89999389648438,153.0,158.75,143.28640747070312,66981910,0.0,0.0
2016-03-01 00:00:00+05:30,160.5,162.89999389648438,158.5500030517578,162.0500030517578,146.2649688720703,23588231,0.0,0.0
2016-03-02 00:00:00+05:30,172.5,183.1999969482422,172.5,181.14999389648438,163.5044708251953,53333757,0.0,0.0
2016-03-03 00:00:00+05:30,184.0,184.60000610351562,178.5,182.75,164.9486083984375,33507048,0.0,0.0
2016-03-04 00:00:00+05:30,183.39999389648438,189.85000610351562,178.5,188.39999389648438,170.04823303222656,38860711,0.0,0.0
2016-03-08 00:00:00+05:30,186.9499969482422,186.9499969482422,181.39999389648438,183.35000610351562,165.49017333984375,27928279,0.0,0.0
2016-03-09 00:00:00+05:30,180.0,184.0,178.6999969482422,183.39999389648438,165.5352783203125,29453018,0.0,0.0
2016-03-10 00:00:00+05:30,184.75,184.75,179.39999389648438,180.5,162.9177703857422,20472928,0.0,0.0
2016-03-11 00:00:00+05:30,180.0,182.64999389648438,177.5500030517578,180.10000610351562,162.55673217773438,21869157,0.0,0.0
2016-03-14 00:00:00+05:30,182.4499969482422,183.39999389648438,180.6999969482422,181.75,164.0460205078125,14369755,0.0,0.0
2016-03-15 00:00:00+05:30,181.64999389648438,186.1999969482422,181.64999389648438,185.3000030517578,167.25021362304688,22369600,0.0,0.0
2016-03-16 00:00:00+05:30,185.0,185.89999389648438,181.60000610351562,185.1999969482422,167.1599578857422,19237834,0.0,0.0
2016-03-17 00:00:00+05:30,188.0,189.3000030517578,185.0,186.35000610351562,168.1979522705078,21560986,0.0,0.0
2016-03-18 00:00:00+05:30,186.85000610351562,192.0,186.0,191.25,172.62063598632812,21144216,0.0,0.0
2016-03-21 00:00:00+05:30,193.0,197.3000030517578,193.0,196.8000030517578,177.63002014160156,20678069,0.0,0.0
2016-03-22 00:00:00+05:30,196.8000030517578,198.25,194.5,197.5,178.2618408203125,16728809,0.0,0.0
2016-03-23 00:00:00+05:30,196.89999389648438,197.60000610351562,195.3000030517578,196.60000610351562,177.4495086669922,13362780,0.0,0.0
2016-03-28 00:00:00+05:30,195.8000030517578,198.25,187.64999389648438,188.3000030517578,169.95797729492188,19760603,0.0,0.0
2016-03-29 00:00:00+05:30,188.5,191.25,186.64999389648438,189.5,171.04110717773438,16804848,0.0,0.0
2016-03-30 00:00:00+05:30,192.25,198.3000030517578,190.5,197.5500030517578,178.30697631835938,20709407,0.0,0.0
2016-03-31 00:00:00+05:30,197.85000610351562,198.75,192.35000610351562,194.25,175.32843017578125,30132473,0.0,0.0
2016-04-01 00:00:00+05:30,193.6999969482422,197.25,192.0,195.64999389648438,176.59202575683594,21752206,0.0,0.0
2016-04-04 00:00:00+05:30,197.3000030517578,197.4499969482422,192.5500030517578,194.6999969482422,175.73458862304688,15732565,0.0,0.0
2016-04-05 00:00:00+05:30,193.89999389648438,194.5500030517578,183.3000030517578,184.35000610351562,166.39276123046875,36635637,0.0,0.0
2016-04-06 00:00:00+05:30,185.0,185.5,182.1999969482422,183.85000610351562,165.94146728515625,16350631,0.0,0.0
2016-04-07 00:00:00+05:30,183.8000030517578,185.64999389648438,181.0,181.9499969482422,164.22654724121094,19430601,0.0,0.0
2016-04-08 00:00:00+05:30,181.64999389648438,183.9499969482422,180.1999969482422,183.10000610351562,165.26451110839844,15805231,0.0,0.0
2016-04-11 00:00:00+05:30,183.85000610351562,188.89999389648438,182.0,188.25,169.91285705566406,18990364,0.0,0.0
2016-04-12 00:00:00+05:30,188.5,190.25,186.3000030517578,187.8000030517578,169.50668334960938,14563344,0.0,0.0
2016-04-13 00:00:00+05:30,191.5500030517578,193.8000030517578,190.8000030517578,191.89999389648438,173.20729064941406,17573045,0.0,0.0
2016-04-18 00:00:00+05:30,191.4499969482422,191.5,185.60000610351562,186.75,168.55897521972656,13985439,0.0,0.0
2016-04-20 00:00:00+05:30,188.35000610351562,188.64999389648438,184.10000610351562,187.3000030517578,169.05538940429688,20163005,0.0,0.0
2016-04-21 00:00:00+05:30,190.5,197.39999389648438,190.0,194.35000610351562,175.41868591308594,31008152,0.0,0.0
2016-04-22 00:00:00+05:30,193.60000610351562,201.5,191.5500030517578,200.14999389648438,180.65370178222656,34049763,0.0,0.0
2016-04-25 00:00:00+05:30,200.9499969482422,202.5500030517578,195.8000030517578,197.0500030517578,177.8556671142578,23835613,0.0,0.0
2016-04-26 00:00:00+05:30,195.9499969482422,201.39999389648438,194.5500030517578,200.9499969482422,181.37576293945312,21809451,0.0,0.0
2016-04-27 00:00:00+05:30,200.89999389648438,200.89999389648438,195.5,196.14999389648438,177.04335021972656,22801603,0.0,0.0
2016-04-28 00:00:00+05:30,196.75,198.1999969482422,191.1999969482422,192.0500030517578,173.3427276611328,24555479,0.0,0.0
2016-04-29 00:00:00+05:30,191.89999389648438,194.0,186.4499969482422,189.0,170.58981323242188,21021661,0.0,0.0
2016-05-02 00:00:00+05:30,187.60000610351562,188.4499969482422,185.5,186.0,167.88201904296875,14469844,0.0,0.0
2016-05-03 00:00:00+05:30,187.0,189.35000610351562,183.64999389648438,184.0500030517578,166.12197875976562,16247931,0.0,0.0
2016-05-04 00:00:00+05:30,183.5,184.39999389648438,179.14999389648438,179.9499969482422,162.4213409423828,17826594,0.0,0.0
2016-05-05 00:00:00+05:30,180.25,182.6999969482422,178.5,180.35000610351562,162.7823944091797,17742028,0.0,0.0
2016-05-06 00:00:00+05:30,180.9499969482422,184.9499969482422,180.10000610351562,184.35000610351562,166.39276123046875,18336962,0.0,0.0
2016-05-09 00:00:00+05:30,186.5,189.39999389648438,185.0500030517578,188.6999969482422,170.3190460205078,13863696,0.0,0.0
2016-05-10 00:00:00+05:30,187.60000610351562,190.3000030517578,186.6999969482422,189.5,171.04110717773438,13845979,0.0,0.0
2016-05-11 00:00:00+05:30,185.39999389648438,188.5,184.10000610351562,185.0,166.9794464111328,18128414,0.0,0.0
2016-05-12 00:00:00+05:30,187.10000610351562,189.5,185.39999389648438,188.5,170.13851928710938,17398341,0.0,0.0
2016-05-13 00:00:00+05:30,187.9499969482422,187.9499969482422,184.3000030517578,184.85000610351562,166.8440399169922,15546644,0.0,0.0
2016-05-16 00:00:00+05:30,185.0,185.0,175.14999389648438,176.8000030517578,159.57818603515625,30937008,0.0,0.0
2016-05-17 00:00:00+05:30,178.5,178.60000610351562,175.25,176.85000610351562,159.6233367919922,22183140,0.0,0.0
2016-05-18 00:00:00+05:30,176.89999389648438,180.4499969482422,173.5500030517578,179.9499969482422,162.4213409423828,25345278,0.0,0.0
2016-05-19 00:00:00+05:30,181.0,181.0,171.89999389648438,172.6999969482422,155.87754821777344,25480517,0.0,0.0
2016-05-20 00:00:00+05:30,173.5,174.6999969482422,170.5500030517578,171.35000610351562,154.65908813476562,16720624,0.0,0.0
2016-05-23 00:00:00+05:30,172.3000030517578,172.6999969482422,168.1999969482422,168.39999389648438,151.99642944335938,16193112,0.0,0.0
2016-05-24 00:00:00+05:30,168.8000030517578,170.39999389648438,166.39999389648438,169.5,152.98928833007812,14816798,0.0,0.0
2016-05-25 00:00:00+05:30,171.5,175.8000030517578,171.4499969482422,175.10000610351562,158.0437774658203,18900887,0.0,0.0
2016-05-26 00:00:00+05:30,175.10000610351562,185.5,173.5,184.14999389648438,166.21224975585938,30700988,0.0,0.0
2016-05-27 00:00:00+05:30,184.0,202.39999389648438,181.5,195.89999389648438,176.8176727294922,85585820,0.0,0.0
2016-05-30 00:00:00+05:30,200.1999969482422,203.89999389648438,194.60000610351562,198.85000610351562,179.4803466796875,46075949,0.0,0.0
2016-05-31 00:00:00+05:30,198.8000030517578,205.6999969482422,196.1999969482422,204.9499969482422,184.9861602783203,39457647,0.0,0.0
2016-06-01 00:00:00+05:30,205.9499969482422,208.3000030517578,196.60000610351562,198.25,178.93878173828125,41868032,0.0,0.0
2016-06-02 00:00:00+05:30,197.85000610351562,202.3000030517578,195.5500030517578,200.5500030517578,181.01473999023438,23499884,0.0,0.0
2016-06-03 00:00:00+05:30,201.0,202.14999389648438,195.39999389648438,196.60000610351562,179.78024291992188,24568749,2.6,0.0
2016-06-06 00:00:00+05:30,197.4499969482422,202.60000610351562,197.10000610351562,198.89999389648438,181.88345336914062,23623536,0.0,0.0
2016-06-07 00:00:00+05:30,200.4499969482422,211.14999389648438,200.14999389648438,210.14999389648438,192.1709747314453,66063192,0.0,0.0
2016-06-08 00:00:00+05:30,210.14999389648438,211.89999389648438,207.5500030517578,210.6999969482422,192.67393493652344,35163093,0.0,0.0
2016-06-09 00:00:00+05:30,210.0,212.8000030517578,208.3000030517578,209.9499969482422,191.98809814453125,27858182,0.0,0.0
2016-06-10 00:00:00+05:30,209.35000610351562,211.5,205.3000030517578,205.9499969482422,188.330322265625,25598224,0.0,0.0
2016-06-13 00:00:00+05:30,201.5,202.60000610351562,200.1999969482422,201.8000030517578,184.53536987304688,21192525,0.0,0.0
2016-06-14 00:00:00+05:30,204.35000610351562,208.60000610351562,203.8000030517578,207.6999969482422,189.93060302734375,23918910,0.0,0.0
2016-06-15 00:00:00+05:30,209.75,217.5500030517578,208.5500030517578,216.0500030517578,197.5662384033203,48362742,0.0,0.0
2016-06-16 00:00:00+05:30,216.0,218.5,213.0500030517578,216.0,197.52052307128906,48122379,0.0,0.0
2016-06-17 00:00:00+05:30,216.75,217.5,211.60000610351562,213.4499969482422,195.18865966796875,26486677,0.0,0.0
2016-06-20 00:00:00+05:30,208.0,216.6999969482422,207.89999389648438,215.89999389648438,197.42906188964844,32633757,0.0,0.0
2016-06-21 00:00:00+05:30,215.0,217.5,213.14999389648438,214.0,195.69161987304688,18960306,0.0,0.0
2016-06-22 00:00:00+05:30,214.0,215.25,211.4499969482422,212.89999389648438,194.68572998046875,16395548,0.0,0.0
2016-06-23 00:00:00+05:30,213.0,218.0,212.75,217.5500030517578,198.9379119873047,20666649,0.0,0.0
2016-06-24 00:00:00+05:30,205.89999389648438,212.35000610351562,202.5,211.25,193.1768798828125,47224652,0.0,0.0
2016-06-27 00:00:00+05:30,210.8000030517578,218.85000610351562,210.5500030517578,217.14999389648438,198.5720977783203,29021651,0.0,0.0
2016-06-28 00:00:00+05:30,216.75,218.64999389648438,215.39999389648438,215.89999389648438,197.42906188964844,21784062,0.0,0.0
2016-06-29 00:00:00+05:30,217.89999389648438,218.8000030517578,216.10000610351562,217.1999969482422,198.61782836914062,18019568,0.0,0.0
2016-06-30 00:00:00+05:30,220.0,221.89999389648438,217.89999389648438,218.8000030517578,200.08096313476562,30600995,0.0,0.0
2016-07-01 00:00:00+05:30,220.8000030517578,221.0,218.89999389648438,219.60000610351562,200.81253051757812,15346865,0.0,0.0
2016-07-04 00:00:00+05:30,222.35000610351562,224.35000610351562,222.0,223.0,203.92164611816406,16534518,0.0,0.0
2016-07-05 00:00:00+05:30,223.25,225.14999389648438,221.5500030517578,223.5,204.3788604736328,15357018,0.0,0.0
2016-07-07 00:00:00+05:30,223.89999389648438,224.60000610351562,219.35000610351562,220.0500030517578,201.22401428222656,12917872,0.0,0.0
2016-07-08 00:00:00+05:30,220.14999389648438,220.85000610351562,216.5,218.3000030517578,199.62374877929688,16017389,0.0,0.0
2016-07-11 00:00:00+05:30,223.60000610351562,225.4499969482422,222.0,224.6999969482422,205.47621154785156,15831791,0.0,0.0
2016-07-12 00:00:00+05:30,225.0,227.1999969482422,224.14999389648438,226.6999969482422,207.30508422851562,19374179,0.0,0.0
2016-07-13 00:00:00+05:30,227.0,228.5,223.9499969482422,227.6999969482422,208.21951293945312,18377333,0.0,0.0
2016-07-14 00:00:00+05:30,227.0,232.85000610351562,226.0,232.0,212.1516571044922,21208021,0.0,0.0
2016-07-15 00:00:00+05:30,232.89999389648438,234.39999389648438,230.8000030517578,231.5,211.69444274902344,15068302,0.0,0.0
2016-07-18 00:00:00+05:30,232.39999389648438,233.85000610351562,228.1999969482422,228.75,209.17970275878906,11816985,0.0,0.0
2016-07-19 00:00:00+05:30,230.0,232.14999389648438,227.0,229.60000610351562,209.9569854736328,19767339,0.0,0.0
2016-07-20 00:00:00+05:30,230.64999389648438,232.75,229.1999969482422,231.14999389648438,211.37435913085938,18051608,0.0,0.0
2016-07-21 00:00:00+05:30,231.64999389648438,232.10000610351562,224.39999389648438,225.64999389648438,206.3449249267578,13306837,0.0,0.0
2016-07-22 00:00:00+05:30,225.39999389648438,225.89999389648438,222.10000610351562,223.5,204.3788604736328,12341622,0.0,0.0
2016-07-25 00:00:00+05:30,223.0,231.0,222.6999969482422,229.89999389648438,210.2313232421875,18427070,0.0,0.0
2016-07-26 00:00:00+05:30,230.0,232.1999969482422,225.89999389648438,226.6999969482422,207.30508422851562,14162638,0.0,0.0
2016-07-27 00:00:00+05:30,227.75,231.0,226.8000030517578,229.25,209.6369171142578,17626617,0.0,0.0
2016-07-28 00:00:00+05:30,230.14999389648438,235.14999389648438,229.3000030517578,231.0,211.23719787597656,26838284,0.0,0.0
2016-07-29 00:00:00+05:30,230.0,232.6999969482422,228.39999389648438,229.39999389648438,209.77407836914062,15577230,0.0,0.0
2016-08-01 00:00:00+05:30,230.8000030517578,232.64999389648438,225.3000030517578,227.3000030517578,207.85374450683594,16071228,0.0,0.0
2016-08-02 00:00:00+05:30,229.3000030517578,230.89999389648438,227.3000030517578,228.0500030517578,208.53961181640625,16145066,0.0,0.0
2016-08-03 00:00:00+05:30,228.5,230.5,225.8000030517578,226.64999389648438,207.25936889648438,14838944,0.0,0.0
2016-08-04 00:00:00+05:30,228.4499969482422,228.6999969482422,223.1999969482422,225.64999389648438,206.3449249267578,17810908,0.0,0.0
2016-08-05 00:00:00+05:30,227.35000610351562,233.89999389648438,226.89999389648438,232.75,212.83749389648438,21264296,0.0,0.0
2016-08-08 00:00:00+05:30,233.9499969482422,235.89999389648438,231.6999969482422,233.25,213.29470825195312,16972827,0.0,0.0
2016-08-09 00:00:00+05:30,234.25,238.0,232.64999389648438,235.14999389648438,215.0321502685547,19854185,0.0,0.0
2016-08-10 00:00:00+05:30,236.75,236.89999389648438,231.0500030517578,231.5,211.69444274902344,16279843,0.0,0.0
2016-08-11 00:00:00+05:30,231.5,231.60000610351562,226.10000610351562,227.14999389648438,207.7165985107422,16673286,0.0,0.0
2016-08-12 00:00:00+05:30,227.0,247.9499969482422,224.39999389648438,243.3000030517578,222.48489379882812,86616475,0.0,0.0
2016-08-16 00:00:00+05:30,245.25,247.89999389648438,242.64999389648438,246.75,225.63973999023438,27709873,0.0,0.0
2016-08-17 00:00:00+05:30,246.4499969482422,249.8000030517578,244.3000030517578,246.25,225.18251037597656,18294050,0.0,0.0
2016-08-18 00:00:00+05:30,246.89999389648438,250.39999389648438,246.5500030517578,248.39999389648438,227.14859008789062,14314950,0.0,0.0
2016-08-19 00:00:00+05:30,255.0,260.0,253.5,258.5,236.3844757080078,39822529,0.0,0.0
2016-08-22 00:00:00+05:30,259.79998779296875,260.3999938964844,254.0,254.8000030517578,233.0010528564453,19769886,0.0,0.0
2016-08-23 00:00:00+05:30,254.89999389648438,255.8000030517578,251.0,254.75,232.955322265625,17583721,0.0,0.0
2016-08-24 00:00:00+05:30,254.9499969482422,256.20001220703125,253.5,254.39999389648438,232.63526916503906,11560293,0.0,0.0
2016-08-25 00:00:00+05:30,254.89999389648438,255.5500030517578,248.60000610351562,250.14999389648438,228.7488555908203,21230706,0.0,0.0
2016-08-26 00:00:00+05:30,250.3000030517578,250.6999969482422,245.85000610351562,246.60000610351562,225.50257873535156,16531983,0.0,0.0
2016-08-29 00:00:00+05:30,245.85000610351562,249.85000610351562,244.25,249.0500030517578,227.7429656982422,11786129,0.0,0.0
2016-08-30 00:00:00+05:30,250.14999389648438,252.89999389648438,249.8000030517578,252.25,230.669189453125,15323228,0.0,0.0
2016-08-31 00:00:00+05:30,253.25,255.8000030517578,251.1999969482422,252.5,230.8978271484375,15601566,0.0,0.0
2016-09-01 00:00:00+05:30,251.9499969482422,254.85000610351562,251.14999389648438,252.0,230.4405975341797,12175873,0.0,0.0
2016-09-02 00:00:00+05:30,252.0,255.1999969482422,251.64999389648438,254.60000610351562,232.8181610107422,11380257,0.0,0.0
2016-09-06 00:00:00+05:30,257.20001220703125,261.5,256.0,260.1000061035156,237.8476104736328,16620963,0.0,0.0
2016-09-07 00:00:00+05:30,262.8999938964844,270.29998779296875,260.3999938964844,266.79998779296875,243.9744110107422,30862337,0.0,0.0
2016-09-08 00:00:00+05:30,268.0,271.6000061035156,266.8999938964844,268.3500061035156,245.39178466796875,14339143,0.0,0.0
2016-09-09 00:00:00+05:30,268.3999938964844,268.3999938964844,263.3500061035156,264.1000061035156,241.50538635253906,11455826,0.0,0.0
2016-09-12 00:00:00+05:30,257.5,258.75,251.8000030517578,252.75,231.12643432617188,18989750,0.0,0.0
2016-09-14 00:00:00+05:30,255.0,258.0,253.0,257.54998779296875,235.51576232910156,12754966,0.0,0.0
2016-09-15 00:00:00+05:30,258.3500061035156,258.3500061035156,254.1999969482422,256.0,234.098388671875,7783662,0.0,0.0
2016-09-16 00:00:00+05:30,257.95001220703125,262.0,253.39999389648438,254.3000030517578,232.5438232421875,18013477,0.0,0.0
2016-09-19 00:00:00+05:30,256.0,258.29998779296875,255.1999969482422,255.64999389648438,233.77830505371094,11433295,0.0,0.0
2016-09-20 00:00:00+05:30,256.3999938964844,256.3999938964844,253.64999389648438,254.4499969482422,232.68099975585938,9914599,0.0,0.0
2016-09-21 00:00:00+05:30,254.5,256.25,250.64999389648438,251.14999389648438,229.66331481933594,12817180,0.0,0.0
2016-09-22 00:00:00+05:30,257.8999938964844,258.45001220703125,255.10000610351562,257.8999938964844,235.83584594726562,20797370,0.0,0.0
2016-09-23 00:00:00+05:30,258.79998779296875,258.79998779296875,253.8000030517578,254.5500030517578,232.77243041992188,12730223,0.0,0.0
2016-09-26 00:00:00+05:30,253.9499969482422,254.4499969482422,250.64999389648438,251.64999389648438,230.12054443359375,8800173,0.0,0.0
2016-09-27 00:00:00+05:30,253.14999389648438,253.89999389648438,248.3000030517578,249.0,227.69725036621094,11345387,0.0,0.0
2016-09-28 00:00:00+05:30,250.0,255.8000030517578,248.0500030517578,253.75,232.0408935546875,17277539,0.0,0.0
2016-09-29 00:00:00+05:30,255.0,256.75,243.5,247.25,226.0969696044922,27870695,0.0,0.0
2016-09-30 00:00:00+05:30,246.85000610351562,252.5,245.8000030517578,251.25,229.75474548339844,14826293,0.0,0.0
2016-10-03 00:00:00+05:30,253.0,256.6499938964844,252.64999389648438,255.3000030517578,233.45826721191406,9314647,0.0,0.0
2016-10-04 00:00:00+05:30,255.8000030517578,262.0,253.8000030517578,259.75,237.52757263183594,21532806,0.0,0.0
2016-10-05 00:00:00+05:30,262.0,264.8999938964844,259.54998779296875,260.8500061035156,238.533447265625,20868556,0.0,0.0
2016-10-06 00:00:00+05:30,261.3500061035156,262.0,255.64999389648438,256.79998779296875,234.82992553710938,11081154,0.0,0.0
2016-10-07 00:00:00+05:30,257.25,259.8999938964844,255.25,258.70001220703125,236.5673828125,11934100,0.0,0.0
2016-10-10 00:00:00+05:30,259.3500061035156,260.29998779296875,256.04998779296875,256.6000061035156,234.64706420898438,9399844,0.0,0.0
2016-10-13 00:00:00+05:30,254.9499969482422,255.35000610351562,245.85000610351562,249.64999389648438,228.29165649414062,18050638,0.0,0.0
2016-10-14 00:00:00+05:30,251.0,253.5500030517578,249.10000610351562,252.10000610351562,230.53204345703125,12133951,0.0,0.0
2016-10-17 00:00:00+05:30,253.75,256.45001220703125,252.0,253.1999969482422,231.5379180908203,16865537,0.0,0.0
2016-10-18 00:00:00+05:30,254.89999389648438,257.70001220703125,253.8000030517578,256.8999938964844,234.92137145996094,20218355,0.0,0.0
2016-10-19 00:00:00+05:30,258.0,258.0,254.85000610351562,255.39999389648438,233.54969787597656,9546481,0.0,0.0
2016-10-20 00:00:00+05:30,255.6999969482422,260.8999938964844,255.3000030517578,260.20001220703125,237.93905639648438,14179531,0.0,0.0
2016-10-21 00:00:00+05:30,259.75,259.75,256.1000061035156,258.5,236.3844757080078,8833390,0.0,0.0
2016-10-24 00:00:00+05:30,259.29998779296875,264.8999938964844,259.29998779296875,262.95001220703125,240.4538116455078,14483254,0.0,0.0
2016-10-25 00:00:00+05:30,264.0,264.54998779296875,260.75,261.45001220703125,239.08213806152344,9079178,0.0,0.0
2016-10-26 00:00:00+05:30,260.3999938964844,264.8500061035156,256.79998779296875,258.75,236.61309814453125,15020687,0.0,0.0
2016-10-27 00:00:00+05:30,258.0,258.1000061035156,254.3000030517578,255.39999389648438,233.54969787597656,10938008,0.0,0.0
2016-10-28 00:00:00+05:30,255.89999389648438,258.79998779296875,254.0,258.0,235.9272918701172,11430184,0.0,0.0
2016-11-01 00:00:00+05:30,257.0,260.8999938964844,256.5,258.95001220703125,236.79600524902344,10000632,0.0,0.0
2016-11-02 00:00:00+05:30,254.10000610351562,256.0,250.5500030517578,251.0500030517578,229.57186889648438,13716294,0.0,0.0
2016-11-03 00:00:00+05:30,251.14999389648438,252.8000030517578,244.85000610351562,245.64999389648438,224.63385009765625,12902390,0.0,0.0
2016-11-04 00:00:00+05:30,246.25,247.39999389648438,240.3000030517578,242.85000610351562,222.0734100341797,12657669,0.0,0.0
2016-11-07 00:00:00+05:30,248.0,253.89999389648438,245.5,252.6999969482422,231.08070373535156,11224419,0.0,0.0
2016-11-08 00:00:00+05:30,253.6999969482422,254.10000610351562,248.64999389648438,252.64999389648438,231.03497314453125,9367228,0.0,0.0
2016-11-09 00:00:00+05:30,235.0,261.04998779296875,235.0,260.0,237.7561798095703,31761606,0.0,0.0
2016-11-10 00:00:00+05:30,267.0,284.20001220703125,265.25,281.29998779296875,257.23388671875,50227559,0.0,0.0
2016-11-11 00:00:00+05:30,278.75,288.79998779296875,270.5,273.0,249.64398193359375,57937113,0.0,0.0
2016-11-15 00:00:00+05:30,275.1499938964844,283.45001220703125,270.70001220703125,278.20001220703125,254.3991241455078,48658808,0.0,0.0
2016-11-16 00:00:00+05:30,284.0,284.79998779296875,276.1499938964844,277.20001220703125,253.48468017578125,27532708,0.0,0.0
2016-11-17 00:00:00+05:30,278.0,282.20001220703125,275.6000061035156,277.45001220703125,253.71327209472656,19500760,0.0,0.0
2016-11-18 00:00:00+05:30,278.1499938964844,280.0,274.8500061035156,275.79998779296875,252.20440673828125,13389671,0.0,0.0
2016-11-21 00:00:00+05:30,277.1499938964844,277.6000061035156,255.85000610351562,257.3500061035156,235.3328857421875,26002028,0.0,0.0
2016-11-22 00:00:00+05:30,260.79998779296875,262.6499938964844,251.14999389648438,257.3500061035156,235.3328857421875,25631435,0.0,0.0
2016-11-23 00:00:00+05:30,259.79998779296875,260.3500061035156,254.75,258.6499938964844,236.5216522216797,16190033,0.0,0.0
2016-11-24 00:00:00+05:30,257.79998779296875,263.0,254.5500030517578,261.75,239.35646057128906,28927720,0.0,0.0
2016-11-25 00:00:00+05:30,263.5,264.5,258.3500061035156,260.95001220703125,238.6249237060547,19303589,0.0,0.0
2016-11-28 00:00:00+05:30,253.4499969482422,257.75,248.0,253.5500030517578,231.85797119140625,22315183,0.0,0.0
2016-11-29 00:00:00+05:30,254.25,256.5,252.0,252.6999969482422,231.08070373535156,12656706,0.0,0.0
2016-11-30 00:00:00+05:30,254.0,260.1499938964844,252.6999969482422,258.3500061035156,236.24732971191406,16501691,0.0,0.0
2016-12-01 00:00:00+05:30,259.6499938964844,261.0,254.64999389648438,255.64999389648438,233.77830505371094,12986151,0.0,0.0
2016-12-02 00:00:00+05:30,253.9499969482422,261.3999938964844,253.0,254.10000610351562,232.3609161376953,21139754,0.0,0.0
2016-12-05 00:00:00+05:30,254.39999389648438,257.79998779296875,253.1999969482422,256.8999938964844,234.92137145996094,8406973,0.0,0.0
2016-12-06 00:00:00+05:30,258.5,260.1499938964844,256.3500061035156,259.1000061035156,236.93316650390625,10048459,0.0,0.0
2016-12-07 00:00:00+05:30,260.3500061035156,262.75,251.64999389648438,255.60000610351562,233.7326202392578,22193202,0.0,0.0
2016-12-08 00:00:00+05:30,258.45001220703125,260.5,258.04998779296875,259.8999938964844,237.66473388671875,9047721,0.0,0.0
2016-12-09 00:00:00+05:30,260.79998779296875,267.20001220703125,258.79998779296875,266.6499938964844,243.8372344970703,16004173,0.0,0.0
2016-12-12 00:00:00+05:30,268.8999938964844,269.3500061035156,262.29998779296875,263.6499938964844,241.09388732910156,14296268,0.0,0.0
2016-12-13 00:00:00+05:30,264.8999938964844,266.75,261.54998779296875,266.1499938964844,243.3800048828125,9084137,0.0,0.0
2016-12-14 00:00:00+05:30,266.0,266.25,262.29998779296875,262.8999938964844,240.40805053710938,8672531,0.0,0.0
2016-12-15 00:00:00+05:30,259.8999938964844,267.5,259.0,265.3999938964844,242.69418334960938,12274497,0.0,0.0
2016-12-16 00:00:00+05:30,266.3500061035156,266.3500061035156,263.04998779296875,264.75,242.09979248046875,11017555,0.0,0.0
2016-12-19 00:00:00+05:30,263.3500061035156,264.5,260.8500061035156,261.3500061035156,238.9906768798828,8371299,0.0,0.0
2016-12-20 00:00:00+05:30,261.8500061035156,262.8999938964844,253.25,254.5500030517578,232.77243041992188,12765309,0.0,0.0
2016-12-21 00:00:00+05:30,256.1000061035156,258.0,254.10000610351562,255.35000610351562,233.50401306152344,8778450,0.0,0.0
2016-12-22 00:00:00+05:30,254.25,254.25,248.35000610351562,249.8000030517578,228.42881774902344,12981595,0.0,0.0
2016-12-23 00:00:00+05:30,249.75,251.8000030517578,247.8000030517578,249.14999389648438,227.83441162109375,10557157,0.0,0.0
2016-12-26 00:00:00+05:30,248.0,248.3000030517578,243.60000610351562,244.1999969482422,223.30792236328125,8592983,0.0,0.0
2016-12-27 00:00:00+05:30,244.60000610351562,249.9499969482422,243.10000610351562,248.75,227.46864318847656,8756536,0.0,0.0
2016-12-28 00:00:00+05:30,249.25,252.5,247.14999389648438,247.75,226.55419921875,11747088,0.0,0.0
2016-12-29 00:00:00+05:30,247.64999389648438,248.85000610351562,245.5,247.64999389648438,226.46275329589844,10658616,0.0,0.0
2016-12-30 00:00:00+05:30,247.75,252.3000030517578,247.25,250.1999969482422,228.79458618164062,10538497,0.0,0.0
2017-01-02 00:00:00+05:30,252.5,253.64999389648438,242.60000610351562,243.60000610351562,222.75924682617188,25988990,0.0,0.0
2017-01-03 00:00:00+05:30,244.0,246.39999389648438,241.10000610351562,244.89999389648438,223.947998046875,15963085,0.0,0.0
2017-01-04 00:00:00+05:30,245.8000030517578,246.39999389648438,242.1999969482422,242.89999389648438,222.11911010742188,11225978,0.0,0.0
2017-01-05 00:00:00+05:30,245.0,245.89999389648438,243.6999969482422,245.35000610351562,224.35952758789062,11970913,0.0,0.0
2017-01-06 00:00:00+05:30,246.0,249.0,245.5,245.89999389648438,224.8624725341797,12354302,0.0,0.0
2017-01-09 00:00:00+05:30,246.39999389648438,248.35000610351562,246.0,247.0500030517578,225.91407775878906,8329253,0.0,0.0
2017-01-10 00:00:00+05:30,247.6999969482422,249.0,246.39999389648438,248.3000030517578,227.05714416503906,9352013,0.0,0.0
2017-01-11 00:00:00+05:30,249.64999389648438,253.1999969482422,249.0,252.14999389648438,230.57774353027344,13415303,0.0,0.0
2017-01-12 00:00:00+05:30,252.89999389648438,254.4499969482422,250.5500030517578,251.25,229.75474548339844,11282323,0.0,0.0
2017-01-13 00:00:00+05:30,252.0,252.60000610351562,249.10000610351562,250.89999389648438,229.4346923828125,9333736,0.0,0.0
2017-01-16 00:00:00+05:30,251.0500030517578,256.3999938964844,250.6999969482422,255.75,233.86978149414062,13234727,0.0,0.0
2017-01-17 00:00:00+05:30,257.45001220703125,258.6499938964844,254.39999389648438,256.0,234.098388671875,9480201,0.0,0.0
2017-01-18 00:00:00+05:30,257.1000061035156,259.29998779296875,256.6000061035156,258.3500061035156,236.24732971191406,8048897,0.0,0.0
2017-01-19 00:00:00+05:30,257.20001220703125,262.0,256.5,258.3999938964844,236.29306030273438,13029151,0.0,0.0
2017-01-20 00:00:00+05:30,258.5,260.5,250.3000030517578,251.0500030517578,229.57186889648438,15341756,0.0,0.0
2017-01-23 00:00:00+05:30,251.0,255.1999969482422,250.10000610351562,254.14999389648438,232.40664672851562,9339939,0.0,0.0
2017-01-24 00:00:00+05:30,255.10000610351562,257.0,254.0,254.89999389648438,233.0924835205078,13540202,0.0,0.0
2017-01-25 00:00:00+05:30,255.5500030517578,261.0,254.1999969482422,259.20001220703125,237.0246124267578,16343545,0.0,0.0
2017-01-27 00:00:00+05:30,260.29998779296875,268.20001220703125,259.5,266.45001220703125,243.65435791015625,18039379,0.0,0.0
2017-01-30 00:00:00+05:30,265.8500061035156,267.8999938964844,263.3999938964844,263.95001220703125,241.3682403564453,11884795,0.0,0.0
2017-01-31 00:00:00+05:30,261.1499938964844,263.8500061035156,259.6499938964844,260.3500061035156,238.07623291015625,8899165,0.0,0.0
2017-02-01 00:00:00+05:30,262.0,271.8999938964844,261.6000061035156,270.70001220703125,247.540771484375,27253142,0.0,0.0
2017-02-02 00:00:00+05:30,271.8500061035156,275.0,268.70001220703125,273.29998779296875,249.9182891845703,20139955,0.0,0.0
2017-02-03 00:00:00+05:30,273.0,278.54998779296875,272.0,277.54998779296875,253.8046875,15366890,0.0,0.0
2017-02-06 00:00:00+05:30,280.0,282.5,276.0,277.04998779296875,253.34747314453125,14725291,0.0,0.0
2017-02-07 00:00:00+05:30,277.8500061035156,280.0,276.29998779296875,277.8999938964844,254.124755859375,10981984,0.0,0.0
2017-02-08 00:00:00+05:30,278.1000061035156,279.25,272.6000061035156,277.20001220703125,253.48468017578125,13622088,0.0,0.0
2017-02-09 00:00:00+05:30,278.79998779296875,280.29998779296875,270.8500061035156,275.8500061035156,252.25015258789062,16080181,0.0,0.0
2017-02-10 00:00:00+05:30,278.75,282.79998779296875,275.0,276.3500061035156,252.7073974609375,37580487,0.0,0.0
2017-02-13 00:00:00+05:30,277.79998779296875,278.25,270.20001220703125,271.6499938964844,248.4094696044922,19853043,0.0,0.0
2017-02-14 00:00:00+05:30,272.0,273.0,268.1000061035156,270.20001220703125,247.08355712890625,13306738,0.0,0.0
2017-02-15 00:00:00+05:30,270.95001220703125,272.5,267.04998779296875,268.95001220703125,245.94049072265625,12201568,0.0,0.0
2017-02-16 00:00:00+05:30,277.0,277.0,269.6499938964844,270.5,247.3578643798828,21794688,0.0,0.0
2017-02-17 00:00:00+05:30,271.1499938964844,273.6499938964844,267.70001220703125,269.3500061035156,246.3062744140625,17830528,0.0,0.0
2017-02-20 00:00:00+05:30,269.8999938964844,271.54998779296875,268.0,269.6499938964844,246.58055114746094,9229363,0.0,0.0
2017-02-21 00:00:00+05:30,270.0,271.5,268.6499938964844,270.70001220703125,247.540771484375,7754157,0.0,0.0
2017-02-22 00:00:00+05:30,271.8999938964844,274.70001220703125,269.5,272.29998779296875,249.00384521484375,12617613,0.0,0.0
2017-02-23 00:00:00+05:30,271.70001220703125,273.0,269.6000061035156,270.45001220703125,247.31216430664062,13146194,0.0,0.0
2017-02-27 00:00:00+05:30,270.79998779296875,271.45001220703125,267.6000061035156,268.25,245.30035400390625,9645350,0.0,0.0
2017-02-28 00:00:00+05:30,268.8999938964844,271.25,268.0,269.20001220703125,246.16908264160156,7941592,0.0,0.0
2017-03-01 00:00:00+05:30,270.0,273.29998779296875,269.79998779296875,271.75,248.50096130371094,7656892,0.0,0.0
2017-03-02 00:00:00+05:30,273.0,274.70001220703125,266.5,267.29998779296875,244.43162536621094,14220808,0.0,0.0
2017-03-03 00:00:00+05:30,266.25,268.8999938964844,264.25,265.04998779296875,242.3740997314453,10120034,0.0,0.0
2017-03-06 00:00:00+05:30,266.6000061035156,270.3500061035156,266.3500061035156,269.8500061035156,246.76345825195312,9515073,0.0,0.0
2017-03-07 00:00:00+05:30,270.79998779296875,270.8999938964844,266.3999938964844,267.79998779296875,244.88885498046875,11599142,0.0,0.0
2017-03-08 00:00:00+05:30,267.79998779296875,270.29998779296875,266.0,269.8999938964844,246.80918884277344,9122987,0.0,0.0
2017-03-09 00:00:00+05:30,269.0,273.8999938964844,268.3999938964844,273.25,249.87257385253906,15594429,0.0,0.0
2017-03-10 00:00:00+05:30,274.5,275.54998779296875,269.5,272.04998779296875,248.7752227783203,9557026,0.0,0.0
2017-03-14 00:00:00+05:30,278.3999938964844,278.3999938964844,273.79998779296875,274.6499938964844,251.15281677246094,15734886,0.0,0.0
2017-03-15 00:00:00+05:30,272.6499938964844,280.5,272.6499938964844,277.3500061035156,253.62184143066406,20055974,0.0,0.0
2017-03-16 00:00:00+05:30,278.0,280.20001220703125,276.04998779296875,279.29998779296875,255.40496826171875,18005184,0.0,0.0
2017-03-17 00:00:00+05:30,279.45001220703125,279.5,273.5,274.1499938964844,250.69558715820312,14265642,0.0,0.0
2017-03-20 00:00:00+05:30,274.75,274.75,271.79998779296875,273.8999938964844,250.4669952392578,9678185,0.0,0.0
2017-03-21 00:00:00+05:30,274.3999938964844,277.04998779296875,270.1499938964844,272.3500061035156,249.049560546875,11898233,0.0,0.0
2017-03-22 00:00:00+05:30,270.29998779296875,271.0,266.79998779296875,267.5,244.614501953125,9887203,0.0,0.0
2017-03-23 00:00:00+05:30,269.0,269.3999938964844,266.70001220703125,268.5,245.52894592285156,7998170,0.0,0.0
2017-03-24 00:00:00+05:30,269.5,278.95001220703125,268.6499938964844,276.5,252.8445587158203,20133467,0.0,0.0
2017-03-27 00:00:00+05:30,276.0,280.79998779296875,275.20001220703125,279.45001220703125,255.5421600341797,15966114,0.0,0.0
2017-03-28 00:00:00+05:30,280.6499938964844,282.8999938964844,278.5,282.1000061035156,257.9654541015625,18673371,0.0,0.0
2017-03-29 00:00:00+05:30,283.1499938964844,289.8999938964844,283.1499938964844,288.45001220703125,263.7721862792969,31008407,0.0,0.0
2017-03-30 00:00:00+05:30,289.0,293.75,288.8500061035156,291.04998779296875,266.14971923828125,19683170,0.0,0.0
2017-03-31 00:00:00+05:30,292.0,295.0,288.5,293.3999938964844,268.2986755371094,20185269,0.0,0.0
2017-04-03 00:00:00+05:30,294.79998779296875,295.70001220703125,292.20001220703125,293.1499938964844,268.070068359375,10509610,0.0,0.0
2017-04-05 00:00:00+05:30,293.29998779296875,298.75,289.6499938964844,297.3500061035156,271.9107666015625,21936647,0.0,0.0
2017-04-06 00:00:00+05:30,295.45001220703125,297.54998779296875,291.45001220703125,292.8500061035156,267.7957763671875,18413111,0.0,0.0
2017-04-07 00:00:00+05:30,291.70001220703125,294.79998779296875,287.6499938964844,289.45001220703125,264.6866455078125,10765502,0.0,0.0
2017-04-10 00:00:00+05:30,289.79998779296875,290.3500061035156,286.54998779296875,289.3500061035156,264.5951843261719,10307875,0.0,0.0
2017-04-11 00:00:00+05:30,289.29998779296875,295.1499938964844,288.79998779296875,294.5,269.3045654296875,11682024,0.0,0.0
2017-04-12 00:00:00+05:30,294.0,295.45001220703125,289.1000061035156,290.1499938964844,265.3267517089844,13251421,0.0,0.0
2017-04-13 00:00:00+05:30,290.25,293.1000061035156,290.0,291.54998779296875,266.60693359375,9944020,0.0,0.0
2017-04-17 00:00:00+05:30,291.1000061035156,292.75,288.5,289.8999938964844,265.09814453125,8146800,0.0,0.0
2017-04-18 00:00:00+05:30,291.04998779296875,296.8999938964844,288.3999938964844,290.29998779296875,265.4638977050781,13457050,0.0,0.0
2017-04-19 00:00:00+05:30,291.54998779296875,291.75,282.8999938964844,284.04998779296875,259.7485656738281,18149995,0.0,0.0
2017-04-20 00:00:00+05:30,283.8999938964844,286.8999938964844,282.20001220703125,284.79998779296875,260.4344482421875,14514929,0.0,0.0
2017-04-21 00:00:00+05:30,287.0,287.0,279.25,282.20001220703125,258.056884765625,12042308,0.0,0.0
2017-04-24 00:00:00+05:30,283.25,287.8500061035156,280.8999938964844,286.04998779296875,261.5774841308594,10077853,0.0,0.0
2017-04-25 00:00:00+05:30,287.5,288.79998779296875,285.0,286.04998779296875,261.5774841308594,11531902,0.0,0.0
2017-04-26 00:00:00+05:30,287.1000061035156,289.5,283.3500061035156,286.45001220703125,261.9433288574219,13836891,0.0,0.0
2017-04-27 00:00:00+05:30,286.45001220703125,287.95001220703125,281.04998779296875,282.04998779296875,257.9197082519531,22622372,0.0,0.0
2017-04-28 00:00:00+05:30,283.0,290.75,282.5,289.75,264.9609375,14152004,0.0,0.0
2017-05-02 00:00:00+05:30,290.25,292.5,287.1000061035156,288.29998779296875,263.635009765625,9754789,0.0,0.0
2017-05-03 00:00:00+05:30,289.3999938964844,293.20001220703125,285.79998779296875,289.79998779296875,265.0066833496094,13950914,0.0,0.0
2017-05-04 00:00:00+05:30,294.0,300.0,293.1000061035156,299.04998779296875,273.46527099609375,24534923,0.0,0.0
2017-05-05 00:00:00+05:30,301.0,304.8999938964844,292.1499938964844,296.0,270.6762390136719,34756331,0.0,0.0
2017-05-08 00:00:00+05:30,296.1000061035156,300.75,293.8999938964844,299.3999938964844,273.7853698730469,11560550,0.0,0.0
2017-05-09 00:00:00+05:30,300.8999938964844,300.8999938964844,295.25,296.5,271.13348388671875,7843574,0.0,0.0
2017-05-10 00:00:00+05:30,297.0,298.1499938964844,293.0,294.45001220703125,269.25885009765625,8699405,0.0,0.0
2017-05-11 00:00:00+05:30,295.8999938964844,299.3999938964844,294.45001220703125,298.1000061035156,272.59661865234375,11934889,0.0,0.0
2017-05-12 00:00:00+05:30,300.0,302.6000061035156,296.0,297.8999938964844,272.4136657714844,13376269,0.0,0.0
2017-05-15 00:00:00+05:30,298.3999938964844,302.0,297.5,301.3999938964844,275.6142578125,10383539,0.0,0.0
2017-05-16 00:00:00+05:30,302.0,308.3999938964844,299.3500061035156,307.5,281.1924133300781,17533439,0.0,0.0
2017-05-17 00:00:00+05:30,308.0,308.79998779296875,305.5,307.6499938964844,281.32952880859375,14120513,0.0,0.0
2017-05-18 00:00:00+05:30,304.8500061035156,307.8999938964844,302.0,302.95001220703125,277.0317077636719,15471393,0.0,0.0
2017-05-19 00:00:00+05:30,304.45001220703125,315.29998779296875,302.0,308.0,281.6496276855469,55250969,0.0,0.0
2017-05-22 00:00:00+05:30,308.95001220703125,309.3999938964844,293.20001220703125,294.29998779296875,269.1216735839844,35771221,0.0,0.0
2017-05-23 00:00:00+05:30,295.0,295.8999938964844,287.25,288.8500061035156,264.137939453125,19846852,0.0,0.0
2017-05-24 00:00:00+05:30,290.04998779296875,290.45001220703125,281.6499938964844,283.1499938964844,258.92559814453125,16435958,0.0,0.0
2017-05-25 00:00:00+05:30,284.1499938964844,291.3500061035156,283.54998779296875,290.1000061035156,265.2810363769531,15018467,0.0,0.0
2017-05-26 00:00:00+05:30,290.5,291.0,285.29998779296875,288.45001220703125,266.1576232910156,12304394,2.6,0.0
2017-05-29 00:00:00+05:30,288.8999938964844,290.8500061035156,283.29998779296875,284.0,262.051513671875,10619968,0.0,0.0
2017-05-30 00:00:00+05:30,283.3999938964844,289.75,281.04998779296875,288.8500061035156,266.52667236328125,9643418,0.0,0.0
2017-05-31 00:00:00+05:30,289.0,291.5,287.20001220703125,288.29998779296875,266.0191955566406,10697171,0.0,0.0
2017-06-01 00:00:00+05:30,287.95001220703125,291.3999938964844,284.6000061035156,287.45001220703125,265.2348937988281,12186700,0.0,0.0
2017-06-02 00:00:00+05:30,289.8999938964844,290.5,286.3500061035156,287.04998779296875,264.86578369140625,12004368,0.0,0.0
2017-06-05 00:00:00+05:30,288.04998779296875,289.75,286.75,287.25,265.05035400390625,7917410,0.0,0.0
2017-06-06 00:00:00+05:30,292.0,292.95001220703125,286.6000061035156,287.29998779296875,265.09649658203125,12346121,0.0,0.0
2017-06-07 00:00:00+05:30,288.20001220703125,291.5,287.20001220703125,290.54998779296875,268.09527587890625,10864355,0.0,0.0
2017-06-08 00:00:00+05:30,292.0,292.0,287.75,288.6000061035156,266.2959899902344,8370299,0.0,0.0
2017-06-09 00:00:00+05:30,288.29998779296875,289.3999938964844,285.79998779296875,288.54998779296875,266.2498474121094,10804887,0.0,0.0
2017-06-12 00:00:00+05:30,286.75,287.0,284.29998779296875,284.95001220703125,262.9281311035156,10326846,0.0,0.0
2017-06-13 00:00:00+05:30,285.3999938964844,287.0,283.0,283.8500061035156,261.9131164550781,9171049,0.0,0.0
2017-06-14 00:00:00+05:30,285.8999938964844,286.29998779296875,282.6000061035156,284.20001220703125,262.236083984375,11566255,0.0,0.0
2017-06-15 00:00:00+05:30,283.8500061035156,285.79998779296875,281.3500061035156,284.0,262.051513671875,11925641,0.0,0.0
2017-06-16 00:00:00+05:30,284.70001220703125,286.6499938964844,283.25,285.95001220703125,263.8507995605469,19246907,0.0,0.0
2017-06-19 00:00:00+05:30,286.6000061035156,289.8500061035156,285.29998779296875,288.8500061035156,266.52667236328125,14848661,0.0,0.0
2017-06-20 00:00:00+05:30,287.6000061035156,291.0,285.6000061035156,290.1000061035156,267.68011474609375,14927701,0.0,0.0
2017-06-21 00:00:00+05:30,288.25,292.45001220703125,288.25,290.8999938964844,268.41827392578125,10537576,0.0,0.0
2017-06-22 00:00:00+05:30,291.25,295.8999938964844,291.04998779296875,294.5,271.7400207519531,26110402,0.0,0.0
2017-06-23 00:00:00+05:30,294.75,295.54998779296875,287.79998779296875,288.95001220703125,266.61895751953125,20648597,0.0,0.0
2017-06-27 00:00:00+05:30,289.25,289.45001220703125,276.79998779296875,279.6499938964844,258.0377197265625,25523129,0.0,0.0
2017-06-28 00:00:00+05:30,277.6000061035156,278.45001220703125,273.75,276.3999938964844,255.03884887695312,17241351,0.0,0.0
2017-06-29 00:00:00+05:30,277.1499938964844,279.29998779296875,271.6499938964844,272.45001220703125,251.3941650390625,30457363,0.0,0.0
2017-06-30 00:00:00+05:30,272.0,274.75,269.70001220703125,273.6499938964844,252.50140380859375,12235472,0.0,0.0
2017-07-03 00:00:00+05:30,274.1000061035156,275.5,272.54998779296875,274.8500061035156,253.60867309570312,8951033,0.0,0.0
2017-07-04 00:00:00+05:30,275.0,276.45001220703125,272.04998779296875,273.0,251.90164184570312,7856082,0.0,0.0
2017-07-05 00:00:00+05:30,273.8999938964844,275.6000061035156,272.3500061035156,274.8999938964844,253.65476989746094,10048734,0.0,0.0
2017-07-06 00:00:00+05:30,275.04998779296875,282.70001220703125,274.6000061035156,281.0,259.2833557128906,16115817,0.0,0.0
2017-07-07 00:00:00+05:30,280.6000061035156,282.3999938964844,279.20001220703125,280.1000061035156,258.4529113769531,5914038,0.0,0.0
2017-07-10 00:00:00+05:30,284.1000061035156,287.0,283.20001220703125,285.54998779296875,263.4817199707031,2095795,0.0,0.0
2017-07-11 00:00:00+05:30,287.5,289.70001220703125,283.0,283.54998779296875,261.63629150390625,12400820,0.0,0.0
2017-07-12 00:00:00+05:30,284.70001220703125,288.3999938964844,283.20001220703125,287.6499938964844,265.4194030761719,7524835,0.0,0.0
2017-07-13 00:00:00+05:30,288.8999938964844,290.0,286.54998779296875,288.75,266.4344177246094,8434324,0.0,0.0
2017-07-14 00:00:00+05:30,288.79998779296875,293.6000061035156,287.25,291.6000061035156,269.0641784667969,13750192,0.0,0.0
2017-07-17 00:00:00+05:30,292.79998779296875,294.1000061035156,289.6499938964844,293.0,270.3559875488281,10549310,0.0,0.0
2017-07-18 00:00:00+05:30,291.8500061035156,296.3999938964844,290.0,291.0,268.51055908203125,11913832,0.0,0.0
2017-07-19 00:00:00+05:30,291.5,294.0,291.3999938964844,293.29998779296875,270.6327819824219,9006728,0.0,0.0
2017-07-20 00:00:00+05:30,293.0,294.25,290.04998779296875,290.95001220703125,268.46441650390625,6256500,0.0,0.0
2017-07-21 00:00:00+05:30,291.04998779296875,292.20001220703125,288.25,290.6499938964844,268.18756103515625,7266604,0.0,0.0
2017-07-24 00:00:00+05:30,290.79998779296875,296.29998779296875,290.70001220703125,294.54998779296875,271.7861633300781,11195781,0.0,0.0
2017-07-25 00:00:00+05:30,296.0,297.29998779296875,294.6499938964844,296.1000061035156,273.21636962890625,10846999,0.0,0.0
2017-07-26 00:00:00+05:30,296.25,299.6499938964844,295.25,295.79998779296875,272.9395751953125,12527914,0.0,0.0
2017-07-27 00:00:00+05:30,297.0,299.8500061035156,296.20001220703125,298.3500061035156,275.2925109863281,22286060,0.0,0.0
2017-07-28 00:00:00+05:30,297.0,300.75,295.6000061035156,299.1000061035156,275.9845275878906,15766196,0.0,0.0
2017-07-31 00:00:00+05:30,299.3999938964844,313.8500061035156,298.0,312.5,288.34893798828125,41547584,0.0,0.0
2017-08-01 00:00:00+05:30,314.0,314.79998779296875,307.95001220703125,309.0,285.11944580078125,14888804,0.0,0.0
2017-08-02 00:00:00+05:30,310.0,311.79998779296875,305.29998779296875,307.70001220703125,283.919921875,17005571,0.0,0.0
2017-08-03 00:00:00+05:30,307.0,307.3999938964844,299.1000061035156,300.54998779296875,277.3224792480469,14459919,0.0,0.0
2017-08-04 00:00:00+05:30,300.29998779296875,306.29998779296875,297.6000061035156,305.25,281.6592102050781,9615344,0.0,0.0
2017-08-07 00:00:00+05:30,305.79998779296875,311.79998779296875,305.1499938964844,311.20001220703125,287.1494445800781,11420767,0.0,0.0
2017-08-08 00:00:00+05:30,311.0,311.79998779296875,301.20001220703125,303.6499938964844,280.182861328125,13578680,0.0,0.0
2017-08-09 00:00:00+05:30,302.75,307.45001220703125,300.1000061035156,302.29998779296875,278.937255859375,15852734,0.0,0.0
2017-08-10 00:00:00+05:30,301.20001220703125,302.3999938964844,292.0,296.70001220703125,273.7700500488281,14519518,0.0,0.0
2017-08-11 00:00:00+05:30,294.5,303.0,277.45001220703125,280.1499938964844,258.4990539550781,67652562,0.0,0.0
2017-08-14 00:00:00+05:30,281.45001220703125,282.3999938964844,276.5,278.20001220703125,256.6997985839844,23773509,0.0,0.0
2017-08-16 00:00:00+05:30,279.04998779296875,283.8999938964844,274.20001220703125,283.1000061035156,261.2210998535156,21074533,0.0,0.0
2017-08-17 00:00:00+05:30,283.79998779296875,284.70001220703125,280.0,280.8500061035156,259.14495849609375,12134114,0.0,0.0
2017-08-18 00:00:00+05:30,278.0,279.6499938964844,276.0,278.70001220703125,257.1611022949219,12653217,0.0,0.0
2017-08-21 00:00:00+05:30,279.0,280.6499938964844,273.3500061035156,274.6499938964844,253.4241180419922,9247153,0.0,0.0
2017-08-22 00:00:00+05:30,276.0,277.0,271.20001220703125,273.8999938964844,252.73208618164062,11814388,0.0,0.0
2017-08-23 00:00:00+05:30,274.75,279.70001220703125,274.20001220703125,279.0,257.4379577636719,11317821,0.0,0.0
2017-08-24 00:00:00+05:30,279.70001220703125,281.45001220703125,277.5,280.29998779296875,258.637451171875,14138226,0.0,0.0
2017-08-28 00:00:00+05:30,282.1000061035156,282.1000061035156,279.0,279.3500061035156,257.7608947753906,10505317,0.0,0.0
2017-08-29 00:00:00+05:30,278.45001220703125,280.8500061035156,276.04998779296875,277.0,255.59251403808594,10335964,0.0,0.0
2017-08-30 00:00:00+05:30,278.0,279.25,276.0,276.6000061035156,255.22340393066406,7648702,0.0,0.0
2017-08-31 00:00:00+05:30,276.8500061035156,279.5,274.20001220703125,277.75,256.2845153808594,14222467,0.0,0.0
2017-09-01 00:00:00+05:30,277.6499938964844,280.3999938964844,276.6000061035156,277.8500061035156,256.3768005371094,8255209,0.0,0.0
2017-09-04 00:00:00+05:30,278.95001220703125,279.6000061035156,276.3999938964844,277.75,256.2845153808594,7168751,0.0,0.0
2017-09-05 00:00:00+05:30,278.1000061035156,279.5,275.95001220703125,276.54998779296875,255.17727661132812,9565430,0.0,0.0
2017-09-06 00:00:00+05:30,275.95001220703125,276.6499938964844,273.6499938964844,274.25,253.05503845214844,7306781,0.0,0.0
2017-09-07 00:00:00+05:30,275.3999938964844,276.8999938964844,273.1000061035156,274.20001220703125,253.0089111328125,16102724,0.0,0.0
2017-09-08 00:00:00+05:30,274.8999938964844,275.3999938964844,271.1000061035156,271.79998779296875,250.79434204101562,7077895,0.0,0.0
2017-09-11 00:00:00+05:30,272.6000061035156,273.5,269.54998779296875,270.95001220703125,250.0100555419922,14489224,0.0,0.0
2017-09-12 00:00:00+05:30,272.0,275.6499938964844,270.5,273.45001220703125,252.31687927246094,8375133,0.0,0.0
2017-09-13 00:00:00+05:30,274.95001220703125,276.6000061035156,272.5,273.3999938964844,252.270751953125,10150073,0.0,0.0
2017-09-14 00:00:00+05:30,273.3999938964844,275.6000061035156,272.29998779296875,274.20001220703125,253.0089111328125,8015217,0.0,0.0
2017-09-15 00:00:00+05:30,270.75,274.5,269.8999938964844,271.5,250.5175323486328,18404860,0.0,0.0
2017-09-18 00:00:00+05:30,273.0,274.0,269.45001220703125,270.3999938964844,249.5025634765625,17538678,0.0,0.0
2017-09-19 00:00:00+05:30,270.45001220703125,270.79998779296875,266.45001220703125,267.79998779296875,247.10350036621094,14331316,0.0,0.0
2017-09-20 00:00:00+05:30,268.1499938964844,272.04998779296875,267.45001220703125,270.04998779296875,249.17959594726562,12355806,0.0,0.0
2017-09-21 00:00:00+05:30,269.75,271.3999938964844,267.3500061035156,268.5,247.74940490722656,8509419,0.0,0.0
2017-09-22 00:00:00+05:30,267.25,267.3999938964844,261.1000061035156,261.8500061035156,241.6133270263672,12860892,0.0,0.0
2017-09-25 00:00:00+05:30,261.5,261.79998779296875,254.39999389648438,258.75,238.75291442871094,13937050,0.0,0.0
2017-09-26 00:00:00+05:30,258.5,259.6499938964844,256.0,258.25,238.29156494140625,11728345,0.0,0.0
2017-09-27 00:00:00+05:30,259.8999938964844,259.8999938964844,249.5,250.39999389648438,231.0482177734375,17080769,0.0,0.0
2017-09-28 00:00:00+05:30,250.25,253.5500030517578,249.5,252.5500030517578,233.03208923339844,17776419,0.0,0.0
2017-09-29 00:00:00+05:30,254.6999969482422,255.5,253.0500030517578,253.85000610351562,234.2316131591797,10073641,0.0,0.0
2017-10-03 00:00:00+05:30,256.3999938964844,256.3999938964844,250.60000610351562,251.3000030517578,231.87869262695312,10547836,0.0,0.0
2017-10-04 00:00:00+05:30,251.64999389648438,254.64999389648438,251.35000610351562,253.1999969482422,233.6318359375,14063896,0.0,0.0
2017-10-05 00:00:00+05:30,253.6999969482422,254.10000610351562,249.1999969482422,251.60000610351562,232.15550231933594,13476692,0.0,0.0
2017-10-06 00:00:00+05:30,252.14999389648438,257.8999938964844,252.10000610351562,256.75,236.90748596191406,11932139,0.0,0.0
2017-10-09 00:00:00+05:30,256.79998779296875,258.6000061035156,254.25,256.8500061035156,236.999755859375,8009211,0.0,0.0
2017-10-10 00:00:00+05:30,256.8500061035156,258.20001220703125,255.6999969482422,256.95001220703125,237.092041015625,9742878,0.0,0.0
2017-10-11 00:00:00+05:30,257.1499938964844,258.45001220703125,250.4499969482422,251.75,232.2938995361328,14192548,0.0,0.0
2017-10-12 00:00:00+05:30,252.0,252.9499969482422,248.5,251.1999969482422,231.7864227294922,13404759,0.0,0.0
2017-10-13 00:00:00+05:30,251.10000610351562,255.35000610351562,250.1999969482422,252.10000610351562,232.61685180664062,15697555,0.0,0.0
2017-10-16 00:00:00+05:30,254.60000610351562,254.6999969482422,250.10000610351562,252.0500030517578,232.5707244873047,12171830,0.0,0.0
2017-10-17 00:00:00+05:30,252.0500030517578,254.6999969482422,250.64999389648438,251.14999389648438,231.7402801513672,13505216,0.0,0.0
2017-10-18 00:00:00+05:30,246.0,247.8000030517578,242.5500030517578,243.75,224.91217041015625,20677891,0.0,0.0
2017-10-19 00:00:00+05:30,243.8000030517578,245.25,241.14999389648438,242.75,223.98947143554688,3458869,0.0,0.0
2017-10-23 00:00:00+05:30,244.0,247.0,242.3000030517578,245.9499969482422,226.94215393066406,8901335,0.0,0.0
2017-10-24 00:00:00+05:30,246.0,255.3000030517578,245.9499969482422,254.4499969482422,234.78524780273438,17197805,0.0,0.0
2017-10-25 00:00:00+05:30,279.8500061035156,328.04998779296875,279.8500061035156,324.8999938964844,299.7906188964844,262677081,0.0,0.0
2017-10-26 00:00:00+05:30,330.0,351.29998779296875,317.5,320.5,295.7306823730469,112804243,0.0,0.0
2017-10-27 00:00:00+05:30,320.25,323.6000061035156,310.1000061035156,311.04998779296875,287.0109558105469,27580765,0.0,0.0
2017-10-30 00:00:00+05:30,312.0,322.3500061035156,310.6000061035156,312.0,287.8875732421875,28530254,0.0,0.0
2017-10-31 00:00:00+05:30,313.0,313.8500061035156,304.29998779296875,305.79998779296875,282.166748046875,16455750,0.0,0.0
2017-11-01 00:00:00+05:30,309.3999938964844,321.45001220703125,309.3999938964844,319.8500061035156,295.13092041015625,34907283,0.0,0.0
2017-11-02 00:00:00+05:30,320.0,323.1499938964844,313.54998779296875,314.3500061035156,290.05596923828125,23110527,0.0,0.0
2017-11-03 00:00:00+05:30,315.45001220703125,327.5,312.6000061035156,325.0,299.8829040527344,26898400,0.0,0.0
2017-11-06 00:00:00+05:30,323.6000061035156,330.0,321.45001220703125,329.0,303.57379150390625,17143407,0.0,0.0
2017-11-07 00:00:00+05:30,328.95001220703125,331.70001220703125,315.5,317.20001220703125,292.6856994628906,21883541,0.0,0.0
2017-11-08 00:00:00+05:30,318.0,319.29998779296875,306.6499938964844,309.54998779296875,285.6269226074219,20242447,0.0,0.0
2017-11-09 00:00:00+05:30,313.1499938964844,318.0,308.20001220703125,313.70001220703125,289.4561767578125,21846178,0.0,0.0
2017-11-10 00:00:00+05:30,315.0,338.5,309.5,333.54998779296875,307.7720947265625,82984969,0.0,0.0
2017-11-13 00:00:00+05:30,336.75,344.79998779296875,329.75,331.04998779296875,305.46533203125,38777555,0.0,0.0
2017-11-14 00:00:00+05:30,330.3500061035156,334.70001220703125,327.5,329.1000061035156,303.6660461425781,25647162,0.0,0.0
2017-11-15 00:00:00+05:30,328.0,331.1499938964844,322.25,324.95001220703125,299.8367614746094,17389606,0.0,0.0
2017-11-16 00:00:00+05:30,327.3999938964844,334.20001220703125,323.6499938964844,333.3999938964844,307.63372802734375,22506014,0.0,0.0
2017-11-17 00:00:00+05:30,345.0,346.70001220703125,336.0,337.5,311.4168701171875,26518142,0.0,0.0
2017-11-20 00:00:00+05:30,337.1000061035156,337.1499938964844,331.25,333.0,307.2646484375,13507662,0.0,0.0
2017-11-21 00:00:00+05:30,335.0,335.3999938964844,330.0,330.6499938964844,305.09625244140625,14189920,0.0,0.0
2017-11-22 00:00:00+05:30,330.8500061035156,339.6499938964844,327.0,335.29998779296875,309.3868713378906,22861716,0.0,0.0
2017-11-23 00:00:00+05:30,335.5,336.6499938964844,331.6499938964844,334.95001220703125,309.0639343261719,13338423,0.0,0.0
2017-11-24 00:00:00+05:30,336.0,337.0,331.5,332.3999938964844,306.71099853515625,11716981,0.0,0.0
2017-11-27 00:00:00+05:30,329.8999938964844,337.0,328.04998779296875,335.6499938964844,309.7098083496094,13114683,0.0,0.0
2017-11-28 00:00:00+05:30,336.0,336.70001220703125,331.20001220703125,332.0,306.3418884277344,16054996,0.0,0.0
2017-11-29 00:00:00+05:30,332.3500061035156,334.8500061035156,327.20001220703125,328.8999938964844,303.48150634765625,11264624,0.0,0.0
2017-11-30 00:00:00+05:30,325.79998779296875,326.5,318.5,320.3500061035156,295.59228515625,27276288,0.0,0.0
2017-12-01 00:00:00+05:30,321.5,322.29998779296875,311.25,312.75,288.5796203613281,16425620,0.0,0.0
2017-12-04 00:00:00+05:30,314.70001220703125,315.95001220703125,311.1499938964844,313.6000061035156,289.3639221191406,13887727,0.0,0.0
2017-12-05 00:00:00+05:30,312.5,320.70001220703125,308.79998779296875,319.1000061035156,294.43890380859375,15130931,0.0,0.0
2017-12-06 00:00:00+05:30,316.70001220703125,317.3999938964844,311.5,312.3999938964844,288.25665283203125,18658202,0.0,0.0
2017-12-07 00:00:00+05:30,312.5,317.75,312.45001220703125,316.3999938964844,291.947509765625,12278558,0.0,0.0
2017-12-08 00:00:00+05:30,316.6000061035156,318.8500061035156,312.1000061035156,313.1000061035156,288.902587890625,16418832,0.0,0.0
2017-12-11 00:00:00+05:30,315.95001220703125,319.29998779296875,315.1000061035156,318.3999938964844,293.7929382324219,14014369,0.0,0.0
2017-12-12 00:00:00+05:30,317.75,320.5,314.6499938964844,318.45001220703125,293.839111328125,17658856,0.0,0.0
2017-12-13 00:00:00+05:30,316.1499938964844,318.95001220703125,311.1499938964844,313.29998779296875,289.0870666503906,17540585,0.0,0.0
2017-12-14 00:00:00+05:30,314.29998779296875,315.3999938964844,309.5,314.0,289.7330322265625,13894451,0.0,0.0
2017-12-15 00:00:00+05:30,318.3999938964844,319.3500061035156,311.5,312.25,288.1182556152344,16050711,0.0,0.0
2017-12-18 00:00:00+05:30,308.0,323.5,300.3999938964844,318.8999938964844,294.2543029785156,32119915,0.0,0.0
2017-12-19 00:00:00+05:30,319.45001220703125,322.25,318.3999938964844,319.79998779296875,295.084716796875,14741481,0.0,0.0
2017-12-20 00:00:00+05:30,319.0,319.0,316.5,317.5,292.9624938964844,9895770,0.0,0.0
2017-12-21 00:00:00+05:30,316.6000061035156,318.20001220703125,315.3999938964844,316.75,292.2704772949219,9916409,0.0,0.0
2017-12-22 00:00:00+05:30,317.1000061035156,323.8500061035156,316.5,319.8500061035156,295.13092041015625,13821639,0.0,0.0
2017-12-26 00:00:00+05:30,318.6000061035156,319.95001220703125,316.29998779296875,317.1499938964844,292.63958740234375,9329690,0.0,0.0
2017-12-27 00:00:00+05:30,316.5,320.29998779296875,313.04998779296875,314.8500061035156,290.5173645019531,14276027,0.0,0.0
2017-12-28 00:00:00+05:30,315.29998779296875,316.5,307.6499938964844,308.3999938964844,284.5657958984375,20353152,0.0,0.0
2017-12-29 00:00:00+05:30,310.0,312.0,309.04998779296875,309.8999938964844,285.9498596191406,11939569,0.0,0.0
2018-01-01 00:00:00+05:30,310.6000061035156,312.75,306.29998779296875,307.1000061035156,283.36627197265625,12182400,0.0,0.0
2018-01-02 00:00:00+05:30,309.0,309.0,301.3500061035156,303.25,279.8138122558594,14797364,0.0,0.0
2018-01-03 00:00:00+05:30,305.29998779296875,306.45001220703125,302.1499938964844,302.8500061035156,279.4447326660156,13857373,0.0,0.0
2018-01-04 00:00:00+05:30,304.5,310.20001220703125,303.1499938964844,308.5,284.6581115722656,24517099,0.0,0.0
2018-01-05 00:00:00+05:30,311.3999938964844,311.3999938964844,305.6000061035156,306.3500061035156,282.67425537109375,14580575,0.0,0.0
2018-01-08 00:00:00+05:30,307.20001220703125,309.5,305.0,305.79998779296875,282.166748046875,13557197,0.0,0.0
2018-01-09 00:00:00+05:30,307.5,309.5,303.29998779296875,304.29998779296875,280.78265380859375,15574755,0.0,0.0
2018-01-10 00:00:00+05:30,304.6499938964844,305.8500061035156,300.0,301.1000061035156,277.8299865722656,13064599,0.0,0.0
2018-01-11 00:00:00+05:30,300.8999938964844,303.0,300.0,302.20001220703125,278.844970703125,12298455,0.0,0.0
2018-01-12 00:00:00+05:30,304.6499938964844,304.6499938964844,300.54998779296875,302.25,278.8910827636719,17594228,0.0,0.0
2018-01-15 00:00:00+05:30,303.95001220703125,305.25,301.54998779296875,302.6000061035156,279.2140197753906,18189668,0.0,0.0
2018-01-16 00:00:00+05:30,302.3999938964844,303.3500061035156,295.29998779296875,296.1499938964844,273.2625427246094,18040940,0.0,0.0
2018-01-17 00:00:00+05:30,296.0,308.3999938964844,292.6000061035156,307.1000061035156,283.36627197265625,26277307,0.0,0.0
2018-01-18 00:00:00+05:30,315.0,317.79998779296875,300.5,303.25,279.8138122558594,40000111,0.0,0.0
2018-01-19 00:00:00+05:30,303.95001220703125,310.0,302.5,309.25,285.35009765625,18461642,0.0,0.0
2018-01-22 00:00:00+05:30,308.3500061035156,308.75,304.04998779296875,306.5,282.8126525878906,12622645,0.0,0.0
2018-01-23 00:00:00+05:30,306.3999938964844,320.54998779296875,306.3500061035156,318.1000061035156,293.5161437988281,35252217,0.0,0.0
2018-01-24 00:00:00+05:30,317.70001220703125,331.6000061035156,316.20001220703125,329.8999938964844,304.40423583984375,38070520,0.0,0.0
2018-01-25 00:00:00+05:30,332.75,332.75,311.8500061035156,313.1499938964844,288.94873046875,42466150,0.0,0.0
2018-01-29 00:00:00+05:30,313.1499938964844,316.8999938964844,311.0,312.1000061035156,287.9798583984375,23600898,0.0,0.0
2018-01-30 00:00:00+05:30,312.04998779296875,318.8500061035156,311.0,313.54998779296875,289.3177795410156,25810404,0.0,0.0
2018-01-31 00:00:00+05:30,313.0,316.6000061035156,307.8500061035156,313.25,289.0409851074219,16409938,0.0,0.0
2018-02-01 00:00:00+05:30,316.8999938964844,317.3999938964844,305.0,306.04998779296875,282.39739990234375,19515991,0.0,0.0
2018-02-02 00:00:00+05:30,302.8999938964844,305.75,295.5,297.3500061035156,274.3697814941406,23274673,0.0,0.0
2018-02-05 00:00:00+05:30,292.6499938964844,300.3999938964844,290.0,298.04998779296875,275.0156555175781,18940578,0.0,0.0
2018-02-06 00:00:00+05:30,285.0,297.29998779296875,282.8999938964844,291.75,269.20257568359375,30577218,0.0,0.0
2018-02-07 00:00:00+05:30,296.6000061035156,297.8999938964844,290.0,292.79998779296875,270.17138671875,21463818,0.0,0.0
2018-02-08 00:00:00+05:30,292.8999938964844,303.29998779296875,292.54998779296875,301.3999938964844,278.1067810058594,18932796,0.0,0.0
2018-02-09 00:00:00+05:30,297.0,300.6000061035156,295.0,296.3999938964844,273.49322509765625,15750824,0.0,0.0
2018-02-12 00:00:00+05:30,288.25,292.3999938964844,285.1499938964844,288.75,266.4344177246094,50839665,0.0,0.0
2018-02-14 00:00:00+05:30,288.70001220703125,288.70001220703125,275.0,276.20001220703125,254.85435485839844,45641149,0.0,0.0
2018-02-15 00:00:00+05:30,274.79998779296875,282.29998779296875,274.25,278.70001220703125,257.1611022949219,26058237,0.0,0.0
2018-02-16 00:00:00+05:30,280.5,281.20001220703125,270.04998779296875,271.6499938964844,250.6559600830078,30338112,0.0,0.0
2018-02-19 00:00:00+05:30,271.5,272.0,256.6499938964844,268.5,247.74940490722656,43847791,0.0,0.0
2018-02-20 00:00:00+05:30,269.0,274.20001220703125,264.79998779296875,269.6499938964844,248.8105010986328,33458021,0.0,0.0
2018-02-21 00:00:00+05:30,272.20001220703125,274.1000061035156,267.3999938964844,273.29998779296875,252.1784210205078,23714454,0.0,0.0
2018-02-22 00:00:00+05:30,270.3999938964844,273.6000061035156,269.45001220703125,272.6000061035156,251.53256225585938,25584062,0.0,0.0
2018-02-23 00:00:00+05:30,273.45001220703125,277.20001220703125,272.5,276.04998779296875,254.71591186523438,15482147,0.0,0.0
2018-02-26 00:00:00+05:30,280.0,280.0,273.8500061035156,274.45001220703125,253.23959350585938,15306032,0.0,0.0
2018-02-27 00:00:00+05:30,273.0,275.8999938964844,265.95001220703125,267.6000061035156,246.91897583007812,20824909,0.0,0.0
2018-02-28 00:00:00+05:30,264.25,269.70001220703125,260.79998779296875,268.0,247.2880401611328,26810799,0.0,0.0
2018-03-01 00:00:00+05:30,266.29998779296875,270.0,261.25,262.1499938964844,241.89015197753906,22859175,0.0,0.0
2018-03-05 00:00:00+05:30,260.45001220703125,265.0,258.75,263.5,243.13584899902344,18484565,0.0,0.0
2018-03-06 00:00:00+05:30,265.8500061035156,266.0,255.0,256.54998779296875,236.7229461669922,20778164,0.0,0.0
2018-03-07 00:00:00+05:30,255.0500030517578,255.35000610351562,246.0500030517578,246.64999389648438,227.58804321289062,31262500,0.0,0.0
2018-03-08 00:00:00+05:30,247.0,257.95001220703125,244.3000030517578,256.79998779296875,236.95359802246094,33133336,0.0,0.0
2018-03-09 00:00:00+05:30,257.0,257.3999938964844,251.64999389648438,253.25,233.67796325683594,21536191,0.0,0.0
2018-03-12 00:00:00+05:30,254.10000610351562,255.25,247.25,252.85000610351562,233.30889892578125,25332474,0.0,0.0
2018-03-13 00:00:00+05:30,251.3000030517578,262.3999938964844,249.60000610351562,254.6999969482422,235.01593017578125,37647221,0.0,0.0
2018-03-14 00:00:00+05:30,252.5,257.8500061035156,250.0,257.04998779296875,237.18429565429688,25471485,0.0,0.0
2018-03-15 00:00:00+05:30,257.0,258.79998779296875,252.5500030517578,253.6999969482422,234.0931854248047,18339890,0.0,0.0
2018-03-16 00:00:00+05:30,250.64999389648438,255.6999969482422,250.10000610351562,252.3000030517578,232.8013916015625,25728297,0.0,0.0
2018-03-19 00:00:00+05:30,252.89999389648438,253.60000610351562,246.10000610351562,247.9499969482422,228.78758239746094,18167594,0.0,0.0
2018-03-20 00:00:00+05:30,246.85000610351562,252.25,245.35000610351562,249.10000610351562,229.84872436523438,20556571,0.0,0.0
2018-03-21 00:00:00+05:30,251.75,254.3000030517578,247.10000610351562,248.0,228.8336944580078,19533972,0.0,0.0
2018-03-22 00:00:00+05:30,247.0,247.35000610351562,240.64999389648438,241.5500030517578,222.8822021484375,26828240,0.0,0.0
2018-03-23 00:00:00+05:30,237.8000030517578,239.64999389648438,232.35000610351562,234.8000030517578,216.6538543701172,27150262,0.0,0.0
2018-03-26 00:00:00+05:30,234.75,247.85000610351562,234.25,246.5,227.44964599609375,30373940,0.0,0.0
2018-03-27 00:00:00+05:30,250.0,255.5,248.0,254.35000610351562,234.69297790527344,31205051,0.0,0.0
2018-03-28 00:00:00+05:30,252.0,256.20001220703125,248.6999969482422,249.89999389648438,230.5868682861328,36673566,0.0,0.0
2018-04-02 00:00:00+05:30,251.8000030517578,252.0,244.89999389648438,246.14999389648438,227.12667846679688,14993188,0.0,0.0
2018-04-03 00:00:00+05:30,249.5500030517578,252.8000030517578,248.25,250.5,231.14053344726562,19883309,0.0,0.0
2018-04-04 00:00:00+05:30,251.6999969482422,253.0,245.5,247.3000030517578,228.1878204345703,18824449,0.0,0.0
2018-04-05 00:00:00+05:30,252.60000610351562,261.8999938964844,250.0,259.29998779296875,239.2604217529297,22880821,0.0,0.0
2018-04-06 00:00:00+05:30,259.6499938964844,261.45001220703125,254.85000610351562,259.70001220703125,239.6295166015625,24868860,0.0,0.0
2018-04-09 00:00:00+05:30,260.6499938964844,262.75,257.6000061035156,260.6499938964844,240.50608825683594,20208874,0.0,0.0
2018-04-10 00:00:00+05:30,261.1000061035156,265.0,258.5,263.29998779296875,242.95126342773438,21201141,0.0,0.0
2018-04-11 00:00:00+05:30,263.0,263.0,256.29998779296875,257.04998779296875,237.18429565429688,14885838,0.0,0.0
2018-04-12 00:00:00+05:30,257.5,257.5,252.25,253.8000030517578,234.18548583984375,18660913,0.0,0.0
2018-04-13 00:00:00+05:30,254.0,255.9499969482422,249.6999969482422,250.9499969482422,231.5557403564453,25654020,0.0,0.0
2018-04-16 00:00:00+05:30,249.35000610351562,251.3000030517578,247.10000610351562,249.0,229.7564239501953,16408377,0.0,0.0
2018-04-17 00:00:00+05:30,251.39999389648438,252.5,246.60000610351562,248.14999389648438,228.97210693359375,15922452,0.0,0.0
2018-04-18 00:00:00+05:30,249.5,249.89999389648438,245.3000030517578,246.4499969482422,227.40350341796875,16142387,0.0,0.0
2018-04-19 00:00:00+05:30,247.10000610351562,248.4499969482422,245.1999969482422,246.14999389648438,227.12667846679688,13166927,0.0,0.0
2018-04-20 00:00:00+05:30,245.85000610351562,245.85000610351562,239.5,241.1999969482422,222.55921936035156,15546939,0.0,0.0
2018-04-23 00:00:00+05:30,241.89999389648438,244.85000610351562,239.3000030517578,242.4499969482422,223.71263122558594,12111837,0.0,0.0
2018-04-24 00:00:00+05:30,242.0,243.39999389648438,239.60000610351562,240.60000610351562,222.00563049316406,9486349,0.0,0.0
2018-04-25 00:00:00+05:30,239.6999969482422,240.75,236.75,237.1999969482422,218.86837768554688,13124853,0.0,0.0
2018-04-26 00:00:00+05:30,238.39999389648438,238.8000030517578,232.5,233.1999969482422,215.17752075195312,24495144,0.0,0.0
2018-04-27 00:00:00+05:30,233.25,245.8000030517578,233.25,242.60000610351562,223.85104370117188,31401889,0.0,0.0
2018-04-30 00:00:00+05:30,244.8000030517578,249.6999969482422,244.5,246.39999389648438,227.3573760986328,17263193,0.0,0.0
2018-05-02 00:00:00+05:30,245.89999389648438,246.3000030517578,239.75,241.0,222.3747100830078,12887066,0.0,0.0
2018-05-03 00:00:00+05:30,240.9499969482422,243.39999389648438,238.75,241.89999389648438,223.20513916015625,12939642,0.0,0.0
2018-05-04 00:00:00+05:30,243.5,243.89999389648438,240.35000610351562,241.9499969482422,223.25128173828125,12777310,0.0,0.0
2018-05-07 00:00:00+05:30,242.4499969482422,248.1999969482422,242.0500030517578,246.5,227.44964599609375,15122614,0.0,0.0
2018-05-08 00:00:00+05:30,248.0,252.60000610351562,244.60000610351562,250.0500030517578,230.72528076171875,23293920,0.0,0.0
2018-05-09 00:00:00+05:30,249.8000030517578,249.8000030517578,246.3000030517578,248.0,228.8336944580078,11429823,0.0,0.0
2018-05-10 00:00:00+05:30,248.25,250.1999969482422,246.3000030517578,247.9499969482422,228.78758239746094,13160967,0.0,0.0
2018-05-11 00:00:00+05:30,247.60000610351562,251.60000610351562,246.0500030517578,250.35000610351562,231.00210571289062,11958589,0.0,0.0
2018-05-14 00:00:00+05:30,249.9499969482422,255.8000030517578,248.14999389648438,253.60000610351562,234.0009307861328,18673849,0.0,0.0
2018-05-15 00:00:00+05:30,253.0,257.45001220703125,245.89999389648438,248.0,228.8336944580078,18026861,0.0,0.0
2018-05-16 00:00:00+05:30,245.5,248.6999969482422,240.60000610351562,243.10000610351562,224.31239318847656,17222004,0.0,0.0
2018-05-17 00:00:00+05:30,244.1999969482422,246.0,241.14999389648438,242.6999969482422,223.94332885742188,11721064,0.0,0.0
2018-05-18 00:00:00+05:30,243.0,244.0,237.85000610351562,238.85000610351562,220.390869140625,11873041,0.0,0.0
2018-05-21 00:00:00+05:30,243.5500030517578,245.75,240.3000030517578,244.4499969482422,225.5580596923828,18780730,0.0,0.0
2018-05-22 00:00:00+05:30,243.64999389648438,259.70001220703125,241.0,253.89999389648438,234.27774047851562,68713602,0.0,0.0
2018-05-23 00:00:00+05:30,254.64999389648438,269.75,254.3000030517578,263.20001220703125,242.85903930664062,71202072,0.0,0.0
2018-05-24 00:00:00+05:30,263.8500061035156,269.70001220703125,260.6499938964844,268.5,247.74940490722656,34679642,0.0,0.0
2018-05-25 00:00:00+05:30,267.79998779296875,268.3999938964844,262.54998779296875,266.95001220703125,246.31918334960938,22317308,0.0,0.0
2018-05-28 00:00:00+05:30,267.3999938964844,274.20001220703125,266.04998779296875,272.04998779296875,251.0250244140625,18959368,0.0,0.0
2018-05-29 00:00:00+05:30,270.5,270.95001220703125,262.79998779296875,264.29998779296875,243.8739776611328,16107543,0.0,0.0
2018-05-30 00:00:00+05:30,260.5,268.0,259.95001220703125,267.1499938964844,246.50375366210938,19320209,0.0,0.0
2018-05-31 00:00:00+05:30,266.8500061035156,274.79998779296875,263.1499938964844,269.54998779296875,248.71824645996094,31935892,0.0,0.0
2018-06-01 00:00:00+05:30,269.25,269.79998779296875,264.6000061035156,266.70001220703125,246.08853149414062,16574717,0.0,0.0
2018-06-04 00:00:00+05:30,268.0,268.3500061035156,261.29998779296875,263.0,242.67446899414062,12933824,0.0,0.0
2018-06-05 00:00:00+05:30,260.8999938964844,265.25,260.8999938964844,263.54998779296875,243.1819305419922,14102731,0.0,0.0
2018-06-06 00:00:00+05:30,263.0,271.3999938964844,262.20001220703125,270.1499938964844,249.27186584472656,18315171,0.0,0.0
2018-06-07 00:00:00+05:30,271.04998779296875,272.8999938964844,268.3999938964844,269.6499938964844,248.8105010986328,18773700,0.0,0.0
2018-06-08 00:00:00+05:30,268.95001220703125,273.8999938964844,267.0,273.0,251.90164184570312,14096549,0.0,0.0
2018-06-11 00:00:00+05:30,273.29998779296875,278.3999938964844,273.1499938964844,274.0,252.82435607910156,18219428,0.0,0.0
2018-06-12 00:00:00+05:30,274.0,284.3999938964844,274.0,282.8500061035156,260.9903869628906,31358021,0.0,0.0
2018-06-13 00:00:00+05:30,284.0,289.6499938964844,283.6499938964844,287.70001220703125,265.465576171875,26748300,0.0,0.0
2018-06-14 00:00:00+05:30,286.54998779296875,286.54998779296875,281.29998779296875,282.6000061035156,260.75970458984375,18513730,0.0,0.0
2018-06-15 00:00:00+05:30,282.75,283.45001220703125,276.6000061035156,277.45001220703125,256.0077209472656,16949917,0.0,0.0
2018-06-18 00:00:00+05:30,278.0,279.75,275.45001220703125,276.8500061035156,255.4541015625,13542420,0.0,0.0
2018-06-19 00:00:00+05:30,276.0,276.70001220703125,269.75,272.6000061035156,251.53256225585938,20726975,0.0,0.0
2018-06-20 00:00:00+05:30,273.20001220703125,274.75,271.1000061035156,273.29998779296875,252.1784210205078,14002946,0.0,0.0
2018-06-21 00:00:00+05:30,274.75,274.75,268.1000061035156,268.6499938964844,247.88778686523438,12954943,0.0,0.0
2018-06-22 00:00:00+05:30,269.0,273.70001220703125,265.75,273.04998779296875,251.94773864746094,20784133,0.0,0.0
2018-06-25 00:00:00+05:30,271.8500061035156,273.1499938964844,267.20001220703125,268.45001220703125,247.70327758789062,10934401,0.0,0.0
2018-06-26 00:00:00+05:30,267.25,271.20001220703125,265.3999938964844,267.3999938964844,246.73443603515625,16867009,0.0,0.0
2018-06-27 00:00:00+05:30,267.3500061035156,267.3500061035156,261.0,261.70001220703125,241.47496032714844,16277655,0.0,0.0
2018-06-28 00:00:00+05:30,260.3999938964844,262.0,255.6999969482422,257.0,237.13816833496094,21349738,0.0,0.0
2018-06-29 00:00:00+05:30,258.25,263.45001220703125,258.20001220703125,259.3500061035156,239.3065643310547,16244724,0.0,0.0
2018-07-02 00:00:00+05:30,258.95001220703125,261.75,254.0,258.8500061035156,238.84519958496094,21896701,0.0,0.0
2018-07-03 00:00:00+05:30,259.6000061035156,260.8999938964844,256.3999938964844,257.5,237.5995330810547,16099030,0.0,0.0
2018-07-04 00:00:00+05:30,255.75,258.3500061035156,254.5,257.45001220703125,237.5534210205078,14206935,0.0,0.0
2018-07-05 00:00:00+05:30,257.8999938964844,258.70001220703125,255.14999389648438,256.45001220703125,236.6306915283203,11215032,0.0,0.0
2018-07-06 00:00:00+05:30,256.1000061035156,260.79998779296875,255.5500030517578,257.20001220703125,237.32272338867188,16174019,0.0,0.0
2018-07-09 00:00:00+05:30,258.20001220703125,262.3999938964844,257.95001220703125,261.54998779296875,241.33651733398438,13220744,0.0,0.0
2018-07-10 00:00:00+05:30,263.8500061035156,265.75,262.3999938964844,263.75,243.3665008544922,11487165,0.0,0.0
2018-07-11 00:00:00+05:30,262.6499938964844,262.6499938964844,257.8999938964844,259.1000061035156,239.0758819580078,12857179,0.0,0.0
2018-07-12 00:00:00+05:30,261.3999938964844,264.5,261.1499938964844,262.75,242.44378662109375,10642215,0.0,0.0
2018-07-13 00:00:00+05:30,262.1000061035156,262.3999938964844,256.79998779296875,257.75,237.8302001953125,11976239,0.0,0.0
2018-07-16 00:00:00+05:30,257.0,257.5,251.0,251.60000610351562,232.15550231933594,8965623,0.0,0.0
2018-07-17 00:00:00+05:30,250.6999969482422,259.8500061035156,250.4499969482422,259.04998779296875,239.02972412109375,16067598,0.0,0.0
2018-07-18 00:00:00+05:30,260.1000061035156,262.5,256.1499938964844,259.54998779296875,239.4910888671875,17641125,0.0,0.0
2018-07-19 00:00:00+05:30,259.3999938964844,263.5,256.20001220703125,260.20001220703125,240.0908660888672,9958284,0.0,0.0
2018-07-20 00:00:00+05:30,259.8999938964844,263.0,258.54998779296875,261.5,241.29039001464844,6120163,0.0,0.0
2018-07-23 00:00:00+05:30,262.0,267.5,260.6000061035156,266.3500061035156,245.7655792236328,17013119,0.0,0.0
2018-07-24 00:00:00+05:30,267.20001220703125,269.20001220703125,265.54998779296875,266.8500061035156,246.2269287109375,9320281,0.0,0.0
2018-07-25 00:00:00+05:30,268.0,272.8500061035156,265.6499938964844,271.8500061035156,250.8405303955078,13099277,0.0,0.0
2018-07-26 00:00:00+05:30,275.1000061035156,289.3999938964844,274.20001220703125,287.70001220703125,265.465576171875,53496546,0.0,0.0
2018-07-27 00:00:00+05:30,289.5,297.0,285.1000061035156,286.75,264.5890197753906,32175436,0.0,0.0
2018-07-30 00:00:00+05:30,289.20001220703125,299.54998779296875,289.20001220703125,297.3999938964844,274.4159240722656,40949610,0.0,0.0
2018-07-31 00:00:00+05:30,297.0,302.3999938964844,291.79998779296875,293.5,270.81732177734375,36510328,0.0,0.0
2018-08-01 00:00:00+05:30,294.5,298.0,288.3500061035156,295.1000061035156,272.2936706542969,33885474,0.0,0.0
2018-08-02 00:00:00+05:30,293.0,296.3999938964844,290.54998779296875,293.8999938964844,271.1864013671875,15665209,0.0,0.0
2018-08-03 00:00:00+05:30,294.6000061035156,299.95001220703125,294.5,299.25,276.12298583984375,18254462,0.0,0.0
2018-08-06 00:00:00+05:30,300.6000061035156,311.3500061035156,300.6000061035156,308.5,284.6581115722656,31576923,0.0,0.0
2018-08-07 00:00:00+05:30,309.8500061035156,311.70001220703125,303.04998779296875,304.04998779296875,280.552001953125,23928622,0.0,0.0
2018-08-08 00:00:00+05:30,304.04998779296875,310.8999938964844,303.04998779296875,308.70001220703125,284.8426208496094,20498279,0.0,0.0
2018-08-09 00:00:00+05:30,312.95001220703125,319.8500061035156,310.1499938964844,317.3999938964844,292.8702392578125,46464355,0.0,0.0
2018-08-10 00:00:00+05:30,317.6499938964844,326.3999938964844,300.5,304.45001220703125,280.9210510253906,111510771,0.0,0.0
2018-08-13 00:00:00+05:30,296.0,302.79998779296875,291.1000061035156,294.1499938964844,271.4170837402344,58127432,0.0,0.0
2018-08-14 00:00:00+05:30,296.70001220703125,298.95001220703125,293.3500061035156,294.8999938964844,272.109130859375,25294933,0.0,0.0
2018-08-16 00:00:00+05:30,293.5,298.3999938964844,290.25,292.70001220703125,270.07916259765625,31083900,0.0,0.0
2018-08-17 00:00:00+05:30,295.0,302.70001220703125,294.04998779296875,302.1000061035156,278.7527160644531,21931134,0.0,0.0
2018-08-20 00:00:00+05:30,304.1000061035156,308.70001220703125,303.6000061035156,307.6499938964844,283.8737487792969,20240462,0.0,0.0
2018-08-21 00:00:00+05:30,308.29998779296875,308.8500061035156,303.3500061035156,307.0,283.27398681640625,14139592,0.0,0.0
2018-08-23 00:00:00+05:30,306.95001220703125,306.95001220703125,298.29998779296875,302.45001220703125,279.07562255859375,22721004,0.0,0.0
2018-08-24 00:00:00+05:30,300.6000061035156,305.70001220703125,299.0,300.45001220703125,277.2301940917969,18869585,0.0,0.0
2018-08-27 00:00:00+05:30,304.0,310.3500061035156,303.29998779296875,308.0,284.19671630859375,28111768,0.0,0.0
2018-08-28 00:00:00+05:30,308.04998779296875,310.25,303.3999938964844,305.3500061035156,281.7514953613281,16890236,0.0,0.0
2018-08-29 00:00:00+05:30,306.79998779296875,312.0,305.75,309.70001220703125,285.7653503417969,24320824,0.0,0.0
2018-08-30 00:00:00+05:30,309.29998779296875,310.5,306.0,308.6000061035156,284.7503662109375,19935935,0.0,0.0
2018-08-31 00:00:00+05:30,307.8999938964844,310.6499938964844,304.54998779296875,309.6000061035156,285.67303466796875,18100140,0.0,0.0
2018-09-03 00:00:00+05:30,312.5,312.5,304.79998779296875,306.3500061035156,282.67425537109375,14708076,0.0,0.0
2018-09-04 00:00:00+05:30,306.79998779296875,307.45001220703125,295.45001220703125,296.3999938964844,273.49322509765625,42859084,0.0,0.0
2018-09-05 00:00:00+05:30,296.5,298.8500061035156,290.3999938964844,296.54998779296875,273.6316223144531,22922686,0.0,0.0
2018-09-06 00:00:00+05:30,298.0,299.8500061035156,294.5,296.45001220703125,273.53936767578125,18001336,0.0,0.0
2018-09-07 00:00:00+05:30,295.8999938964844,295.8999938964844,289.45001220703125,291.6499938964844,269.1102600097656,23716678,0.0,0.0
2018-09-10 00:00:00+05:30,290.6499938964844,293.25,283.79998779296875,284.8500061035156,262.8358154296875,23354395,0.0,0.0
2018-09-11 00:00:00+05:30,287.3500061035156,291.45001220703125,281.6499938964844,282.6000061035156,260.75970458984375,28361400,0.0,0.0
2018-09-12 00:00:00+05:30,284.0,286.70001220703125,280.0,285.29998779296875,263.25103759765625,22717796,0.0,0.0
2018-09-14 00:00:00+05:30,290.1000061035156,291.79998779296875,288.70001220703125,290.6499938964844,268.18756103515625,15149585,0.0,0.0
2018-09-17 00:00:00+05:30,288.5,288.5,284.1000061035156,285.29998779296875,263.25103759765625,16089996,0.0,0.0
2018-09-18 00:00:00+05:30,285.0,286.8999938964844,272.3999938964844,273.79998779296875,252.63980102539062,33901000,0.0,0.0
2018-09-19 00:00:00+05:30,275.3999938964844,282.8500061035156,270.5,271.5,250.5175323486328,40759431,0.0,0.0
2018-09-21 00:00:00+05:30,274.20001220703125,279.45001220703125,253.39999389648438,270.6000061035156,249.68714904785156,39308482,0.0,0.0
2018-09-24 00:00:00+05:30,272.70001220703125,273.0,262.6000061035156,264.3500061035156,243.92015075683594,24633374,0.0,0.0
2018-09-25 00:00:00+05:30,264.0,272.95001220703125,260.79998779296875,270.8999938964844,249.9639434814453,28948831,0.0,0.0
2018-09-26 00:00:00+05:30,274.0,274.0,262.75,263.8500061035156,243.45875549316406,23951904,0.0,0.0
2018-09-27 00:00:00+05:30,264.5,268.6000061035156,263.75,265.3500061035156,244.84283447265625,24829383,0.0,0.0
2018-09-28 00:00:00+05:30,266.3999938964844,273.5,262.5,265.5,244.9812774658203,33803139,0.0,0.0
2018-10-01 00:00:00+05:30,265.5,275.20001220703125,264.1000061035156,273.8500061035156,252.68592834472656,17711738,0.0,0.0
2018-10-03 00:00:00+05:30,273.3500061035156,278.70001220703125,270.6000061035156,271.70001220703125,250.7021026611328,19714943,0.0,0.0
2018-10-04 00:00:00+05:30,267.95001220703125,272.70001220703125,265.70001220703125,271.3500061035156,250.37918090820312,17754204,0.0,0.0
2018-10-05 00:00:00+05:30,271.0,271.0,256.0,258.3500061035156,238.3838348388672,36628643,0.0,0.0
2018-10-08 00:00:00+05:30,259.75,268.5,258.3500061035156,265.75,245.2119598388672,21100804,0.0,0.0
2018-10-09 00:00:00+05:30,268.0,268.1499938964844,260.0,262.95001220703125,242.62835693359375,16010883,0.0,0.0
2018-10-10 00:00:00+05:30,261.6000061035156,280.45001220703125,261.20001220703125,278.6499938964844,257.1149597167969,31772330,0.0,0.0
2018-10-11 00:00:00+05:30,268.0,271.5,260.6000061035156,262.1499938964844,241.89015197753906,46291120,0.0,0.0
2018-10-12 00:00:00+05:30,266.0,267.8999938964844,261.5,263.75,243.3665008544922,42967696,0.0,0.0
2018-10-15 00:00:00+05:30,264.3999938964844,265.70001220703125,261.1000061035156,263.20001220703125,242.85903930664062,21965859,0.0,0.0
2018-10-16 00:00:00+05:30,264.6000061035156,270.8500061035156,263.3500061035156,270.29998779296875,249.41029357910156,33597068,0.0,0.0
2018-10-17 00:00:00+05:30,273.75,275.0,260.0,261.1499938964844,240.9674530029297,21631573,0.0,0.0
2018-10-19 00:00:00+05:30,259.70001220703125,264.20001220703125,258.1000061035156,261.1000061035156,240.9213104248047,28474307,0.0,0.0
2018-10-22 00:00:00+05:30,266.0,266.0,259.45001220703125,260.3500061035156,240.22927856445312,19933462,0.0,0.0
2018-10-23 00:00:00+05:30,258.0,259.0,255.0,255.64999389648438,235.89248657226562,20206307,0.0,0.0
2018-10-24 00:00:00+05:30,260.25,261.79998779296875,252.8000030517578,255.6999969482422,235.93862915039062,25636533,0.0,0.0
2018-10-25 00:00:00+05:30,254.5,255.0,248.39999389648438,249.5500030517578,230.26393127441406,33066232,0.0,0.0
2018-10-26 00:00:00+05:30,252.0,252.5,247.39999389648438,248.10000610351562,228.92599487304688,20543437,0.0,0.0
2018-10-29 00:00:00+05:30,250.0,269.25,248.39999389648438,267.8999938964844,247.19577026367188,37768359,0.0,0.0
2018-10-30 00:00:00+05:30,267.5,279.1000061035156,266.0,273.1499938964844,252.04002380371094,33401683,0.0,0.0
2018-10-31 00:00:00+05:30,275.0,282.75,268.6000061035156,281.3999938964844,259.6524658203125,28137370,0.0,0.0
2018-11-01 00:00:00+05:30,283.0,289.0,278.8500061035156,285.8999938964844,263.8046569824219,29144808,0.0,0.0
2018-11-02 00:00:00+05:30,287.8999938964844,292.79998779296875,283.20001220703125,285.3500061035156,263.2972412109375,27760214,0.0,0.0
2018-11-05 00:00:00+05:30,286.45001220703125,300.0,283.5,294.95001220703125,272.1552734375,44619891,0.0,0.0
2018-11-06 00:00:00+05:30,296.1000061035156,298.29998779296875,283.8999938964844,286.45001220703125,264.31219482421875,40688243,0.0,0.0
2018-11-07 00:00:00+05:30,288.8999938964844,288.8999938964844,285.95001220703125,286.54998779296875,264.4044494628906,3312160,0.0,0.0
2018-11-09 00:00:00+05:30,287.0,287.5,282.45001220703125,283.25,261.3594665527344,19201007,0.0,0.0
2018-11-12 00:00:00+05:30,283.70001220703125,283.70001220703125,276.8500061035156,277.95001220703125,256.4690856933594,24044907,0.0,0.0
2018-11-13 00:00:00+05:30,276.29998779296875,279.70001220703125,273.3500061035156,278.04998779296875,256.56134033203125,25633628,0.0,0.0
2018-11-14 00:00:00+05:30,280.3999938964844,287.70001220703125,278.0,283.6000061035156,261.6824645996094,52674807,0.0,0.0
2018-11-15 00:00:00+05:30,283.8500061035156,287.04998779296875,281.1499938964844,285.3999938964844,263.3432922363281,18445463,0.0,0.0
2018-11-16 00:00:00+05:30,285.8999938964844,291.79998779296875,282.6000061035156,290.8999938964844,268.41827392578125,24805910,0.0,0.0
2018-11-19 00:00:00+05:30,293.5,293.5,286.04998779296875,288.1499938964844,265.88079833984375,13799970,0.0,0.0
2018-11-20 00:00:00+05:30,285.8999938964844,288.54998779296875,282.5,283.45001220703125,261.5440368652344,12900924,0.0,0.0
2018-11-21 00:00:00+05:30,283.45001220703125,289.54998779296875,283.04998779296875,287.04998779296875,264.86578369140625,16167419,0.0,0.0
2018-11-22 00:00:00+05:30,285.95001220703125,287.04998779296875,281.6000061035156,282.70001220703125,260.8520202636719,12066797,0.0,0.0
2018-11-26 00:00:00+05:30,284.1000061035156,287.25,279.6000061035156,286.3999938964844,264.26605224609375,16846820,0.0,0.0
2018-11-27 00:00:00+05:30,284.6000061035156,290.5,284.04998779296875,289.3999938964844,267.0341796875,21242956,0.0,0.0
2018-11-28 00:00:00+05:30,289.3999938964844,292.45001220703125,283.0,284.54998779296875,262.5589904785156,19837609,0.0,0.0
2018-11-29 00:00:00+05:30,289.29998779296875,289.6499938964844,284.25,286.3999938964844,264.26605224609375,27919104,0.0,0.0
2018-11-30 00:00:00+05:30,288.79998779296875,290.8999938964844,283.20001220703125,284.6499938964844,262.6512756347656,17583510,0.0,0.0
2018-12-03 00:00:00+05:30,286.70001220703125,287.8999938964844,283.25,286.79998779296875,264.6351013183594,15772176,0.0,0.0
2018-12-04 00:00:00+05:30,287.95001220703125,287.95001220703125,281.8999938964844,282.54998779296875,260.7135925292969,11897307,0.0,0.0
2018-12-05 00:00:00+05:30,282.45001220703125,283.20001220703125,277.04998779296875,280.1499938964844,258.4990539550781,14893748,0.0,0.0
2018-12-06 00:00:00+05:30,278.0,279.25,275.1000061035156,275.6499938964844,254.34683227539062,11083451,0.0,0.0
2018-12-07 00:00:00+05:30,277.0,277.3500061035156,272.1000061035156,275.3999938964844,254.1161346435547,10165275,0.0,0.0
2018-12-10 00:00:00+05:30,271.0,276.3999938964844,270.1499938964844,274.20001220703125,253.0089111328125,11947887,0.0,0.0
2018-12-11 00:00:00+05:30,268.3500061035156,283.25,268.3500061035156,281.25,259.5140380859375,30927239,0.0,0.0
2018-12-12 00:00:00+05:30,283.75,285.8500061035156,282.20001220703125,285.25,263.20489501953125,21765939,0.0,0.0
2018-12-13 00:00:00+05:30,290.0,294.0,285.75,289.0,266.66510009765625,24097152,0.0,0.0
2018-12-14 00:00:00+05:30,288.5,290.79998779296875,287.04998779296875,289.20001220703125,266.8496398925781,12156361,0.0,0.0
2018-12-17 00:00:00+05:30,289.29998779296875,291.45001220703125,287.29998779296875,289.5,267.1264343261719,12728014,0.0,0.0
2018-12-18 00:00:00+05:30,287.8500061035156,294.0,287.0,292.75,270.1253356933594,13606582,0.0,0.0
2018-12-19 00:00:00+05:30,294.70001220703125,302.0,294.70001220703125,300.70001220703125,277.46087646484375,26124125,0.0,0.0
2018-12-20 00:00:00+05:30,298.3500061035156,301.6499938964844,293.1499938964844,294.04998779296875,271.3247985839844,19222232,0.0,0.0
2018-12-21 00:00:00+05:30,293.6499938964844,296.5,290.79998779296875,291.8999938964844,269.34100341796875,15777301,0.0,0.0
2018-12-24 00:00:00+05:30,293.5,295.0,290.1499938964844,293.04998779296875,270.4020690917969,12048877,0.0,0.0
2018-12-26 00:00:00+05:30,292.8500061035156,295.0,287.1499938964844,294.1499938964844,271.4170837402344,12684324,0.0,0.0
2018-12-27 00:00:00+05:30,296.70001220703125,297.6000061035156,291.5,292.1499938964844,269.5716552734375,15304564,0.0,0.0
2018-12-28 00:00:00+05:30,293.6000061035156,297.1000061035156,293.54998779296875,294.79998779296875,272.016845703125,12876558,0.0,0.0
2018-12-31 00:00:00+05:30,297.20001220703125,298.25,295.5,295.8999938964844,273.0318298339844,9526067,0.0,0.0
2019-01-01 00:00:00+05:30,297.5,300.70001220703125,293.8500061035156,299.6000061035156,276.4458923339844,11837127,0.0,0.0
2019-01-02 00:00:00+05:30,299.1000061035156,302.5,293.1000061035156,293.8999938964844,271.1864013671875,25559853,0.0,0.0
2019-01-03 00:00:00+05:30,295.0,295.54998779296875,290.1000061035156,291.1000061035156,268.6028137207031,17548347,0.0,0.0
2019-01-04 00:00:00+05:30,292.1000061035156,299.0,291.5,297.6499938964844,274.6465759277344,19514041,0.0,0.0
2019-01-07 00:00:00+05:30,301.04998779296875,301.5,295.20001220703125,296.29998779296875,273.4009094238281,14579399,0.0,0.0
2019-01-08 00:00:00+05:30,295.79998779296875,306.0,294.75,305.29998779296875,281.7053527832031,22949961,0.0,0.0
2019-01-09 00:00:00+05:30,306.0,307.1000061035156,300.75,305.29998779296875,281.7053527832031,21109911,0.0,0.0
2019-01-10 00:00:00+05:30,305.1000061035156,307.5,303.5,305.54998779296875,281.93603515625,16295468,0.0,0.0
2019-01-11 00:00:00+05:30,305.3999938964844,306.20001220703125,300.95001220703125,302.75,279.3524169921875,12702551,0.0,0.0
2019-01-14 00:00:00+05:30,301.0,303.6000061035156,299.54998779296875,300.3999938964844,277.18408203125,10372933,0.0,0.0
2019-01-15 00:00:00+05:30,302.0,303.6000061035156,301.1000061035156,301.6499938964844,278.3374328613281,9444374,0.0,0.0
2019-01-16 00:00:00+05:30,303.0,306.6499938964844,302.1000061035156,303.1499938964844,279.7215576171875,12111480,0.0,0.0
2019-01-17 00:00:00+05:30,303.8999938964844,304.3500061035156,295.6000061035156,297.3999938964844,274.4159240722656,15974634,0.0,0.0
2019-01-18 00:00:00+05:30,298.75,299.8500061035156,294.25,294.95001220703125,272.1552734375,9082501,0.0,0.0
2019-01-21 00:00:00+05:30,295.8999938964844,296.75,291.45001220703125,292.45001220703125,269.8484802246094,10188647,0.0,0.0
2019-01-22 00:00:00+05:30,293.0,293.0,288.20001220703125,290.25,267.8185119628906,11297989,0.0,0.0
2019-01-23 00:00:00+05:30,290.45001220703125,292.95001220703125,285.5,286.6499938964844,264.4967346191406,10304608,0.0,0.0
2019-01-24 00:00:00+05:30,286.6499938964844,289.8999938964844,285.5,288.04998779296875,265.78851318359375,11532528,0.0,0.0
2019-01-25 00:00:00+05:30,289.6000061035156,291.0,283.20001220703125,285.3999938964844,263.3432922363281,11121223,0.0,0.0
2019-01-28 00:00:00+05:30,285.6499938964844,286.6000061035156,277.29998779296875,281.6000061035156,259.8370056152344,18905470,0.0,0.0
2019-01-29 00:00:00+05:30,281.0,286.0,276.54998779296875,280.6000061035156,258.91424560546875,17435611,0.0,0.0
2019-01-30 00:00:00+05:30,281.20001220703125,289.3999938964844,280.25,287.45001220703125,265.2348937988281,18908654,0.0,0.0
2019-01-31 00:00:00+05:30,290.0,294.79998779296875,288.0,293.6499938964844,270.95574951171875,25546487,0.0,0.0
2019-02-01 00:00:00+05:30,296.8999938964844,302.70001220703125,282.0,284.3999938964844,262.4206237792969,60015958,0.0,0.0
2019-02-04 00:00:00+05:30,282.3999938964844,285.20001220703125,277.8500061035156,283.95001220703125,262.0054016113281,20642919,0.0,0.0
2019-02-05 00:00:00+05:30,284.20001220703125,287.0,283.0,284.6499938964844,262.6512756347656,13291133,0.0,0.0
2019-02-06 00:00:00+05:30,285.8500061035156,289.75,283.5,289.04998779296875,266.7112731933594,12149759,0.0,0.0
2019-02-07 00:00:00+05:30,289.3999938964844,294.0,286.6000061035156,287.3999938964844,265.1887512207031,19733315,0.0,0.0
2019-02-08 00:00:00+05:30,285.6000061035156,288.0,282.20001220703125,286.0,263.8969421386719,19781908,0.0,0.0
2019-02-11 00:00:00+05:30,285.95001220703125,285.95001220703125,280.0,280.5,258.822021484375,15420017,0.0,0.0
2019-02-12 00:00:00+05:30,280.6499938964844,282.20001220703125,274.6499938964844,275.3999938964844,254.1161346435547,15326106,0.0,0.0
2019-02-14 00:00:00+05:30,268.0,268.3500061035156,263.6499938964844,267.1000061035156,246.45762634277344,26372671,0.0,0.0
2019-02-15 00:00:00+05:30,268.8500061035156,268.8500061035156,261.29998779296875,262.95001220703125,242.62835693359375,23366091,0.0,0.0
2019-02-18 00:00:00+05:30,264.3999938964844,265.5,258.79998779296875,259.95001220703125,239.86019897460938,14781744,0.0,0.0
2019-02-19 00:00:00+05:30,260.8999938964844,267.5,260.29998779296875,262.8999938964844,242.58218383789062,19064306,0.0,0.0
2019-02-20 00:00:00+05:30,264.5,268.29998779296875,264.29998779296875,267.70001220703125,247.0112762451172,15514595,0.0,0.0
2019-02-21 00:00:00+05:30,270.29998779296875,271.0,267.29998779296875,268.0,247.2880401611328,13760702,0.0,0.0
2019-02-22 00:00:00+05:30,267.8999938964844,271.8999938964844,267.6000061035156,270.95001220703125,250.0100555419922,12536918,0.0,0.0
2019-02-25 00:00:00+05:30,271.29998779296875,271.3999938964844,267.8999938964844,270.1499938964844,249.27186584472656,20793897,0.0,0.0
2019-02-26 00:00:00+05:30,266.79998779296875,268.20001220703125,263.25,266.3500061035156,245.7655792236328,15274303,0.0,0.0
2019-02-27 00:00:00+05:30,268.0,272.70001220703125,266.54998779296875,267.6499938964844,246.96511840820312,20571652,0.0,0.0
2019-02-28 00:00:00+05:30,267.70001220703125,270.79998779296875,267.6499938964844,269.04998779296875,248.2569122314453,31636468,0.0,0.0
2019-03-01 00:00:00+05:30,270.54998779296875,274.6000061035156,270.1000061035156,272.95001220703125,251.85549926757812,20024726,0.0,0.0
2019-03-05 00:00:00+05:30,271.70001220703125,277.8500061035156,271.20001220703125,276.45001220703125,255.08505249023438,21533972,0.0,0.0
2019-03-06 00:00:00+05:30,277.29998779296875,282.54998779296875,276.45001220703125,278.1000061035156,256.6075134277344,22161376,0.0,0.0
2019-03-07 00:00:00+05:30,279.45001220703125,282.5,277.6499938964844,281.75,259.97540283203125,14899105,0.0,0.0
2019-03-08 00:00:00+05:30,281.8500061035156,284.25,279.6000061035156,281.20001220703125,259.4679260253906,19943319,0.0,0.0
2019-03-11 00:00:00+05:30,285.29998779296875,289.0,283.5,287.3500061035156,265.1426086425781,22931245,0.0,0.0
2019-03-12 00:00:00+05:30,289.20001220703125,289.8999938964844,285.75,286.8999938964844,264.7273864746094,20828136,0.0,0.0
2019-03-13 00:00:00+05:30,288.1000061035156,294.3999938964844,284.70001220703125,293.1499938964844,270.494384765625,23725641,0.0,0.0
2019-03-14 00:00:00+05:30,294.5,294.70001220703125,290.75,291.8999938964844,269.34100341796875,16164017,0.0,0.0
2019-03-15 00:00:00+05:30,292.6000061035156,301.29998779296875,292.5,298.3999938964844,275.3386535644531,37928480,0.0,0.0
2019-03-18 00:00:00+05:30,298.8999938964844,300.8999938964844,294.6499938964844,298.95001220703125,275.8461608886719,23782967,0.0,0.0
2019-03-19 00:00:00+05:30,300.1499938964844,306.6000061035156,299.1499938964844,303.04998779296875,279.6292724609375,27218691,0.0,0.0
2019-03-20 00:00:00+05:30,302.79998779296875,304.6499938964844,300.04998779296875,303.79998779296875,280.3213195800781,18820555,0.0,0.0
2019-03-22 00:00:00+05:30,304.29998779296875,306.3999938964844,296.95001220703125,298.04998779296875,275.0156555175781,17865957,0.0,0.0
2019-03-25 00:00:00+05:30,294.0,295.45001220703125,292.20001220703125,294.0,271.2786865234375,16895511,0.0,0.0
2019-03-26 00:00:00+05:30,294.75,305.0,294.75,303.5,280.0444641113281,18303791,0.0,0.0
2019-03-27 00:00:00+05:30,305.25,310.8500061035156,304.3500061035156,308.79998779296875,284.93487548828125,35956450,0.0,0.0
2019-03-28 00:00:00+05:30,310.1000061035156,339.6499938964844,309.04998779296875,319.0,294.3465881347656,63244736,0.0,0.0
2019-04-01 00:00:00+05:30,321.79998779296875,327.6499938964844,321.04998779296875,322.75,297.8067932128906,22372357,0.0,0.0
2019-04-02 00:00:00+05:30,323.6499938964844,331.0,322.1000061035156,329.0,303.57379150390625,27897583,0.0,0.0
2019-04-03 00:00:00+05:30,331.0,332.45001220703125,319.5,320.5,295.7306823730469,30552104,0.0,0.0
2019-04-04 00:00:00+05:30,321.5,325.75,318.29998779296875,321.79998779296875,296.93017578125,27832294,0.0,0.0
2019-04-05 00:00:00+05:30,323.70001220703125,323.70001220703125,315.0,317.04998779296875,292.54730224609375,23117232,0.0,0.0
2019-04-08 00:00:00+05:30,318.25,319.25,311.1000061035156,312.79998779296875,288.6257019042969,17394139,0.0,0.0
2019-04-09 00:00:00+05:30,313.95001220703125,315.70001220703125,308.1000061035156,314.75,290.4250183105469,25556039,0.0,0.0
2019-04-10 00:00:00+05:30,314.8500061035156,317.04998779296875,310.0,310.8999938964844,286.8725891113281,19237974,0.0,0.0
2019-04-11 00:00:00+05:30,311.0,315.3999938964844,308.70001220703125,314.8999938964844,290.5634460449219,14897935,0.0,0.0
2019-04-12 00:00:00+05:30,314.6000061035156,316.3999938964844,311.20001220703125,315.25,290.88641357421875,14751964,0.0,0.0
2019-04-15 00:00:00+05:30,315.5,318.70001220703125,313.75,315.6000061035156,291.2093505859375,13864791,0.0,0.0
2019-04-16 00:00:00+05:30,316.6000061035156,319.3999938964844,314.70001220703125,315.75,291.3477783203125,14940726,0.0,0.0
2019-04-18 00:00:00+05:30,315.79998779296875,315.79998779296875,308.04998779296875,310.79998779296875,286.7803039550781,15691168,0.0,0.0
2019-04-22 00:00:00+05:30,308.79998779296875,312.29998779296875,306.3500061035156,310.04998779296875,286.0882873535156,15665440,0.0,0.0
2019-04-23 00:00:00+05:30,310.04998779296875,313.75,304.6000061035156,305.25,281.6592102050781,17324274,0.0,0.0
2019-04-24 00:00:00+05:30,305.8500061035156,311.95001220703125,303.6000061035156,310.75,286.73419189453125,15228591,0.0,0.0
2019-04-25 00:00:00+05:30,311.0,312.0,305.3999938964844,306.20001220703125,282.53582763671875,30842477,0.0,0.0
2019-04-26 00:00:00+05:30,306.8999938964844,313.5,306.6000061035156,312.5,288.34893798828125,14987906,0.0,0.0
2019-04-30 00:00:00+05:30,312.0,312.0,305.0,309.95001220703125,285.99603271484375,18178758,0.0,0.0
2019-05-02 00:00:00+05:30,308.04998779296875,311.3999938964844,305.6499938964844,308.1499938964844,284.3350830078125,16640100,0.0,0.0
2019-05-03 00:00:00+05:30,309.0,311.79998779296875,308.79998779296875,310.0,286.0421142578125,12452689,0.0,0.0
2019-05-06 00:00:00+05:30,306.79998779296875,310.29998779296875,305.8999938964844,308.75,284.8887634277344,10639216,0.0,0.0
2019-05-07 00:00:00+05:30,310.70001220703125,313.3999938964844,303.75,305.45001220703125,281.84381103515625,15219845,0.0,0.0
2019-05-08 00:00:00+05:30,303.95001220703125,305.29998779296875,296.75,298.25,275.2002258300781,22103678,0.0,0.0
2019-05-09 00:00:00+05:30,297.6000061035156,301.0,296.1000061035156,299.29998779296875,276.1690368652344,12654440,0.0,0.0
2019-05-10 00:00:00+05:30,301.79998779296875,310.75,292.45001220703125,308.04998779296875,284.2428283691406,60739833,0.0,0.0
2019-05-13 00:00:00+05:30,310.0,314.20001220703125,305.29998779296875,306.8999938964844,283.1817321777344,40101505,0.0,0.0
2019-05-14 00:00:00+05:30,307.8500061035156,316.75,305.1000061035156,314.6499938964844,290.3327331542969,30521436,0.0,0.0
2019-05-15 00:00:00+05:30,316.20001220703125,317.8999938964844,311.0,312.1000061035156,287.9798583984375,27932459,0.0,0.0
2019-05-16 00:00:00+05:30,312.5,317.1000061035156,309.54998779296875,315.75,291.3477783203125,18147559,0.0,0.0
2019-05-17 00:00:00+05:30,315.6499938964844,321.95001220703125,313.45001220703125,319.25,294.5772705078125,25838962,0.0,0.0
2019-05-20 00:00:00+05:30,332.0,345.79998779296875,331.0,344.70001220703125,318.0603942871094,53207071,0.0,0.0
2019-05-21 00:00:00+05:30,345.8999938964844,347.54998779296875,336.25,337.54998779296875,311.4629821777344,33457162,0.0,0.0
2019-05-22 00:00:00+05:30,338.8999938964844,342.6000061035156,333.54998779296875,341.1000061035156,314.7386169433594,32002499,0.0,0.0
2019-05-23 00:00:00+05:30,353.0,364.0,339.20001220703125,342.20001220703125,315.75360107421875,74413322,0.0,0.0
2019-05-24 00:00:00+05:30,344.95001220703125,357.0,343.5,355.3500061035156,327.8873596191406,35703403,0.0,0.0
2019-05-27 00:00:00+05:30,355.04998779296875,362.5,354.0,361.70001220703125,333.7466125488281,31374994,0.0,0.0
2019-05-28 00:00:00+05:30,360.95001220703125,361.70001220703125,356.6499938964844,360.04998779296875,332.2240905761719,23501608,0.0,0.0
2019-05-29 00:00:00+05:30,358.0,359.0,347.1499938964844,348.6499938964844,321.70513916015625,28370210,0.0,0.0
2019-05-30 00:00:00+05:30,349.75,355.0,347.5,353.54998779296875,326.2264404296875,25712604,0.0,0.0
2019-05-31 00:00:00+05:30,354.3500061035156,357.8999938964844,344.6499938964844,352.5,325.257568359375,32588069,0.0,0.0
2019-06-03 00:00:00+05:30,352.3500061035156,356.45001220703125,349.6499938964844,355.45001220703125,327.97967529296875,18380919,0.0,0.0
2019-06-04 00:00:00+05:30,354.0,357.20001220703125,351.3999938964844,352.3999938964844,325.1653137207031,18130636,0.0,0.0
2019-06-06 00:00:00+05:30,349.0,349.6000061035156,335.8999938964844,336.8999938964844,310.86322021484375,41941144,0.0,0.0
2019-06-07 00:00:00+05:30,337.0,342.75,336.0,342.04998779296875,315.6152038574219,29739710,0.0,0.0
2019-06-10 00:00:00+05:30,346.0,347.29998779296875,340.1499938964844,344.29998779296875,317.6913146972656,20500542,0.0,0.0
2019-06-11 00:00:00+05:30,345.04998779296875,348.29998779296875,342.8500061035156,347.1000061035156,320.27496337890625,16281297,0.0,0.0
2019-06-12 00:00:00+05:30,346.95001220703125,346.95001220703125,342.29998779296875,344.0,317.4145202636719,11564970,0.0,0.0
2019-06-13 00:00:00+05:30,343.0,347.45001220703125,339.79998779296875,346.5,319.7213134765625,15509948,0.0,0.0
2019-06-14 00:00:00+05:30,345.5,346.3500061035156,342.54998779296875,343.79998779296875,317.22998046875,10347594,0.0,0.0
2019-06-17 00:00:00+05:30,343.75,343.75,336.95001220703125,337.8500061035156,311.7398376464844,13779496,0.0,0.0
2019-06-18 00:00:00+05:30,335.5,344.0,333.79998779296875,340.04998779296875,313.769775390625,21957480,0.0,0.0
2019-06-19 00:00:00+05:30,343.1000061035156,345.20001220703125,335.5,338.8500061035156,312.6625061035156,16416903,0.0,0.0
2019-06-20 00:00:00+05:30,341.0,346.25,335.6000061035156,345.1499938964844,318.47564697265625,20626861,0.0,0.0
2019-06-21 00:00:00+05:30,344.79998779296875,350.70001220703125,343.1499938964844,349.3999938964844,322.3971862792969,24749090,0.0,0.0
2019-06-24 00:00:00+05:30,350.0,354.75,349.6499938964844,353.20001220703125,325.9035339355469,17919504,0.0,0.0
2019-06-25 00:00:00+05:30,352.70001220703125,357.0,351.25,356.54998779296875,328.9945983886719,15922634,0.0,0.0
2019-06-26 00:00:00+05:30,355.75,359.0,354.29998779296875,358.1499938964844,330.4709777832031,15835579,0.0,0.0
2019-06-27 00:00:00+05:30,358.1000061035156,363.0,357.25,362.1499938964844,334.16180419921875,29658120,0.0,0.0
2019-06-28 00:00:00+05:30,362.20001220703125,365.0,358.70001220703125,361.25,333.33135986328125,22708464,0.0,0.0
2019-07-01 00:00:00+05:30,362.79998779296875,363.0,358.5,361.54998779296875,333.6081848144531,12348793,0.0,0.0
2019-07-02 00:00:00+05:30,362.1499938964844,365.0,360.3500061035156,364.5,336.3302307128906,14482172,0.0,0.0
2019-07-03 00:00:00+05:30,365.25,366.70001220703125,363.0,366.1499938964844,337.8526916503906,12626285,0.0,0.0
2019-07-04 00:00:00+05:30,367.25,370.8999938964844,366.20001220703125,367.3999938964844,339.006103515625,19252646,0.0,0.0
2019-07-05 00:00:00+05:30,369.45001220703125,373.6000061035156,366.0,370.6499938964844,342.0048828125,30019347,0.0,0.0
2019-07-08 00:00:00+05:30,368.0,368.45001220703125,353.5,355.29998779296875,327.8411560058594,27247892,0.0,0.0
2019-07-09 00:00:00+05:30,353.5,360.0,352.5,359.5,331.7165832519531,16579914,0.0,0.0
2019-07-10 00:00:00+05:30,360.54998779296875,361.5,351.29998779296875,354.20001220703125,326.82623291015625,18681819,0.0,0.0
2019-07-11 00:00:00+05:30,358.5,364.0,357.0,363.20001220703125,335.13067626953125,20048321,0.0,0.0
2019-07-12 00:00:00+05:30,363.0,366.54998779296875,361.5,363.6000061035156,335.499755859375,14661748,0.0,0.0
2019-07-15 00:00:00+05:30,364.1000061035156,365.0,357.6000061035156,360.04998779296875,332.2240905761719,15665939,0.0,0.0
2019-07-16 00:00:00+05:30,358.5,366.0,357.6499938964844,364.3500061035156,336.1918029785156,16251836,0.0,0.0
2019-07-17 00:00:00+05:30,364.04998779296875,373.54998779296875,363.04998779296875,372.3999938964844,343.6196594238281,17545177,0.0,0.0
2019-07-18 00:00:00+05:30,371.95001220703125,373.79998779296875,362.54998779296875,363.6499938964844,335.5458984375,21691056,0.0,0.0
2019-07-19 00:00:00+05:30,365.1000061035156,366.04998779296875,355.1499938964844,356.0,328.48712158203125,22213173,0.0,0.0
2019-07-22 00:00:00+05:30,356.0,359.54998779296875,348.70001220703125,350.8500061035156,323.7351379394531,19682038,0.0,0.0
2019-07-23 00:00:00+05:30,351.20001220703125,353.0,341.0,342.20001220703125,315.75360107421875,27956145,0.0,0.0
2019-07-24 00:00:00+05:30,341.8500061035156,344.70001220703125,336.25,339.6000061035156,313.35455322265625,20823143,0.0,0.0
2019-07-25 00:00:00+05:30,341.70001220703125,343.20001220703125,337.3999938964844,341.29998779296875,314.9231262207031,19857643,0.0,0.0
2019-07-26 00:00:00+05:30,340.79998779296875,346.1499938964844,340.5,342.6000061035156,316.12274169921875,16139052,0.0,0.0
2019-07-29 00:00:00+05:30,343.95001220703125,346.54998779296875,336.79998779296875,343.79998779296875,317.22998046875,17060483,0.0,0.0
2019-07-30 00:00:00+05:30,344.3999938964844,346.70001220703125,325.8500061035156,327.54998779296875,302.2358093261719,24437235,0.0,0.0
2019-07-31 00:00:00+05:30,325.1000061035156,333.20001220703125,323.8999938964844,332.20001220703125,306.5264892578125,22741445,0.0,0.0
2019-08-01 00:00:00+05:30,330.79998779296875,331.5,311.3500061035156,317.1499938964844,292.63958740234375,40853304,0.0,0.0
2019-08-02 00:00:00+05:30,315.54998779296875,322.25,307.04998779296875,308.45001220703125,284.6119384765625,64472348,0.0,0.0
2019-08-05 00:00:00+05:30,298.45001220703125,302.8500061035156,291.70001220703125,300.25,277.0456848144531,48815899,0.0,0.0
2019-08-06 00:00:00+05:30,298.79998779296875,304.25,297.25,301.3999938964844,278.1067810058594,30442970,0.0,0.0
2019-08-07 00:00:00+05:30,302.3999938964844,302.45001220703125,288.79998779296875,289.8999938964844,267.49554443359375,30820114,0.0,0.0
2019-08-08 00:00:00+05:30,290.0,295.5,285.6000061035156,294.3500061035156,271.60162353515625,32929233,0.0,0.0
2019-08-09 00:00:00+05:30,296.29998779296875,298.0,290.04998779296875,291.3500061035156,268.8334655761719,23377581,0.0,0.0
2019-08-13 00:00:00+05:30,290.8999938964844,291.54998779296875,282.5,283.3500061035156,261.4517822265625,24231272,0.0,0.0
2019-08-14 00:00:00+05:30,285.04998779296875,291.25,284.5,289.75,267.35711669921875,18523649,0.0,0.0
2019-08-16 00:00:00+05:30,287.95001220703125,292.79998779296875,284.29998779296875,290.8999938964844,268.41827392578125,20047399,0.0,0.0
2019-08-19 00:00:00+05:30,292.0,292.3999938964844,286.0,286.8500061035156,264.6812438964844,19831459,0.0,0.0
2019-08-20 00:00:00+05:30,287.29998779296875,287.3999938964844,280.6499938964844,283.70001220703125,261.77471923828125,23204417,0.0,0.0
2019-08-21 00:00:00+05:30,285.5,285.6000061035156,276.29998779296875,277.3999938964844,255.9615936279297,28226325,0.0,0.0
2019-08-22 00:00:00+05:30,278.29998779296875,278.29998779296875,267.29998779296875,268.54998779296875,247.79556274414062,27728925,0.0,0.0
2019-08-23 00:00:00+05:30,267.1000061035156,275.25,262.70001220703125,271.1000061035156,250.14849853515625,35212444,0.0,0.0
2019-08-26 00:00:00+05:30,288.0,288.0,270.0,280.20001220703125,258.5451965332031,64066440,0.0,0.0
2019-08-27 00:00:00+05:30,284.0,288.0,282.6000061035156,285.70001220703125,263.6201171875,45164811,0.0,0.0
2019-08-28 00:00:00+05:30,286.6499938964844,286.6499938964844,282.20001220703125,284.8999938964844,262.8819580078125,18979998,0.0,0.0
2019-08-29 00:00:00+05:30,283.20001220703125,284.29998779296875,273.29998779296875,274.5,253.2857208251953,27083514,0.0,0.0
2019-08-30 00:00:00+05:30,275.95001220703125,277.95001220703125,266.8500061035156,273.8500061035156,252.68592834472656,45702652,0.0,0.0
2019-09-03 00:00:00+05:30,272.0,272.0,266.95001220703125,268.3999938964844,247.65708923339844,21241863,0.0,0.0
2019-09-04 00:00:00+05:30,269.70001220703125,275.8500061035156,267.25,275.1000061035156,253.83932495117188,27309675,0.0,0.0
2019-09-05 00:00:00+05:30,275.0,276.3500061035156,271.04998779296875,273.29998779296875,252.1784210205078,25085139,0.0,0.0
2019-09-06 00:00:00+05:30,275.04998779296875,277.0,272.1000061035156,273.95001220703125,252.77821350097656,16675146,0.0,0.0
2019-09-09 00:00:00+05:30,273.95001220703125,278.70001220703125,271.0,278.0,256.5152282714844,18616889,0.0,0.0
2019-09-11 00:00:00+05:30,278.5,285.8500061035156,278.5,285.25,263.20489501953125,20999669,0.0,0.0
2019-09-12 00:00:00+05:30,286.75,288.79998779296875,284.1499938964844,287.04998779296875,264.86578369140625,21964832,0.0,0.0
2019-09-13 00:00:00+05:30,285.0,292.5,282.0,291.70001220703125,269.1564636230469,27303181,0.0,0.0
2019-09-16 00:00:00+05:30,288.20001220703125,290.45001220703125,283.79998779296875,284.70001220703125,262.69744873046875,18267680,0.0,0.0
2019-09-17 00:00:00+05:30,285.0,286.45001220703125,273.0,273.95001220703125,252.77821350097656,21533362,0.0,0.0
2019-09-18 00:00:00+05:30,277.20001220703125,282.95001220703125,274.3999938964844,280.3999938964844,258.729736328125,25478758,0.0,0.0
2019-09-19 00:00:00+05:30,279.95001220703125,279.95001220703125,273.04998779296875,274.04998779296875,252.87045288085938,23387797,0.0,0.0
2019-09-20 00:00:00+05:30,274.5,307.6499938964844,268.3999938964844,301.70001220703125,278.38360595703125,84481749,0.0,0.0
2019-09-23 00:00:00+05:30,307.54998779296875,316.0,300.3999938964844,313.75,289.5023498535156,54178171,0.0,0.0
2019-09-24 00:00:00+05:30,313.1499938964844,315.1499938964844,300.79998779296875,302.6000061035156,279.2140197753906,40096711,0.0,0.0
2019-09-25 00:00:00+05:30,297.0,297.5,278.70001220703125,280.25,258.5913391113281,73063465,0.0,0.0
2019-09-26 00:00:00+05:30,281.5,289.8999938964844,277.0,281.8500061035156,260.06768798828125,79005946,0.0,0.0
2019-09-27 00:00:00+05:30,282.70001220703125,286.04998779296875,280.0,281.20001220703125,259.4679260253906,37851718,0.0,0.0
2019-09-30 00:00:00+05:30,281.3999938964844,281.8500061035156,270.1499938964844,270.79998779296875,249.8716583251953,41094131,0.0,0.0
2019-10-01 00:00:00+05:30,272.75,275.5,245.5500030517578,255.9499969482422,236.16929626464844,79350077,0.0,0.0
2019-10-03 00:00:00+05:30,254.0,260.70001220703125,250.10000610351562,254.14999389648438,234.50840759277344,56207921,0.0,0.0
2019-10-04 00:00:00+05:30,258.5,260.5,248.5500030517578,249.9499969482422,230.6330108642578,60029186,0.0,0.0
2019-10-07 00:00:00+05:30,251.5,253.39999389648438,246.85000610351562,249.10000610351562,229.84872436523438,39160623,0.0,0.0
2019-10-09 00:00:00+05:30,250.10000610351562,262.0,244.35000610351562,260.95001220703125,240.78292846679688,60328507,0.0,0.0
2019-10-10 00:00:00+05:30,258.0,258.0,252.60000610351562,254.14999389648438,234.50840759277344,37577511,0.0,0.0
2019-10-11 00:00:00+05:30,256.20001220703125,261.3999938964844,251.5,254.5500030517578,234.87750244140625,43272106,0.0,0.0
2019-10-14 00:00:00+05:30,256.95001220703125,259.3999938964844,254.0,255.4499969482422,235.70794677734375,28265136,0.0,0.0
2019-10-15 00:00:00+05:30,256.45001220703125,259.8999938964844,254.8000030517578,258.45001220703125,238.4761199951172,23444973,0.0,0.0
2019-10-16 00:00:00+05:30,259.29998779296875,261.95001220703125,255.0,256.04998779296875,236.2615966796875,30892295,0.0,0.0
2019-10-17 00:00:00+05:30,256.3999938964844,266.0,255.60000610351562,265.45001220703125,244.9351348876953,37061013,0.0,0.0
2019-10-18 00:00:00+05:30,264.3999938964844,271.3500061035156,263.20001220703125,269.6499938964844,248.8105010986328,33203721,0.0,0.0
2019-10-22 00:00:00+05:30,270.3999938964844,275.0,268.5,270.5,249.5948486328125,27574295,0.0,0.0
2019-10-23 00:00:00+05:30,270.75,277.79998779296875,268.6499938964844,275.45001220703125,254.1623077392578,31789622,0.0,0.0
2019-10-24 00:00:00+05:30,276.0,277.6499938964844,248.64999389648438,262.5,242.21310424804688,63943183,0.0,0.0
2019-10-25 00:00:00+05:30,265.79998779296875,284.1499938964844,263.54998779296875,281.54998779296875,259.79083251953125,105518180,0.0,0.0
2019-10-27 00:00:00+05:30,284.95001220703125,284.95001220703125,280.25,281.79998779296875,260.0215148925781,12183625,0.0,0.0
2019-10-29 00:00:00+05:30,283.1499938964844,285.0,278.54998779296875,280.6499938964844,258.96038818359375,51033578,0.0,0.0
2019-10-30 00:00:00+05:30,283.0,291.0,279.25,289.8999938964844,267.49554443359375,51469048,0.0,0.0
2019-10-31 00:00:00+05:30,293.3500061035156,317.79998779296875,292.75,312.3999938964844,288.25665283203125,128449327,0.0,0.0
2019-11-01 00:00:00+05:30,312.3999938964844,315.0,308.6000061035156,313.54998779296875,289.3177795410156,44894016,0.0,0.0
2019-11-04 00:00:00+05:30,316.0,319.0,312.3500061035156,314.29998779296875,290.00982666015625,31535656,0.0,0.0
2019-11-05 00:00:00+05:30,313.8999938964844,322.0,312.79998779296875,319.20001220703125,294.5311584472656,50080853,0.0,0.0
2019-11-06 00:00:00+05:30,318.95001220703125,318.95001220703125,314.0,317.54998779296875,293.0086364746094,32157080,0.0,0.0
2019-11-07 00:00:00+05:30,318.25,323.29998779296875,316.79998779296875,318.1499938964844,293.562255859375,33926772,0.0,0.0
2019-11-08 00:00:00+05:30,316.20001220703125,321.0,314.5,316.0,291.5784912109375,25423362,0.0,0.0
2019-11-11 00:00:00+05:30,314.70001220703125,319.6499938964844,313.1000061035156,318.25,293.654541015625,20491942,0.0,0.0
2019-11-13 00:00:00+05:30,316.04998779296875,318.6000061035156,305.6499938964844,306.79998779296875,283.0894470214844,32675829,0.0,0.0
2019-11-14 00:00:00+05:30,306.95001220703125,309.5,299.70001220703125,306.0,282.3512878417969,43617772,0.0,0.0
2019-11-15 00:00:00+05:30,312.0,323.70001220703125,310.04998779296875,321.8999938964844,297.0224609375,95199897,0.0,0.0
2019-11-18 00:00:00+05:30,324.0,329.8500061035156,323.75,325.1000061035156,299.9751892089844,39009263,0.0,0.0
2019-11-19 00:00:00+05:30,325.79998779296875,331.79998779296875,322.1000061035156,330.3999938964844,304.86553955078125,41372145,0.0,0.0
2019-11-20 00:00:00+05:30,332.0,332.5,325.1000061035156,328.79998779296875,303.3891906738281,29972583,0.0,0.0
2019-11-21 00:00:00+05:30,329.25,332.8500061035156,326.54998779296875,331.3500061035156,305.7421569824219,34116162,0.0,0.0
2019-11-22 00:00:00+05:30,331.45001220703125,333.79998779296875,328.25,329.29998779296875,303.8505859375,28974967,0.0,0.0
2019-11-25 00:00:00+05:30,329.0,337.5,328.3500061035156,336.1000061035156,310.1250915527344,27561300,0.0,0.0
2019-11-26 00:00:00+05:30,338.0,340.0,332.6000061035156,335.5,309.5714416503906,36464072,0.0,0.0
2019-11-27 00:00:00+05:30,335.95001220703125,345.54998779296875,334.04998779296875,343.54998779296875,316.9992980957031,33971305,0.0,0.0
2019-11-28 00:00:00+05:30,346.8500061035156,351.0,344.5,349.29998779296875,322.3049011230469,42538227,0.0,0.0
2019-11-29 00:00:00+05:30,348.8500061035156,348.8500061035156,340.6000061035156,341.8500061035156,315.43072509765625,23081823,0.0,0.0
2019-12-02 00:00:00+05:30,343.8999938964844,344.3500061035156,336.20001220703125,338.5,312.33953857421875,20648850,0.0,0.0
2019-12-03 00:00:00+05:30,341.0,342.95001220703125,333.3500061035156,336.25,310.2634582519531,26482178,0.0,0.0
2019-12-04 00:00:00+05:30,334.1000061035156,342.95001220703125,331.8500061035156,341.8500061035156,315.43072509765625,26789483,0.0,0.0
2019-12-05 00:00:00+05:30,343.0,344.6000061035156,335.1499938964844,336.20001220703125,310.2173156738281,30429507,0.0,0.0
2019-12-06 00:00:00+05:30,336.70001220703125,337.6499938964844,318.0,320.0,295.269287109375,47027528,0.0,0.0
2019-12-09 00:00:00+05:30,318.95001220703125,327.6499938964844,314.75,316.70001220703125,292.224365234375,52435239,0.0,0.0
2019-12-10 00:00:00+05:30,317.20001220703125,322.6499938964844,312.25,313.3999938964844,289.17938232421875,52155809,0.0,0.0
2019-12-11 00:00:00+05:30,311.20001220703125,315.75,308.0,312.79998779296875,288.6257019042969,52557951,0.0,0.0
2019-12-12 00:00:00+05:30,314.0,322.95001220703125,313.54998779296875,321.8500061035156,296.9763488769531,37804216,0.0,0.0
2019-12-13 00:00:00+05:30,325.20001220703125,333.45001220703125,325.0,332.54998779296875,306.8493957519531,40955226,0.0,0.0
2019-12-16 00:00:00+05:30,335.95001220703125,337.25,330.79998779296875,331.8500061035156,306.2034912109375,35027613,0.0,0.0
2019-12-17 00:00:00+05:30,333.25,335.75,330.6499938964844,332.8999938964844,307.1723327636719,26734601,0.0,0.0
2019-12-18 00:00:00+05:30,335.0,335.54998779296875,325.79998779296875,326.95001220703125,301.6822204589844,26449075,0.0,0.0
2019-12-19 00:00:00+05:30,327.3500061035156,329.6000061035156,324.5,328.1499938964844,302.7894592285156,27516289,0.0,0.0
2019-12-20 00:00:00+05:30,330.3500061035156,339.5,330.3500061035156,337.8500061035156,311.7398376464844,51839714,0.0,0.0
2019-12-23 00:00:00+05:30,335.70001220703125,338.8500061035156,330.3500061035156,332.3999938964844,306.71099853515625,30150335,0.0,0.0
2019-12-24 00:00:00+05:30,333.20001220703125,334.20001220703125,329.20001220703125,331.45001220703125,305.8344421386719,21747782,0.0,0.0
2019-12-26 00:00:00+05:30,333.0,333.45001220703125,328.1000061035156,329.8500061035156,304.3580627441406,24616942,0.0,0.0
2019-12-27 00:00:00+05:30,333.3999938964844,338.3500061035156,333.0,337.25,311.18621826171875,33477173,0.0,0.0
2019-12-30 00:00:00+05:30,337.75,337.8500061035156,332.5,334.3999938964844,308.5564270019531,22775554,0.0,0.0
2019-12-31 00:00:00+05:30,334.3999938964844,336.3500061035156,332.54998779296875,333.75,307.9566650390625,23801635,0.0,0.0
2020-01-01 00:00:00+05:30,334.70001220703125,335.95001220703125,332.1499938964844,334.45001220703125,308.6026306152344,17379320,0.0,0.0
2020-01-02 00:00:00+05:30,334.5,339.8500061035156,333.3500061035156,339.29998779296875,313.0777587890625,20324236,0.0,0.0
2020-01-03 00:00:00+05:30,337.95001220703125,337.95001220703125,332.0,333.70001220703125,307.9105224609375,21853208,0.0,0.0
2020-01-06 00:00:00+05:30,331.70001220703125,331.70001220703125,317.70001220703125,319.0,294.3465881347656,35645325,0.0,0.0
2020-01-07 00:00:00+05:30,324.45001220703125,327.0,315.3999938964844,318.3999938964844,293.7929382324219,50966826,0.0,0.0
2020-01-08 00:00:00+05:30,312.1000061035156,321.5,311.0,319.79998779296875,295.084716796875,44527485,0.0,0.0
2020-01-09 00:00:00+05:30,326.8999938964844,331.3999938964844,325.0,330.20001220703125,304.6810302734375,40348407,0.0,0.0
2020-01-10 00:00:00+05:30,331.0,337.95001220703125,328.1000061035156,332.25,306.5725402832031,42377838,0.0,0.0
2020-01-13 00:00:00+05:30,334.0,335.45001220703125,329.04998779296875,330.75,305.18853759765625,23615129,0.0,0.0
2020-01-14 00:00:00+05:30,329.79998779296875,331.70001220703125,326.5,328.0,302.6510314941406,26296117,0.0,0.0
2020-01-15 00:00:00+05:30,329.0,329.20001220703125,322.3500061035156,324.25,299.1908874511719,32625740,0.0,0.0
2020-01-16 00:00:00+05:30,324.0,326.8999938964844,322.3500061035156,323.29998779296875,298.31427001953125,26653623,0.0,0.0
2020-01-17 00:00:00+05:30,313.0,323.5,310.1000061035156,318.0,293.42388916015625,58396326,0.0,0.0
2020-01-20 00:00:00+05:30,321.0,321.45001220703125,313.3999938964844,314.0,289.7330322265625,30682902,0.0,0.0
2020-01-21 00:00:00+05:30,313.79998779296875,316.95001220703125,312.0,313.70001220703125,289.4561767578125,30591772,0.0,0.0
2020-01-22 00:00:00+05:30,317.0,317.0,313.70001220703125,316.1499938964844,291.71685791015625,24994911,0.0,0.0
2020-01-23 00:00:00+05:30,316.0,324.79998779296875,314.1499938964844,323.20001220703125,298.2220153808594,33293610,0.0,0.0
2020-01-24 00:00:00+05:30,323.5,327.29998779296875,321.1499938964844,324.04998779296875,299.0063171386719,22706879,0.0,0.0
2020-01-27 00:00:00+05:30,320.8999938964844,322.0,315.79998779296875,316.20001220703125,291.7630310058594,23309355,0.0,0.0
2020-01-28 00:00:00+05:30,317.95001220703125,320.0,311.04998779296875,315.1000061035156,290.7480163574219,26488426,0.0,0.0
2020-01-29 00:00:00+05:30,317.8500061035156,319.70001220703125,315.54998779296875,316.45001220703125,291.9936828613281,23914114,0.0,0.0
2020-01-30 00:00:00+05:30,316.75,316.75,305.6499938964844,310.70001220703125,286.68804931640625,35802330,0.0,0.0
2020-01-31 00:00:00+05:30,313.70001220703125,321.70001220703125,308.6000061035156,318.45001220703125,293.839111328125,92656638,0.0,0.0
2020-02-03 00:00:00+05:30,303.0,306.8500061035156,295.3500061035156,298.1000061035156,275.06182861328125,56060158,0.0,0.0
2020-02-04 00:00:00+05:30,302.8999938964844,307.54998779296875,297.1000061035156,306.25,282.58197021484375,51141567,0.0,0.0
2020-02-05 00:00:00+05:30,306.8999938964844,313.6499938964844,304.6000061035156,311.0,286.96484375,35014841,0.0,0.0
2020-02-06 00:00:00+05:30,311.20001220703125,323.5,310.1000061035156,321.95001220703125,297.068603515625,57757656,0.0,0.0
2020-02-07 00:00:00+05:30,321.5,325.0,318.3999938964844,320.54998779296875,295.7768249511719,37126803,0.0,0.0
2020-02-10 00:00:00+05:30,319.79998779296875,322.79998779296875,316.5,318.5,293.88525390625,24816396,0.0,0.0
2020-02-11 00:00:00+05:30,321.04998779296875,325.79998779296875,321.04998779296875,324.3500061035156,299.28314208984375,30188757,0.0,0.0
2020-02-12 00:00:00+05:30,329.8999938964844,329.8999938964844,319.25,320.20001220703125,295.453857421875,38930849,0.0,0.0
2020-02-13 00:00:00+05:30,322.0,330.95001220703125,322.0,327.45001220703125,302.1435852050781,62516057,0.0,0.0
2020-02-14 00:00:00+05:30,328.1000061035156,331.8999938964844,318.54998779296875,319.3999938964844,294.7156677246094,48205947,0.0,0.0
2020-02-17 00:00:00+05:30,320.95001220703125,321.1499938964844,311.6499938964844,314.20001220703125,289.9175720214844,36950692,0.0,0.0
2020-02-18 00:00:00+05:30,315.3999938964844,319.20001220703125,309.3999938964844,317.54998779296875,293.0086364746094,38588583,0.0,0.0
2020-02-19 00:00:00+05:30,322.29998779296875,324.0,317.25,320.3500061035156,295.59228515625,39846727,0.0,0.0
2020-02-20 00:00:00+05:30,319.3500061035156,329.20001220703125,318.75,327.6499938964844,302.3280944824219,40150409,0.0,0.0
2020-02-24 00:00:00+05:30,325.75,331.29998779296875,321.8500061035156,322.95001220703125,297.9913330078125,45273936,0.0,0.0
2020-02-25 00:00:00+05:30,325.8999938964844,328.1499938964844,322.20001220703125,326.79998779296875,301.54376220703125,39050709,0.0,0.0
2020-02-26 00:00:00+05:30,324.8500061035156,330.79998779296875,324.20001220703125,328.20001220703125,302.8356018066406,43915281,0.0,0.0
2020-02-27 00:00:00+05:30,328.0,330.0,318.0,321.95001220703125,297.068603515625,47010040,0.0,0.0
2020-02-28 00:00:00+05:30,312.0,314.6499938964844,301.1000061035156,303.0,279.5830993652344,59705346,0.0,0.0
2020-03-02 00:00:00+05:30,311.0,312.0,284.04998779296875,287.3999938964844,265.1887512207031,66711413,0.0,0.0
2020-03-03 00:00:00+05:30,293.0,294.3999938964844,285.29998779296875,289.8500061035156,267.4494323730469,61949382,0.0,0.0
2020-03-04 00:00:00+05:30,291.79998779296875,293.0,275.1000061035156,285.29998779296875,263.25103759765625,73675736,0.0,0.0
2020-03-05 00:00:00+05:30,290.8999938964844,298.3999938964844,270.0,288.5,266.2037353515625,149245973,0.0,0.0
2020-03-06 00:00:00+05:30,268.0,274.3999938964844,253.9499969482422,270.5,249.5948486328125,106043172,0.0,0.0
2020-03-09 00:00:00+05:30,260.04998779296875,262.75,251.14999389648438,253.4499969482422,233.86251831054688,101286241,0.0,0.0
2020-03-11 00:00:00+05:30,253.0,258.5,243.10000610351562,245.10000610351562,226.15785217285156,90845604,0.0,0.0
2020-03-12 00:00:00+05:30,231.89999389648438,231.89999389648438,208.60000610351562,212.60000610351562,196.1695556640625,99767083,0.0,0.0
2020-03-13 00:00:00+05:30,200.0,248.8000030517578,184.64999389648438,242.0,223.29742431640625,155701316,0.0,0.0
2020-03-16 00:00:00+05:30,227.89999389648438,231.39999389648438,220.60000610351562,223.35000610351562,206.08877563476562,75583409,0.0,0.0
2020-03-17 00:00:00+05:30,227.1999969482422,229.89999389648438,212.0500030517578,215.14999389648438,198.52247619628906,65403057,0.0,0.0
2020-03-18 00:00:00+05:30,221.0,223.14999389648438,200.10000610351562,215.1999969482422,198.56861877441406,101356399,0.0,0.0
2020-03-19 00:00:00+05:30,202.9499969482422,219.75,198.14999389648438,203.64999389648438,187.91122436523438,93533467,0.0,0.0
2020-03-20 00:00:00+05:30,205.5500030517578,215.6999969482422,200.0,209.85000610351562,193.63209533691406,77391650,0.0,0.0
2020-03-23 00:00:00+05:30,190.0,199.5,180.25,181.60000610351562,167.56533813476562,61750037,0.0,0.0
2020-03-24 00:00:00+05:30,190.9499969482422,191.9499969482422,173.5500030517578,183.1999969482422,169.0416717529297,67491360,0.0,0.0
2020-03-25 00:00:00+05:30,178.0,195.25,176.4499969482422,189.89999389648438,175.223876953125,71567553,0.0,0.0
2020-03-26 00:00:00+05:30,191.5500030517578,201.0,185.10000610351562,192.75,177.85362243652344,107260359,0.0,0.0
2020-03-27 00:00:00+05:30,202.0,211.89999389648438,195.0,195.9499969482422,180.8063201904297,114740377,0.0,0.0
2020-03-30 00:00:00+05:30,190.0,195.0,186.25,186.89999389648438,172.4557342529297,60081554,0.0,0.0
2020-03-31 00:00:00+05:30,192.0,198.5,188.0500030517578,196.85000610351562,181.6367645263672,59543412,0.0,0.0
2020-04-01 00:00:00+05:30,194.0,194.5,185.25,186.5500030517578,172.13278198242188,52954239,0.0,0.0
2020-04-03 00:00:00+05:30,187.5500030517578,188.1999969482422,175.0,175.5,161.936767578125,64448494,0.0,0.0
2020-04-07 00:00:00+05:30,184.39999389648438,187.3000030517578,177.60000610351562,186.39999389648438,171.99435424804688,72130500,0.0,0.0
2020-04-08 00:00:00+05:30,182.89999389648438,194.39999389648438,180.4499969482422,183.0,168.8571319580078,80435759,0.0,0.0
2020-04-09 00:00:00+05:30,188.0,190.0,183.60000610351562,187.75,173.2400360107422,62416005,0.0,0.0
2020-04-13 00:00:00+05:30,186.8000030517578,188.6999969482422,183.10000610351562,183.5,169.31849670410156,51847146,0.0,0.0
2020-04-15 00:00:00+05:30,187.0,191.9499969482422,180.14999389648438,182.35000610351562,168.2573699951172,72190004,0.0,0.0
2020-04-16 00:00:00+05:30,182.0,189.89999389648438,180.25,188.5,173.9320831298828,61165773,0.0,0.0
2020-04-17 00:00:00+05:30,196.0,198.0,186.3000030517578,193.25,178.3149871826172,89851063,0.0,0.0
2020-04-20 00:00:00+05:30,194.0,197.35000610351562,190.0500030517578,192.5,177.62295532226562,81958510,0.0,0.0
2020-04-21 00:00:00+05:30,188.0,188.1999969482422,183.0,184.75,170.47189331054688,53042420,0.0,0.0
2020-04-22 00:00:00+05:30,185.5,189.5,181.35000610351562,188.6999969482422,174.11660766601562,61503413,0.0,0.0
2020-04-23 00:00:00+05:30,187.75,189.89999389648438,185.14999389648438,186.6999969482422,172.27117919921875,50955312,0.0,0.0
2020-04-24 00:00:00+05:30,184.0,184.0,179.0,179.75,165.85829162597656,65137305,0.0,0.0
2020-04-27 00:00:00+05:30,183.5,183.5,180.5,180.89999389648438,166.91943359375,42996571,0.0,0.0
2020-04-28 00:00:00+05:30,182.0,185.35000610351562,181.1999969482422,184.3000030517578,170.05667114257812,49590230,0.0,0.0
2020-04-29 00:00:00+05:30,185.0,191.8000030517578,183.5,190.10000610351562,175.40841674804688,57470466,0.0,0.0
2020-04-30 00:00:00+05:30,193.5,195.89999389648438,189.6999969482422,190.5,175.7775115966797,63063889,0.0,0.0
2020-05-04 00:00:00+05:30,182.4499969482422,183.5,178.0,178.85000610351562,165.02786254882812,58118177,0.0,0.0
2020-05-05 00:00:00+05:30,181.0,181.25,168.8000030517578,170.39999389648438,157.23089599609375,91050439,0.0,0.0
2020-05-06 00:00:00+05:30,171.14999389648438,173.3000030517578,166.5500030517578,171.10000610351562,157.87680053710938,73156432,0.0,0.0
2020-05-07 00:00:00+05:30,170.85000610351562,172.5500030517578,168.8000030517578,170.75,157.55384826660156,42942399,0.0,0.0
2020-05-08 00:00:00+05:30,172.4499969482422,173.8000030517578,166.10000610351562,166.64999389648438,153.77073669433594,55932236,0.0,0.0
2020-05-11 00:00:00+05:30,167.9499969482422,168.89999389648438,165.0,165.4499969482422,152.6634521484375,54591827,0.0,0.0
2020-05-12 00:00:00+05:30,164.1999969482422,168.5,160.85000610351562,166.89999389648438,154.0013885498047,70752542,0.0,0.0
2020-05-13 00:00:00+05:30,178.5500030517578,178.5500030517578,170.5,174.10000610351562,160.6449737548828,81720683,0.0,0.0
2020-05-14 00:00:00+05:30,170.9499969482422,171.75,167.5,167.9499969482422,154.97024536132812,48136531,0.0,0.0
2020-05-15 00:00:00+05:30,167.9499969482422,168.25,164.6999969482422,166.39999389648438,153.5400390625,35495540,0.0,0.0
2020-05-18 00:00:00+05:30,166.39999389648438,166.39999389648438,155.0,155.3000030517578,143.2978973388672,77349435,0.0,0.0
2020-05-19 00:00:00+05:30,157.5,157.85000610351562,152.39999389648438,152.8000030517578,140.99111938476562,71522334,0.0,0.0
2020-05-20 00:00:00+05:30,153.0,155.25,151.14999389648438,153.39999389648438,141.5447235107422,66168767,0.0,0.0
2020-05-21 00:00:00+05:30,153.64999389648438,156.14999389648438,151.5,151.9499969482422,140.20677185058594,61147471,0.0,0.0
2020-05-22 00:00:00+05:30,152.0,155.60000610351562,149.4499969482422,150.85000610351562,139.19180297851562,87064198,0.0,0.0
2020-05-26 00:00:00+05:30,152.39999389648438,153.1999969482422,150.1999969482422,151.39999389648438,139.6992950439453,48275988,0.0,0.0
2020-05-27 00:00:00+05:30,151.9499969482422,160.8000030517578,150.8000030517578,158.60000610351562,146.3428497314453,88195120,0.0,0.0
2020-05-28 00:00:00+05:30,159.4499969482422,162.39999389648438,156.6999969482422,158.1999969482422,145.9737548828125,76968678,0.0,0.0
2020-05-29 00:00:00+05:30,156.10000610351562,161.89999389648438,155.1999969482422,161.3000030517578,148.8341827392578,58363280,0.0,0.0
2020-06-01 00:00:00+05:30,164.0,171.39999389648438,163.35000610351562,170.0500030517578,156.90797424316406,92740893,0.0,0.0
2020-06-02 00:00:00+05:30,169.89999389648438,171.3000030517578,167.1999969482422,170.25,157.0924835205078,70419104,0.0,0.0
2020-06-03 00:00:00+05:30,172.5,179.89999389648438,172.0,174.89999389648438,161.3831329345703,113168889,0.0,0.0
2020-06-04 00:00:00+05:30,174.89999389648438,177.64999389648438,171.5,174.0500030517578,160.5988311767578,83494674,0.0,0.0
2020-06-05 00:00:00+05:30,176.5500030517578,189.8000030517578,176.0,187.8000030517578,173.2861785888672,201321234,0.0,0.0
2020-06-08 00:00:00+05:30,197.0,197.5,185.8000030517578,186.8000030517578,172.36346435546875,151741826,0.0,0.0
2020-06-09 00:00:00+05:30,187.6999969482422,191.0,183.35000610351562,184.4499969482422,170.19505310058594,96654191,0.0,0.0
2020-06-10 00:00:00+05:30,184.5500030517578,189.0,183.8000030517578,187.6999969482422,173.19387817382812,67333317,0.0,0.0
2020-06-11 00:00:00+05:30,188.0,190.39999389648438,176.35000610351562,177.14999389648438,163.45924377441406,91726802,0.0,0.0
2020-06-12 00:00:00+05:30,170.0,180.0,169.8000030517578,179.14999389648438,165.3046875,92758901,0.0,0.0
2020-06-15 00:00:00+05:30,177.85000610351562,177.85000610351562,172.0,173.6999969482422,160.27586364746094,63613412,0.0,0.0
2020-06-16 00:00:00+05:30,178.0,178.9499969482422,169.39999389648438,172.89999389648438,159.53770446777344,63925976,0.0,0.0
2020-06-17 00:00:00+05:30,171.0,176.1999969482422,169.25,172.9499969482422,159.58383178710938,73866905,0.0,0.0
2020-06-18 00:00:00+05:30,172.39999389648438,180.64999389648438,171.10000610351562,179.64999389648438,165.7660369873047,58261857,0.0,0.0
2020-06-19 00:00:00+05:30,180.3000030517578,184.9499969482422,179.5,184.5,170.2412109375,76895151,0.0,0.0
2020-06-22 00:00:00+05:30,185.0,191.75,184.25,187.6999969482422,173.19387817382812,80023958,0.0,0.0
2020-06-23 00:00:00+05:30,189.60000610351562,193.10000610351562,187.85000610351562,192.4499969482422,177.5768280029297,65487085,0.0,0.0
2020-06-24 00:00:00+05:30,194.8000030517578,194.89999389648438,183.89999389648438,184.60000610351562,170.33349609375,74668987,0.0,0.0
2020-06-25 00:00:00+05:30,182.1999969482422,186.8000030517578,180.39999389648438,185.25,170.93325805664062,73620385,0.0,0.0
2020-06-26 00:00:00+05:30,188.0,188.60000610351562,183.8000030517578,184.60000610351562,170.33349609375,49176958,0.0,0.0
2020-06-29 00:00:00+05:30,183.0,183.10000610351562,178.5,179.25,165.39695739746094,50966428,0.0,0.0
2020-06-30 00:00:00+05:30,181.10000610351562,182.89999389648438,177.25,178.4499969482422,164.6587677001953,43613239,0.0,0.0
2020-07-01 00:00:00+05:30,179.4499969482422,185.39999389648438,178.60000610351562,184.8000030517578,170.51803588867188,54012853,0.0,0.0
2020-07-02 00:00:00+05:30,185.64999389648438,188.0,184.0,185.4499969482422,171.11778259277344,52127276,0.0,0.0
2020-07-03 00:00:00+05:30,186.64999389648438,186.85000610351562,183.39999389648438,184.6999969482422,170.42575073242188,38048810,0.0,0.0
2020-07-06 00:00:00+05:30,186.60000610351562,189.85000610351562,186.14999389648438,188.0500030517578,173.51686096191406,43773740,0.0,0.0
2020-07-07 00:00:00+05:30,187.0,189.1999969482422,184.0500030517578,188.60000610351562,174.0243682861328,55124494,0.0,0.0
2020-07-08 00:00:00+05:30,188.89999389648438,197.4499969482422,188.39999389648438,191.89999389648438,177.06930541992188,143063102,0.0,0.0
2020-07-09 00:00:00+05:30,192.8000030517578,201.0,192.5500030517578,199.10000610351562,183.712890625,89539723,0.0,0.0
2020-07-10 00:00:00+05:30,198.0,202.5,194.8000030517578,195.60000610351562,180.48338317871094,111406477,0.0,0.0
2020-07-13 00:00:00+05:30,198.8000030517578,199.8000030517578,191.60000610351562,192.6999969482422,177.80747985839844,61949761,0.0,0.0
2020-07-14 00:00:00+05:30,192.3000030517578,192.3000030517578,184.60000610351562,186.0500030517578,171.67141723632812,62239932,0.0,0.0
2020-07-15 00:00:00+05:30,187.9499969482422,189.9499969482422,183.0,183.8000030517578,169.59532165527344,58527305,0.0,0.0
2020-07-16 00:00:00+05:30,185.0,186.9499969482422,181.64999389648438,186.25,171.85597229003906,46546803,0.0,0.0
2020-07-17 00:00:00+05:30,186.8000030517578,189.5,185.0,188.1999969482422,173.65525817871094,47035238,0.0,0.0
2020-07-20 00:00:00+05:30,190.0,193.25,188.75,190.75,176.00819396972656,45672856,0.0,0.0
2020-07-21 00:00:00+05:30,192.4499969482422,196.1999969482422,191.5,194.39999389648438,179.37611389160156,59281860,0.0,0.0
2020-07-22 00:00:00+05:30,195.6999969482422,196.75,190.10000610351562,192.0,177.16159057617188,62276152,0.0,0.0
2020-07-23 00:00:00+05:30,192.39999389648438,199.10000610351562,191.14999389648438,198.25,182.92855834960938,70801412,0.0,0.0
2020-07-24 00:00:00+05:30,195.6999969482422,196.3000030517578,190.64999389648438,191.9499969482422,177.1154327392578,65265493,0.0,0.0
2020-07-27 00:00:00+05:30,193.0,193.1999969482422,186.5,187.14999389648438,172.68641662597656,50697767,0.0,0.0
2020-07-28 00:00:00+05:30,188.0,190.5,185.75,189.4499969482422,174.80865478515625,51488617,0.0,0.0
2020-07-29 00:00:00+05:30,187.60000610351562,195.25,187.0,191.1999969482422,176.42340087890625,73763368,0.0,0.0
2020-07-30 00:00:00+05:30,192.5,193.5,186.0500030517578,186.5500030517578,172.13278198242188,48472816,0.0,0.0
2020-07-31 00:00:00+05:30,188.0,194.85000610351562,186.6999969482422,191.4499969482422,176.65408325195312,145892485,0.0,0.0
2020-08-03 00:00:00+05:30,192.0,194.60000610351562,190.0500030517578,192.25,177.39227294921875,72454278,0.0,0.0
2020-08-04 00:00:00+05:30,193.35000610351562,193.8000030517578,190.5,191.60000610351562,176.79251098632812,43866676,0.0,0.0
2020-08-05 00:00:00+05:30,192.75,196.85000610351562,191.0,191.4499969482422,176.65408325195312,68888892,0.0,0.0
2020-08-06 00:00:00+05:30,192.3000030517578,194.5,190.25,190.9499969482422,176.19271850585938,59740172,0.0,0.0
2020-08-07 00:00:00+05:30,191.4499969482422,192.10000610351562,189.5500030517578,190.64999389648438,175.9159393310547,44822338,0.0,0.0
2020-08-10 00:00:00+05:30,191.85000610351562,195.5,191.6999969482422,193.8000030517578,178.8224639892578,48784530,0.0,0.0
2020-08-11 00:00:00+05:30,195.0,196.8000030517578,193.75,195.0500030517578,179.9758758544922,43890305,0.0,0.0
2020-08-12 00:00:00+05:30,196.0,204.25,194.60000610351562,203.3000030517578,187.58828735351562,157818228,0.0,0.0
2020-08-13 00:00:00+05:30,205.5,207.3000030517578,200.75,201.89999389648438,186.29647827148438,70443118,0.0,0.0
2020-08-14 00:00:00+05:30,203.0,204.0,194.60000610351562,196.5,181.3137969970703,56169088,0.0,0.0
2020-08-17 00:00:00+05:30,198.4499969482422,198.64999389648438,191.5,193.10000610351562,178.17657470703125,54787889,0.0,0.0
2020-08-18 00:00:00+05:30,193.8000030517578,195.75,191.6999969482422,195.10000610351562,180.0220184326172,46294169,0.0,0.0
2020-08-19 00:00:00+05:30,196.39999389648438,200.3000030517578,195.89999389648438,197.0500030517578,181.82130432128906,59296062,0.0,0.0
2020-08-20 00:00:00+05:30,194.0,196.35000610351562,193.25,194.75,179.69906616210938,37504602,0.0,0.0
2020-08-21 00:00:00+05:30,199.0,201.5,197.64999389648438,198.39999389648438,183.0669708251953,68041871,0.0,0.0
2020-08-24 00:00:00+05:30,200.0,202.8000030517578,198.60000610351562,201.4499969482422,185.88125610351562,53850253,0.0,0.0
2020-08-25 00:00:00+05:30,204.0,208.4499969482422,202.6999969482422,207.9499969482422,191.87892150878906,105394375,0.0,0.0
2020-08-26 00:00:00+05:30,208.5,210.35000610351562,206.14999389648438,209.85000610351562,193.63209533691406,66749637,0.0,0.0
2020-08-27 00:00:00+05:30,210.5,216.5,210.5,215.64999389648438,198.98382568359375,80997993,0.0,0.0
2020-08-28 00:00:00+05:30,217.0,225.89999389648438,216.8000030517578,224.85000610351562,207.47283935546875,95974037,0.0,0.0
2020-08-31 00:00:00+05:30,231.5500030517578,231.5500030517578,210.35000610351562,212.0,195.61590576171875,119986476,0.0,0.0
2020-09-01 00:00:00+05:30,213.10000610351562,218.89999389648438,211.1999969482422,218.10000610351562,201.24449157714844,75048313,0.0,0.0
2020-09-02 00:00:00+05:30,218.25,219.0,212.3000030517578,216.25,199.53746032714844,47608088,0.0,0.0
2020-09-03 00:00:00+05:30,217.5,218.25,212.3000030517578,213.14999389648438,196.67703247070312,38594129,0.0,0.0
2020-09-04 00:00:00+05:30,210.0,212.3000030517578,205.89999389648438,206.60000610351562,190.63323974609375,54435758,0.0,0.0
2020-09-07 00:00:00+05:30,207.5,209.64999389648438,205.39999389648438,207.89999389648438,191.83277893066406,35687359,0.0,0.0
2020-09-08 00:00:00+05:30,207.89999389648438,208.5,202.89999389648438,204.0500030517578,188.2803192138672,34146789,0.0,0.0
2020-09-09 00:00:00+05:30,201.10000610351562,201.39999389648438,192.5,194.85000610351562,179.7913360595703,72715826,0.0,0.0
2020-09-10 00:00:00+05:30,197.6999969482422,201.4499969482422,195.1999969482422,198.14999389648438,182.83628845214844,67789617,0.0,0.0
2020-09-11 00:00:00+05:30,198.5500030517578,203.85000610351562,197.0,202.6999969482422,187.03466796875,48487971,0.0,0.0
2020-09-14 00:00:00+05:30,205.89999389648438,206.1999969482422,197.35000610351562,198.5,183.15924072265625,63605531,0.0,0.0
2020-09-15 00:00:00+05:30,199.89999389648438,201.0,197.10000610351562,200.14999389648438,184.6817169189453,51761038,0.0,0.0
2020-09-16 00:00:00+05:30,199.85000610351562,200.0500030517578,196.25,198.1999969482422,182.88241577148438,52404964,0.0,0.0
2020-09-17 00:00:00+05:30,197.0,198.0,195.0,195.4499969482422,180.34495544433594,41223296,0.0,0.0
2020-09-18 00:00:00+05:30,196.0,197.1999969482422,189.6999969482422,192.60000610351562,177.71522521972656,55286316,0.0,0.0
2020-09-21 00:00:00+05:30,193.0500030517578,193.5,184.25,185.8000030517578,171.4407501220703,57611375,0.0,0.0
2020-09-22 00:00:00+05:30,186.14999389648438,188.3000030517578,181.14999389648438,186.1999969482422,171.80982971191406,51210889,0.0,0.0
2020-09-23 00:00:00+05:30,188.14999389648438,188.9499969482422,181.0,183.8000030517578,169.59532165527344,44320497,0.0,0.0
2020-09-24 00:00:00+05:30,181.10000610351562,181.8000030517578,175.5,176.35000610351562,162.72108459472656,46114798,0.0,0.0
2020-09-25 00:00:00+05:30,179.0,182.75,176.14999389648438,182.1999969482422,168.11895751953125,46550127,0.0,0.0
2020-09-28 00:00:00+05:30,184.0,188.14999389648438,183.35000610351562,187.25,172.77867126464844,41921548,0.0,0.0
2020-09-29 00:00:00+05:30,188.5,188.9499969482422,183.25,185.0500030517578,170.7487030029297,35688726,0.0,0.0
2020-09-30 00:00:00+05:30,185.0500030517578,186.8000030517578,182.39999389648438,185.39999389648438,171.0716552734375,37641083,0.0,0.0
2020-10-01 00:00:00+05:30,187.0,191.1999969482422,186.89999389648438,190.3000030517578,175.5929718017578,43588724,0.0,0.0
2020-10-05 00:00:00+05:30,192.0,193.8000030517578,187.0500030517578,188.75,174.1627655029297,41694686,0.0,0.0
2020-10-06 00:00:00+05:30,191.10000610351562,192.10000610351562,188.3000030517578,191.60000610351562,176.79251098632812,31098726,0.0,0.0
2020-10-07 00:00:00+05:30,192.5500030517578,193.14999389648438,189.10000610351562,190.6999969482422,175.96206665039062,34578053,0.0,0.0
2020-10-08 00:00:00+05:30,191.35000610351562,195.8000030517578,190.5500030517578,191.5,176.70022583007812,43351606,0.0,0.0
2020-10-09 00:00:00+05:30,192.0,198.8000030517578,190.5500030517578,198.3000030517578,182.97470092773438,64907230,0.0,0.0
2020-10-12 00:00:00+05:30,199.6999969482422,205.9499969482422,197.25,198.6999969482422,183.34378051757812,69122798,0.0,0.0
2020-10-13 00:00:00+05:30,198.64999389648438,200.0,195.10000610351562,195.6999969482422,180.5756378173828,34948525,0.0,0.0
2020-10-14 00:00:00+05:30,194.0500030517578,200.89999389648438,193.0500030517578,200.0500030517578,184.58946228027344,40548275,0.0,0.0
2020-10-15 00:00:00+05:30,201.0,202.5,192.0,192.85000610351562,177.94589233398438,49184123,0.0,0.0
2020-10-16 00:00:00+05:30,194.0,196.75,191.60000610351562,195.9499969482422,180.8063201904297,36893126,0.0,0.0
2020-10-19 00:00:00+05:30,196.1999969482422,204.60000610351562,196.0500030517578,204.0,188.23419189453125,60220779,0.0,0.0
2020-10-20 00:00:00+05:30,201.0,204.35000610351562,200.6999969482422,203.0500030517578,187.35760498046875,39316753,0.0,0.0
2020-10-21 00:00:00+05:30,204.6999969482422,207.3000030517578,198.85000610351562,203.75,188.00350952148438,54515523,0.0,0.0
2020-10-22 00:00:00+05:30,201.89999389648438,204.60000610351562,201.10000610351562,203.3000030517578,187.58828735351562,33721637,0.0,0.0
2020-10-23 00:00:00+05:30,204.0,205.60000610351562,201.5500030517578,202.8000030517578,187.12693786621094,32707020,0.0,0.0
2020-10-26 00:00:00+05:30,202.6999969482422,204.0,195.60000610351562,196.6999969482422,181.49835205078125,45470123,0.0,0.0
2020-10-27 00:00:00+05:30,197.25,197.5500030517578,192.25,194.64999389648438,179.6067657470703,37794381,0.0,0.0
2020-10-28 00:00:00+05:30,195.0,195.0,189.0500030517578,190.4499969482422,175.73138427734375,46458319,0.0,0.0
2020-10-29 00:00:00+05:30,189.35000610351562,190.6999969482422,185.89999389648438,188.6999969482422,174.11660766601562,44822673,0.0,0.0
2020-10-30 00:00:00+05:30,189.35000610351562,192.0,186.14999389648438,189.25,174.62411499023438,41519686,0.0,0.0
2020-11-02 00:00:00+05:30,192.1999969482422,197.25,190.0500030517578,196.0500030517578,180.89859008789062,52600119,0.0,0.0
2020-11-03 00:00:00+05:30,198.0,205.8000030517578,197.60000610351562,204.75,188.9262237548828,69890201,0.0,0.0
2020-11-04 00:00:00+05:30,203.5,209.0,198.0500030517578,207.0,191.00233459472656,117577856,0.0,0.0
2020-11-05 00:00:00+05:30,216.0,221.0,214.75,218.64999389648438,201.75196838378906,138023646,0.0,0.0
2020-11-06 00:00:00+05:30,219.0,221.85000610351562,217.0500030517578,219.1999969482422,202.2594757080078,73147085,0.0,0.0
2020-11-09 00:00:00+05:30,222.5,222.64999389648438,217.0500030517578,219.5,202.53628540039062,60359458,0.0,0.0
2020-11-10 00:00:00+05:30,223.10000610351562,235.0,223.0,231.6999969482422,213.79344177246094,135294550,0.0,0.0
2020-11-11 00:00:00+05:30,232.75,239.35000610351562,227.75,234.1999969482422,216.1002197265625,107094861,0.0,0.0
2020-11-12 00:00:00+05:30,233.1999969482422,233.35000610351562,225.64999389648438,226.8000030517578,209.2721405029297,58859905,0.0,0.0
2020-11-13 00:00:00+05:30,225.0,230.64999389648438,220.10000610351562,229.4499969482422,211.7173309326172,70676525,0.0,0.0
2020-11-14 00:00:00+05:30,232.0,232.89999389648438,227.75,229.64999389648438,211.90187072753906,7753219,0.0,0.0
2020-11-17 00:00:00+05:30,231.85000610351562,241.60000610351562,231.0,240.1999969482422,221.6365203857422,80501583,0.0,0.0
2020-11-18 00:00:00+05:30,239.39999389648438,253.0,237.89999389648438,252.0,232.5245819091797,104514060,0.0,0.0
2020-11-19 00:00:00+05:30,248.0,251.8000030517578,239.0,239.75,221.2213134765625,82284278,0.0,0.0
2020-11-20 00:00:00+05:30,241.5,245.39999389648438,233.9499969482422,242.75,223.98947143554688,84411129,0.0,0.0
2020-11-23 00:00:00+05:30,243.5,246.14999389648438,238.10000610351562,238.6999969482422,220.25245666503906,57538324,0.0,0.0
2020-11-24 00:00:00+05:30,240.5,245.0,239.5,243.85000610351562,225.00445556640625,47636611,0.0,0.0
2020-11-25 00:00:00+05:30,245.4499969482422,249.89999389648438,241.60000610351562,243.0,224.2201385498047,74767232,0.0,0.0
2020-11-26 00:00:00+05:30,244.0,246.25,240.14999389648438,245.4499969482422,226.4807891845703,64248318,0.0,0.0
2020-11-27 00:00:00+05:30,245.4499969482422,246.25,242.0500030517578,244.25,225.37353515625,54355703,0.0,0.0
2020-12-01 00:00:00+05:30,245.0,248.9499969482422,244.25,248.0500030517578,228.87985229492188,37003272,0.0,0.0
2020-12-02 00:00:00+05:30,248.35000610351562,250.85000610351562,244.10000610351562,246.9499969482422,227.8648681640625,56723083,0.0,0.0
2020-12-03 00:00:00+05:30,249.3000030517578,259.0,248.0,256.29998779296875,236.4922637939453,79266442,0.0,0.0
2020-12-04 00:00:00+05:30,257.0,264.3500061035156,253.5500030517578,263.5,243.13584899902344,79252024,0.0,0.0
2020-12-07 00:00:00+05:30,263.79998779296875,271.45001220703125,263.0,269.6000061035156,248.764404296875,76053084,0.0,0.0
2020-12-08 00:00:00+05:30,270.95001220703125,273.70001220703125,265.25,271.8999938964844,250.88662719726562,65617502,0.0,0.0
2020-12-09 00:00:00+05:30,272.1000061035156,274.8999938964844,269.20001220703125,270.3500061035156,249.45643615722656,48495641,0.0,0.0
2020-12-10 00:00:00+05:30,269.0,271.0,265.54998779296875,269.54998779296875,248.71824645996094,38676657,0.0,0.0
2020-12-11 00:00:00+05:30,270.04998779296875,276.25,270.04998779296875,272.45001220703125,251.3941650390625,50255223,0.0,0.0
2020-12-14 00:00:00+05:30,274.0,276.1499938964844,272.3500061035156,274.20001220703125,253.0089111328125,31946501,0.0,0.0
2020-12-15 00:00:00+05:30,274.04998779296875,274.04998779296875,268.1499938964844,270.6499938964844,249.73321533203125,34890948,0.0,0.0
2020-12-16 00:00:00+05:30,272.79998779296875,273.6499938964844,268.5,269.3999938964844,248.57984924316406,24844177,0.0,0.0
2020-12-17 00:00:00+05:30,270.0,272.1499938964844,266.70001220703125,267.70001220703125,247.0112762451172,25904699,0.0,0.0
2020-12-18 00:00:00+05:30,267.70001220703125,271.95001220703125,265.0,271.45001220703125,250.471435546875,29816205,0.0,0.0
2020-12-21 00:00:00+05:30,268.45001220703125,269.0,251.0500030517578,254.6999969482422,235.01593017578125,55160758,0.0,0.0
2020-12-22 00:00:00+05:30,254.8000030517578,258.70001220703125,248.25,257.45001220703125,237.5534210205078,51189571,0.0,0.0
2020-12-23 00:00:00+05:30,256.95001220703125,263.8999938964844,255.60000610351562,263.0,242.67446899414062,29056404,0.0,0.0
2020-12-24 00:00:00+05:30,265.0,268.8500061035156,264.6499938964844,266.8500061035156,246.2269287109375,28585509,0.0,0.0
2020-12-28 00:00:00+05:30,268.75,276.0,268.0,275.20001220703125,253.93161010742188,36870242,0.0,0.0
2020-12-29 00:00:00+05:30,276.29998779296875,279.8999938964844,274.70001220703125,277.8999938964844,256.4229431152344,45032526,0.0,0.0
2020-12-30 00:00:00+05:30,278.0,278.70001220703125,272.5,276.8999938964844,255.5001983642578,30971894,0.0,0.0
2020-12-31 00:00:00+05:30,275.0,277.25,272.6000061035156,274.95001220703125,253.700927734375,29467966,0.0,0.0
2021-01-01 00:00:00+05:30,274.8999938964844,280.0,274.3999938964844,279.3999938964844,257.8070373535156,24531791,0.0,0.0
2021-01-04 00:00:00+05:30,281.8500061035156,283.8999938964844,277.75,281.04998779296875,259.3294982910156,31450608,0.0,0.0
2021-01-05 00:00:00+05:30,278.04998779296875,282.45001220703125,277.0,281.75,259.97540283203125,27393072,0.0,0.0
2021-01-06 00:00:00+05:30,283.0,289.1499938964844,281.3999938964844,285.04998779296875,263.0203552246094,40765708,0.0,0.0
2021-01-07 00:00:00+05:30,289.0,291.79998779296875,287.0,287.70001220703125,265.465576171875,30546600,0.0,0.0
2021-01-08 00:00:00+05:30,290.1000061035156,291.3999938964844,285.20001220703125,286.0,263.8969421386719,32543357,0.0,0.0
2021-01-11 00:00:00+05:30,288.0,288.20001220703125,279.6000061035156,282.5,260.66741943359375,29703173,0.0,0.0
2021-01-12 00:00:00+05:30,280.0,293.8500061035156,277.8999938964844,292.5,269.89459228515625,44307145,0.0,0.0
2021-01-13 00:00:00+05:30,296.0,308.0,294.5,306.79998779296875,283.0894470214844,78042133,0.0,0.0
2021-01-14 00:00:00+05:30,306.70001220703125,309.25,303.79998779296875,307.25,283.5046691894531,40123498,0.0,0.0
2021-01-15 00:00:00+05:30,306.79998779296875,310.8999938964844,301.29998779296875,303.8500061035156,280.3674621582031,35307601,0.0,0.0
2021-01-18 00:00:00+05:30,303.5,308.6499938964844,292.20001220703125,294.45001220703125,271.69390869140625,54969750,0.0,0.0
2021-01-19 00:00:00+05:30,297.6499938964844,302.5,296.3999938964844,298.6000061035156,275.523193359375,35803901,0.0,0.0
2021-01-20 00:00:00+05:30,298.79998779296875,304.70001220703125,296.8500061035156,302.54998779296875,279.16790771484375,33759304,0.0,0.0
2021-01-21 00:00:00+05:30,304.0,305.1499938964844,291.5,294.8500061035156,272.06298828125,29995203,0.0,0.0
2021-01-22 00:00:00+05:30,295.5,298.0,282.3999938964844,283.70001220703125,261.77471923828125,44440810,0.0,0.0
2021-01-25 00:00:00+05:30,284.5,288.0,277.04998779296875,280.95001220703125,259.23724365234375,34034630,0.0,0.0
2021-01-27 00:00:00+05:30,280.20001220703125,284.8500061035156,272.70001220703125,275.6499938964844,254.34683227539062,39211107,0.0,0.0
2021-01-28 00:00:00+05:30,271.8999938964844,283.3500061035156,269.5,282.3500061035156,260.5290222167969,48717297,0.0,0.0
2021-01-29 00:00:00+05:30,285.6000061035156,290.6499938964844,279.1000061035156,282.1000061035156,260.29833984375,42300984,0.0,0.0
2021-02-01 00:00:00+05:30,285.1000061035156,313.8999938964844,282.75,310.70001220703125,286.68804931640625,103414068,0.0,0.0
2021-02-02 00:00:00+05:30,315.0,337.3999938964844,315.0,333.1000061035156,307.3569030761719,121434166,0.0,0.0
2021-02-03 00:00:00+05:30,333.75,339.8999938964844,325.79998779296875,335.95001220703125,309.9866027832031,66420168,0.0,0.0
2021-02-04 00:00:00+05:30,334.3999938964844,358.0,331.1000061035156,355.1000061035156,327.65667724609375,145203439,0.0,0.0
2021-02-05 00:00:00+05:30,387.0,408.3500061035156,385.1499938964844,393.1000061035156,362.71990966796875,214955688,0.0,0.0
2021-02-08 00:00:00+05:30,398.0,407.79998779296875,394.75,397.04998779296875,366.3646545410156,79389205,0.0,0.0
2021-02-09 00:00:00+05:30,396.75,403.5,389.0,394.79998779296875,364.28851318359375,63869990,0.0,0.0
2021-02-10 00:00:00+05:30,394.04998779296875,397.8999938964844,388.0,392.25,361.93560791015625,54163507,0.0,0.0
2021-02-11 00:00:00+05:30,391.79998779296875,396.95001220703125,388.25,390.1499938964844,359.99786376953125,36392708,0.0,0.0
2021-02-12 00:00:00+05:30,391.0,399.3500061035156,385.54998779296875,393.1499938964844,362.76605224609375,53589755,0.0,0.0
2021-02-15 00:00:00+05:30,397.5,409.45001220703125,395.70001220703125,406.95001220703125,375.49951171875,56608937,0.0,0.0
2021-02-16 00:00:00+05:30,412.0,415.75,400.29998779296875,402.3500061035156,371.2550354003906,80365431,0.0,0.0
2021-02-17 00:00:00+05:30,403.0,414.8500061035156,400.1499938964844,411.75,379.9285583496094,74161370,0.0,0.0
2021-02-18 00:00:00+05:30,425.04998779296875,427.70001220703125,413.70001220703125,415.20001220703125,383.1119384765625,67154539,0.0,0.0
2021-02-19 00:00:00+05:30,415.0,415.0,395.0,399.54998779296875,368.67138671875,66155518,0.0,0.0
2021-02-22 00:00:00+05:30,400.6000061035156,401.0,385.6499938964844,389.5,359.39813232421875,52535049,0.0,0.0
2021-02-23 00:00:00+05:30,392.0,399.70001220703125,389.0,395.6000061035156,365.0267028808594,45462768,0.0,0.0
2021-02-24 00:00:00+05:30,397.0,410.5,395.20001220703125,406.25,374.8536376953125,39632090,0.0,0.0
2021-02-25 00:00:00+05:30,411.0,414.8999938964844,406.54998779296875,407.25,375.7763671875,46988836,0.0,0.0
2021-02-26 00:00:00+05:30,399.5,401.0,387.0,390.1499938964844,359.99786376953125,64450414,0.0,0.0
2021-03-01 00:00:00+05:30,395.1000061035156,397.70001220703125,391.0,394.95001220703125,364.4269104003906,29677890,0.0,0.0
2021-03-02 00:00:00+05:30,395.0,399.54998779296875,390.54998779296875,394.20001220703125,363.7348937988281,30534337,0.0,0.0
2021-03-03 00:00:00+05:30,396.5,408.8999938964844,396.0,405.04998779296875,373.7463073730469,46268223,0.0,0.0
2021-03-04 00:00:00+05:30,398.70001220703125,403.5,394.45001220703125,395.6499938964844,365.07281494140625,43603653,0.0,0.0
2021-03-05 00:00:00+05:30,395.0,395.0,378.1000061035156,383.6499938964844,354.00018310546875,72179228,0.0,0.0
2021-03-08 00:00:00+05:30,388.45001220703125,393.3999938964844,386.04998779296875,389.6000061035156,359.4903869628906,39147858,0.0,0.0
2021-03-09 00:00:00+05:30,393.45001220703125,394.8999938964844,382.25,387.6000061035156,357.6449279785156,28054083,0.0,0.0
2021-03-10 00:00:00+05:30,391.1000061035156,393.0,385.70001220703125,387.70001220703125,357.73724365234375,22677399,0.0,0.0
2021-03-12 00:00:00+05:30,391.70001220703125,393.20001220703125,377.5,381.1000061035156,351.64727783203125,35336355,0.0,0.0
2021-03-15 00:00:00+05:30,382.5,386.0,369.3500061035156,383.8999938964844,354.2308654785156,42722585,0.0,0.0
2021-03-16 00:00:00+05:30,385.6000061035156,387.8500061035156,376.1000061035156,378.54998779296875,349.29437255859375,38196452,0.0,0.0
2021-03-17 00:00:00+05:30,378.20001220703125,379.6499938964844,366.04998779296875,368.1499938964844,339.6980895996094,33143064,0.0,0.0
2021-03-18 00:00:00+05:30,371.5,375.0,361.1000061035156,367.1000061035156,338.7292785644531,39405038,0.0,0.0
2021-03-19 00:00:00+05:30,363.95001220703125,372.8999938964844,357.25,371.1499938964844,342.46624755859375,60309145,0.0,0.0
2021-03-22 00:00:00+05:30,372.0,372.79998779296875,363.5,367.0,338.6369934082031,28461974,0.0,0.0
2021-03-23 00:00:00+05:30,368.70001220703125,377.95001220703125,367.04998779296875,372.70001220703125,343.896484375,41032380,0.0,0.0
2021-03-24 00:00:00+05:30,368.5,369.04998779296875,358.6499938964844,359.8500061035156,332.03955078125,42318999,0.0,0.0
2021-03-25 00:00:00+05:30,360.0,360.8500061035156,345.20001220703125,355.20001220703125,327.7489318847656,57495003,0.0,0.0
2021-03-26 00:00:00+05:30,360.0,362.0,354.54998779296875,357.20001220703125,329.5943908691406,40718848,0.0,0.0
2021-03-30 00:00:00+05:30,360.1000061035156,364.29998779296875,356.29998779296875,360.79998779296875,332.9161682128906,39405124,0.0,0.0
2021-03-31 00:00:00+05:30,360.29998779296875,367.8500061035156,357.95001220703125,364.29998779296875,336.1456298828125,38651025,0.0,0.0
2021-04-01 00:00:00+05:30,367.70001220703125,371.8999938964844,363.1000061035156,370.6499938964844,342.0048828125,31883453,0.0,0.0
2021-04-05 00:00:00+05:30,367.5,369.20001220703125,349.04998779296875,353.54998779296875,326.2264404296875,51743981,0.0,0.0
2021-04-06 00:00:00+05:30,355.70001220703125,357.0,349.29998779296875,350.54998779296875,323.4582824707031,44147709,0.0,0.0
2021-04-07 00:00:00+05:30,351.25,363.20001220703125,347.6000061035156,358.54998779296875,330.8400573730469,48023602,0.0,0.0
2021-04-08 00:00:00+05:30,361.0,363.29998779296875,354.29998779296875,355.6000061035156,328.1180419921875,33370259,0.0,0.0
2021-04-09 00:00:00+05:30,354.3999938964844,364.5,351.20001220703125,353.0,325.7189636230469,46473100,0.0,0.0
2021-04-12 00:00:00+05:30,344.0,344.0,322.54998779296875,328.8500061035156,303.43536376953125,75501713,0.0,0.0
2021-04-13 00:00:00+05:30,332.0,342.25,330.5,341.0,314.6463623046875,49773360,0.0,0.0
2021-04-15 00:00:00+05:30,342.1000061035156,347.54998779296875,336.1000061035156,342.70001220703125,316.2149963378906,52992349,0.0,0.0
2021-04-16 00:00:00+05:30,343.0,345.5,338.6499938964844,339.8999938964844,313.6313781738281,37766793,0.0,0.0
2021-04-19 00:00:00+05:30,327.1499938964844,332.04998779296875,321.29998779296875,331.1499938964844,305.5576171875,53304377,0.0,0.0
2021-04-20 00:00:00+05:30,335.1000061035156,339.8999938964844,326.70001220703125,329.5,304.0351257324219,41296147,0.0,0.0
2021-04-22 00:00:00+05:30,326.0,337.6499938964844,323.29998779296875,336.6499938964844,310.6325378417969,49105833,0.0,0.0
2021-04-23 00:00:00+05:30,331.6499938964844,339.8999938964844,331.6499938964844,336.45001220703125,310.4480285644531,44223940,0.0,0.0
2021-04-26 00:00:00+05:30,339.25,347.45001220703125,339.25,344.29998779296875,317.6913146972656,49234985,0.0,0.0
2021-04-27 00:00:00+05:30,344.0,354.95001220703125,342.3999938964844,353.04998779296875,325.76507568359375,46003023,0.0,0.0
2021-04-28 00:00:00+05:30,357.0,364.29998779296875,356.04998779296875,363.3999938964844,335.3152160644531,56696255,0.0,0.0
2021-04-29 00:00:00+05:30,365.0,369.95001220703125,355.5,359.3999938964844,331.6243591308594,63692926,0.0,0.0
2021-04-30 00:00:00+05:30,353.45001220703125,362.5,350.45001220703125,353.5,326.1803283691406,53832840,0.0,0.0
2021-05-03 00:00:00+05:30,349.6000061035156,352.5,341.3999938964844,350.6000061035156,323.50445556640625,43691860,0.0,0.0
2021-05-04 00:00:00+05:30,355.0,362.8999938964844,350.20001220703125,351.5,324.33489990234375,57749307,0.0,0.0
2021-05-05 00:00:00+05:30,356.5,357.45001220703125,348.0,355.3999938964844,327.9334716796875,40872501,0.0,0.0
2021-05-06 00:00:00+05:30,358.0,359.3500061035156,350.54998779296875,355.54998779296875,328.0718688964844,36294427,0.0,0.0
2021-05-07 00:00:00+05:30,357.5,362.0,353.0,358.25,330.5632629394531,38357618,0.0,0.0
2021-05-10 00:00:00+05:30,360.5,367.0,358.79998779296875,361.70001220703125,333.7466125488281,41739324,0.0,0.0
2021-05-11 00:00:00+05:30,356.8500061035156,366.3999938964844,354.75,364.6499938964844,336.4686279296875,41892770,0.0,0.0
2021-05-12 00:00:00+05:30,362.79998779296875,373.5,361.8999938964844,367.70001220703125,339.2829284667969,53436590,0.0,0.0
2021-05-14 00:00:00+05:30,370.0,372.5,359.54998779296875,360.45001220703125,332.59320068359375,51722170,0.0,0.0
2021-05-17 00:00:00+05:30,364.3999938964844,385.20001220703125,363.6499938964844,383.1000061035156,353.49273681640625,106555796,0.0,0.0
2021-05-18 00:00:00+05:30,390.0,392.54998779296875,380.04998779296875,382.25,352.70843505859375,70917710,0.0,0.0
2021-05-19 00:00:00+05:30,382.0,389.5,381.20001220703125,384.3999938964844,354.6922607421875,48189573,0.0,0.0
2021-05-20 00:00:00+05:30,387.0,387.79998779296875,382.0,384.54998779296875,354.83062744140625,42898608,0.0,0.0
2021-05-21 00:00:00+05:30,390.0,404.3999938964844,378.0,401.20001220703125,370.1938781738281,192810772,0.0,0.0
2021-05-24 00:00:00+05:30,417.0,419.20001220703125,405.29998779296875,412.04998779296875,380.2053527832031,142964052,0.0,0.0
2021-05-25 00:00:00+05:30,415.1000061035156,415.5,408.5,412.3500061035156,380.482177734375,56048127,0.0,0.0
2021-05-26 00:00:00+05:30,413.79998779296875,418.75,410.79998779296875,413.54998779296875,381.5894470214844,52357719,0.0,0.0
2021-05-27 00:00:00+05:30,413.70001220703125,429.1000061035156,412.0,425.20001220703125,392.339111328125,73392997,0.0,0.0
2021-05-28 00:00:00+05:30,430.5,433.6499938964844,420.04998779296875,422.04998779296875,389.4325256347656,65137568,0.0,0.0
2021-05-31 00:00:00+05:30,421.0,426.0,418.0,424.3500061035156,391.5548095703125,38291043,0.0,0.0
2021-06-01 00:00:00+05:30,426.04998779296875,435.3500061035156,425.6000061035156,432.54998779296875,399.1210632324219,59299647,0.0,0.0
2021-06-02 00:00:00+05:30,430.79998779296875,437.95001220703125,429.1499938964844,437.25,403.45782470703125,38657806,0.0,0.0
2021-06-03 00:00:00+05:30,437.0,441.95001220703125,433.5,439.6499938964844,409.417724609375,38909199,4.0,0.0
2021-06-04 00:00:00+05:30,437.5,441.8999938964844,431.75,433.6000061035156,403.7837829589844,36898769,0.0,0.0
2021-06-07 00:00:00+05:30,435.1000061035156,437.3999938964844,430.79998779296875,432.25,402.5265808105469,20201197,0.0,0.0
2021-06-08 00:00:00+05:30,432.25,432.5,424.0,427.20001220703125,397.8238830566406,31113823,0.0,0.0
2021-06-09 00:00:00+05:30,427.5,432.29998779296875,418.20001220703125,421.45001220703125,392.46923828125,27784834,0.0,0.0
2021-06-10 00:00:00+05:30,424.8999938964844,433.29998779296875,422.3999938964844,432.25,402.5265808105469,27397712,0.0,0.0
2021-06-11 00:00:00+05:30,434.8500061035156,435.5,425.25,429.6000061035156,400.0588073730469,26831924,0.0,0.0
2021-06-14 00:00:00+05:30,427.0,432.45001220703125,416.70001220703125,430.3500061035156,400.75726318359375,30106015,0.0,0.0
2021-06-15 00:00:00+05:30,429.20001220703125,432.79998779296875,428.0,429.5,399.9657287597656,16413658,0.0,0.0
2021-06-16 00:00:00+05:30,428.0,432.75,425.0,425.95001220703125,396.6598205566406,19701175,0.0,0.0
2021-06-17 00:00:00+05:30,421.0,425.95001220703125,416.6000061035156,420.25,391.3517761230469,23048331,0.0,0.0
2021-06-18 00:00:00+05:30,423.8999938964844,423.8999938964844,402.6499938964844,412.8999938964844,384.5071716308594,45748727,0.0,0.0
2021-06-21 00:00:00+05:30,406.3500061035156,421.0,400.5,419.75,390.8861389160156,33128978,0.0,0.0
2021-06-22 00:00:00+05:30,423.0,425.45001220703125,417.29998779296875,418.6499938964844,389.8617858886719,28442965,0.0,0.0
2021-06-23 00:00:00+05:30,421.1000061035156,424.75,415.0,418.8500061035156,390.04803466796875,27564829,0.0,0.0
2021-06-24 00:00:00+05:30,420.3500061035156,422.75,416.29998779296875,417.20001220703125,388.5115051269531,19214547,0.0,0.0
2021-06-25 00:00:00+05:30,421.0,431.0,419.04998779296875,428.79998779296875,399.3138122558594,29886797,0.0,0.0
2021-06-28 00:00:00+05:30,430.70001220703125,433.1499938964844,424.54998779296875,426.75,397.40478515625,29370660,0.0,0.0
2021-06-29 00:00:00+05:30,427.5,428.95001220703125,420.54998779296875,421.5,392.5158386230469,22275961,0.0,0.0
2021-06-30 00:00:00+05:30,423.0,424.8999938964844,418.29998779296875,419.20001220703125,390.3739929199219,18337773,0.0,0.0
2021-07-01 00:00:00+05:30,420.29998779296875,423.70001220703125,417.1499938964844,420.3999938964844,391.491455078125,16161469,0.0,0.0
2021-07-02 00:00:00+05:30,420.29998779296875,425.3999938964844,419.0,424.3999938964844,395.2164001464844,16423811,0.0,0.0
2021-07-05 00:00:00+05:30,426.5,434.5,424.25,432.6499938964844,402.8990783691406,16483761,0.0,0.0
2021-07-06 00:00:00+05:30,431.70001220703125,436.5,428.20001220703125,429.75,400.19854736328125,20195278,0.0,0.0
2021-07-07 00:00:00+05:30,429.3500061035156,434.0,427.54998779296875,432.8500061035156,403.0853271484375,14473774,0.0,0.0
2021-07-08 00:00:00+05:30,432.79998779296875,435.3999938964844,422.1000061035156,424.45001220703125,395.262939453125,21433043,0.0,0.0
2021-07-09 00:00:00+05:30,425.0,427.5,421.04998779296875,423.75,394.6110534667969,16844494,0.0,0.0
2021-07-12 00:00:00+05:30,426.5,430.25,424.6000061035156,427.45001220703125,398.056640625,12886781,0.0,0.0
2021-07-13 00:00:00+05:30,430.0,431.79998779296875,428.29998779296875,429.1000061035156,399.59320068359375,12831125,0.0,0.0
2021-07-14 00:00:00+05:30,429.0,432.29998779296875,426.3999938964844,431.04998779296875,401.40911865234375,12767351,0.0,0.0
2021-07-15 00:00:00+05:30,432.70001220703125,432.95001220703125,429.6499938964844,431.70001220703125,402.0144348144531,11030732,0.0,0.0
2021-07-16 00:00:00+05:30,432.0,432.5,427.45001220703125,430.0,400.4313049316406,8713863,0.0,0.0
2021-07-19 00:00:00+05:30,423.3999938964844,429.45001220703125,418.8500061035156,427.8999938964844,398.4757080078125,14426686,0.0,0.0
2021-07-20 00:00:00+05:30,427.0,427.0,418.8999938964844,420.8999938964844,391.9570617675781,14623321,0.0,0.0
2021-07-22 00:00:00+05:30,425.54998779296875,426.70001220703125,420.8999938964844,422.04998779296875,393.0279846191406,11799761,0.0,0.0
2021-07-23 00:00:00+05:30,422.8999938964844,429.95001220703125,419.5,428.8999938964844,399.4069519042969,17704661,0.0,0.0
2021-07-26 00:00:00+05:30,427.79998779296875,427.79998779296875,422.29998779296875,423.29998779296875,394.1920166015625,14037519,0.0,0.0
2021-07-27 00:00:00+05:30,424.1499938964844,433.25,424.0,429.95001220703125,400.384765625,24119619,0.0,0.0
2021-07-28 00:00:00+05:30,430.0,430.5,421.04998779296875,425.5,396.2407531738281,17636515,0.0,0.0
2021-07-29 00:00:00+05:30,426.0,443.6000061035156,425.5,441.54998779296875,411.1870422363281,35263606,0.0,0.0
2021-07-30 00:00:00+05:30,441.5,444.3999938964844,430.70001220703125,431.79998779296875,402.1075439453125,35196813,0.0,0.0
2021-08-02 00:00:00+05:30,434.75,436.70001220703125,431.79998779296875,434.8999938964844,404.994384765625,16926025,0.0,0.0
2021-08-03 00:00:00+05:30,434.95001220703125,447.8999938964844,433.6000061035156,446.5,415.79669189453125,40922962,0.0,0.0
2021-08-04 00:00:00+05:30,448.6499938964844,467.45001220703125,441.5,456.95001220703125,425.52813720703125,129761158,0.0,0.0
2021-08-05 00:00:00+05:30,461.0,462.5,438.3999938964844,441.8500061035156,411.46649169921875,58595639,0.0,0.0
2021-08-06 00:00:00+05:30,443.70001220703125,447.0,434.0,435.6499938964844,405.6927795410156,38236066,0.0,0.0
2021-08-09 00:00:00+05:30,437.8999938964844,441.79998779296875,431.0,433.3999938964844,403.5975036621094,22196404,0.0,0.0
2021-08-10 00:00:00+05:30,434.3999938964844,436.3999938964844,421.70001220703125,426.45001220703125,397.12542724609375,27794251,0.0,0.0
2021-08-11 00:00:00+05:30,429.79998779296875,432.8999938964844,423.1499938964844,428.04998779296875,398.6153869628906,23827946,0.0,0.0
2021-08-12 00:00:00+05:30,430.0,430.45001220703125,425.0,427.1499938964844,397.77728271484375,16847144,0.0,0.0
2021-08-13 00:00:00+05:30,427.6000061035156,432.25,425.0,431.20001220703125,401.548828125,20908992,0.0,0.0
2021-08-16 00:00:00+05:30,430.0,434.0,424.0,424.8500061035156,395.63543701171875,17608693,0.0,0.0
2021-08-17 00:00:00+05:30,424.8500061035156,425.8500061035156,415.25,421.5,392.5158386230469,22957877,0.0,0.0
2021-08-18 00:00:00+05:30,422.1499938964844,424.3500061035156,418.0,419.70001220703125,390.839599609375,17668574,0.0,0.0
2021-08-20 00:00:00+05:30,415.0,417.3500061035156,405.1499938964844,406.70001220703125,378.7335205078125,25541790,0.0,0.0
2021-08-23 00:00:00+05:30,411.1000061035156,413.0,401.25,409.5,381.3409423828125,26559937,0.0,0.0
2021-08-24 00:00:00+05:30,409.5,418.75,408.20001220703125,417.6000061035156,388.8840026855469,19012313,0.0,0.0
2021-08-25 00:00:00+05:30,419.0,421.29998779296875,414.29998779296875,416.25,387.6268005371094,16410980,0.0,0.0
2021-08-26 00:00:00+05:30,414.5,415.79998779296875,410.0,410.75,382.5050354003906,15897679,0.0,0.0
2021-08-27 00:00:00+05:30,410.3500061035156,414.3500061035156,407.5,412.45001220703125,384.0881652832031,15090541,0.0,0.0
2021-08-30 00:00:00+05:30,414.3999938964844,423.29998779296875,413.5,422.70001220703125,393.63330078125,20308691,0.0,0.0
2021-08-31 00:00:00+05:30,423.8500061035156,427.0,418.70001220703125,426.04998779296875,396.7529296875,26262421,0.0,0.0
2021-09-01 00:00:00+05:30,427.5,432.54998779296875,425.1499938964844,429.8999938964844,400.33819580078125,18776721,0.0,0.0
2021-09-02 00:00:00+05:30,431.3999938964844,433.5,427.75,429.75,400.19854736328125,14372717,0.0,0.0
2021-09-03 00:00:00+05:30,431.25,434.29998779296875,428.20001220703125,431.3999938964844,401.73504638671875,14233624,0.0,0.0
2021-09-06 00:00:00+05:30,432.0,433.8500061035156,430.04998779296875,431.04998779296875,401.40911865234375,10694099,0.0,0.0
2021-09-07 00:00:00+05:30,431.04998779296875,431.70001220703125,425.1000061035156,429.1000061035156,399.59320068359375,14928735,0.0,0.0
2021-09-08 00:00:00+05:30,429.0,435.3999938964844,427.3500061035156,431.3500061035156,401.6884765625,22817464,0.0,0.0
2021-09-09 00:00:00+05:30,430.25,433.79998779296875,430.0,432.29998779296875,402.5731506347656,9662128,0.0,0.0
2021-09-13 00:00:00+05:30,430.1000061035156,433.79998779296875,428.79998779296875,432.8500061035156,403.0853271484375,9567921,0.0,0.0
2021-09-14 00:00:00+05:30,435.0,436.75,432.25,433.0,403.2250061035156,9981562,0.0,0.0
2021-09-15 00:00:00+05:30,433.0,445.0,431.45001220703125,443.8500061035156,413.32891845703125,22181568,0.0,0.0
2021-09-16 00:00:00+05:30,444.8500061035156,466.1000061035156,442.75,463.70001220703125,431.8139343261719,42637448,0.0,0.0
2021-09-17 00:00:00+05:30,468.0,471.8999938964844,450.3500061035156,454.1000061035156,422.8741149902344,41529478,0.0,0.0
2021-09-20 00:00:00+05:30,449.3999938964844,453.5,435.6499938964844,437.45001220703125,407.3690490722656,18376916,0.0,0.0
2021-09-21 00:00:00+05:30,440.1499938964844,441.3500061035156,432.6499938964844,438.79998779296875,408.6261901855469,17279588,0.0,0.0
2021-09-22 00:00:00+05:30,438.8999938964844,442.79998779296875,436.1000061035156,438.8500061035156,408.6727294921875,14321143,0.0,0.0
2021-09-23 00:00:00+05:30,442.3999938964844,451.1499938964844,442.04998779296875,449.79998779296875,418.8697509765625,20516770,0.0,0.0
2021-09-24 00:00:00+05:30,451.1000061035156,451.8999938964844,440.0,440.75,410.4421081542969,10731274,0.0,0.0
2021-09-27 00:00:00+05:30,444.8999938964844,450.54998779296875,442.25,446.6000061035156,415.88983154296875,11746892,0.0,0.0
2021-09-28 00:00:00+05:30,449.20001220703125,455.79998779296875,439.6000061035156,444.8999938964844,414.30670166015625,19241170,0.0,0.0
2021-09-29 00:00:00+05:30,441.8500061035156,462.29998779296875,439.1000061035156,460.0,428.3683776855469,38635938,0.0,0.0
2021-09-30 00:00:00+05:30,459.95001220703125,464.8999938964844,451.3999938964844,453.0,421.8497314453125,26530369,0.0,0.0
2021-10-01 00:00:00+05:30,448.5,455.54998779296875,443.79998779296875,451.6499938964844,420.5925598144531,14777309,0.0,0.0
2021-10-04 00:00:00+05:30,453.79998779296875,464.3999938964844,451.6000061035156,463.1499938964844,431.3017578125,16246765,0.0,0.0
2021-10-05 00:00:00+05:30,462.0,469.0,458.70001220703125,464.70001220703125,432.7452087402344,16487568,0.0,0.0
2021-10-06 00:00:00+05:30,465.0,471.0,453.6499938964844,457.20001220703125,425.7608947753906,19056690,0.0,0.0
2021-10-07 00:00:00+05:30,462.1000061035156,464.0,457.1000061035156,457.8999938964844,426.41278076171875,9984651,0.0,0.0
2021-10-08 00:00:00+05:30,461.8999938964844,464.0,454.25,458.0,426.50592041015625,16521128,0.0,0.0
2021-10-11 00:00:00+05:30,460.0,474.95001220703125,458.6499938964844,469.25,436.9823303222656,20686981,0.0,0.0
2021-10-12 00:00:00+05:30,470.0,484.3999938964844,468.1000061035156,483.0,449.78680419921875,33763609,0.0,0.0
2021-10-13 00:00:00+05:30,486.1499938964844,486.1499938964844,478.0,481.70001220703125,448.5762023925781,17638983,0.0,0.0
2021-10-14 00:00:00+05:30,482.0,493.8999938964844,482.0,490.6000061035156,456.86419677734375,23431826,0.0,0.0
2021-10-18 00:00:00+05:30,494.0,501.0,491.70001220703125,497.95001220703125,463.7087707519531,20084248,0.0,0.0
2021-10-19 00:00:00+05:30,500.3500061035156,504.20001220703125,483.25,488.20001220703125,454.6292419433594,20645100,0.0,0.0
2021-10-20 00:00:00+05:30,488.79998779296875,507.5,483.1000061035156,499.8999938964844,465.5246887207031,34080545,0.0,0.0
2021-10-21 00:00:00+05:30,504.8999938964844,506.5,491.75,502.95001220703125,468.364990234375,20808243,0.0,0.0
2021-10-22 00:00:00+05:30,504.6000061035156,508.70001220703125,500.0,502.95001220703125,468.364990234375,24080485,0.0,0.0
2021-10-25 00:00:00+05:30,506.5,515.4500122070312,497.8500061035156,506.5,471.67083740234375,35619415,0.0,0.0
2021-10-26 00:00:00+05:30,507.6000061035156,518.2000122070312,507.6000061035156,512.5499877929688,477.3047790527344,21107457,0.0,0.0
2021-10-27 00:00:00+05:30,513.7000122070312,526.8499755859375,512.75,519.1500244140625,483.45098876953125,29463032,0.0,0.0
2021-10-28 00:00:00+05:30,519.5999755859375,520.5499877929688,497.6000061035156,501.3500061035156,466.8749694824219,28140401,0.0,0.0
2021-10-29 00:00:00+05:30,501.5,512.6500244140625,488.3999938964844,502.1499938964844,467.6199645996094,31355893,0.0,0.0
2021-11-01 00:00:00+05:30,508.5,516.9500122070312,501.0,515.7000122070312,480.23822021484375,20679604,0.0,0.0
2021-11-02 00:00:00+05:30,514.7999877929688,525.0,512.0499877929688,521.7000122070312,485.82562255859375,26797820,0.0,0.0
2021-11-03 00:00:00+05:30,524.0,542.2999877929688,515.2000122070312,527.6500244140625,491.3664855957031,80775924,0.0,0.0
2021-11-04 00:00:00+05:30,531.5,535.9000244140625,528.0499877929688,530.4500122070312,493.97393798828125,9796046,0.0,0.0
2021-11-08 00:00:00+05:30,534.4500122070312,534.4500122070312,516.4500122070312,523.25,487.26904296875,36802110,0.0,0.0
2021-11-09 00:00:00+05:30,526.25,532.0,522.2000122070312,529.1500244140625,492.7633361816406,25451967,0.0,0.0
2021-11-10 00:00:00+05:30,525.5499877929688,528.5,521.5,524.4000244140625,488.3399353027344,15805538,0.0,0.0
2021-11-11 00:00:00+05:30,522.8499755859375,522.8499755859375,507.1000061035156,509.6000061035156,474.5576477050781,23086898,0.0,0.0
2021-11-12 00:00:00+05:30,512.0,513.0,502.70001220703125,511.3500061035156,476.1873474121094,19836221,0.0,0.0
2021-11-15 00:00:00+05:30,512.4000244140625,515.9000244140625,505.5,506.54998779296875,471.7173767089844,13328183,0.0,0.0
2021-11-16 00:00:00+05:30,507.3999938964844,507.3999938964844,493.5,495.1000061035156,461.05474853515625,19553216,0.0,0.0
2021-11-17 00:00:00+05:30,493.8500061035156,505.3999938964844,491.0,498.1499938964844,463.89501953125,20488483,0.0,0.0
2021-11-18 00:00:00+05:30,499.1000061035156,506.20001220703125,492.29998779296875,503.79998779296875,469.1565246582031,22471070,0.0,0.0
2021-11-22 00:00:00+05:30,506.0,506.0,477.5,486.3999938964844,452.9529724121094,28800269,0.0,0.0
2021-11-23 00:00:00+05:30,485.25,495.3999938964844,480.0,493.04998779296875,459.1457214355469,20000371,0.0,0.0
2021-11-24 00:00:00+05:30,495.79998779296875,500.0,489.04998779296875,493.1499938964844,459.23883056640625,13963769,0.0,0.0
2021-11-25 00:00:00+05:30,490.0,495.45001220703125,486.29998779296875,490.54998779296875,456.817626953125,12894211,0.0,0.0
2021-11-26 00:00:00+05:30,486.25,487.8999938964844,467.1000061035156,470.5,438.1463623046875,26305817,0.0,0.0
2021-11-29 00:00:00+05:30,470.0,477.75,454.29998779296875,465.1000061035156,433.11767578125,22407465,0.0,0.0
2021-11-30 00:00:00+05:30,468.0,477.25,458.0,460.54998779296875,428.88055419921875,23026652,0.0,0.0
2021-12-01 00:00:00+05:30,464.45001220703125,477.25,464.0,475.29998779296875,442.61627197265625,17156956,0.0,0.0
2021-12-02 00:00:00+05:30,474.5,478.1499938964844,470.95001220703125,477.0,444.1993713378906,12962679,0.0,0.0
2021-12-03 00:00:00+05:30,475.75,481.5,470.04998779296875,473.1499938964844,440.6141357421875,16653993,0.0,0.0
2021-12-06 00:00:00+05:30,473.1499938964844,477.0,463.79998779296875,465.29998779296875,433.3039245605469,14353300,0.0,0.0
2021-12-07 00:00:00+05:30,469.20001220703125,479.70001220703125,469.20001220703125,476.70001220703125,443.9200134277344,13644942,0.0,0.0
2021-12-08 00:00:00+05:30,480.8999938964844,492.3999938964844,480.25,491.54998779296875,457.74884033203125,20397660,0.0,0.0
2021-12-09 00:00:00+05:30,492.29998779296875,493.5,486.1000061035156,488.6499938964844,455.0482482910156,12560970,0.0,0.0
2021-12-10 00:00:00+05:30,488.5,495.95001220703125,484.3999938964844,494.70001220703125,460.6822814941406,13261408,0.0,0.0
2021-12-13 00:00:00+05:30,497.75,500.45001220703125,486.3500061035156,487.79998779296875,454.2567138671875,14047645,0.0,0.0
2021-12-14 00:00:00+05:30,486.0,490.3500061035156,481.79998779296875,488.54998779296875,454.95513916015625,11642447,0.0,0.0
2021-12-15 00:00:00+05:30,490.0,491.0,483.5,484.79998779296875,451.4630126953125,8639835,0.0,0.0
2021-12-16 00:00:00+05:30,488.3500061035156,490.54998779296875,478.25,481.1499938964844,448.06402587890625,11107781,0.0,0.0
2021-12-17 00:00:00+05:30,480.04998779296875,481.3999938964844,466.5,467.79998779296875,435.63201904296875,12648603,0.0,0.0
2021-12-20 00:00:00+05:30,459.0,464.0,443.0,449.20001220703125,418.31103515625,22336114,0.0,0.0
2021-12-21 00:00:00+05:30,457.04998779296875,458.25,444.5,446.0,415.3310852050781,16617447,0.0,0.0
2021-12-22 00:00:00+05:30,450.0,457.29998779296875,449.0,455.8500061035156,424.5037841796875,13102553,0.0,0.0
2021-12-23 00:00:00+05:30,461.0,465.0,457.75,461.79998779296875,430.0445861816406,14471377,0.0,0.0
2021-12-24 00:00:00+05:30,462.6000061035156,463.6000061035156,452.20001220703125,456.95001220703125,425.52813720703125,13221159,0.0,0.0
2021-12-27 00:00:00+05:30,453.70001220703125,460.5,450.54998779296875,458.04998779296875,426.5524597167969,8856482,0.0,0.0
2021-12-28 00:00:00+05:30,461.20001220703125,462.8999938964844,459.04998779296875,461.20001220703125,429.4858703613281,8832210,0.0,0.0
2021-12-29 00:00:00+05:30,461.0,462.1499938964844,451.3999938964844,454.3999938964844,423.1534423828125,11757303,0.0,0.0
2021-12-30 00:00:00+05:30,452.75,454.8999938964844,448.5,451.70001220703125,420.6391296386719,28879190,0.0,0.0
2021-12-31 00:00:00+05:30,454.25,461.3999938964844,453.1000061035156,460.45001220703125,428.7874450683594,10005842,0.0,0.0
2022-01-03 00:00:00+05:30,462.0,472.0,460.1000061035156,470.79998779296875,438.42572021484375,13124509,0.0,0.0
2022-01-04 00:00:00+05:30,472.5,484.70001220703125,471.04998779296875,483.5,450.2524108886719,23296671,0.0,0.0
2022-01-05 00:00:00+05:30,481.8999938964844,495.0,479.1499938964844,492.3999938964844,458.5404052734375,24694169,0.0,0.0
2022-01-06 00:00:00+05:30,487.70001220703125,494.3999938964844,485.3999938964844,491.70001220703125,457.8885803222656,18190843,0.0,0.0
2022-01-07 00:00:00+05:30,493.45001220703125,501.95001220703125,489.45001220703125,491.25,457.469482421875,22746330,0.0,0.0
2022-01-10 00:00:00+05:30,493.3500061035156,504.95001220703125,492.5,503.6499938964844,469.01678466796875,15832274,0.0,0.0
2022-01-11 00:00:00+05:30,503.0,507.79998779296875,499.25,505.95001220703125,471.1586608886719,16107950,0.0,0.0
2022-01-12 00:00:00+05:30,509.8999938964844,513.5,508.5,510.25,475.1629638671875,14489616,0.0,0.0
2022-01-13 00:00:00+05:30,510.0,512.8499755859375,507.0,511.3500061035156,476.1873474121094,10450974,0.0,0.0
2022-01-14 00:00:00+05:30,509.0,510.3500061035156,505.1499938964844,508.3500061035156,473.39361572265625,8724574,0.0,0.0
2022-01-17 00:00:00+05:30,508.0,518.9000244140625,507.54998779296875,514.0,478.6551208496094,17422211,0.0,0.0
2022-01-18 00:00:00+05:30,514.0,517.4500122070312,505.0,506.79998779296875,471.9501953125,12592506,0.0,0.0
2022-01-19 00:00:00+05:30,505.0,517.6500244140625,500.29998779296875,515.7999877929688,480.3313293457031,16079457,0.0,0.0
2022-01-20 00:00:00+05:30,516.0,519.1500244140625,508.0,511.3999938964844,476.23388671875,17724642,0.0,0.0
2022-01-21 00:00:00+05:30,505.29998779296875,507.5,498.0,502.70001220703125,468.1321716308594,16947941,0.0,0.0
2022-01-24 00:00:00+05:30,502.3999938964844,506.79998779296875,488.0,494.1499938964844,460.1700744628906,20233933,0.0,0.0
2022-01-25 00:00:00+05:30,490.0,517.5,489.0,514.6500244140625,479.2604675292969,21791739,0.0,0.0
2022-01-27 00:00:00+05:30,503.54998779296875,530.8499755859375,503.20001220703125,528.9500122070312,492.57708740234375,35409230,0.0,0.0
2022-01-28 00:00:00+05:30,534.0,536.4000244140625,521.4000244140625,523.4500122070312,487.4552917480469,24715250,0.0,0.0
2022-01-31 00:00:00+05:30,529.0,540.9000244140625,527.0499877929688,538.2999877929688,501.28411865234375,28674232,0.0,0.0
2022-02-01 00:00:00+05:30,543.9500122070312,543.9500122070312,520.0,532.2999877929688,495.69671630859375,32245356,0.0,0.0
2022-02-02 00:00:00+05:30,536.6500244140625,544.25,531.3499755859375,539.7999877929688,502.68096923828125,21661864,0.0,0.0
2022-02-03 00:00:00+05:30,537.1500244140625,544.7000122070312,537.1500244140625,540.0999755859375,502.9603271484375,22717677,0.0,0.0
2022-02-04 00:00:00+05:30,542.1500244140625,546.4000244140625,527.2999877929688,530.2999877929688,493.8342590332031,25332894,0.0,0.0
2022-02-07 00:00:00+05:30,531.9000244140625,549.0,525.25,533.25,496.58135986328125,52289545,0.0,0.0
2022-02-08 00:00:00+05:30,535.5,537.6500244140625,519.0,531.3499755859375,494.81201171875,26567546,0.0,0.0
2022-02-09 00:00:00+05:30,534.9500122070312,536.5,527.75,535.25,498.4438781738281,14856155,0.0,0.0
2022-02-10 00:00:00+05:30,537.0999755859375,543.9500122070312,534.4000244140625,540.5499877929688,503.37939453125,18659370,0.0,0.0
2022-02-11 00:00:00+05:30,536.25,537.7000122070312,527.0999755859375,529.5999755859375,493.1823425292969,14607095,0.0,0.0
2022-02-14 00:00:00+05:30,515.0,515.5999755859375,499.70001220703125,501.3999938964844,466.9215393066406,26153332,0.0,0.0
2022-02-15 00:00:00+05:30,502.0,526.8499755859375,497.1000061035156,524.7999877929688,488.7124328613281,23842951,0.0,0.0
2022-02-16 00:00:00+05:30,526.5,528.0,514.0,516.7000122070312,481.16943359375,19773807,0.0,0.0
2022-02-17 00:00:00+05:30,520.0,520.0,511.1499938964844,512.9500122070312,477.67730712890625,16408356,0.0,0.0
2022-02-18 00:00:00+05:30,510.1000061035156,520.9000244140625,510.1000061035156,515.2999877929688,479.8656921386719,15111223,0.0,0.0
2022-02-21 00:00:00+05:30,511.54998779296875,517.5,504.6499938964844,511.8500061035156,476.6529541015625,16866932,0.0,0.0
2022-02-22 00:00:00+05:30,500.8999938964844,505.29998779296875,495.5,498.3999938964844,464.1278381347656,27108772,0.0,0.0
2022-02-23 00:00:00+05:30,503.0,505.3500061035156,497.25,498.70001220703125,464.4071960449219,13899433,0.0,0.0
2022-02-24 00:00:00+05:30,480.0,487.95001220703125,468.0,472.6499938964844,440.1485290527344,32356037,0.0,0.0
2022-02-25 00:00:00+05:30,480.0,491.8999938964844,479.29998779296875,482.95001220703125,449.740234375,21792287,0.0,0.0
2022-02-28 00:00:00+05:30,476.8999938964844,485.29998779296875,473.1000061035156,483.20001220703125,449.9730529785156,18069367,0.0,0.0
2022-03-02 00:00:00+05:30,478.0,479.79998779296875,467.0,474.25,441.63848876953125,22003848,0.0,0.0
2022-03-03 00:00:00+05:30,480.0,483.3999938964844,464.6000061035156,467.3999938964844,435.2594909667969,20358590,0.0,0.0
2022-03-04 00:00:00+05:30,460.29998779296875,470.8999938964844,457.6499938964844,461.95001220703125,430.1842956542969,20684268,0.0,0.0
2022-03-07 00:00:00+05:30,447.5,453.95001220703125,433.45001220703125,440.29998779296875,410.0230407714844,33720472,0.0,0.0
2022-03-08 00:00:00+05:30,438.0,442.1000061035156,425.0,440.29998779296875,410.0230407714844,42510207,0.0,0.0
2022-03-09 00:00:00+05:30,442.0,454.29998779296875,438.54998779296875,451.70001220703125,420.6391296386719,32331325,0.0,0.0
2022-03-10 00:00:00+05:30,469.8999938964844,476.6499938964844,461.6499938964844,468.70001220703125,436.47015380859375,34553299,0.0,0.0
2022-03-11 00:00:00+05:30,466.3999938964844,474.79998779296875,462.0,470.3500061035156,438.0067138671875,22091309,0.0,0.0
2022-03-14 00:00:00+05:30,471.0,486.0,470.54998779296875,485.1499938964844,451.7889709472656,27750689,0.0,0.0
2022-03-15 00:00:00+05:30,489.0,490.5,480.6499938964844,485.8500061035156,452.4408264160156,27204899,0.0,0.0
2022-03-16 00:00:00+05:30,493.0,494.29998779296875,489.3999938964844,492.75,458.8663635253906,16211288,0.0,0.0
2022-03-17 00:00:00+05:30,499.0,503.5,498.29998779296875,501.8999938964844,467.3871765136719,22947673,0.0,0.0
2022-03-21 00:00:00+05:30,502.0,502.0,489.0,490.6000061035156,456.86419677734375,19064060,0.0,0.0
2022-03-22 00:00:00+05:30,490.6000061035156,495.79998779296875,477.25,493.70001220703125,459.75103759765625,26157969,0.0,0.0
2022-03-23 00:00:00+05:30,498.5,502.3999938964844,489.20001220703125,490.6499938964844,456.9107360839844,15800195,0.0,0.0
2022-03-24 00:00:00+05:30,485.0,494.79998779296875,483.5,487.1000061035156,453.6048583984375,18174877,0.0,0.0
2022-03-25 00:00:00+05:30,491.75,493.29998779296875,486.6000061035156,490.70001220703125,456.95733642578125,11541196,0.0,0.0
2022-03-28 00:00:00+05:30,490.95001220703125,498.6000061035156,481.95001220703125,497.5,463.2897033691406,16738684,0.0,0.0
2022-03-29 00:00:00+05:30,500.0,501.3999938964844,491.70001220703125,495.0,460.9616394042969,14301429,0.0,0.0
2022-03-30 00:00:00+05:30,499.29998779296875,500.3999938964844,492.29998779296875,494.29998779296875,460.30975341796875,16461225,0.0,0.0
2022-03-31 00:00:00+05:30,494.29998779296875,497.54998779296875,492.20001220703125,493.54998779296875,459.611328125,10240982,0.0,0.0
2022-04-01 00:00:00+05:30,491.0,509.75,491.0,508.20001220703125,473.25390625,18527226,0.0,0.0
2022-04-04 00:00:00+05:30,509.29998779296875,514.9000244140625,506.0,512.4000244140625,477.1651611328125,16257176,0.0,0.0
2022-04-05 00:00:00+05:30,514.4000244140625,516.4000244140625,507.70001220703125,509.3999938964844,474.3714294433594,13602384,0.0,0.0
2022-04-06 00:00:00+05:30,507.0,515.2000122070312,506.0,513.9500122070312,478.6085510253906,13738275,0.0,0.0
2022-04-07 00:00:00+05:30,510.04998779296875,519.9000244140625,510.04998779296875,514.9500122070312,479.539794921875,19620958,0.0,0.0
2022-04-08 00:00:00+05:30,519.5,519.5,512.3499755859375,516.0999755859375,480.6106872558594,13572638,0.0,0.0
2022-04-11 00:00:00+05:30,513.5,522.0,513.2000122070312,514.9000244140625,479.49322509765625,12370288,0.0,0.0
2022-04-12 00:00:00+05:30,512.75,516.7000122070312,504.3500061035156,512.8499755859375,477.58416748046875,14460680,0.0,0.0
2022-04-13 00:00:00+05:30,514.2999877929688,520.9000244140625,513.75,517.7000122070312,482.1006774902344,15440525,0.0,0.0
2022-04-18 00:00:00+05:30,512.0,515.0,504.0,509.5,474.46453857421875,14492183,0.0,0.0
2022-04-19 00:00:00+05:30,513.25,520.9500122070312,505.1000061035156,511.79998779296875,476.60638427734375,20362934,0.0,0.0
2022-04-20 00:00:00+05:30,512.0,513.7000122070312,507.0,509.29998779296875,474.2782897949219,11881305,0.0,0.0
2022-04-21 00:00:00+05:30,513.4000244140625,518.0,512.2000122070312,516.2999877929688,480.79693603515625,10035638,0.0,0.0
2022-04-22 00:00:00+05:30,512.9000244140625,513.5,499.0,500.6000061035156,466.1765441894531,16760456,0.0,0.0
2022-04-25 00:00:00+05:30,495.0,499.20001220703125,490.04998779296875,494.75,460.72882080078125,14057444,0.0,0.0
2022-04-26 00:00:00+05:30,499.0,507.8999938964844,498.45001220703125,505.5,470.7395935058594,12137213,0.0,0.0
2022-04-27 00:00:00+05:30,500.0,502.79998779296875,491.8500061035156,497.25,463.0569152832031,12367342,0.0,0.0
2022-04-28 00:00:00+05:30,499.1499938964844,510.0,496.5,507.5,472.60211181640625,12154792,0.0,0.0
2022-04-29 00:00:00+05:30,508.1000061035156,512.5,494.0,496.29998779296875,462.1722106933594,12894773,0.0,0.0
2022-05-02 00:00:00+05:30,492.6499938964844,495.0,481.29998779296875,491.0,457.2366943359375,18590895,0.0,0.0
2022-05-04 00:00:00+05:30,492.0,496.45001220703125,477.5,479.6499938964844,446.66717529296875,14645323,0.0,0.0
2022-05-05 00:00:00+05:30,485.0,494.0,478.6499938964844,480.0,446.9930725097656,14130385,0.0,0.0
2022-05-06 00:00:00+05:30,471.0,486.1000061035156,471.0,483.95001220703125,450.6715087890625,16710020,0.0,0.0
2022-05-09 00:00:00+05:30,477.1000061035156,483.70001220703125,473.79998779296875,475.8999938964844,443.1750183105469,13544947,0.0,0.0
2022-05-10 00:00:00+05:30,477.0,482.54998779296875,473.5,475.20001220703125,442.523193359375,10884328,0.0,0.0
2022-05-11 00:00:00+05:30,475.25,479.0,463.6499938964844,476.54998779296875,443.7803039550781,14771351,0.0,0.0
2022-05-12 00:00:00+05:30,473.0,473.0,456.3500061035156,462.6499938964844,430.8361511230469,18947096,0.0,0.0
2022-05-13 00:00:00+05:30,469.45001220703125,477.0,439.75,444.6499938964844,414.07391357421875,61403008,0.0,0.0
2022-05-16 00:00:00+05:30,445.0,461.5,438.8500061035156,455.0,423.71221923828125,27940958,0.0,0.0
2022-05-17 00:00:00+05:30,458.29998779296875,469.6499938964844,456.1499938964844,467.29998779296875,435.1664123535156,16880698,0.0,0.0
2022-05-18 00:00:00+05:30,467.8999938964844,468.6000061035156,457.1000061035156,458.0,426.50592041015625,15644497,0.0,0.0
2022-05-19 00:00:00+05:30,449.04998779296875,450.0,444.45001220703125,447.5,416.7279052734375,14201420,0.0,0.0
2022-05-20 00:00:00+05:30,454.8500061035156,464.0,454.1499938964844,462.3999938964844,430.60333251953125,13596860,0.0,0.0
2022-05-23 00:00:00+05:30,463.1000061035156,471.3999938964844,459.5,460.8999938964844,429.2064514160156,13499415,0.0,0.0
2022-05-24 00:00:00+05:30,462.3999938964844,466.79998779296875,460.20001220703125,462.04998779296875,430.2773742675781,17175179,0.0,0.0
2022-05-25 00:00:00+05:30,461.0,464.45001220703125,452.04998779296875,454.1000061035156,429.4735107421875,12728644,7.1,0.0
2022-05-26 00:00:00+05:30,456.8500061035156,470.1000061035156,452.5,468.8999938964844,443.4708557128906,17055257,0.0,0.0
2022-05-27 00:00:00+05:30,471.3999938964844,475.0,467.5,468.95001220703125,443.5181884765625,10977001,0.0,0.0
2022-05-30 00:00:00+05:30,473.0,476.8999938964844,471.1000061035156,474.6000061035156,448.86181640625,9365470,0.0,0.0
2022-05-31 00:00:00+05:30,474.0,476.3999938964844,465.0,468.1000061035156,442.71429443359375,15441579,0.0,0.0
2022-06-01 00:00:00+05:30,468.0,472.0,464.70001220703125,468.29998779296875,442.9034118652344,9424008,0.0,0.0
2022-06-02 00:00:00+05:30,466.8999938964844,472.3500061035156,466.1499938964844,469.8500061035156,444.369384765625,9370989,0.0,0.0
2022-06-03 00:00:00+05:30,473.25,475.5,463.5,464.5,439.30950927734375,11306291,0.0,0.0
2022-06-06 00:00:00+05:30,464.20001220703125,465.6000061035156,456.5,463.70001220703125,438.55291748046875,10661432,0.0,0.0
2022-06-07 00:00:00+05:30,461.8500061035156,465.95001220703125,460.5,463.3999938964844,438.2691955566406,7672515,0.0,0.0
2022-06-08 00:00:00+05:30,466.6000061035156,475.54998779296875,463.20001220703125,471.29998779296875,445.74072265625,17168871,0.0,0.0
2022-06-09 00:00:00+05:30,468.95001220703125,470.8999938964844,462.45001220703125,466.95001220703125,441.62664794921875,12635601,0.0,0.0
2022-06-10 00:00:00+05:30,462.0,464.1499938964844,458.6000061035156,461.8500061035156,436.80322265625,8621104,0.0,0.0
2022-06-13 00:00:00+05:30,454.0,454.04998779296875,442.1000061035156,445.8500061035156,421.6709289550781,13426836,0.0,0.0
2022-06-14 00:00:00+05:30,445.0,449.25,443.3500061035156,448.1000061035156,423.7989196777344,11351101,0.0,0.0
2022-06-15 00:00:00+05:30,448.95001220703125,455.45001220703125,448.6000061035156,451.3500061035156,426.8726501464844,9920926,0.0,0.0
2022-06-16 00:00:00+05:30,455.1499938964844,457.75,440.1499938964844,441.6000061035156,417.6513977050781,10780703,0.0,0.0
2022-06-17 00:00:00+05:30,440.0,447.54998779296875,437.25,441.0,417.083984375,14326050,0.0,0.0
2022-06-20 00:00:00+05:30,441.5,443.45001220703125,430.70001220703125,434.70001220703125,411.1256103515625,12368534,0.0,0.0
2022-06-21 00:00:00+05:30,439.5,454.95001220703125,437.6000061035156,450.75,426.30517578125,13801891,0.0,0.0
2022-06-22 00:00:00+05:30,448.75,451.20001220703125,444.6499938964844,447.6499938964844,423.3733215332031,11066447,0.0,0.0
2022-06-23 00:00:00+05:30,449.0,456.45001220703125,446.0,451.3999938964844,426.919921875,12229833,0.0,0.0
2022-06-24 00:00:00+05:30,455.79998779296875,460.3500061035156,453.20001220703125,454.25,429.6153869628906,10833364,0.0,0.0
2022-06-27 00:00:00+05:30,459.95001220703125,464.8500061035156,458.04998779296875,461.20001220703125,436.1884765625,9509175,0.0,0.0
2022-06-28 00:00:00+05:30,458.8999938964844,465.75,458.0,464.25,439.07305908203125,13261290,0.0,0.0
2022-06-29 00:00:00+05:30,460.0,462.70001220703125,458.0,459.1000061035156,434.2023620605469,11800876,0.0,0.0
2022-06-30 00:00:00+05:30,459.0,469.29998779296875,458.6000061035156,465.8999938964844,440.63360595703125,16926328,0.0,0.0
2022-07-01 00:00:00+05:30,463.3500061035156,468.79998779296875,460.54998779296875,466.8500061035156,441.5320739746094,9405495,0.0,0.0
2022-07-04 00:00:00+05:30,466.8500061035156,474.1499938964844,466.8500061035156,473.45001220703125,447.7741394042969,9186358,0.0,0.0
2022-07-05 00:00:00+05:30,475.1499938964844,480.0,471.0,472.1499938964844,446.5446472167969,12003244,0.0,0.0
2022-07-06 00:00:00+05:30,475.1499938964844,481.0,473.8999938964844,479.95001220703125,453.9216613769531,12059857,0.0,0.0
2022-07-07 00:00:00+05:30,484.0,488.25,481.6000061035156,486.75,460.35284423828125,11497832,0.0,0.0
2022-07-08 00:00:00+05:30,489.0,489.8999938964844,485.1499938964844,488.54998779296875,462.0552062988281,9057231,0.0,0.0
2022-07-11 00:00:00+05:30,485.0,491.29998779296875,485.0,488.20001220703125,461.7242431640625,7704792,0.0,0.0
2022-07-12 00:00:00+05:30,485.0,491.3500061035156,483.1000061035156,484.95001220703125,458.6504821777344,7364457,0.0,0.0
2022-07-13 00:00:00+05:30,487.75,492.45001220703125,484.54998779296875,486.5,460.11639404296875,8208853,0.0,0.0
2022-07-14 00:00:00+05:30,486.6000061035156,488.8999938964844,476.79998779296875,479.3500061035156,453.35418701171875,9385630,0.0,0.0
2022-07-15 00:00:00+05:30,482.54998779296875,484.3999938964844,474.70001220703125,479.1000061035156,453.11773681640625,6945602,0.0,0.0
2022-07-18 00:00:00+05:30,484.54998779296875,491.5,482.1000061035156,490.29998779296875,463.7103271484375,9934786,0.0,0.0
2022-07-19 00:00:00+05:30,488.0,498.54998779296875,488.0,497.95001220703125,470.9454650878906,11724183,0.0,0.0
2022-07-20 00:00:00+05:30,501.0,510.6000061035156,500.3999938964844,508.6000061035156,481.0179443359375,19280117,0.0,0.0
2022-07-21 00:00:00+05:30,509.79998779296875,513.4000244140625,506.75,512.0499877929688,484.2807922363281,13814893,0.0,0.0
2022-07-22 00:00:00+05:30,513.4500122070312,520.2000122070312,511.20001220703125,513.7000122070312,485.84130859375,14699129,0.0,0.0
2022-07-25 00:00:00+05:30,513.4000244140625,519.0,509.1499938964844,517.7999877929688,489.71893310546875,10229778,0.0,0.0
2022-07-26 00:00:00+05:30,517.7000122070312,520.7999877929688,513.0999755859375,514.2000122070312,486.314208984375,8862656,0.0,0.0
2022-07-27 00:00:00+05:30,515.2999877929688,529.9500122070312,512.25,528.2000122070312,499.5549621582031,15101546,0.0,0.0
2022-07-28 00:00:00+05:30,533.2000122070312,537.5,529.5499877929688,532.4500122070312,503.5744934082031,12160734,0.0,0.0
2022-07-29 00:00:00+05:30,535.0499877929688,537.0,526.75,528.3499755859375,499.69683837890625,11921058,0.0,0.0
2022-08-01 00:00:00+05:30,529.0499877929688,535.0,526.4000244140625,533.75,504.80401611328125,8295631,0.0,0.0
2022-08-02 00:00:00+05:30,531.9000244140625,544.9000244140625,531.0999755859375,542.0999755859375,512.7011108398438,16845027,0.0,0.0
2022-08-03 00:00:00+05:30,541.9000244140625,546.4000244140625,534.6500244140625,540.8499755859375,511.5189514160156,24262125,0.0,0.0
2022-08-04 00:00:00+05:30,543.6500244140625,544.0,524.2000122070312,533.25,504.33111572265625,18072293,0.0,0.0
2022-08-05 00:00:00+05:30,535.5499877929688,542.9000244140625,529.0,531.0499877929688,502.2503967285156,21110734,0.0,0.0
2022-08-08 00:00:00+05:30,524.0,524.0,513.8499755859375,520.4000244140625,492.177978515625,32566317,0.0,0.0
2022-08-10 00:00:00+05:30,521.5499877929688,523.5,513.4000244140625,514.7000122070312,486.787109375,16904151,0.0,0.0
2022-08-11 00:00:00+05:30,520.0,526.0,517.2000122070312,524.75,496.2920837402344,13862195,0.0,0.0
2022-08-12 00:00:00+05:30,525.7000122070312,531.7999877929688,525.1500244140625,530.7000122070312,501.9194030761719,12154012,0.0,0.0
2022-08-16 00:00:00+05:30,533.2999877929688,533.8499755859375,525.0,525.9500122070312,497.4269714355469,10721167,0.0,0.0
2022-08-17 00:00:00+05:30,528.8499755859375,530.5499877929688,524.3499755859375,528.1500244140625,499.5077209472656,12054183,0.0,0.0
2022-08-18 00:00:00+05:30,526.8499755859375,534.7999877929688,526.2000122070312,532.3499755859375,503.47991943359375,9013662,0.0,0.0
2022-08-19 00:00:00+05:30,532.0,533.6500244140625,518.5,520.3499755859375,492.1306457519531,11087222,0.0,0.0
2022-08-22 00:00:00+05:30,519.0,519.9000244140625,510.0,511.29998779296875,483.57147216796875,9676954,0.0,0.0
2022-08-23 00:00:00+05:30,508.25,524.0,508.25,521.9000244140625,493.5966491699219,8597965,0.0,0.0
2022-08-24 00:00:00+05:30,519.0,523.0,512.2999877929688,519.2999877929688,491.13763427734375,11930650,0.0,0.0
2022-08-25 00:00:00+05:30,521.9500122070312,528.2999877929688,518.5,520.4000244140625,492.177978515625,15473450,0.0,0.0
2022-08-26 00:00:00+05:30,523.7999877929688,529.5,522.2000122070312,523.7999877929688,495.3935546875,12855886,0.0,0.0
2022-08-29 00:00:00+05:30,511.29998779296875,517.0,508.75,514.8499755859375,486.928955078125,9421339,0.0,0.0
2022-08-30 00:00:00+05:30,518.2000122070312,532.5,517.9500122070312,531.25,502.4395751953125,14835308,0.0,0.0
2022-09-01 00:00:00+05:30,522.25,540.9000244140625,522.25,533.2999877929688,504.37835693359375,16670228,0.0,0.0
2022-09-02 00:00:00+05:30,537.0,537.8499755859375,531.25,536.7000122070312,507.593994140625,10017930,0.0,0.0
2022-09-05 00:00:00+05:30,537.0,540.7999877929688,536.2999877929688,538.9000244140625,509.6747131347656,7819994,0.0,0.0
2022-09-06 00:00:00+05:30,538.0,542.7000122070312,534.0999755859375,537.7999877929688,508.6343078613281,8657868,0.0,0.0
2022-09-07 00:00:00+05:30,534.4000244140625,537.4500122070312,531.5499877929688,532.8499755859375,503.9527587890625,8445359,0.0,0.0
2022-09-08 00:00:00+05:30,536.0,546.2999877929688,535.5,544.6500244140625,515.1128540039062,12240707,0.0,0.0
2022-09-09 00:00:00+05:30,549.6500244140625,557.0,548.0,553.3499755859375,523.3410034179688,18587927,0.0,0.0
2022-09-12 00:00:00+05:30,554.9000244140625,558.5999755859375,551.25,554.9000244140625,524.8070068359375,9677415,0.0,0.0
2022-09-13 00:00:00+05:30,560.0,560.0,553.75,558.0,527.7388916015625,16707275,0.0,0.0
2022-09-14 00:00:00+05:30,550.0,574.8499755859375,549.25,571.75,540.7431640625,21632641,0.0,0.0
2022-09-15 00:00:00+05:30,572.5499877929688,578.5,567.9000244140625,572.1500244140625,541.1214599609375,12749947,0.0,0.0
2022-09-16 00:00:00+05:30,569.0999755859375,574.0,560.2999877929688,561.7999877929688,531.332763671875,14739280,0.0,0.0
2022-09-19 00:00:00+05:30,560.7000122070312,574.4000244140625,559.5499877929688,572.25,541.216064453125,11194003,0.0,0.0
2022-09-20 00:00:00+05:30,577.9500122070312,577.9500122070312,572.8499755859375,574.0499877929688,542.91845703125,8484017,0.0,0.0
2022-09-21 00:00:00+05:30,575.0,577.2999877929688,565.4000244140625,569.7000122070312,538.8043823242188,9392526,0.0,0.0
2022-09-22 00:00:00+05:30,566.75,574.0,562.0,567.2999877929688,536.5345458984375,11869435,0.0,0.0
2022-09-23 00:00:00+05:30,564.7999877929688,568.0,549.5,550.5999755859375,520.7401123046875,12563239,0.0,0.0
2022-09-26 00:00:00+05:30,545.7999877929688,549.0,533.0,543.2999877929688,513.8360595703125,16158750,0.0,0.0
2022-09-27 00:00:00+05:30,544.5499877929688,550.9000244140625,533.2000122070312,536.5,507.40484619140625,11066799,0.0,0.0
2022-09-28 00:00:00+05:30,532.9000244140625,539.7999877929688,520.3499755859375,524.8499755859375,496.3866271972656,12233485,0.0,0.0
2022-09-29 00:00:00+05:30,529.0,535.7000122070312,519.5499877929688,521.75,493.4547424316406,17310168,0.0,0.0
2022-09-30 00:00:00+05:30,524.0,536.9000244140625,516.1500244140625,530.5999755859375,501.8247985839844,17466950,0.0,0.0
2022-10-03 00:00:00+05:30,527.5999755859375,531.6500244140625,518.5,519.75,491.563232421875,9351162,0.0,0.0
2022-10-04 00:00:00+05:30,533.0,535.7999877929688,527.7999877929688,532.7000122070312,503.8109436035156,8745887,0.0,0.0
2022-10-06 00:00:00+05:30,534.5999755859375,541.7999877929688,534.5999755859375,537.2999877929688,508.1614685058594,9507322,0.0,0.0
2022-10-07 00:00:00+05:30,535.5,535.5999755859375,526.5499877929688,530.2000122070312,501.4465026855469,11065307,0.0,0.0
2022-10-10 00:00:00+05:30,525.7000122070312,533.9000244140625,522.2000122070312,530.75,501.9666442871094,9649292,0.0,0.0
2022-10-11 00:00:00+05:30,530.75,533.7000122070312,525.5,527.4000244140625,498.79840087890625,10825440,0.0,0.0
2022-10-12 00:00:00+05:30,530.0,535.0,526.0,533.7999877929688,504.85125732421875,8522604,0.0,0.0
2022-10-13 00:00:00+05:30,533.0,533.7999877929688,520.2000122070312,521.4500122070312,493.1710205078125,12972765,0.0,0.0
2022-10-14 00:00:00+05:30,530.2000122070312,534.8499755859375,526.0,527.2000122070312,498.6092224121094,8545479,0.0,0.0
2022-10-17 00:00:00+05:30,526.4000244140625,544.7000122070312,524.2000122070312,543.6500244140625,514.1670532226562,13485349,0.0,0.0
2022-10-18 00:00:00+05:30,547.0999755859375,563.5,546.75,562.4500122070312,531.947509765625,20440781,0.0,0.0
2022-10-19 00:00:00+05:30,563.0,563.4500122070312,551.5499877929688,553.4000244140625,523.3883666992188,9540583,0.0,0.0
2022-10-20 00:00:00+05:30,552.0,556.7999877929688,545.2999877929688,555.4000244140625,525.2798461914062,11225588,0.0,0.0
2022-10-21 00:00:00+05:30,557.25,565.7999877929688,557.25,560.8499755859375,530.434326171875,11767639,0.0,0.0
2022-10-24 00:00:00+05:30,567.0,572.5,565.9000244140625,570.5,539.5609741210938,3692065,0.0,0.0
2022-10-25 00:00:00+05:30,572.5,586.2000122070312,568.0,578.5499877929688,547.1743774414062,19899324,0.0,0.0
2022-10-27 00:00:00+05:30,583.9500122070312,585.0,577.5999755859375,579.6500244140625,548.2147827148438,13613533,0.0,0.0
2022-10-28 00:00:00+05:30,579.9500122070312,582.6500244140625,567.0,570.75,539.7974243164062,10043644,0.0,0.0
2022-10-31 00:00:00+05:30,574.9500122070312,577.4500122070312,568.4000244140625,573.7999877929688,542.6820068359375,9894639,0.0,0.0
2022-11-01 00:00:00+05:30,576.3499755859375,585.75,574.5999755859375,576.9000244140625,545.6139526367188,12069579,0.0,0.0
2022-11-02 00:00:00+05:30,575.9000244140625,578.9500122070312,569.9000244140625,573.8499755859375,542.729248046875,10241440,0.0,0.0
2022-11-03 00:00:00+05:30,569.0,587.9500122070312,568.0,584.9000244140625,553.1800537109375,17557998,0.0,0.0
2022-11-04 00:00:00+05:30,586.0,596.9500122070312,580.4000244140625,593.9500122070312,561.7392578125,25759031,0.0,0.0
2022-11-07 00:00:00+05:30,613.0,622.7000122070312,607.7000122070312,614.1500244140625,580.8438110351562,44265903,0.0,0.0
2022-11-09 00:00:00+05:30,621.0,621.0,610.5499877929688,615.5499877929688,582.1678466796875,18939854,0.0,0.0
2022-11-10 00:00:00+05:30,613.0999755859375,615.0999755859375,602.2000122070312,605.75,572.8993530273438,11618405,0.0,0.0
2022-11-11 00:00:00+05:30,617.25,619.5499877929688,598.5,601.2999877929688,568.6906127929688,15525267,0.0,0.0
2022-11-14 00:00:00+05:30,603.9500122070312,603.9500122070312,591.6500244140625,592.5499877929688,560.4152221679688,12957268,0.0,0.0
2022-11-15 00:00:00+05:30,594.2999877929688,602.0999755859375,592.6500244140625,600.8499755859375,568.2650146484375,10286417,0.0,0.0
2022-11-16 00:00:00+05:30,599.9500122070312,603.5,596.0,599.75,567.2247314453125,11555749,0.0,0.0
2022-11-17 00:00:00+05:30,599.0999755859375,602.75,596.1500244140625,599.0499877929688,566.5626220703125,8167131,0.0,0.0
2022-11-18 00:00:00+05:30,601.0,605.75,597.1500244140625,602.7000122070312,570.0147094726562,12933675,0.0,0.0
2022-11-21 00:00:00+05:30,602.0999755859375,602.0999755859375,595.3499755859375,598.0999755859375,565.6641235351562,7412419,0.0,0.0
2022-11-22 00:00:00+05:30,598.1500244140625,600.7000122070312,596.1500244140625,599.0999755859375,566.6099243164062,8048595,0.0,0.0
2022-11-23 00:00:00+05:30,601.5499877929688,609.5999755859375,601.0,607.6500244140625,574.6962890625,12435924,0.0,0.0
2022-11-24 00:00:00+05:30,609.75,611.2999877929688,605.7999877929688,609.3499755859375,576.3040771484375,8960032,0.0,0.0
2022-11-25 00:00:00+05:30,610.5499877929688,613.7000122070312,606.25,607.4000244140625,574.4598999023438,9994513,0.0,0.0
2022-11-28 00:00:00+05:30,605.5999755859375,610.9000244140625,602.3499755859375,608.5999755859375,575.5947265625,7934274,0.0,0.0
2022-11-29 00:00:00+05:30,607.0999755859375,611.7999877929688,607.0999755859375,608.5499877929688,575.5474853515625,6942919,0.0,0.0
2022-11-30 00:00:00+05:30,608.5,611.4000244140625,598.4000244140625,602.4500122070312,569.7783203125,15606230,0.0,0.0
2022-12-01 00:00:00+05:30,607.8499755859375,609.7999877929688,601.5499877929688,608.0999755859375,575.1218872070312,14209313,0.0,0.0
2022-12-02 00:00:00+05:30,607.5,609.5999755859375,604.25,607.5499877929688,574.6016845703125,7533838,0.0,0.0
2022-12-05 00:00:00+05:30,608.5,618.0,607.5499877929688,617.2999877929688,583.8229370117188,11585602,0.0,0.0
2022-12-06 00:00:00+05:30,614.75,619.7999877929688,607.7999877929688,608.9500122070312,575.92578125,12996244,0.0,0.0
2022-12-07 00:00:00+05:30,610.8499755859375,612.9000244140625,604.5,607.0499877929688,574.1287841796875,7613892,0.0,0.0
2022-12-08 00:00:00+05:30,609.75,613.7999877929688,607.1500244140625,611.6500244140625,578.4793701171875,10020015,0.0,0.0
2022-12-09 00:00:00+05:30,614.4000244140625,618.0,609.0999755859375,616.5,583.0663452148438,11202267,0.0,0.0
2022-12-12 00:00:00+05:30,614.7999877929688,618.7000122070312,611.0,613.0499877929688,579.8034057617188,9285187,0.0,0.0
2022-12-13 00:00:00+05:30,613.5,617.4000244140625,612.5,616.75,583.3027954101562,7455415,0.0,0.0
2022-12-14 00:00:00+05:30,618.5,626.75,617.5,625.5,591.5782470703125,14010673,0.0,0.0
2022-12-15 00:00:00+05:30,625.5499877929688,629.5499877929688,614.2999877929688,615.9500122070312,582.546142578125,10622271,0.0,0.0
2022-12-16 00:00:00+05:30,612.0,615.5999755859375,602.0999755859375,603.3499755859375,570.6294555664062,9435071,0.0,0.0
2022-12-19 00:00:00+05:30,604.0,609.5,603.0,604.4500122070312,571.6697998046875,8322012,0.0,0.0
2022-12-20 00:00:00+05:30,603.0,606.5,599.5499877929688,604.4500122070312,571.6697998046875,6753785,0.0,0.0
2022-12-21 00:00:00+05:30,605.9000244140625,609.1500244140625,589.5999755859375,593.4000244140625,561.2191162109375,9217253,0.0,0.0
2022-12-22 00:00:00+05:30,597.0,599.0,587.5499877929688,593.4000244140625,561.2191162109375,8740149,0.0,0.0
2022-12-23 00:00:00+05:30,590.0,590.7000122070312,571.5,574.0,542.8711547851562,13047046,0.0,0.0
2022-12-26 00:00:00+05:30,574.0,601.7000122070312,570.7000122070312,597.0999755859375,564.7184448242188,13201587,0.0,0.0
2022-12-27 00:00:00+05:30,600.4000244140625,603.0999755859375,593.2999877929688,601.9000244140625,569.2581176757812,9638618,0.0,0.0
2022-12-28 00:00:00+05:30,600.9000244140625,607.0,598.5499877929688,601.0499877929688,568.4542236328125,7988631,0.0,0.0
2022-12-29 00:00:00+05:30,600.0,618.0,597.1500244140625,611.7999877929688,578.6212158203125,20130392,0.0,0.0
2022-12-30 00:00:00+05:30,615.25,620.5499877929688,611.3499755859375,613.7000122070312,580.4181518554688,13052895,0.0,0.0
2023-01-02 00:00:00+05:30,614.9500122070312,619.2000122070312,611.2000122070312,612.2000122070312,578.9995727539062,6726084,0.0,0.0
2023-01-03 00:00:00+05:30,614.5,616.5999755859375,610.0,612.4000244140625,579.188720703125,6818062,0.0,0.0
2023-01-04 00:00:00+05:30,611.8499755859375,614.9500122070312,604.0,605.2000122070312,572.3790893554688,7011191,0.0,0.0
2023-01-05 00:00:00+05:30,607.0,611.5999755859375,601.9500122070312,605.0999755859375,572.2845458984375,8241475,0.0,0.0
2023-01-06 00:00:00+05:30,607.4000244140625,607.4500122070312,597.0,600.6500244140625,568.0759887695312,7972036,0.0,0.0
2023-01-09 00:00:00+05:30,605.0,609.0,600.0999755859375,607.7000122070312,574.7435913085938,8878905,0.0,0.0
2023-01-10 00:00:00+05:30,608.4500122070312,609.0,590.5999755859375,595.1500244140625,562.8742065429688,10622660,0.0,0.0
2023-01-11 00:00:00+05:30,596.4500122070312,599.5,592.25,596.7000122070312,564.3401489257812,7419630,0.0,0.0
2023-01-12 00:00:00+05:30,597.9000244140625,597.9000244140625,590.0999755859375,594.9000244140625,562.6377563476562,8183715,0.0,0.0
2023-01-13 00:00:00+05:30,597.9000244140625,602.9000244140625,593.6500244140625,600.0999755859375,567.5556640625,7877610,0.0,0.0
2023-01-16 00:00:00+05:30,603.0,606.0999755859375,600.5999755859375,603.0,570.2984619140625,5483191,0.0,0.0
2023-01-17 00:00:00+05:30,603.0,606.0,586.0499877929688,592.9500122070312,560.79345703125,13461999,0.0,0.0
2023-01-18 00:00:00+05:30,595.9000244140625,597.1500244140625,587.5999755859375,591.4500122070312,559.3748779296875,11538075,0.0,0.0
2023-01-19 00:00:00+05:30,591.0,591.75,587.5499877929688,589.8499755859375,557.861572265625,7475688,0.0,0.0
2023-01-20 00:00:00+05:30,593.7999877929688,596.5999755859375,590.7999877929688,592.2000122070312,560.0841674804688,6750607,0.0,0.0
2023-01-23 00:00:00+05:30,598.5,601.75,592.9500122070312,600.4500122070312,567.8867797851562,6604469,0.0,0.0
2023-01-24 00:00:00+05:30,603.5,604.5999755859375,593.0499877929688,594.3499755859375,562.1175537109375,7609623,0.0,0.0
2023-01-25 00:00:00+05:30,595.8499755859375,595.8499755859375,567.4000244140625,568.7000122070312,537.8585815429688,25686294,0.0,0.0
2023-01-27 00:00:00+05:30,568.0,568.5499877929688,532.25,539.9500122070312,510.6677551269531,40163464,0.0,0.0
2023-01-30 00:00:00+05:30,536.0,554.3499755859375,525.2000122070312,538.2000122070312,509.0126647949219,40797825,0.0,0.0
2023-01-31 00:00:00+05:30,545.0,557.0,537.8499755859375,553.5,523.48291015625,21911943,0.0,0.0
2023-02-01 00:00:00+05:30,561.4000244140625,565.0,499.3500061035156,527.3499755859375,498.75103759765625,38218810,0.0,0.0
2023-02-02 00:00:00+05:30,520.2000122070312,532.6500244140625,502.5,528.0999755859375,499.4603271484375,39287056,0.0,0.0
2023-02-03 00:00:00+05:30,536.0,545.9500122070312,519.1500244140625,544.2000122070312,514.6873168945312,32317232,0.0,0.0
2023-02-06 00:00:00+05:30,558.7999877929688,558.7999877929688,536.5499877929688,545.4000244140625,515.8222045898438,25338586,0.0,0.0
2023-02-07 00:00:00+05:30,548.0,551.4000244140625,541.0499877929688,547.0999755859375,517.429931640625,16195947,0.0,0.0
2023-02-08 00:00:00+05:30,550.0,554.5,545.5,549.75,519.936279296875,15502847,0.0,0.0
2023-02-09 00:00:00+05:30,552.0,552.0,542.7999877929688,550.7999877929688,520.9292602539062,15061047,0.0,0.0
2023-02-10 00:00:00+05:30,546.5,557.25,546.5,553.0499877929688,523.0573120117188,13824475,0.0,0.0
2023-02-13 00:00:00+05:30,554.0,556.9000244140625,533.2999877929688,537.5,508.3505859375,18488732,0.0,0.0
2023-02-14 00:00:00+05:30,539.9500122070312,544.5999755859375,530.75,540.8499755859375,511.5189514160156,18559909,0.0,0.0
2023-02-15 00:00:00+05:30,540.0,544.6500244140625,536.7999877929688,542.25,512.843017578125,12796579,0.0,0.0
2023-02-16 00:00:00+05:30,546.8499755859375,546.8499755859375,538.5,540.0999755859375,510.8095703125,12767016,0.0,0.0
2023-02-17 00:00:00+05:30,538.5,539.6500244140625,527.75,531.0,502.2031555175781,14192008,0.0,0.0
2023-02-20 00:00:00+05:30,532.0,533.9500122070312,522.1500244140625,525.1500244140625,496.6704406738281,12570032,0.0,0.0
2023-02-21 00:00:00+05:30,527.0999755859375,528.9500122070312,522.4000244140625,523.4500122070312,495.06256103515625,10223218,0.0,0.0
2023-02-22 00:00:00+05:30,520.75,521.9000244140625,512.5,516.3499755859375,488.3475646972656,14763050,0.0,0.0
2023-02-23 00:00:00+05:30,516.9500122070312,524.0,511.3500061035156,521.0,492.74542236328125,15535085,0.0,0.0
2023-02-24 00:00:00+05:30,524.2000122070312,527.5,517.5999755859375,521.0499877929688,492.7926940917969,12253035,0.0,0.0
2023-02-27 00:00:00+05:30,521.0999755859375,529.7999877929688,519.0,527.7000122070312,499.0821228027344,11048799,0.0,0.0
2023-02-28 00:00:00+05:30,527.25,528.4500122070312,521.0499877929688,522.7999877929688,494.4478454589844,15768010,0.0,0.0
2023-03-01 00:00:00+05:30,523.25,537.4000244140625,523.0999755859375,536.7000122070312,507.593994140625,13510198,0.0,0.0
2023-03-02 00:00:00+05:30,535.9500122070312,539.9000244140625,532.5,533.75,504.80401611328125,10376913,0.0,0.0
2023-03-03 00:00:00+05:30,542.0,564.2999877929688,541.75,561.2000122070312,530.765380859375,27656538,0.0,0.0
2023-03-06 00:00:00+05:30,564.9000244140625,567.9000244140625,559.0,561.7000122070312,531.2382202148438,16162268,0.0,0.0
2023-03-08 00:00:00+05:30,560.0,565.5,556.4500122070312,564.7999877929688,534.1701049804688,12637578,0.0,0.0
2023-03-09 00:00:00+05:30,564.75,565.75,558.0,558.9000244140625,528.590087890625,8993423,0.0,0.0
2023-03-10 00:00:00+05:30,553.0999755859375,554.9500122070312,545.0,547.3499755859375,517.6664428710938,11522371,0.0,0.0
2023-03-13 00:00:00+05:30,547.0,553.1500244140625,528.4500122070312,530.0,501.2573547363281,14373729,0.0,0.0
2023-03-14 00:00:00+05:30,527.6500244140625,532.7999877929688,520.0,525.4000244140625,496.9068298339844,14750800,0.0,0.0
2023-03-15 00:00:00+05:30,529.7999877929688,532.0,515.5499877929688,517.5499877929688,489.4825439453125,11282329,0.0,0.0
2023-03-16 00:00:00+05:30,518.4000244140625,529.3499755859375,514.2999877929688,524.5,496.05560302734375,20040008,0.0,0.0
2023-03-17 00:00:00+05:30,528.6500244140625,531.5999755859375,520.0999755859375,529.7999877929688,501.06817626953125,18787379,0.0,0.0
2023-03-20 00:00:00+05:30,526.5999755859375,526.5999755859375,515.0,519.2000122070312,491.0430603027344,14275315,0.0,0.0
2023-03-21 00:00:00+05:30,522.0,523.4500122070312,516.4500122070312,521.8499755859375,493.5492858886719,29485180,0.0,0.0
2023-03-22 00:00:00+05:30,522.2000122070312,527.0,520.0999755859375,521.5499877929688,493.2655944824219,11619538,0.0,0.0
2023-03-23 00:00:00+05:30,519.4000244140625,521.0,511.5,512.75,484.9428405761719,22097792,0.0,0.0
2023-03-24 00:00:00+05:30,514.5,514.9500122070312,503.45001220703125,505.3500061035156,477.94415283203125,14416984,0.0,0.0
2023-03-27 00:00:00+05:30,507.0,514.1500244140625,501.54998779296875,510.1499938964844,482.48382568359375,15674218,0.0,0.0
2023-03-28 00:00:00+05:30,511.45001220703125,511.75,503.8500061035156,508.1000061035156,480.5450439453125,15833599,0.0,0.0
2023-03-29 00:00:00+05:30,509.0,518.0,506.29998779296875,516.5,488.4894714355469,24203789,0.0,0.0
2023-03-31 00:00:00+05:30,520.6500244140625,524.9000244140625,519.3499755859375,523.75,495.3463134765625,17356345,0.0,0.0
2023-04-03 00:00:00+05:30,524.75,528.5,522.0999755859375,526.75,498.18359375,14210949,0.0,0.0
2023-04-05 00:00:00+05:30,527.0,527.5999755859375,519.0499877929688,523.0,494.6369934082031,13574801,0.0,0.0
2023-04-06 00:00:00+05:30,524.0,533.7000122070312,521.6500244140625,527.6500244140625,499.0348205566406,25125879,0.0,0.0
2023-04-10 00:00:00+05:30,529.25,530.4000244140625,524.4000244140625,526.2999877929688,497.75799560546875,17335453,0.0,0.0
2023-04-11 00:00:00+05:30,530.8499755859375,535.7000122070312,527.1500244140625,532.0999755859375,503.24346923828125,26414406,0.0,0.0
2023-04-12 00:00:00+05:30,533.2000122070312,534.0,526.0,528.2000122070312,499.5549621582031,21292441,0.0,0.0
2023-04-13 00:00:00+05:30,529.2999877929688,534.25,527.1500244140625,532.9500122070312,504.04736328125,28597560,0.0,0.0
2023-04-17 00:00:00+05:30,528.0,545.0,528.0,544.0,514.4981079101562,32476990,0.0,0.0
2023-04-18 00:00:00+05:30,545.3499755859375,548.5,540.5,545.8499755859375,516.247802734375,22283456,0.0,0.0
2023-04-19 00:00:00+05:30,544.0,547.5,538.25,540.2999877929688,510.998779296875,21156372,0.0,0.0
2023-04-20 00:00:00+05:30,541.2000122070312,545.4500122070312,536.6500244140625,544.7999877929688,515.2547607421875,25588577,0.0,0.0
2023-04-21 00:00:00+05:30,545.0,546.4000244140625,539.7000122070312,543.1500244140625,513.6942749023438,22599418,0.0,0.0
2023-04-24 00:00:00+05:30,543.7999877929688,555.5499877929688,543.5,554.5999755859375,524.5232543945312,23335611,0.0,0.0
2023-04-25 00:00:00+05:30,555.0,567.9000244140625,555.0,561.7999877929688,531.332763671875,38142390,0.0,0.0
2023-04-26 00:00:00+05:30,562.0,567.0,556.4500122070312,566.3499755859375,535.635986328125,23143882,0.0,0.0
2023-04-27 00:00:00+05:30,565.0,567.4000244140625,561.0999755859375,564.75,534.1228637695312,17845169,0.0,0.0
2023-04-28 00:00:00+05:30,567.7999877929688,580.4500122070312,565.5,578.2999877929688,546.93798828125,16183423,0.0,0.0
2023-05-02 00:00:00+05:30,580.0,580.8499755859375,573.1500244140625,575.2999877929688,544.1006469726562,13667511,0.0,0.0
2023-05-03 00:00:00+05:30,570.6500244140625,575.0,569.0,570.5,539.5609741210938,9699527,0.0,0.0
2023-05-04 00:00:00+05:30,570.2000122070312,580.7999877929688,568.5,580.0,548.5458374023438,12533761,0.0,0.0
2023-05-05 00:00:00+05:30,580.2000122070312,588.25,575.0499877929688,576.5,545.2356567382812,18163461,0.0,0.0
2023-05-08 00:00:00+05:30,577.6500244140625,587.5999755859375,577.3499755859375,583.5999755859375,551.9505615234375,12990869,0.0,0.0
2023-05-09 00:00:00+05:30,585.0,586.4500122070312,572.0999755859375,573.5,542.3982543945312,18959065,0.0,0.0
2023-05-10 00:00:00+05:30,575.0,575.0,563.25,572.2000122070312,541.1688232421875,18561315,0.0,0.0
2023-05-11 00:00:00+05:30,572.2000122070312,580.0,572.0,573.4500122070312,542.3510131835938,16016715,0.0,0.0
2023-05-12 00:00:00+05:30,574.7000122070312,580.75,571.5499877929688,578.1500244140625,546.796142578125,11319335,0.0,0.0
2023-05-15 00:00:00+05:30,578.75,584.0,574.6500244140625,581.9000244140625,550.3427124023438,11410243,0.0,0.0
2023-05-16 00:00:00+05:30,584.0,590.4000244140625,582.0,586.2999877929688,554.5040893554688,22178229,0.0,0.0
2023-05-17 00:00:00+05:30,586.0,590.5,579.5,586.2999877929688,554.5040893554688,23739774,0.0,0.0
2023-05-18 00:00:00+05:30,590.2999877929688,593.9000244140625,571.4000244140625,574.2000122070312,543.060302734375,45656620,0.0,0.0
2023-05-19 00:00:00+05:30,579.0,586.25,569.9000244140625,575.1500244140625,543.9588012695312,42293962,0.0,0.0
2023-05-22 00:00:00+05:30,577.5,580.2999877929688,573.4500122070312,577.1500244140625,545.8504028320312,21484049,0.0,0.0
2023-05-23 00:00:00+05:30,578.9000244140625,583.7000122070312,576.7999877929688,581.5999755859375,550.0590209960938,16120548,0.0,0.0
2023-05-24 00:00:00+05:30,579.7999877929688,585.25,578.25,582.7000122070312,551.099365234375,17616658,0.0,0.0
2023-05-25 00:00:00+05:30,582.0,582.9000244140625,577.0,581.25,549.7279663085938,16479436,0.0,0.0
2023-05-26 00:00:00+05:30,581.25,587.75,580.5499877929688,586.0,554.2203979492188,9788076,0.0,0.0
2023-05-29 00:00:00+05:30,590.0,596.4000244140625,588.0499877929688,595.0,562.7323608398438,18432231,0.0,0.0
2023-05-30 00:00:00+05:30,595.0,595.5,591.5,592.7999877929688,560.651611328125,15031640,0.0,0.0
2023-05-31 00:00:00+05:30,583.7999877929688,584.7999877929688,577.5,579.8499755859375,559.0607299804688,28797643,11.3,0.0
2023-06-01 00:00:00+05:30,581.7999877929688,586.4000244140625,581.0,582.75,561.8568115234375,17820226,0.0,0.0
2023-06-02 00:00:00+05:30,584.7000122070312,588.9000244140625,583.0,587.2000122070312,566.1472778320312,11323908,0.0,0.0
2023-06-05 00:00:00+05:30,588.5,589.7999877929688,586.0,587.2000122070312,566.1472778320312,12920507,0.0,0.0
2023-06-06 00:00:00+05:30,588.0,588.9000244140625,583.0,585.3499755859375,564.3635864257812,11199940,0.0,0.0
2023-06-07 00:00:00+05:30,588.0,590.5999755859375,586.0,589.2000122070312,568.0755615234375,11113781,0.0,0.0
2023-06-08 00:00:00+05:30,589.9500122070312,593.9500122070312,586.3499755859375,588.5,567.400634765625,15971917,0.0,0.0
2023-06-09 00:00:00+05:30,588.0,589.0999755859375,576.75,578.7000122070312,557.9520263671875,18870272,0.0,0.0
2023-06-12 00:00:00+05:30,580.0,581.5,577.7000122070312,578.6500244140625,557.9038696289062,8786066,0.0,0.0
2023-06-13 00:00:00+05:30,579.4500122070312,581.4000244140625,574.25,576.4000244140625,555.7344970703125,12612098,0.0,0.0
2023-06-14 00:00:00+05:30,577.0,578.5499877929688,575.25,576.5499877929688,555.8790893554688,8948696,0.0,0.0
2023-06-15 00:00:00+05:30,576.0,576.7000122070312,565.25,566.5,546.189453125,17934877,0.0,0.0
2023-06-16 00:00:00+05:30,568.75,574.7000122070312,567.0499877929688,571.25,550.7691040039062,12660226,0.0,0.0
2023-06-19 00:00:00+05:30,571.25,572.75,565.9000244140625,568.8499755859375,548.4551391601562,17903691,0.0,0.0
2023-06-20 00:00:00+05:30,568.8499755859375,569.4500122070312,562.5499877929688,567.4000244140625,547.0571899414062,14549152,0.0,0.0
2023-06-21 00:00:00+05:30,567.4000244140625,569.5,565.6500244140625,566.3499755859375,546.0447387695312,14946871,0.0,0.0
2023-06-22 00:00:00+05:30,566.3499755859375,569.0,561.0499877929688,562.9500122070312,542.7667236328125,14979063,0.0,0.0
2023-06-23 00:00:00+05:30,562.0,562.0999755859375,553.7999877929688,554.5999755859375,534.716064453125,12215712,0.0,0.0
2023-06-26 00:00:00+05:30,556.0,558.5,554.5,557.0499877929688,537.0781860351562,8360264,0.0,0.0
2023-06-27 00:00:00+05:30,558.25,567.9500122070312,555.6500244140625,566.0999755859375,545.8037719726562,10694768,0.0,0.0
2023-06-28 00:00:00+05:30,572.25,574.0,568.5499877929688,569.7999877929688,549.37109375,18028934,0.0,0.0
2023-06-30 00:00:00+05:30,574.0,574.0,570.2000122070312,572.8499755859375,552.3117065429688,8718232,0.0,0.0
2023-07-03 00:00:00+05:30,574.5,586.3499755859375,573.9000244140625,585.4500122070312,564.4600219726562,15421985,0.0,0.0
2023-07-04 00:00:00+05:30,588.2000122070312,595.9500122070312,582.25,589.25,568.123779296875,24799250,0.0,0.0
2023-07-05 00:00:00+05:30,589.7999877929688,593.7000122070312,588.2000122070312,590.5999755859375,569.4253540039062,13598114,0.0,0.0
2023-07-06 00:00:00+05:30,590.4000244140625,593.5,589.0999755859375,592.5,571.2572631835938,11323509,0.0,0.0
2023-07-07 00:00:00+05:30,590.0,595.5,585.5,593.5999755859375,572.3178100585938,11707209,0.0,0.0
2023-07-10 00:00:00+05:30,594.6500244140625,599.7999877929688,590.25,592.5999755859375,571.3536376953125,11417363,0.0,0.0
2023-07-11 00:00:00+05:30,595.0,595.9500122070312,587.3499755859375,588.5499877929688,567.4488525390625,13221177,0.0,0.0
2023-07-12 00:00:00+05:30,589.0,594.5,588.2000122070312,589.25,568.123779296875,16029716,0.0,0.0
2023-07-13 00:00:00+05:30,594.9000244140625,598.0,583.3499755859375,585.6500244140625,564.65283203125,20024503,0.0,0.0
2023-07-14 00:00:00+05:30,586.75,591.2999877929688,580.7000122070312,584.4000244140625,563.4476928710938,12190152,0.0,0.0
2023-07-17 00:00:00+05:30,587.0,602.8499755859375,584.2000122070312,601.0999755859375,579.5488891601562,19378986,0.0,0.0
2023-07-18 00:00:00+05:30,603.0499877929688,604.0499877929688,588.75,592.3499755859375,571.1126098632812,25757209,0.0,0.0
2023-07-19 00:00:00+05:30,594.6500244140625,602.4000244140625,592.0,601.4500122070312,579.8864135742188,17556585,0.0,0.0
2023-07-20 00:00:00+05:30,601.4000244140625,610.7999877929688,598.75,610.0499877929688,588.1780395507812,34038351,0.0,0.0
2023-07-21 00:00:00+05:30,610.0,619.5,609.0,615.0999755859375,593.0469360351562,21040281,0.0,0.0
2023-07-24 00:00:00+05:30,615.0499877929688,621.9000244140625,614.2999877929688,617.6500244140625,595.5055541992188,11756364,0.0,0.0
2023-07-25 00:00:00+05:30,621.7999877929688,621.7999877929688,604.2000122070312,609.5999755859375,587.744140625,18503305,0.0,0.0
2023-07-26 00:00:00+05:30,612.0,616.3499755859375,609.1500244140625,615.1500244140625,593.09521484375,9999125,0.0,0.0
2023-07-27 00:00:00+05:30,616.4000244140625,621.25,613.0999755859375,616.5499877929688,594.4449462890625,17444742,0.0,0.0
2023-07-28 00:00:00+05:30,616.4000244140625,619.9000244140625,613.5999755859375,616.0499877929688,593.962890625,11930586,0.0,0.0
2023-07-31 00:00:00+05:30,616.6500244140625,621.0,614.5,620.2000122070312,597.9641723632812,8605483,0.0,0.0
2023-08-01 00:00:00+05:30,620.2000122070312,620.8499755859375,610.5999755859375,611.8499755859375,589.9134521484375,13493453,0.0,0.0
2023-08-02 00:00:00+05:30,609.8499755859375,610.5,594.0999755859375,598.4500122070312,576.993896484375,14977497,0.0,0.0
2023-08-03 00:00:00+05:30,598.7000122070312,600.8499755859375,585.0,590.5,569.3289794921875,27774877,0.0,0.0
2023-08-04 00:00:00+05:30,594.7999877929688,598.7000122070312,571.4000244140625,573.2999877929688,552.74560546875,52725616,0.0,0.0
2023-08-07 00:00:00+05:30,577.0,577.0,566.6500244140625,567.9000244140625,547.539306640625,32736325,0.0,0.0
2023-08-08 00:00:00+05:30,571.0,574.25,568.4500122070312,573.0999755859375,552.552734375,25038671,0.0,0.0
2023-08-09 00:00:00+05:30,575.0,575.0,568.3499755859375,573.75,553.1795043945312,15769111,0.0,0.0
2023-08-10 00:00:00+05:30,573.75,577.5999755859375,570.0999755859375,573.6500244140625,553.0831298828125,27325801,0.0,0.0
2023-08-11 00:00:00+05:30,575.4500122070312,579.0,572.0,574.1500244140625,553.565185546875,18221179,0.0,0.0
2023-08-14 00:00:00+05:30,572.9500122070312,573.0,558.5999755859375,560.7999877929688,540.6937866210938,28084093,0.0,0.0
2023-08-16 00:00:00+05:30,558.7999877929688,566.4000244140625,554.0,565.3499755859375,545.0806274414062,15725767,0.0,0.0
2023-08-17 00:00:00+05:30,565.75,573.1500244140625,564.0,572.1500244140625,551.6368408203125,27910162,0.0,0.0
2023-08-18 00:00:00+05:30,570.0,575.25,567.4000244140625,572.9500122070312,552.408203125,18253227,0.0,0.0
2023-08-21 00:00:00+05:30,572.9500122070312,575.5499877929688,570.75,571.7000122070312,551.2030029296875,9380810,0.0,0.0
2023-08-22 00:00:00+05:30,572.5,574.4500122070312,567.5,568.5,548.11767578125,14073413,0.0,0.0
2023-08-23 00:00:00+05:30,571.0,577.9500122070312,566.0,576.9000244140625,556.2166137695312,18579297,0.0,0.0
2023-08-24 00:00:00+05:30,578.1500244140625,582.0,575.5499877929688,576.9500122070312,556.2647705078125,24131644,0.0,0.0
2023-08-25 00:00:00+05:30,573.7999877929688,575.2999877929688,567.2000122070312,569.9500122070312,549.5157470703125,12271885,0.0,0.0
2023-08-28 00:00:00+05:30,572.7999877929688,574.7999877929688,569.2000122070312,572.8499755859375,552.3117065429688,9711932,0.0,0.0
2023-08-29 00:00:00+05:30,573.6500244140625,576.2999877929688,571.8499755859375,574.8499755859375,554.2400512695312,13144855,0.0,0.0
2023-08-30 00:00:00+05:30,576.7000122070312,577.7000122070312,566.0999755859375,567.4000244140625,547.0571899414062,15281416,0.0,0.0
2023-08-31 00:00:00+05:30,569.2999877929688,570.2999877929688,559.4000244140625,561.3499755859375,541.2240600585938,27898476,0.0,0.0
2023-09-01 00:00:00+05:30,562.7000122070312,571.2000122070312,562.0999755859375,569.5499877929688,549.1300659179688,18121168,0.0,0.0
2023-09-04 00:00:00+05:30,572.0,576.3499755859375,568.4500122070312,575.5499877929688,554.9149169921875,12108655,0.0,0.0
2023-09-05 00:00:00+05:30,575.5999755859375,578.25,571.3499755859375,573.0,552.4563598632812,14444729,0.0,0.0
2023-09-06 00:00:00+05:30,574.25,574.25,568.0,570.5,550.0460205078125,20609936,0.0,0.0
2023-09-07 00:00:00+05:30,568.0,581.0,568.0,579.0499877929688,558.2894897460938,12390597,0.0,0.0
2023-09-08 00:00:00+05:30,581.0,588.5,579.7000122070312,583.4500122070312,562.53173828125,14032068,0.0,0.0
2023-09-11 00:00:00+05:30,587.0,592.2999877929688,585.3499755859375,591.7000122070312,570.4859008789062,10946134,0.0,0.0
2023-09-12 00:00:00+05:30,593.6500244140625,594.25,584.6500244140625,588.3499755859375,567.2560424804688,16093060,0.0,0.0
2023-09-13 00:00:00+05:30,588.4000244140625,598.0,583.4500122070312,596.4500122070312,575.065673828125,19377172,0.0,0.0
2023-09-14 00:00:00+05:30,598.4500122070312,603.7000122070312,595.2000122070312,597.2999877929688,575.8851318359375,13178911,0.0,0.0
2023-09-15 00:00:00+05:30,599.3499755859375,600.7000122070312,595.2000122070312,598.7999877929688,577.3313598632812,11756389,0.0,0.0
2023-09-18 00:00:00+05:30,598.7999877929688,608.4000244140625,597.0499877929688,603.9500122070312,582.2967529296875,19305055,0.0,0.0
2023-09-20 00:00:00+05:30,600.8499755859375,606.7999877929688,599.4000244140625,601.0999755859375,579.5488891601562,21314600,0.0,0.0
2023-09-21 00:00:00+05:30,600.0,606.5999755859375,584.6500244140625,588.1500244140625,567.063232421875,23453425,0.0,0.0
2023-09-22 00:00:00+05:30,593.5,602.0,591.4000244140625,598.1500244140625,576.7047119140625,18784139,0.0,0.0
2023-09-25 00:00:00+05:30,601.5,601.5,590.4500122070312,594.0499877929688,572.7516479492188,9712784,0.0,0.0
2023-09-26 00:00:00+05:30,594.0,595.0,591.25,594.4000244140625,573.0891723632812,8327427,0.0,0.0
2023-09-27 00:00:00+05:30,593.4500122070312,594.2999877929688,588.2000122070312,589.75,568.6058349609375,9865347,0.0,0.0
2023-09-28 00:00:00+05:30,591.25,595.2000122070312,588.8499755859375,589.9500122070312,568.7987060546875,21960816,0.0,0.0
2023-09-29 00:00:00+05:30,592.8499755859375,600.0,591.2999877929688,598.5499877929688,577.09033203125,12189735,0.0,0.0
2023-10-03 00:00:00+05:30,596.5999755859375,604.9000244140625,589.5999755859375,602.9500122070312,581.3325805664062,15322196,0.0,0.0
2023-10-04 00:00:00+05:30,600.0,600.4500122070312,584.4500122070312,586.25,565.2313232421875,24914612,0.0,0.0
2023-10-05 00:00:00+05:30,590.0,594.3499755859375,587.0999755859375,592.1500244140625,570.9198608398438,13248028,0.0,0.0
2023-10-06 00:00:00+05:30,593.4000244140625,598.9500122070312,592.2000122070312,594.25,572.9445190429688,8216780,0.0,0.0
2023-10-09 00:00:00+05:30,588.0,589.0,581.5499877929688,585.0999755859375,564.12255859375,9189597,0.0,0.0
2023-10-10 00:00:00+05:30,587.0,595.0,585.75,591.6500244140625,570.437744140625,10373508,0.0,0.0
2023-10-11 00:00:00+05:30,596.9000244140625,597.0,587.5999755859375,588.3499755859375,567.2560424804688,14220119,0.0,0.0
2023-10-12 00:00:00+05:30,590.7999877929688,593.0,585.0,586.0499877929688,565.0385131835938,11983797,0.0,0.0
2023-10-13 00:00:00+05:30,577.75,581.2999877929688,574.7999877929688,576.1500244140625,555.4934692382812,19064577,0.0,0.0
2023-10-16 00:00:00+05:30,576.0,578.75,571.5,575.6500244140625,555.0113525390625,11290293,0.0,0.0
2023-10-17 00:00:00+05:30,577.7000122070312,579.9500122070312,575.2999877929688,576.4500122070312,555.78271484375,10765224,0.0,0.0
2023-10-18 00:00:00+05:30,577.75,579.25,569.3499755859375,572.6500244140625,552.1189575195312,11777454,0.0,0.0
2023-10-19 00:00:00+05:30,569.7999877929688,574.0,567.0,571.2000122070312,550.720947265625,11441499,0.0,0.0
2023-10-20 00:00:00+05:30,569.9000244140625,570.0,562.0999755859375,563.0999755859375,542.9113159179688,11110988,0.0,0.0
2023-10-23 00:00:00+05:30,563.0999755859375,566.0,551.0,552.9500122070312,533.125244140625,11875035,0.0,0.0
2023-10-25 00:00:00+05:30,558.5999755859375,560.7999877929688,553.5999755859375,556.2000122070312,536.2587280273438,12134624,0.0,0.0
2023-10-26 00:00:00+05:30,551.4500122070312,552.9000244140625,543.2000122070312,547.0,527.3885498046875,19424825,0.0,0.0
2023-10-27 00:00:00+05:30,550.0,562.5,550.0,561.1500244140625,541.0313110351562,10415296,0.0,0.0
2023-10-30 00:00:00+05:30,563.0,566.7000122070312,556.5,565.2000122070312,544.93603515625,8593704,0.0,0.0
2023-10-31 00:00:00+05:30,567.0,569.5,563.1500244140625,565.5499877929688,545.2734985351562,13039696,0.0,0.0
2023-11-01 00:00:00+05:30,566.25,569.6500244140625,563.8499755859375,566.4000244140625,546.093017578125,13575575,0.0,0.0
2023-11-02 00:00:00+05:30,571.0999755859375,575.4500122070312,567.5999755859375,572.0999755859375,551.588623046875,11148516,0.0,0.0
2023-11-03 00:00:00+05:30,576.0,579.5,573.4500122070312,578.1500244140625,557.4217529296875,11371371,0.0,0.0
2023-11-06 00:00:00+05:30,582.0,582.5,573.25,574.3499755859375,553.7579956054688,16499138,0.0,0.0
2023-11-07 00:00:00+05:30,574.7999877929688,581.2000122070312,572.5999755859375,579.75,558.96435546875,17923281,0.0,0.0
2023-11-08 00:00:00+05:30,581.9000244140625,582.5999755859375,579.0,580.2999877929688,559.49462890625,15434808,0.0,0.0
2023-11-09 00:00:00+05:30,581.0,581.8499755859375,576.5,578.3499755859375,557.6145629882812,12434363,0.0,0.0
2023-11-10 00:00:00+05:30,577.7999877929688,581.0,575.4000244140625,579.5,558.7233276367188,6773038,0.0,0.0
2023-11-13 00:00:00+05:30,581.0,582.5,575.2000122070312,581.3499755859375,560.5069580078125,11282362,0.0,0.0
2023-11-15 00:00:00+05:30,587.25,588.0,582.5999755859375,584.7000122070312,563.7369384765625,11397676,0.0,0.0
2023-11-16 00:00:00+05:30,584.7000122070312,588.0,582.9000244140625,584.6500244140625,563.688720703125,8622660,0.0,0.0
2023-11-17 00:00:00+05:30,574.5,574.5,562.0999755859375,563.0499877929688,542.8630981445312,37173221,0.0,0.0
2023-11-20 00:00:00+05:30,564.0,566.7999877929688,560.5999755859375,563.75,543.5380249023438,12714585,0.0,0.0
2023-11-21 00:00:00+05:30,566.0,566.6500244140625,561.0,561.5,541.3687133789062,14280013,0.0,0.0
2023-11-22 00:00:00+05:30,562.9500122070312,564.5,555.1500244140625,558.9500122070312,538.9100952148438,14909071,0.0,0.0
2023-11-23 00:00:00+05:30,561.75,563.5,558.2999877929688,559.9500122070312,539.874267578125,6376210,0.0,0.0
2023-11-24 00:00:00+05:30,561.9500122070312,562.4500122070312,559.25,560.3499755859375,540.2598876953125,6529851,0.0,0.0
2023-11-28 00:00:00+05:30,563.5999755859375,565.2000122070312,561.0999755859375,564.4500122070312,544.2129516601562,8153314,0.0,0.0
2023-11-29 00:00:00+05:30,568.0,569.0,565.0999755859375,568.5999755859375,548.214111328125,10299034,0.0,0.0
2023-11-30 00:00:00+05:30,569.75,570.2000122070312,563.6500244140625,564.75,544.502197265625,19758998,0.0,0.0
2023-12-01 00:00:00+05:30,567.0,574.2000122070312,566.5499877929688,571.75,551.2511596679688,10614230,0.0,0.0
2023-12-04 00:00:00+05:30,588.0,596.0,584.5499877929688,594.7000122070312,573.37841796875,26077882,0.0,0.0
2023-12-05 00:00:00+05:30,595.0499877929688,611.2999877929688,595.0499877929688,608.25,586.4425659179688,36430152,0.0,0.0
2023-12-06 00:00:00+05:30,614.0,614.0,604.5499877929688,608.4500122070312,586.6354370117188,21439069,0.0,0.0
2023-12-07 00:00:00+05:30,610.0,612.5499877929688,605.0,611.7000122070312,589.7689208984375,10725706,0.0,0.0
2023-12-08 00:00:00+05:30,610.0,616.7999877929688,605.3499755859375,614.1500244140625,592.131103515625,17722136,0.0,0.0
2023-12-11 00:00:00+05:30,615.0,619.9000244140625,613.0999755859375,614.25,592.2274780273438,11706255,0.0,0.0
2023-12-12 00:00:00+05:30,617.0,617.9500122070312,610.7999877929688,612.4000244140625,590.44384765625,14494836,0.0,0.0
2023-12-13 00:00:00+05:30,614.4500122070312,620.5,611.6500244140625,619.8499755859375,597.6266479492188,13977914,0.0,0.0
2023-12-14 00:00:00+05:30,626.0,627.75,622.4000244140625,623.6500244140625,601.2904663085938,15813797,0.0,0.0
2023-12-15 00:00:00+05:30,628.0,650.0,619.8499755859375,648.25,625.0084228515625,29813572,0.0,0.0
2023-12-18 00:00:00+05:30,646.6500244140625,655.6500244140625,642.4000244140625,648.5,625.24951171875,16221796,0.0,0.0
2023-12-19 00:00:00+05:30,648.5,659.5999755859375,640.25,655.4000244140625,631.9021606445312,19964008,0.0,0.0
2023-12-20 00:00:00+05:30,658.7000122070312,660.4000244140625,633.9500122070312,636.4500122070312,613.6315307617188,22542056,0.0,0.0
2023-12-21 00:00:00+05:30,632.1500244140625,648.9500122070312,627.5,643.75,620.6697998046875,19915516,0.0,0.0
2023-12-22 00:00:00+05:30,644.75,649.4000244140625,635.1500244140625,636.75,613.9207763671875,14998068,0.0,0.0
2023-12-26 00:00:00+05:30,638.8499755859375,641.2999877929688,635.6500244140625,638.0499877929688,615.1741333007812,10153089,0.0,0.0
2023-12-27 00:00:00+05:30,640.75,649.4500122070312,639.0,648.5499877929688,625.2976684570312,14417646,0.0,0.0
2023-12-28 00:00:00+05:30,650.25,653.2999877929688,646.5,651.4000244140625,628.0455322265625,16982092,0.0,0.0
2023-12-29 00:00:00+05:30,645.5,649.5999755859375,639.5499877929688,642.0499877929688,619.03076171875,13221898,0.0,0.0
2024-01-01 00:00:00+05:30,642.2000122070312,646.9000244140625,638.0,641.3499755859375,618.3558349609375,8295548,0.0,0.0
2024-01-02 00:00:00+05:30,641.3499755859375,648.0,633.8499755859375,639.4500122070312,616.5239868164062,15164482,0.0,0.0
2024-01-03 00:00:00+05:30,639.3499755859375,648.0,635.7999877929688,643.4500122070312,620.3805541992188,14571772,0.0,0.0
2024-01-04 00:00:00+05:30,642.5,646.4000244140625,638.6500244140625,642.75,619.7056274414062,13883388,0.0,0.0
2024-01-05 00:00:00+05:30,645.0,651.75,637.75,641.9500122070312,618.9343872070312,15984585,0.0,0.0
2024-01-08 00:00:00+05:30,640.0,645.0,625.0499877929688,627.0,604.5203247070312,14739531,0.0,0.0
2024-01-09 00:00:00+05:30,632.0,634.3499755859375,624.5,625.4000244140625,602.9777221679688,13400235,0.0,0.0
2024-01-10 00:00:00+05:30,624.7999877929688,625.2999877929688,618.2000122070312,621.75,599.4585571289062,12742464,0.0,0.0
2024-01-11 00:00:00+05:30,626.0,627.1500244140625,618.5,620.2000122070312,597.9641723632812,15533860,0.0,0.0
2024-01-12 00:00:00+05:30,623.7999877929688,636.5,621.0999755859375,633.5999755859375,610.8836669921875,16620797,0.0,0.0
2024-01-15 00:00:00+05:30,638.9000244140625,645.5,636.0999755859375,640.0999755859375,617.150634765625,16844018,0.0,0.0
2024-01-16 00:00:00+05:30,640.0,644.9000244140625,633.4500122070312,636.9000244140625,614.0654296875,15025543,0.0,0.0
2024-01-17 00:00:00+05:30,624.0,636.7999877929688,623.0,626.0,603.5562133789062,30016308,0.0,0.0
2024-01-18 00:00:00+05:30,625.7999877929688,633.4500122070312,619.0499877929688,628.2999877929688,605.773681640625,14695436,0.0,0.0
2024-01-19 00:00:00+05:30,633.0,635.5,624.7000122070312,627.75,605.2434692382812,11675202,0.0,0.0
2024-01-23 00:00:00+05:30,627.0,634.9000244140625,600.6500244140625,605.0999755859375,583.4054565429688,30954343,0.0,0.0
2024-01-24 00:00:00+05:30,609.9500122070312,622.3499755859375,603.0999755859375,618.2999877929688,596.1322021484375,19221835,0.0,0.0
2024-01-25 00:00:00+05:30,618.5,623.7999877929688,606.25,612.75,590.78125,22684904,0.0,0.0
2024-01-29 00:00:00+05:30,619.0,629.5,615.5999755859375,622.9500122070312,600.6155395507812,19572140,0.0,0.0
2024-01-30 00:00:00+05:30,625.4500122070312,633.5,624.2000122070312,626.75,604.279296875,16966577,0.0,0.0
2024-01-31 00:00:00+05:30,626.4000244140625,643.2000122070312,622.0,640.5,617.5363159179688,23270745,0.0,0.0
2024-02-01 00:00:00+05:30,642.75,652.9500122070312,633.25,647.6500244140625,624.4299926757812,26587707,0.0,0.0
2024-02-02 00:00:00+05:30,652.0,660.5499877929688,646.7000122070312,649.6500244140625,626.3582763671875,27471811,0.0,0.0
2024-02-05 00:00:00+05:30,647.0999755859375,654.7999877929688,638.75,642.9500122070312,619.8984985351562,28339525,0.0,0.0
2024-02-06 00:00:00+05:30,644.4500122070312,655.0,637.7000122070312,650.25,626.936767578125,14079390,0.0,0.0
2024-02-07 00:00:00+05:30,655.0499877929688,677.9500122070312,655.0,675.25,651.0404052734375,41696232,0.0,0.0
2024-02-08 00:00:00+05:30,680.4000244140625,718.9000244140625,678.5,699.5499877929688,674.46923828125,74222434,0.0,0.0
2024-02-09 00:00:00+05:30,703.6500244140625,728.3499755859375,694.2000122070312,725.25,699.247802734375,43235061,0.0,0.0
2024-02-12 00:00:00+05:30,726.0,726.0,704.5,707.9000244140625,682.5198364257812,22873137,0.0,0.0
2024-02-13 00:00:00+05:30,708.5499877929688,718.0,702.1500244140625,713.4500122070312,687.8709106445312,23351472,0.0,0.0
2024-02-14 00:00:00+05:30,705.5499877929688,748.5,705.5499877929688,743.4000244140625,716.7470703125,36782182,0.0,0.0
2024-02-15 00:00:00+05:30,747.7000122070312,764.0,741.6500244140625,761.7000122070312,734.3909301757812,33941282,0.0,0.0
2024-02-16 00:00:00+05:30,763.4500122070312,774.5999755859375,753.3499755859375,754.7000122070312,727.6419677734375,27365121,0.0,0.0
2024-02-19 00:00:00+05:30,758.7000122070312,765.0,750.0,759.25,732.02880859375,13979584,0.0,0.0
2024-02-20 00:00:00+05:30,759.0499877929688,763.5,754.0,760.0999755859375,732.8483276367188,12528399,0.0,0.0
2024-02-21 00:00:00+05:30,760.6500244140625,777.5,759.5999755859375,771.5,743.839599609375,21465311,0.0,0.0
2024-02-22 00:00:00+05:30,773.0,773.0,757.0,765.9000244140625,738.4403686523438,18799244,0.0,0.0
2024-02-23 00:00:00+05:30,765.9000244140625,770.5,755.0,759.0499877929688,731.8359375,14143636,0.0,0.0
2024-02-26 00:00:00+05:30,755.0,766.3499755859375,752.7000122070312,758.9000244140625,731.69140625,11355186,0.0,0.0
2024-02-27 00:00:00+05:30,758.9000244140625,762.3499755859375,742.2000122070312,749.8499755859375,722.9658203125,13969393,0.0,0.0
2024-02-28 00:00:00+05:30,749.8499755859375,756.75,741.0,742.5,715.8793334960938,11263318,0.0,0.0
2024-02-29 00:00:00+05:30,743.9000244140625,753.9000244140625,737.1500244140625,748.0999755859375,721.2785034179688,19217113,0.0,0.0
2024-03-01 00:00:00+05:30,752.0,772.0,751.9500122070312,769.1500244140625,741.5738525390625,17348526,0.0,0.0
2024-03-04 00:00:00+05:30,774.4000244140625,777.0,769.0,772.0499877929688,744.369873046875,9789141,0.0,0.0
2024-03-05 00:00:00+05:30,769.5,786.9500122070312,769.0999755859375,783.9500122070312,755.84326171875,18088847,0.0,0.0
2024-03-06 00:00:00+05:30,783.6500244140625,790.2999877929688,772.9000244140625,783.9000244140625,755.7950439453125,26710525,0.0,0.0
2024-03-07 00:00:00+05:30,790.0,793.4000244140625,783.0,788.0499877929688,759.7962036132812,15497868,0.0,0.0
2024-03-11 00:00:00+05:30,790.0,792.7999877929688,770.5499877929688,773.7000122070312,745.9607543945312,16778340,0.0,0.0
2024-03-12 00:00:00+05:30,770.0,777.75,757.3499755859375,759.7000122070312,732.4627075195312,21529705,0.0,0.0
2024-03-13 00:00:00+05:30,758.6500244140625,763.7000122070312,743.0,747.25,720.4590454101562,27950252,0.0,0.0
2024-03-14 00:00:00+05:30,749.9000244140625,750.7999877929688,734.0499877929688,741.0499877929688,714.4813232421875,19730882,0.0,0.0
2024-03-15 00:00:00+05:30,739.25,746.5499877929688,723.0,731.9000244140625,705.659423828125,29792241,0.0,0.0
2024-03-18 00:00:00+05:30,727.0999755859375,737.9000244140625,722.0999755859375,730.9500122070312,704.7434692382812,18145126,0.0,0.0
2024-03-19 00:00:00+05:30,730.0,734.3499755859375,721.1500244140625,723.7999877929688,697.8497924804688,15205043,0.0,0.0
2024-03-20 00:00:00+05:30,725.1500244140625,738.9500122070312,719.7999877929688,736.25,709.8534545898438,25405455,0.0,0.0
2024-03-21 00:00:00+05:30,742.0,750.5999755859375,740.5499877929688,744.2999877929688,717.61474609375,15161161,0.0,0.0
2024-03-22 00:00:00+05:30,743.8499755859375,748.7999877929688,741.4000244140625,746.7000122070312,719.9287719726562,15535921,0.0,0.0
2024-03-26 00:00:00+05:30,743.0499877929688,747.8499755859375,738.5,740.0499877929688,713.5172119140625,14678342,0.0,0.0
2024-03-27 00:00:00+05:30,743.0,745.8499755859375,730.2000122070312,733.2999877929688,707.0092163085938,30088789,0.0,0.0
2024-03-28 00:00:00+05:30,737.75,759.5499877929688,736.9000244140625,752.3499755859375,725.3761596679688,21705116,0.0,0.0
2024-04-01 00:00:00+05:30,759.0499877929688,761.5,752.0999755859375,758.2999877929688,731.1128540039062,9949971,0.0,0.0
2024-04-02 00:00:00+05:30,758.2000122070312,768.75,753.3499755859375,766.4000244140625,738.9224853515625,15713063,0.0,0.0
2024-04-03 00:00:00+05:30,764.9000244140625,772.5999755859375,760.1500244140625,771.0499877929688,743.40576171875,19136981,0.0,0.0
2024-04-04 00:00:00+05:30,775.0,775.2999877929688,758.0999755859375,759.2999877929688,732.0770263671875,15889530,0.0,0.0
2024-04-05 00:00:00+05:30,757.9500122070312,767.7000122070312,752.5999755859375,764.75,737.3316040039062,9939620,0.0,0.0
2024-04-08 00:00:00+05:30,766.0499877929688,770.0,761.7999877929688,768.2999877929688,740.7543334960938,9797174,0.0,0.0
2024-04-09 00:00:00+05:30,768.4500122070312,772.4500122070312,761.0999755859375,764.2000122070312,736.8013305664062,7465892,0.0,0.0
2024-04-10 00:00:00+05:30,766.5,780.7000122070312,763.6500244140625,779.0499877929688,751.118896484375,14530669,0.0,0.0
2024-04-12 00:00:00+05:30,777.25,779.5,764.7999877929688,766.2999877929688,738.8259887695312,14408722,0.0,0.0
2024-04-15 00:00:00+05:30,759.7999877929688,763.2999877929688,748.75,757.5,730.341552734375,11356572,0.0,0.0
2024-04-16 00:00:00+05:30,751.25,754.9000244140625,744.4000244140625,751.7000122070312,724.74951171875,13338991,0.0,0.0
2024-04-18 00:00:00+05:30,752.0499877929688,759.9500122070312,742.0,744.7999877929688,718.0968627929688,14589648,0.0,0.0
2024-04-19 00:00:00+05:30,734.5,752.0,732.0499877929688,750.4500122070312,723.5443115234375,10886554,0.0,0.0
2024-04-22 00:00:00+05:30,754.1500244140625,769.0,750.4500122070312,766.0999755859375,738.6331787109375,17452186,0.0,0.0
2024-04-23 00:00:00+05:30,770.3499755859375,777.7000122070312,765.5499877929688,773.0,745.2858276367188,12292429,0.0,0.0
2024-04-24 00:00:00+05:30,778.5,778.5,770.2000122070312,773.0999755859375,745.3822021484375,7842615,0.0,0.0
2024-04-25 00:00:00+05:30,770.6500244140625,814.4000244140625,769.6500244140625,812.7000122070312,783.5625,36732974,0.0,0.0
2024-04-26 00:00:00+05:30,815.9000244140625,816.9000244140625,798.9000244140625,801.2999877929688,772.5712280273438,14964358,0.0,0.0
2024-04-29 00:00:00+05:30,807.0,831.25,798.7000122070312,826.5,796.8677368164062,27302732,0.0,0.0
2024-04-30 00:00:00+05:30,826.5,834.8499755859375,819.9000244140625,826.25,796.626708984375,27449073,0.0,0.0
2024-05-02 00:00:00+05:30,826.9000244140625,833.9000244140625,825.0,830.0499877929688,800.2904663085938,19943724,0.0,0.0
2024-05-03 00:00:00+05:30,834.7999877929688,836.2000122070312,820.0,831.4500122070312,801.6401977539062,22667634,0.0,0.0
2024-05-06 00:00:00+05:30,835.0,836.0,803.0,807.7999877929688,778.838134765625,35283557,0.0,0.0
2024-05-07 00:00:00+05:30,812.0,814.6500244140625,793.2000122070312,801.9000244140625,773.149658203125,16725013,0.0,0.0
2024-05-08 00:00:00+05:30,802.5999755859375,822.0,799.5,810.7999877929688,781.7305297851562,27908322,0.0,0.0
2024-05-09 00:00:00+05:30,811.9000244140625,839.6500244140625,803.5499877929688,819.7999877929688,790.4078979492188,49290254,0.0,0.0
2024-05-10 00:00:00+05:30,827.0,832.0499877929688,815.5999755859375,817.3499755859375,788.0457763671875,20543142,0.0,0.0
2024-05-13 00:00:00+05:30,819.8499755859375,819.8499755859375,798.5999755859375,808.7999877929688,779.8023071289062,15398505,0.0,0.0
2024-05-14 00:00:00+05:30,813.0,822.4000244140625,807.9000244140625,818.2000122070312,788.8652954101562,10912462,0.0,0.0
2024-05-15 00:00:00+05:30,821.0,825.2999877929688,818.0499877929688,820.2999877929688,790.8899536132812,9755062,0.0,0.0
2024-05-16 00:00:00+05:30,825.2999877929688,826.1500244140625,797.3499755859375,811.9500122070312,782.8394165039062,20536990,0.0,0.0
2024-05-17 00:00:00+05:30,814.5,822.4500122070312,811.2000122070312,817.8499755859375,788.5277709960938,12492509,0.0,0.0
2024-05-21 00:00:00+05:30,821.0,836.2999877929688,819.5999755859375,830.6500244140625,800.8689575195312,14037801,0.0,0.0
2024-05-22 00:00:00+05:30,826.5499877929688,826.6500244140625,813.5499877929688,818.75,802.6334838867188,19239277,13.7,0.0
2024-05-23 00:00:00+05:30,824.7000122070312,835.5,822.0,832.0999755859375,815.7206420898438,17497488,0.0,0.0
2024-05-24 00:00:00+05:30,830.0,841.25,827.0,828.5999755859375,812.28955078125,12252075,0.0,0.0
2024-05-27 00:00:00+05:30,832.5999755859375,839.4000244140625,823.0,833.7000122070312,817.2891845703125,12295193,0.0,0.0
2024-05-28 00:00:00+05:30,835.7000122070312,840.7000122070312,823.2999877929688,831.1500244140625,814.7894287109375,13818893,0.0,0.0
2024-05-29 00:00:00+05:30,828.4000244140625,834.4500122070312,819.2999877929688,822.6500244140625,806.4567260742188,14518232,0.0,0.0
2024-05-30 00:00:00+05:30,821.4000244140625,836.0,819.2999877929688,825.8499755859375,809.5936889648438,17818705,0.0,0.0
2024-05-31 00:00:00+05:30,830.7000122070312,835.0,817.0999755859375,830.3499755859375,814.005126953125,22267336,0.0,0.0
2024-06-03 00:00:00+05:30,863.5499877929688,912.0,856.75,905.6500244140625,887.8229370117188,64269020,0.0,0.0
2024-06-04 00:00:00+05:30,897.0,897.0,731.9500122070312,775.2000122070312,759.9407348632812,122381193,0.0,0.0
2024-06-05 00:00:00+05:30,790.75,795.0,744.0499877929688,789.75,774.2042846679688,74256082,0.0,0.0
2024-06-06 00:00:00+05:30,800.0,833.3499755859375,796.0,816.9500122070312,800.868896484375,40555649,0.0,0.0
2024-06-07 00:00:00+05:30,819.9000244140625,831.5,810.5,829.9500122070312,813.613037109375,25061284,0.0,0.0
2024-06-10 00:00:00+05:30,834.1500244140625,845.4500122070312,829.2000122070312,831.7999877929688,815.4265747070312,16725508,0.0,0.0
2024-06-11 00:00:00+05:30,836.0,839.5999755859375,829.0499877929688,835.5499877929688,819.102783203125,14754408,0.0,0.0
2024-06-12 00:00:00+05:30,837.0,845.5499877929688,833.0,839.0999755859375,822.5828857421875,15071442,0.0,0.0
2024-06-13 00:00:00+05:30,845.0,845.9000244140625,836.0999755859375,843.9000244140625,827.2884521484375,12523972,0.0,0.0
2024-06-14 00:00:00+05:30,845.0,849.9000244140625,835.0999755859375,839.2000122070312,822.680908203125,12903496,0.0,0.0
2024-06-18 00:00:00+05:30,841.5499877929688,851.5,840.25,844.9000244140625,828.2687377929688,14929083,0.0,0.0
2024-06-19 00:00:00+05:30,846.7999877929688,860.5999755859375,841.0,852.5999755859375,835.817138671875,32925140,0.0,0.0
2024-06-20 00:00:00+05:30,853.0,853.0999755859375,842.3499755859375,843.75,827.141357421875,13985352,0.0,0.0
2024-06-21 00:00:00+05:30,844.9000244140625,848.0499877929688,828.5999755859375,836.2999877929688,819.8380126953125,18990090,0.0,0.0
2024-06-24 00:00:00+05:30,831.5,836.0,821.0499877929688,832.7000122070312,816.3088989257812,12715254,0.0,0.0
2024-06-25 00:00:00+05:30,837.0,845.8499755859375,834.2999877929688,842.25,825.6708984375,20917530,0.0,0.0
2024-06-26 00:00:00+05:30,839.8499755859375,848.7999877929688,836.0,845.3499755859375,828.7098388671875,16281760,0.0,0.0
2024-06-27 00:00:00+05:30,843.9000244140625,847.4000244140625,838.25,844.0,827.3864135742188,20378887,0.0,0.0
2024-06-28 00:00:00+05:30,846.9000244140625,864.0,844.0,848.9500122070312,832.239013671875,23636388,0.0,0.0
2024-07-01 00:00:00+05:30,849.3499755859375,850.5,839.9500122070312,841.9500122070312,825.3768310546875,10967797,0.0,0.0
2024-07-02 00:00:00+05:30,844.0,846.2999877929688,823.1500244140625,826.1500244140625,809.8878173828125,21142840,0.0,0.0
2024-07-03 00:00:00+05:30,829.0,843.8499755859375,825.0,839.9500122070312,823.4161987304688,23598009,0.0,0.0
2024-07-04 00:00:00+05:30,843.0,844.9000244140625,834.2999877929688,839.2999877929688,822.7789306640625,13372587,0.0,0.0
2024-07-05 00:00:00+05:30,838.0,861.25,837.0,859.75,842.826416015625,24873722,0.0,0.0
2024-07-08 00:00:00+05:30,859.75,865.0,853.5,856.25,839.3953247070312,10359800,0.0,0.0
2024-07-09 00:00:00+05:30,859.9000244140625,869.9500122070312,856.0,861.2999877929688,844.3458862304688,13585081,0.0,0.0
2024-07-10 00:00:00+05:30,860.0999755859375,860.25,843.5,849.0,832.2880249023438,17343236,0.0,0.0
2024-07-11 00:00:00+05:30,854.4000244140625,858.2999877929688,849.75,856.7000122070312,839.8364868164062,8501366,0.0,0.0
2024-07-12 00:00:00+05:30,856.7000122070312,863.0,855.2999877929688,859.7000122070312,842.7774047851562,11446064,0.0,0.0
2024-07-15 00:00:00+05:30,859.7000122070312,887.3499755859375,859.7000122070312,881.3499755859375,864.001220703125,25392820,0.0,0.0
2024-07-16 00:00:00+05:30,882.2999877929688,888.0999755859375,874.2999877929688,880.7000122070312,863.364013671875,11893692,0.0,0.0
2024-07-18 00:00:00+05:30,880.6500244140625,894.9000244140625,877.5,893.5499877929688,875.9610595703125,19435183,0.0,0.0
2024-07-19 00:00:00+05:30,895.0,899.0,883.2999877929688,889.3499755859375,871.84375,14562742,0.0,0.0
2024-07-22 00:00:00+05:30,881.4500122070312,895.0,868.0,876.7999877929688,859.540771484375,14614111,0.0,0.0
2024-07-23 00:00:00+05:30,883.0,884.5,849.0999755859375,863.9000244140625,846.8947143554688,18279212,0.0,0.0
2024-07-24 00:00:00+05:30,864.2000122070312,868.0,847.2000122070312,852.0,835.2289428710938,19624845,0.0,0.0
2024-07-25 00:00:00+05:30,847.5,850.75,841.2000122070312,848.5,831.7978515625,9522375,0.0,0.0
2024-07-26 00:00:00+05:30,844.6500244140625,864.25,844.0,862.4500122070312,845.4732666015625,12081506,0.0,0.0
2024-07-29 00:00:00+05:30,866.0499877929688,889.0999755859375,863.2000122070312,871.5999755859375,854.443115234375,26582781,0.0,0.0
2024-07-30 00:00:00+05:30,874.7000122070312,880.5499877929688,869.0,872.7999877929688,855.6195068359375,13528447,0.0,0.0
2024-07-31 00:00:00+05:30,873.8499755859375,874.9500122070312,868.0,872.4000244140625,855.2274169921875,11636874,0.0,0.0
2024-08-01 00:00:00+05:30,877.7999877929688,881.4000244140625,859.4500122070312,862.6500244140625,845.6693725585938,11787203,0.0,0.0
2024-08-02 00:00:00+05:30,856.7000122070312,858.2999877929688,846.1500244140625,847.8499755859375,831.16064453125,12609331,0.0,0.0
2024-08-05 00:00:00+05:30,830.0,831.3499755859375,800.0,811.6500244140625,795.6732788085938,27676951,0.0,0.0
2024-08-06 00:00:00+05:30,822.6500244140625,826.5499877929688,795.6500244140625,797.7000122070312,781.9978637695312,17900930,0.0,0.0
2024-08-07 00:00:00+05:30,809.0,810.7000122070312,800.5499877929688,808.6500244140625,792.7322998046875,17692355,0.0,0.0
2024-08-08 00:00:00+05:30,812.0,817.7999877929688,802.7999877929688,808.0499877929688,792.1441040039062,14769069,0.0,0.0
2024-08-09 00:00:00+05:30,816.0,829.9500122070312,809.5499877929688,824.2999877929688,808.07421875,15320885,0.0,0.0
2024-08-12 00:00:00+05:30,820.5999755859375,823.0,811.2000122070312,812.5999755859375,796.6044921875,16120449,0.0,0.0
2024-08-13 00:00:00+05:30,813.5,820.0,795.0499877929688,797.5499877929688,781.8507690429688,17585172,0.0,0.0
2024-08-14 00:00:00+05:30,800.9500122070312,809.1500244140625,800.4000244140625,803.0,787.1934814453125,11788665,0.0,0.0
2024-08-16 00:00:00+05:30,803.0,814.9000244140625,803.0,812.0999755859375,796.1143188476562,11427335,0.0,0.0
2024-08-19 00:00:00+05:30,815.0,825.4000244140625,812.5999755859375,813.7000122070312,797.682861328125,10151482,0.0,0.0
2024-08-20 00:00:00+05:30,817.9500122070312,823.0,813.3499755859375,820.2999877929688,804.1529541015625,10347493,0.0,0.0
2024-08-21 00:00:00+05:30,820.2999877929688,821.0,811.2000122070312,815.5499877929688,799.4964599609375,14607257,0.0,0.0
2024-08-22 00:00:00+05:30,819.0,823.9000244140625,817.0999755859375,820.2999877929688,804.1529541015625,7832917,0.0,0.0
2024-08-23 00:00:00+05:30,821.5,822.0,814.5,815.3499755859375,799.3003540039062,5537747,0.0,0.0
2024-08-26 00:00:00+05:30,818.0,823.4500122070312,813.7999877929688,815.0499877929688,799.0062866210938,8523795,0.0,0.0
2024-08-27 00:00:00+05:30,817.7999877929688,819.4500122070312,811.0499877929688,815.9000244140625,799.839599609375,12833290,0.0,0.0
2024-08-28 00:00:00+05:30,814.75,817.2000122070312,806.5,809.4000244140625,793.467529296875,10371300,0.0,0.0
2024-08-29 00:00:00+05:30,809.5499877929688,816.0,806.9500122070312,814.5,798.4671020507812,18247268,0.0,0.0
2024-08-30 00:00:00+05:30,817.1500244140625,820.7000122070312,814.3499755859375,815.5999755859375,799.5454711914062,8911426,0.0,0.0
2024-09-02 00:00:00+05:30,817.2999877929688,825.4000244140625,813.0499877929688,822.1500244140625,805.966552734375,11813750,0.0,0.0
2024-09-03 00:00:00+05:30,822.1500244140625,825.9500122070312,816.4000244140625,824.7999877929688,808.5643920898438,10548350,0.0,0.0
2024-09-04 00:00:00+05:30,815.4500122070312,818.6500244140625,813.6500244140625,816.5,800.427734375,10789570,0.0,0.0
2024-09-05 00:00:00+05:30,818.3499755859375,822.1500244140625,814.4000244140625,818.75,802.6334838867188,8395074,0.0,0.0
2024-09-06 00:00:00+05:30,811.5,812.9000244140625,777.0,782.5,767.0970458984375,40220096,0.0,0.0
2024-09-09 00:00:00+05:30,785.0,788.2000122070312,771.0,784.25,768.8125610351562,21322103,0.0,0.0
2024-09-10 00:00:00+05:30,788.0,788.7999877929688,777.5,782.6500244140625,767.2440795898438,12824701,0.0,0.0
2024-09-11 00:00:00+05:30,780.0499877929688,788.0,765.4000244140625,768.5999755859375,753.4706420898438,20060665,0.0,0.0
2024-09-12 00:00:00+05:30,775.0,789.9000244140625,772.75,787.75,772.24365234375,17578964,0.0,0.0
2024-09-13 00:00:00+05:30,791.0,795.0,785.0999755859375,790.8499755859375,775.2826538085938,12950936,0.0,0.0
2024-09-16 00:00:00+05:30,790.8499755859375,795.0,784.4000244140625,785.5499877929688,770.0869750976562,9553736,0.0,0.0
2024-09-17 00:00:00+05:30,785.5999755859375,787.5,780.5499877929688,782.9000244140625,767.4891967773438,10665630,0.0,0.0
2024-09-18 00:00:00+05:30,783.7999877929688,794.75,782.0,792.75,777.145263671875,18324412,0.0,0.0
2024-09-19 00:00:00+05:30,795.0499877929688,801.3499755859375,784.0499877929688,789.9500122070312,774.400390625,10645478,0.0,0.0
2024-09-20 00:00:00+05:30,794.8499755859375,794.8499755859375,779.5,781.7000122070312,766.3128051757812,21372244,0.0,0.0
2024-09-23 00:00:00+05:30,786.0,805.0,784.5,801.8499755859375,786.0661010742188,17309545,0.0,0.0
2024-09-24 00:00:00+05:30,799.25,804.25,796.5,798.25,782.5369873046875,15180653,0.0,0.0
2024-09-25 00:00:00+05:30,797.9000244140625,798.0,788.7000122070312,793.0999755859375,777.4883422851562,18465571,0.0,0.0
2024-09-26 00:00:00+05:30,796.0,803.0,791.5999755859375,801.8499755859375,786.0661010742188,23198842,0.0,0.0
2024-09-27 00:00:00+05:30,801.8499755859375,808.0,798.4500122070312,802.6500244140625,786.8504028320312,15193681,0.0,0.0
2024-09-30 00:00:00+05:30,801.9000244140625,802.5999755859375,786.4500122070312,787.9000244140625,772.3907470703125,15484573,0.0,0.0
2024-10-01 00:00:00+05:30,788.0,800.3499755859375,788.0,796.9500122070312,781.2625732421875,13280535,0.0,0.0
2024-10-03 00:00:00+05:30,789.9000244140625,804.0,784.2999877929688,794.0999755859375,778.4686889648438,15944135,0.0,0.0
2024-10-04 00:00:00+05:30,792.0,809.8499755859375,785.25,796.6500244140625,780.968505859375,20097454,0.0,0.0
2024-10-07 00:00:00+05:30,800.0,804.0,765.4000244140625,770.6500244140625,755.4802856445312,24267990,0.0,0.0
2024-10-08 00:00:00+05:30,772.25,784.4000244140625,772.25,781.4500122070312,766.0676879882812,8560960,0.0,0.0
2024-10-09 00:00:00+05:30,786.7000122070312,804.3499755859375,782.0499877929688,797.4000244140625,781.7037353515625,18758697,0.0,0.0
2024-10-10 00:00:00+05:30,799.0,804.4500122070312,795.0,797.0999755859375,781.4096069335938,10241015,0.0,0.0
2024-10-11 00:00:00+05:30,797.2000122070312,802.7000122070312,793.0,799.75,784.0074462890625,14322720,0.0,0.0
2024-10-14 00:00:00+05:30,802.0,809.25,800.7999877929688,805.1500244140625,789.3012084960938,8967564,0.0,0.0
2024-10-15 00:00:00+05:30,805.5,807.5,801.5999755859375,804.6500244140625,788.81103515625,6252104,0.0,0.0
2024-10-16 00:00:00+05:30,802.7999877929688,809.0,802.0499877929688,805.4500122070312,789.5952758789062,6494240,0.0,0.0
2024-10-17 00:00:00+05:30,809.5,819.5,806.0,811.0499877929688,795.0850219726562,18580553,0.0,0.0
2024-10-18 00:00:00+05:30,811.0999755859375,822.5999755859375,802.9000244140625,820.4000244140625,804.2510375976562,11704698,0.0,0.0
2024-10-21 00:00:00+05:30,824.7000122070312,826.4500122070312,809.0,813.9500122070312,797.927978515625,10359618,0.0,0.0
2024-10-22 00:00:00+05:30,814.0,816.8499755859375,787.5,790.4000244140625,774.841552734375,16645356,0.0,0.0
2024-10-23 00:00:00+05:30,790.0,792.5999755859375,779.7999877929688,786.0,770.5281372070312,13866198,0.0,0.0
2024-10-24 00:00:00+05:30,786.0499877929688,797.0,784.6500244140625,794.5499877929688,778.9097900390625,5607500,0.0,0.0
2024-10-25 00:00:00+05:30,798.0,800.75,772.0,780.9500122070312,765.5775756835938,9717125,0.0,0.0
2024-10-28 00:00:00+05:30,783.7999877929688,803.9500122070312,783.5499877929688,792.0499877929688,776.4590454101562,13757251,0.0,0.0
2024-10-29 00:00:00+05:30,796.0,834.8499755859375,790.5,832.7000122070312,816.3088989257812,28274791,0.0,0.0
2024-10-30 00:00:00+05:30,828.0,833.0,821.0499877929688,822.4500122070312,806.2606201171875,15977682,0.0,0.0
2024-10-31 00:00:00+05:30,820.0,828.0,813.5499877929688,820.2000122070312,804.054931640625,13402324,0.0,0.0
2024-11-01 00:00:00+05:30,822.4000244140625,825.5999755859375,818.9000244140625,821.2000122070312,805.0352783203125,1637141,0.0,0.0
2024-11-04 00:00:00+05:30,822.7000122070312,837.5,807.0999755859375,829.8499755859375,813.5149536132812,14498161,0.0,0.0
2024-11-05 00:00:00+05:30,829.8499755859375,851.4000244140625,826.25,849.2000122070312,832.4840698242188,26254561,0.0,0.0
2024-11-06 00:00:00+05:30,849.2000122070312,861.4000244140625,846.2000122070312,854.7999877929688,837.9738159179688,15002433,0.0,0.0
2024-11-07 00:00:00+05:30,861.0,862.4000244140625,846.7000122070312,859.5999755859375,842.6793212890625,15283847,0.0,0.0
2024-11-08 00:00:00+05:30,859.5999755859375,863.5,834.2000122070312,843.1500244140625,826.55322265625,26139105,0.0,0.0
2024-11-11 00:00:00+05:30,846.0,854.0,842.0,847.6500244140625,830.964599609375,12621337,0.0,0.0
2024-11-12 00:00:00+05:30,852.5,853.4000244140625,824.2999877929688,826.7000122070312,810.427001953125,11350729,0.0,0.0
2024-11-13 00:00:00+05:30,823.3499755859375,831.75,804.6500244140625,808.6500244140625,792.7322998046875,13756706,0.0,0.0
2024-11-14 00:00:00+05:30,808.6500244140625,818.0,801.0499877929688,804.25,788.4188842773438,9461484,0.0,0.0
2024-11-18 00:00:00+05:30,811.0,816.7000122070312,799.25,814.2999877929688,798.2710571289062,9322451,0.0,0.0
2024-11-19 00:00:00+05:30,819.0,820.2999877929688,800.0999755859375,803.0,787.1934814453125,13677029,0.0,0.0
2024-11-21 00:00:00+05:30,798.5,798.5,761.5499877929688,780.75,765.3814697265625,29486577,0.0,0.0
2024-11-22 00:00:00+05:30,786.0,819.9500122070312,784.0499877929688,816.0499877929688,799.9866333007812,20665405,0.0,0.0
2024-11-25 00:00:00+05:30,827.0,849.5999755859375,825.6500244140625,844.4500122070312,827.8275756835938,23434605,0.0,0.0
2024-11-26 00:00:00+05:30,844.0,846.7000122070312,835.5499877929688,839.4000244140625,822.8770141601562,8893744,0.0,0.0
2024-11-27 00:00:00+05:30,838.5,842.5,832.0999755859375,834.0999755859375,817.6812744140625,8375108,0.0,0.0
2024-11-28 00:00:00+05:30,834.0999755859375,845.7999877929688,830.5,838.8499755859375,822.3377685546875,13505677,0.0,0.0
2024-11-29 00:00:00+05:30,841.0999755859375,844.0499877929688,831.5499877929688,838.9500122070312,822.4358520507812,10822949,0.0,0.0
2024-12-02 00:00:00+05:30,838.9500122070312,842.0,832.7000122070312,836.4000244140625,819.93603515625,6651119,0.0,0.0
2024-12-03 00:00:00+05:30,838.0,856.5999755859375,836.9000244140625,853.9500122070312,837.1405639648438,12186182,0.0,0.0
2024-12-04 00:00:00+05:30,853.9500122070312,864.0,850.2999877929688,859.7000122070312,842.7774047851562,10749716,0.0,0.0
2024-12-05 00:00:00+05:30,860.0,871.4500122070312,855.5999755859375,865.4500122070312,848.4142456054688,14716036,0.0,0.0
2024-12-06 00:00:00+05:30,865.25,875.4500122070312,857.0,863.6500244140625,846.649658203125,14520568,0.0,0.0
2024-12-09 00:00:00+05:30,859.0,866.8499755859375,856.9500122070312,858.0499877929688,841.1598510742188,9630346,0.0,0.0
2024-12-10 00:00:00+05:30,861.7999877929688,868.9500122070312,858.0499877929688,867.5,850.423828125,7379849,0.0,0.0
2024-12-11 00:00:00+05:30,867.5,869.8499755859375,860.9500122070312,861.5999755859375,844.6399536132812,7006973,0.0,0.0
2024-12-12 00:00:00+05:30,861.5,864.2999877929688,851.1500244140625,853.7000122070312,836.8955078125,8845103,0.0,0.0
2024-12-13 00:00:00+05:30,852.5999755859375,862.9000244140625,835.0,861.5499877929688,844.5909423828125,9379370,0.0,0.0
2024-12-16 00:00:00+05:30,859.7999877929688,866.4000244140625,857.7999877929688,860.9500122070312,844.0028076171875,6432713,0.0,0.0
2024-12-17 00:00:00+05:30,858.5499877929688,862.5999755859375,847.0499877929688,850.5499877929688,833.8074951171875,8791216,0.0,0.0
2024-12-18 00:00:00+05:30,851.0,852.0,837.0,838.1500244140625,821.651611328125,8295338,0.0,0.0
2024-12-19 00:00:00+05:30,824.5999755859375,838.0,820.2000122070312,832.7999877929688,816.4068603515625,9453398,0.0,0.0
2024-12-20 00:00:00+05:30,834.9000244140625,836.0,810.0,812.0,796.016357421875,10244198,0.0,0.0
2024-12-23 00:00:00+05:30,817.2999877929688,824.0,812.2000122070312,821.1500244140625,804.9862670898438,4933200,0.0,0.0
2024-12-24 00:00:00+05:30,824.25,826.2000122070312,809.2000122070312,812.0499877929688,796.0653686523438,10602771,0.0,0.0
2024-12-26 00:00:00+05:30,813.0,822.8499755859375,808.0,812.4500122070312,796.45751953125,8318714,0.0,0.0
2024-12-27 00:00:00+05:30,816.2999877929688,818.2999877929688,797.2000122070312,799.6500244140625,783.9094848632812,10649800,0.0,0.0
2024-12-30 00:00:00+05:30,802.0,807.9500122070312,785.0,788.2999877929688,772.7828369140625,21515438,0.0,0.0
2024-12-31 00:00:00+05:30,786.9500122070312,799.2000122070312,786.0,794.9500122070312,779.3019409179688,9086044,0.0,0.0
2025-01-01 00:00:00+05:30,795.5499877929688,798.6500244140625,789.5,793.2000122070312,777.58642578125,7273098,0.0,0.0
2025-01-02 00:00:00+05:30,795.0,802.4000244140625,787.0,801.2000122070312,785.428955078125,11398319,0.0,0.0
2025-01-03 00:00:00+05:30,801.2000122070312,809.5,792.1500244140625,793.4000244140625,777.782470703125,13336514,0.0,0.0
2025-01-06 00:00:00+05:30,797.4000244140625,797.5999755859375,773.1500244140625,776.4000244140625,761.1171264648438,11419367,0.0,0.0
2025-01-07 00:00:00+05:30,779.8499755859375,783.8499755859375,774.8499755859375,778.75,763.4208374023438,9669152,0.0,0.0
2025-01-08 00:00:00+05:30,780.9000244140625,783.9500122070312,760.0999755859375,771.1500244140625,755.970458984375,15641490,0.0,0.0
2025-01-09 00:00:00+05:30,771.1500244140625,771.3499755859375,726.25,760.4500122070312,745.4810791015625,15351029,0.0,0.0
2025-01-10 00:00:00+05:30,760.3499755859375,763.4000244140625,742.0499877929688,743.25,728.61962890625,11779296,0.0,0.0
2025-01-13 00:00:00+05:30,741.5,743.9500122070312,722.5,729.5,715.1403198242188,10414733,0.0,0.0
2025-01-14 00:00:00+05:30,732.9500122070312,757.0,732.9500122070312,748.1500244140625,733.4232177734375,11960975,0.0,0.0
2025-01-15 00:00:00+05:30,753.1500244140625,758.9000244140625,750.0,753.7000122070312,738.8639526367188,7792299,0.0,0.0
2025-01-16 00:00:00+05:30,760.4000244140625,776.7000122070312,760.4000244140625,766.2999877929688,751.2158813476562,11816079,0.0,0.0
2025-01-17 00:00:00+05:30,766.2999877929688,767.9500122070312,759.4000244140625,764.0999755859375,749.0592041015625,5766573,0.0,0.0
2025-01-20 00:00:00+05:30,769.0,785.0,767.8499755859375,779.25,763.9110107421875,9198929,0.0,0.0
2025-01-21 00:00:00+05:30,784.7999877929688,784.9000244140625,756.0499877929688,759.0499877929688,744.1085815429688,13751780,0.0,0.0
2025-01-22 00:00:00+05:30,762.0,763.0,738.0,753.4500122070312,738.6188354492188,9908339,0.0,0.0
2025-01-23 00:00:00+05:30,750.0,755.6500244140625,743.0999755859375,745.9000244140625,731.2174682617188,10986405,0.0,0.0
2025-01-24 00:00:00+05:30,749.9000244140625,753.7000122070312,739.0,744.1500244140625,729.501953125,10579213,0.0,0.0
2025-01-27 00:00:00+05:30,740.0,755.3499755859375,735.9000244140625,749.2000122070312,734.4525146484375,11433353,0.0,0.0
2025-01-28 00:00:00+05:30,757.0,759.75,745.4000244140625,752.4000244140625,737.5895385742188,14140860,0.0,0.0
2025-01-29 00:00:00+05:30,753.0,760.7999877929688,749.7999877929688,758.4500122070312,743.5204467773438,9251973,0.0,0.0
2025-01-30 00:00:00+05:30,758.5499877929688,765.0,754.75,762.5999755859375,747.5887451171875,11085824,0.0,0.0
2025-01-31 00:00:00+05:30,764.9000244140625,777.5499877929688,759.5,772.9000244140625,757.68603515625,10083763,0.0,0.0
2025-02-01 00:00:00+05:30,774.7999877929688,778.75,752.1500244140625,766.0,750.9218139648438,9363077,0.0,0.0
2025-02-03 00:00:00+05:30,762.7999877929688,762.7999877929688,753.1500244140625,760.9500122070312,745.9712524414062,7862190,0.0,0.0
2025-02-04 00:00:00+05:30,767.0,781.25,765.6500244140625,779.2000122070312,763.8619995117188,12020807,0.0,0.0
2025-02-05 00:00:00+05:30,780.0,782.0,765.0,766.0499877929688,750.9708251953125,13419162,0.0,0.0
2025-02-06 00:00:00+05:30,769.0,770.8499755859375,750.0499877929688,752.25,737.4424438476562,32745391,0.0,0.0
2025-02-07 00:00:00+05:30,759.7999877929688,759.9000244140625,731.75,737.2000122070312,722.688720703125,37240692,0.0,0.0
2025-02-10 00:00:00+05:30,740.0,743.9000244140625,733.4000244140625,736.7999877929688,722.2965698242188,12667049,0.0,0.0
2025-02-11 00:00:00+05:30,737.4500122070312,740.1500244140625,726.5499877929688,731.0999755859375,716.7088012695312,13017060,0.0,0.0
2025-02-12 00:00:00+05:30,733.1500244140625,738.7000122070312,717.1500244140625,733.1500244140625,718.7184448242188,12697743,0.0,0.0
2025-02-13 00:00:00+05:30,734.4000244140625,737.5,726.1500244140625,727.6500244140625,713.3267211914062,12370571,0.0,0.0
2025-02-14 00:00:00+05:30,730.9500122070312,732.9000244140625,716.2000122070312,722.1500244140625,707.9349975585938,10417539,0.0,0.0
2025-02-17 00:00:00+05:30,719.0499877929688,728.75,711.5499877929688,727.7000122070312,713.375732421875,9093600,0.0,0.0
2025-02-18 00:00:00+05:30,727.7000122070312,728.25,717.3499755859375,725.7999877929688,711.5131225585938,8562003,0.0,0.0
2025-02-19 00:00:00+05:30,722.0499877929688,734.8499755859375,722.0499877929688,727.2999877929688,712.9835815429688,6766606,0.0,0.0
2025-02-20 00:00:00+05:30,724.9000244140625,731.5,723.3499755859375,729.7000122070312,715.3363647460938,7423268,0.0,0.0
2025-02-21 00:00:00+05:30,727.2999877929688,731.7000122070312,720.0,722.0,707.7879028320312,6571602,0.0,0.0
2025-02-24 00:00:00+05:30,710.5,719.75,710.5,716.4000244140625,702.2981567382812,6912148,0.0,0.0
2025-02-25 00:00:00+05:30,718.9500122070312,718.9500122070312,710.0,710.9000244140625,696.9064331054688,8599635,0.0,0.0
2025-02-27 00:00:00+05:30,716.0,717.7000122070312,701.0999755859375,703.9000244140625,690.0442504882812,12033139,0.0,0.0
2025-02-28 00:00:00+05:30,700.9000244140625,701.3499755859375,682.5999755859375,688.7999877929688,675.241455078125,15780609,0.0,0.0
2025-03-03 00:00:00+05:30,690.1500244140625,697.4000244140625,680.0,695.2999877929688,681.6134643554688,10598479,0.0,0.0
2025-03-04 00:00:00+05:30,693.0,718.4500122070312,692.0999755859375,716.0499877929688,701.9550170898438,14386214,0.0,0.0
2025-03-05 00:00:00+05:30,717.5499877929688,731.2999877929688,717.0,730.3499755859375,715.9735107421875,10409805,0.0,0.0
2025-03-06 00:00:00+05:30,736.0,736.75,727.0,732.0499877929688,717.6400756835938,10928847,0.0,0.0
2025-03-07 00:00:00+05:30,732.0499877929688,734.8499755859375,728.0,732.75,718.3262939453125,7246729,0.0,0.0
2025-03-10 00:00:00+05:30,732.75,738.5,726.5999755859375,728.9000244140625,714.5521240234375,7400109,0.0,0.0
2025-03-11 00:00:00+05:30,724.9000244140625,734.0499877929688,722.7000122070312,729.8499755859375,715.4833984375,5538789,0.0,0.0
2025-03-12 00:00:00+05:30,730.5999755859375,737.0,719.0499877929688,723.0499877929688,708.8172607421875,5547762,0.0,0.0
2025-03-13 00:00:00+05:30,725.9000244140625,731.4500122070312,724.5,727.8499755859375,713.5227661132812,5908337,0.0,0.0
2025-03-17 00:00:00+05:30,728.9000244140625,731.25,722.2999877929688,723.1500244140625,708.915283203125,5149563,0.0,0.0
2025-03-18 00:00:00+05:30,723.1500244140625,723.1500244140625,723.1500244140625,723.1500244140625,708.915283203125,0,0.0,0.0
2025-03-19 00:00:00+05:30,739.5999755859375,749.2999877929688,739.0999755859375,745.0999755859375,730.4331665039062,7604850,0.0,0.0
2025-03-20 00:00:00+05:30,748.0,752.7000122070312,744.2000122070312,749.5499877929688,734.7955932617188,6963197,0.0,0.0
2025-03-21 00:00:00+05:30,749.9500122070312,755.5999755859375,747.0,753.2000122070312,738.373779296875,9577327,0.0,0.0
2025-03-24 00:00:00+05:30,758.0,782.9500122070312,755.0999755859375,780.7999877929688,765.4304809570312,12095064,0.0,0.0
2025-03-25 00:00:00+05:30,783.9000244140625,786.0,769.2000122070312,772.8499755859375,757.636962890625,15190143,0.0,0.0
2025-03-26 00:00:00+05:30,772.0,776.0499877929688,761.4500122070312,764.0,748.961181640625,7711852,0.0,0.0
2025-03-27 00:00:00+05:30,763.7999877929688,775.7999877929688,760.5,772.2999877929688,757.0977783203125,15648616,0.0,0.0
2025-03-28 00:00:00+05:30,772.0999755859375,778.5999755859375,767.0,771.5,756.3135375976562,7628185,0.0,0.0
2025-04-01 00:00:00+05:30,766.7999877929688,782.75,763.2000122070312,771.7000122070312,756.5096435546875,7011125,0.0,0.0
2025-04-02 00:00:00+05:30,772.2999877929688,777.0,764.2999877929688,775.9500122070312,760.6759643554688,5458436,0.0,0.0
2025-04-03 00:00:00+05:30,770.0,784.7000122070312,769.9500122070312,779.2000122070312,763.8619995117188,7956680,0.0,0.0
2025-04-04 00:00:00+05:30,779.0999755859375,782.9000244140625,765.0,767.4500122070312,752.34326171875,8231194,0.0,0.0
2025-04-07 00:00:00+05:30,730.0,753.7000122070312,730.0,746.9000244140625,732.1978149414062,14923235,0.0,0.0
2025-04-08 00:00:00+05:30,760.0,774.0,758.1500244140625,768.5999755859375,753.4706420898438,12911288,0.0,0.0
2025-04-09 00:00:00+05:30,767.0,767.9500122070312,741.0,742.2000122070312,727.59033203125,11319387,0.0,0.0
2025-04-11 00:00:00+05:30,759.0,759.7000122070312,746.0,753.8499755859375,739.0109252929688,9360327,0.0,0.0
2025-04-15 00:00:00+05:30,770.0,770.7000122070312,757.0999755859375,763.5,748.4710083007812,7859090,0.0,0.0
2025-04-16 00:00:00+05:30,763.5,774.75,760.5,771.75,756.5586547851562,12536694,0.0,0.0
2025-04-17 00:00:00+05:30,772.0,801.0,767.1500244140625,797.4500122070312,781.7527465820312,27034818,0.0,0.0
2025-04-21 00:00:00+05:30,803.0,824.3499755859375,801.4000244140625,816.7000122070312,800.6238403320312,16398507,0.0,0.0
2025-04-22 00:00:00+05:30,821.1500244140625,835.5,814.0,822.4000244140625,806.211669921875,25117557,0.0,0.0
2025-04-23 00:00:00+05:30,826.0,831.0,810.0999755859375,813.4500122070312,797.4378051757812,12104382,0.0,0.0
2025-04-24 00:00:00+05:30,812.75,819.0,811.1500244140625,813.4000244140625,797.3887939453125,12713521,0.0,0.0
2025-04-25 00:00:00+05:30,815.0,819.0,787.0,798.6500244140625,782.9291381835938,13131038,0.0,0.0
2025-04-28 00:00:00+05:30,798.6500244140625,822.7999877929688,797.4000244140625,817.3499755859375,801.260986328125,11317611,0.0,0.0
2025-04-29 00:00:00+05:30,820.0,829.0,809.0,812.5499877929688,796.5554809570312,11283059,0.0,0.0
2025-04-30 00:00:00+05:30,811.5,811.5,784.5,788.6500244140625,773.1259765625,25635764,0.0,0.0
2025-05-02 00:00:00+05:30,790.3499755859375,803.4000244140625,789.0,796.7000122070312,781.0175170898438,14720184,0.0,0.0
2025-05-05 00:00:00+05:30,782.0,799.0,782.0,790.0,774.4494018554688,23986447,0.0,0.0
2025-05-06 00:00:00+05:30,793.9500122070312,799.1500244140625,771.0999755859375,774.0999755859375,758.8623657226562,18869468,0.0,0.0
2025-05-07 00:00:00+05:30,765.2999877929688,782.4000244140625,764.5499877929688,776.0999755859375,760.822998046875,15586266,0.0,0.0
2025-05-08 00:00:00+05:30,779.0,786.5,764.0,769.0,753.8627319335938,14491673,0.0,0.0
2025-05-09 00:00:00+05:30,756.5,781.7000122070312,755.5,779.25,763.9110107421875,13578216,0.0,0.0
2025-05-12 00:00:00+05:30,799.0,803.9000244140625,793.0,801.6500244140625,785.8701171875,15096824,0.0,0.0
2025-05-13 00:00:00+05:30,798.5999755859375,807.6500244140625,797.2000122070312,801.75,785.9680786132812,13909596,0.0,0.0
2025-05-14 00:00:00+05:30,805.75,807.5,796.2999877929688,800.7000122070312,784.9387817382812,9281719,0.0,0.0
2025-05-15 00:00:00+05:30,804.4500122070312,809.4500122070312,794.5,807.75,791.8499755859375,17058854,0.0,0.0
2025-05-16 00:00:00+05:30,804.0,804.0,791.0,792.0999755859375,792.0999755859375,14733924,15.9,0.0
2025-05-19 00:00:00+05:30,792.0999755859375,801.4000244140625,792.0999755859375,795.0,795.0,10666184,0.0,0.0
2025-05-20 00:00:00+05:30,798.1500244140625,799.4000244140625,783.7999877929688,785.6500244140625,785.6500244140625,11324667,0.0,0.0
2025-05-21 00:00:00+05:30,787.0,791.0,779.0999755859375,787.0999755859375,787.0999755859375,8206040,0.0,0.0
2025-05-22 00:00:00+05:30,788.0,788.2000122070312,780.2999877929688,785.25,785.25,7355826,0.0,0.0
2025-05-23 00:00:00+05:30,787.9000244140625,794.9500122070312,786.2000122070312,790.5,790.5,5534158,0.0,0.0
2025-05-26 00:00:00+05:30,792.0,797.5499877929688,789.2000122070312,794.4000244140625,794.4000244140625,4965466,0.0,0.0
2025-05-27 00:00:00+05:30,794.4000244140625,801.3499755859375,790.0499877929688,793.7000122070312,793.7000122070312,11995043,0.0,0.0
2025-05-28 00:00:00+05:30,794.5,798.9000244140625,792.6500244140625,796.5499877929688,796.5499877929688,6873519,0.0,0.0
2025-05-29 00:00:00+05:30,799.0,800.4000244140625,791.3499755859375,797.3499755859375,797.3499755859375,14034127,0.0,0.0
2025-05-30 00:00:00+05:30,798.0,814.5,792.5999755859375,812.2999877929688,812.2999877929688,22037314,0.0,0.0
2025-06-02 00:00:00+05:30,812.8499755859375,822.5499877929688,809.2000122070312,813.6500244140625,813.6500244140625,26891575,0.0,0.0
2025-06-03 00:00:00+05:30,816.2000122070312,818.4000244140625,805.1500244140625,809.7999877929688,809.7999877929688,14247597,0.0,0.0
2025-06-04 00:00:00+05:30,817.0,817.0,805.25,806.5,806.5,9607927,0.0,0.0
2025-06-05 00:00:00+05:30,808.7000122070312,811.7000122070312,802.8499755859375,806.0,806.0,13595507,0.0,0.0
2025-06-06 00:00:00+05:30,806.6500244140625,816.4500122070312,803.0999755859375,813.0499877929688,813.0499877929688,17163935,0.0,0.0
2025-06-09 00:00:00+05:30,817.4000244140625,824.5,815.7000122070312,820.0499877929688,820.0499877929688,12793040,0.0,0.0
2025-06-10 00:00:00+05:30,821.0,822.0499877929688,814.5999755859375,817.0499877929688,817.0499877929688,6560513,0.0,0.0
2025-06-11 00:00:00+05:30,817.0,820.5999755859375,813.0499877929688,815.0499877929688,815.0499877929688,7197825,0.0,0.0
2025-06-12 00:00:00+05:30,816.0,816.5,801.2000122070312,805.9500122070312,805.9500122070312,13448521,0.0,0.0
2025-06-13 00:00:00+05:30,786.25,796.2999877929688,786.25,792.3499755859375,792.3499755859375,11377117,0.0,0.0
2025-06-16 00:00:00+05:30,792.5,795.4000244140625,786.1500244140625,792.5,792.5,8085001,0.0,0.0
2025-06-17 00:00:00+05:30,794.0,798.8499755859375,790.5499877929688,792.2999877929688,792.2999877929688,7753156,0.0,0.0
2025-06-18 00:00:00+05:30,792.5,795.5,788.3499755859375,791.9000244140625,791.9000244140625,5710169,0.0,0.0
2025-06-19 00:00:00+05:30,792.3499755859375,793.25,781.7000122070312,785.0999755859375,785.0999755859375,11824333,0.0,0.0
2025-06-20 00:00:00+05:30,787.5,799.4500122070312,786.0999755859375,796.1500244140625,796.1500244140625,11367669,0.0,0.0
2025-06-23 00:00:00+05:30,790.0,794.9500122070312,788.5,790.2000122070312,790.2000122070312,5549253,0.0,0.0
2025-06-24 00:00:00+05:30,799.0,806.6500244140625,793.6500244140625,795.4000244140625,795.4000244140625,11402190,0.0,0.0
2025-06-25 00:00:00+05:30,799.5,803.7999877929688,796.0999755859375,800.0499877929688,800.0499877929688,6528324,0.0,0.0
2025-06-26 00:00:00+05:30,802.0,803.3499755859375,791.4000244140625,797.0499877929688,797.0499877929688,24704402,0.0,0.0
2025-06-27 00:00:00+05:30,805.0,809.4500122070312,802.6500244140625,805.4000244140625,805.4000244140625,19375990,0.0,0.0
2025-06-30 00:00:00+05:30,809.0,821.0,807.0499877929688,820.3499755859375,820.3499755859375,19652607,0.0,0.0
2025-07-01 00:00:00+05:30,820.0,824.9000244140625,813.25,820.2999877929688,820.2999877929688,11456405,0.0,0.0
2025-07-02 00:00:00+05:30,821.0,824.0499877929688,809.0,812.9000244140625,812.9000244140625,6661200,0.0,0.0
2025-07-03 00:00:00+05:30,813.5,814.5,805.7999877929688,807.0999755859375,807.0999755859375,7020403,0.0,0.0
2025-07-04 00:00:00+05:30,808.75,813.8499755859375,804.0999755859375,811.8499755859375,811.8499755859375,4319538,0.0,0.0
2025-07-07 00:00:00+05:30,811.2000122070312,812.6500244140625,805.1500244140625,806.8499755859375,806.8499755859375,4461783,0.0,0.0
2025-07-08 00:00:00+05:30,807.9000244140625,813.5499877929688,805.3499755859375,812.6500244140625,812.6500244140625,5935770,0.0,0.0
2025-07-09 00:00:00+05:30,810.0,812.4500122070312,809.0,810.9500122070312,810.9500122070312,4099112,0.0,0.0
2025-07-10 00:00:00+05:30,811.2999877929688,815.5,806.9000244140625,808.0,808.0,12178137,0.0,0.0
2025-07-11 00:00:00+05:30,807.5499877929688,812.5499877929688,804.5499877929688,808.6500244140625,808.6500244140625,6202372,0.0,0.0
2025-07-14 00:00:00+05:30,809.7999877929688,815.5,808.0,808.8499755859375,808.8499755859375,6938635,0.0,0.0
2025-07-15 00:00:00+05:30,811.0,821.0,810.5,816.4500122070312,816.4500122070312,9297645,0.0,0.0
2025-07-16 00:00:00+05:30,816.0,834.2000122070312,815.2999877929688,831.7000122070312,831.7000122070312,16458920,0.0,0.0
2025-07-17 00:00:00+05:30,838.4000244140625,842.5,826.3499755859375,829.0,829.0,23073718,0.0,0.0
2025-07-18 00:00:00+05:30,832.0,832.6500244140625,820.25,823.3499755859375,823.3499755859375,15387801,0.0,0.0
2025-07-21 00:00:00+05:30,823.0,827.3499755859375,817.9500122070312,824.2000122070312,824.2000122070312,8852594,0.0,0.0
2025-07-22 00:00:00+05:30,827.5,828.0499877929688,814.0,815.0,815.0,7851163,0.0,0.0
2025-07-23 00:00:00+05:30,812.5,825.2000122070312,811.5,820.6500244140625,820.6500244140625,15470390,0.0,0.0
2025-07-24 00:00:00+05:30,820.0,821.9500122070312,810.6500244140625,815.7000122070312,815.7000122070312,10118309,0.0,0.0
2025-07-25 00:00:00+05:30,815.0,819.2000122070312,805.5,806.5499877929688,806.5499877929688,6734439,0.0,0.0
2025-07-28 00:00:00+05:30,806.5499877929688,808.9500122070312,796.0,797.1500244140625,797.1500244140625,7734158,0.0,0.0
2025-07-29 00:00:00+05:30,796.2000122070312,800.0,793.0999755859375,799.2000122070312,799.2000122070312,7833759,0.0,0.0
2025-07-30 00:00:00+05:30,798.9500122070312,803.4000244140625,796.2000122070312,801.6500244140625,801.6500244140625,8743723,0.0,0.0
2025-07-31 00:00:00+05:30,795.0999755859375,803.7999877929688,792.5499877929688,796.5499877929688,796.5499877929688,11359112,0.0,0.0
2025-08-01 00:00:00+05:30,795.7000122070312,801.0,792.0,794.0,794.0,15468391,0.0,0.0
2025-08-04 00:00:00+05:30,794.5,797.2000122070312,786.5499877929688,795.7000122070312,795.7000122070312,8820724,0.0,0.0
2025-08-05 00:00:00+05:30,798.0,804.0499877929688,796.2999877929688,800.5999755859375,800.5999755859375,7381537,0.0,0.0
2025-08-06 00:00:00+05:30,800.9500122070312,810.2000122070312,799.0,805.1500244140625,805.1500244140625,7409396,0.0,0.0
2025-08-07 00:00:00+05:30,801.0999755859375,806.6500244140625,793.4000244140625,805.1500244140625,805.1500244140625,7091392,0.0,0.0
2025-08-08 00:00:00+05:30,805.0,807.7999877929688,790.0,804.2999877929688,804.2999877929688,15708181,0.0,0.0
2025-08-11 00:00:00+05:30,808.0,825.0,808.0,823.4500122070312,823.4500122070312,15236297,0.0,0.0
2025-08-12 00:00:00+05:30,824.9500122070312,825.5,820.0,820.5999755859375,820.5999755859375,7986728,0.0,0.0
2025-08-13 00:00:00+05:30,822.6500244140625,824.9500122070312,820.6500244140625,821.8499755859375,821.8499755859375,4447508,0.0,0.0
2025-08-14 00:00:00+05:30,822.0,828.0,819.0999755859375,826.5499877929688,826.5499877929688,7087573,0.0,0.0
2025-08-18 00:00:00+05:30,836.0,838.0,825.1500244140625,827.6500244140625,827.6500244140625,6138124,0.0,0.0
2025-08-19 00:00:00+05:30,827.5,831.0,825.7999877929688,830.4000244140625,830.4000244140625,5076681,0.0,0.0
2025-08-20 00:00:00+05:30,828.7000122070312,831.9000244140625,827.4000244140625,828.9500122070312,828.9500122070312,4493888,0.0,0.0
2025-08-21 00:00:00+05:30,828.9500122070312,833.25,824.0499877929688,825.7000122070312,825.7000122070312,4402511,0.0,0.0
2025-08-22 00:00:00+05:30,824.0,826.0,815.7000122070312,816.25,816.25,5097647,0.0,0.0
2025-08-25 00:00:00+05:30,817.4500122070312,820.5,814.2000122070312,816.4500122070312,816.4500122070312,5672898,0.0,0.0
2025-08-26 00:00:00+05:30,814.8499755859375,815.8499755859375,806.75,807.8499755859375,807.8499755859375,6997817,0.0,0.0
2025-08-28 00:00:00+05:30,807.25,811.0,800.6500244140625,801.9500122070312,801.9500122070312,7898436,0.0,0.0
2025-08-29 00:00:00+05:30,800.7000122070312,806.7000122070312,798.5,802.5,802.5,6861440,0.0,0.0
2025-09-01 00:00:00+05:30,803.0999755859375,808.2999877929688,802.6500244140625,806.0499877929688,806.0499877929688,5619805,0.0,0.0
2025-09-02 00:00:00+05:30,806.2999877929688,810.5,802.6500244140625,803.9000244140625,803.9000244140625,5075460,0.0,0.0
2025-09-03 00:00:00+05:30,804.2999877929688,813.2999877929688,803.0,812.1500244140625,812.1500244140625,4261589,0.0,0.0
2025-09-04 00:00:00+05:30,814.6500244140625,816.75,808.0,809.4000244140625,809.4000244140625,4471950,0.0,0.0
2025-09-05 00:00:00+05:30,811.5,812.5,803.6500244140625,806.5999755859375,806.5999755859375,5194842,0.0,0.0
2025-09-08 00:00:00+05:30,808.0,813.8499755859375,806.7999877929688,808.7999877929688,808.7999877929688,4614227,0.0,0.0
2025-09-09 00:00:00+05:30,812.0,812.3499755859375,805.5999755859375,808.8499755859375,808.8499755859375,4567272,0.0,0.0
2025-09-10 00:00:00+05:30,812.0,824.5999755859375,810.4000244140625,818.2000122070312,818.2000122070312,7285853,0.0,0.0
2025-09-11 00:00:00+05:30,819.0999755859375,825.7000122070312,819.0,823.6500244140625,823.6500244140625,7425055,0.0,0.0
2025-09-12 00:00:00+05:30,824.0999755859375,825.7999877929688,819.7999877929688,823.5499877929688,823.5499877929688,5078018,0.0,0.0
2025-09-15 00:00:00+05:30,823.5499877929688,827.7999877929688,821.0999755859375,824.75,824.75,3852494,0.0,0.0
2025-09-16 00:00:00+05:30,825.0999755859375,833.0,821.6500244140625,831.5499877929688,831.5499877929688,9467531,0.0,0.0
2025-09-17 00:00:00+05:30,834.2999877929688,858.1500244140625,831.0,857.1500244140625,857.1500244140625,17243938,0.0,0.0
2025-09-18 00:00:00+05:30,858.6500244140625,860.7999877929688,851.0999755859375,854.3499755859375,854.3499755859375,10400847,0.0,0.0
2025-09-19 00:00:00+05:30,852.0,864.4500122070312,849.2999877929688,862.3499755859375,862.3499755859375,15206426,0.0,0.0
2025-09-22 00:00:00+05:30,862.0,868.2000122070312,854.0,855.25,855.25,6594034,0.0,0.0
2025-09-23 00:00:00+05:30,854.5999755859375,874.25,851.2000122070312,870.5999755859375,870.5999755859375,14357863,0.0,0.0
2025-09-24 00:00:00+05:30,876.0,880.5,864.4500122070312,866.2000122070312,866.2000122070312,12840160,0.0,0.0
2025-09-25 00:00:00+05:30,866.5499877929688,870.1500244140625,859.9500122070312,861.1500244140625,861.1500244140625,8678821,0.0,0.0
2025-09-26 00:00:00+05:30,862.0,864.3499755859375,853.0,856.9500122070312,856.9500122070312,6959545,0.0,0.0
2025-09-29 00:00:00+05:30,858.0499877929688,873.5,856.0,870.75,870.75,22641712,0.0,0.0
2025-09-30 00:00:00+05:30,869.9500122070312,877.5999755859375,867.5999755859375,872.4500122070312,872.4500122070312,12831593,0.0,0.0
2025-10-01 00:00:00+05:30,872.2999877929688,876.4500122070312,862.7999877929688,864.0999755859375,864.0999755859375,10832384,0.0,0.0
2025-10-03 00:00:00+05:30,865.1500244140625,873.0,863.7999877929688,867.2999877929688,867.2999877929688,8019442,0.0,0.0
2025-10-06 00:00:00+05:30,868.0,875.2999877929688,862.7999877929688,874.0499877929688,874.0499877929688,7820352,0.0,0.0
2025-10-07 00:00:00+05:30,874.1500244140625,877.0,863.0,864.7000122070312,864.7000122070312,9242580,0.0,0.0
2025-10-08 00:00:00+05:30,866.7999877929688,867.7999877929688,857.25,858.25,858.25,7156112,0.0,0.0
2025-10-09 00:00:00+05:30,861.5999755859375,865.7999877929688,858.0999755859375,862.0999755859375,862.0999755859375,7020501,0.0,0.0
2025-10-10 00:00:00+05:30,862.0999755859375,883.75,861.2999877929688,880.6500244140625,880.6500244140625,13713015,0.0,0.0
2025-10-13 00:00:00+05:30,879.0,888.0999755859375,876.0,882.9500122070312,882.9500122070312,11923143,0.0,0.0
2025-10-14 00:00:00+05:30,883.0,884.1500244140625,872.0999755859375,876.9500122070312,876.9500122070312,7681973,0.0,0.0
2025-10-15 00:00:00+05:30,878.0999755859375,887.5,877.0499877929688,886.0999755859375,886.0999755859375,8269225,0.0,0.0
2025-10-16 00:00:00+05:30,888.2999877929688,891.8499755859375,882.4500122070312,886.9500122070312,886.9500122070312,8493686,0.0,0.0
2025-10-17 00:00:00+05:30,887.5,894.75,883.0,889.1500244140625,889.1500244140625,8511854,0.0,0.0
2025-10-20 00:00:00+05:30,894.5999755859375,913.6500244140625,891.0499877929688,907.5,907.5,13546463,0.0,0.0
2025-10-21 00:00:00+05:30,908.0,910.0,906.4000244140625,907.8499755859375,907.8499755859375,1783576,0.0,0.0
2025-10-23 00:00:00+05:30,912.0,918.0,904.7999877929688,911.5499877929688,911.5499877929688,13382769,0.0,0.0
2025-10-24 00:00:00+05:30,910.9500122070312,914.0999755859375,900.9500122070312,904.5,904.5,5313227,0.0,0.0
2025-10-27 00:00:00+05:30,906.9500122070312,928.0,906.0,922.75,922.75,9150761,0.0,0.0
2025-10-28 00:00:00+05:30,927.0999755859375,935.8499755859375,917.7000122070312,930.25,930.25,22066289,0.0,0.0
2025-10-29 00:00:00+05:30,933.9000244140625,942.0499877929688,930.25,939.75,939.75,12314222,0.0,0.0
2025-10-30 00:00:00+05:30,939.4500122070312,944.9000244140625,933.0499877929688,934.3499755859375,934.3499755859375,13044473,0.0,0.0
2025-10-31 00:00:00+05:30,934.9000244140625,946.7000122070312,930.25,937.0,937.0,12078252,0.0,0.0
2025-11-03 00:00:00+05:30,938.75,953.4000244140625,937.5,949.7000122070312,949.7000122070312,11744735,0.0,0.0
2025-11-04 00:00:00+05:30,951.0,959.2999877929688,941.5,957.5999755859375,957.5999755859375,19154518,0.0,0.0
2025-11-05 00:00:00+05:30,957.5999755859375,957.5999755859375,957.5999755859375,957.5999755859375,957.5999755859375,0,0.0,0.0
2025-11-06 00:00:00+05:30,969.6500244140625,971.4000244140625,955.2999877929688,960.75,960.75,23088096,0.0,0.0
2025-11-07 00:00:00+05:30,958.75,964.8499755859375,944.0,955.8499755859375,955.8499755859375,13371323,0.0,0.0
2025-11-10 00:00:00+05:30,956.0,963.2000122070312,949.0999755859375,951.1500244140625,951.1500244140625,7343249,0.0,0.0
2025-11-11 00:00:00+05:30,953.5999755859375,954.9500122070312,945.0499877929688,953.2999877929688,953.2999877929688,8648917,0.0,0.0
2025-11-12 00:00:00+05:30,957.7000122070312,961.5499877929688,951.4000244140625,957.1500244140625,957.1500244140625,7043323,0.0,0.0
2025-11-13 00:00:00+05:30,954.25,963.9500122070312,952.4500122070312,954.0,954.0,8894441,0.0,0.0
2025-11-14 00:00:00+05:30,952.9500122070312,969.0499877929688,952.0,967.8499755859375,967.8499755859375,11032927,0.0,0.0
2025-11-17 00:00:00+05:30,971.0,976.0,968.5,973.3499755859375,973.3499755859375,7415026,0.0,0.0
2025-11-18 00:00:00+05:30,975.5999755859375,976.7000122070312,968.8499755859375,972.4500122070312,972.4500122070312,6594686,0.0,0.0
2025-11-19 00:00:00+05:30,972.4500122070312,984.4500122070312,968.7999877929688,982.75,982.75,8291226,0.0,0.0
2025-11-20 00:00:00+05:30,986.0,986.5999755859375,979.3499755859375,981.5499877929688,981.5499877929688,6440857,0.0,0.0
2025-11-21 00:00:00+05:30,979.7000122070312,980.5999755859375,971.0499877929688,972.5999755859375,972.5999755859375,5377241,0.0,0.0
2025-11-24 00:00:00+05:30,975.5499877929688,977.7000122070312,968.0499877929688,970.5999755859375,970.5999755859375,9901946,0.0,0.0
2025-11-25 00:00:00+05:30,975.5499877929688,988.9500122070312,971.3499755859375,983.5999755859375,983.5999755859375,9140201,0.0,0.0
2025-11-26 00:00:00+05:30,986.5999755859375,999.0,982.1500244140625,983.9000244140625,983.9000244140625,13943490,0.0,0.0
2025-11-27 00:00:00+05:30,986.7000122070312,988.5499877929688,968.9000244140625,972.8499755859375,972.8499755859375,11909168,0.0,0.0
2025-11-28 00:00:00+05:30,976.7999877929688,983.0,973.0499877929688,979.0,979.0,8117842,0.0,0.0
2025-12-01 00:00:00+05:30,985.4500122070312,991.2000122070312,969.8499755859375,973.0999755859375,973.0999755859375,8808306,0.0,0.0
2025-12-02 00:00:00+05:30,976.0,980.4500122070312,964.9000244140625,967.2999877929688,967.2999877929688,13444314,0.0,0.0
2025-12-03 00:00:00+05:30,970.4500122070312,972.5499877929688,947.5499877929688,951.0499877929688,951.0499877929688,14051968,0.0,0.0
2025-12-04 00:00:00+05:30,951.0499877929688,952.5499877929688,944.4500122070312,948.0999755859375,948.0999755859375,13622724,0.0,0.0
2025-12-05 00:00:00+05:30,948.8499755859375,973.2999877929688,946.7000122070312,971.5,971.5,17347847,0.0,0.0
2025-12-08 00:00:00+05:30,970.8499755859375,972.5,951.7000122070312,956.4000244140625,956.4000244140625,15386438,0.0,0.0
2025-12-09 00:00:00+05:30,954.7999877929688,964.0,950.4500122070312,959.3499755859375,959.3499755859375,9580294,0.0,0.0
2025-12-10 00:00:00+05:30,960.0999755859375,963.9500122070312,955.25,959.75,959.75,6989178,0.0,0.0
2025-12-11 00:00:00+05:30,962.0999755859375,966.5,958.4500122070312,963.25,963.25,5979035,0.0,0.0
2025-12-12 00:00:00+05:30,966.0,967.0,958.0,963.1500244140625,963.1500244140625,5681930,0.0,0.0
2025-12-15 00:00:00+05:30,957.25,968.8499755859375,957.25,967.25,967.25,4416952,0.0,0.0
2025-12-16 00:00:00+05:30,966.0499877929688,969.0,958.0499877929688,961.1500244140625,961.1500244140625,4764786,0.0,0.0
2025-12-17 00:00:00+05:30,965.5499877929688,978.5,964.2999877929688,975.8499755859375,975.8499755859375,8013382,0.0,0.0
2025-12-18 00:00:00+05:30,977.9000244140625,981.4500122070312,973.5,977.5499877929688,977.5499877929688,4926879,0.0,0.0
2025-12-19 00:00:00+05:30,979.9500122070312,982.0,977.0499877929688,980.2999877929688,980.2999877929688,5376584,0.0,0.0
2025-12-22 00:00:00+05:30,981.0999755859375,983.0,972.5499877929688,974.2999877929688,974.2999877929688,5959037,0.0,0.0
2025-12-23 00:00:00+05:30,976.2999877929688,977.5499877929688,970.7000122070312,971.9000244140625,971.9000244140625,5123287,0.0,0.0
2025-12-24 00:00:00+05:30,973.2000122070312,977.2999877929688,967.5,968.9500122070312,968.9500122070312,4105643,0.0,0.0
2025-12-25 00:00:00+05:30,968.9500122070312,968.9500122070312,968.9500122070312,968.9500122070312,968.9500122070312,0,0.0,0.0
2025-12-26 00:00:00+05:30,968.9500122070312,971.0,964.75,966.2999877929688,966.2999877929688,3286321,0.0,0.0
2025-12-29 00:00:00+05:30,966.9000244140625,968.9000244140625,961.4500122070312,965.0499877929688,965.0499877929688,5267233,0.0,0.0
2025-12-30 00:00:00+05:30,963.0,976.2000122070312,959.5,973.4500122070312,973.4500122070312,15030644,0.0,0.0
2025-12-31 00:00:00+05:30,975.25,985.6500244140625,973.5,982.2000122070312,982.2000122070312,5807630,0.0,0.0
2026-01-01 00:00:00+05:30,983.2000122070312,987.6500244140625,980.3499755859375,984.75,984.75,4328348,0.0,0.0
2026-01-02 00:00:00+05:30,984.5,1009.5,983.9500122070312,998.9500122070312,998.9500122070312,7357435,0.0,0.0
2026-01-05 00:00:00+05:30,1000.0,1015.5,1000.0,1005.5499877929688,1005.5499877929688,11259060,0.0,0.0
2026-01-06 00:00:00+05:30,1007.9500122070312,1024.0,1004.9500122070312,1018.9000244140625,1018.9000244140625,9575742,0.0,0.0
2026-01-07 00:00:00+05:30,1022.7000122070312,1022.7000122070312,1004.0,1007.1500244140625,1007.1500244140625,7896720,0.0,0.0
2026-01-08 00:00:00+05:30,1006.5999755859375,1011.5999755859375,995.8499755859375,998.0,998.0,6854268,0.0,0.0
2026-01-09 00:00:00+05:30,996.0,1008.0,994.0,1000.5,1000.5,7809460,0.0,0.0
2026-01-12 00:00:00+05:30,1008.0,1017.25,996.0,1015.1500244140625,1015.1500244140625,7617922,0.0,0.0
2026-01-13 00:00:00+05:30,1022.7999877929688,1029.5,1016.0,1028.449951171875,1028.449951171875,11016895,0.0,0.0
2026-01-14 00:00:00+05:30,1030.0,1030.4000244140625,1020.5,1028.3499755859375,1028.3499755859375,7370514,0.0,0.0
2026-01-15 00:00:00+05:30,1028.3499755859375,1028.3499755859375,1028.3499755859375,1028.3499755859375,1028.3499755859375,0,0.0,0.0
2026-01-16 00:00:00+05:30,1032.0,1047.449951171875,1028.4000244140625,1042.300048828125,1042.300048828125,11051580,0.0,0.0
2026-01-19 00:00:00+05:30,1035.0,1043.5999755859375,1034.0,1038.4000244140625,1038.4000244140625,5460164,0.0,0.0
2026-01-20 00:00:00+05:30,1039.75,1052.0,1033.050048828125,1036.4000244140625,1036.4000244140625,8905718,0.0,0.0
2026-01-21 00:00:00+05:30,1032.0,1040.5999755859375,1022.0,1028.6500244140625,1028.6500244140625,7408949,0.0,0.0
2026-01-22 00:00:00+05:30,1035.0,1055.5,1034.050048828125,1048.3499755859375,1048.3499755859375,12001641,0.0,0.0
2026-01-23 00:00:00+05:30,1051.9000244140625,1053.0,1025.5999755859375,1029.5,1029.5,10917698,0.0,0.0
